run_id,city,history,horizon,station_id,seed,family,backbone,variant,d_model,e_layers,n_layers,capacity_alignment,status,best_epoch,best_valid_loss,training_seconds,test_inference_seconds,selection_split,evaluation_split,test_evaluation_count,input_channels,selected_channel_index,total_parameter_count,trainable_parameter_count,parameter_count,prediction_file,checkpoint_file,training_log_file,mse_scaled,rmse_scaled,mae_scaled,rmse_ugm3,mae_ugm3,smape_percent,learning_rate_retry,retry_reason,failure_reason
beijing_24h_1h_station1013_seed2047_informer_d8_e1,beijing,24,1,1013,2047,informer,informer_d8_e1,informer_d8_e1,8,1.0,,matched,completed,38.0,0.1615616679191589,8.961442461994011,0.011798159990576,valid,test,1,1,9.0,1609.0,1609.0,1609.0,predictions/beijing_24h_1h_station1013_seed2047_informer_d8_e1.npz,checkpoints/beijing_24h_1h_station1013_seed2047_informer_d8_e1.pt,training_logs/beijing_24h_1h_station1013_seed2047_informer_d8_e1.csv,0.0892020091414451,0.2986670539939837,0.1602236181497573,22.25658416748047,11.939818382263184,20.02092933654785,False,,
beijing_24h_1h_station1013_seed2047_informer_d12_e2,beijing,24,1,1013,2047,informer,informer_d12_e2,informer_d12_e2,12,2.0,,matched,completed,39.0,0.1438968330621719,9.69675910299702,0.0167007039999589,valid,test,1,1,9.0,5125.0,5125.0,5125.0,predictions/beijing_24h_1h_station1013_seed2047_informer_d12_e2.npz,checkpoints/beijing_24h_1h_station1013_seed2047_informer_d12_e2.pt,training_logs/beijing_24h_1h_station1013_seed2047_informer_d12_e2.csv,0.0815577208995819,0.2855831243256189,0.1458856910467147,21.28157424926757,10.871359825134276,17.686199188232422,False,,
beijing_24h_1h_station1013_seed2047_informer_d16_e1,beijing,24,1,1013,2047,informer,informer_d16_e1,informer_d16_e1,16,1.0,,matched,completed,39.0,0.1304821372032165,7.534883001993876,0.011859562000609,valid,test,1,1,9.0,5777.0,5777.0,5777.0,predictions/beijing_24h_1h_station1013_seed2047_informer_d16_e1.npz,checkpoints/beijing_24h_1h_station1013_seed2047_informer_d16_e1.pt,training_logs/beijing_24h_1h_station1013_seed2047_informer_d16_e1.csv,0.078677125275135,0.2804944300251523,0.1469706147909164,20.90236473083496,10.952208518981934,19.0632381439209,False,,
beijing_24h_1h_station1013_seed2047_informer_d32_e1,beijing,24,1,1013,2047,informer,informer_d32_e1,informer_d32_e1,32,1.0,,matched,completed,16.0,0.1542088240385055,4.9610807330027455,0.0903135319967987,valid,test,1,1,9.0,21793.0,21793.0,21793.0,predictions/beijing_24h_1h_station1013_seed2047_informer_d32_e1.npz,checkpoints/beijing_24h_1h_station1013_seed2047_informer_d32_e1.pt,training_logs/beijing_24h_1h_station1013_seed2047_informer_d32_e1.csv,0.0872090458869934,0.2953117774268297,0.1497727632522583,22.006547927856445,11.161023139953612,17.183122634887695,False,,
beijing_24h_1h_station1013_seed2047_tst_d8_n1,beijing,24,1,1013,2047,tst,tst_d8_n1,tst_d8_n1,8,,1.0,non_aligned_as_is,completed,26.0,0.115923210978508,2.7592275789938867,0.0030520930013153,valid,test,1,1,9.0,969.0,969.0,969.0,predictions/beijing_24h_1h_station1013_seed2047_tst_d8_n1.npz,checkpoints/beijing_24h_1h_station1013_seed2047_tst_d8_n1.pt,training_logs/beijing_24h_1h_station1013_seed2047_tst_d8_n1.csv,0.0887652933597564,0.2979350488944804,0.1587577611207962,22.2020320892334,11.830584526062012,21.01878929138184,False,,
beijing_24h_1h_station1013_seed2047_tst_d12_n1,beijing,24,1,1013,2047,tst,tst_d12_n1,tst_d12_n1,12,,1.0,non_aligned_as_is,completed,17.0,0.1228975355625152,2.0585167390090646,0.0031786109902895,valid,test,1,1,9.0,1837.0,1837.0,1837.0,predictions/beijing_24h_1h_station1013_seed2047_tst_d12_n1.npz,checkpoints/beijing_24h_1h_station1013_seed2047_tst_d12_n1.pt,training_logs/beijing_24h_1h_station1013_seed2047_tst_d12_n1.csv,0.0928466767072677,0.3047075265024935,0.1676027178764343,22.70671844482422,12.489706039428713,23.082714080810547,False,,
beijing_24h_1h_station1013_seed2047_tst_d24_n1,beijing,24,1,1013,2047,tst,tst_d24_n1,tst_d24_n1,24,,1.0,non_aligned_as_is,completed,24.0,0.1073974519968032,2.681991630990524,0.0031228519947035,valid,test,1,1,9.0,5977.0,5977.0,5977.0,predictions/beijing_24h_1h_station1013_seed2047_tst_d24_n1.npz,checkpoints/beijing_24h_1h_station1013_seed2047_tst_d24_n1.pt,training_logs/beijing_24h_1h_station1013_seed2047_tst_d24_n1.csv,0.0858643651008606,0.2930262191355248,0.1449580639600753,21.836231231689453,10.802233695983888,18.30684280395508,False,,
beijing_24h_1h_station1013_seed2048_informer_d8_e1,beijing,24,1,1013,2048,informer,informer_d8_e1,informer_d8_e1,8,1.0,,matched,completed,39.0,0.1596536040306091,7.508686026005307,0.010682211999665,valid,test,1,1,9.0,1609.0,1609.0,1609.0,predictions/beijing_24h_1h_station1013_seed2048_informer_d8_e1.npz,checkpoints/beijing_24h_1h_station1013_seed2048_informer_d8_e1.pt,training_logs/beijing_24h_1h_station1013_seed2048_informer_d8_e1.csv,0.083398051559925,0.2887872080960739,0.1488127261400222,21.520339965820312,11.089481353759766,17.676218032836914,False,,
beijing_24h_1h_station1013_seed2048_informer_d12_e2,beijing,24,1,1013,2048,informer,informer_d12_e2,informer_d12_e2,12,2.0,,matched,completed,40.0,0.1308601796627044,9.702623270000911,0.0153034749964717,valid,test,1,1,9.0,5125.0,5125.0,5125.0,predictions/beijing_24h_1h_station1013_seed2048_informer_d12_e2.npz,checkpoints/beijing_24h_1h_station1013_seed2048_informer_d12_e2.pt,training_logs/beijing_24h_1h_station1013_seed2048_informer_d12_e2.csv,0.0774664431810379,0.2783279417899645,0.1443641930818557,20.74092102050781,10.757977485656738,18.18399238586425,False,,
beijing_24h_1h_station1013_seed2048_informer_d16_e1,beijing,24,1,1013,2048,informer,informer_d16_e1,informer_d16_e1,16,1.0,,matched,completed,40.0,0.1461345702409744,7.551798742992105,0.0108542829984799,valid,test,1,1,9.0,5777.0,5777.0,5777.0,predictions/beijing_24h_1h_station1013_seed2048_informer_d16_e1.npz,checkpoints/beijing_24h_1h_station1013_seed2048_informer_d16_e1.pt,training_logs/beijing_24h_1h_station1013_seed2048_informer_d16_e1.csv,0.0830169767141342,0.2881266678288114,0.1499156802892685,21.47111701965332,11.171673774719238,18.387357711791992,False,,
beijing_24h_1h_station1013_seed2048_informer_d32_e1,beijing,24,1,1013,2048,informer,informer_d32_e1,informer_d32_e1,32,1.0,,matched,completed,39.0,0.1423952430486679,8.200121336994926,0.0127873489982448,valid,test,1,1,9.0,21793.0,21793.0,21793.0,predictions/beijing_24h_1h_station1013_seed2048_informer_d32_e1.npz,checkpoints/beijing_24h_1h_station1013_seed2048_informer_d32_e1.pt,training_logs/beijing_24h_1h_station1013_seed2048_informer_d32_e1.csv,0.0789160653948783,0.2809200338083391,0.1431366801261901,20.934080123901367,10.666504859924316,17.228416442871094,False,,
beijing_24h_1h_station1013_seed2048_tst_d8_n1,beijing,24,1,1013,2048,tst,tst_d8_n1,tst_d8_n1,8,,1.0,non_aligned_as_is,completed,27.0,0.1285836398601532,2.843901800995809,0.0030533099925378,valid,test,1,1,9.0,969.0,969.0,969.0,predictions/beijing_24h_1h_station1013_seed2048_tst_d8_n1.npz,checkpoints/beijing_24h_1h_station1013_seed2048_tst_d8_n1.pt,training_logs/beijing_24h_1h_station1013_seed2048_tst_d8_n1.csv,0.0945890471339225,0.307553324049542,0.1640472114086151,22.918785095214844,12.224750518798828,19.43111801147461,False,,
beijing_24h_1h_station1013_seed2048_tst_d12_n1,beijing,24,1,1013,2048,tst,tst_d12_n1,tst_d12_n1,12,,1.0,non_aligned_as_is,completed,19.0,0.1176667958498001,2.2613909200008493,0.0031114580051507,valid,test,1,1,9.0,1837.0,1837.0,1837.0,predictions/beijing_24h_1h_station1013_seed2048_tst_d12_n1.npz,checkpoints/beijing_24h_1h_station1013_seed2048_tst_d12_n1.pt,training_logs/beijing_24h_1h_station1013_seed2048_tst_d12_n1.csv,0.0914269462227821,0.3023688909639715,0.1609933078289032,22.53244400024414,11.997175216674805,20.957181930541992,False,,
beijing_24h_1h_station1013_seed2048_tst_d24_n1,beijing,24,1,1013,2048,tst,tst_d24_n1,tst_d24_n1,24,,1.0,non_aligned_as_is,completed,27.0,0.1082489117980003,2.961583184005576,0.0031394469988299,valid,test,1,1,9.0,5977.0,5977.0,5977.0,predictions/beijing_24h_1h_station1013_seed2048_tst_d24_n1.npz,checkpoints/beijing_24h_1h_station1013_seed2048_tst_d24_n1.pt,training_logs/beijing_24h_1h_station1013_seed2048_tst_d24_n1.csv,0.0878716707229614,0.2964315616174523,0.1519462168216705,22.089996337890625,11.322989463806152,20.888107299804688,False,,
beijing_24h_1h_station1013_seed2049_informer_d8_e1,beijing,24,1,1013,2049,informer,informer_d8_e1,informer_d8_e1,8,1.0,,matched,completed,40.0,0.1760801672935485,7.530626372987172,0.0105970900040119,valid,test,1,1,9.0,1609.0,1609.0,1609.0,predictions/beijing_24h_1h_station1013_seed2049_informer_d8_e1.npz,checkpoints/beijing_24h_1h_station1013_seed2049_informer_d8_e1.pt,training_logs/beijing_24h_1h_station1013_seed2049_informer_d8_e1.csv,0.0913307070732116,0.3022097071128121,0.161773681640625,22.520580291748047,12.05532932281494,19.91669654846192,False,,
beijing_24h_1h_station1013_seed2049_informer_d12_e2,beijing,24,1,1013,2049,informer,informer_d12_e2,informer_d12_e2,12,2.0,,matched,completed,39.0,0.1327312290668487,9.678157619011472,0.0148685620079049,valid,test,1,1,9.0,5125.0,5125.0,5125.0,predictions/beijing_24h_1h_station1013_seed2049_informer_d12_e2.npz,checkpoints/beijing_24h_1h_station1013_seed2049_informer_d12_e2.pt,training_logs/beijing_24h_1h_station1013_seed2049_informer_d12_e2.csv,0.086892083287239,0.2947746313495092,0.1508851200342178,21.96652030944824,11.24391746520996,18.876218795776367,False,,
beijing_24h_1h_station1013_seed2049_informer_d16_e1,beijing,24,1,1013,2049,informer,informer_d16_e1,informer_d16_e1,16,1.0,,matched,completed,38.0,0.143982782959938,7.512268765000044,0.010807989994646,valid,test,1,1,9.0,5777.0,5777.0,5777.0,predictions/beijing_24h_1h_station1013_seed2049_informer_d16_e1.npz,checkpoints/beijing_24h_1h_station1013_seed2049_informer_d16_e1.pt,training_logs/beijing_24h_1h_station1013_seed2049_informer_d16_e1.csv,0.0841054320335388,0.2900093654238407,0.1471562087535858,21.61141586303711,10.966039657592772,17.63994026184082,False,,
beijing_24h_1h_station1013_seed2049_informer_d32_e1,beijing,24,1,1013,2049,informer,informer_d32_e1,informer_d32_e1,32,1.0,,matched,completed,38.0,0.1373179256916046,8.242056693008635,0.0128389820019947,valid,test,1,1,9.0,21793.0,21793.0,21793.0,predictions/beijing_24h_1h_station1013_seed2049_informer_d32_e1.npz,checkpoints/beijing_24h_1h_station1013_seed2049_informer_d32_e1.pt,training_logs/beijing_24h_1h_station1013_seed2049_informer_d32_e1.csv,0.0864799842238426,0.2940747935880303,0.150384709239006,21.914369583129883,11.206624984741213,17.0197811126709,False,,
beijing_24h_1h_station1013_seed2049_tst_d8_n1,beijing,24,1,1013,2049,tst,tst_d8_n1,tst_d8_n1,8,,1.0,non_aligned_as_is,completed,39.0,0.1254680156707763,3.3162018900038674,0.0031195040064631,valid,test,1,1,9.0,969.0,969.0,969.0,predictions/beijing_24h_1h_station1013_seed2049_tst_d8_n1.npz,checkpoints/beijing_24h_1h_station1013_seed2049_tst_d8_n1.pt,training_logs/beijing_24h_1h_station1013_seed2049_tst_d8_n1.csv,0.0888618603348732,0.2980970652906083,0.1569761335849762,22.214109420776367,11.6978178024292,19.204984664916992,False,,
beijing_24h_1h_station1013_seed2049_tst_d12_n1,beijing,24,1,1013,2049,tst,tst_d12_n1,tst_d12_n1,12,,1.0,non_aligned_as_is,completed,28.0,0.1325533837080001,3.013396748996456,0.0031759019911987,valid,test,1,1,9.0,1837.0,1837.0,1837.0,predictions/beijing_24h_1h_station1013_seed2049_tst_d12_n1.npz,checkpoints/beijing_24h_1h_station1013_seed2049_tst_d12_n1.pt,training_logs/beijing_24h_1h_station1013_seed2049_tst_d12_n1.csv,0.0997776389122009,0.3158759866026553,0.1977326422929763,23.53898811340332,14.734980583190918,28.53352737426757,False,,
beijing_24h_1h_station1013_seed2049_tst_d24_n1,beijing,24,1,1013,2049,tst,tst_d24_n1,tst_d24_n1,24,,1.0,non_aligned_as_is,completed,18.0,0.1121496260166168,2.199581988999853,0.0031244630081346,valid,test,1,1,9.0,5977.0,5977.0,5977.0,predictions/beijing_24h_1h_station1013_seed2049_tst_d24_n1.npz,checkpoints/beijing_24h_1h_station1013_seed2049_tst_d24_n1.pt,training_logs/beijing_24h_1h_station1013_seed2049_tst_d24_n1.csv,0.0889518931508064,0.2982480396428557,0.1617458015680313,22.225360870361328,12.053250312805176,22.66376304626465,False,,
beijing_24h_1h_station1013_seed2050_informer_d8_e1,beijing,24,1,1013,2050,informer,informer_d8_e1,informer_d8_e1,8,1.0,,matched,completed,36.0,0.1695779860019683,7.561408049004967,0.0106892549956683,valid,test,1,1,9.0,1609.0,1609.0,1609.0,predictions/beijing_24h_1h_station1013_seed2050_informer_d8_e1.npz,checkpoints/beijing_24h_1h_station1013_seed2050_informer_d8_e1.pt,training_logs/beijing_24h_1h_station1013_seed2050_informer_d8_e1.csv,0.0830090343952179,0.2881128848129113,0.153511494398117,21.470090866088867,11.4396333694458,19.38492584228516,False,,
beijing_24h_1h_station1013_seed2050_informer_d12_e2,beijing,24,1,1013,2050,informer,informer_d12_e2,informer_d12_e2,12,2.0,,matched,completed,40.0,0.1377569288015365,9.76294827599486,0.0151104300020961,valid,test,1,1,9.0,5125.0,5125.0,5125.0,predictions/beijing_24h_1h_station1013_seed2050_informer_d12_e2.npz,checkpoints/beijing_24h_1h_station1013_seed2050_informer_d12_e2.pt,training_logs/beijing_24h_1h_station1013_seed2050_informer_d12_e2.csv,0.0797473117709159,0.2823956652835095,0.1420636922121048,21.044044494628903,10.58654499053955,16.834386825561523,False,,
beijing_24h_1h_station1013_seed2050_informer_d16_e1,beijing,24,1,1013,2050,informer,informer_d16_e1,informer_d16_e1,16,1.0,,matched,completed,40.0,0.1402382403612136,7.638350081993849,0.0109193259995663,valid,test,1,1,9.0,5777.0,5777.0,5777.0,predictions/beijing_24h_1h_station1013_seed2050_informer_d16_e1.npz,checkpoints/beijing_24h_1h_station1013_seed2050_informer_d16_e1.pt,training_logs/beijing_24h_1h_station1013_seed2050_informer_d16_e1.csv,0.0807163193821907,0.2841061762478787,0.1442051827907562,21.17151260375977,10.74612808227539,16.795398712158203,False,,
beijing_24h_1h_station1013_seed2050_informer_d32_e1,beijing,24,1,1013,2050,informer,informer_d32_e1,informer_d32_e1,32,1.0,,matched,completed,40.0,0.128322347998619,8.213023168005748,0.0128035779925994,valid,test,1,1,9.0,21793.0,21793.0,21793.0,predictions/beijing_24h_1h_station1013_seed2050_informer_d32_e1.npz,checkpoints/beijing_24h_1h_station1013_seed2050_informer_d32_e1.pt,training_logs/beijing_24h_1h_station1013_seed2050_informer_d32_e1.csv,0.0797576755285263,0.2824140143982346,0.1414074450731277,21.04541206359864,10.537642478942873,16.596223831176758,False,,
beijing_24h_1h_station1013_seed2050_tst_d8_n1,beijing,24,1,1013,2050,tst,tst_d8_n1,tst_d8_n1,8,,1.0,non_aligned_as_is,completed,36.0,0.1273999065160751,3.2582392229960533,0.0030606310028815,valid,test,1,1,9.0,969.0,969.0,969.0,predictions/beijing_24h_1h_station1013_seed2050_tst_d8_n1.npz,checkpoints/beijing_24h_1h_station1013_seed2050_tst_d8_n1.pt,training_logs/beijing_24h_1h_station1013_seed2050_tst_d8_n1.csv,0.0976590812206268,0.3125045299201706,0.1965913474559784,23.287748336791992,14.649932861328123,29.533143997192383,False,,
beijing_24h_1h_station1013_seed2050_tst_d12_n1,beijing,24,1,1013,2050,tst,tst_d12_n1,tst_d12_n1,12,,1.0,non_aligned_as_is,completed,28.0,0.1173980012536048,2.9993916819948936,0.0030683410004712,valid,test,1,1,9.0,1837.0,1837.0,1837.0,predictions/beijing_24h_1h_station1013_seed2050_tst_d12_n1.npz,checkpoints/beijing_24h_1h_station1013_seed2050_tst_d12_n1.pt,training_logs/beijing_24h_1h_station1013_seed2050_tst_d12_n1.csv,0.0881844535470008,0.2969586731297823,0.1566785871982574,22.12927627563477,11.675644874572754,19.485271453857425,False,,
beijing_24h_1h_station1013_seed2050_tst_d24_n1,beijing,24,1,1013,2050,tst,tst_d24_n1,tst_d24_n1,24,,1.0,non_aligned_as_is,completed,19.0,0.1164671033620834,2.277942308995989,0.0031399489962495,valid,test,1,1,9.0,5977.0,5977.0,5977.0,predictions/beijing_24h_1h_station1013_seed2050_tst_d24_n1.npz,checkpoints/beijing_24h_1h_station1013_seed2050_tst_d24_n1.pt,training_logs/beijing_24h_1h_station1013_seed2050_tst_d24_n1.csv,0.0929388999938964,0.3048588197738364,0.1643602102994918,22.717992782592773,12.248075485229492,18.87106132507324,False,,
beijing_24h_1h_station1013_seed2051_informer_d8_e1,beijing,24,1,1013,2051,informer,informer_d8_e1,informer_d8_e1,8,1.0,,matched,completed,40.0,0.1766693294048309,7.565674769997713,0.0107659509958466,valid,test,1,1,9.0,1609.0,1609.0,1609.0,predictions/beijing_24h_1h_station1013_seed2051_informer_d8_e1.npz,checkpoints/beijing_24h_1h_station1013_seed2051_informer_d8_e1.pt,training_logs/beijing_24h_1h_station1013_seed2051_informer_d8_e1.csv,0.0873387232422828,0.2955312559481363,0.1605794429779052,22.022905349731445,11.966334342956545,20.34453010559082,False,,
beijing_24h_1h_station1013_seed2051_informer_d12_e2,beijing,24,1,1013,2051,informer,informer_d12_e2,informer_d12_e2,12,2.0,,matched,completed,38.0,0.1585355252027511,9.772780519007938,0.0150623850058764,valid,test,1,1,9.0,5125.0,5125.0,5125.0,predictions/beijing_24h_1h_station1013_seed2051_informer_d12_e2.npz,checkpoints/beijing_24h_1h_station1013_seed2051_informer_d12_e2.pt,training_logs/beijing_24h_1h_station1013_seed2051_informer_d12_e2.csv,0.0823317095637321,0.2869350267285821,0.1455851942300796,21.38231658935547,10.848965644836426,16.91012954711914,False,,
beijing_24h_1h_station1013_seed2051_informer_d16_e1,beijing,24,1,1013,2051,informer,informer_d16_e1,informer_d16_e1,16,1.0,,matched,completed,37.0,0.1327132582664489,7.55368307599565,0.0109269429958658,valid,test,1,1,9.0,5777.0,5777.0,5777.0,predictions/beijing_24h_1h_station1013_seed2051_informer_d16_e1.npz,checkpoints/beijing_24h_1h_station1013_seed2051_informer_d16_e1.pt,training_logs/beijing_24h_1h_station1013_seed2051_informer_d16_e1.csv,0.0777419432997703,0.2788224225197291,0.1440674066543579,20.777767181396484,10.73586368560791,17.53788948059082,False,,
beijing_24h_1h_station1013_seed2051_informer_d32_e1,beijing,24,1,1013,2051,informer,informer_d32_e1,informer_d32_e1,32,1.0,,matched,completed,39.0,0.1313756704330444,8.23718385999382,0.0128185229987138,valid,test,1,1,9.0,21793.0,21793.0,21793.0,predictions/beijing_24h_1h_station1013_seed2051_informer_d32_e1.npz,checkpoints/beijing_24h_1h_station1013_seed2051_informer_d32_e1.pt,training_logs/beijing_24h_1h_station1013_seed2051_informer_d32_e1.csv,0.0805619359016418,0.2838343458809061,0.1444135457277298,21.151256561279297,10.761655807495115,16.87115478515625,False,,
beijing_24h_1h_station1013_seed2051_tst_d8_n1,beijing,24,1,1013,2051,tst,tst_d8_n1,tst_d8_n1,8,,1.0,non_aligned_as_is,completed,38.0,0.1236075088381767,3.276458933003596,0.0030655980081064,valid,test,1,1,9.0,969.0,969.0,969.0,predictions/beijing_24h_1h_station1013_seed2051_tst_d8_n1.npz,checkpoints/beijing_24h_1h_station1013_seed2051_tst_d8_n1.pt,training_logs/beijing_24h_1h_station1013_seed2051_tst_d8_n1.csv,0.0905006900429725,0.3008333260178675,0.1650775521993637,22.418014526367188,12.301531791687012,22.56919288635254,False,,
beijing_24h_1h_station1013_seed2051_tst_d12_n1,beijing,24,1,1013,2051,tst,tst_d12_n1,tst_d12_n1,12,,1.0,non_aligned_as_is,completed,10.0,0.135867491364479,1.5140321379876696,0.0030837480007903,valid,test,1,1,9.0,1837.0,1837.0,1837.0,predictions/beijing_24h_1h_station1013_seed2051_tst_d12_n1.npz,checkpoints/beijing_24h_1h_station1013_seed2051_tst_d12_n1.pt,training_logs/beijing_24h_1h_station1013_seed2051_tst_d12_n1.csv,0.0987351462244987,0.3142214923020046,0.1722966581583023,23.41569709777832,12.839497566223145,20.17829322814941,False,,
beijing_24h_1h_station1013_seed2051_tst_d24_n1,beijing,24,1,1013,2051,tst,tst_d24_n1,tst_d24_n1,24,,1.0,non_aligned_as_is,completed,18.0,0.1112405434250831,2.2075889269908657,0.0031339270062744,valid,test,1,1,9.0,5977.0,5977.0,5977.0,predictions/beijing_24h_1h_station1013_seed2051_tst_d24_n1.npz,checkpoints/beijing_24h_1h_station1013_seed2051_tst_d24_n1.pt,training_logs/beijing_24h_1h_station1013_seed2051_tst_d24_n1.csv,0.0886033326387405,0.2976631193795102,0.1550144106149673,22.18177032470703,11.551628112792969,21.30077743530273,False,,
beijing_24h_3h_station1013_seed2047_informer_d8_e1,beijing,24,3,1013,2047,informer,informer_d8_e1,informer_d8_e1,8,1.0,,matched,completed,40.0,0.3544834554195404,9.413022628999896,0.2345889240095857,valid,test,1,1,9.0,1609.0,1609.0,1609.0,predictions/beijing_24h_3h_station1013_seed2047_informer_d8_e1.npz,checkpoints/beijing_24h_3h_station1013_seed2047_informer_d8_e1.pt,training_logs/beijing_24h_3h_station1013_seed2047_informer_d8_e1.csv,0.2015376836061477,0.4489294862293496,0.2718308568000793,33.454097747802734,20.25675773620605,31.245868682861328,False,,
beijing_24h_3h_station1013_seed2047_informer_d12_e2,beijing,24,3,1013,2047,informer,informer_d12_e2,informer_d12_e2,12,2.0,,matched,completed,40.0,0.313452273607254,11.871073369009537,0.3484617690119194,valid,test,1,1,9.0,5125.0,5125.0,5125.0,predictions/beijing_24h_3h_station1013_seed2047_informer_d12_e2.npz,checkpoints/beijing_24h_3h_station1013_seed2047_informer_d12_e2.pt,training_logs/beijing_24h_3h_station1013_seed2047_informer_d12_e2.csv,0.1754271984100341,0.4188403017977546,0.2467294484376907,31.21186065673828,18.386207580566406,28.939319610595703,False,,
beijing_24h_3h_station1013_seed2047_informer_d16_e1,beijing,24,3,1013,2047,informer,informer_d16_e1,informer_d16_e1,16,1.0,,matched,completed,35.0,0.3150756657123565,8.668066881000414,0.2251998970023123,valid,test,1,1,9.0,5777.0,5777.0,5777.0,predictions/beijing_24h_3h_station1013_seed2047_informer_d16_e1.npz,checkpoints/beijing_24h_3h_station1013_seed2047_informer_d16_e1.pt,training_logs/beijing_24h_3h_station1013_seed2047_informer_d16_e1.csv,0.1847431063652038,0.4298175268241209,0.2396820485591888,32.02988052368164,17.861038208007812,27.407859802246094,False,,
beijing_24h_3h_station1013_seed2047_informer_d32_e1,beijing,24,3,1013,2047,informer,informer_d32_e1,informer_d32_e1,32,1.0,,matched,completed,39.0,0.2832271456718445,9.417805806995602,0.2287612819927744,valid,test,1,1,9.0,21793.0,21793.0,21793.0,predictions/beijing_24h_3h_station1013_seed2047_informer_d32_e1.npz,checkpoints/beijing_24h_3h_station1013_seed2047_informer_d32_e1.pt,training_logs/beijing_24h_3h_station1013_seed2047_informer_d32_e1.csv,0.183861568570137,0.4287908214620936,0.2353071272373199,31.953369140625,17.535018920898438,26.536067962646484,False,,
beijing_24h_3h_station1013_seed2047_tst_d8_n1,beijing,24,3,1013,2047,tst,tst_d8_n1,tst_d8_n1,8,,1.0,non_aligned_as_is,completed,30.0,0.2785246968269348,3.693688020997797,0.0031532340071862,valid,test,1,1,9.0,1355.0,1355.0,1355.0,predictions/beijing_24h_3h_station1013_seed2047_tst_d8_n1.npz,checkpoints/beijing_24h_3h_station1013_seed2047_tst_d8_n1.pt,training_logs/beijing_24h_3h_station1013_seed2047_tst_d8_n1.csv,0.1862585395574569,0.4315768060930255,0.2486879080533981,32.160980224609375,18.532150268554688,29.32718086242676,False,,
beijing_24h_3h_station1013_seed2047_tst_d12_n1,beijing,24,3,1013,2047,tst,tst_d12_n1,tst_d12_n1,12,,1.0,non_aligned_as_is,completed,26.0,0.2759276926517486,2.848863496998092,0.0031575520115438,valid,test,1,1,9.0,2415.0,2415.0,2415.0,predictions/beijing_24h_3h_station1013_seed2047_tst_d12_n1.npz,checkpoints/beijing_24h_3h_station1013_seed2047_tst_d12_n1.pt,training_logs/beijing_24h_3h_station1013_seed2047_tst_d12_n1.csv,0.1857699900865554,0.4310104292085697,0.2571275532245636,32.1187744140625,19.16106986999512,32.00086975097656,False,,
beijing_24h_3h_station1013_seed2047_tst_d24_n1,beijing,24,3,1013,2047,tst,tst_d24_n1,tst_d24_n1,24,,1.0,non_aligned_as_is,completed,14.0,0.268572062253952,2.434043014989584,0.0031949010008247,valid,test,1,1,9.0,7131.0,7131.0,7131.0,predictions/beijing_24h_3h_station1013_seed2047_tst_d24_n1.npz,checkpoints/beijing_24h_3h_station1013_seed2047_tst_d24_n1.pt,training_logs/beijing_24h_3h_station1013_seed2047_tst_d24_n1.csv,0.1805709600448608,0.4249364188262296,0.2321354299783706,31.66614151000977,17.298664093017578,26.52623748779297,False,,
beijing_24h_3h_station1013_seed2048_informer_d8_e1,beijing,24,3,1013,2048,informer,informer_d8_e1,informer_d8_e1,8,1.0,,matched,completed,40.0,0.3196898996829986,7.719225284992717,0.0108046870009275,valid,test,1,1,9.0,1609.0,1609.0,1609.0,predictions/beijing_24h_3h_station1013_seed2048_informer_d8_e1.npz,checkpoints/beijing_24h_3h_station1013_seed2048_informer_d8_e1.pt,training_logs/beijing_24h_3h_station1013_seed2048_informer_d8_e1.csv,0.183547705411911,0.4284246788082019,0.2451499104499817,31.926084518432617,18.26850128173828,28.6701889038086,False,,
beijing_24h_3h_station1013_seed2048_informer_d12_e2,beijing,24,3,1013,2048,informer,informer_d12_e2,informer_d12_e2,12,2.0,,matched,completed,37.0,0.2971721589565277,9.9139706309943,0.0152158690034411,valid,test,1,1,9.0,5125.0,5125.0,5125.0,predictions/beijing_24h_3h_station1013_seed2048_informer_d12_e2.npz,checkpoints/beijing_24h_3h_station1013_seed2048_informer_d12_e2.pt,training_logs/beijing_24h_3h_station1013_seed2048_informer_d12_e2.csv,0.1900842487812042,0.4359865236233847,0.239002451300621,32.489593505859375,17.810394287109375,26.796430587768555,False,,
beijing_24h_3h_station1013_seed2048_informer_d16_e1,beijing,24,3,1013,2048,informer,informer_d16_e1,informer_d16_e1,16,1.0,,matched,completed,38.0,0.3328869640827179,7.794939619998331,0.0112092939962167,valid,test,1,1,9.0,5777.0,5777.0,5777.0,predictions/beijing_24h_3h_station1013_seed2048_informer_d16_e1.npz,checkpoints/beijing_24h_3h_station1013_seed2048_informer_d16_e1.pt,training_logs/beijing_24h_3h_station1013_seed2048_informer_d16_e1.csv,0.1984556764364242,0.4454836432871854,0.2489069402217865,33.19731521606445,18.548473358154297,28.370534896850582,False,,
beijing_24h_3h_station1013_seed2048_informer_d32_e1,beijing,24,3,1013,2048,informer,informer_d32_e1,informer_d32_e1,32,1.0,,matched,completed,37.0,0.2786862552165985,8.507095088003553,0.0132564880041172,valid,test,1,1,9.0,21793.0,21793.0,21793.0,predictions/beijing_24h_3h_station1013_seed2048_informer_d32_e1.npz,checkpoints/beijing_24h_3h_station1013_seed2048_informer_d32_e1.pt,training_logs/beijing_24h_3h_station1013_seed2048_informer_d32_e1.csv,0.201681911945343,0.4490900933502575,0.2449051141738891,33.466064453125,18.250259399414062,27.058216094970703,False,,
beijing_24h_3h_station1013_seed2048_tst_d8_n1,beijing,24,3,1013,2048,tst,tst_d8_n1,tst_d8_n1,8,,1.0,non_aligned_as_is,completed,24.0,0.2901092767715454,2.629460192998522,0.0030580119928345,valid,test,1,1,9.0,1355.0,1355.0,1355.0,predictions/beijing_24h_3h_station1013_seed2048_tst_d8_n1.npz,checkpoints/beijing_24h_3h_station1013_seed2048_tst_d8_n1.pt,training_logs/beijing_24h_3h_station1013_seed2048_tst_d8_n1.csv,0.1911432594060897,0.4371993360082901,0.2471043914556503,32.57997131347656,18.41415023803711,26.47092628479004,False,,
beijing_24h_3h_station1013_seed2048_tst_d12_n1,beijing,24,3,1013,2048,tst,tst_d12_n1,tst_d12_n1,12,,1.0,non_aligned_as_is,completed,24.0,0.2716597616672516,2.680169672006741,0.003111710990197,valid,test,1,1,9.0,2415.0,2415.0,2415.0,predictions/beijing_24h_3h_station1013_seed2048_tst_d12_n1.npz,checkpoints/beijing_24h_3h_station1013_seed2048_tst_d12_n1.pt,training_logs/beijing_24h_3h_station1013_seed2048_tst_d12_n1.csv,0.1850069761276245,0.4301243728593213,0.2456137388944625,32.0527458190918,18.30306434631348,29.175138473510746,False,,
beijing_24h_3h_station1013_seed2048_tst_d24_n1,beijing,24,3,1013,2048,tst,tst_d24_n1,tst_d24_n1,24,,1.0,non_aligned_as_is,completed,24.0,0.2637646496295929,2.716000843996881,0.0032693069952074,valid,test,1,1,9.0,7131.0,7131.0,7131.0,predictions/beijing_24h_3h_station1013_seed2048_tst_d24_n1.npz,checkpoints/beijing_24h_3h_station1013_seed2048_tst_d24_n1.pt,training_logs/beijing_24h_3h_station1013_seed2048_tst_d24_n1.csv,0.1778396368026733,0.4217103707554194,0.2280057519674301,31.425737380981445,16.990922927856445,25.254159927368164,False,,
beijing_24h_3h_station1013_seed2049_informer_d8_e1,beijing,24,3,1013,2049,informer,informer_d8_e1,informer_d8_e1,8,1.0,,matched,completed,40.0,0.4376821219921112,7.717641873008688,0.010955855002976,valid,test,1,1,9.0,1609.0,1609.0,1609.0,predictions/beijing_24h_3h_station1013_seed2049_informer_d8_e1.npz,checkpoints/beijing_24h_3h_station1013_seed2049_informer_d8_e1.pt,training_logs/beijing_24h_3h_station1013_seed2049_informer_d8_e1.csv,0.2477609068155288,0.4977558706992102,0.3008868396282196,37.09262466430664,22.4220027923584,33.69462585449219,False,,
beijing_24h_3h_station1013_seed2049_informer_d12_e2,beijing,24,3,1013,2049,informer,informer_d12_e2,informer_d12_e2,12,2.0,,matched,completed,40.0,0.3049845695495605,9.80394491799234,0.015379671996925,valid,test,1,1,9.0,5125.0,5125.0,5125.0,predictions/beijing_24h_3h_station1013_seed2049_informer_d12_e2.npz,checkpoints/beijing_24h_3h_station1013_seed2049_informer_d12_e2.pt,training_logs/beijing_24h_3h_station1013_seed2049_informer_d12_e2.csv,0.1776358634233474,0.4214686980350349,0.2326403558254242,31.40772819519043,17.336294174194336,26.355690002441406,False,,
beijing_24h_3h_station1013_seed2049_informer_d16_e1,beijing,24,3,1013,2049,informer,informer_d16_e1,informer_d16_e1,16,1.0,,matched,completed,38.0,0.3117352426052093,7.75350702200376,0.0110794579959474,valid,test,1,1,9.0,5777.0,5777.0,5777.0,predictions/beijing_24h_3h_station1013_seed2049_informer_d16_e1.npz,checkpoints/beijing_24h_3h_station1013_seed2049_informer_d16_e1.pt,training_logs/beijing_24h_3h_station1013_seed2049_informer_d16_e1.csv,0.2093877792358398,0.457589094314801,0.2554812729358673,34.09940719604492,19.038393020629883,28.604736328125,False,,
beijing_24h_3h_station1013_seed2049_informer_d32_e1,beijing,24,3,1013,2049,informer,informer_d32_e1,informer_d32_e1,32,1.0,,matched,completed,27.0,0.2938516736030578,7.441743477000273,0.0132999750057933,valid,test,1,1,9.0,21793.0,21793.0,21793.0,predictions/beijing_24h_3h_station1013_seed2049_informer_d32_e1.npz,checkpoints/beijing_24h_3h_station1013_seed2049_informer_d32_e1.pt,training_logs/beijing_24h_3h_station1013_seed2049_informer_d32_e1.csv,0.2278006672859192,0.4772846815957109,0.269926518201828,35.56711959838867,20.11484909057617,30.45254898071289,False,,
beijing_24h_3h_station1013_seed2049_tst_d8_n1,beijing,24,3,1013,2049,tst,tst_d8_n1,tst_d8_n1,8,,1.0,non_aligned_as_is,completed,33.0,0.2858630120754242,3.314204087000689,0.0033206639927811,valid,test,1,1,9.0,1355.0,1355.0,1355.0,predictions/beijing_24h_3h_station1013_seed2049_tst_d8_n1.npz,checkpoints/beijing_24h_3h_station1013_seed2049_tst_d8_n1.pt,training_logs/beijing_24h_3h_station1013_seed2049_tst_d8_n1.csv,0.1831013411283493,0.4279034250018914,0.2471089512109756,31.88724136352539,18.41448974609375,28.650161743164062,False,,
beijing_24h_3h_station1013_seed2049_tst_d12_n1,beijing,24,3,1013,2049,tst,tst_d12_n1,tst_d12_n1,12,,1.0,non_aligned_as_is,completed,16.0,0.2899216115474701,2.055049799004337,0.0030723700037924,valid,test,1,1,9.0,2415.0,2415.0,2415.0,predictions/beijing_24h_3h_station1013_seed2049_tst_d12_n1.npz,checkpoints/beijing_24h_3h_station1013_seed2049_tst_d12_n1.pt,training_logs/beijing_24h_3h_station1013_seed2049_tst_d12_n1.csv,0.1877245008945465,0.4332718556455595,0.2648634016513824,32.28729248046875,19.737546920776367,32.98580551147461,False,,
beijing_24h_3h_station1013_seed2049_tst_d24_n1,beijing,24,3,1013,2049,tst,tst_d24_n1,tst_d24_n1,24,,1.0,non_aligned_as_is,completed,29.0,0.2734443545341491,3.136114193999674,0.0031345579918706,valid,test,1,1,9.0,7131.0,7131.0,7131.0,predictions/beijing_24h_3h_station1013_seed2049_tst_d24_n1.npz,checkpoints/beijing_24h_3h_station1013_seed2049_tst_d24_n1.pt,training_logs/beijing_24h_3h_station1013_seed2049_tst_d24_n1.csv,0.1903229653835296,0.4362602037586395,0.2645770609378814,32.509986877441406,19.716209411621094,34.430870056152344,False,,
beijing_24h_6h_station1013_seed2047_informer_d8_e1,beijing,24,6,1013,2047,informer,informer_d8_e1,informer_d8_e1,8,1.0,,matched,completed,39.0,0.5638828277587891,8.867889347995515,0.123200338013703,valid,test,1,1,9.0,1609.0,1609.0,1609.0,predictions/beijing_24h_6h_station1013_seed2047_informer_d8_e1.npz,checkpoints/beijing_24h_6h_station1013_seed2047_informer_d8_e1.pt,training_logs/beijing_24h_6h_station1013_seed2047_informer_d8_e1.csv,0.3072789907455444,0.5543275121672606,0.3365170657634735,41.30511474609375,25.07520294189453,35.75901412963867,False,,
beijing_24h_6h_station1013_seed2047_informer_d12_e2,beijing,24,6,1013,2047,informer,informer_d12_e2,informer_d12_e2,12,2.0,,matched,completed,32.0,0.5212718844413757,11.966838134001591,0.1297279079881264,valid,test,1,1,9.0,5125.0,5125.0,5125.0,predictions/beijing_24h_6h_station1013_seed2047_informer_d12_e2.npz,checkpoints/beijing_24h_6h_station1013_seed2047_informer_d12_e2.pt,training_logs/beijing_24h_6h_station1013_seed2047_informer_d12_e2.csv,0.2916131317615509,0.5400121589015852,0.3256891965866089,40.23842239379883,24.26837921142578,34.506736755371094,False,,
beijing_24h_6h_station1013_seed2047_informer_d16_e1,beijing,24,6,1013,2047,informer,informer_d16_e1,informer_d16_e1,16,1.0,,matched,completed,36.0,0.5326272249221802,8.880311864006217,0.1209088350005913,valid,test,1,1,9.0,5777.0,5777.0,5777.0,predictions/beijing_24h_6h_station1013_seed2047_informer_d16_e1.npz,checkpoints/beijing_24h_6h_station1013_seed2047_informer_d16_e1.pt,training_logs/beijing_24h_6h_station1013_seed2047_informer_d16_e1.csv,0.3140463531017303,0.5603983878471906,0.3392772078514099,41.75748062133789,25.280874252319336,36.13938522338867,False,,
beijing_24h_6h_station1013_seed2047_informer_d32_e1,beijing,24,6,1013,2047,informer,informer_d32_e1,informer_d32_e1,32,1.0,,matched,completed,19.0,0.5440198183059692,6.824414339993382,0.1228230950073339,valid,test,1,1,9.0,21793.0,21793.0,21793.0,predictions/beijing_24h_6h_station1013_seed2047_informer_d32_e1.npz,checkpoints/beijing_24h_6h_station1013_seed2047_informer_d32_e1.pt,training_logs/beijing_24h_6h_station1013_seed2047_informer_d32_e1.csv,0.3196106553077698,0.5653411848678369,0.3388323783874511,42.12578582763672,25.24772834777832,37.07174682617188,False,,
beijing_24h_6h_station1013_seed2047_tst_d8_n1,beijing,24,6,1013,2047,tst,tst_d8_n1,tst_d8_n1,8,,1.0,non_aligned_as_is,completed,29.0,0.4929151535034179,3.592923162999796,0.0031046660005813,valid,test,1,1,9.0,1934.0,1934.0,1934.0,predictions/beijing_24h_6h_station1013_seed2047_tst_d8_n1.npz,checkpoints/beijing_24h_6h_station1013_seed2047_tst_d8_n1.pt,training_logs/beijing_24h_6h_station1013_seed2047_tst_d8_n1.csv,0.3021723628044128,0.549702067309568,0.3373974859714508,40.96045303344727,25.14080619812012,37.44304275512695,False,,
beijing_24h_6h_station1013_seed2047_tst_d12_n1,beijing,24,6,1013,2047,tst,tst_d12_n1,tst_d12_n1,12,,1.0,non_aligned_as_is,completed,23.0,0.4771920442581177,2.59899837699777,0.0030848769965814,valid,test,1,1,9.0,3282.0,3282.0,3282.0,predictions/beijing_24h_6h_station1013_seed2047_tst_d12_n1.npz,checkpoints/beijing_24h_6h_station1013_seed2047_tst_d12_n1.pt,training_logs/beijing_24h_6h_station1013_seed2047_tst_d12_n1.csv,0.2945618629455566,0.542735536836825,0.3362684845924377,40.441349029541016,25.05668067932129,38.10346221923828,False,,
beijing_24h_6h_station1013_seed2047_tst_d24_n1,beijing,24,6,1013,2047,tst,tst_d24_n1,tst_d24_n1,24,,1.0,non_aligned_as_is,completed,12.0,0.4802555441856384,2.2595269739977084,0.0031533540022792,valid,test,1,1,9.0,8862.0,8862.0,8862.0,predictions/beijing_24h_6h_station1013_seed2047_tst_d24_n1.npz,checkpoints/beijing_24h_6h_station1013_seed2047_tst_d24_n1.pt,training_logs/beijing_24h_6h_station1013_seed2047_tst_d24_n1.csv,0.3098735213279724,0.5566628434950301,0.3297913670539856,41.479129791259766,24.57404327392578,36.461875915527344,False,,
beijing_24h_6h_station1013_seed2048_informer_d8_e1,beijing,24,6,1013,2048,informer,informer_d8_e1,informer_d8_e1,8,1.0,,matched,completed,40.0,0.5283128619194031,7.970264971998404,0.0115376120083965,valid,test,1,1,9.0,1609.0,1609.0,1609.0,predictions/beijing_24h_6h_station1013_seed2048_informer_d8_e1.npz,checkpoints/beijing_24h_6h_station1013_seed2048_informer_d8_e1.pt,training_logs/beijing_24h_6h_station1013_seed2048_informer_d8_e1.csv,0.3009105026721954,0.5485530992275911,0.3297109305858612,40.87484359741211,24.56805229187012,36.15222930908203,False,,
beijing_24h_6h_station1013_seed2048_informer_d12_e2,beijing,24,6,1013,2048,informer,informer_d12_e2,informer_d12_e2,12,2.0,,matched,completed,34.0,0.509149432182312,10.042026422001072,0.0151388829981442,valid,test,1,1,9.0,5125.0,5125.0,5125.0,predictions/beijing_24h_6h_station1013_seed2048_informer_d12_e2.npz,checkpoints/beijing_24h_6h_station1013_seed2048_informer_d12_e2.pt,training_logs/beijing_24h_6h_station1013_seed2048_informer_d12_e2.csv,0.3174349963665008,0.5634136991292463,0.3316536545753479,41.98215866088867,24.71281242370605,34.27459716796875,False,,
beijing_24h_6h_station1013_seed2048_informer_d16_e1,beijing,24,6,1013,2048,informer,informer_d16_e1,informer_d16_e1,16,1.0,,matched,completed,21.0,0.5681864619255066,5.882754043996101,0.0116746269923169,valid,test,1,1,9.0,5777.0,5777.0,5777.0,predictions/beijing_24h_6h_station1013_seed2048_informer_d16_e1.npz,checkpoints/beijing_24h_6h_station1013_seed2048_informer_d16_e1.pt,training_logs/beijing_24h_6h_station1013_seed2048_informer_d16_e1.csv,0.3349577188491821,0.5787553186357618,0.3692270219326019,43.12532806396485,27.512550354003903,39.52410888671875,False,,
beijing_24h_6h_station1013_seed2048_informer_d32_e1,beijing,24,6,1013,2048,informer,informer_d32_e1,informer_d32_e1,32,1.0,,matched,completed,29.0,0.5300115346908569,8.246556910002255,0.0138565020024543,valid,test,1,1,9.0,21793.0,21793.0,21793.0,predictions/beijing_24h_6h_station1013_seed2048_informer_d32_e1.npz,checkpoints/beijing_24h_6h_station1013_seed2048_informer_d32_e1.pt,training_logs/beijing_24h_6h_station1013_seed2048_informer_d32_e1.csv,0.3024165034294128,0.5499240887880916,0.3291665315628052,40.97699737548828,24.52748680114746,36.03424835205078,False,,
beijing_24h_6h_station1013_seed2048_tst_d8_n1,beijing,24,6,1013,2048,tst,tst_d8_n1,tst_d8_n1,8,,1.0,non_aligned_as_is,completed,18.0,0.5098887085914612,2.1522473889926914,0.0030464459996437,valid,test,1,1,9.0,1934.0,1934.0,1934.0,predictions/beijing_24h_6h_station1013_seed2048_tst_d8_n1.npz,checkpoints/beijing_24h_6h_station1013_seed2048_tst_d8_n1.pt,training_logs/beijing_24h_6h_station1013_seed2048_tst_d8_n1.csv,0.3025832176208496,0.5500756471803215,0.3339617252349853,40.98828887939453,24.88479423522949,35.471580505371094,False,,
beijing_24h_6h_station1013_seed2048_tst_d12_n1,beijing,24,6,1013,2048,tst,tst_d12_n1,tst_d12_n1,12,,1.0,non_aligned_as_is,completed,18.0,0.486098051071167,2.178831070996239,0.0030767449934501,valid,test,1,1,9.0,3282.0,3282.0,3282.0,predictions/beijing_24h_6h_station1013_seed2048_tst_d12_n1.npz,checkpoints/beijing_24h_6h_station1013_seed2048_tst_d12_n1.pt,training_logs/beijing_24h_6h_station1013_seed2048_tst_d12_n1.csv,0.2964476644992828,0.5444700767712426,0.3372646868228912,40.570594787597656,25.13091468811035,37.43365859985352,False,,
beijing_24h_6h_station1013_seed2048_tst_d24_n1,beijing,24,6,1013,2048,tst,tst_d24_n1,tst_d24_n1,24,,1.0,non_aligned_as_is,completed,18.0,0.4843465089797973,2.2173675390076824,0.0031228529987856,valid,test,1,1,9.0,8862.0,8862.0,8862.0,predictions/beijing_24h_6h_station1013_seed2048_tst_d24_n1.npz,checkpoints/beijing_24h_6h_station1013_seed2048_tst_d24_n1.pt,training_logs/beijing_24h_6h_station1013_seed2048_tst_d24_n1.csv,0.2975397109985351,0.5454720075297496,0.3266433477401733,40.6452522277832,24.3394718170166,35.37209701538086,False,,
beijing_24h_6h_station1013_seed2049_informer_d8_e1,beijing,24,6,1013,2049,informer,informer_d8_e1,informer_d8_e1,8,1.0,,matched,completed,37.0,0.6213728189468384,7.978756751996116,0.0111463450011797,valid,test,1,1,9.0,1609.0,1609.0,1609.0,predictions/beijing_24h_6h_station1013_seed2049_informer_d8_e1.npz,checkpoints/beijing_24h_6h_station1013_seed2049_informer_d8_e1.pt,training_logs/beijing_24h_6h_station1013_seed2049_informer_d8_e1.csv,0.358883798122406,0.5990691096379499,0.3830252289772033,44.63898468017578,28.540712356567383,41.18708801269531,False,,
beijing_24h_6h_station1013_seed2049_informer_d12_e2,beijing,24,6,1013,2049,informer,informer_d12_e2,informer_d12_e2,12,2.0,,matched,completed,21.0,0.5169949531555176,7.375053469993873,0.0158636869891779,valid,test,1,1,9.0,5125.0,5125.0,5125.0,predictions/beijing_24h_6h_station1013_seed2049_informer_d12_e2.npz,checkpoints/beijing_24h_6h_station1013_seed2049_informer_d12_e2.pt,training_logs/beijing_24h_6h_station1013_seed2049_informer_d12_e2.csv,0.3066623508930206,0.5537710274951377,0.3313705623149872,41.263648986816406,24.69171714782715,35.435184478759766,False,,
beijing_24h_6h_station1013_seed2049_informer_d16_e1,beijing,24,6,1013,2049,informer,informer_d16_e1,informer_d16_e1,16,1.0,,matched,completed,25.0,0.5378482937812805,6.620882058996358,0.0115382829972077,valid,test,1,1,9.0,5777.0,5777.0,5777.0,predictions/beijing_24h_6h_station1013_seed2049_informer_d16_e1.npz,checkpoints/beijing_24h_6h_station1013_seed2049_informer_d16_e1.pt,training_logs/beijing_24h_6h_station1013_seed2049_informer_d16_e1.csv,0.3114526867866516,0.5580794627888144,0.3364180028438568,41.58468627929688,25.067821502685547,35.40721893310547,False,,
beijing_24h_6h_station1013_seed2049_informer_d32_e1,beijing,24,6,1013,2049,informer,informer_d32_e1,informer_d32_e1,32,1.0,,matched,completed,22.0,0.5127702355384827,6.6499481789942365,0.0139766009961022,valid,test,1,1,9.0,21793.0,21793.0,21793.0,predictions/beijing_24h_6h_station1013_seed2049_informer_d32_e1.npz,checkpoints/beijing_24h_6h_station1013_seed2049_informer_d32_e1.pt,training_logs/beijing_24h_6h_station1013_seed2049_informer_d32_e1.csv,0.3275178372859955,0.5722917414099171,0.3509334027767181,42.64369583129883,26.149423599243164,36.95269012451172,False,,
beijing_24h_6h_station1013_seed2049_tst_d8_n1,beijing,24,6,1013,2049,tst,tst_d8_n1,tst_d8_n1,8,,1.0,non_aligned_as_is,completed,34.0,0.4987131059169769,3.280174640007317,0.0030762130045332,valid,test,1,1,9.0,1934.0,1934.0,1934.0,predictions/beijing_24h_6h_station1013_seed2049_tst_d8_n1.npz,checkpoints/beijing_24h_6h_station1013_seed2049_tst_d8_n1.pt,training_logs/beijing_24h_6h_station1013_seed2049_tst_d8_n1.csv,0.2942189276218414,0.5424195125747611,0.3265986442565918,40.41780090332031,24.336143493652344,34.856483459472656,False,,
beijing_24h_6h_station1013_seed2049_tst_d12_n1,beijing,24,6,1013,2049,tst,tst_d12_n1,tst_d12_n1,12,,1.0,non_aligned_as_is,completed,34.0,0.4835658967494964,3.3412712850113166,0.0030553130054613,valid,test,1,1,9.0,3282.0,3282.0,3282.0,predictions/beijing_24h_6h_station1013_seed2049_tst_d12_n1.npz,checkpoints/beijing_24h_6h_station1013_seed2049_tst_d12_n1.pt,training_logs/beijing_24h_6h_station1013_seed2049_tst_d12_n1.csv,0.2993758022785187,0.5471524488463144,0.3533000349998474,40.770469665527344,26.32576942443848,40.82993698120117,False,,
beijing_24h_6h_station1013_seed2049_tst_d24_n1,beijing,24,6,1013,2049,tst,tst_d24_n1,tst_d24_n1,24,,1.0,non_aligned_as_is,completed,19.0,0.4847307205200195,2.289009212996461,0.0031258609960787,valid,test,1,1,9.0,8862.0,8862.0,8862.0,predictions/beijing_24h_6h_station1013_seed2049_tst_d24_n1.npz,checkpoints/beijing_24h_6h_station1013_seed2049_tst_d24_n1.pt,training_logs/beijing_24h_6h_station1013_seed2049_tst_d24_n1.csv,0.3010970950126648,0.5487231496963335,0.3497750163078308,40.88751220703125,26.063108444213867,40.87177658081055,False,,
beijing_24h_12h_station1013_seed2047_informer_d8_e1,beijing,24,12,1013,2047,informer,informer_d8_e1,informer_d8_e1,8,1.0,,matched,completed,39.0,0.8589317202568054,8.993200287994114,0.125494644002174,valid,test,1,1,9.0,1609.0,1609.0,1609.0,predictions/beijing_24h_12h_station1013_seed2047_informer_d8_e1.npz,checkpoints/beijing_24h_12h_station1013_seed2047_informer_d8_e1.pt,training_logs/beijing_24h_12h_station1013_seed2047_informer_d8_e1.csv,0.468050479888916,0.6841421488907959,0.4604340195655823,50.97039413452149,34.30354690551758,47.7871208190918,False,,
beijing_24h_12h_station1013_seed2047_informer_d12_e2,beijing,24,12,1013,2047,informer,informer_d12_e2,informer_d12_e2,12,2.0,,matched,completed,27.0,0.827793300151825,10.77256637100072,0.2572159490082413,valid,test,1,1,9.0,5125.0,5125.0,5125.0,predictions/beijing_24h_12h_station1013_seed2047_informer_d12_e2.npz,checkpoints/beijing_24h_12h_station1013_seed2047_informer_d12_e2.pt,training_logs/beijing_24h_12h_station1013_seed2047_informer_d12_e2.csv,0.4795547723770141,0.6924989331233762,0.4527736008167267,51.592994689941406,33.73282623291016,45.78058242797852,False,,
beijing_24h_12h_station1013_seed2047_informer_d16_e1,beijing,24,12,1013,2047,informer,informer_d16_e1,informer_d16_e1,16,1.0,,matched,completed,16.0,0.8826821446418762,5.621061584999552,0.1219388940080534,valid,test,1,1,9.0,5777.0,5777.0,5777.0,predictions/beijing_24h_12h_station1013_seed2047_informer_d16_e1.npz,checkpoints/beijing_24h_12h_station1013_seed2047_informer_d16_e1.pt,training_logs/beijing_24h_12h_station1013_seed2047_informer_d16_e1.csv,0.4796842038631439,0.6925923792990679,0.4510956108570099,51.59995651245117,33.607810974121094,46.09217834472656,False,,
beijing_24h_12h_station1013_seed2047_informer_d32_e1,beijing,24,12,1013,2047,informer,informer_d32_e1,informer_d32_e1,32,1.0,,matched,completed,33.0,0.8423445224761963,10.295618282994838,0.1252599919971544,valid,test,1,1,9.0,21793.0,21793.0,21793.0,predictions/beijing_24h_12h_station1013_seed2047_informer_d32_e1.npz,checkpoints/beijing_24h_12h_station1013_seed2047_informer_d32_e1.pt,training_logs/beijing_24h_12h_station1013_seed2047_informer_d32_e1.csv,0.4868228435516357,0.6977269118728585,0.4507886469364166,51.98249053955078,33.58494186401367,45.478763580322266,False,,
beijing_24h_12h_station1013_seed2047_tst_d8_n1,beijing,24,12,1013,2047,tst,tst_d8_n1,tst_d8_n1,8,,1.0,non_aligned_as_is,completed,21.0,0.8102561831474304,2.9693440520059085,0.0032364669896196,valid,test,1,1,9.0,3092.0,3092.0,3092.0,predictions/beijing_24h_12h_station1013_seed2047_tst_d8_n1.npz,checkpoints/beijing_24h_12h_station1013_seed2047_tst_d8_n1.pt,training_logs/beijing_24h_12h_station1013_seed2047_tst_d8_n1.csv,0.489043265581131,0.6993162843671888,0.4566718935966491,52.10090637207031,34.02326202392578,46.71169662475586,False,,
beijing_24h_12h_station1013_seed2047_tst_d12_n1,beijing,24,12,1013,2047,tst,tst_d12_n1,tst_d12_n1,12,,1.0,non_aligned_as_is,completed,23.0,0.789034903049469,2.6163861749955686,0.0031470289977733,valid,test,1,1,9.0,5016.0,5016.0,5016.0,predictions/beijing_24h_12h_station1013_seed2047_tst_d12_n1.npz,checkpoints/beijing_24h_12h_station1013_seed2047_tst_d12_n1.pt,training_logs/beijing_24h_12h_station1013_seed2047_tst_d12_n1.csv,0.4700836837291717,0.6856264899558445,0.4538470804691314,51.08097457885742,33.81279754638672,47.61635208129883,False,,
beijing_24h_12h_station1013_seed2047_tst_d24_n1,beijing,24,12,1013,2047,tst,tst_d24_n1,tst_d24_n1,24,,1.0,non_aligned_as_is,completed,33.0,0.7855737209320068,3.9415146819956135,0.0032310460082953,valid,test,1,1,9.0,12324.0,12324.0,12324.0,predictions/beijing_24h_12h_station1013_seed2047_tst_d24_n1.npz,checkpoints/beijing_24h_12h_station1013_seed2047_tst_d24_n1.pt,training_logs/beijing_24h_12h_station1013_seed2047_tst_d24_n1.csv,0.4863430261611938,0.6973829838483255,0.4445976018905639,51.95686721801758,33.12369155883789,45.0975341796875,False,,
beijing_24h_12h_station1013_seed2048_informer_d8_e1,beijing,24,12,1013,2048,informer,informer_d8_e1,informer_d8_e1,8,1.0,,matched,completed,40.0,0.8514794111251831,8.677502391001326,0.011657387993182,valid,test,1,1,9.0,1609.0,1609.0,1609.0,predictions/beijing_24h_12h_station1013_seed2048_informer_d8_e1.npz,checkpoints/beijing_24h_12h_station1013_seed2048_informer_d8_e1.pt,training_logs/beijing_24h_12h_station1013_seed2048_informer_d8_e1.csv,0.4689186215400696,0.6847763295705172,0.4523912668228149,51.01763916015625,33.704341888427734,46.879669189453125,False,,
beijing_24h_12h_station1013_seed2048_informer_d12_e2,beijing,24,12,1013,2048,informer,informer_d12_e2,informer_d12_e2,12,2.0,,matched,completed,23.0,0.8148648142814636,8.423803402998601,0.0158949979959288,valid,test,1,1,9.0,5125.0,5125.0,5125.0,predictions/beijing_24h_12h_station1013_seed2048_informer_d12_e2.npz,checkpoints/beijing_24h_12h_station1013_seed2048_informer_d12_e2.pt,training_logs/beijing_24h_12h_station1013_seed2048_informer_d12_e2.csv,0.484282523393631,0.6959041050271445,0.4477455615997314,51.8466911315918,33.35822296142578,44.74936676025391,False,,
beijing_24h_12h_station1013_seed2048_informer_d16_e1,beijing,24,12,1013,2048,informer,informer_d16_e1,informer_d16_e1,16,1.0,,matched,completed,37.0,0.855567216873169,8.791988208002294,0.0127012689918046,valid,test,1,1,9.0,5777.0,5777.0,5777.0,predictions/beijing_24h_12h_station1013_seed2048_informer_d16_e1.npz,checkpoints/beijing_24h_12h_station1013_seed2048_informer_d16_e1.pt,training_logs/beijing_24h_12h_station1013_seed2048_informer_d16_e1.csv,0.4790869653224945,0.6921610833631825,0.4602344930171966,51.56782150268555,34.28868103027344,47.42327499389648,False,,
beijing_24h_12h_station1013_seed2048_informer_d32_e1,beijing,24,12,1013,2048,informer,informer_d32_e1,informer_d32_e1,32,1.0,,matched,completed,19.0,0.8313885927200317,6.770665058997111,0.0154120960069121,valid,test,1,1,9.0,21793.0,21793.0,21793.0,predictions/beijing_24h_12h_station1013_seed2048_informer_d32_e1.npz,checkpoints/beijing_24h_12h_station1013_seed2048_informer_d32_e1.pt,training_logs/beijing_24h_12h_station1013_seed2048_informer_d32_e1.csv,0.4659269452095032,0.682588415671921,0.4426910877227783,50.85463333129883,32.98165512084961,45.934661865234375,False,,
beijing_24h_12h_station1013_seed2048_tst_d8_n1,beijing,24,12,1013,2048,tst,tst_d8_n1,tst_d8_n1,8,,1.0,non_aligned_as_is,completed,14.0,0.8293150663375854,1.847863218994462,0.0030672090069856,valid,test,1,1,9.0,3092.0,3092.0,3092.0,predictions/beijing_24h_12h_station1013_seed2048_tst_d8_n1.npz,checkpoints/beijing_24h_12h_station1013_seed2048_tst_d8_n1.pt,training_logs/beijing_24h_12h_station1013_seed2048_tst_d8_n1.csv,0.4849875569343567,0.6964104802014087,0.4482021033763885,51.88441467285156,33.39223861694336,45.4402961730957,False,,
beijing_24h_12h_station1013_seed2048_tst_d12_n1,beijing,24,12,1013,2048,tst,tst_d12_n1,tst_d12_n1,12,,1.0,non_aligned_as_is,completed,24.0,0.791965126991272,2.687320274999365,0.0031100390042411,valid,test,1,1,9.0,5016.0,5016.0,5016.0,predictions/beijing_24h_12h_station1013_seed2048_tst_d12_n1.npz,checkpoints/beijing_24h_12h_station1013_seed2048_tst_d12_n1.pt,training_logs/beijing_24h_12h_station1013_seed2048_tst_d12_n1.csv,0.4658820331096649,0.6825555165037236,0.4482961595058441,50.85218048095703,33.39924240112305,46.60920715332031,False,,
beijing_24h_12h_station1013_seed2048_tst_d24_n1,beijing,24,12,1013,2048,tst,tst_d24_n1,tst_d24_n1,24,,1.0,non_aligned_as_is,completed,4.0,0.8182322382926941,1.0519275670085335,0.0031682870030635,valid,test,1,1,9.0,12324.0,12324.0,12324.0,predictions/beijing_24h_12h_station1013_seed2048_tst_d24_n1.npz,checkpoints/beijing_24h_12h_station1013_seed2048_tst_d24_n1.pt,training_logs/beijing_24h_12h_station1013_seed2048_tst_d24_n1.csv,0.4760053157806396,0.6899313848352165,0.4561803340911865,51.401702880859375,33.98663711547852,47.804141998291016,False,,
beijing_24h_12h_station1013_seed2049_informer_d8_e1,beijing,24,12,1013,2049,informer,informer_d8_e1,informer_d8_e1,8,1.0,,matched,completed,39.0,0.9019577503204346,8.661244374001399,0.0115040079981554,valid,test,1,1,9.0,1609.0,1609.0,1609.0,predictions/beijing_24h_12h_station1013_seed2049_informer_d8_e1.npz,checkpoints/beijing_24h_12h_station1013_seed2049_informer_d8_e1.pt,training_logs/beijing_24h_12h_station1013_seed2049_informer_d8_e1.csv,0.5241097807884216,0.7239542670558836,0.48222815990448,53.93649673461914,35.927268981933594,47.9464225769043,False,,
beijing_24h_12h_station1013_seed2049_informer_d12_e2,beijing,24,12,1013,2049,informer,informer_d12_e2,informer_d12_e2,12,2.0,,matched,completed,18.0,0.8363791108131409,7.0483213259867625,0.015795552986674,valid,test,1,1,9.0,5125.0,5125.0,5125.0,predictions/beijing_24h_12h_station1013_seed2049_informer_d12_e2.npz,checkpoints/beijing_24h_12h_station1013_seed2049_informer_d12_e2.pt,training_logs/beijing_24h_12h_station1013_seed2049_informer_d12_e2.csv,0.4796225130558014,0.6925478417090053,0.4506669044494629,51.59663772583008,33.575870513916016,46.17952346801758,False,,
beijing_24h_12h_station1013_seed2049_informer_d16_e1,beijing,24,12,1013,2049,informer,informer_d16_e1,informer_d16_e1,16,1.0,,matched,completed,26.0,0.8202165365219116,7.500322273001075,0.0126118460029829,valid,test,1,1,9.0,5777.0,5777.0,5777.0,predictions/beijing_24h_12h_station1013_seed2049_informer_d16_e1.npz,checkpoints/beijing_24h_12h_station1013_seed2049_informer_d16_e1.pt,training_logs/beijing_24h_12h_station1013_seed2049_informer_d16_e1.csv,0.486031025648117,0.6971592541508124,0.478476345539093,51.9401969909668,35.64774703979492,49.56304168701172,False,,
beijing_24h_12h_station1013_seed2049_informer_d32_e1,beijing,24,12,1013,2049,informer,informer_d32_e1,informer_d32_e1,32,1.0,,matched,completed,15.0,0.8204297423362732,5.775961109000491,0.0154068800038658,valid,test,1,1,9.0,21793.0,21793.0,21793.0,predictions/beijing_24h_12h_station1013_seed2049_informer_d32_e1.npz,checkpoints/beijing_24h_12h_station1013_seed2049_informer_d32_e1.pt,training_logs/beijing_24h_12h_station1013_seed2049_informer_d32_e1.csv,0.4666653573513031,0.6831290927425819,0.4474055469036102,50.89491653442383,33.332889556884766,46.59959411621094,False,,
beijing_24h_12h_station1013_seed2049_tst_d8_n1,beijing,24,12,1013,2049,tst,tst_d8_n1,tst_d8_n1,8,,1.0,non_aligned_as_is,completed,29.0,0.797774076461792,3.0389321480033686,0.0030935579998185,valid,test,1,1,9.0,3092.0,3092.0,3092.0,predictions/beijing_24h_12h_station1013_seed2049_tst_d8_n1.npz,checkpoints/beijing_24h_12h_station1013_seed2049_tst_d8_n1.pt,training_logs/beijing_24h_12h_station1013_seed2049_tst_d8_n1.csv,0.474824994802475,0.6890754637936798,0.4598317742347717,51.33793258666992,34.25867462158203,47.81039810180664,False,,
beijing_24h_12h_station1013_seed2049_tst_d12_n1,beijing,24,12,1013,2049,tst,tst_d12_n1,tst_d12_n1,12,,1.0,non_aligned_as_is,completed,16.0,0.807949423789978,2.0168406300072093,0.0030989069928182,valid,test,1,1,9.0,5016.0,5016.0,5016.0,predictions/beijing_24h_12h_station1013_seed2049_tst_d12_n1.npz,checkpoints/beijing_24h_12h_station1013_seed2049_tst_d12_n1.pt,training_logs/beijing_24h_12h_station1013_seed2049_tst_d12_n1.csv,0.4677354097366333,0.6839118435417194,0.4538474380970001,50.95323181152344,33.81283187866211,47.27829360961914,False,,
beijing_24h_12h_station1013_seed2049_tst_d24_n1,beijing,24,12,1013,2049,tst,tst_d24_n1,tst_d24_n1,24,,1.0,non_aligned_as_is,completed,10.0,0.8100352883338928,1.545360135001829,0.0031688360031694,valid,test,1,1,9.0,12324.0,12324.0,12324.0,predictions/beijing_24h_12h_station1013_seed2049_tst_d24_n1.npz,checkpoints/beijing_24h_12h_station1013_seed2049_tst_d24_n1.pt,training_logs/beijing_24h_12h_station1013_seed2049_tst_d24_n1.csv,0.4751470983028412,0.689309145668938,0.4524937272071838,51.3553466796875,33.711971282958984,47.26601409912109,False,,
beijing_24h_24h_station1013_seed2047_informer_d8_e1,beijing,24,24,1013,2047,informer,informer_d8_e1,informer_d8_e1,8,1.0,,matched,completed,33.0,1.2687830924987793,10.66495262600074,0.2255426280025858,valid,test,1,1,9.0,1609.0,1609.0,1609.0,predictions/beijing_24h_24h_station1013_seed2047_informer_d8_e1.npz,checkpoints/beijing_24h_24h_station1013_seed2047_informer_d8_e1.pt,training_logs/beijing_24h_24h_station1013_seed2047_informer_d8_e1.csv,0.6956436038017273,0.8340525186112246,0.5983517169952393,62.1207389831543,44.56560134887695,58.01660537719727,False,,
beijing_24h_24h_station1013_seed2047_informer_d12_e2,beijing,24,24,1013,2047,informer,informer_d12_e2,informer_d12_e2,12,2.0,,matched,completed,37.0,1.2163037061691284,13.911353568997583,0.3472500019997824,valid,test,1,1,9.0,5125.0,5125.0,5125.0,predictions/beijing_24h_24h_station1013_seed2047_informer_d12_e2.npz,checkpoints/beijing_24h_24h_station1013_seed2047_informer_d12_e2.pt,training_logs/beijing_24h_24h_station1013_seed2047_informer_d12_e2.csv,0.6864867210388184,0.8285449420754546,0.5825157761573792,61.71053314208984,43.38612747192383,56.68492889404297,False,,
beijing_24h_24h_station1013_seed2047_informer_d16_e1,beijing,24,24,1013,2047,informer,informer_d16_e1,informer_d16_e1,16,1.0,,matched,completed,37.0,1.2478344440460205,11.318309716996737,0.2290651590010384,valid,test,1,1,9.0,5777.0,5777.0,5777.0,predictions/beijing_24h_24h_station1013_seed2047_informer_d16_e1.npz,checkpoints/beijing_24h_24h_station1013_seed2047_informer_d16_e1.pt,training_logs/beijing_24h_24h_station1013_seed2047_informer_d16_e1.csv,0.6811526417732239,0.825319720940451,0.5847095847129822,61.470314025878906,43.54951858520508,57.126712799072266,False,,
beijing_24h_24h_station1013_seed2047_informer_d32_e1,beijing,24,24,1013,2047,informer,informer_d32_e1,informer_d32_e1,32,1.0,,matched,completed,10.0,1.2232844829559326,6.255191350006498,0.2361774400051217,valid,test,1,1,9.0,21793.0,21793.0,21793.0,predictions/beijing_24h_24h_station1013_seed2047_informer_d32_e1.npz,checkpoints/beijing_24h_24h_station1013_seed2047_informer_d32_e1.pt,training_logs/beijing_24h_24h_station1013_seed2047_informer_d32_e1.csv,0.6931955218315125,0.8325836425438062,0.5853663682937622,62.01133346557617,43.59844207763672,56.62997817993164,False,,
beijing_24h_24h_station1013_seed2047_tst_d8_n1,beijing,24,24,1013,2047,tst,tst_d8_n1,tst_d8_n1,8,,1.0,non_aligned_as_is,completed,40.0,1.1698936223983765,3.9040835100022377,0.0033144900080515,valid,test,1,1,9.0,5408.0,5408.0,5408.0,predictions/beijing_24h_24h_station1013_seed2047_tst_d8_n1.npz,checkpoints/beijing_24h_24h_station1013_seed2047_tst_d8_n1.pt,training_logs/beijing_24h_24h_station1013_seed2047_tst_d8_n1.csv,0.6893811225891113,0.8302897822983921,0.5734289884567261,61.84048461914063,42.7093391418457,56.0068588256836,False,,
beijing_24h_24h_station1013_seed2047_tst_d12_n1,beijing,24,24,1013,2047,tst,tst_d12_n1,tst_d12_n1,12,,1.0,non_aligned_as_is,completed,24.0,1.154373288154602,2.7463157210004283,0.0033430890034651,valid,test,1,1,9.0,8484.0,8484.0,8484.0,predictions/beijing_24h_24h_station1013_seed2047_tst_d12_n1.npz,checkpoints/beijing_24h_24h_station1013_seed2047_tst_d12_n1.pt,training_logs/beijing_24h_24h_station1013_seed2047_tst_d12_n1.csv,0.6653891205787659,0.8157138717582078,0.5720224380493164,60.754859924316406,42.60457992553711,57.02635192871094,False,,
beijing_24h_24h_station1013_seed2047_tst_d24_n1,beijing,24,24,1013,2047,tst,tst_d24_n1,tst_d24_n1,24,,1.0,non_aligned_as_is,completed,11.0,1.149314045906067,2.2177648280048743,0.0033872279891511,valid,test,1,1,9.0,19248.0,19248.0,19248.0,predictions/beijing_24h_24h_station1013_seed2047_tst_d24_n1.npz,checkpoints/beijing_24h_24h_station1013_seed2047_tst_d24_n1.pt,training_logs/beijing_24h_24h_station1013_seed2047_tst_d24_n1.csv,0.6888692378997803,0.829981468407446,0.5698710083961487,61.8175163269043,42.44433975219727,55.947242736816406,False,,
beijing_24h_24h_station1013_seed2048_informer_d8_e1,beijing,24,24,1013,2048,informer,informer_d8_e1,informer_d8_e1,8,1.0,,matched,completed,33.0,1.2476534843444824,9.769656870004836,0.0124002809898229,valid,test,1,1,9.0,1609.0,1609.0,1609.0,predictions/beijing_24h_24h_station1013_seed2048_informer_d8_e1.npz,checkpoints/beijing_24h_24h_station1013_seed2048_informer_d8_e1.pt,training_logs/beijing_24h_24h_station1013_seed2048_informer_d8_e1.csv,0.6724163889884949,0.8200099932247746,0.587749719619751,61.0748405456543,43.77595138549805,57.54368209838867,False,,
beijing_24h_24h_station1013_seed2048_informer_d12_e2,beijing,24,24,1013,2048,informer,informer_d12_e2,informer_d12_e2,12,2.0,,matched,completed,16.0,1.1978975534439087,7.352330913010519,0.0171593190025305,valid,test,1,1,9.0,5125.0,5125.0,5125.0,predictions/beijing_24h_24h_station1013_seed2048_informer_d12_e2.npz,checkpoints/beijing_24h_24h_station1013_seed2048_informer_d12_e2.pt,training_logs/beijing_24h_24h_station1013_seed2048_informer_d12_e2.csv,0.6795892119407654,0.8243720106485696,0.5867863893508911,61.39972686767578,43.70420837402344,57.53556442260742,False,,
beijing_24h_24h_station1013_seed2048_informer_d16_e1,beijing,24,24,1013,2048,informer,informer_d16_e1,informer_d16_e1,16,1.0,,matched,completed,19.0,1.2472599744796753,7.0956117259920575,0.0141331710037775,valid,test,1,1,9.0,5777.0,5777.0,5777.0,predictions/beijing_24h_24h_station1013_seed2048_informer_d16_e1.npz,checkpoints/beijing_24h_24h_station1013_seed2048_informer_d16_e1.pt,training_logs/beijing_24h_24h_station1013_seed2048_informer_d16_e1.csv,0.6964243054389954,0.834520404447366,0.6001487374305725,62.15558624267578,44.699440002441406,58.41024017333984,False,,
beijing_24h_24h_station1013_seed2048_informer_d32_e1,beijing,24,24,1013,2048,informer,informer_d32_e1,informer_d32_e1,32,1.0,,matched,completed,14.0,1.217558979988098,6.581823360000271,0.0183393640036229,valid,test,1,1,9.0,21793.0,21793.0,21793.0,predictions/beijing_24h_24h_station1013_seed2048_informer_d32_e1.npz,checkpoints/beijing_24h_24h_station1013_seed2048_informer_d32_e1.pt,training_logs/beijing_24h_24h_station1013_seed2048_informer_d32_e1.csv,0.6754042506217957,0.8218298185280184,0.5954842567443848,61.21038436889648,44.352027893066406,58.55215835571289,False,,
beijing_24h_24h_station1013_seed2048_tst_d8_n1,beijing,24,24,1013,2048,tst,tst_d8_n1,tst_d8_n1,8,,1.0,non_aligned_as_is,completed,19.0,1.231303572654724,2.2206663800025126,0.0032416500034742,valid,test,1,1,9.0,5408.0,5408.0,5408.0,predictions/beijing_24h_24h_station1013_seed2048_tst_d8_n1.npz,checkpoints/beijing_24h_24h_station1013_seed2048_tst_d8_n1.pt,training_logs/beijing_24h_24h_station1013_seed2048_tst_d8_n1.csv,0.6745625734329224,0.8213175837840819,0.558441698551178,61.1722297668457,41.593074798583984,55.14438629150391,False,,
beijing_24h_24h_station1013_seed2048_tst_d12_n1,beijing,24,24,1013,2048,tst,tst_d12_n1,tst_d12_n1,12,,1.0,non_aligned_as_is,completed,37.0,1.1823655366897583,3.347114618998603,0.0032253800018224,valid,test,1,1,9.0,8484.0,8484.0,8484.0,predictions/beijing_24h_24h_station1013_seed2048_tst_d12_n1.npz,checkpoints/beijing_24h_24h_station1013_seed2048_tst_d12_n1.pt,training_logs/beijing_24h_24h_station1013_seed2048_tst_d12_n1.csv,0.6711159348487854,0.8192166592842124,0.5663884282112122,61.01575469970703,42.18495178222656,55.72379684448242,False,,
beijing_24h_24h_station1013_seed2048_tst_d24_n1,beijing,24,24,1013,2048,tst,tst_d24_n1,tst_d24_n1,24,,1.0,non_aligned_as_is,completed,22.0,1.1689378023147583,2.5711972300050547,0.0032966180006042,valid,test,1,1,9.0,19248.0,19248.0,19248.0,predictions/beijing_24h_24h_station1013_seed2048_tst_d24_n1.npz,checkpoints/beijing_24h_24h_station1013_seed2048_tst_d24_n1.pt,training_logs/beijing_24h_24h_station1013_seed2048_tst_d24_n1.csv,0.6776894330978394,0.8232189460270211,0.5597590208053589,61.313846588134766,41.69118881225586,54.93182373046875,False,,
beijing_24h_24h_station1013_seed2049_informer_d8_e1,beijing,24,24,1013,2049,informer,informer_d8_e1,informer_d8_e1,8,1.0,,matched,completed,40.0,1.2936875820159912,9.773739723998006,0.0123731869971379,valid,test,1,1,9.0,1609.0,1609.0,1609.0,predictions/beijing_24h_24h_station1013_seed2049_informer_d8_e1.npz,checkpoints/beijing_24h_24h_station1013_seed2049_informer_d8_e1.pt,training_logs/beijing_24h_24h_station1013_seed2049_informer_d8_e1.csv,0.7152665257453918,0.8457343115573542,0.5933891534805298,62.99079895019531,44.195987701416016,57.17034912109375,False,,
beijing_24h_24h_station1013_seed2049_informer_d12_e2,beijing,24,24,1013,2049,informer,informer_d12_e2,informer_d12_e2,12,2.0,,matched,completed,24.0,1.2042211294174194,9.732879554998362,0.016998027000227,valid,test,1,1,9.0,5125.0,5125.0,5125.0,predictions/beijing_24h_24h_station1013_seed2049_informer_d12_e2.npz,checkpoints/beijing_24h_24h_station1013_seed2049_informer_d12_e2.pt,training_logs/beijing_24h_24h_station1013_seed2049_informer_d12_e2.csv,0.6808782815933228,0.8251534897177147,0.5818720459938049,61.45793151855469,43.33818435668945,57.03325271606445,False,,
beijing_24h_24h_station1013_seed2049_informer_d16_e1,beijing,24,24,1013,2049,informer,informer_d16_e1,informer_d16_e1,16,1.0,,matched,completed,34.0,1.2255678176879885,10.456951296990155,0.0142610619950573,valid,test,1,1,9.0,5777.0,5777.0,5777.0,predictions/beijing_24h_24h_station1013_seed2049_informer_d16_e1.npz,checkpoints/beijing_24h_24h_station1013_seed2049_informer_d16_e1.pt,training_logs/beijing_24h_24h_station1013_seed2049_informer_d16_e1.csv,0.6901952028274536,0.8307798762773768,0.5764725804328918,61.876991271972656,42.93602752685547,55.87534332275391,False,,
beijing_24h_24h_station1013_seed2049_informer_d32_e1,beijing,24,24,1013,2049,informer,informer_d32_e1,informer_d32_e1,32,1.0,,matched,completed,16.0,1.2281028032302856,7.17531329600024,0.0183841250109253,valid,test,1,1,9.0,21793.0,21793.0,21793.0,predictions/beijing_24h_24h_station1013_seed2049_informer_d32_e1.npz,checkpoints/beijing_24h_24h_station1013_seed2049_informer_d32_e1.pt,training_logs/beijing_24h_24h_station1013_seed2049_informer_d32_e1.csv,0.6782609224319458,0.8235659794041676,0.5769043564796448,61.33969497680664,42.96818923950195,56.57551956176758,False,,
beijing_24h_24h_station1013_seed2049_tst_d8_n1,beijing,24,24,1013,2049,tst,tst_d8_n1,tst_d8_n1,8,,1.0,non_aligned_as_is,completed,33.0,1.1637969017028809,3.2858225460076937,0.0032126389996847,valid,test,1,1,9.0,5408.0,5408.0,5408.0,predictions/beijing_24h_24h_station1013_seed2049_tst_d8_n1.npz,checkpoints/beijing_24h_24h_station1013_seed2049_tst_d8_n1.pt,training_logs/beijing_24h_24h_station1013_seed2049_tst_d8_n1.csv,0.6726795434951782,0.8201704356383362,0.5760715007781982,61.08678817749024,42.90615463256836,56.60708999633789,False,,
beijing_24h_24h_station1013_seed2049_tst_d12_n1,beijing,24,24,1013,2049,tst,tst_d12_n1,tst_d12_n1,12,,1.0,non_aligned_as_is,completed,14.0,1.1888506412506104,1.865015597009915,0.0032922480022534,valid,test,1,1,9.0,8484.0,8484.0,8484.0,predictions/beijing_24h_24h_station1013_seed2049_tst_d12_n1.npz,checkpoints/beijing_24h_24h_station1013_seed2049_tst_d12_n1.pt,training_logs/beijing_24h_24h_station1013_seed2049_tst_d12_n1.csv,0.6593340635299683,0.8119938814609186,0.5692824125289917,60.4777946472168,42.40049743652344,56.28304290771485,False,,
beijing_24h_24h_station1013_seed2049_tst_d24_n1,beijing,24,24,1013,2049,tst,tst_d24_n1,tst_d24_n1,24,,1.0,non_aligned_as_is,completed,19.0,1.1842297315597534,2.315993491007248,0.0033566249912837,valid,test,1,1,9.0,19248.0,19248.0,19248.0,predictions/beijing_24h_24h_station1013_seed2049_tst_d24_n1.npz,checkpoints/beijing_24h_24h_station1013_seed2049_tst_d24_n1.pt,training_logs/beijing_24h_24h_station1013_seed2049_tst_d24_n1.csv,0.690582275390625,0.8310128009787966,0.5758383274078369,61.89434051513672,42.88878631591797,56.79473876953125,False,,
beijing_48h_1h_station1013_seed2047_informer_d8_e1,beijing,48,1,1013,2047,informer,informer_d8_e1,informer_d8_e1,8,1.0,,matched,completed,30.0,0.2261252105236053,11.63481689899345,0.2262930809956742,valid,test,1,1,9.0,1609.0,1609.0,1609.0,predictions/beijing_48h_1h_station1013_seed2047_informer_d8_e1.npz,checkpoints/beijing_48h_1h_station1013_seed2047_informer_d8_e1.pt,training_logs/beijing_48h_1h_station1013_seed2047_informer_d8_e1.csv,0.1240741237998008,0.35224157023242,0.191444456577301,26.235164642333984,14.258899688720703,22.60573959350586,False,,
beijing_48h_1h_station1013_seed2047_informer_d12_e2,beijing,48,1,1013,2047,informer,informer_d12_e2,informer_d12_e2,12,2.0,,matched,completed,38.0,0.1657334268093109,17.509024391998537,0.3250778229994466,valid,test,1,1,9.0,5125.0,5125.0,5125.0,predictions/beijing_48h_1h_station1013_seed2047_informer_d12_e2.npz,checkpoints/beijing_48h_1h_station1013_seed2047_informer_d12_e2.pt,training_logs/beijing_48h_1h_station1013_seed2047_informer_d12_e2.csv,0.1088140606880188,0.3298697632218188,0.1706760972738266,24.56889915466309,12.712059020996094,19.85127258300781,False,,
beijing_48h_1h_station1013_seed2047_informer_d16_e1,beijing,48,1,1013,2047,informer,informer_d16_e1,informer_d16_e1,16,1.0,,matched,completed,37.0,0.2004574984312057,13.207265263001318,0.2354719629947794,valid,test,1,1,9.0,5777.0,5777.0,5777.0,predictions/beijing_48h_1h_station1013_seed2047_informer_d16_e1.npz,checkpoints/beijing_48h_1h_station1013_seed2047_informer_d16_e1.pt,training_logs/beijing_48h_1h_station1013_seed2047_informer_d16_e1.csv,0.1030392870306968,0.3209973318124262,0.1808059513568878,23.9080753326416,13.46653652191162,23.89362525939941,False,,
beijing_48h_1h_station1013_seed2047_informer_d32_e1,beijing,48,1,1013,2047,informer,informer_d32_e1,informer_d32_e1,32,1.0,,matched,completed,30.0,0.1428289860486984,14.150822097988566,0.2388733379921177,valid,test,1,1,9.0,21793.0,21793.0,21793.0,predictions/beijing_48h_1h_station1013_seed2047_informer_d32_e1.npz,checkpoints/beijing_48h_1h_station1013_seed2047_informer_d32_e1.pt,training_logs/beijing_48h_1h_station1013_seed2047_informer_d32_e1.csv,0.1047620475292205,0.3236696580299435,0.1713564246892929,24.10711097717285,12.76272964477539,19.688796997070312,False,,
beijing_48h_1h_station1013_seed2047_tst_d8_n1,beijing,48,1,1013,2047,tst,tst_d8_n1,tst_d8_n1,8,,1.0,non_aligned_as_is,completed,34.0,0.1206553652882576,5.988455309008714,0.0032325979991583,valid,test,1,1,9.0,1353.0,1353.0,1353.0,predictions/beijing_48h_1h_station1013_seed2047_tst_d8_n1.npz,checkpoints/beijing_48h_1h_station1013_seed2047_tst_d8_n1.pt,training_logs/beijing_48h_1h_station1013_seed2047_tst_d8_n1.csv,0.0917480066418647,0.3028993341720393,0.1651748120784759,22.56012535095215,12.302319526672363,20.94485092163086,False,,
beijing_48h_1h_station1013_seed2047_tst_d12_n1,beijing,48,1,1013,2047,tst,tst_d12_n1,tst_d12_n1,12,,1.0,non_aligned_as_is,completed,29.0,0.1197055578231811,4.544862470997032,0.0032828060066094,valid,test,1,1,9.0,2413.0,2413.0,2413.0,predictions/beijing_48h_1h_station1013_seed2047_tst_d12_n1.npz,checkpoints/beijing_48h_1h_station1013_seed2047_tst_d12_n1.pt,training_logs/beijing_48h_1h_station1013_seed2047_tst_d12_n1.csv,0.0902148708701133,0.3003579046239891,0.1703985333442688,22.37084007263184,12.691386222839355,24.031322479248047,False,,
beijing_48h_1h_station1013_seed2047_tst_d24_n1,beijing,48,1,1013,2047,tst,tst_d24_n1,tst_d24_n1,24,,1.0,non_aligned_as_is,completed,27.0,0.1092641800642013,5.640050379006425,0.0038471100124297,valid,test,1,1,9.0,7129.0,7129.0,7129.0,predictions/beijing_48h_1h_station1013_seed2047_tst_d24_n1.npz,checkpoints/beijing_48h_1h_station1013_seed2047_tst_d24_n1.pt,training_logs/beijing_48h_1h_station1013_seed2047_tst_d24_n1.csv,0.0875770151615142,0.2959341399053415,0.1513338834047317,22.041353225708008,11.271440505981444,20.624629974365234,False,,
beijing_48h_1h_station1013_seed2048_informer_d8_e1,beijing,48,1,1013,2048,informer,informer_d8_e1,informer_d8_e1,8,1.0,,matched,completed,40.0,0.1894067376852035,10.886354419009876,0.013085584010696,valid,test,1,1,9.0,1609.0,1609.0,1609.0,predictions/beijing_48h_1h_station1013_seed2048_informer_d8_e1.npz,checkpoints/beijing_48h_1h_station1013_seed2048_informer_d8_e1.pt,training_logs/beijing_48h_1h_station1013_seed2048_informer_d8_e1.csv,0.0994146317243576,0.3153008590606083,0.182911530137062,23.48379898071289,13.623360633850098,22.23871421813965,False,,
beijing_48h_1h_station1013_seed2048_informer_d12_e2,beijing,48,1,1013,2048,informer,informer_d12_e2,informer_d12_e2,12,2.0,,matched,completed,40.0,0.1628169268369674,14.372659154003486,0.0184617990016704,valid,test,1,1,9.0,5125.0,5125.0,5125.0,predictions/beijing_48h_1h_station1013_seed2048_informer_d12_e2.npz,checkpoints/beijing_48h_1h_station1013_seed2048_informer_d12_e2.pt,training_logs/beijing_48h_1h_station1013_seed2048_informer_d12_e2.csv,0.1189535558223724,0.3448964421712298,0.1791926324367523,25.68809509277344,13.346375465393066,20.1026554107666,False,,
beijing_48h_1h_station1013_seed2048_informer_d16_e1,beijing,48,1,1013,2048,informer,informer_d16_e1,informer_d16_e1,16,1.0,,matched,completed,40.0,0.1866272836923599,11.95632482500514,0.0152087409951491,valid,test,1,1,9.0,5777.0,5777.0,5777.0,predictions/beijing_48h_1h_station1013_seed2048_informer_d16_e1.npz,checkpoints/beijing_48h_1h_station1013_seed2048_informer_d16_e1.pt,training_logs/beijing_48h_1h_station1013_seed2048_informer_d16_e1.csv,0.1039284616708755,0.3223793753807392,0.1777645498514175,24.011011123657227,13.240010261535645,21.785301208496094,False,,
beijing_48h_1h_station1013_seed2048_informer_d32_e1,beijing,48,1,1013,2048,informer,informer_d32_e1,informer_d32_e1,32,1.0,,matched,completed,37.0,0.18830206990242,13.56858601499698,0.0204830360016785,valid,test,1,1,9.0,21793.0,21793.0,21793.0,predictions/beijing_48h_1h_station1013_seed2048_informer_d32_e1.npz,checkpoints/beijing_48h_1h_station1013_seed2048_informer_d32_e1.pt,training_logs/beijing_48h_1h_station1013_seed2048_informer_d32_e1.csv,0.1401114165782928,0.374314595732377,0.1932686418294906,27.87917900085449,14.394765853881836,21.8234977722168,False,,
beijing_48h_1h_station1013_seed2048_tst_d8_n1,beijing,48,1,1013,2048,tst,tst_d8_n1,tst_d8_n1,8,,1.0,non_aligned_as_is,completed,23.0,0.1437751799821853,3.7186501980031608,0.0031827170023461,valid,test,1,1,9.0,1353.0,1353.0,1353.0,predictions/beijing_48h_1h_station1013_seed2048_tst_d8_n1.npz,checkpoints/beijing_48h_1h_station1013_seed2048_tst_d8_n1.pt,training_logs/beijing_48h_1h_station1013_seed2048_tst_d8_n1.csv,0.1012894511222839,0.3182600369545066,0.1822895407676696,23.704200744628903,13.57703685760498,20.955585479736328,False,,
beijing_48h_1h_station1013_seed2048_tst_d12_n1,beijing,48,1,1013,2048,tst,tst_d12_n1,tst_d12_n1,12,,1.0,non_aligned_as_is,completed,18.0,0.1219081804156303,3.1810818899975857,0.0032536649960093,valid,test,1,1,9.0,2413.0,2413.0,2413.0,predictions/beijing_48h_1h_station1013_seed2048_tst_d12_n1.npz,checkpoints/beijing_48h_1h_station1013_seed2048_tst_d12_n1.pt,training_logs/beijing_48h_1h_station1013_seed2048_tst_d12_n1.csv,0.0935015603899955,0.3057802485282455,0.172293871641159,22.774696350097656,12.83255386352539,24.08053970336914,False,,
beijing_48h_1h_station1013_seed2048_tst_d24_n1,beijing,48,1,1013,2048,tst,tst_d24_n1,tst_d24_n1,24,,1.0,non_aligned_as_is,completed,18.0,0.1098004430532455,3.288780449991464,0.0038203690055524,valid,test,1,1,9.0,7129.0,7129.0,7129.0,predictions/beijing_48h_1h_station1013_seed2048_tst_d24_n1.npz,checkpoints/beijing_48h_1h_station1013_seed2048_tst_d24_n1.pt,training_logs/beijing_48h_1h_station1013_seed2048_tst_d24_n1.csv,0.085818700492382,0.2929482897925538,0.1491520404815673,21.818967819213867,11.108935356140137,18.49327087402344,False,,
beijing_48h_1h_station1013_seed2049_informer_d8_e1,beijing,48,1,1013,2049,informer,informer_d8_e1,informer_d8_e1,8,1.0,,matched,completed,37.0,0.2368929982185363,10.911253881989978,0.0132053050037939,valid,test,1,1,9.0,1609.0,1609.0,1609.0,predictions/beijing_48h_1h_station1013_seed2049_informer_d8_e1.npz,checkpoints/beijing_48h_1h_station1013_seed2049_informer_d8_e1.pt,training_logs/beijing_48h_1h_station1013_seed2049_informer_d8_e1.csv,0.1250037848949432,0.3535587432025168,0.1952012032270431,26.33326911926269,14.538703918457031,24.06232070922852,False,,
beijing_48h_1h_station1013_seed2049_informer_d12_e2,beijing,48,1,1013,2049,informer,informer_d12_e2,informer_d12_e2,12,2.0,,matched,completed,37.0,0.1485088318586349,14.338776717995644,0.0184456510032759,valid,test,1,1,9.0,5125.0,5125.0,5125.0,predictions/beijing_48h_1h_station1013_seed2049_informer_d12_e2.npz,checkpoints/beijing_48h_1h_station1013_seed2049_informer_d12_e2.pt,training_logs/beijing_48h_1h_station1013_seed2049_informer_d12_e2.csv,0.1017671599984169,0.3190096550238204,0.1668207645416259,23.7600326538086,12.424911499023438,21.336822509765625,False,,
beijing_48h_1h_station1013_seed2049_informer_d16_e1,beijing,48,1,1013,2049,informer,informer_d16_e1,informer_d16_e1,16,1.0,,matched,completed,36.0,0.1786957681179046,11.930925533990376,0.0153419000125722,valid,test,1,1,9.0,5777.0,5777.0,5777.0,predictions/beijing_48h_1h_station1013_seed2049_informer_d16_e1.npz,checkpoints/beijing_48h_1h_station1013_seed2049_informer_d16_e1.pt,training_logs/beijing_48h_1h_station1013_seed2049_informer_d16_e1.csv,0.1089974716305732,0.3301476512570902,0.1876023560762405,24.58959579467773,13.972737312316896,23.24227523803711,False,,
beijing_48h_1h_station1013_seed2049_informer_d32_e1,beijing,48,1,1013,2049,informer,informer_d32_e1,informer_d32_e1,32,1.0,,matched,completed,22.0,0.1984701305627823,10.180050524999388,0.0204173599922796,valid,test,1,1,9.0,21793.0,21793.0,21793.0,predictions/beijing_48h_1h_station1013_seed2049_informer_d32_e1.npz,checkpoints/beijing_48h_1h_station1013_seed2049_informer_d32_e1.pt,training_logs/beijing_48h_1h_station1013_seed2049_informer_d32_e1.csv,0.1252708882093429,0.3539362770462261,0.196480706334114,26.36138916015625,14.63400173187256,22.62045860290528,False,,
beijing_48h_1h_station1013_seed2049_tst_d8_n1,beijing,48,1,1013,2049,tst,tst_d8_n1,tst_d8_n1,8,,1.0,non_aligned_as_is,completed,28.0,0.1412581205368042,4.335726909004734,0.0032019060017773,valid,test,1,1,9.0,1353.0,1353.0,1353.0,predictions/beijing_48h_1h_station1013_seed2049_tst_d8_n1.npz,checkpoints/beijing_48h_1h_station1013_seed2049_tst_d8_n1.pt,training_logs/beijing_48h_1h_station1013_seed2049_tst_d8_n1.csv,0.100022554397583,0.3162634256400556,0.1778394430875778,23.55549049377441,13.24558925628662,21.447452545166016,False,,
beijing_48h_1h_station1013_seed2049_tst_d12_n1,beijing,48,1,1013,2049,tst,tst_d12_n1,tst_d12_n1,12,,1.0,non_aligned_as_is,completed,19.0,0.1368756145238876,3.3152407109882915,0.0032237249979516,valid,test,1,1,9.0,2413.0,2413.0,2413.0,predictions/beijing_48h_1h_station1013_seed2049_tst_d12_n1.npz,checkpoints/beijing_48h_1h_station1013_seed2049_tst_d12_n1.pt,training_logs/beijing_48h_1h_station1013_seed2049_tst_d12_n1.csv,0.099177174270153,0.3149240769934129,0.1912171989679336,23.45573616027832,14.241971015930176,26.71392250061035,False,,
beijing_48h_1h_station1013_seed2049_tst_d24_n1,beijing,48,1,1013,2049,tst,tst_d24_n1,tst_d24_n1,24,,1.0,non_aligned_as_is,completed,19.0,0.115234188735485,3.42487493500812,0.0038073980103945,valid,test,1,1,9.0,7129.0,7129.0,7129.0,predictions/beijing_48h_1h_station1013_seed2049_tst_d24_n1.npz,checkpoints/beijing_48h_1h_station1013_seed2049_tst_d24_n1.pt,training_logs/beijing_48h_1h_station1013_seed2049_tst_d24_n1.csv,0.0913271456956863,0.3022038148264948,0.1694064140319824,22.5083236694336,12.61749267578125,24.757858276367188,False,,
beijing_48h_3h_station1013_seed2047_informer_d8_e1,beijing,48,3,1013,2047,informer,informer_d8_e1,informer_d8_e1,8,1.0,,matched,completed,39.0,0.391680508852005,12.103135708006448,0.124963882000884,valid,test,1,1,9.0,1609.0,1609.0,1609.0,predictions/beijing_48h_3h_station1013_seed2047_informer_d8_e1.npz,checkpoints/beijing_48h_3h_station1013_seed2047_informer_d8_e1.pt,training_logs/beijing_48h_3h_station1013_seed2047_informer_d8_e1.csv,0.2436729073524475,0.4936323605198989,0.2952239215373993,36.763214111328125,21.986766815185547,31.59284210205078,False,,
beijing_48h_3h_station1013_seed2047_informer_d12_e2,beijing,48,3,1013,2047,informer,informer_d12_e2,informer_d12_e2,12,2.0,,matched,completed,39.0,0.3278615772724151,16.593187039004988,0.1304583870078204,valid,test,1,1,9.0,5125.0,5125.0,5125.0,predictions/beijing_48h_3h_station1013_seed2047_informer_d12_e2.npz,checkpoints/beijing_48h_3h_station1013_seed2047_informer_d12_e2.pt,training_logs/beijing_48h_3h_station1013_seed2047_informer_d12_e2.csv,0.2042790949344635,0.4519724493090961,0.2554769814014435,33.66059494018555,19.02661895751953,28.57452964782715,False,,
beijing_48h_3h_station1013_seed2047_informer_d16_e1,beijing,48,3,1013,2047,informer,informer_d16_e1,informer_d16_e1,16,1.0,,matched,completed,37.0,0.3313002288341522,13.14457477799442,0.1261494950013002,valid,test,1,1,9.0,5777.0,5777.0,5777.0,predictions/beijing_48h_3h_station1013_seed2047_informer_d16_e1.npz,checkpoints/beijing_48h_3h_station1013_seed2047_informer_d16_e1.pt,training_logs/beijing_48h_3h_station1013_seed2047_informer_d16_e1.csv,0.2179941833019256,0.4668984721563411,0.2597968876361847,34.77220916748047,19.34834289550781,28.793880462646484,False,,
beijing_48h_3h_station1013_seed2047_informer_d32_e1,beijing,48,3,1013,2047,informer,informer_d32_e1,informer_d32_e1,32,1.0,,matched,completed,39.0,0.3083705008029938,14.80820575299731,0.1317456990072969,valid,test,1,1,9.0,21793.0,21793.0,21793.0,predictions/beijing_48h_3h_station1013_seed2047_informer_d32_e1.npz,checkpoints/beijing_48h_3h_station1013_seed2047_informer_d32_e1.pt,training_logs/beijing_48h_3h_station1013_seed2047_informer_d32_e1.csv,0.1896705627441406,0.4355118399586177,0.2575504183769226,32.4346923828125,19.18103790283203,30.7674617767334,False,,
beijing_48h_3h_station1013_seed2047_tst_d8_n1,beijing,48,3,1013,2047,tst,tst_d8_n1,tst_d8_n1,8,,1.0,non_aligned_as_is,completed,40.0,0.2832911014556885,5.40121550099866,0.0032082950056064,valid,test,1,1,9.0,2123.0,2123.0,2123.0,predictions/beijing_48h_3h_station1013_seed2047_tst_d8_n1.npz,checkpoints/beijing_48h_3h_station1013_seed2047_tst_d8_n1.pt,training_logs/beijing_48h_3h_station1013_seed2047_tst_d8_n1.csv,0.1894854307174682,0.4352992427255855,0.2454832345247268,32.41886138916016,18.28233337402344,29.153221130371094,False,,
beijing_48h_3h_station1013_seed2047_tst_d12_n1,beijing,48,3,1013,2047,tst,tst_d12_n1,tst_d12_n1,12,,1.0,non_aligned_as_is,completed,39.0,0.2805598676204681,4.892196724002133,0.0032546730071771,valid,test,1,1,9.0,3567.0,3567.0,3567.0,predictions/beijing_48h_3h_station1013_seed2047_tst_d12_n1.npz,checkpoints/beijing_48h_3h_station1013_seed2047_tst_d12_n1.pt,training_logs/beijing_48h_3h_station1013_seed2047_tst_d12_n1.csv,0.1861841827630996,0.4314906519996692,0.2565391957759857,32.135215759277344,19.10572624206543,31.513578414916992,False,,
beijing_48h_3h_station1013_seed2047_tst_d24_n1,beijing,48,3,1013,2047,tst,tst_d24_n1,tst_d24_n1,24,,1.0,non_aligned_as_is,completed,13.0,0.2753201425075531,3.239144524006406,0.0038269659999059,valid,test,1,1,9.0,9435.0,9435.0,9435.0,predictions/beijing_48h_3h_station1013_seed2047_tst_d24_n1.npz,checkpoints/beijing_48h_3h_station1013_seed2047_tst_d24_n1.pt,training_logs/beijing_48h_3h_station1013_seed2047_tst_d24_n1.csv,0.1841203570365905,0.4290924807504678,0.238699585199356,31.95661354064941,17.777122497558594,27.81195640563965,False,,
beijing_48h_3h_station1013_seed2048_informer_d8_e1,beijing,48,3,1013,2048,informer,informer_d8_e1,informer_d8_e1,8,1.0,,matched,completed,39.0,0.4128242135047912,11.10050950999721,0.0133647610055049,valid,test,1,1,9.0,1609.0,1609.0,1609.0,predictions/beijing_48h_3h_station1013_seed2048_informer_d8_e1.npz,checkpoints/beijing_48h_3h_station1013_seed2048_informer_d8_e1.pt,training_logs/beijing_48h_3h_station1013_seed2048_informer_d8_e1.csv,0.2333173602819442,0.4830293575777193,0.3140073716640472,35.97355651855469,23.385662078857425,37.05239486694336,False,,
beijing_48h_3h_station1013_seed2048_informer_d12_e2,beijing,48,3,1013,2048,informer,informer_d12_e2,informer_d12_e2,12,2.0,,matched,completed,37.0,0.3282687664031982,14.57875693400274,0.0186811400053557,valid,test,1,1,9.0,5125.0,5125.0,5125.0,predictions/beijing_48h_3h_station1013_seed2048_informer_d12_e2.npz,checkpoints/beijing_48h_3h_station1013_seed2048_informer_d12_e2.pt,training_logs/beijing_48h_3h_station1013_seed2048_informer_d12_e2.csv,0.2093028277158737,0.4574962597834803,0.2573364675045013,34.07197952270508,19.16510391235352,28.118640899658203,False,,
beijing_48h_3h_station1013_seed2048_informer_d16_e1,beijing,48,3,1013,2048,informer,informer_d16_e1,informer_d16_e1,16,1.0,,matched,completed,40.0,0.3426460027694702,12.165951009999844,0.0156147509987931,valid,test,1,1,9.0,5777.0,5777.0,5777.0,predictions/beijing_48h_3h_station1013_seed2048_informer_d16_e1.npz,checkpoints/beijing_48h_3h_station1013_seed2048_informer_d16_e1.pt,training_logs/beijing_48h_3h_station1013_seed2048_informer_d16_e1.csv,0.1946662962436676,0.44121003642672,0.255468338727951,32.859066009521484,19.025978088378903,31.982608795166016,False,,
beijing_48h_3h_station1013_seed2048_informer_d32_e1,beijing,48,3,1013,2048,informer,informer_d32_e1,informer_d32_e1,32,1.0,,matched,completed,37.0,0.3069794178009033,13.92224445399188,0.0208990510000148,valid,test,1,1,9.0,21793.0,21793.0,21793.0,predictions/beijing_48h_3h_station1013_seed2048_informer_d32_e1.npz,checkpoints/beijing_48h_3h_station1013_seed2048_informer_d32_e1.pt,training_logs/beijing_48h_3h_station1013_seed2048_informer_d32_e1.csv,0.2151161879301071,0.4638061965197393,0.253073900938034,34.54191207885742,18.84764862060547,27.631175994873047,False,,
beijing_48h_3h_station1013_seed2048_tst_d8_n1,beijing,48,3,1013,2048,tst,tst_d8_n1,tst_d8_n1,8,,1.0,non_aligned_as_is,completed,18.0,0.2992435991764068,3.182146367005771,0.0033163810003316,valid,test,1,1,9.0,2123.0,2123.0,2123.0,predictions/beijing_48h_3h_station1013_seed2048_tst_d8_n1.npz,checkpoints/beijing_48h_3h_station1013_seed2048_tst_d8_n1.pt,training_logs/beijing_48h_3h_station1013_seed2048_tst_d8_n1.csv,0.1968183368444442,0.4436421269947707,0.2581257224082947,33.04019546508789,19.22388458251953,29.24350547790528,False,,
beijing_48h_3h_station1013_seed2048_tst_d12_n1,beijing,48,3,1013,2048,tst,tst_d12_n1,tst_d12_n1,12,,1.0,non_aligned_as_is,completed,21.0,0.2911814749240875,3.5748184620024404,0.0032635509996907,valid,test,1,1,9.0,3567.0,3567.0,3567.0,predictions/beijing_48h_3h_station1013_seed2048_tst_d12_n1.npz,checkpoints/beijing_48h_3h_station1013_seed2048_tst_d12_n1.pt,training_logs/beijing_48h_3h_station1013_seed2048_tst_d12_n1.csv,0.1900679767131805,0.4359678620187279,0.2539251446723938,32.468658447265625,18.911046981811523,29.751617431640625,False,,
beijing_48h_3h_station1013_seed2048_tst_d24_n1,beijing,48,3,1013,2048,tst,tst_d24_n1,tst_d24_n1,24,,1.0,non_aligned_as_is,completed,18.0,0.2765325307846069,3.303066831009346,0.0038640829880023,valid,test,1,1,9.0,9435.0,9435.0,9435.0,predictions/beijing_48h_3h_station1013_seed2048_tst_d24_n1.npz,checkpoints/beijing_48h_3h_station1013_seed2048_tst_d24_n1.pt,training_logs/beijing_48h_3h_station1013_seed2048_tst_d24_n1.csv,0.1927232444286346,0.4390025562894077,0.2486384361982345,32.694664001464844,18.517318725585938,30.09598159790039,False,,
beijing_48h_3h_station1013_seed2049_informer_d8_e1,beijing,48,3,1013,2049,informer,informer_d8_e1,informer_d8_e1,8,1.0,,matched,completed,38.0,0.4099359214305877,11.11527953899349,0.0132383510062936,valid,test,1,1,9.0,1609.0,1609.0,1609.0,predictions/beijing_48h_3h_station1013_seed2049_informer_d8_e1.npz,checkpoints/beijing_48h_3h_station1013_seed2049_informer_d8_e1.pt,training_logs/beijing_48h_3h_station1013_seed2049_informer_d8_e1.csv,0.244562566280365,0.494532674633704,0.3022670149803161,36.83026123046875,22.51130104064941,32.530670166015625,False,,
beijing_48h_3h_station1013_seed2049_informer_d12_e2,beijing,48,3,1013,2049,informer,informer_d12_e2,informer_d12_e2,12,2.0,,matched,completed,40.0,0.301114946603775,14.58573916000023,0.018634516003658,valid,test,1,1,9.0,5125.0,5125.0,5125.0,predictions/beijing_48h_3h_station1013_seed2049_informer_d12_e2.npz,checkpoints/beijing_48h_3h_station1013_seed2049_informer_d12_e2.pt,training_logs/beijing_48h_3h_station1013_seed2049_informer_d12_e2.csv,0.1847799718379974,0.4298604097122663,0.2396971136331558,32.0138053894043,17.85141372680664,27.48231315612793,False,,
beijing_48h_3h_station1013_seed2049_informer_d16_e1,beijing,48,3,1013,2049,informer,informer_d16_e1,informer_d16_e1,16,1.0,,matched,completed,39.0,0.3804621994495392,12.16818210099882,0.0154916209867224,valid,test,1,1,9.0,5777.0,5777.0,5777.0,predictions/beijing_48h_3h_station1013_seed2049_informer_d16_e1.npz,checkpoints/beijing_48h_3h_station1013_seed2049_informer_d16_e1.pt,training_logs/beijing_48h_3h_station1013_seed2049_informer_d16_e1.csv,0.2353564649820327,0.4851355119778728,0.2803270518779754,36.130409240722656,20.877321243286133,31.19709205627441,False,,
beijing_48h_3h_station1013_seed2049_informer_d32_e1,beijing,48,3,1013,2049,informer,informer_d32_e1,informer_d32_e1,32,1.0,,matched,completed,34.0,0.3133667111396789,13.844420189998344,0.0209500939963618,valid,test,1,1,9.0,21793.0,21793.0,21793.0,predictions/beijing_48h_3h_station1013_seed2049_informer_d32_e1.npz,checkpoints/beijing_48h_3h_station1013_seed2049_informer_d32_e1.pt,training_logs/beijing_48h_3h_station1013_seed2049_informer_d32_e1.csv,0.1993921995162964,0.4465335368326733,0.2557844817638397,33.25553512573242,19.04951858520508,32.450523376464844,False,,
beijing_48h_3h_station1013_seed2049_tst_d8_n1,beijing,48,3,1013,2049,tst,tst_d8_n1,tst_d8_n1,8,,1.0,non_aligned_as_is,completed,23.0,0.309068351984024,3.746737256005872,0.0032611909991828,valid,test,1,1,9.0,2123.0,2123.0,2123.0,predictions/beijing_48h_3h_station1013_seed2049_tst_d8_n1.npz,checkpoints/beijing_48h_3h_station1013_seed2049_tst_d8_n1.pt,training_logs/beijing_48h_3h_station1013_seed2049_tst_d8_n1.csv,0.195199579000473,0.4418139642434053,0.2610779404640198,32.90404510498047,19.443748474121094,30.012365341186523,False,,
beijing_48h_3h_station1013_seed2049_tst_d12_n1,beijing,48,3,1013,2049,tst,tst_d12_n1,tst_d12_n1,12,,1.0,non_aligned_as_is,completed,18.0,0.3006190955638885,3.1979997150046984,0.0032232419907813,valid,test,1,1,9.0,3567.0,3567.0,3567.0,predictions/beijing_48h_3h_station1013_seed2049_tst_d12_n1.npz,checkpoints/beijing_48h_3h_station1013_seed2049_tst_d12_n1.pt,training_logs/beijing_48h_3h_station1013_seed2049_tst_d12_n1.csv,0.1977897435426712,0.4447355883473586,0.2798962593078613,33.12163162231445,20.84524154663086,34.660484313964844,False,,
beijing_48h_3h_station1013_seed2049_tst_d24_n1,beijing,48,3,1013,2049,tst,tst_d24_n1,tst_d24_n1,24,,1.0,non_aligned_as_is,completed,27.0,0.2798105180263519,4.410978650994366,0.003852463007206,valid,test,1,1,9.0,9435.0,9435.0,9435.0,predictions/beijing_48h_3h_station1013_seed2049_tst_d24_n1.npz,checkpoints/beijing_48h_3h_station1013_seed2049_tst_d24_n1.pt,training_logs/beijing_48h_3h_station1013_seed2049_tst_d24_n1.csv,0.1910967975854873,0.4371461970388023,0.253356009721756,32.55641174316406,18.86865997314453,30.642683029174805,False,,
beijing_48h_6h_station1013_seed2047_informer_d8_e1,beijing,48,6,1013,2047,informer,informer_d8_e1,informer_d8_e1,8,1.0,,matched,completed,38.0,0.5802893042564392,12.371031025992124,0.0137531599903013,valid,test,1,1,9.0,1609.0,1609.0,1609.0,predictions/beijing_48h_6h_station1013_seed2047_informer_d8_e1.npz,checkpoints/beijing_48h_6h_station1013_seed2047_informer_d8_e1.pt,training_logs/beijing_48h_6h_station1013_seed2047_informer_d8_e1.csv,0.3706428408622741,0.6088044356460243,0.3946678936481476,45.34063720703125,29.392847061157227,41.7495231628418,False,,
beijing_48h_6h_station1013_seed2047_informer_d12_e2,beijing,48,6,1013,2047,informer,informer_d12_e2,informer_d12_e2,12,2.0,,matched,completed,37.0,0.5197903513908386,16.851659634994576,0.0191493760066805,valid,test,1,1,9.0,5125.0,5125.0,5125.0,predictions/beijing_48h_6h_station1013_seed2047_informer_d12_e2.npz,checkpoints/beijing_48h_6h_station1013_seed2047_informer_d12_e2.pt,training_logs/beijing_48h_6h_station1013_seed2047_informer_d12_e2.csv,0.3062490820884704,0.5533977611885238,0.3260517120361328,41.2142333984375,24.28266334533692,33.91559219360352,False,,
beijing_48h_6h_station1013_seed2047_informer_d16_e1,beijing,48,6,1013,2047,informer,informer_d16_e1,informer_d16_e1,16,1.0,,matched,completed,30.0,0.5318321585655212,12.844063894997817,0.0160070299898507,valid,test,1,1,9.0,5777.0,5777.0,5777.0,predictions/beijing_48h_6h_station1013_seed2047_informer_d16_e1.npz,checkpoints/beijing_48h_6h_station1013_seed2047_informer_d16_e1.pt,training_logs/beijing_48h_6h_station1013_seed2047_informer_d16_e1.csv,0.3320340514183044,0.5762239594274994,0.3357039391994476,42.91421127319336,25.001510620117188,36.58684539794922,False,,
beijing_48h_6h_station1013_seed2047_informer_d32_e1,beijing,48,6,1013,2047,informer,informer_d32_e1,informer_d32_e1,32,1.0,,matched,completed,37.0,0.5205576419830322,15.229150871993625,0.0216703260084614,valid,test,1,1,9.0,21793.0,21793.0,21793.0,predictions/beijing_48h_6h_station1013_seed2047_informer_d32_e1.npz,checkpoints/beijing_48h_6h_station1013_seed2047_informer_d32_e1.pt,training_logs/beijing_48h_6h_station1013_seed2047_informer_d32_e1.csv,0.3168058693408966,0.5628551051033441,0.3443247973918915,41.91857147216797,25.6435489654541,36.90056610107422,False,,
beijing_48h_6h_station1013_seed2047_tst_d8_n1,beijing,48,6,1013,2047,tst,tst_d8_n1,tst_d8_n1,8,,1.0,non_aligned_as_is,completed,37.0,0.4906542599201202,5.376021250995109,0.0034377550036879,valid,test,1,1,9.0,3278.0,3278.0,3278.0,predictions/beijing_48h_6h_station1013_seed2047_tst_d8_n1.npz,checkpoints/beijing_48h_6h_station1013_seed2047_tst_d8_n1.pt,training_logs/beijing_48h_6h_station1013_seed2047_tst_d8_n1.csv,0.3114978969097137,0.5581199664137754,0.3351505696773529,41.56592178344727,24.960298538208008,35.740516662597656,False,,
beijing_48h_6h_station1013_seed2047_tst_d12_n1,beijing,48,6,1013,2047,tst,tst_d12_n1,tst_d12_n1,12,,1.0,non_aligned_as_is,completed,28.0,0.4880123436450958,4.4652045460097725,0.0032963590056169,valid,test,1,1,9.0,5298.0,5298.0,5298.0,predictions/beijing_48h_6h_station1013_seed2047_tst_d12_n1.npz,checkpoints/beijing_48h_6h_station1013_seed2047_tst_d12_n1.pt,training_logs/beijing_48h_6h_station1013_seed2047_tst_d12_n1.csv,0.3001096546649933,0.5478226489156808,0.3391482532024383,40.79903030395508,25.258028030395508,38.29701614379883,False,,
beijing_48h_6h_station1013_seed2047_tst_d24_n1,beijing,48,6,1013,2047,tst,tst_d24_n1,tst_d24_n1,24,,1.0,non_aligned_as_is,completed,22.0,0.4883742034435272,4.384589476001565,0.0038738010043743,valid,test,1,1,9.0,12894.0,12894.0,12894.0,predictions/beijing_48h_6h_station1013_seed2047_tst_d24_n1.npz,checkpoints/beijing_48h_6h_station1013_seed2047_tst_d24_n1.pt,training_logs/beijing_48h_6h_station1013_seed2047_tst_d24_n1.csv,0.3218379020690918,0.5673075903503246,0.337013691663742,42.25016784667969,25.099056243896484,38.19266891479492,False,,
beijing_48h_6h_station1013_seed2048_informer_d8_e1,beijing,48,6,1013,2048,informer,informer_d8_e1,informer_d8_e1,8,1.0,,matched,completed,39.0,0.7257605791091919,11.412766433000796,0.0137803660036297,valid,test,1,1,9.0,1609.0,1609.0,1609.0,predictions/beijing_48h_6h_station1013_seed2048_informer_d8_e1.npz,checkpoints/beijing_48h_6h_station1013_seed2048_informer_d8_e1.pt,training_logs/beijing_48h_6h_station1013_seed2048_informer_d8_e1.csv,0.415332019329071,0.6444625817912712,0.4247590005397796,47.99627685546875,31.63388061523437,45.4657096862793,False,,
beijing_48h_6h_station1013_seed2048_informer_d12_e2,beijing,48,6,1013,2048,informer,informer_d12_e2,informer_d12_e2,12,2.0,,matched,completed,39.0,0.5206961035728455,14.920639315008884,0.0191019630001392,valid,test,1,1,9.0,5125.0,5125.0,5125.0,predictions/beijing_48h_6h_station1013_seed2048_informer_d12_e2.npz,checkpoints/beijing_48h_6h_station1013_seed2048_informer_d12_e2.pt,training_logs/beijing_48h_6h_station1013_seed2048_informer_d12_e2.csv,0.3292493820190429,0.5738025636218812,0.3401785492897033,42.73387908935547,25.33475685119629,36.23659896850586,False,,
beijing_48h_6h_station1013_seed2048_informer_d16_e1,beijing,48,6,1013,2048,informer,informer_d16_e1,informer_d16_e1,16,1.0,,matched,completed,40.0,0.7207019925117493,12.565405647008449,0.016148102004081,valid,test,1,1,9.0,5777.0,5777.0,5777.0,predictions/beijing_48h_6h_station1013_seed2048_informer_d16_e1.npz,checkpoints/beijing_48h_6h_station1013_seed2048_informer_d16_e1.pt,training_logs/beijing_48h_6h_station1013_seed2048_informer_d16_e1.csv,0.3672192692756653,0.6059861956147725,0.3932515978813171,45.13075256347656,29.28736686706543,42.59078598022461,False,,
beijing_48h_6h_station1013_seed2048_informer_d32_e1,beijing,48,6,1013,2048,informer,informer_d32_e1,informer_d32_e1,32,1.0,,matched,completed,38.0,0.5202305912971497,14.29219648599974,0.0217093699902761,valid,test,1,1,9.0,21793.0,21793.0,21793.0,predictions/beijing_48h_6h_station1013_seed2048_informer_d32_e1.npz,checkpoints/beijing_48h_6h_station1013_seed2048_informer_d32_e1.pt,training_logs/beijing_48h_6h_station1013_seed2048_informer_d32_e1.csv,0.3326816260814667,0.5767855980184202,0.3488672971725464,42.9560432434082,25.98185157775879,37.298858642578125,False,,
beijing_48h_6h_station1013_seed2048_tst_d8_n1,beijing,48,6,1013,2048,tst,tst_d8_n1,tst_d8_n1,8,,1.0,non_aligned_as_is,completed,16.0,0.5145731568336487,2.9066515380109195,0.0032102709956234,valid,test,1,1,9.0,3278.0,3278.0,3278.0,predictions/beijing_48h_6h_station1013_seed2048_tst_d8_n1.npz,checkpoints/beijing_48h_6h_station1013_seed2048_tst_d8_n1.pt,training_logs/beijing_48h_6h_station1013_seed2048_tst_d8_n1.csv,0.3114640414714813,0.5580896356961679,0.3416415750980377,41.56365966796875,25.443716049194336,37.28247833251953,False,,
beijing_48h_6h_station1013_seed2048_tst_d12_n1,beijing,48,6,1013,2048,tst,tst_d12_n1,tst_d12_n1,12,,1.0,non_aligned_as_is,completed,35.0,0.4947605431079864,4.905685400008224,0.0033161269966512,valid,test,1,1,9.0,5298.0,5298.0,5298.0,predictions/beijing_48h_6h_station1013_seed2048_tst_d12_n1.npz,checkpoints/beijing_48h_6h_station1013_seed2048_tst_d12_n1.pt,training_logs/beijing_48h_6h_station1013_seed2048_tst_d12_n1.csv,0.3076447546482086,0.5546573308342806,0.3335081338882446,41.30804061889648,24.83797836303711,36.27381896972656,False,,
beijing_48h_6h_station1013_seed2048_tst_d24_n1,beijing,48,6,1013,2048,tst,tst_d24_n1,tst_d24_n1,24,,1.0,non_aligned_as_is,completed,21.0,0.4847419559955597,3.685195976999239,0.0038906300032977,valid,test,1,1,9.0,12894.0,12894.0,12894.0,predictions/beijing_48h_6h_station1013_seed2048_tst_d24_n1.npz,checkpoints/beijing_48h_6h_station1013_seed2048_tst_d24_n1.pt,training_logs/beijing_48h_6h_station1013_seed2048_tst_d24_n1.csv,0.3064669072628021,0.5535945332667241,0.3334253430366516,41.22888946533203,24.83181381225586,36.44736099243164,False,,
beijing_48h_6h_station1013_seed2049_informer_d8_e1,beijing,48,6,1013,2049,informer,informer_d8_e1,informer_d8_e1,8,1.0,,matched,completed,39.0,0.5913406610488892,11.46112782099226,0.0137085760070476,valid,test,1,1,9.0,1609.0,1609.0,1609.0,predictions/beijing_48h_6h_station1013_seed2049_informer_d8_e1.npz,checkpoints/beijing_48h_6h_station1013_seed2049_informer_d8_e1.pt,training_logs/beijing_48h_6h_station1013_seed2049_informer_d8_e1.csv,0.3507975935935974,0.5922816843306885,0.3703841865062713,44.110107421875,27.58432006835937,38.12821578979492,False,,
beijing_48h_6h_station1013_seed2049_informer_d12_e2,beijing,48,6,1013,2049,informer,informer_d12_e2,informer_d12_e2,12,2.0,,matched,completed,27.0,0.5189477205276489,13.086156215998926,0.0191799669992178,valid,test,1,1,9.0,5125.0,5125.0,5125.0,predictions/beijing_48h_6h_station1013_seed2049_informer_d12_e2.npz,checkpoints/beijing_48h_6h_station1013_seed2049_informer_d12_e2.pt,training_logs/beijing_48h_6h_station1013_seed2049_informer_d12_e2.csv,0.3016801178455353,0.549254146862393,0.3259046971797943,40.9056396484375,24.27171516418457,35.49531555175781,False,,
beijing_48h_6h_station1013_seed2049_informer_d16_e1,beijing,48,6,1013,2049,informer,informer_d16_e1,informer_d16_e1,16,1.0,,matched,completed,39.0,0.5669576525688171,12.582019634006429,0.0161510589969111,valid,test,1,1,9.0,5777.0,5777.0,5777.0,predictions/beijing_48h_6h_station1013_seed2049_informer_d16_e1.npz,checkpoints/beijing_48h_6h_station1013_seed2049_informer_d16_e1.pt,training_logs/beijing_48h_6h_station1013_seed2049_informer_d16_e1.csv,0.336519181728363,0.5801027337708063,0.3566265404224396,43.20308303833008,26.559722900390625,38.42726516723633,False,,
beijing_48h_6h_station1013_seed2049_informer_d32_e1,beijing,48,6,1013,2049,informer,informer_d32_e1,informer_d32_e1,32,1.0,,matched,completed,29.0,0.5215755701065063,13.23518713300291,0.0215591109881643,valid,test,1,1,9.0,21793.0,21793.0,21793.0,predictions/beijing_48h_6h_station1013_seed2049_informer_d32_e1.npz,checkpoints/beijing_48h_6h_station1013_seed2049_informer_d32_e1.pt,training_logs/beijing_48h_6h_station1013_seed2049_informer_d32_e1.csv,0.3398927748203277,0.5830032374012409,0.3533955514431,43.41910171508789,26.319089889526367,37.421722412109375,False,,
beijing_48h_6h_station1013_seed2049_tst_d8_n1,beijing,48,6,1013,2049,tst,tst_d8_n1,tst_d8_n1,8,,1.0,non_aligned_as_is,completed,40.0,0.5046795010566711,4.874454290998983,0.0032150199986062,valid,test,1,1,9.0,3278.0,3278.0,3278.0,predictions/beijing_48h_6h_station1013_seed2049_tst_d8_n1.npz,checkpoints/beijing_48h_6h_station1013_seed2049_tst_d8_n1.pt,training_logs/beijing_48h_6h_station1013_seed2049_tst_d8_n1.csv,0.3051527142524719,0.5524062945445788,0.348175972700119,41.14039611816406,25.930362701416016,39.176944732666016,False,,
beijing_48h_6h_station1013_seed2049_tst_d12_n1,beijing,48,6,1013,2049,tst,tst_d12_n1,tst_d12_n1,12,,1.0,non_aligned_as_is,completed,11.0,0.5093930959701538,2.3898070979921613,0.0032737779984017,valid,test,1,1,9.0,5298.0,5298.0,5298.0,predictions/beijing_48h_6h_station1013_seed2049_tst_d12_n1.npz,checkpoints/beijing_48h_6h_station1013_seed2049_tst_d12_n1.pt,training_logs/beijing_48h_6h_station1013_seed2049_tst_d12_n1.csv,0.3099170923233032,0.5567019780127453,0.3495742380619049,41.46031188964844,26.034502029418945,39.12834930419922,False,,
beijing_48h_6h_station1013_seed2049_tst_d24_n1,beijing,48,6,1013,2049,tst,tst_d24_n1,tst_d24_n1,24,,1.0,non_aligned_as_is,completed,30.0,0.4940208494663238,4.839814129009028,0.0039988960052141,valid,test,1,1,9.0,12894.0,12894.0,12894.0,predictions/beijing_48h_6h_station1013_seed2049_tst_d24_n1.npz,checkpoints/beijing_48h_6h_station1013_seed2049_tst_d24_n1.pt,training_logs/beijing_48h_6h_station1013_seed2049_tst_d24_n1.csv,0.3081865608692169,0.5551455312521365,0.3389586508274078,41.34440231323242,25.243906021118164,38.32861328125,False,,
beijing_48h_12h_station1013_seed2047_informer_d8_e1,beijing,48,12,1013,2047,informer,informer_d8_e1,informer_d8_e1,8,1.0,,matched,completed,38.0,0.8865423202514648,12.679813973009004,0.2340490790084004,valid,test,1,1,9.0,1609.0,1609.0,1609.0,predictions/beijing_48h_12h_station1013_seed2047_informer_d8_e1.npz,checkpoints/beijing_48h_12h_station1013_seed2047_informer_d8_e1.pt,training_logs/beijing_48h_12h_station1013_seed2047_informer_d8_e1.csv,0.5171319842338562,0.719118894365776,0.4982462227344513,53.54752349853516,37.10074996948242,51.13254928588867,False,,
beijing_48h_12h_station1013_seed2047_informer_d12_e2,beijing,48,12,1013,2047,informer,informer_d12_e2,informer_d12_e2,12,2.0,,matched,completed,39.0,0.8655310869216919,17.281188737993944,0.3506576780055184,valid,test,1,1,9.0,5125.0,5125.0,5125.0,predictions/beijing_48h_12h_station1013_seed2047_informer_d12_e2.npz,checkpoints/beijing_48h_12h_station1013_seed2047_informer_d12_e2.pt,training_logs/beijing_48h_12h_station1013_seed2047_informer_d12_e2.csv,0.4923148155212402,0.701651491497909,0.4481577575206756,52.246856689453125,33.371028900146484,45.20096206665039,False,,
beijing_48h_12h_station1013_seed2047_informer_d16_e1,beijing,48,12,1013,2047,informer,informer_d16_e1,informer_d16_e1,16,1.0,,matched,completed,38.0,0.8498561382293701,13.93093147900072,0.2452043230005074,valid,test,1,1,9.0,5777.0,5777.0,5777.0,predictions/beijing_48h_12h_station1013_seed2047_informer_d16_e1.npz,checkpoints/beijing_48h_12h_station1013_seed2047_informer_d16_e1.pt,training_logs/beijing_48h_12h_station1013_seed2047_informer_d16_e1.csv,0.4942900240421295,0.7030576249797235,0.4475118815898895,52.351558685302734,33.322933197021484,45.4170150756836,False,,
beijing_48h_12h_station1013_seed2047_informer_d32_e1,beijing,48,12,1013,2047,informer,informer_d32_e1,informer_d32_e1,32,1.0,,matched,completed,21.0,0.8615202307701111,11.739794801993412,0.2478256140020676,valid,test,1,1,9.0,21793.0,21793.0,21793.0,predictions/beijing_48h_12h_station1013_seed2047_informer_d32_e1.npz,checkpoints/beijing_48h_12h_station1013_seed2047_informer_d32_e1.pt,training_logs/beijing_48h_12h_station1013_seed2047_informer_d32_e1.csv,0.517917275428772,0.7196646965280233,0.4632231593132019,53.588165283203125,34.49283981323242,46.499305725097656,False,,
beijing_48h_12h_station1013_seed2047_tst_d8_n1,beijing,48,12,1013,2047,tst,tst_d8_n1,tst_d8_n1,8,,1.0,non_aligned_as_is,completed,36.0,0.7959161996841431,5.4302777359989705,0.0032674980029696,valid,test,1,1,9.0,5588.0,5588.0,5588.0,predictions/beijing_48h_12h_station1013_seed2047_tst_d8_n1.npz,checkpoints/beijing_48h_12h_station1013_seed2047_tst_d8_n1.pt,training_logs/beijing_48h_12h_station1013_seed2047_tst_d8_n1.csv,0.5649363398551941,0.7516224716273417,0.485329121351242,55.96783065795898,36.13891220092773,47.7495231628418,False,,
beijing_48h_12h_station1013_seed2047_tst_d12_n1,beijing,48,12,1013,2047,tst,tst_d12_n1,tst_d12_n1,12,,1.0,non_aligned_as_is,completed,34.0,0.7984257340431213,4.898129487992264,0.003423392001423,valid,test,1,1,9.0,8760.0,8760.0,8760.0,predictions/beijing_48h_12h_station1013_seed2047_tst_d12_n1.npz,checkpoints/beijing_48h_12h_station1013_seed2047_tst_d12_n1.pt,training_logs/beijing_48h_12h_station1013_seed2047_tst_d12_n1.csv,0.4735147356986999,0.6881240699893443,0.4500899910926819,51.23956298828125,33.51491165161133,47.45644760131836,False,,
beijing_48h_12h_station1013_seed2047_tst_d24_n1,beijing,48,12,1013,2047,tst,tst_d24_n1,tst_d24_n1,24,,1.0,non_aligned_as_is,completed,13.0,0.7981941103935242,3.3071325000055367,0.0039304079982684,valid,test,1,1,9.0,19812.0,19812.0,19812.0,predictions/beijing_48h_12h_station1013_seed2047_tst_d24_n1.npz,checkpoints/beijing_48h_12h_station1013_seed2047_tst_d24_n1.pt,training_logs/beijing_48h_12h_station1013_seed2047_tst_d24_n1.csv,0.5181323289871216,0.7198140933512774,0.4662111699581146,53.59928512573242,34.715335845947266,48.17670822143555,False,,
beijing_48h_12h_station1013_seed2048_informer_d8_e1,beijing,48,12,1013,2048,informer,informer_d8_e1,informer_d8_e1,8,1.0,,matched,completed,39.0,0.9303555488586426,12.07516808800574,0.014270243991632,valid,test,1,1,9.0,1609.0,1609.0,1609.0,predictions/beijing_48h_12h_station1013_seed2048_informer_d8_e1.npz,checkpoints/beijing_48h_12h_station1013_seed2048_informer_d8_e1.pt,training_logs/beijing_48h_12h_station1013_seed2048_informer_d8_e1.csv,0.5390600562095642,0.7342070935434799,0.4854909479618072,54.67102813720703,36.15095901489258,49.2689094543457,False,,
beijing_48h_12h_station1013_seed2048_informer_d12_e2,beijing,48,12,1013,2048,informer,informer_d12_e2,informer_d12_e2,12,2.0,,matched,completed,18.0,0.8359791040420532,10.249651954,0.0199380959966219,valid,test,1,1,9.0,5125.0,5125.0,5125.0,predictions/beijing_48h_12h_station1013_seed2048_informer_d12_e2.npz,checkpoints/beijing_48h_12h_station1013_seed2048_informer_d12_e2.pt,training_logs/beijing_48h_12h_station1013_seed2048_informer_d12_e2.csv,0.5002774000167847,0.7073029054208562,0.4735588133335113,52.66767120361328,35.2624626159668,48.62054443359375,False,,
beijing_48h_12h_station1013_seed2048_informer_d16_e1,beijing,48,12,1013,2048,informer,informer_d16_e1,informer_d16_e1,16,1.0,,matched,completed,23.0,1.0242173671722412,10.338745757006109,0.0171012150094611,valid,test,1,1,9.0,5777.0,5777.0,5777.0,predictions/beijing_48h_12h_station1013_seed2048_informer_d16_e1.npz,checkpoints/beijing_48h_12h_station1013_seed2048_informer_d16_e1.pt,training_logs/beijing_48h_12h_station1013_seed2048_informer_d16_e1.csv,0.5926873087882996,0.7698618764351821,0.5255481004714966,57.32598114013672,39.13372421264648,51.15944290161133,False,,
beijing_48h_12h_station1013_seed2048_informer_d32_e1,beijing,48,12,1013,2048,informer,informer_d32_e1,informer_d32_e1,32,1.0,,matched,completed,15.0,0.8615132570266724,8.848160681998706,0.0234806039952673,valid,test,1,1,9.0,21793.0,21793.0,21793.0,predictions/beijing_48h_12h_station1013_seed2048_informer_d32_e1.npz,checkpoints/beijing_48h_12h_station1013_seed2048_informer_d32_e1.pt,training_logs/beijing_48h_12h_station1013_seed2048_informer_d32_e1.csv,0.5094353556632996,0.7137474032620361,0.4645939469337463,53.14754486083984,34.59490966796875,47.0761604309082,False,,
beijing_48h_12h_station1013_seed2048_tst_d8_n1,beijing,48,12,1013,2048,tst,tst_d8_n1,tst_d8_n1,8,,1.0,non_aligned_as_is,completed,19.0,0.8034517168998718,3.262581089991727,0.0031939499895088,valid,test,1,1,9.0,5588.0,5588.0,5588.0,predictions/beijing_48h_12h_station1013_seed2048_tst_d8_n1.npz,checkpoints/beijing_48h_12h_station1013_seed2048_tst_d8_n1.pt,training_logs/beijing_48h_12h_station1013_seed2048_tst_d8_n1.csv,0.4912554919719696,0.7008962062759148,0.4522427320480346,52.19060897827149,33.67520523071289,47.66260528564453,False,,
beijing_48h_12h_station1013_seed2048_tst_d12_n1,beijing,48,12,1013,2048,tst,tst_d12_n1,tst_d12_n1,12,,1.0,non_aligned_as_is,completed,26.0,0.8187569379806519,4.180480173003161,0.0032795969891594,valid,test,1,1,9.0,8760.0,8760.0,8760.0,predictions/beijing_48h_12h_station1013_seed2048_tst_d12_n1.npz,checkpoints/beijing_48h_12h_station1013_seed2048_tst_d12_n1.pt,training_logs/beijing_48h_12h_station1013_seed2048_tst_d12_n1.csv,0.4898414611816406,0.6998867488255801,0.4551430940628052,52.11544418334961,33.89117431640625,46.80475234985352,False,,
beijing_48h_12h_station1013_seed2048_tst_d24_n1,beijing,48,12,1013,2048,tst,tst_d24_n1,tst_d24_n1,24,,1.0,non_aligned_as_is,completed,10.0,0.7867200374603271,2.3366206799983047,0.0039582750032423,valid,test,1,1,9.0,19812.0,19812.0,19812.0,predictions/beijing_48h_12h_station1013_seed2048_tst_d24_n1.npz,checkpoints/beijing_48h_12h_station1013_seed2048_tst_d24_n1.pt,training_logs/beijing_48h_12h_station1013_seed2048_tst_d24_n1.csv,0.4932392239570617,0.7023099201613642,0.4554015398025512,52.29588317871094,33.91041946411133,48.3408203125,False,,
beijing_48h_12h_station1013_seed2049_informer_d8_e1,beijing,48,12,1013,2049,informer,informer_d8_e1,informer_d8_e1,8,1.0,,matched,completed,38.0,0.8998329639434814,12.065278878988464,0.0144222980015911,valid,test,1,1,9.0,1609.0,1609.0,1609.0,predictions/beijing_48h_12h_station1013_seed2049_informer_d8_e1.npz,checkpoints/beijing_48h_12h_station1013_seed2049_informer_d8_e1.pt,training_logs/beijing_48h_12h_station1013_seed2049_informer_d8_e1.csv,0.5203229784965515,0.721334165624055,0.4761094748973846,53.71247863769531,35.452392578125,47.220951080322266,False,,
beijing_48h_12h_station1013_seed2049_informer_d12_e2,beijing,48,12,1013,2049,informer,informer_d12_e2,informer_d12_e2,12,2.0,,matched,completed,38.0,0.8494822382926941,15.707152207003674,0.0198740749910939,valid,test,1,1,9.0,5125.0,5125.0,5125.0,predictions/beijing_48h_12h_station1013_seed2049_informer_d12_e2.npz,checkpoints/beijing_48h_12h_station1013_seed2049_informer_d12_e2.pt,training_logs/beijing_48h_12h_station1013_seed2049_informer_d12_e2.csv,0.4707108736038208,0.6860837220076139,0.4436895251274109,51.0876350402832,33.03831481933594,45.46479034423828,False,,
beijing_48h_12h_station1013_seed2049_informer_d16_e1,beijing,48,12,1013,2049,informer,informer_d16_e1,informer_d16_e1,16,1.0,,matched,completed,34.0,0.8458065986633301,13.340310500003396,0.017109442007495,valid,test,1,1,9.0,5777.0,5777.0,5777.0,predictions/beijing_48h_12h_station1013_seed2049_informer_d16_e1.npz,checkpoints/beijing_48h_12h_station1013_seed2049_informer_d16_e1.pt,training_logs/beijing_48h_12h_station1013_seed2049_informer_d16_e1.csv,0.5273027420043945,0.7261561416144564,0.4743439555168152,54.071533203125,35.3209228515625,46.93536376953125,False,,
beijing_48h_12h_station1013_seed2049_informer_d32_e1,beijing,48,12,1013,2049,informer,informer_d32_e1,informer_d32_e1,32,1.0,,matched,completed,8.0,0.8173849582672119,6.192233829002362,0.0233399760036263,valid,test,1,1,9.0,21793.0,21793.0,21793.0,predictions/beijing_48h_12h_station1013_seed2049_informer_d32_e1.npz,checkpoints/beijing_48h_12h_station1013_seed2049_informer_d32_e1.pt,training_logs/beijing_48h_12h_station1013_seed2049_informer_d32_e1.csv,0.4993277490139007,0.7066312680697768,0.4726594686508178,52.61766052246094,35.195491790771484,49.196537017822266,False,,
beijing_48h_12h_station1013_seed2049_tst_d8_n1,beijing,48,12,1013,2049,tst,tst_d8_n1,tst_d8_n1,8,,1.0,non_aligned_as_is,completed,29.0,0.8238239884376526,4.499080877008964,0.0032020490034483,valid,test,1,1,9.0,5588.0,5588.0,5588.0,predictions/beijing_48h_12h_station1013_seed2049_tst_d8_n1.npz,checkpoints/beijing_48h_12h_station1013_seed2049_tst_d8_n1.pt,training_logs/beijing_48h_12h_station1013_seed2049_tst_d8_n1.csv,0.4876127243041992,0.698292721073476,0.4566336870193481,51.99674987792969,34.00217056274414,47.34782028198242,False,,
beijing_48h_12h_station1013_seed2049_tst_d12_n1,beijing,48,12,1013,2049,tst,tst_d12_n1,tst_d12_n1,12,,1.0,non_aligned_as_is,completed,35.0,0.804250955581665,4.900492433007457,0.0032955160131677,valid,test,1,1,9.0,8760.0,8760.0,8760.0,predictions/beijing_48h_12h_station1013_seed2049_tst_d12_n1.npz,checkpoints/beijing_48h_12h_station1013_seed2049_tst_d12_n1.pt,training_logs/beijing_48h_12h_station1013_seed2049_tst_d12_n1.csv,0.4986862242221832,0.7061771903865086,0.4712354242801666,52.58384704589844,35.089454650878906,49.107547760009766,False,,
beijing_48h_12h_station1013_seed2049_tst_d24_n1,beijing,48,12,1013,2049,tst,tst_d24_n1,tst_d24_n1,24,,1.0,non_aligned_as_is,completed,10.0,0.7947938442230225,2.348153997998452,0.0041183010034728,valid,test,1,1,9.0,19812.0,19812.0,19812.0,predictions/beijing_48h_12h_station1013_seed2049_tst_d24_n1.npz,checkpoints/beijing_48h_12h_station1013_seed2049_tst_d24_n1.pt,training_logs/beijing_48h_12h_station1013_seed2049_tst_d24_n1.csv,0.5553607940673828,0.7452253310693235,0.4805187582969665,55.491477966308594,35.78071975708008,48.3280029296875,False,,
beijing_48h_24h_station1013_seed2047_informer_d8_e1,beijing,48,24,1013,2047,informer,informer_d8_e1,informer_d8_e1,8,1.0,,matched,completed,39.0,1.279509425163269,13.888479660992743,0.0156771460024174,valid,test,1,1,9.0,1609.0,1609.0,1609.0,predictions/beijing_48h_24h_station1013_seed2047_informer_d8_e1.npz,checkpoints/beijing_48h_24h_station1013_seed2047_informer_d8_e1.pt,training_logs/beijing_48h_24h_station1013_seed2047_informer_d8_e1.csv,0.7059005498886108,0.8401788796968244,0.6012847423553467,62.542457580566406,44.759307861328125,57.8676872253418,False,,
beijing_48h_24h_station1013_seed2047_informer_d12_e2,beijing,48,24,1013,2047,informer,informer_d12_e2,informer_d12_e2,12,2.0,,matched,completed,28.0,1.229250192642212,16.98885061100009,0.0215183800028171,valid,test,1,1,9.0,5125.0,5125.0,5125.0,predictions/beijing_48h_24h_station1013_seed2047_informer_d12_e2.npz,checkpoints/beijing_48h_24h_station1013_seed2047_informer_d12_e2.pt,training_logs/beijing_48h_24h_station1013_seed2047_informer_d12_e2.csv,0.686724841594696,0.8286886276489476,0.5790998339653015,61.68712615966797,43.107872009277344,56.00268173217773,False,,
beijing_48h_24h_station1013_seed2047_informer_d16_e1,beijing,48,24,1013,2047,informer,informer_d16_e1,informer_d16_e1,16,1.0,,matched,completed,32.0,1.2223984003067017,15.625908890986466,0.0187764059955952,valid,test,1,1,9.0,5777.0,5777.0,5777.0,predictions/beijing_48h_24h_station1013_seed2047_informer_d16_e1.npz,checkpoints/beijing_48h_24h_station1013_seed2047_informer_d16_e1.pt,training_logs/beijing_48h_24h_station1013_seed2047_informer_d16_e1.csv,0.7107092142105103,0.8430357134846128,0.6023694276809692,62.75511932373047,44.84005355834961,57.819862365722656,False,,
beijing_48h_24h_station1013_seed2047_informer_d32_e1,beijing,48,24,1013,2047,informer,informer_d32_e1,informer_d32_e1,32,1.0,,matched,completed,11.0,1.2801964282989502,8.643830575994798,0.0264196329953847,valid,test,1,1,9.0,21793.0,21793.0,21793.0,predictions/beijing_48h_24h_station1013_seed2047_informer_d32_e1.npz,checkpoints/beijing_48h_24h_station1013_seed2047_informer_d32_e1.pt,training_logs/beijing_48h_24h_station1013_seed2047_informer_d32_e1.csv,0.7886273860931396,0.8880469503878382,0.6496357321739197,66.10572814941406,48.35852813720703,61.28326034545898,False,,
beijing_48h_24h_station1013_seed2047_tst_d8_n1,beijing,48,24,1013,2047,tst,tst_d8_n1,tst_d8_n1,8,,1.0,non_aligned_as_is,completed,39.0,1.1697412729263306,5.403491015997133,0.003387434000615,valid,test,1,1,9.0,10208.0,10208.0,10208.0,predictions/beijing_48h_24h_station1013_seed2047_tst_d8_n1.npz,checkpoints/beijing_48h_24h_station1013_seed2047_tst_d8_n1.pt,training_logs/beijing_48h_24h_station1013_seed2047_tst_d8_n1.csv,0.8113412261009216,0.9007448174155218,0.6158760786056519,67.05094909667969,45.84547805786133,58.29594039916992,False,,
beijing_48h_24h_station1013_seed2047_tst_d12_n1,beijing,48,24,1013,2047,tst,tst_d12_n1,tst_d12_n1,12,,1.0,non_aligned_as_is,completed,23.0,1.180930495262146,3.8306498719903175,0.0034445149940438,valid,test,1,1,9.0,15684.0,15684.0,15684.0,predictions/beijing_48h_24h_station1013_seed2047_tst_d12_n1.npz,checkpoints/beijing_48h_24h_station1013_seed2047_tst_d12_n1.pt,training_logs/beijing_48h_24h_station1013_seed2047_tst_d12_n1.csv,0.6654048562049866,0.8157235170111173,0.5663684606552124,60.722015380859375,42.16015625,56.96902847290039,False,,
beijing_48h_24h_station1013_seed2047_tst_d24_n1,beijing,48,24,1013,2047,tst,tst_d24_n1,tst_d24_n1,24,,1.0,non_aligned_as_is,completed,16.0,1.165231227874756,3.669130137001048,0.0040352350042667,valid,test,1,1,9.0,33648.0,33648.0,33648.0,predictions/beijing_48h_24h_station1013_seed2047_tst_d24_n1.npz,checkpoints/beijing_48h_24h_station1013_seed2047_tst_d24_n1.pt,training_logs/beijing_48h_24h_station1013_seed2047_tst_d24_n1.csv,0.6982696652412415,0.835625313906443,0.5774798393249512,62.2034912109375,42.987281799316406,56.69511032104492,False,,
beijing_48h_24h_station1013_seed2048_informer_d8_e1,beijing,48,24,1013,2048,informer,informer_d8_e1,informer_d8_e1,8,1.0,,matched,completed,38.0,1.3530765771865845,13.541133068007184,0.0156822400022065,valid,test,1,1,9.0,1609.0,1609.0,1609.0,predictions/beijing_48h_24h_station1013_seed2048_informer_d8_e1.npz,checkpoints/beijing_48h_24h_station1013_seed2048_informer_d8_e1.pt,training_logs/beijing_48h_24h_station1013_seed2048_informer_d8_e1.csv,0.7647068500518799,0.8744751854980677,0.6358687877655029,65.095458984375,47.3337287902832,60.579620361328125,False,,
beijing_48h_24h_station1013_seed2048_informer_d12_e2,beijing,48,24,1013,2048,informer,informer_d12_e2,informer_d12_e2,12,2.0,,matched,completed,21.0,1.1741148233413696,12.618015521002237,0.0212911179987713,valid,test,1,1,9.0,5125.0,5125.0,5125.0,predictions/beijing_48h_24h_station1013_seed2048_informer_d12_e2.npz,checkpoints/beijing_48h_24h_station1013_seed2048_informer_d12_e2.pt,training_logs/beijing_48h_24h_station1013_seed2048_informer_d12_e2.csv,0.6691944003105164,0.8180430308428257,0.5753520727157593,60.89468002319336,42.82889175415039,56.364219665527344,False,,
beijing_48h_24h_station1013_seed2048_informer_d16_e1,beijing,48,24,1013,2048,informer,informer_d16_e1,informer_d16_e1,16,1.0,,matched,completed,35.0,1.2706396579742432,15.307233912011723,0.0188532030006172,valid,test,1,1,9.0,5777.0,5777.0,5777.0,predictions/beijing_48h_24h_station1013_seed2048_informer_d16_e1.npz,checkpoints/beijing_48h_24h_station1013_seed2048_informer_d16_e1.pt,training_logs/beijing_48h_24h_station1013_seed2048_informer_d16_e1.csv,0.7218287587165833,0.849605060434896,0.6149274110794067,63.244136810302734,45.77486038208008,58.837646484375,False,,
beijing_48h_24h_station1013_seed2048_informer_d32_e1,beijing,48,24,1013,2048,informer,informer_d32_e1,informer_d32_e1,32,1.0,,matched,completed,12.0,1.2448272705078125,8.743832612002734,0.0260223049990599,valid,test,1,1,9.0,21793.0,21793.0,21793.0,predictions/beijing_48h_24h_station1013_seed2048_informer_d32_e1.npz,checkpoints/beijing_48h_24h_station1013_seed2048_informer_d32_e1.pt,training_logs/beijing_48h_24h_station1013_seed2048_informer_d32_e1.csv,0.7175407409667969,0.847077765595814,0.6079211831092834,63.05600738525391,45.25332260131836,58.58880233764648,False,,
beijing_48h_24h_station1013_seed2048_tst_d8_n1,beijing,48,24,1013,2048,tst,tst_d8_n1,tst_d8_n1,8,,1.0,non_aligned_as_is,completed,25.0,1.1889042854309082,3.998156059999019,0.0033846890000859,valid,test,1,1,9.0,10208.0,10208.0,10208.0,predictions/beijing_48h_24h_station1013_seed2048_tst_d8_n1.npz,checkpoints/beijing_48h_24h_station1013_seed2048_tst_d8_n1.pt,training_logs/beijing_48h_24h_station1013_seed2048_tst_d8_n1.csv,0.6917061805725098,0.8316887522219534,0.5719807744026184,61.910457611083984,42.57793426513672,56.18495178222656,False,,
beijing_48h_24h_station1013_seed2048_tst_d12_n1,beijing,48,24,1013,2048,tst,tst_d12_n1,tst_d12_n1,12,,1.0,non_aligned_as_is,completed,40.0,1.1235283613204956,4.940241739997873,0.0035621379938675,valid,test,1,1,9.0,15684.0,15684.0,15684.0,predictions/beijing_48h_24h_station1013_seed2048_tst_d12_n1.npz,checkpoints/beijing_48h_24h_station1013_seed2048_tst_d12_n1.pt,training_logs/beijing_48h_24h_station1013_seed2048_tst_d12_n1.csv,0.7559800148010254,0.869471112114155,0.5977957844734192,64.72295379638672,44.49958801269531,57.301116943359375,False,,
beijing_48h_24h_station1013_seed2048_tst_d24_n1,beijing,48,24,1013,2048,tst,tst_d24_n1,tst_d24_n1,24,,1.0,non_aligned_as_is,completed,28.0,1.1244962215423584,4.605974670994328,0.0040013109974097,valid,test,1,1,9.0,33648.0,33648.0,33648.0,predictions/beijing_48h_24h_station1013_seed2048_tst_d24_n1.npz,checkpoints/beijing_48h_24h_station1013_seed2048_tst_d24_n1.pt,training_logs/beijing_48h_24h_station1013_seed2048_tst_d24_n1.csv,0.6677694916725159,0.8171716415004352,0.5622314214706421,60.82980728149414,41.85219955444336,55.20777130126953,False,,
beijing_48h_24h_station1013_seed2049_informer_d8_e1,beijing,48,24,1013,2049,informer,informer_d8_e1,informer_d8_e1,8,1.0,,matched,completed,39.0,1.249253749847412,13.559849301003853,0.0157576289930148,valid,test,1,1,9.0,1609.0,1609.0,1609.0,predictions/beijing_48h_24h_station1013_seed2049_informer_d8_e1.npz,checkpoints/beijing_48h_24h_station1013_seed2049_informer_d8_e1.pt,training_logs/beijing_48h_24h_station1013_seed2049_informer_d8_e1.csv,0.6855547428131104,0.8279823324281204,0.5900583267211914,61.634552001953125,43.923614501953125,57.57883834838867,False,,
beijing_48h_24h_station1013_seed2049_informer_d12_e2,beijing,48,24,1013,2049,informer,informer_d12_e2,informer_d12_e2,12,2.0,,matched,completed,27.0,1.23155415058136,15.215445827008809,0.0214074429968604,valid,test,1,1,9.0,5125.0,5125.0,5125.0,predictions/beijing_48h_24h_station1013_seed2049_informer_d12_e2.npz,checkpoints/beijing_48h_24h_station1013_seed2049_informer_d12_e2.pt,training_logs/beijing_48h_24h_station1013_seed2049_informer_d12_e2.csv,0.6795615553855896,0.8243552361607158,0.5834628343582153,61.36455154418945,43.432655334472656,56.47983551025391,False,,
beijing_48h_24h_station1013_seed2049_informer_d16_e1,beijing,48,24,1013,2049,informer,informer_d16_e1,informer_d16_e1,16,1.0,,matched,completed,40.0,1.2225688695907593,15.304330501996446,0.0188236260000849,valid,test,1,1,9.0,5777.0,5777.0,5777.0,predictions/beijing_48h_24h_station1013_seed2049_informer_d16_e1.npz,checkpoints/beijing_48h_24h_station1013_seed2049_informer_d16_e1.pt,training_logs/beijing_48h_24h_station1013_seed2049_informer_d16_e1.csv,0.678772509098053,0.8238765132579354,0.5798481106758118,61.328914642333984,43.16357421875,55.97011566162109,False,,
beijing_48h_24h_station1013_seed2049_informer_d32_e1,beijing,48,24,1013,2049,informer,informer_d32_e1,informer_d32_e1,32,1.0,,matched,completed,10.0,1.2090450525283811,7.889036851993296,0.0260070660006022,valid,test,1,1,9.0,21793.0,21793.0,21793.0,predictions/beijing_48h_24h_station1013_seed2049_informer_d32_e1.npz,checkpoints/beijing_48h_24h_station1013_seed2049_informer_d32_e1.pt,training_logs/beijing_48h_24h_station1013_seed2049_informer_d32_e1.csv,0.7111323475837708,0.8432866342968864,0.5915923714637756,62.77379608154297,44.03780746459961,56.337249755859375,False,,
beijing_48h_24h_station1013_seed2049_tst_d8_n1,beijing,48,24,1013,2049,tst,tst_d8_n1,tst_d8_n1,8,,1.0,non_aligned_as_is,completed,15.0,1.2122406959533691,2.805254581006011,0.0033899579866556,valid,test,1,1,9.0,10208.0,10208.0,10208.0,predictions/beijing_48h_24h_station1013_seed2049_tst_d8_n1.npz,checkpoints/beijing_48h_24h_station1013_seed2049_tst_d8_n1.pt,training_logs/beijing_48h_24h_station1013_seed2049_tst_d8_n1.csv,0.6722905039787292,0.819933231415052,0.5667532086372375,61.03538131713867,42.18879699707031,56.72737884521485,False,,
beijing_48h_24h_station1013_seed2049_tst_d12_n1,beijing,48,24,1013,2049,tst,tst_d12_n1,tst_d12_n1,12,,1.0,non_aligned_as_is,completed,40.0,1.1245245933532717,4.996385427002679,0.003538714008755,valid,test,1,1,9.0,15684.0,15684.0,15684.0,predictions/beijing_48h_24h_station1013_seed2049_tst_d12_n1.npz,checkpoints/beijing_48h_24h_station1013_seed2049_tst_d12_n1.pt,training_logs/beijing_48h_24h_station1013_seed2049_tst_d12_n1.csv,0.7532147765159607,0.8678794711916861,0.6103332042694092,64.6044692993164,45.4328727722168,58.50913619995117,False,,
beijing_48h_24h_station1013_seed2049_tst_d24_n1,beijing,48,24,1013,2049,tst,tst_d24_n1,tst_d24_n1,24,,1.0,non_aligned_as_is,completed,35.0,1.1148440837860107,5.111759606006672,0.0040277669904753,valid,test,1,1,9.0,33648.0,33648.0,33648.0,predictions/beijing_48h_24h_station1013_seed2049_tst_d24_n1.npz,checkpoints/beijing_48h_24h_station1013_seed2049_tst_d24_n1.pt,training_logs/beijing_48h_24h_station1013_seed2049_tst_d24_n1.csv,0.7550711631774902,0.8689483086913112,0.6005443334579468,64.68403625488281,44.704193115234375,57.34855651855469,False,,
beijing_72h_1h_station1013_seed2047_informer_d8_e1,beijing,72,1,1013,2047,informer,informer_d8_e1,informer_d8_e1,8,1.0,,matched,completed,30.0,0.3028809428215027,14.606572389006033,0.23728547700739,valid,test,1,1,9.0,1609.0,1609.0,1609.0,predictions/beijing_72h_1h_station1013_seed2047_informer_d8_e1.npz,checkpoints/beijing_72h_1h_station1013_seed2047_informer_d8_e1.pt,training_logs/beijing_72h_1h_station1013_seed2047_informer_d8_e1.csv,0.1638828665018081,0.4048244885154654,0.2613276541233063,30.13491439819336,19.453088760375977,35.52273941040039,False,,
beijing_72h_1h_station1013_seed2047_informer_d12_e2,beijing,72,1,1013,2047,informer,informer_d12_e2,informer_d12_e2,12,2.0,,matched,completed,30.0,0.2281868159770965,20.16090164399065,0.3336442930012708,valid,test,1,1,9.0,5125.0,5125.0,5125.0,predictions/beijing_72h_1h_station1013_seed2047_informer_d12_e2.npz,checkpoints/beijing_72h_1h_station1013_seed2047_informer_d12_e2.pt,training_logs/beijing_72h_1h_station1013_seed2047_informer_d12_e2.csv,0.1050749719142913,0.3241526984528918,0.1868094801902771,24.12974739074707,13.905996322631836,23.915218353271484,False,,
beijing_72h_1h_station1013_seed2047_informer_d16_e1,beijing,72,1,1013,2047,informer,informer_d16_e1,informer_d16_e1,16,1.0,,matched,completed,30.0,0.6757655143737793,13.739234168009716,0.2413444830017397,valid,test,1,1,9.0,5777.0,5777.0,5777.0,predictions/beijing_72h_1h_station1013_seed2047_informer_d16_e1.npz,checkpoints/beijing_72h_1h_station1013_seed2047_informer_d16_e1.pt,training_logs/beijing_72h_1h_station1013_seed2047_informer_d16_e1.csv,0.273386538028717,0.5228637853482655,0.3566930294036865,38.92169570922852,26.55203628540039,43.41396331787109,True,beijing_72h_1h_station1013_seed2047_informer_d16_e1 出现非有限训练损失,
beijing_72h_1h_station1013_seed2047_informer_d32_e1,beijing,72,1,1013,2047,informer,informer_d32_e1,informer_d32_e1,32,1.0,,matched,completed,27.0,0.2876197695732116,14.3864984880056,0.2520838510099565,valid,test,1,1,9.0,21793.0,21793.0,21793.0,predictions/beijing_72h_1h_station1013_seed2047_informer_d32_e1.npz,checkpoints/beijing_72h_1h_station1013_seed2047_informer_d32_e1.pt,training_logs/beijing_72h_1h_station1013_seed2047_informer_d32_e1.csv,0.1807047575712204,0.4250938220807501,0.2880199551582336,31.64375305175781,21.44004821777344,41.46870422363281,True,beijing_72h_1h_station1013_seed2047_informer_d32_e1 出现非有限验证损失,
beijing_72h_1h_station1013_seed2047_tst_d8_n1,beijing,72,1,1013,2047,tst,tst_d8_n1,tst_d8_n1,8,,1.0,non_aligned_as_is,completed,30.0,0.1362657397985458,6.610979028002475,0.0033380099921487,valid,test,1,1,9.0,1737.0,1737.0,1737.0,predictions/beijing_72h_1h_station1013_seed2047_tst_d8_n1.npz,checkpoints/beijing_72h_1h_station1013_seed2047_tst_d8_n1.pt,training_logs/beijing_72h_1h_station1013_seed2047_tst_d8_n1.csv,0.0988087356090545,0.3143385684402322,0.1733827888965606,23.39919090270996,12.906519889831545,21.60444641113281,False,,
beijing_72h_1h_station1013_seed2047_tst_d12_n1,beijing,72,1,1013,2047,tst,tst_d12_n1,tst_d12_n1,12,,1.0,non_aligned_as_is,completed,30.0,0.1279810965061187,5.555366881992086,0.0036649709945777,valid,test,1,1,9.0,2989.0,2989.0,2989.0,predictions/beijing_72h_1h_station1013_seed2047_tst_d12_n1.npz,checkpoints/beijing_72h_1h_station1013_seed2047_tst_d12_n1.pt,training_logs/beijing_72h_1h_station1013_seed2047_tst_d12_n1.csv,0.0940603390336036,0.3066925806627928,0.1698954254388809,22.83002662658692,12.646923065185549,22.439817428588867,False,,
beijing_72h_1h_station1013_seed2047_tst_d24_n1,beijing,72,1,1013,2047,tst,tst_d24_n1,tst_d24_n1,24,,1.0,non_aligned_as_is,completed,30.0,0.1154012531042099,7.325206932000583,0.0046698189980816,valid,test,1,1,9.0,8281.0,8281.0,8281.0,predictions/beijing_72h_1h_station1013_seed2047_tst_d24_n1.npz,checkpoints/beijing_72h_1h_station1013_seed2047_tst_d24_n1.pt,training_logs/beijing_72h_1h_station1013_seed2047_tst_d24_n1.csv,0.0920843482017517,0.3034540297998227,0.157780721783638,22.588951110839844,11.745109558105469,20.35968017578125,False,,
beijing_72h_1h_station1013_seed2048_informer_d8_e1,beijing,72,1,1013,2048,informer,informer_d8_e1,informer_d8_e1,8,1.0,,matched,completed,29.0,0.5656927227973938,12.00551504798932,0.0152580870053498,valid,test,1,1,9.0,1609.0,1609.0,1609.0,predictions/beijing_72h_1h_station1013_seed2048_informer_d8_e1.npz,checkpoints/beijing_72h_1h_station1013_seed2048_informer_d8_e1.pt,training_logs/beijing_72h_1h_station1013_seed2048_informer_d8_e1.csv,0.3291917443275451,0.5737523370998546,0.3791531324386596,42.709808349609375,28.22395133972168,38.13902282714844,False,,
beijing_72h_1h_station1013_seed2048_informer_d12_e2,beijing,72,1,1013,2048,informer,informer_d12_e2,informer_d12_e2,12,2.0,,matched,completed,30.0,0.2210023254156112,14.562216243997682,0.0212924219958949,valid,test,1,1,9.0,5125.0,5125.0,5125.0,predictions/beijing_72h_1h_station1013_seed2048_informer_d12_e2.npz,checkpoints/beijing_72h_1h_station1013_seed2048_informer_d12_e2.pt,training_logs/beijing_72h_1h_station1013_seed2048_informer_d12_e2.csv,0.1205769702792167,0.3472419477528842,0.1946399509906768,25.848501205444336,14.488890647888184,22.94392967224121,False,,
beijing_72h_1h_station1013_seed2048_informer_d16_e1,beijing,72,1,1013,2048,informer,informer_d16_e1,informer_d16_e1,16,1.0,,matched,completed,30.0,0.2296886444091797,12.692398234998109,0.0194790480018127,valid,test,1,1,9.0,5777.0,5777.0,5777.0,predictions/beijing_72h_1h_station1013_seed2048_informer_d16_e1.npz,checkpoints/beijing_72h_1h_station1013_seed2048_informer_d16_e1.pt,training_logs/beijing_72h_1h_station1013_seed2048_informer_d16_e1.csv,0.1015200912952423,0.3186221764021492,0.1862476766109466,23.718061447143555,13.864174842834473,23.696548461914062,False,,
beijing_72h_1h_station1013_seed2048_informer_d32_e1,beijing,72,1,1013,2048,informer,informer_d32_e1,informer_d32_e1,32,1.0,,matched,completed,27.0,0.1687362790107727,14.293964430005872,0.0276800840074429,valid,test,1,1,9.0,21793.0,21793.0,21793.0,predictions/beijing_72h_1h_station1013_seed2048_informer_d32_e1.npz,checkpoints/beijing_72h_1h_station1013_seed2048_informer_d32_e1.pt,training_logs/beijing_72h_1h_station1013_seed2048_informer_d32_e1.csv,0.1002907529473304,0.3166871531138112,0.1708074808120727,23.574018478393555,12.714816093444824,19.94542694091797,False,,
beijing_72h_1h_station1013_seed2048_tst_d8_n1,beijing,72,1,1013,2048,tst,tst_d8_n1,tst_d8_n1,8,,1.0,non_aligned_as_is,completed,27.0,0.1449250429868698,5.393641705988557,0.0033637949964031,valid,test,1,1,9.0,1737.0,1737.0,1737.0,predictions/beijing_72h_1h_station1013_seed2048_tst_d8_n1.npz,checkpoints/beijing_72h_1h_station1013_seed2048_tst_d8_n1.pt,training_logs/beijing_72h_1h_station1013_seed2048_tst_d8_n1.csv,0.1005115732550621,0.3170356025039808,0.1775151491165161,23.599958419799805,13.214131355285645,22.97454833984375,False,,
beijing_72h_1h_station1013_seed2048_tst_d12_n1,beijing,72,1,1013,2048,tst,tst_d12_n1,tst_d12_n1,12,,1.0,non_aligned_as_is,completed,27.0,0.1334482580423355,5.555288892996032,0.0036179519956931,valid,test,1,1,9.0,2989.0,2989.0,2989.0,predictions/beijing_72h_1h_station1013_seed2048_tst_d12_n1.npz,checkpoints/beijing_72h_1h_station1013_seed2048_tst_d12_n1.pt,training_logs/beijing_72h_1h_station1013_seed2048_tst_d12_n1.csv,0.0982074216008186,0.3133806337360664,0.1746784001588821,23.327880859375,13.002964973449709,21.7546443939209,False,,
beijing_72h_1h_station1013_seed2048_tst_d24_n1,beijing,72,1,1013,2048,tst,tst_d24_n1,tst_d24_n1,24,,1.0,non_aligned_as_is,completed,27.0,0.1179572120308876,6.124987952003721,0.0046445540065178,valid,test,1,1,9.0,8281.0,8281.0,8281.0,predictions/beijing_72h_1h_station1013_seed2048_tst_d24_n1.npz,checkpoints/beijing_72h_1h_station1013_seed2048_tst_d24_n1.pt,training_logs/beijing_72h_1h_station1013_seed2048_tst_d24_n1.csv,0.0903384238481521,0.3005635105067682,0.1600363105535507,22.3737850189209,11.913015365600586,20.507871627807617,False,,
beijing_72h_1h_station1013_seed2049_informer_d8_e1,beijing,72,1,1013,2049,informer,informer_d8_e1,informer_d8_e1,8,1.0,,matched,completed,29.0,0.421741247177124,11.992911776003892,0.0152878109947778,valid,test,1,1,9.0,1609.0,1609.0,1609.0,predictions/beijing_72h_1h_station1013_seed2049_informer_d8_e1.npz,checkpoints/beijing_72h_1h_station1013_seed2049_informer_d8_e1.pt,training_logs/beijing_72h_1h_station1013_seed2049_informer_d8_e1.csv,0.2184862792491912,0.4674251589818324,0.3110764920711517,34.79487228393555,23.156362533569336,33.48297500610352,False,,
beijing_72h_1h_station1013_seed2049_informer_d12_e2,beijing,72,1,1013,2049,informer,informer_d12_e2,informer_d12_e2,12,2.0,,matched,completed,30.0,0.2207720279693603,14.571632510007476,0.0215453609998803,valid,test,1,1,9.0,5125.0,5125.0,5125.0,predictions/beijing_72h_1h_station1013_seed2049_informer_d12_e2.npz,checkpoints/beijing_72h_1h_station1013_seed2049_informer_d12_e2.pt,training_logs/beijing_72h_1h_station1013_seed2049_informer_d12_e2.csv,0.1105851531028747,0.3325434604722738,0.1897499710321426,24.75435447692871,14.124885559082031,21.7496395111084,False,,
beijing_72h_1h_station1013_seed2049_informer_d16_e1,beijing,72,1,1013,2049,informer,informer_d16_e1,informer_d16_e1,16,1.0,,matched,completed,7.0,0.3640299439430237,5.542040891989018,0.0195896119985263,valid,test,1,1,9.0,5777.0,5777.0,5777.0,predictions/beijing_72h_1h_station1013_seed2049_informer_d16_e1.npz,checkpoints/beijing_72h_1h_station1013_seed2049_informer_d16_e1.pt,training_logs/beijing_72h_1h_station1013_seed2049_informer_d16_e1.csv,0.1940967440605163,0.4405641202600551,0.2994963526725769,32.795352935791016,22.29434394836425,40.47786712646485,False,,
beijing_72h_1h_station1013_seed2049_informer_d32_e1,beijing,72,1,1013,2049,informer,informer_d32_e1,informer_d32_e1,32,1.0,,matched,completed,29.0,0.1476350575685501,14.289701429006527,0.0277787850063759,valid,test,1,1,9.0,21793.0,21793.0,21793.0,predictions/beijing_72h_1h_station1013_seed2049_informer_d32_e1.npz,checkpoints/beijing_72h_1h_station1013_seed2049_informer_d32_e1.pt,training_logs/beijing_72h_1h_station1013_seed2049_informer_d32_e1.csv,0.1115308329463005,0.3339623226447865,0.1717949360609054,24.85997200012207,12.788321495056152,18.760517120361328,False,,
beijing_72h_1h_station1013_seed2049_tst_d8_n1,beijing,72,1,1013,2049,tst,tst_d8_n1,tst_d8_n1,8,,1.0,non_aligned_as_is,completed,28.0,0.1834524720907211,5.402191500994377,0.0032014809985412,valid,test,1,1,9.0,1737.0,1737.0,1737.0,predictions/beijing_72h_1h_station1013_seed2049_tst_d8_n1.npz,checkpoints/beijing_72h_1h_station1013_seed2049_tst_d8_n1.pt,training_logs/beijing_72h_1h_station1013_seed2049_tst_d8_n1.csv,0.1244231015443801,0.3527365894607195,0.2157578766345977,26.257518768310547,16.060897827148438,25.440410614013672,False,,
beijing_72h_1h_station1013_seed2049_tst_d12_n1,beijing,72,1,1013,2049,tst,tst_d12_n1,tst_d12_n1,12,,1.0,non_aligned_as_is,completed,26.0,0.150375947356224,5.577468991992646,0.0036106309999013,valid,test,1,1,9.0,2989.0,2989.0,2989.0,predictions/beijing_72h_1h_station1013_seed2049_tst_d12_n1.npz,checkpoints/beijing_72h_1h_station1013_seed2049_tst_d12_n1.pt,training_logs/beijing_72h_1h_station1013_seed2049_tst_d12_n1.csv,0.1048186123371124,0.3237570266992091,0.1936597675085067,24.10029411315918,14.41592788696289,25.7258415222168,False,,
beijing_72h_1h_station1013_seed2049_tst_d24_n1,beijing,72,1,1013,2049,tst,tst_d24_n1,tst_d24_n1,24,,1.0,non_aligned_as_is,completed,24.0,0.1200254410505294,6.120175850999658,0.0048485330044059,valid,test,1,1,9.0,8281.0,8281.0,8281.0,predictions/beijing_72h_1h_station1013_seed2049_tst_d24_n1.npz,checkpoints/beijing_72h_1h_station1013_seed2049_tst_d24_n1.pt,training_logs/beijing_72h_1h_station1013_seed2049_tst_d24_n1.csv,0.0949088111519813,0.3080727367878913,0.1755065321922302,22.93276596069336,13.064610481262209,25.48891830444336,False,,
beijing_72h_3h_station1013_seed2047_informer_d8_e1,beijing,72,3,1013,2047,informer,informer_d8_e1,informer_d8_e1,8,1.0,,matched,completed,28.0,0.7883061766624451,14.186383956010104,0.1278386019985191,valid,test,1,1,9.0,1609.0,1609.0,1609.0,predictions/beijing_72h_3h_station1013_seed2047_informer_d8_e1.npz,checkpoints/beijing_72h_3h_station1013_seed2047_informer_d8_e1.pt,training_logs/beijing_72h_3h_station1013_seed2047_informer_d8_e1.csv,0.3909285366535187,0.62524278216827,0.4182367622852325,46.53960418701172,31.131227493286133,43.2050895690918,False,,
beijing_72h_3h_station1013_seed2047_informer_d12_e2,beijing,72,3,1013,2047,informer,informer_d12_e2,informer_d12_e2,12,2.0,,matched,completed,30.0,0.3825761079788208,18.285205228006816,0.1342890399973839,valid,test,1,1,9.0,5125.0,5125.0,5125.0,predictions/beijing_72h_3h_station1013_seed2047_informer_d12_e2.npz,checkpoints/beijing_72h_3h_station1013_seed2047_informer_d12_e2.pt,training_logs/beijing_72h_3h_station1013_seed2047_informer_d12_e2.csv,0.1985132694244384,0.4455482795662424,0.2607429921627044,33.16414260864258,19.40826416015625,31.551963806152344,False,,
beijing_72h_3h_station1013_seed2047_informer_d16_e1,beijing,72,3,1013,2047,informer,informer_d16_e1,informer_d16_e1,16,1.0,,matched,completed,30.0,1.3957140445709229,13.919536702000189,0.1320481330039911,valid,test,1,1,9.0,5777.0,5777.0,5777.0,predictions/beijing_72h_3h_station1013_seed2047_informer_d16_e1.npz,checkpoints/beijing_72h_3h_station1013_seed2047_informer_d16_e1.pt,training_logs/beijing_72h_3h_station1013_seed2047_informer_d16_e1.csv,0.6453666090965271,0.8033471286414903,0.5778236389160156,59.79670715332031,43.00999069213867,57.2212028503418,True,beijing_72h_3h_station1013_seed2047_informer_d16_e1 出现非有限训练损失,
beijing_72h_3h_station1013_seed2047_informer_d32_e1,beijing,72,3,1013,2047,informer,informer_d32_e1,informer_d32_e1,32,1.0,,matched,completed,30.0,1.1720118522644043,14.521184316996369,0.1422332119982456,valid,test,1,1,9.0,21793.0,21793.0,21793.0,predictions/beijing_72h_3h_station1013_seed2047_informer_d32_e1.npz,checkpoints/beijing_72h_3h_station1013_seed2047_informer_d32_e1.pt,training_logs/beijing_72h_3h_station1013_seed2047_informer_d32_e1.csv,0.5539513230323792,0.7442790626051354,0.5399757623672485,55.40000534057617,40.19280242919922,60.73939895629883,True,beijing_72h_3h_station1013_seed2047_informer_d32_e1 出现非有限验证损失,
beijing_72h_3h_station1013_seed2047_tst_d8_n1,beijing,72,3,1013,2047,tst,tst_d8_n1,tst_d8_n1,8,,1.0,non_aligned_as_is,completed,29.0,0.3047527372837066,6.077834568000981,0.0031737289973534,valid,test,1,1,9.0,2891.0,2891.0,2891.0,predictions/beijing_72h_3h_station1013_seed2047_tst_d8_n1.npz,checkpoints/beijing_72h_3h_station1013_seed2047_tst_d8_n1.pt,training_logs/beijing_72h_3h_station1013_seed2047_tst_d8_n1.csv,0.1952140480279922,0.4418303385101483,0.2576465606689453,32.88739776611328,19.177778244018555,30.084232330322266,False,,
beijing_72h_3h_station1013_seed2047_tst_d12_n1,beijing,72,3,1013,2047,tst,tst_d12_n1,tst_d12_n1,12,,1.0,non_aligned_as_is,completed,26.0,0.299928218126297,5.553294069002732,0.0037066299992147,valid,test,1,1,9.0,4719.0,4719.0,4719.0,predictions/beijing_72h_3h_station1013_seed2047_tst_d12_n1.npz,checkpoints/beijing_72h_3h_station1013_seed2047_tst_d12_n1.pt,training_logs/beijing_72h_3h_station1013_seed2047_tst_d12_n1.csv,0.193665936589241,0.4400749215636367,0.2600008249282837,32.756736755371094,19.35301971435547,30.326112747192383,False,,
beijing_72h_3h_station1013_seed2047_tst_d24_n1,beijing,72,3,1013,2047,tst,tst_d24_n1,tst_d24_n1,24,,1.0,non_aligned_as_is,completed,19.0,0.284379631280899,5.739832532999571,0.0045514660014305,valid,test,1,1,9.0,11739.0,11739.0,11739.0,predictions/beijing_72h_3h_station1013_seed2047_tst_d24_n1.npz,checkpoints/beijing_72h_3h_station1013_seed2047_tst_d24_n1.pt,training_logs/beijing_72h_3h_station1013_seed2047_tst_d24_n1.csv,0.1911131292581558,0.4371648765147491,0.2471957504749298,32.540130615234375,18.39988136291504,29.64414978027344,False,,
beijing_72h_3h_station1013_seed2048_informer_d8_e1,beijing,72,3,1013,2048,informer,informer_d8_e1,informer_d8_e1,8,1.0,,matched,completed,30.0,0.9666939377784728,12.186039208987497,0.0153885400068247,valid,test,1,1,9.0,1609.0,1609.0,1609.0,predictions/beijing_72h_3h_station1013_seed2048_informer_d8_e1.npz,checkpoints/beijing_72h_3h_station1013_seed2048_informer_d8_e1.pt,training_logs/beijing_72h_3h_station1013_seed2048_informer_d8_e1.csv,0.5367966294288635,0.7326640631482232,0.5229147672653198,54.53544998168945,38.9228744506836,53.80303192138672,False,,
beijing_72h_3h_station1013_seed2048_informer_d12_e2,beijing,72,3,1013,2048,informer,informer_d12_e2,informer_d12_e2,12,2.0,,matched,completed,28.0,0.3970254361629486,14.751411493998605,0.0216313740093028,valid,test,1,1,9.0,5125.0,5125.0,5125.0,predictions/beijing_72h_3h_station1013_seed2048_informer_d12_e2.npz,checkpoints/beijing_72h_3h_station1013_seed2048_informer_d12_e2.pt,training_logs/beijing_72h_3h_station1013_seed2048_informer_d12_e2.csv,0.2358701676130294,0.4856646658065928,0.2903807759284973,36.15018081665039,21.614334106445312,34.68412780761719,False,,
beijing_72h_3h_station1013_seed2048_informer_d16_e1,beijing,72,3,1013,2048,informer,informer_d16_e1,informer_d16_e1,16,1.0,,matched,completed,30.0,0.5328187942504883,12.90716877298837,0.0198990229982882,valid,test,1,1,9.0,5777.0,5777.0,5777.0,predictions/beijing_72h_3h_station1013_seed2048_informer_d16_e1.npz,checkpoints/beijing_72h_3h_station1013_seed2048_informer_d16_e1.pt,training_logs/beijing_72h_3h_station1013_seed2048_informer_d16_e1.csv,0.286443293094635,0.5352039733546782,0.3474811315536499,39.83761596679688,25.86456871032715,42.050899505615234,False,,
beijing_72h_3h_station1013_seed2048_informer_d32_e1,beijing,72,3,1013,2048,informer,informer_d32_e1,informer_d32_e1,32,1.0,,matched,completed,28.0,0.3056221604347229,14.514369429001816,0.0279289140016771,valid,test,1,1,9.0,21793.0,21793.0,21793.0,predictions/beijing_72h_3h_station1013_seed2048_informer_d32_e1.npz,checkpoints/beijing_72h_3h_station1013_seed2048_informer_d32_e1.pt,training_logs/beijing_72h_3h_station1013_seed2048_informer_d32_e1.csv,0.2006281614303589,0.4479153507420335,0.2712209820747375,33.34033203125,20.188188552856445,31.60592269897461,False,,
beijing_72h_3h_station1013_seed2048_tst_d8_n1,beijing,72,3,1013,2048,tst,tst_d8_n1,tst_d8_n1,8,,1.0,non_aligned_as_is,completed,30.0,0.3144250512123108,5.45954820899351,0.0032129250030266,valid,test,1,1,9.0,2891.0,2891.0,2891.0,predictions/beijing_72h_3h_station1013_seed2048_tst_d8_n1.npz,checkpoints/beijing_72h_3h_station1013_seed2048_tst_d8_n1.pt,training_logs/beijing_72h_3h_station1013_seed2048_tst_d8_n1.csv,0.1962259411811828,0.4429739734805905,0.2599632143974304,32.97252655029297,19.35022354125977,30.44095039367676,False,,
beijing_72h_3h_station1013_seed2048_tst_d12_n1,beijing,72,3,1013,2048,tst,tst_d12_n1,tst_d12_n1,12,,1.0,non_aligned_as_is,completed,23.0,0.3041673302650451,5.3742296089913,0.003661700990051,valid,test,1,1,9.0,4719.0,4719.0,4719.0,predictions/beijing_72h_3h_station1013_seed2048_tst_d12_n1.npz,checkpoints/beijing_72h_3h_station1013_seed2048_tst_d12_n1.pt,training_logs/beijing_72h_3h_station1013_seed2048_tst_d12_n1.csv,0.1950739920139312,0.4416718148285345,0.2595742642879486,32.87560272216797,19.32126808166504,29.53357315063477,False,,
beijing_72h_3h_station1013_seed2048_tst_d24_n1,beijing,72,3,1013,2048,tst,tst_d24_n1,tst_d24_n1,24,,1.0,non_aligned_as_is,completed,13.0,0.292576253414154,3.918777899001725,0.0046598670014645,valid,test,1,1,9.0,11739.0,11739.0,11739.0,predictions/beijing_72h_3h_station1013_seed2048_tst_d24_n1.npz,checkpoints/beijing_72h_3h_station1013_seed2048_tst_d24_n1.pt,training_logs/beijing_72h_3h_station1013_seed2048_tst_d24_n1.csv,0.1914999186992645,0.4376070368484315,0.2549379765987396,32.57304000854492,18.97616958618164,32.44857406616211,False,,
beijing_72h_3h_station1013_seed2049_informer_d8_e1,beijing,72,3,1013,2049,informer,informer_d8_e1,informer_d8_e1,8,1.0,,matched,completed,30.0,0.960699200630188,12.17481369600864,0.0154954720055684,valid,test,1,1,9.0,1609.0,1609.0,1609.0,predictions/beijing_72h_3h_station1013_seed2049_informer_d8_e1.npz,checkpoints/beijing_72h_3h_station1013_seed2049_informer_d8_e1.pt,training_logs/beijing_72h_3h_station1013_seed2049_informer_d8_e1.csv,0.4505907893180847,0.6712605971737688,0.4469432830810547,49.96491622924805,33.26797866821289,45.146881103515625,False,,
beijing_72h_3h_station1013_seed2049_informer_d12_e2,beijing,72,3,1013,2049,informer,informer_d12_e2,informer_d12_e2,12,2.0,,matched,completed,30.0,0.3420169055461883,14.788197931004106,0.0217393299972172,valid,test,1,1,9.0,5125.0,5125.0,5125.0,predictions/beijing_72h_3h_station1013_seed2049_informer_d12_e2.npz,checkpoints/beijing_72h_3h_station1013_seed2049_informer_d12_e2.pt,training_logs/beijing_72h_3h_station1013_seed2049_informer_d12_e2.csv,0.1958470195531845,0.4425460648940226,0.2577881515026092,32.940673828125,19.18832015991211,29.737058639526367,False,,
beijing_72h_3h_station1013_seed2049_informer_d16_e1,beijing,72,3,1013,2049,informer,informer_d16_e1,informer_d16_e1,16,1.0,,matched,completed,30.0,0.4521043300628662,12.928917950004688,0.0197952470043674,valid,test,1,1,9.0,5777.0,5777.0,5777.0,predictions/beijing_72h_3h_station1013_seed2049_informer_d16_e1.npz,checkpoints/beijing_72h_3h_station1013_seed2049_informer_d16_e1.pt,training_logs/beijing_72h_3h_station1013_seed2049_informer_d16_e1.csv,0.2497079521417617,0.4997078667999552,0.2908399701118469,37.19548416137695,21.648515701293945,31.408279418945312,False,,
beijing_72h_3h_station1013_seed2049_informer_d32_e1,beijing,72,3,1013,2049,informer,informer_d32_e1,informer_d32_e1,32,1.0,,matched,completed,18.0,0.3552594482898712,11.623551030003,0.028187624993734,valid,test,1,1,9.0,21793.0,21793.0,21793.0,predictions/beijing_72h_3h_station1013_seed2049_informer_d32_e1.npz,checkpoints/beijing_72h_3h_station1013_seed2049_informer_d32_e1.pt,training_logs/beijing_72h_3h_station1013_seed2049_informer_d32_e1.csv,0.3150715827941894,0.5613123754151421,0.3116702437400818,41.780982971191406,23.199005126953125,38.61997604370117,False,,
beijing_72h_3h_station1013_seed2049_tst_d8_n1,beijing,72,3,1013,2049,tst,tst_d8_n1,tst_d8_n1,8,,1.0,non_aligned_as_is,completed,30.0,0.3405791521072387,5.452671158011071,0.0031813109962968,valid,test,1,1,9.0,2891.0,2891.0,2891.0,predictions/beijing_72h_3h_station1013_seed2049_tst_d8_n1.npz,checkpoints/beijing_72h_3h_station1013_seed2049_tst_d8_n1.pt,training_logs/beijing_72h_3h_station1013_seed2049_tst_d8_n1.csv,0.2145711630582809,0.4632182671897568,0.2848927080631256,34.479400634765625,21.2058334350586,33.770294189453125,False,,
beijing_72h_3h_station1013_seed2049_tst_d12_n1,beijing,72,3,1013,2049,tst,tst_d12_n1,tst_d12_n1,12,,1.0,non_aligned_as_is,completed,29.0,0.3027689456939697,5.565545107005164,0.003739156993106,valid,test,1,1,9.0,4719.0,4719.0,4719.0,predictions/beijing_72h_3h_station1013_seed2049_tst_d12_n1.npz,checkpoints/beijing_72h_3h_station1013_seed2049_tst_d12_n1.pt,training_logs/beijing_72h_3h_station1013_seed2049_tst_d12_n1.csv,0.1960289478302002,0.4427515644582187,0.2750075459480285,32.95597076416016,20.47003936767578,33.2325325012207,False,,
beijing_72h_3h_station1013_seed2049_tst_d24_n1,beijing,72,3,1013,2049,tst,tst_d24_n1,tst_d24_n1,24,,1.0,non_aligned_as_is,completed,17.0,0.2998259365558624,4.75247766400571,0.0046048169897403,valid,test,1,1,9.0,11739.0,11739.0,11739.0,predictions/beijing_72h_3h_station1013_seed2049_tst_d24_n1.npz,checkpoints/beijing_72h_3h_station1013_seed2049_tst_d24_n1.pt,training_logs/beijing_72h_3h_station1013_seed2049_tst_d24_n1.csv,0.1978462487459182,0.4447991105498282,0.2680428326129913,33.10837936401367,19.95162010192871,34.377540588378906,False,,
beijing_72h_6h_station1013_seed2047_informer_d8_e1,beijing,72,6,1013,2047,informer,informer_d8_e1,informer_d8_e1,8,1.0,,matched,completed,30.0,0.8048830032348633,14.26095997399534,0.238494866003748,valid,test,1,1,9.0,1609.0,1609.0,1609.0,predictions/beijing_72h_6h_station1013_seed2047_informer_d8_e1.npz,checkpoints/beijing_72h_6h_station1013_seed2047_informer_d8_e1.pt,training_logs/beijing_72h_6h_station1013_seed2047_informer_d8_e1.csv,0.4488072097301483,0.6699307499511784,0.4430094063282013,49.86262512207031,32.97297668457031,43.53522491455078,False,,
beijing_72h_6h_station1013_seed2047_informer_d12_e2,beijing,72,6,1013,2047,informer,informer_d12_e2,informer_d12_e2,12,2.0,,matched,completed,28.0,0.5916162729263306,18.14772162800364,0.362916554993717,valid,test,1,1,9.0,5125.0,5125.0,5125.0,predictions/beijing_72h_6h_station1013_seed2047_informer_d12_e2.npz,checkpoints/beijing_72h_6h_station1013_seed2047_informer_d12_e2.pt,training_logs/beijing_72h_6h_station1013_seed2047_informer_d12_e2.csv,0.3214825987815857,0.5669943551584845,0.3452971875667572,42.20111846923828,25.70030403137207,36.5284423828125,False,,
beijing_72h_6h_station1013_seed2047_informer_d16_e1,beijing,72,6,1013,2047,informer,informer_d16_e1,informer_d16_e1,16,1.0,,matched,completed,30.0,0.6297848224639893,15.062762472996836,0.2443583009880967,valid,test,1,1,9.0,5777.0,5777.0,5777.0,predictions/beijing_72h_6h_station1013_seed2047_informer_d16_e1.npz,checkpoints/beijing_72h_6h_station1013_seed2047_informer_d16_e1.pt,training_logs/beijing_72h_6h_station1013_seed2047_informer_d16_e1.csv,0.3547413349151611,0.595601657918412,0.3648454248905182,44.330345153808594,27.15526962280273,38.89961242675781,False,,
beijing_72h_6h_station1013_seed2047_informer_d32_e1,beijing,72,6,1013,2047,informer,informer_d32_e1,informer_d32_e1,32,1.0,,matched,completed,27.0,0.595360517501831,16.676334457006305,0.2540411899972241,valid,test,1,1,9.0,21793.0,21793.0,21793.0,predictions/beijing_72h_6h_station1013_seed2047_informer_d32_e1.npz,checkpoints/beijing_72h_6h_station1013_seed2047_informer_d32_e1.pt,training_logs/beijing_72h_6h_station1013_seed2047_informer_d32_e1.csv,0.3928605914115906,0.6267859215167413,0.40623340010643,46.65137481689453,30.23575782775879,43.303009033203125,False,,
beijing_72h_6h_station1013_seed2047_tst_d8_n1,beijing,72,6,1013,2047,tst,tst_d8_n1,tst_d8_n1,8,,1.0,non_aligned_as_is,completed,30.0,0.5245697498321533,6.012561600990011,0.0033172190014738,valid,test,1,1,9.0,4622.0,4622.0,4622.0,predictions/beijing_72h_6h_station1013_seed2047_tst_d8_n1.npz,checkpoints/beijing_72h_6h_station1013_seed2047_tst_d8_n1.pt,training_logs/beijing_72h_6h_station1013_seed2047_tst_d8_n1.csv,0.3065486550331116,0.5536683619578706,0.3405577540397644,41.20927429199219,25.347551345825195,37.53266525268555,False,,
beijing_72h_6h_station1013_seed2047_tst_d12_n1,beijing,72,6,1013,2047,tst,tst_d12_n1,tst_d12_n1,12,,1.0,non_aligned_as_is,completed,27.0,0.5233977437019348,5.553941097998177,0.0037303220015019,valid,test,1,1,9.0,7314.0,7314.0,7314.0,predictions/beijing_72h_6h_station1013_seed2047_tst_d12_n1.npz,checkpoints/beijing_72h_6h_station1013_seed2047_tst_d12_n1.pt,training_logs/beijing_72h_6h_station1013_seed2047_tst_d12_n1.csv,0.3074102103710174,0.5544458588275482,0.345155119895935,41.26713943481445,25.68973159790039,37.77393341064453,False,,
beijing_72h_6h_station1013_seed2047_tst_d24_n1,beijing,72,6,1013,2047,tst,tst_d24_n1,tst_d24_n1,24,,1.0,non_aligned_as_is,completed,29.0,0.495311439037323,6.759217646002071,0.004870970005868,valid,test,1,1,9.0,16926.0,16926.0,16926.0,predictions/beijing_72h_6h_station1013_seed2047_tst_d24_n1.npz,checkpoints/beijing_72h_6h_station1013_seed2047_tst_d24_n1.pt,training_logs/beijing_72h_6h_station1013_seed2047_tst_d24_n1.csv,0.3024397194385528,0.5499451967592343,0.331819474697113,40.932159423828125,24.697166442871094,37.9130744934082,False,,
beijing_72h_6h_station1013_seed2048_informer_d8_e1,beijing,72,6,1013,2048,informer,informer_d8_e1,informer_d8_e1,8,1.0,,matched,completed,29.0,0.9067506790161132,12.455051646000356,0.0159396730014123,valid,test,1,1,9.0,1609.0,1609.0,1609.0,predictions/beijing_72h_6h_station1013_seed2048_informer_d8_e1.npz,checkpoints/beijing_72h_6h_station1013_seed2048_informer_d8_e1.pt,training_logs/beijing_72h_6h_station1013_seed2048_informer_d8_e1.csv,0.5038017630577087,0.7097899429110761,0.4847109317779541,52.82933044433594,36.07679748535156,49.70789337158203,False,,
beijing_72h_6h_station1013_seed2048_informer_d12_e2,beijing,72,6,1013,2048,informer,informer_d12_e2,informer_d12_e2,12,2.0,,matched,completed,29.0,0.5726812481880188,15.02449920300569,0.0222907470015343,valid,test,1,1,9.0,5125.0,5125.0,5125.0,predictions/beijing_72h_6h_station1013_seed2048_informer_d12_e2.npz,checkpoints/beijing_72h_6h_station1013_seed2048_informer_d12_e2.pt,training_logs/beijing_72h_6h_station1013_seed2048_informer_d12_e2.csv,0.3445059955120086,0.5869463310320703,0.3481703698635101,43.686134338378906,25.91415786743164,36.844482421875,False,,
beijing_72h_6h_station1013_seed2048_informer_d16_e1,beijing,72,6,1013,2048,informer,informer_d16_e1,informer_d16_e1,16,1.0,,matched,completed,21.0,0.7449418306350708,11.912998461993991,0.0201363600062904,valid,test,1,1,9.0,5777.0,5777.0,5777.0,predictions/beijing_72h_6h_station1013_seed2048_informer_d16_e1.npz,checkpoints/beijing_72h_6h_station1013_seed2048_informer_d16_e1.pt,training_logs/beijing_72h_6h_station1013_seed2048_informer_d16_e1.csv,0.4107145667076111,0.6408701636896595,0.4332513213157654,47.69966125488281,32.24668884277344,46.83497619628906,False,,
beijing_72h_6h_station1013_seed2048_informer_d32_e1,beijing,72,6,1013,2048,informer,informer_d32_e1,informer_d32_e1,32,1.0,,matched,completed,21.0,0.5791068077087402,13.37287748599192,0.0289632920030271,valid,test,1,1,9.0,21793.0,21793.0,21793.0,predictions/beijing_72h_6h_station1013_seed2048_informer_d32_e1.npz,checkpoints/beijing_72h_6h_station1013_seed2048_informer_d32_e1.pt,training_logs/beijing_72h_6h_station1013_seed2048_informer_d32_e1.csv,0.3659538626670837,0.6049412059589624,0.3791793584823608,45.025482177734375,28.22213554382324,40.38899993896485,False,,
beijing_72h_6h_station1013_seed2048_tst_d8_n1,beijing,72,6,1013,2048,tst,tst_d8_n1,tst_d8_n1,8,,1.0,non_aligned_as_is,completed,29.0,0.5239190459251404,5.40606862900313,0.0032197980035562,valid,test,1,1,9.0,4622.0,4622.0,4622.0,predictions/beijing_72h_6h_station1013_seed2048_tst_d8_n1.npz,checkpoints/beijing_72h_6h_station1013_seed2048_tst_d8_n1.pt,training_logs/beijing_72h_6h_station1013_seed2048_tst_d8_n1.csv,0.3058141767978668,0.5530046806292572,0.3413030505180359,41.15987777709961,25.40302276611328,37.96726608276367,False,,
beijing_72h_6h_station1013_seed2048_tst_d12_n1,beijing,72,6,1013,2048,tst,tst_d12_n1,tst_d12_n1,12,,1.0,non_aligned_as_is,completed,29.0,0.5193610787391663,5.555821000001743,0.0037714310019509,valid,test,1,1,9.0,7314.0,7314.0,7314.0,predictions/beijing_72h_6h_station1013_seed2048_tst_d12_n1.npz,checkpoints/beijing_72h_6h_station1013_seed2048_tst_d12_n1.pt,training_logs/beijing_72h_6h_station1013_seed2048_tst_d12_n1.csv,0.3091398775577545,0.5560034870014346,0.3442753255367279,41.38307571411133,25.624250411987305,37.42902755737305,False,,
beijing_72h_6h_station1013_seed2048_tst_d24_n1,beijing,72,6,1013,2048,tst,tst_d24_n1,tst_d24_n1,24,,1.0,non_aligned_as_is,completed,20.0,0.5005917549133301,5.357092869002372,0.004648914997233,valid,test,1,1,9.0,16926.0,16926.0,16926.0,predictions/beijing_72h_6h_station1013_seed2048_tst_d24_n1.npz,checkpoints/beijing_72h_6h_station1013_seed2048_tst_d24_n1.pt,training_logs/beijing_72h_6h_station1013_seed2048_tst_d24_n1.csv,0.3039617836475372,0.5513272926742674,0.3376982510089874,41.03502655029297,25.13471794128418,39.07905578613281,False,,
beijing_72h_6h_station1013_seed2049_informer_d8_e1,beijing,72,6,1013,2049,informer,informer_d8_e1,informer_d8_e1,8,1.0,,matched,completed,30.0,1.0192407369613647,12.454422911003348,0.0160112650046357,valid,test,1,1,9.0,1609.0,1609.0,1609.0,predictions/beijing_72h_6h_station1013_seed2049_informer_d8_e1.npz,checkpoints/beijing_72h_6h_station1013_seed2049_informer_d8_e1.pt,training_logs/beijing_72h_6h_station1013_seed2049_informer_d8_e1.csv,0.4804761409759521,0.6931638630049551,0.4795998632907867,51.59185409545898,35.696388244628906,49.18582534790039,False,,
beijing_72h_6h_station1013_seed2049_informer_d12_e2,beijing,72,6,1013,2049,informer,informer_d12_e2,informer_d12_e2,12,2.0,,matched,completed,28.0,0.5630435347557068,15.00045079899428,0.0220010310003999,valid,test,1,1,9.0,5125.0,5125.0,5125.0,predictions/beijing_72h_6h_station1013_seed2049_informer_d12_e2.npz,checkpoints/beijing_72h_6h_station1013_seed2049_informer_d12_e2.pt,training_logs/beijing_72h_6h_station1013_seed2049_informer_d12_e2.csv,0.3167615532875061,0.5628157365315101,0.3430277109146118,41.89010620117188,25.53138542175293,36.85262680053711,False,,
beijing_72h_6h_station1013_seed2049_informer_d16_e1,beijing,72,6,1013,2049,informer,informer_d16_e1,informer_d16_e1,16,1.0,,matched,completed,26.0,0.5908593535423279,13.22131357798935,0.0201263539929641,valid,test,1,1,9.0,5777.0,5777.0,5777.0,predictions/beijing_72h_6h_station1013_seed2049_informer_d16_e1.npz,checkpoints/beijing_72h_6h_station1013_seed2049_informer_d16_e1.pt,training_logs/beijing_72h_6h_station1013_seed2049_informer_d16_e1.csv,0.3657642006874084,0.6047844249709218,0.3634691834449768,45.013816833496094,27.052839279174805,37.7176513671875,False,,
beijing_72h_6h_station1013_seed2049_informer_d32_e1,beijing,72,6,1013,2049,informer,informer_d32_e1,informer_d32_e1,32,1.0,,matched,completed,18.0,0.542413592338562,11.895848961008596,0.0286986629944294,valid,test,1,1,9.0,21793.0,21793.0,21793.0,predictions/beijing_72h_6h_station1013_seed2049_informer_d32_e1.npz,checkpoints/beijing_72h_6h_station1013_seed2049_informer_d32_e1.pt,training_logs/beijing_72h_6h_station1013_seed2049_informer_d32_e1.csv,0.3777131736278534,0.6145837401264805,0.3765193223953247,45.7431755065918,28.024152755737305,38.34649658203125,False,,
beijing_72h_6h_station1013_seed2049_tst_d8_n1,beijing,72,6,1013,2049,tst,tst_d8_n1,tst_d8_n1,8,,1.0,non_aligned_as_is,completed,25.0,0.5389974117279053,5.413493415006087,0.0032363000063924,valid,test,1,1,9.0,4622.0,4622.0,4622.0,predictions/beijing_72h_6h_station1013_seed2049_tst_d8_n1.npz,checkpoints/beijing_72h_6h_station1013_seed2049_tst_d8_n1.pt,training_logs/beijing_72h_6h_station1013_seed2049_tst_d8_n1.csv,0.3200120031833648,0.5656960342651917,0.3535744249820709,42.10448455810547,26.31637382507324,38.20920944213867,False,,
beijing_72h_6h_station1013_seed2049_tst_d12_n1,beijing,72,6,1013,2049,tst,tst_d12_n1,tst_d12_n1,12,,1.0,non_aligned_as_is,completed,28.0,0.519256591796875,5.544473814006778,0.0037168599956203,valid,test,1,1,9.0,7314.0,7314.0,7314.0,predictions/beijing_72h_6h_station1013_seed2049_tst_d12_n1.npz,checkpoints/beijing_72h_6h_station1013_seed2049_tst_d12_n1.pt,training_logs/beijing_72h_6h_station1013_seed2049_tst_d12_n1.csv,0.3106577098369598,0.557366764201957,0.3554444015026092,41.48454284667969,26.45555686950684,38.76654052734375,False,,
beijing_72h_6h_station1013_seed2049_tst_d24_n1,beijing,72,6,1013,2049,tst,tst_d24_n1,tst_d24_n1,24,,1.0,non_aligned_as_is,completed,21.0,0.5060783624649048,5.53735246299766,0.0046765720035182,valid,test,1,1,9.0,16926.0,16926.0,16926.0,predictions/beijing_72h_6h_station1013_seed2049_tst_d24_n1.npz,checkpoints/beijing_72h_6h_station1013_seed2049_tst_d24_n1.pt,training_logs/beijing_72h_6h_station1013_seed2049_tst_d24_n1.csv,0.3149785101413727,0.5612294630018747,0.3468035161495209,41.77204132080078,25.81241607666016,38.16328430175781,False,,
beijing_72h_12h_station1013_seed2047_informer_d8_e1,beijing,72,12,1013,2047,informer,informer_d8_e1,informer_d8_e1,8,1.0,,matched,completed,30.0,1.258040189743042,15.30887218400312,0.2391792200069176,valid,test,1,1,9.0,1609.0,1609.0,1609.0,predictions/beijing_72h_12h_station1013_seed2047_informer_d8_e1.npz,checkpoints/beijing_72h_12h_station1013_seed2047_informer_d8_e1.pt,training_logs/beijing_72h_12h_station1013_seed2047_informer_d8_e1.csv,0.6170409917831421,0.7855195680459794,0.540611207485199,58.46408462524414,40.23622131347656,52.85829162597656,False,,
beijing_72h_12h_station1013_seed2047_informer_d12_e2,beijing,72,12,1013,2047,informer,informer_d12_e2,informer_d12_e2,12,2.0,,matched,completed,29.0,0.896152675151825,19.123253983008908,0.3599099519924493,valid,test,1,1,9.0,5125.0,5125.0,5125.0,predictions/beijing_72h_12h_station1013_seed2047_informer_d12_e2.npz,checkpoints/beijing_72h_12h_station1013_seed2047_informer_d12_e2.pt,training_logs/beijing_72h_12h_station1013_seed2047_informer_d12_e2.csv,0.5010752081871033,0.7078666598923157,0.462163507938385,52.68458557128906,34.3975715637207,45.73247528076172,False,,
beijing_72h_12h_station1013_seed2047_informer_d16_e1,beijing,72,12,1013,2047,informer,informer_d16_e1,informer_d16_e1,16,1.0,,matched,completed,19.0,0.9088571667671204,13.858475165005077,0.2469400639965897,valid,test,1,1,9.0,5777.0,5777.0,5777.0,predictions/beijing_72h_12h_station1013_seed2047_informer_d16_e1.npz,checkpoints/beijing_72h_12h_station1013_seed2047_informer_d16_e1.pt,training_logs/beijing_72h_12h_station1013_seed2047_informer_d16_e1.csv,0.5344205498695374,0.731040730650172,0.4924125671386719,54.40937042236328,36.648921966552734,49.76695251464844,False,,
beijing_72h_12h_station1013_seed2047_informer_d32_e1,beijing,72,12,1013,2047,informer,informer_d32_e1,informer_d32_e1,32,1.0,,matched,completed,30.0,0.8445088863372803,17.967370317986934,0.254436329996679,valid,test,1,1,9.0,21793.0,21793.0,21793.0,predictions/beijing_72h_12h_station1013_seed2047_informer_d32_e1.npz,checkpoints/beijing_72h_12h_station1013_seed2047_informer_d32_e1.pt,training_logs/beijing_72h_12h_station1013_seed2047_informer_d32_e1.csv,0.5404956340789795,0.7351840817638665,0.5075340270996094,54.71774673461914,37.77437973022461,51.84606170654297,False,,
beijing_72h_12h_station1013_seed2047_tst_d8_n1,beijing,72,12,1013,2047,tst,tst_d8_n1,tst_d8_n1,8,,1.0,non_aligned_as_is,completed,25.0,0.8333919048309326,6.082383122993633,0.0033369409939041,valid,test,1,1,9.0,8084.0,8084.0,8084.0,predictions/beijing_72h_12h_station1013_seed2047_tst_d8_n1.npz,checkpoints/beijing_72h_12h_station1013_seed2047_tst_d8_n1.pt,training_logs/beijing_72h_12h_station1013_seed2047_tst_d8_n1.csv,0.4766362905502319,0.6903885069656301,0.4502050280570984,51.38373565673828,33.507530212402344,46.587501525878906,False,,
beijing_72h_12h_station1013_seed2047_tst_d12_n1,beijing,72,12,1013,2047,tst,tst_d12_n1,tst_d12_n1,12,,1.0,non_aligned_as_is,completed,25.0,0.8351972699165344,5.557385046005948,0.0039112899976316,valid,test,1,1,9.0,12504.0,12504.0,12504.0,predictions/beijing_72h_12h_station1013_seed2047_tst_d12_n1.npz,checkpoints/beijing_72h_12h_station1013_seed2047_tst_d12_n1.pt,training_logs/beijing_72h_12h_station1013_seed2047_tst_d12_n1.csv,0.4753453731536865,0.689452952095853,0.4530003368854522,51.31410217285156,33.715579986572266,47.90397644042969,False,,
beijing_72h_12h_station1013_seed2047_tst_d24_n1,beijing,72,12,1013,2047,tst,tst_d24_n1,tst_d24_n1,24,,1.0,non_aligned_as_is,completed,28.0,0.7940921187400818,6.79792687499139,0.0047123689873842,valid,test,1,1,9.0,27300.0,27300.0,27300.0,predictions/beijing_72h_12h_station1013_seed2047_tst_d24_n1.npz,checkpoints/beijing_72h_12h_station1013_seed2047_tst_d24_n1.pt,training_logs/beijing_72h_12h_station1013_seed2047_tst_d24_n1.csv,0.4773925244808197,0.6909359771214839,0.4523480534553528,51.42448043823242,33.66703414916992,46.947601318359375,False,,
beijing_72h_12h_station1013_seed2048_informer_d8_e1,beijing,72,12,1013,2048,informer,informer_d8_e1,informer_d8_e1,8,1.0,,matched,completed,28.0,1.7491434812545776,13.461497889002205,0.0166282110003521,valid,test,1,1,9.0,1609.0,1609.0,1609.0,predictions/beijing_72h_12h_station1013_seed2048_informer_d8_e1.npz,checkpoints/beijing_72h_12h_station1013_seed2048_informer_d8_e1.pt,training_logs/beijing_72h_12h_station1013_seed2048_informer_d8_e1.csv,0.8587144017219543,0.9266684421744136,0.7080566883087158,68.96940612792969,52.69873428344727,67.70474243164062,False,,
beijing_72h_12h_station1013_seed2048_informer_d12_e2,beijing,72,12,1013,2048,informer,informer_d12_e2,informer_d12_e2,12,2.0,,matched,completed,27.0,0.9080824851989746,15.9630865049985,0.0228840679919812,valid,test,1,1,9.0,5125.0,5125.0,5125.0,predictions/beijing_72h_12h_station1013_seed2048_informer_d12_e2.npz,checkpoints/beijing_72h_12h_station1013_seed2048_informer_d12_e2.pt,training_logs/beijing_72h_12h_station1013_seed2048_informer_d12_e2.csv,0.5341848731040955,0.7308795202385243,0.4670183360576629,54.397369384765625,34.75890350341797,46.27353286743164,False,,
beijing_72h_12h_station1013_seed2048_informer_d16_e1,beijing,72,12,1013,2048,informer,informer_d16_e1,informer_d16_e1,16,1.0,,matched,completed,28.0,0.9123474359512328,14.431664612988245,0.0209957199986092,valid,test,1,1,9.0,5777.0,5777.0,5777.0,predictions/beijing_72h_12h_station1013_seed2048_informer_d16_e1.npz,checkpoints/beijing_72h_12h_station1013_seed2048_informer_d16_e1.pt,training_logs/beijing_72h_12h_station1013_seed2048_informer_d16_e1.csv,0.5687540173530579,0.7541578199243564,0.5155931711196899,56.129913330078125,38.37419128417969,51.42325210571289,False,,
beijing_72h_12h_station1013_seed2048_informer_d32_e1,beijing,72,12,1013,2048,informer,informer_d32_e1,informer_d32_e1,32,1.0,,matched,completed,29.0,0.8309317827224731,16.106636619995697,0.0299705260113114,valid,test,1,1,9.0,21793.0,21793.0,21793.0,predictions/beijing_72h_12h_station1013_seed2048_informer_d32_e1.npz,checkpoints/beijing_72h_12h_station1013_seed2048_informer_d32_e1.pt,training_logs/beijing_72h_12h_station1013_seed2048_informer_d32_e1.csv,0.494840145111084,0.7034487508774779,0.4693454504013061,52.35577392578125,34.932106018066406,47.68255615234375,False,,
beijing_72h_12h_station1013_seed2048_tst_d8_n1,beijing,72,12,1013,2048,tst,tst_d8_n1,tst_d8_n1,8,,1.0,non_aligned_as_is,completed,25.0,0.8417211174964905,5.51416079000046,0.0032866340043256,valid,test,1,1,9.0,8084.0,8084.0,8084.0,predictions/beijing_72h_12h_station1013_seed2048_tst_d8_n1.npz,checkpoints/beijing_72h_12h_station1013_seed2048_tst_d8_n1.pt,training_logs/beijing_72h_12h_station1013_seed2048_tst_d8_n1.csv,0.4691307544708252,0.684931204188293,0.4480485916137695,50.9775619506836,33.34703826904297,47.69221878051758,False,,
beijing_72h_12h_station1013_seed2048_tst_d12_n1,beijing,72,12,1013,2048,tst,tst_d12_n1,tst_d12_n1,12,,1.0,non_aligned_as_is,completed,16.0,0.8269926905632019,4.105752539995592,0.0038156929949764,valid,test,1,1,9.0,12504.0,12504.0,12504.0,predictions/beijing_72h_12h_station1013_seed2048_tst_d12_n1.npz,checkpoints/beijing_72h_12h_station1013_seed2048_tst_d12_n1.pt,training_logs/beijing_72h_12h_station1013_seed2048_tst_d12_n1.csv,0.4796410799026489,0.6925612463187996,0.4492070376873016,51.54544448852539,33.433258056640625,46.46800231933594,False,,
beijing_72h_12h_station1013_seed2048_tst_d24_n1,beijing,72,12,1013,2048,tst,tst_d24_n1,tst_d24_n1,24,,1.0,non_aligned_as_is,completed,30.0,0.7849564552307129,6.211501291007153,0.0047184589930111,valid,test,1,1,9.0,27300.0,27300.0,27300.0,predictions/beijing_72h_12h_station1013_seed2048_tst_d24_n1.npz,checkpoints/beijing_72h_12h_station1013_seed2048_tst_d24_n1.pt,training_logs/beijing_72h_12h_station1013_seed2048_tst_d24_n1.csv,0.4709913432598114,0.6862880905711619,0.4498750567436218,51.07855224609375,33.48297119140625,46.47866439819336,False,,
beijing_72h_12h_station1013_seed2049_informer_d8_e1,beijing,72,12,1013,2049,informer,informer_d8_e1,informer_d8_e1,8,1.0,,matched,completed,30.0,1.5622849464416504,13.46753977998742,0.0165130569948814,valid,test,1,1,9.0,1609.0,1609.0,1609.0,predictions/beijing_72h_12h_station1013_seed2049_informer_d8_e1.npz,checkpoints/beijing_72h_12h_station1013_seed2049_informer_d8_e1.pt,training_logs/beijing_72h_12h_station1013_seed2049_informer_d8_e1.csv,0.7822445034980774,0.8844458736961112,0.6626739501953125,65.82689666748047,49.32101821899414,63.97224044799805,False,,
beijing_72h_12h_station1013_seed2049_informer_d12_e2,beijing,72,12,1013,2049,informer,informer_d12_e2,informer_d12_e2,12,2.0,,matched,completed,30.0,0.9341970682144164,15.988617373994202,0.0229888019966892,valid,test,1,1,9.0,5125.0,5125.0,5125.0,predictions/beijing_72h_12h_station1013_seed2049_informer_d12_e2.npz,checkpoints/beijing_72h_12h_station1013_seed2049_informer_d12_e2.pt,training_logs/beijing_72h_12h_station1013_seed2049_informer_d12_e2.csv,0.5555545687675476,0.7453553305421164,0.5037564635276794,55.47476196289063,37.49322509765625,50.55232620239258,False,,
beijing_72h_12h_station1013_seed2049_informer_d16_e1,beijing,72,12,1013,2049,informer,informer_d16_e1,informer_d16_e1,16,1.0,,matched,completed,20.0,0.893144428730011,12.52118892299768,0.0211014300002716,valid,test,1,1,9.0,5777.0,5777.0,5777.0,predictions/beijing_72h_12h_station1013_seed2049_informer_d16_e1.npz,checkpoints/beijing_72h_12h_station1013_seed2049_informer_d16_e1.pt,training_logs/beijing_72h_12h_station1013_seed2049_informer_d16_e1.csv,0.5321505069732666,0.7294864679850248,0.4742857217788696,54.2936897277832,35.29979705810547,48.09581756591797,False,,
beijing_72h_12h_station1013_seed2049_informer_d32_e1,beijing,72,12,1013,2049,informer,informer_d32_e1,informer_d32_e1,32,1.0,,matched,completed,14.0,0.8311034440994263,10.765817963998416,0.0299719449976691,valid,test,1,1,9.0,21793.0,21793.0,21793.0,predictions/beijing_72h_12h_station1013_seed2049_informer_d32_e1.npz,checkpoints/beijing_72h_12h_station1013_seed2049_informer_d32_e1.pt,training_logs/beijing_72h_12h_station1013_seed2049_informer_d32_e1.csv,0.5281527042388916,0.7267411535332863,0.4842795431613922,54.0893669128418,36.04360580444336,47.921165466308594,False,,
beijing_72h_12h_station1013_seed2049_tst_d8_n1,beijing,72,12,1013,2049,tst,tst_d8_n1,tst_d8_n1,8,,1.0,non_aligned_as_is,completed,22.0,0.8534470200538635,5.130952840001555,0.0034291479969397,valid,test,1,1,9.0,8084.0,8084.0,8084.0,predictions/beijing_72h_12h_station1013_seed2049_tst_d8_n1.npz,checkpoints/beijing_72h_12h_station1013_seed2049_tst_d8_n1.pt,training_logs/beijing_72h_12h_station1013_seed2049_tst_d8_n1.csv,0.4860075116157532,0.6971423897710949,0.4553030133247375,51.88640975952149,33.886962890625,47.29965972900391,False,,
beijing_72h_12h_station1013_seed2049_tst_d12_n1,beijing,72,12,1013,2049,tst,tst_d12_n1,tst_d12_n1,12,,1.0,non_aligned_as_is,completed,28.0,0.8264482617378235,5.578851097001461,0.0037011860113125,valid,test,1,1,9.0,12504.0,12504.0,12504.0,predictions/beijing_72h_12h_station1013_seed2049_tst_d12_n1.npz,checkpoints/beijing_72h_12h_station1013_seed2049_tst_d12_n1.pt,training_logs/beijing_72h_12h_station1013_seed2049_tst_d12_n1.csv,0.4796608686447143,0.6925755328083099,0.460343599319458,51.5465087890625,34.26211929321289,47.35740280151367,False,,
beijing_72h_12h_station1013_seed2049_tst_d24_n1,beijing,72,12,1013,2049,tst,tst_d24_n1,tst_d24_n1,24,,1.0,non_aligned_as_is,completed,30.0,0.8006873726844788,6.206848418005393,0.0047392720007337,valid,test,1,1,9.0,27300.0,27300.0,27300.0,predictions/beijing_72h_12h_station1013_seed2049_tst_d24_n1.npz,checkpoints/beijing_72h_12h_station1013_seed2049_tst_d24_n1.pt,training_logs/beijing_72h_12h_station1013_seed2049_tst_d24_n1.csv,0.4883246719837188,0.6988023125202999,0.4616753458976745,52.00994873046875,34.36124038696289,48.19977569580078,False,,
beijing_72h_24h_station1013_seed2047_informer_d8_e1,beijing,72,24,1013,2047,informer,informer_d8_e1,informer_d8_e1,8,1.0,,matched,completed,29.0,1.5521562099456787,16.902955487006693,0.2425086769944755,valid,test,1,1,9.0,1609.0,1609.0,1609.0,predictions/beijing_72h_24h_station1013_seed2047_informer_d8_e1.npz,checkpoints/beijing_72h_24h_station1013_seed2047_informer_d8_e1.pt,training_logs/beijing_72h_24h_station1013_seed2047_informer_d8_e1.csv,0.7742194533348083,0.8798974106876372,0.6341166496276855,65.47391510009766,47.185157775878906,60.78252029418945,False,,
beijing_72h_24h_station1013_seed2047_informer_d12_e2,beijing,72,24,1013,2047,informer,informer_d12_e2,informer_d12_e2,12,2.0,,matched,completed,30.0,1.3159433603286743,21.183368345999043,0.3599064550071489,valid,test,1,1,9.0,5125.0,5125.0,5125.0,predictions/beijing_72h_24h_station1013_seed2047_informer_d12_e2.npz,checkpoints/beijing_72h_24h_station1013_seed2047_informer_d12_e2.pt,training_logs/beijing_72h_24h_station1013_seed2047_informer_d12_e2.csv,0.7401270866394043,0.8603063911417863,0.610307514667511,64.01612854003906,45.41350173950195,58.6282958984375,False,,
beijing_72h_24h_station1013_seed2047_informer_d16_e1,beijing,72,24,1013,2047,informer,informer_d16_e1,informer_d16_e1,16,1.0,,matched,completed,30.0,1.47752845287323,17.838846485014074,0.2488391789956949,valid,test,1,1,9.0,5777.0,5777.0,5777.0,predictions/beijing_72h_24h_station1013_seed2047_informer_d16_e1.npz,checkpoints/beijing_72h_24h_station1013_seed2047_informer_d16_e1.pt,training_logs/beijing_72h_24h_station1013_seed2047_informer_d16_e1.csv,0.7823162078857422,0.8844864091017691,0.6687329411506653,65.81539154052734,49.760986328125,64.12679290771484,False,,
beijing_72h_24h_station1013_seed2047_informer_d32_e1,beijing,72,24,1013,2047,informer,informer_d32_e1,informer_d32_e1,32,1.0,,matched,completed,28.0,1.2198612689971924,19.8142066099972,0.2591017730010208,valid,test,1,1,9.0,21793.0,21793.0,21793.0,predictions/beijing_72h_24h_station1013_seed2047_informer_d32_e1.npz,checkpoints/beijing_72h_24h_station1013_seed2047_informer_d32_e1.pt,training_logs/beijing_72h_24h_station1013_seed2047_informer_d32_e1.csv,0.7414377927780151,0.8610678212417505,0.6018409132957458,64.07279205322266,44.78349304199219,57.820987701416016,False,,
beijing_72h_24h_station1013_seed2047_tst_d8_n1,beijing,72,24,1013,2047,tst,tst_d8_n1,tst_d8_n1,8,,1.0,non_aligned_as_is,completed,28.0,1.2429276704788208,6.027735854004277,0.0034204609983135,valid,test,1,1,9.0,15008.0,15008.0,15008.0,predictions/beijing_72h_24h_station1013_seed2047_tst_d8_n1.npz,checkpoints/beijing_72h_24h_station1013_seed2047_tst_d8_n1.pt,training_logs/beijing_72h_24h_station1013_seed2047_tst_d8_n1.csv,0.6543735861778259,0.8089336104884169,0.5547023415565491,60.19343948364258,41.27587127685547,55.20741271972656,False,,
beijing_72h_24h_station1013_seed2047_tst_d12_n1,beijing,72,24,1013,2047,tst,tst_d12_n1,tst_d12_n1,12,,1.0,non_aligned_as_is,completed,30.0,1.2211309671401978,5.567937999003334,0.0037593680026475,valid,test,1,1,9.0,22884.0,22884.0,22884.0,predictions/beijing_72h_24h_station1013_seed2047_tst_d12_n1.npz,checkpoints/beijing_72h_24h_station1013_seed2047_tst_d12_n1.pt,training_logs/beijing_72h_24h_station1013_seed2047_tst_d12_n1.csv,0.6588259339332581,0.8116809311134875,0.561090886592865,60.39786529541016,41.751251220703125,57.01447296142578,False,,
beijing_72h_24h_station1013_seed2047_tst_d24_n1,beijing,72,24,1013,2047,tst,tst_d24_n1,tst_d24_n1,24,,1.0,non_aligned_as_is,completed,26.0,1.1696275472640991,6.780279398997664,0.0047389219980686,valid,test,1,1,9.0,48048.0,48048.0,48048.0,predictions/beijing_72h_24h_station1013_seed2047_tst_d24_n1.npz,checkpoints/beijing_72h_24h_station1013_seed2047_tst_d24_n1.pt,training_logs/beijing_72h_24h_station1013_seed2047_tst_d24_n1.csv,0.7004469037055969,0.8369270599673528,0.5853937268257141,62.276458740234375,43.55964660644531,57.23126602172852,False,,
beijing_72h_24h_station1013_seed2048_informer_d8_e1,beijing,72,24,1013,2048,informer,informer_d8_e1,informer_d8_e1,8,1.0,,matched,completed,30.0,1.6977567672729492,14.823945828000433,0.0182965679996414,valid,test,1,1,9.0,1609.0,1609.0,1609.0,predictions/beijing_72h_24h_station1013_seed2048_informer_d8_e1.npz,checkpoints/beijing_72h_24h_station1013_seed2048_informer_d8_e1.pt,training_logs/beijing_72h_24h_station1013_seed2048_informer_d8_e1.csv,0.8354679942131042,0.9140393832943438,0.6812419295310974,68.01444244384766,50.69178771972656,65.87090301513672,False,,
beijing_72h_24h_station1013_seed2048_informer_d12_e2,beijing,72,24,1013,2048,informer,informer_d12_e2,informer_d12_e2,12,2.0,,matched,completed,25.0,1.331660509109497,17.62586446000205,0.0248018319980474,valid,test,1,1,9.0,5125.0,5125.0,5125.0,predictions/beijing_72h_24h_station1013_seed2048_informer_d12_e2.npz,checkpoints/beijing_72h_24h_station1013_seed2048_informer_d12_e2.pt,training_logs/beijing_72h_24h_station1013_seed2048_informer_d12_e2.csv,0.6857357621192932,0.8280916387207959,0.5941631197929382,61.61900329589844,44.212181091308594,58.07512283325195,False,,
beijing_72h_24h_station1013_seed2048_informer_d16_e1,beijing,72,24,1013,2048,informer,informer_d16_e1,informer_d16_e1,16,1.0,,matched,completed,30.0,1.360856056213379,15.852051622001454,0.0230921269976533,valid,test,1,1,9.0,5777.0,5777.0,5777.0,predictions/beijing_72h_24h_station1013_seed2048_informer_d16_e1.npz,checkpoints/beijing_72h_24h_station1013_seed2048_informer_d16_e1.pt,training_logs/beijing_72h_24h_station1013_seed2048_informer_d16_e1.csv,0.7547681331634521,0.8687739252322506,0.6330615282058716,64.64620208740234,47.10664749145508,60.707366943359375,False,,
beijing_72h_24h_station1013_seed2048_informer_d32_e1,beijing,72,24,1013,2048,informer,informer_d32_e1,informer_d32_e1,32,1.0,,matched,completed,20.0,1.2079570293426514,15.450105805997737,0.033229131004191,valid,test,1,1,9.0,21793.0,21793.0,21793.0,predictions/beijing_72h_24h_station1013_seed2048_informer_d32_e1.npz,checkpoints/beijing_72h_24h_station1013_seed2048_informer_d32_e1.pt,training_logs/beijing_72h_24h_station1013_seed2048_informer_d32_e1.csv,0.6693006157875061,0.818107948737516,0.569360613822937,60.87610626220703,42.36661148071289,55.53758239746094,False,,
beijing_72h_24h_station1013_seed2048_tst_d8_n1,beijing,72,24,1013,2048,tst,tst_d8_n1,tst_d8_n1,8,,1.0,non_aligned_as_is,completed,30.0,1.2003792524337769,5.42305337000289,0.0033224159997189,valid,test,1,1,9.0,15008.0,15008.0,15008.0,predictions/beijing_72h_24h_station1013_seed2048_tst_d8_n1.npz,checkpoints/beijing_72h_24h_station1013_seed2048_tst_d8_n1.pt,training_logs/beijing_72h_24h_station1013_seed2048_tst_d8_n1.csv,0.676653265953064,0.822589366545097,0.5640988945960999,61.20957565307617,41.97508239746094,57.421417236328125,False,,
beijing_72h_24h_station1013_seed2048_tst_d12_n1,beijing,72,24,1013,2048,tst,tst_d12_n1,tst_d12_n1,12,,1.0,non_aligned_as_is,completed,27.0,1.208451747894287,5.573477566009387,0.0037824339960934,valid,test,1,1,9.0,22884.0,22884.0,22884.0,predictions/beijing_72h_24h_station1013_seed2048_tst_d12_n1.npz,checkpoints/beijing_72h_24h_station1013_seed2048_tst_d12_n1.pt,training_logs/beijing_72h_24h_station1013_seed2048_tst_d12_n1.csv,0.6712972521781921,0.8193273168753695,0.5658603310585022,60.96684265136719,42.10614776611328,56.73257827758789,False,,
beijing_72h_24h_station1013_seed2048_tst_d24_n1,beijing,72,24,1013,2048,tst,tst_d24_n1,tst_d24_n1,24,,1.0,non_aligned_as_is,completed,24.0,1.1415693759918213,6.176865480010747,0.0049200639914488,valid,test,1,1,9.0,48048.0,48048.0,48048.0,predictions/beijing_72h_24h_station1013_seed2048_tst_d24_n1.npz,checkpoints/beijing_72h_24h_station1013_seed2048_tst_d24_n1.pt,training_logs/beijing_72h_24h_station1013_seed2048_tst_d24_n1.csv,0.662643551826477,0.8140292082145929,0.5703497529029846,60.57260894775391,42.44021224975586,56.80095672607422,False,,
beijing_72h_24h_station1013_seed2049_informer_d8_e1,beijing,72,24,1013,2049,informer,informer_d8_e1,informer_d8_e1,8,1.0,,matched,completed,30.0,1.5776875019073486,14.862672680988908,0.0183810730086406,valid,test,1,1,9.0,1609.0,1609.0,1609.0,predictions/beijing_72h_24h_station1013_seed2049_informer_d8_e1.npz,checkpoints/beijing_72h_24h_station1013_seed2049_informer_d8_e1.pt,training_logs/beijing_72h_24h_station1013_seed2049_informer_d8_e1.csv,0.8587866425514221,0.9267074201447952,0.6800622344017029,68.95709228515625,50.60401153564453,65.48509979248047,False,,
beijing_72h_24h_station1013_seed2049_informer_d12_e2,beijing,72,24,1013,2049,informer,informer_d12_e2,informer_d12_e2,12,2.0,,matched,completed,30.0,1.2940267324447632,17.64054423601192,0.0249277989933034,valid,test,1,1,9.0,5125.0,5125.0,5125.0,predictions/beijing_72h_24h_station1013_seed2049_informer_d12_e2.npz,checkpoints/beijing_72h_24h_station1013_seed2049_informer_d12_e2.pt,training_logs/beijing_72h_24h_station1013_seed2049_informer_d12_e2.csv,0.7306901812553406,0.8548041771396186,0.6186041831970215,63.60670852661133,46.030860900878906,58.71360397338867,False,,
beijing_72h_24h_station1013_seed2049_informer_d16_e1,beijing,72,24,1013,2049,informer,informer_d16_e1,informer_d16_e1,16,1.0,,matched,completed,29.0,1.4054338932037354,15.817703823006012,0.0230399179999949,valid,test,1,1,9.0,5777.0,5777.0,5777.0,predictions/beijing_72h_24h_station1013_seed2049_informer_d16_e1.npz,checkpoints/beijing_72h_24h_station1013_seed2049_informer_d16_e1.pt,training_logs/beijing_72h_24h_station1013_seed2049_informer_d16_e1.csv,0.813751757144928,0.90208190157265,0.656049907207489,67.12468719482422,48.81722640991211,64.36515045166016,False,,
beijing_72h_24h_station1013_seed2049_informer_d32_e1,beijing,72,24,1013,2049,informer,informer_d32_e1,informer_d32_e1,32,1.0,,matched,completed,14.0,1.256922721862793,11.87970692900126,0.0335756889980984,valid,test,1,1,9.0,21793.0,21793.0,21793.0,predictions/beijing_72h_24h_station1013_seed2049_informer_d32_e1.npz,checkpoints/beijing_72h_24h_station1013_seed2049_informer_d32_e1.pt,training_logs/beijing_72h_24h_station1013_seed2049_informer_d32_e1.csv,0.6885513067245483,0.8297899172227561,0.5867230296134949,61.74537658691406,43.65856170654297,56.83451843261719,False,,
beijing_72h_24h_station1013_seed2049_tst_d8_n1,beijing,72,24,1013,2049,tst,tst_d8_n1,tst_d8_n1,8,,1.0,non_aligned_as_is,completed,24.0,1.238064885139465,5.449141653007246,0.0033128029899671,valid,test,1,1,9.0,15008.0,15008.0,15008.0,predictions/beijing_72h_24h_station1013_seed2049_tst_d8_n1.npz,checkpoints/beijing_72h_24h_station1013_seed2049_tst_d8_n1.pt,training_logs/beijing_72h_24h_station1013_seed2049_tst_d8_n1.csv,0.6612687110900879,0.8131843032733034,0.5622605681419373,60.50973510742188,41.83829116821289,56.18838119506836,False,,
beijing_72h_24h_station1013_seed2049_tst_d12_n1,beijing,72,24,1013,2049,tst,tst_d12_n1,tst_d12_n1,12,,1.0,non_aligned_as_is,completed,29.0,1.187913179397583,5.578387444998953,0.003852818001178,valid,test,1,1,9.0,22884.0,22884.0,22884.0,predictions/beijing_72h_24h_station1013_seed2049_tst_d12_n1.npz,checkpoints/beijing_72h_24h_station1013_seed2049_tst_d12_n1.pt,training_logs/beijing_72h_24h_station1013_seed2049_tst_d12_n1.csv,0.664668083190918,0.8152717848612927,0.5743088722229004,60.66506576538086,42.73481369018555,56.62384033203125,False,,
beijing_72h_24h_station1013_seed2049_tst_d24_n1,beijing,72,24,1013,2049,tst,tst_d24_n1,tst_d24_n1,24,,1.0,non_aligned_as_is,completed,27.0,1.1621085405349731,6.219902947006631,0.0047218609979609,valid,test,1,1,9.0,48048.0,48048.0,48048.0,predictions/beijing_72h_24h_station1013_seed2049_tst_d24_n1.npz,checkpoints/beijing_72h_24h_station1013_seed2049_tst_d24_n1.pt,training_logs/beijing_72h_24h_station1013_seed2049_tst_d24_n1.csv,0.673840343952179,0.8208777886824439,0.5696589946746826,61.08221435546875,42.38880920410156,58.23211669921875,False,,
beijing_168h_1h_station1013_seed2047_informer_d8_e1,beijing,168,1,1013,2047,informer,informer_d8_e1,informer_d8_e1,8,1.0,,matched,completed,30.0,0.3819604218006134,24.02136017700832,0.2456962190044578,valid,test,1,1,9.0,1609.0,1609.0,1609.0,predictions/beijing_168h_1h_station1013_seed2047_informer_d8_e1.npz,checkpoints/beijing_168h_1h_station1013_seed2047_informer_d8_e1.pt,training_logs/beijing_168h_1h_station1013_seed2047_informer_d8_e1.csv,0.1579651236534118,0.3974482653797999,0.2603628635406494,29.54301643371582,19.353221893310547,33.222068786621094,False,,
beijing_168h_1h_station1013_seed2047_informer_d12_e2,beijing,168,1,1013,2047,informer,informer_d12_e2,informer_d12_e2,12,2.0,,matched,completed,30.0,0.2084317207336425,29.89891351299593,1.0369774569990111,valid,test,1,1,9.0,5125.0,5125.0,5125.0,predictions/beijing_168h_1h_station1013_seed2047_informer_d12_e2.npz,checkpoints/beijing_168h_1h_station1013_seed2047_informer_d12_e2.pt,training_logs/beijing_168h_1h_station1013_seed2047_informer_d12_e2.csv,0.1041348204016685,0.322699272390981,0.1885868459939956,23.986793518066406,14.017986297607422,23.065723419189453,False,,
beijing_168h_1h_station1013_seed2047_informer_d16_e1,beijing,168,1,1013,2047,informer,informer_d16_e1,informer_d16_e1,16,1.0,,matched,completed,30.0,0.7689476013183594,23.409518262997157,0.2524127290089382,valid,test,1,1,9.0,5777.0,5777.0,5777.0,predictions/beijing_168h_1h_station1013_seed2047_informer_d16_e1.npz,checkpoints/beijing_168h_1h_station1013_seed2047_informer_d16_e1.pt,training_logs/beijing_168h_1h_station1013_seed2047_informer_d16_e1.csv,0.3420387506484985,0.5848407908555101,0.426756352186203,43.47222518920898,31.72153663635254,49.148712158203125,True,beijing_168h_1h_station1013_seed2047_informer_d16_e1 出现非有限训练损失,
beijing_168h_1h_station1013_seed2047_informer_d32_e1,beijing,168,1,1013,2047,informer,informer_d32_e1,informer_d32_e1,32,1.0,,matched,nonfinite,,,,,valid,test,0,1,,,,,,,,,,,,,,True,,beijing_168h_1h_station1013_seed2047_informer_d32_e1 出现非有限验证损失
beijing_168h_1h_station1013_seed2047_tst_d8_n1,beijing,168,1,1013,2047,tst,tst_d8_n1,tst_d8_n1,8,,1.0,non_aligned_as_is,completed,27.0,0.134665161371231,13.251864402001956,0.0094927549944259,valid,test,1,1,9.0,3273.0,3273.0,3273.0,predictions/beijing_168h_1h_station1013_seed2047_tst_d8_n1.npz,checkpoints/beijing_168h_1h_station1013_seed2047_tst_d8_n1.pt,training_logs/beijing_168h_1h_station1013_seed2047_tst_d8_n1.csv,0.1021829172968864,0.3196606283183564,0.1863787174224853,23.76092529296875,13.85385036468506,24.643741607666016,False,,
beijing_168h_1h_station1013_seed2047_tst_d12_n1,beijing,168,1,1013,2047,tst,tst_d12_n1,tst_d12_n1,12,,1.0,non_aligned_as_is,completed,30.0,0.1249086633324623,13.390835188998608,0.0101182669895933,valid,test,1,1,9.0,5293.0,5293.0,5293.0,predictions/beijing_168h_1h_station1013_seed2047_tst_d12_n1.npz,checkpoints/beijing_168h_1h_station1013_seed2047_tst_d12_n1.pt,training_logs/beijing_168h_1h_station1013_seed2047_tst_d12_n1.csv,0.0999066308140754,0.3160801018951928,0.1812237948179245,23.494779586791992,13.470678329467772,24.326892852783203,False,,
beijing_168h_1h_station1013_seed2047_tst_d24_n1,beijing,168,1,1013,2047,tst,tst_d24_n1,tst_d24_n1,24,,1.0,non_aligned_as_is,completed,30.0,0.1165271252393722,15.323651769998833,0.0130884350073756,valid,test,1,1,9.0,12889.0,12889.0,12889.0,predictions/beijing_168h_1h_station1013_seed2047_tst_d24_n1.npz,checkpoints/beijing_168h_1h_station1013_seed2047_tst_d24_n1.pt,training_logs/beijing_168h_1h_station1013_seed2047_tst_d24_n1.csv,0.0948754921555519,0.3080186555316933,0.1718791723251342,22.89555931091309,12.77607536315918,23.40145492553711,False,,
beijing_168h_1h_station1013_seed2048_informer_d8_e1,beijing,168,1,1013,2048,informer,informer_d8_e1,informer_d8_e1,8,1.0,,matched,completed,2.0,1.4833287000656128,5.874654343992006,0.0289783699990948,valid,test,1,1,9.0,1609.0,1609.0,1609.0,predictions/beijing_168h_1h_station1013_seed2048_informer_d8_e1.npz,checkpoints/beijing_168h_1h_station1013_seed2048_informer_d8_e1.pt,training_logs/beijing_168h_1h_station1013_seed2048_informer_d8_e1.csv,0.8738887906074524,0.9348201915916518,0.7085149884223938,69.48680114746094,52.66514587402344,67.50130462646484,False,,
beijing_168h_1h_station1013_seed2048_informer_d12_e2,beijing,168,1,1013,2048,informer,informer_d12_e2,informer_d12_e2,12,2.0,,matched,completed,29.0,0.2490541487932205,28.371548494003942,0.0397876180068124,valid,test,1,1,9.0,5125.0,5125.0,5125.0,predictions/beijing_168h_1h_station1013_seed2048_informer_d12_e2.npz,checkpoints/beijing_168h_1h_station1013_seed2048_informer_d12_e2.pt,training_logs/beijing_168h_1h_station1013_seed2048_informer_d12_e2.csv,0.1276222616434097,0.3572425809494295,0.2052189707756042,26.55445671081543,15.254280090332031,24.135892868041992,False,,
beijing_168h_1h_station1013_seed2048_informer_d16_e1,beijing,168,1,1013,2048,informer,informer_d16_e1,informer_d16_e1,16,1.0,,matched,completed,24.0,0.2781735956668854,23.39956869301386,0.0360415510076563,valid,test,1,1,9.0,5777.0,5777.0,5777.0,predictions/beijing_168h_1h_station1013_seed2048_informer_d16_e1.npz,checkpoints/beijing_168h_1h_station1013_seed2048_informer_d16_e1.pt,training_logs/beijing_168h_1h_station1013_seed2048_informer_d16_e1.csv,0.1293398290872573,0.3596384699768051,0.2115860879421234,26.73254776000977,15.727559089660645,26.09328269958496,False,,
beijing_168h_1h_station1013_seed2048_informer_d32_e1,beijing,168,1,1013,2048,informer,informer_d32_e1,informer_d32_e1,32,1.0,,matched,completed,30.0,0.1938992440700531,27.04505308199441,0.2685651990032056,valid,test,1,1,9.0,21793.0,21793.0,21793.0,predictions/beijing_168h_1h_station1013_seed2048_informer_d32_e1.npz,checkpoints/beijing_168h_1h_station1013_seed2048_informer_d32_e1.pt,training_logs/beijing_168h_1h_station1013_seed2048_informer_d32_e1.csv,0.1060846596956253,0.325706401066398,0.1814405173063278,24.21031951904297,13.486786842346191,20.535127639770508,False,,
beijing_168h_1h_station1013_seed2048_tst_d8_n1,beijing,168,1,1013,2048,tst,tst_d8_n1,tst_d8_n1,8,,1.0,non_aligned_as_is,completed,30.0,0.1337331533432006,12.616069600000628,0.0095319240062963,valid,test,1,1,9.0,3273.0,3273.0,3273.0,predictions/beijing_168h_1h_station1013_seed2048_tst_d8_n1.npz,checkpoints/beijing_168h_1h_station1013_seed2048_tst_d8_n1.pt,training_logs/beijing_168h_1h_station1013_seed2048_tst_d8_n1.csv,0.1015917360782623,0.3187345856324072,0.1787540465593338,23.69209289550781,13.287096977233888,22.72389030456543,False,,
beijing_168h_1h_station1013_seed2048_tst_d12_n1,beijing,168,1,1013,2048,tst,tst_d12_n1,tst_d12_n1,12,,1.0,non_aligned_as_is,completed,26.0,0.1368025690317154,13.368453931005206,0.010121255996637,valid,test,1,1,9.0,5293.0,5293.0,5293.0,predictions/beijing_168h_1h_station1013_seed2048_tst_d12_n1.npz,checkpoints/beijing_168h_1h_station1013_seed2048_tst_d12_n1.pt,training_logs/beijing_168h_1h_station1013_seed2048_tst_d12_n1.csv,0.1032196804881095,0.3212781979657343,0.1886567026376724,23.881162643432617,14.023178100585938,24.441551208496094,False,,
beijing_168h_1h_station1013_seed2048_tst_d24_n1,beijing,168,1,1013,2048,tst,tst_d24_n1,tst_d24_n1,24,,1.0,non_aligned_as_is,completed,22.0,0.1185407117009162,13.759772414996403,0.0129948829999193,valid,test,1,1,9.0,12889.0,12889.0,12889.0,predictions/beijing_168h_1h_station1013_seed2048_tst_d24_n1.npz,checkpoints/beijing_168h_1h_station1013_seed2048_tst_d24_n1.pt,training_logs/beijing_168h_1h_station1013_seed2048_tst_d24_n1.csv,0.0951375812292099,0.3084438056262597,0.1710720211267471,22.92716217041016,12.716079711914062,23.286775588989254,False,,
beijing_168h_1h_station1013_seed2049_informer_d8_e1,beijing,168,1,1013,2049,informer,informer_d8_e1,informer_d8_e1,8,1.0,,matched,completed,22.0,0.649163544178009,20.43666000799567,0.0276887120126048,valid,test,1,1,9.0,1609.0,1609.0,1609.0,predictions/beijing_168h_1h_station1013_seed2049_informer_d8_e1.npz,checkpoints/beijing_168h_1h_station1013_seed2049_informer_d8_e1.pt,training_logs/beijing_168h_1h_station1013_seed2049_informer_d8_e1.csv,0.3340184986591339,0.5779433351628288,0.4173161387443542,42.95952606201172,31.019824981689453,46.78628921508789,False,,
beijing_168h_1h_station1013_seed2049_informer_d12_e2,beijing,168,1,1013,2049,informer,informer_d12_e2,informer_d12_e2,12,2.0,,matched,completed,30.0,0.1913105398416519,28.44793923900579,0.0399909930129069,valid,test,1,1,9.0,5125.0,5125.0,5125.0,predictions/beijing_168h_1h_station1013_seed2049_informer_d12_e2.npz,checkpoints/beijing_168h_1h_station1013_seed2049_informer_d12_e2.pt,training_logs/beijing_168h_1h_station1013_seed2049_informer_d12_e2.csv,0.0905955657362937,0.3009909728485122,0.1629075706005096,22.373178482055664,12.109201431274414,20.670108795166016,False,,
beijing_168h_1h_station1013_seed2049_informer_d16_e1,beijing,168,1,1013,2049,informer,informer_d16_e1,informer_d16_e1,16,1.0,,matched,completed,8.0,0.6042717099189758,10.964747896010522,0.0358280890068272,valid,test,1,1,9.0,5777.0,5777.0,5777.0,predictions/beijing_168h_1h_station1013_seed2049_informer_d16_e1.npz,checkpoints/beijing_168h_1h_station1013_seed2049_informer_d16_e1.pt,training_logs/beijing_168h_1h_station1013_seed2049_informer_d16_e1.csv,0.263187438249588,0.5130179706887352,0.3653165698051452,38.13351058959961,27.154613494873047,46.64683532714844,False,,
beijing_168h_1h_station1013_seed2049_informer_d32_e1,beijing,168,1,1013,2049,informer,informer_d32_e1,informer_d32_e1,32,1.0,,matched,completed,8.0,0.2640667557716369,12.666895713002305,0.0538473729975521,valid,test,1,1,9.0,21793.0,21793.0,21793.0,predictions/beijing_168h_1h_station1013_seed2049_informer_d32_e1.npz,checkpoints/beijing_168h_1h_station1013_seed2049_informer_d32_e1.pt,training_logs/beijing_168h_1h_station1013_seed2049_informer_d32_e1.csv,0.1793006658554077,0.4234390934425017,0.276848167181015,31.47496032714844,20.578601837158203,30.718978881835938,False,,
beijing_168h_1h_station1013_seed2049_tst_d8_n1,beijing,168,1,1013,2049,tst,tst_d8_n1,tst_d8_n1,8,,1.0,non_aligned_as_is,completed,29.0,0.1418200135231018,12.614134335992276,0.0094571579975308,valid,test,1,1,9.0,3273.0,3273.0,3273.0,predictions/beijing_168h_1h_station1013_seed2049_tst_d8_n1.npz,checkpoints/beijing_168h_1h_station1013_seed2049_tst_d8_n1.pt,training_logs/beijing_168h_1h_station1013_seed2049_tst_d8_n1.csv,0.1030454263091087,0.3210068944884342,0.1863941252231598,23.86099624633789,13.854995727539062,23.48388671875,False,,
beijing_168h_1h_station1013_seed2049_tst_d12_n1,beijing,168,1,1013,2049,tst,tst_d12_n1,tst_d12_n1,12,,1.0,non_aligned_as_is,completed,24.0,0.1511616855859756,13.420984782002051,0.0101377379905898,valid,test,1,1,9.0,5293.0,5293.0,5293.0,predictions/beijing_168h_1h_station1013_seed2049_tst_d12_n1.npz,checkpoints/beijing_168h_1h_station1013_seed2049_tst_d12_n1.pt,training_logs/beijing_168h_1h_station1013_seed2049_tst_d12_n1.csv,0.1102452427148819,0.3320319904992317,0.209782674908638,24.68051147460937,15.59350872039795,29.288116455078125,False,,
beijing_168h_1h_station1013_seed2049_tst_d24_n1,beijing,168,1,1013,2049,tst,tst_d24_n1,tst_d24_n1,24,,1.0,non_aligned_as_is,completed,18.0,0.123007446527481,11.811783723998817,0.0129836440028157,valid,test,1,1,9.0,12889.0,12889.0,12889.0,predictions/beijing_168h_1h_station1013_seed2049_tst_d24_n1.npz,checkpoints/beijing_168h_1h_station1013_seed2049_tst_d24_n1.pt,training_logs/beijing_168h_1h_station1013_seed2049_tst_d24_n1.csv,0.0998909547924995,0.3160553033766393,0.1861146688461303,23.492935180664062,13.834223747253418,26.03096389770508,False,,
beijing_168h_3h_station1013_seed2047_informer_d8_e1,beijing,168,3,1013,2047,informer,informer_d8_e1,informer_d8_e1,8,1.0,,matched,completed,30.0,1.0096033811569214,24.166322371995197,0.1357914230029564,valid,test,1,1,9.0,1609.0,1609.0,1609.0,predictions/beijing_168h_3h_station1013_seed2047_informer_d8_e1.npz,checkpoints/beijing_168h_3h_station1013_seed2047_informer_d8_e1.pt,training_logs/beijing_168h_3h_station1013_seed2047_informer_d8_e1.csv,0.4162624180316925,0.6451840187355019,0.4563519358634949,47.956939697265625,33.92092514038086,48.60440826416016,False,,
beijing_168h_3h_station1013_seed2047_informer_d12_e2,beijing,168,3,1013,2047,informer,informer_d12_e2,informer_d12_e2,12,2.0,,matched,completed,28.0,0.5620428323745728,32.20074543899682,0.1491844039992429,valid,test,1,1,9.0,5125.0,5125.0,5125.0,predictions/beijing_168h_3h_station1013_seed2047_informer_d12_e2.npz,checkpoints/beijing_168h_3h_station1013_seed2047_informer_d12_e2.pt,training_logs/beijing_168h_3h_station1013_seed2047_informer_d12_e2.csv,0.3467817604541778,0.5888817881834841,0.3911990523338318,43.77195739746094,29.07807731628418,40.326438903808594,False,,
beijing_168h_3h_station1013_seed2047_informer_d16_e1,beijing,168,3,1013,2047,informer,informer_d16_e1,informer_d16_e1,16,1.0,,matched,completed,30.0,1.542112112045288,23.752825625997502,0.1469893390021752,valid,test,1,1,9.0,5777.0,5777.0,5777.0,predictions/beijing_168h_3h_station1013_seed2047_informer_d16_e1.npz,checkpoints/beijing_168h_3h_station1013_seed2047_informer_d16_e1.pt,training_logs/beijing_168h_3h_station1013_seed2047_informer_d16_e1.csv,0.7408753037452698,0.8607411363152512,0.6472059488296509,63.979434967041016,48.10723114013672,62.660736083984375,True,beijing_168h_3h_station1013_seed2047_informer_d16_e1 出现非有限训练损失,
beijing_168h_3h_station1013_seed2047_informer_d32_e1,beijing,168,3,1013,2047,informer,informer_d32_e1,informer_d32_e1,32,1.0,,matched,completed,23.0,0.402616024017334,28.448136325998348,0.1635614190017804,valid,test,1,1,9.0,21793.0,21793.0,21793.0,predictions/beijing_168h_3h_station1013_seed2047_informer_d32_e1.npz,checkpoints/beijing_168h_3h_station1013_seed2047_informer_d32_e1.pt,training_logs/beijing_168h_3h_station1013_seed2047_informer_d32_e1.csv,0.2817461490631103,0.5307976535960859,0.3075936436653137,39.45452499389648,22.86363220214844,37.469482421875,False,,
beijing_168h_3h_station1013_seed2047_tst_d8_n1,beijing,168,3,1013,2047,tst,tst_d8_n1,tst_d8_n1,8,,1.0,non_aligned_as_is,completed,30.0,0.2949532568454742,13.275720837002154,0.0095333589997608,valid,test,1,1,9.0,5963.0,5963.0,5963.0,predictions/beijing_168h_3h_station1013_seed2047_tst_d8_n1.npz,checkpoints/beijing_168h_3h_station1013_seed2047_tst_d8_n1.pt,training_logs/beijing_168h_3h_station1013_seed2047_tst_d8_n1.csv,0.1992956548929214,0.4464254191832287,0.2670412957668304,33.183082580566406,19.849349975585938,33.38542175292969,False,,
beijing_168h_3h_station1013_seed2047_tst_d12_n1,beijing,168,3,1013,2047,tst,tst_d12_n1,tst_d12_n1,12,,1.0,non_aligned_as_is,completed,30.0,0.2912610471248626,13.407543770008488,0.010249508995912,valid,test,1,1,9.0,9327.0,9327.0,9327.0,predictions/beijing_168h_3h_station1013_seed2047_tst_d12_n1.npz,checkpoints/beijing_168h_3h_station1013_seed2047_tst_d12_n1.pt,training_logs/beijing_168h_3h_station1013_seed2047_tst_d12_n1.csv,0.2020641267299652,0.4495154354746511,0.274288147687912,33.41276931762695,20.38801383972168,34.25315475463867,False,,
beijing_168h_3h_station1013_seed2047_tst_d24_n1,beijing,168,3,1013,2047,tst,tst_d24_n1,tst_d24_n1,24,,1.0,non_aligned_as_is,completed,22.0,0.277254581451416,14.428201188988169,0.0131312910089036,valid,test,1,1,9.0,20955.0,20955.0,20955.0,predictions/beijing_168h_3h_station1013_seed2047_tst_d24_n1.npz,checkpoints/beijing_168h_3h_station1013_seed2047_tst_d24_n1.pt,training_logs/beijing_168h_3h_station1013_seed2047_tst_d24_n1.csv,0.200727105140686,0.4480257862452629,0.2712862193584442,33.302040100097656,20.16487693786621,33.979469299316406,False,,
beijing_168h_3h_station1013_seed2048_informer_d8_e1,beijing,168,3,1013,2048,informer,informer_d8_e1,informer_d8_e1,8,1.0,,matched,completed,1.0,1.7532427310943604,5.1899162249901565,0.0279928990057669,valid,test,1,1,9.0,1609.0,1609.0,1609.0,predictions/beijing_168h_3h_station1013_seed2048_informer_d8_e1.npz,checkpoints/beijing_168h_3h_station1013_seed2048_informer_d8_e1.pt,training_logs/beijing_168h_3h_station1013_seed2048_informer_d8_e1.csv,0.8961447477340698,0.9466492210602984,0.7217603325843811,70.36503601074219,53.64890670776367,68.21424102783203,False,,
beijing_168h_3h_station1013_seed2048_informer_d12_e2,beijing,168,3,1013,2048,informer,informer_d12_e2,informer_d12_e2,12,2.0,,matched,completed,7.0,1.1342787742614746,12.419972314994084,0.0402657090016873,valid,test,1,1,9.0,5125.0,5125.0,5125.0,predictions/beijing_168h_3h_station1013_seed2048_informer_d12_e2.npz,checkpoints/beijing_168h_3h_station1013_seed2048_informer_d12_e2.pt,training_logs/beijing_168h_3h_station1013_seed2048_informer_d12_e2.csv,0.5961529016494751,0.7721093845106891,0.5763474702835083,57.391380310058594,42.84027099609375,58.05575180053711,False,,
beijing_168h_3h_station1013_seed2048_informer_d16_e1,beijing,168,3,1013,2048,informer,informer_d16_e1,informer_d16_e1,16,1.0,,matched,completed,30.0,1.00633704662323,23.719914175002486,0.0363438970089191,valid,test,1,1,9.0,5777.0,5777.0,5777.0,predictions/beijing_168h_3h_station1013_seed2048_informer_d16_e1.npz,checkpoints/beijing_168h_3h_station1013_seed2048_informer_d16_e1.pt,training_logs/beijing_168h_3h_station1013_seed2048_informer_d16_e1.csv,0.5147221684455872,0.7174414041896294,0.5115656852722168,53.32787704467773,38.02500915527344,53.76095199584961,False,,
beijing_168h_3h_station1013_seed2048_informer_d32_e1,beijing,168,3,1013,2048,informer,informer_d32_e1,informer_d32_e1,32,1.0,,matched,completed,21.0,0.333048552274704,24.540935726996395,0.0539201920037157,valid,test,1,1,9.0,21793.0,21793.0,21793.0,predictions/beijing_168h_3h_station1013_seed2048_informer_d32_e1.npz,checkpoints/beijing_168h_3h_station1013_seed2048_informer_d32_e1.pt,training_logs/beijing_168h_3h_station1013_seed2048_informer_d32_e1.csv,0.2257303744554519,0.4751109075315488,0.2910086512565613,35.3152961730957,21.630859375,33.63434600830078,False,,
beijing_168h_3h_station1013_seed2048_tst_d8_n1,beijing,168,3,1013,2048,tst,tst_d8_n1,tst_d8_n1,8,,1.0,non_aligned_as_is,completed,30.0,0.2980827987194061,12.652187875995878,0.0096065239922609,valid,test,1,1,9.0,5963.0,5963.0,5963.0,predictions/beijing_168h_3h_station1013_seed2048_tst_d8_n1.npz,checkpoints/beijing_168h_3h_station1013_seed2048_tst_d8_n1.pt,training_logs/beijing_168h_3h_station1013_seed2048_tst_d8_n1.csv,0.2054944634437561,0.4533149715636536,0.2729650437831878,33.6951904296875,20.2896671295166,35.42070007324219,False,,
beijing_168h_3h_station1013_seed2048_tst_d12_n1,beijing,168,3,1013,2048,tst,tst_d12_n1,tst_d12_n1,12,,1.0,non_aligned_as_is,completed,30.0,0.2855481803417206,13.438431085989578,0.0103220739983953,valid,test,1,1,9.0,9327.0,9327.0,9327.0,predictions/beijing_168h_3h_station1013_seed2048_tst_d12_n1.npz,checkpoints/beijing_168h_3h_station1013_seed2048_tst_d12_n1.pt,training_logs/beijing_168h_3h_station1013_seed2048_tst_d12_n1.csv,0.194590225815773,0.4411238214104663,0.2634802758693695,32.78901672363281,19.58465576171875,33.06990051269531,False,,
beijing_168h_3h_station1013_seed2048_tst_d24_n1,beijing,168,3,1013,2048,tst,tst_d24_n1,tst_d24_n1,24,,1.0,non_aligned_as_is,completed,28.0,0.2776388823986053,14.791837998011031,0.0131159049924463,valid,test,1,1,9.0,20955.0,20955.0,20955.0,predictions/beijing_168h_3h_station1013_seed2048_tst_d24_n1.npz,checkpoints/beijing_168h_3h_station1013_seed2048_tst_d24_n1.pt,training_logs/beijing_168h_3h_station1013_seed2048_tst_d24_n1.csv,0.1964299529790878,0.4432041888104035,0.2645899057388305,32.94364929199219,19.667133331298828,32.79972076416016,False,,
beijing_168h_3h_station1013_seed2049_informer_d8_e1,beijing,168,3,1013,2049,informer,informer_d8_e1,informer_d8_e1,8,1.0,,matched,completed,28.0,1.1628470420837402,22.12279714700708,0.027879616987775,valid,test,1,1,9.0,1609.0,1609.0,1609.0,predictions/beijing_168h_3h_station1013_seed2049_informer_d8_e1.npz,checkpoints/beijing_168h_3h_station1013_seed2049_informer_d8_e1.pt,training_logs/beijing_168h_3h_station1013_seed2049_informer_d8_e1.csv,0.6270378828048706,0.7918572363784211,0.5844434499740601,58.85924911499024,43.44205474853516,60.15099334716797,False,,
beijing_168h_3h_station1013_seed2049_informer_d12_e2,beijing,168,3,1013,2049,informer,informer_d12_e2,informer_d12_e2,12,2.0,,matched,completed,30.0,0.3955117762088775,28.63008753399481,0.0403297470038523,valid,test,1,1,9.0,5125.0,5125.0,5125.0,predictions/beijing_168h_3h_station1013_seed2049_informer_d12_e2.npz,checkpoints/beijing_168h_3h_station1013_seed2049_informer_d12_e2.pt,training_logs/beijing_168h_3h_station1013_seed2049_informer_d12_e2.csv,0.2223596274852752,0.471550238559239,0.2653520405292511,35.050628662109375,19.723785400390625,30.169313430786133,False,,
beijing_168h_3h_station1013_seed2049_informer_d16_e1,beijing,168,3,1013,2049,informer,informer_d16_e1,informer_d16_e1,16,1.0,,matched,completed,30.0,0.7819305658340454,23.74609334699926,0.0368097769969608,valid,test,1,1,9.0,5777.0,5777.0,5777.0,predictions/beijing_168h_3h_station1013_seed2049_informer_d16_e1.npz,checkpoints/beijing_168h_3h_station1013_seed2049_informer_d16_e1.pt,training_logs/beijing_168h_3h_station1013_seed2049_informer_d16_e1.csv,0.4526143372058868,0.672766183161644,0.4357704222202301,50.007137298583984,32.39109420776367,45.72350692749024,False,,
beijing_168h_3h_station1013_seed2049_informer_d32_e1,beijing,168,3,1013,2049,informer,informer_d32_e1,informer_d32_e1,32,1.0,,matched,completed,23.0,0.3911547660827636,26.38321374599764,0.0544401060033123,valid,test,1,1,9.0,21793.0,21793.0,21793.0,predictions/beijing_168h_3h_station1013_seed2049_informer_d32_e1.npz,checkpoints/beijing_168h_3h_station1013_seed2049_informer_d32_e1.pt,training_logs/beijing_168h_3h_station1013_seed2049_informer_d32_e1.csv,0.4549033939838409,0.6744652652167056,0.4264553487300873,50.13343048095703,31.69869613647461,51.55592727661133,False,,
beijing_168h_3h_station1013_seed2049_tst_d8_n1,beijing,168,3,1013,2049,tst,tst_d8_n1,tst_d8_n1,8,,1.0,non_aligned_as_is,completed,30.0,0.3072768151760101,12.652378173996112,0.0095343499997397,valid,test,1,1,9.0,5963.0,5963.0,5963.0,predictions/beijing_168h_3h_station1013_seed2049_tst_d8_n1.npz,checkpoints/beijing_168h_3h_station1013_seed2049_tst_d8_n1.pt,training_logs/beijing_168h_3h_station1013_seed2049_tst_d8_n1.csv,0.2020687609910965,0.4495205901747955,0.2735108435153961,33.41315078735352,20.33023452758789,33.46036911010742,False,,
beijing_168h_3h_station1013_seed2049_tst_d12_n1,beijing,168,3,1013,2049,tst,tst_d12_n1,tst_d12_n1,12,,1.0,non_aligned_as_is,completed,30.0,0.3051567375659942,13.414325562000158,0.0101828710030531,valid,test,1,1,9.0,9327.0,9327.0,9327.0,predictions/beijing_168h_3h_station1013_seed2049_tst_d12_n1.npz,checkpoints/beijing_168h_3h_station1013_seed2049_tst_d12_n1.pt,training_logs/beijing_168h_3h_station1013_seed2049_tst_d12_n1.csv,0.2006775140762329,0.4479704388419318,0.2805600464344024,33.29792785644531,20.85420608520508,33.89481735229492,False,,
beijing_168h_3h_station1013_seed2049_tst_d24_n1,beijing,168,3,1013,2049,tst,tst_d24_n1,tst_d24_n1,24,,1.0,non_aligned_as_is,completed,28.0,0.2804675102233886,14.770199253995088,0.0132074379944242,valid,test,1,1,9.0,20955.0,20955.0,20955.0,predictions/beijing_168h_3h_station1013_seed2049_tst_d24_n1.npz,checkpoints/beijing_168h_3h_station1013_seed2049_tst_d24_n1.pt,training_logs/beijing_168h_3h_station1013_seed2049_tst_d24_n1.csv,0.1968312561511993,0.4436566872607685,0.2763845026493072,32.97727966308594,20.543832778930664,34.8758659362793,False,,
beijing_168h_6h_station1013_seed2047_informer_d8_e1,beijing,168,6,1013,2047,informer,informer_d8_e1,informer_d8_e1,8,1.0,,matched,completed,30.0,1.337904930114746,23.74036493898893,0.2453413390030618,valid,test,1,1,9.0,1609.0,1609.0,1609.0,predictions/beijing_168h_6h_station1013_seed2047_informer_d8_e1.npz,checkpoints/beijing_168h_6h_station1013_seed2047_informer_d8_e1.pt,training_logs/beijing_168h_6h_station1013_seed2047_informer_d8_e1.csv,0.6824722290039062,0.8261187741504887,0.5992838740348816,61.40593338012695,44.54514694213867,57.3355598449707,False,,
beijing_168h_6h_station1013_seed2047_informer_d12_e2,beijing,168,6,1013,2047,informer,informer_d12_e2,informer_d12_e2,12,2.0,,matched,completed,29.0,0.7032893300056458,28.882508708004025,0.0417915569996694,valid,test,1,1,9.0,5125.0,5125.0,5125.0,predictions/beijing_168h_6h_station1013_seed2047_informer_d12_e2.npz,checkpoints/beijing_168h_6h_station1013_seed2047_informer_d12_e2.pt,training_logs/beijing_168h_6h_station1013_seed2047_informer_d12_e2.csv,0.4079379141330719,0.6387001754603422,0.4120473265647888,47.47499084472656,30.62773704528809,45.26276397705078,False,,
beijing_168h_6h_station1013_seed2047_informer_d16_e1,beijing,168,6,1013,2047,informer,informer_d16_e1,informer_d16_e1,16,1.0,,matched,completed,2.0,1.7938385009765625,7.376056797002093,0.2559005150105804,valid,test,1,1,9.0,5777.0,5777.0,5777.0,predictions/beijing_168h_6h_station1013_seed2047_informer_d16_e1.npz,checkpoints/beijing_168h_6h_station1013_seed2047_informer_d16_e1.pt,training_logs/beijing_168h_6h_station1013_seed2047_informer_d16_e1.csv,0.941565990447998,0.9703432333190138,0.7533653974533081,72.12622833251953,55.99813079833984,68.71488952636719,False,,
beijing_168h_6h_station1013_seed2047_informer_d32_e1,beijing,168,6,1013,2047,informer,informer_d32_e1,informer_d32_e1,32,1.0,,matched,completed,23.0,0.7311569452285767,26.74462409599801,0.056792255010805,valid,test,1,1,9.0,21793.0,21793.0,21793.0,predictions/beijing_168h_6h_station1013_seed2047_informer_d32_e1.npz,checkpoints/beijing_168h_6h_station1013_seed2047_informer_d32_e1.pt,training_logs/beijing_168h_6h_station1013_seed2047_informer_d32_e1.csv,0.5341871976852417,0.7308811104996774,0.500596284866333,54.32685852050781,37.20963668823242,50.86747360229492,False,,
beijing_168h_6h_station1013_seed2047_tst_d8_n1,beijing,168,6,1013,2047,tst,tst_d8_n1,tst_d8_n1,8,,1.0,non_aligned_as_is,completed,28.0,0.5024315118789673,12.639325676005685,0.0095137739990605,valid,test,1,1,9.0,9998.0,9998.0,9998.0,predictions/beijing_168h_6h_station1013_seed2047_tst_d8_n1.npz,checkpoints/beijing_168h_6h_station1013_seed2047_tst_d8_n1.pt,training_logs/beijing_168h_6h_station1013_seed2047_tst_d8_n1.csv,0.3199117481708526,0.5656074152367989,0.3644227385520935,42.04195785522461,27.0877742767334,42.2381591796875,False,,
beijing_168h_6h_station1013_seed2047_tst_d12_n1,beijing,168,6,1013,2047,tst,tst_d12_n1,tst_d12_n1,12,,1.0,non_aligned_as_is,completed,28.0,0.4925747513771057,13.416710948004038,0.0103697189915692,valid,test,1,1,9.0,15378.0,15378.0,15378.0,predictions/beijing_168h_6h_station1013_seed2047_tst_d12_n1.npz,checkpoints/beijing_168h_6h_station1013_seed2047_tst_d12_n1.pt,training_logs/beijing_168h_6h_station1013_seed2047_tst_d12_n1.csv,0.3208468854427337,0.5664334783915352,0.3661548495292663,42.10335922241211,27.216522216796875,41.85431671142578,False,,
beijing_168h_6h_station1013_seed2047_tst_d24_n1,beijing,168,6,1013,2047,tst,tst_d24_n1,tst_d24_n1,24,,1.0,non_aligned_as_is,completed,28.0,0.4833758473396301,14.794166286999824,0.0131922860018676,valid,test,1,1,9.0,33054.0,33054.0,33054.0,predictions/beijing_168h_6h_station1013_seed2047_tst_d24_n1.npz,checkpoints/beijing_168h_6h_station1013_seed2047_tst_d24_n1.pt,training_logs/beijing_168h_6h_station1013_seed2047_tst_d24_n1.csv,0.3278005719184875,0.5725387077905629,0.3634951412677765,42.55716323852539,27.018823623657227,42.30253219604492,False,,
beijing_168h_6h_station1013_seed2048_informer_d8_e1,beijing,168,6,1013,2048,informer,informer_d8_e1,informer_d8_e1,8,1.0,,matched,completed,30.0,0.8340622782707214,22.4257973000058,0.0285441750020254,valid,test,1,1,9.0,1609.0,1609.0,1609.0,predictions/beijing_168h_6h_station1013_seed2048_informer_d8_e1.npz,checkpoints/beijing_168h_6h_station1013_seed2048_informer_d8_e1.pt,training_logs/beijing_168h_6h_station1013_seed2048_informer_d8_e1.csv,0.4891510903835296,0.6993933731338392,0.4631753265857696,51.9863510131836,34.42811584472656,45.31654357910156,False,,
beijing_168h_6h_station1013_seed2048_informer_d12_e2,beijing,168,6,1013,2048,informer,informer_d12_e2,informer_d12_e2,12,2.0,,matched,completed,30.0,0.6017211675643921,28.866017977998126,0.0406520060059847,valid,test,1,1,9.0,5125.0,5125.0,5125.0,predictions/beijing_168h_6h_station1013_seed2048_informer_d12_e2.npz,checkpoints/beijing_168h_6h_station1013_seed2048_informer_d12_e2.pt,training_logs/beijing_168h_6h_station1013_seed2048_informer_d12_e2.csv,0.3766598999500274,0.6137262418619783,0.3737384676933288,45.61865997314453,27.78022003173828,38.516727447509766,False,,
beijing_168h_6h_station1013_seed2048_informer_d16_e1,beijing,168,6,1013,2048,informer,informer_d16_e1,informer_d16_e1,16,1.0,,matched,completed,28.0,1.1055104732513428,24.028767331998097,0.036636899007135,valid,test,1,1,9.0,5777.0,5777.0,5777.0,predictions/beijing_168h_6h_station1013_seed2048_informer_d16_e1.npz,checkpoints/beijing_168h_6h_station1013_seed2048_informer_d16_e1.pt,training_logs/beijing_168h_6h_station1013_seed2048_informer_d16_e1.csv,0.4731255769729614,0.6878412440185319,0.4876393973827362,51.12767791748047,36.246543884277344,51.45003890991211,False,,
beijing_168h_6h_station1013_seed2048_informer_d32_e1,beijing,168,6,1013,2048,informer,informer_d32_e1,informer_d32_e1,32,1.0,,matched,completed,17.0,0.548028826713562,21.20330319000641,0.0549596220080275,valid,test,1,1,9.0,21793.0,21793.0,21793.0,predictions/beijing_168h_6h_station1013_seed2048_informer_d32_e1.npz,checkpoints/beijing_168h_6h_station1013_seed2048_informer_d32_e1.pt,training_logs/beijing_168h_6h_station1013_seed2048_informer_d32_e1.csv,0.3358234763145447,0.5795027836987021,0.3621423542499542,43.07481002807617,26.918270111083984,40.35896682739258,False,,
beijing_168h_6h_station1013_seed2048_tst_d8_n1,beijing,168,6,1013,2048,tst,tst_d8_n1,tst_d8_n1,8,,1.0,non_aligned_as_is,completed,20.0,0.5144758820533752,10.952879651988042,0.009479222993832,valid,test,1,1,9.0,9998.0,9998.0,9998.0,predictions/beijing_168h_6h_station1013_seed2048_tst_d8_n1.npz,checkpoints/beijing_168h_6h_station1013_seed2048_tst_d8_n1.pt,training_logs/beijing_168h_6h_station1013_seed2048_tst_d8_n1.csv,0.3234601020812988,0.5687355291181472,0.362801730632782,42.27447509765625,26.9672794342041,41.12534332275391,False,,
beijing_168h_6h_station1013_seed2048_tst_d12_n1,beijing,168,6,1013,2048,tst,tst_d12_n1,tst_d12_n1,12,,1.0,non_aligned_as_is,completed,29.0,0.5012295842170715,13.412536780000664,0.0101956909929867,valid,test,1,1,9.0,15378.0,15378.0,15378.0,predictions/beijing_168h_6h_station1013_seed2048_tst_d12_n1.npz,checkpoints/beijing_168h_6h_station1013_seed2048_tst_d12_n1.pt,training_logs/beijing_168h_6h_station1013_seed2048_tst_d12_n1.csv,0.3087137937545776,0.5556201883972338,0.35262131690979,41.299598693847656,26.210567474365234,40.6812858581543,False,,
beijing_168h_6h_station1013_seed2048_tst_d24_n1,beijing,168,6,1013,2048,tst,tst_d24_n1,tst_d24_n1,24,,1.0,non_aligned_as_is,completed,16.0,0.503197193145752,10.887295413995162,0.0131779779912903,valid,test,1,1,9.0,33054.0,33054.0,33054.0,predictions/beijing_168h_6h_station1013_seed2048_tst_d24_n1.npz,checkpoints/beijing_168h_6h_station1013_seed2048_tst_d24_n1.pt,training_logs/beijing_168h_6h_station1013_seed2048_tst_d24_n1.csv,0.3209902644157409,0.5665600271954782,0.3612793385982513,42.11276626586914,26.854124069213867,41.43722152709961,False,,
beijing_168h_6h_station1013_seed2049_informer_d8_e1,beijing,168,6,1013,2049,informer,informer_d8_e1,informer_d8_e1,8,1.0,,matched,completed,30.0,1.3964564800262451,22.40582312499464,0.0285833000089041,valid,test,1,1,9.0,1609.0,1609.0,1609.0,predictions/beijing_168h_6h_station1013_seed2049_informer_d8_e1.npz,checkpoints/beijing_168h_6h_station1013_seed2049_informer_d8_e1.pt,training_logs/beijing_168h_6h_station1013_seed2049_informer_d8_e1.csv,0.6608211994171143,0.8129090966504892,0.6030911207199097,60.424049377441406,44.8281478881836,62.258575439453125,False,,
beijing_168h_6h_station1013_seed2049_informer_d12_e2,beijing,168,6,1013,2049,informer,informer_d12_e2,informer_d12_e2,12,2.0,,matched,completed,29.0,0.5886328220367432,28.879571393001243,0.0404170400142902,valid,test,1,1,9.0,5125.0,5125.0,5125.0,predictions/beijing_168h_6h_station1013_seed2049_informer_d12_e2.npz,checkpoints/beijing_168h_6h_station1013_seed2049_informer_d12_e2.pt,training_logs/beijing_168h_6h_station1013_seed2049_informer_d12_e2.csv,0.3341418504714966,0.5780500414942434,0.3537149131298065,42.966827392578125,26.29185485839844,37.28765106201172,False,,
beijing_168h_6h_station1013_seed2049_informer_d16_e1,beijing,168,6,1013,2049,informer,informer_d16_e1,informer_d16_e1,16,1.0,,matched,completed,29.0,0.871284008026123,24.037458769002114,0.0366893960017478,valid,test,1,1,9.0,5777.0,5777.0,5777.0,predictions/beijing_168h_6h_station1013_seed2049_informer_d16_e1.npz,checkpoints/beijing_168h_6h_station1013_seed2049_informer_d16_e1.pt,training_logs/beijing_168h_6h_station1013_seed2049_informer_d16_e1.csv,0.5279536247253418,0.7266041733470444,0.4641919434070587,54.00894927978516,34.503684997558594,44.72311401367188,False,,
beijing_168h_6h_station1013_seed2049_informer_d32_e1,beijing,168,6,1013,2049,informer,informer_d32_e1,informer_d32_e1,32,1.0,,matched,completed,27.0,0.5631951689720154,27.66350958000112,0.0547787709947442,valid,test,1,1,9.0,21793.0,21793.0,21793.0,predictions/beijing_168h_6h_station1013_seed2049_informer_d32_e1.npz,checkpoints/beijing_168h_6h_station1013_seed2049_informer_d32_e1.pt,training_logs/beijing_168h_6h_station1013_seed2049_informer_d32_e1.csv,0.3475882411003113,0.5895661465012313,0.3707927167415619,43.82282257080078,27.561256408691406,40.93767166137695,False,,
beijing_168h_6h_station1013_seed2049_tst_d8_n1,beijing,168,6,1013,2049,tst,tst_d8_n1,tst_d8_n1,8,,1.0,non_aligned_as_is,completed,26.0,0.5209623575210571,12.63734258900513,0.0095351320051122,valid,test,1,1,9.0,9998.0,9998.0,9998.0,predictions/beijing_168h_6h_station1013_seed2049_tst_d8_n1.npz,checkpoints/beijing_168h_6h_station1013_seed2049_tst_d8_n1.pt,training_logs/beijing_168h_6h_station1013_seed2049_tst_d8_n1.csv,0.3213625848293304,0.5668885118163275,0.3602681159973144,42.13718032836914,26.77895736694336,41.57018661499024,False,,
beijing_168h_6h_station1013_seed2049_tst_d12_n1,beijing,168,6,1013,2049,tst,tst_d12_n1,tst_d12_n1,12,,1.0,non_aligned_as_is,completed,30.0,0.513526439666748,13.4381855380052,0.0101898249995429,valid,test,1,1,9.0,15378.0,15378.0,15378.0,predictions/beijing_168h_6h_station1013_seed2049_tst_d12_n1.npz,checkpoints/beijing_168h_6h_station1013_seed2049_tst_d12_n1.pt,training_logs/beijing_168h_6h_station1013_seed2049_tst_d12_n1.csv,0.3204414546489715,0.566075484939042,0.3704549968242645,42.076751708984375,27.536155700683597,41.803829193115234,False,,
beijing_168h_6h_station1013_seed2049_tst_d24_n1,beijing,168,6,1013,2049,tst,tst_d24_n1,tst_d24_n1,24,,1.0,non_aligned_as_is,completed,20.0,0.4919365346431732,12.819494798997766,0.0130706819909391,valid,test,1,1,9.0,33054.0,33054.0,33054.0,predictions/beijing_168h_6h_station1013_seed2049_tst_d24_n1.npz,checkpoints/beijing_168h_6h_station1013_seed2049_tst_d24_n1.pt,training_logs/beijing_168h_6h_station1013_seed2049_tst_d24_n1.csv,0.3112126290798187,0.5578643464856118,0.3567487001419067,41.46641159057617,26.517358779907227,40.91961669921875,False,,
beijing_168h_6h_station1013_seed2050_informer_d8_e1,beijing,168,6,1013,2050,informer,informer_d8_e1,informer_d8_e1,8,1.0,,matched,completed,29.0,0.938536822795868,22.414494980010204,0.0284251809935085,valid,test,1,1,9.0,1609.0,1609.0,1609.0,predictions/beijing_168h_6h_station1013_seed2050_informer_d8_e1.npz,checkpoints/beijing_168h_6h_station1013_seed2050_informer_d8_e1.pt,training_logs/beijing_168h_6h_station1013_seed2050_informer_d8_e1.csv,0.4818581342697143,0.6941600206506525,0.482527494430542,51.597354888916016,35.8665771484375,50.55538558959961,False,,
beijing_168h_6h_station1013_seed2050_informer_d12_e2,beijing,168,6,1013,2050,informer,informer_d12_e2,informer_d12_e2,12,2.0,,matched,completed,29.0,0.6575364470481873,28.870298014007854,0.0403009909932734,valid,test,1,1,9.0,5125.0,5125.0,5125.0,predictions/beijing_168h_6h_station1013_seed2050_informer_d12_e2.npz,checkpoints/beijing_168h_6h_station1013_seed2050_informer_d12_e2.pt,training_logs/beijing_168h_6h_station1013_seed2050_informer_d12_e2.csv,0.3676122725009918,0.6063103763758227,0.3699783086776733,45.06743621826172,27.500720977783203,37.93914794921875,False,,
beijing_168h_6h_station1013_seed2050_informer_d16_e1,beijing,168,6,1013,2050,informer,informer_d16_e1,informer_d16_e1,16,1.0,,matched,completed,29.0,0.8021346926689148,24.02338814899849,0.036799471010454,valid,test,1,1,9.0,5777.0,5777.0,5777.0,predictions/beijing_168h_6h_station1013_seed2050_informer_d16_e1.npz,checkpoints/beijing_168h_6h_station1013_seed2050_informer_d16_e1.pt,training_logs/beijing_168h_6h_station1013_seed2050_informer_d16_e1.csv,0.6845424771308899,0.8273708220205073,0.5458926558494568,61.499000549316406,40.5765495300293,49.40160751342773,False,,
beijing_168h_6h_station1013_seed2050_informer_d32_e1,beijing,168,6,1013,2050,informer,informer_d32_e1,informer_d32_e1,32,1.0,,matched,completed,19.0,0.526159405708313,23.045049663007376,0.0548054079990834,valid,test,1,1,9.0,21793.0,21793.0,21793.0,predictions/beijing_168h_6h_station1013_seed2050_informer_d32_e1.npz,checkpoints/beijing_168h_6h_station1013_seed2050_informer_d32_e1.pt,training_logs/beijing_168h_6h_station1013_seed2050_informer_d32_e1.csv,0.3375433981418609,0.5809848519039553,0.3438076078891754,43.18497085571289,25.55543708801269,35.300384521484375,False,,
beijing_168h_6h_station1013_seed2050_tst_d8_n1,beijing,168,6,1013,2050,tst,tst_d8_n1,tst_d8_n1,8,,1.0,non_aligned_as_is,completed,27.0,0.5087599754333496,12.643566762009868,0.0094863190024625,valid,test,1,1,9.0,9998.0,9998.0,9998.0,predictions/beijing_168h_6h_station1013_seed2050_tst_d8_n1.npz,checkpoints/beijing_168h_6h_station1013_seed2050_tst_d8_n1.pt,training_logs/beijing_168h_6h_station1013_seed2050_tst_d8_n1.csv,0.3135074079036712,0.5599173223822168,0.3622672259807586,41.61901092529297,26.927553176879883,41.33778381347656,False,,
beijing_168h_6h_station1013_seed2050_tst_d12_n1,beijing,168,6,1013,2050,tst,tst_d12_n1,tst_d12_n1,12,,1.0,non_aligned_as_is,completed,29.0,0.4985228478908539,13.447700998003713,0.0101627389958594,valid,test,1,1,9.0,15378.0,15378.0,15378.0,predictions/beijing_168h_6h_station1013_seed2050_tst_d12_n1.npz,checkpoints/beijing_168h_6h_station1013_seed2050_tst_d12_n1.pt,training_logs/beijing_168h_6h_station1013_seed2050_tst_d12_n1.csv,0.3199678957462311,0.5656570478180495,0.3610121607780456,42.04565048217773,26.834264755249023,41.585411071777344,False,,
beijing_168h_6h_station1013_seed2050_tst_d24_n1,beijing,168,6,1013,2050,tst,tst_d24_n1,tst_d24_n1,24,,1.0,non_aligned_as_is,completed,27.0,0.4973568022251129,14.773103070998332,0.0130793980060843,valid,test,1,1,9.0,33054.0,33054.0,33054.0,predictions/beijing_168h_6h_station1013_seed2050_tst_d24_n1.npz,checkpoints/beijing_168h_6h_station1013_seed2050_tst_d24_n1.pt,training_logs/beijing_168h_6h_station1013_seed2050_tst_d24_n1.csv,0.3088319301605224,0.5557264886259449,0.3515925705432892,41.30750274658203,26.13410186767578,42.37078857421875,False,,
beijing_168h_6h_station1013_seed2051_informer_d8_e1,beijing,168,6,1013,2051,informer,informer_d8_e1,informer_d8_e1,8,1.0,,matched,completed,30.0,0.9551772475242616,22.41931188700255,0.0285191619914257,valid,test,1,1,9.0,1609.0,1609.0,1609.0,predictions/beijing_168h_6h_station1013_seed2051_informer_d8_e1.npz,checkpoints/beijing_168h_6h_station1013_seed2051_informer_d8_e1.pt,training_logs/beijing_168h_6h_station1013_seed2051_informer_d8_e1.csv,0.5730968713760376,0.7570316184784078,0.5519561767578125,56.27063751220703,41.02725601196289,56.68942260742188,False,,
beijing_168h_6h_station1013_seed2051_informer_d12_e2,beijing,168,6,1013,2051,informer,informer_d12_e2,informer_d12_e2,12,2.0,,matched,completed,30.0,0.6304170489311218,30.22402523799974,0.042462383993552066,valid,test,1,1,9.0,5125.0,5125.0,5125.0,predictions/beijing_168h_6h_station1013_seed2051_informer_d12_e2.npz,checkpoints/beijing_168h_6h_station1013_seed2051_informer_d12_e2.pt,training_logs/beijing_168h_6h_station1013_seed2051_informer_d12_e2.csv,0.32044053077697754,0.566074668905947,0.3539932668209076,42.076690673828125,26.312545776367188,36.7716178894043,False,,
beijing_168h_6h_station1013_seed2051_informer_d16_e1,beijing,168,6,1013,2051,informer,informer_d16_e1,informer_d16_e1,16,1.0,,matched,completed,30.0,0.6731507182121277,23.981752751002205,0.03863627099781297,valid,test,1,1,9.0,5777.0,5777.0,5777.0,predictions/beijing_168h_6h_station1013_seed2051_informer_d16_e1.npz,checkpoints/beijing_168h_6h_station1013_seed2051_informer_d16_e1.pt,training_logs/beijing_168h_6h_station1013_seed2051_informer_d16_e1.csv,0.4243777096271515,0.6514427907553751,0.42976537346839905,48.42216110229492,31.944730758666992,44.56037139892578,False,,
beijing_168h_6h_station1013_seed2051_informer_d32_e1,beijing,168,6,1013,2051,informer,informer_d32_e1,informer_d32_e1,32,1.0,,matched,completed,30.0,1.4996711015701294,27.538034835990402,0.05666608399769757,valid,test,1,1,9.0,21793.0,21793.0,21793.0,predictions/beijing_168h_6h_station1013_seed2051_informer_d32_e1.npz,checkpoints/beijing_168h_6h_station1013_seed2051_informer_d32_e1.pt,training_logs/beijing_168h_6h_station1013_seed2051_informer_d32_e1.csv,0.7501576542854309,0.8661164207457511,0.634232223033905,64.37898254394531,47.14288330078125,61.84346008300781,True,beijing_168h_6h_station1013_seed2051_informer_d32_e1 出现非有限训练损失,
beijing_168h_6h_station1013_seed2051_tst_d8_n1,beijing,168,6,1013,2051,tst,tst_d8_n1,tst_d8_n1,8,,1.0,non_aligned_as_is,completed,29.0,0.5170738101005554,12.534589994000271,0.009535181990941055,valid,test,1,1,9.0,9998.0,9998.0,9998.0,predictions/beijing_168h_6h_station1013_seed2051_tst_d8_n1.npz,checkpoints/beijing_168h_6h_station1013_seed2051_tst_d8_n1.pt,training_logs/beijing_168h_6h_station1013_seed2051_tst_d8_n1.csv,0.3220970928668976,0.5675359837639351,0.3717866539955139,42.1853141784668,27.6351375579834,42.79559326171875,False,,
beijing_168h_6h_station1013_seed2051_tst_d12_n1,beijing,168,6,1013,2051,tst,tst_d12_n1,tst_d12_n1,12,,1.0,non_aligned_as_is,completed,30.0,0.5226661562919617,13.411454077009694,0.01018087999545969,valid,test,1,1,9.0,15378.0,15378.0,15378.0,predictions/beijing_168h_6h_station1013_seed2051_tst_d12_n1.npz,checkpoints/beijing_168h_6h_station1013_seed2051_tst_d12_n1.pt,training_logs/beijing_168h_6h_station1013_seed2051_tst_d12_n1.csv,0.3167679011821747,0.5628213759108432,0.3600543737411499,41.834869384765625,26.76306915283203,43.90684509277344,False,,
beijing_168h_6h_station1013_seed2051_tst_d24_n1,beijing,168,6,1013,2051,tst,tst_d24_n1,tst_d24_n1,24,,1.0,non_aligned_as_is,completed,19.0,0.5045192241668701,12.263474956998834,0.013135975008481182,valid,test,1,1,9.0,33054.0,33054.0,33054.0,predictions/beijing_168h_6h_station1013_seed2051_tst_d24_n1.npz,checkpoints/beijing_168h_6h_station1013_seed2051_tst_d24_n1.pt,training_logs/beijing_168h_6h_station1013_seed2051_tst_d24_n1.csv,0.32054901123046875,0.5661704789464643,0.3607092797756195,42.08381271362305,26.811748504638672,41.504581451416016,False,,
beijing_168h_12h_station1013_seed2047_informer_d8_e1,beijing,168,12,1013,2047,informer,informer_d8_e1,informer_d8_e1,8,1.0,,matched,completed,5.0,1.8315092325210571,10.587349933004589,0.2410773580049863,valid,test,1,1,9.0,1609.0,1609.0,1609.0,predictions/beijing_168h_12h_station1013_seed2047_informer_d8_e1.npz,checkpoints/beijing_168h_12h_station1013_seed2047_informer_d8_e1.pt,training_logs/beijing_168h_12h_station1013_seed2047_informer_d8_e1.csv,0.9311667680740356,0.9649698275459371,0.7486414909362793,71.73558807373047,55.6537971496582,69.67842102050781,False,,
beijing_168h_12h_station1013_seed2047_informer_d12_e2,beijing,168,12,1013,2047,informer,informer_d12_e2,informer_d12_e2,12,2.0,,matched,completed,29.0,1.1759591102600098,32.17082266299985,0.3643178220081609,valid,test,1,1,9.0,5125.0,5125.0,5125.0,predictions/beijing_168h_12h_station1013_seed2047_informer_d12_e2.npz,checkpoints/beijing_168h_12h_station1013_seed2047_informer_d12_e2.pt,training_logs/beijing_168h_12h_station1013_seed2047_informer_d12_e2.csv,0.6290431022644043,0.7931223753396472,0.5606176853179932,58.96049499511719,41.6761589050293,54.209144592285156,False,,
beijing_168h_12h_station1013_seed2047_informer_d16_e1,beijing,168,12,1013,2047,informer,informer_d16_e1,informer_d16_e1,16,1.0,,matched,completed,2.0,1.9085087776184082,7.944844284997089,0.2708442599978298,valid,test,1,1,9.0,5777.0,5777.0,5777.0,predictions/beijing_168h_12h_station1013_seed2047_informer_d16_e1.npz,checkpoints/beijing_168h_12h_station1013_seed2047_informer_d16_e1.pt,training_logs/beijing_168h_12h_station1013_seed2047_informer_d16_e1.csv,1.0173465013504028,1.0086359607660254,0.7765486240386963,74.9817123413086,57.72840118408203,71.58878326416016,False,,
beijing_168h_12h_station1013_seed2047_informer_d32_e1,beijing,168,12,1013,2047,informer,informer_d32_e1,informer_d32_e1,32,1.0,,matched,completed,30.0,1.5904403924942017,28.550017474990455,0.27407639000739437,valid,test,1,1,9.0,21793.0,21793.0,21793.0,predictions/beijing_168h_12h_station1013_seed2047_informer_d32_e1.npz,checkpoints/beijing_168h_12h_station1013_seed2047_informer_d32_e1.pt,training_logs/beijing_168h_12h_station1013_seed2047_informer_d32_e1.csv,0.7809251546859741,0.8836996971177337,0.6655640602111816,65.6939926147461,49.47784423828125,66.639892578125,True,beijing_168h_12h_station1013_seed2047_informer_d32_e1 出现非有限验证损失,
beijing_168h_12h_station1013_seed2047_tst_d8_n1,beijing,168,12,1013,2047,tst,tst_d8_n1,tst_d8_n1,8,,1.0,non_aligned_as_is,completed,29.0,0.814148485660553,13.204362740987563,0.009671536012319848,valid,test,1,1,9.0,18068.0,18068.0,18068.0,predictions/beijing_168h_12h_station1013_seed2047_tst_d8_n1.npz,checkpoints/beijing_168h_12h_station1013_seed2047_tst_d8_n1.pt,training_logs/beijing_168h_12h_station1013_seed2047_tst_d8_n1.csv,0.5300528407096863,0.7280472791719548,0.4977034032344818,54.122833251953125,36.9991340637207,52.22079849243164,False,,
beijing_168h_12h_station1013_seed2047_tst_d12_n1,beijing,168,12,1013,2047,tst,tst_d12_n1,tst_d12_n1,12,,1.0,non_aligned_as_is,completed,26.0,0.8172963857650757,13.4370205180021,0.010490817003301345,valid,test,1,1,9.0,27480.0,27480.0,27480.0,predictions/beijing_168h_12h_station1013_seed2047_tst_d12_n1.npz,checkpoints/beijing_168h_12h_station1013_seed2047_tst_d12_n1.pt,training_logs/beijing_168h_12h_station1013_seed2047_tst_d12_n1.csv,0.5274748206138611,0.7262746179055558,0.4985455870628357,53.991050720214844,37.06174087524414,51.546382904052734,False,,
beijing_168h_12h_station1013_seed2047_tst_d24_n1,beijing,168,12,1013,2047,tst,tst_d24_n1,tst_d24_n1,24,,1.0,non_aligned_as_is,completed,20.0,0.7970962524414062,13.396523243995034,0.013181703005102463,valid,test,1,1,9.0,57252.0,57252.0,57252.0,predictions/beijing_168h_12h_station1013_seed2047_tst_d24_n1.npz,checkpoints/beijing_168h_12h_station1013_seed2047_tst_d24_n1.pt,training_logs/beijing_168h_12h_station1013_seed2047_tst_d24_n1.csv,0.5402042865753174,0.7349859090998394,0.49884602427482605,54.638648986816406,37.08407211303711,53.341453552246094,False,,
beijing_168h_12h_station1013_seed2048_informer_d8_e1,beijing,168,12,1013,2048,informer,informer_d8_e1,informer_d8_e1,8,1.0,,matched,completed,30.0,1.1197954416275024,23.15739777800627,0.02950376900844276,valid,test,1,1,9.0,1609.0,1609.0,1609.0,predictions/beijing_168h_12h_station1013_seed2048_informer_d8_e1.npz,checkpoints/beijing_168h_12h_station1013_seed2048_informer_d8_e1.pt,training_logs/beijing_168h_12h_station1013_seed2048_informer_d8_e1.csv,0.6133079528808594,0.783139804173469,0.543114423751831,58.2183952331543,40.374977111816406,53.48637771606445,False,,
beijing_168h_12h_station1013_seed2048_informer_d12_e2,beijing,168,12,1013,2048,informer,informer_d12_e2,informer_d12_e2,12,2.0,,matched,completed,18.0,0.9708503484725952,23.607700937995105,0.04184221199830063,valid,test,1,1,9.0,5125.0,5125.0,5125.0,predictions/beijing_168h_12h_station1013_seed2048_informer_d12_e2.npz,checkpoints/beijing_168h_12h_station1013_seed2048_informer_d12_e2.pt,training_logs/beijing_168h_12h_station1013_seed2048_informer_d12_e2.csv,0.5950312614440918,0.7713826945453806,0.514497697353363,57.34437561035156,38.247615814208984,50.408912658691406,False,,
beijing_168h_12h_station1013_seed2048_informer_d16_e1,beijing,168,12,1013,2048,informer,informer_d16_e1,informer_d16_e1,16,1.0,,matched,completed,17.0,1.5264965295791626,19.056582896999316,0.03789826099819038,valid,test,1,1,9.0,5777.0,5777.0,5777.0,predictions/beijing_168h_12h_station1013_seed2048_informer_d16_e1.npz,checkpoints/beijing_168h_12h_station1013_seed2048_informer_d16_e1.pt,training_logs/beijing_168h_12h_station1013_seed2048_informer_d16_e1.csv,0.7457150220870972,0.8635479269195759,0.6410824656486511,64.19591522216797,47.657894134521484,63.28750991821289,False,,
beijing_168h_12h_station1013_seed2048_informer_d32_e1,beijing,168,12,1013,2048,informer,informer_d32_e1,informer_d32_e1,32,1.0,,matched,completed,24.0,0.8688653707504272,28.526251326009515,0.056902401993284,valid,test,1,1,9.0,21793.0,21793.0,21793.0,predictions/beijing_168h_12h_station1013_seed2048_informer_d32_e1.npz,checkpoints/beijing_168h_12h_station1013_seed2048_informer_d32_e1.pt,training_logs/beijing_168h_12h_station1013_seed2048_informer_d32_e1.csv,0.520616352558136,0.7215374921361578,0.4815881550312042,53.63889694213867,35.80113220214844,48.59298324584961,False,,
beijing_168h_12h_station1013_seed2048_tst_d8_n1,beijing,168,12,1013,2048,tst,tst_d8_n1,tst_d8_n1,8,,1.0,non_aligned_as_is,completed,28.0,0.8284607529640198,12.5888961719902,0.00959927900112234,valid,test,1,1,9.0,18068.0,18068.0,18068.0,predictions/beijing_168h_12h_station1013_seed2048_tst_d8_n1.npz,checkpoints/beijing_168h_12h_station1013_seed2048_tst_d8_n1.pt,training_logs/beijing_168h_12h_station1013_seed2048_tst_d8_n1.csv,0.5054486393928528,0.7109491116759713,0.47774097323417664,52.85176086425781,35.515132904052734,52.03839111328125,False,,
beijing_168h_12h_station1013_seed2048_tst_d12_n1,beijing,168,12,1013,2048,tst,tst_d12_n1,tst_d12_n1,12,,1.0,non_aligned_as_is,completed,14.0,0.8340246081352234,8.978719389997423,0.010259474991471507,valid,test,1,1,9.0,27480.0,27480.0,27480.0,predictions/beijing_168h_12h_station1013_seed2048_tst_d12_n1.npz,checkpoints/beijing_168h_12h_station1013_seed2048_tst_d12_n1.pt,training_logs/beijing_168h_12h_station1013_seed2048_tst_d12_n1.csv,0.5082185864448547,0.7128945128452419,0.483193963766098,52.99638366699219,35.92050552368164,51.74560546875,False,,
beijing_168h_12h_station1013_seed2048_tst_d24_n1,beijing,168,12,1013,2048,tst,tst_d24_n1,tst_d24_n1,24,,1.0,non_aligned_as_is,completed,11.0,0.8223451375961304,8.399495777004631,0.013174129999242723,valid,test,1,1,9.0,57252.0,57252.0,57252.0,predictions/beijing_168h_12h_station1013_seed2048_tst_d24_n1.npz,checkpoints/beijing_168h_12h_station1013_seed2048_tst_d24_n1.pt,training_logs/beijing_168h_12h_station1013_seed2048_tst_d24_n1.csv,0.5189639329910278,0.7203915136861537,0.49392837285995483,53.55370330810547,36.718502044677734,52.115325927734375,False,,
beijing_168h_12h_station1013_seed2049_informer_d8_e1,beijing,168,12,1013,2049,informer,informer_d8_e1,informer_d8_e1,8,1.0,,matched,completed,30.0,1.6738098859786987,23.16997485999309,0.029571140999905765,valid,test,1,1,9.0,1609.0,1609.0,1609.0,predictions/beijing_168h_12h_station1013_seed2049_informer_d8_e1.npz,checkpoints/beijing_168h_12h_station1013_seed2049_informer_d8_e1.pt,training_logs/beijing_168h_12h_station1013_seed2049_informer_d8_e1.csv,0.7761638760566711,0.8810016322667462,0.6471782922744751,65.49341583251953,48.111045837402344,64.74594116210938,False,,
beijing_168h_12h_station1013_seed2049_informer_d12_e2,beijing,168,12,1013,2049,informer,informer_d12_e2,informer_d12_e2,12,2.0,,matched,completed,23.0,0.9071239233016968,28.54809282399947,0.04174775299907196,valid,test,1,1,9.0,5125.0,5125.0,5125.0,predictions/beijing_168h_12h_station1013_seed2049_informer_d12_e2.npz,checkpoints/beijing_168h_12h_station1013_seed2049_informer_d12_e2.pt,training_logs/beijing_168h_12h_station1013_seed2049_informer_d12_e2.csv,0.5558821558952332,0.7455750504779738,0.4985784888267517,55.42584228515625,37.064186096191406,49.96923828125,False,,
beijing_168h_12h_station1013_seed2049_informer_d16_e1,beijing,168,12,1013,2049,informer,informer_d16_e1,informer_d16_e1,16,1.0,,matched,completed,28.0,1.025539517402649,24.843509270998766,0.038192642998183146,valid,test,1,1,9.0,5777.0,5777.0,5777.0,predictions/beijing_168h_12h_station1013_seed2049_informer_d16_e1.npz,checkpoints/beijing_168h_12h_station1013_seed2049_informer_d16_e1.pt,training_logs/beijing_168h_12h_station1013_seed2049_informer_d16_e1.csv,0.5876692533493042,0.7665958865982155,0.5405594110488892,56.988525390625,40.185035705566406,54.24350357055664,False,,
beijing_168h_12h_station1013_seed2049_informer_d32_e1,beijing,168,12,1013,2049,informer,informer_d32_e1,informer_d32_e1,32,1.0,,matched,completed,22.0,0.9403610229492188,26.650510106002912,0.05668251599126961,valid,test,1,1,9.0,21793.0,21793.0,21793.0,predictions/beijing_168h_12h_station1013_seed2049_informer_d32_e1.npz,checkpoints/beijing_168h_12h_station1013_seed2049_informer_d32_e1.pt,training_logs/beijing_168h_12h_station1013_seed2049_informer_d32_e1.csv,0.6418616771697998,0.8011627033067626,0.5394580960273743,59.55821228027344,40.10316467285156,52.772491455078125,False,,
beijing_168h_12h_station1013_seed2049_tst_d8_n1,beijing,168,12,1013,2049,tst,tst_d8_n1,tst_d8_n1,8,,1.0,non_aligned_as_is,completed,16.0,0.8385635018348694,9.24259767800686,0.009565282001858577,valid,test,1,1,9.0,18068.0,18068.0,18068.0,predictions/beijing_168h_12h_station1013_seed2049_tst_d8_n1.npz,checkpoints/beijing_168h_12h_station1013_seed2049_tst_d8_n1.pt,training_logs/beijing_168h_12h_station1013_seed2049_tst_d8_n1.csv,0.5100182294845581,0.7141556059323193,0.4826759099960327,53.09013366699219,35.881996154785156,52.250850677490234,False,,
beijing_168h_12h_station1013_seed2049_tst_d12_n1,beijing,168,12,1013,2049,tst,tst_d12_n1,tst_d12_n1,12,,1.0,non_aligned_as_is,completed,13.0,0.8726212978363037,8.542216100991936,0.010251127008814365,valid,test,1,1,9.0,27480.0,27480.0,27480.0,predictions/beijing_168h_12h_station1013_seed2049_tst_d12_n1.npz,checkpoints/beijing_168h_12h_station1013_seed2049_tst_d12_n1.pt,training_logs/beijing_168h_12h_station1013_seed2049_tst_d12_n1.csv,0.5175848007202148,0.7194336666574722,0.49095281958580017,53.48249816894531,36.49729537963867,51.89553451538086,False,,
beijing_168h_12h_station1013_seed2049_tst_d24_n1,beijing,168,12,1013,2049,tst,tst_d24_n1,tst_d24_n1,24,,1.0,non_aligned_as_is,completed,8.0,0.834823489189148,6.917781353986356,0.013152725005056709,valid,test,1,1,9.0,57252.0,57252.0,57252.0,predictions/beijing_168h_12h_station1013_seed2049_tst_d24_n1.npz,checkpoints/beijing_168h_12h_station1013_seed2049_tst_d24_n1.pt,training_logs/beijing_168h_12h_station1013_seed2049_tst_d24_n1.csv,0.5071465969085693,0.7121422588981567,0.4815250337123871,52.940460205078125,35.79643630981445,52.89901351928711,False,,
beijing_168h_24h_station1013_seed2047_informer_d8_e1,beijing,168,24,1013,2047,informer,informer_d8_e1,informer_d8_e1,8,1.0,,matched,completed,4.0,1.9652957916259766,9.609444047993748,0.24790616700192913,valid,test,1,1,9.0,1609.0,1609.0,1609.0,predictions/beijing_168h_24h_station1013_seed2047_informer_d8_e1.npz,checkpoints/beijing_168h_24h_station1013_seed2047_informer_d8_e1.pt,training_logs/beijing_168h_24h_station1013_seed2047_informer_d8_e1.csv,0.9892552495002747,0.9946131154877632,0.7710334658622742,73.98054504394531,57.35042190551758,71.64388275146484,False,,
beijing_168h_24h_station1013_seed2047_informer_d12_e2,beijing,168,24,1013,2047,informer,informer_d12_e2,informer_d12_e2,12,2.0,,matched,completed,17.0,1.4985828399658203,26.46565472400107,0.36792915999831166,valid,test,1,1,9.0,5125.0,5125.0,5125.0,predictions/beijing_168h_24h_station1013_seed2047_informer_d12_e2.npz,checkpoints/beijing_168h_24h_station1013_seed2047_informer_d12_e2.pt,training_logs/beijing_168h_24h_station1013_seed2047_informer_d12_e2.csv,0.8001710176467896,0.8945227876621085,0.6585111618041992,66.53571319580078,48.98087692260742,62.131935119628906,False,,
beijing_168h_24h_station1013_seed2047_informer_d16_e1,beijing,168,24,1013,2047,informer,informer_d16_e1,informer_d16_e1,16,1.0,,matched,completed,20.0,1.9818400144577026,22.534100140997907,0.2585003929998493,valid,test,1,1,9.0,5777.0,5777.0,5777.0,predictions/beijing_168h_24h_station1013_seed2047_informer_d16_e1.npz,checkpoints/beijing_168h_24h_station1013_seed2047_informer_d16_e1.pt,training_logs/beijing_168h_24h_station1013_seed2047_informer_d16_e1.csv,1.017630934715271,1.008776949932576,0.7801764607429504,75.03407287597656,58.03049087524414,72.55087280273438,True,beijing_168h_24h_station1013_seed2047_informer_d16_e1 出现非有限训练损失,
beijing_168h_24h_station1013_seed2047_informer_d32_e1,beijing,168,24,1013,2047,informer,informer_d32_e1,informer_d32_e1,32,1.0,,matched,completed,30.0,1.7673604488372803,29.99949714000104,0.27989939400868025,valid,test,1,1,9.0,21793.0,21793.0,21793.0,predictions/beijing_168h_24h_station1013_seed2047_informer_d32_e1.npz,checkpoints/beijing_168h_24h_station1013_seed2047_informer_d32_e1.pt,training_logs/beijing_168h_24h_station1013_seed2047_informer_d32_e1.csv,0.8760167956352234,0.9359576890197673,0.7122313976287842,69.61769104003906,52.97665023803711,68.1171875,True,beijing_168h_24h_station1013_seed2047_informer_d32_e1 出现非有限验证损失,
beijing_168h_24h_station1013_seed2047_tst_d8_n1,beijing,168,24,1013,2047,tst,tst_d8_n1,tst_d8_n1,8,,1.0,non_aligned_as_is,completed,29.0,1.1675516366958618,13.202286040002946,0.009610403008991852,valid,test,1,1,9.0,34208.0,34208.0,34208.0,predictions/beijing_168h_24h_station1013_seed2047_tst_d8_n1.npz,checkpoints/beijing_168h_24h_station1013_seed2047_tst_d8_n1.pt,training_logs/beijing_168h_24h_station1013_seed2047_tst_d8_n1.csv,0.8087087273597717,0.8992823401800859,0.6436612606048584,66.88973236083984,47.87631607055664,63.51466751098633,False,,
beijing_168h_24h_station1013_seed2047_tst_d12_n1,beijing,168,24,1013,2047,tst,tst_d12_n1,tst_d12_n1,12,,1.0,non_aligned_as_is,completed,16.0,1.2156271934509277,9.876944233008544,0.010391289994004183,valid,test,1,1,9.0,51684.0,51684.0,51684.0,predictions/beijing_168h_24h_station1013_seed2047_tst_d12_n1.npz,checkpoints/beijing_168h_24h_station1013_seed2047_tst_d12_n1.pt,training_logs/beijing_168h_24h_station1013_seed2047_tst_d12_n1.csv,0.7194221019744873,0.8481875393888355,0.6058257818222046,63.089237213134766,45.06207275390625,59.865474700927734,False,,
beijing_168h_24h_station1013_seed2047_tst_d24_n1,beijing,168,24,1013,2047,tst,tst_d24_n1,tst_d24_n1,24,,1.0,non_aligned_as_is,completed,17.0,1.184834361076355,11.938408361995243,0.013315282994881272,valid,test,1,1,9.0,105648.0,105648.0,105648.0,predictions/beijing_168h_24h_station1013_seed2047_tst_d24_n1.npz,checkpoints/beijing_168h_24h_station1013_seed2047_tst_d24_n1.pt,training_logs/beijing_168h_24h_station1013_seed2047_tst_d24_n1.csv,0.8851010203361511,0.9407980762821272,0.6644454002380371,69.97772216796875,49.42226791381836,66.05889892578125,False,,
beijing_168h_24h_station1013_seed2048_informer_d8_e1,beijing,168,24,1013,2048,informer,informer_d8_e1,informer_d8_e1,8,1.0,,matched,completed,11.0,1.987093448638916,13.770078707995708,0.031463134990190156,valid,test,1,1,9.0,1609.0,1609.0,1609.0,predictions/beijing_168h_24h_station1013_seed2048_informer_d8_e1.npz,checkpoints/beijing_168h_24h_station1013_seed2048_informer_d8_e1.pt,training_logs/beijing_168h_24h_station1013_seed2048_informer_d8_e1.csv,0.972251832485199,0.9860283122127879,0.7687593102455139,73.34200286865234,57.181270599365234,71.5211410522461,False,,
beijing_168h_24h_station1013_seed2048_informer_d12_e2,beijing,168,24,1013,2048,informer,informer_d12_e2,informer_d12_e2,12,2.0,,matched,completed,27.0,1.4243403673171997,30.611202252010116,0.04323472399846651,valid,test,1,1,9.0,5125.0,5125.0,5125.0,predictions/beijing_168h_24h_station1013_seed2048_informer_d12_e2.npz,checkpoints/beijing_168h_24h_station1013_seed2048_informer_d12_e2.pt,training_logs/beijing_168h_24h_station1013_seed2048_informer_d12_e2.csv,0.8028043508529663,0.8959934993363324,0.6405471563339233,66.64510345458984,47.644683837890625,60.529781341552734,False,,
beijing_168h_24h_station1013_seed2048_informer_d16_e1,beijing,168,24,1013,2048,informer,informer_d16_e1,informer_d16_e1,16,1.0,,matched,completed,14.0,1.709505558013916,17.35640926499036,0.04075476199795958,valid,test,1,1,9.0,5777.0,5777.0,5777.0,predictions/beijing_168h_24h_station1013_seed2048_informer_d16_e1.npz,checkpoints/beijing_168h_24h_station1013_seed2048_informer_d16_e1.pt,training_logs/beijing_168h_24h_station1013_seed2048_informer_d16_e1.csv,0.8906458616256714,0.9437403571034098,0.7202236652374268,70.19657897949219,53.57112503051758,68.44625854492188,False,,
beijing_168h_24h_station1013_seed2048_informer_d32_e1,beijing,168,24,1013,2048,informer,informer_d32_e1,informer_d32_e1,32,1.0,,matched,completed,19.0,1.3518939018249512,25.048169939997024,0.06195763200230431,valid,test,1,1,9.0,21793.0,21793.0,21793.0,predictions/beijing_168h_24h_station1013_seed2048_informer_d32_e1.npz,checkpoints/beijing_168h_24h_station1013_seed2048_informer_d32_e1.pt,training_logs/beijing_168h_24h_station1013_seed2048_informer_d32_e1.csv,0.7952435612678528,0.8917642969237178,0.6304777264595032,66.33052825927734,46.895713806152344,59.760128021240234,False,,
beijing_168h_24h_station1013_seed2048_tst_d8_n1,beijing,168,24,1013,2048,tst,tst_d8_n1,tst_d8_n1,8,,1.0,non_aligned_as_is,completed,21.0,1.2106925249099731,11.332032915990567,0.009529198010568507,valid,test,1,1,9.0,34208.0,34208.0,34208.0,predictions/beijing_168h_24h_station1013_seed2048_tst_d8_n1.npz,checkpoints/beijing_168h_24h_station1013_seed2048_tst_d8_n1.pt,training_logs/beijing_168h_24h_station1013_seed2048_tst_d8_n1.csv,0.730400025844574,0.8546344398891107,0.6094546914100647,63.568763732910156,45.331993103027344,62.71558380126953,False,,
beijing_168h_24h_station1013_seed2048_tst_d12_n1,beijing,168,24,1013,2048,tst,tst_d12_n1,tst_d12_n1,12,,1.0,non_aligned_as_is,completed,10.0,1.2286728620529175,7.1945061790029285,0.010302922004484572,valid,test,1,1,9.0,51684.0,51684.0,51684.0,predictions/beijing_168h_24h_station1013_seed2048_tst_d12_n1.npz,checkpoints/beijing_168h_24h_station1013_seed2048_tst_d12_n1.pt,training_logs/beijing_168h_24h_station1013_seed2048_tst_d12_n1.csv,0.7141001224517822,0.8450444499857875,0.6022987365722656,62.85544967651367,44.79972457885742,62.70405578613281,False,,
beijing_168h_24h_station1013_seed2048_tst_d24_n1,beijing,168,24,1013,2048,tst,tst_d24_n1,tst_d24_n1,24,,1.0,non_aligned_as_is,completed,13.0,1.1710262298583984,9.37488121399656,0.013241371998446994,valid,test,1,1,9.0,105648.0,105648.0,105648.0,predictions/beijing_168h_24h_station1013_seed2048_tst_d24_n1.npz,checkpoints/beijing_168h_24h_station1013_seed2048_tst_d24_n1.pt,training_logs/beijing_168h_24h_station1013_seed2048_tst_d24_n1.csv,0.8139684796333313,0.9022020170856033,0.6413244605064392,67.10689544677734,47.7025032043457,65.65485382080078,False,,
beijing_168h_24h_station1013_seed2049_informer_d8_e1,beijing,168,24,1013,2049,informer,informer_d8_e1,informer_d8_e1,8,1.0,,matched,completed,4.0,1.9699817895889282,8.130719217995647,0.03136912200716324,valid,test,1,1,9.0,1609.0,1609.0,1609.0,predictions/beijing_168h_24h_station1013_seed2049_informer_d8_e1.npz,checkpoints/beijing_168h_24h_station1013_seed2049_informer_d8_e1.pt,training_logs/beijing_168h_24h_station1013_seed2049_informer_d8_e1.csv,1.0028036832809448,1.0014008604354925,0.7795184850692749,74.48542785644531,57.98154830932617,72.15315246582031,False,,
beijing_168h_24h_station1013_seed2049_informer_d12_e2,beijing,168,24,1013,2049,informer,informer_d12_e2,informer_d12_e2,12,2.0,,matched,completed,26.0,1.557735562324524,30.60845918999985,0.04353626701049507,valid,test,1,1,9.0,5125.0,5125.0,5125.0,predictions/beijing_168h_24h_station1013_seed2049_informer_d12_e2.npz,checkpoints/beijing_168h_24h_station1013_seed2049_informer_d12_e2.pt,training_logs/beijing_168h_24h_station1013_seed2049_informer_d12_e2.csv,0.8766493201255798,0.93629553033515,0.7072875499725342,69.64281463623047,52.60892105102539,65.6760482788086,False,,
beijing_168h_24h_station1013_seed2049_informer_d16_e1,beijing,168,24,1013,2049,informer,informer_d16_e1,informer_d16_e1,16,1.0,,matched,completed,27.0,1.6361457109451294,26.009166865012958,0.04038376300013624,valid,test,1,1,9.0,5777.0,5777.0,5777.0,predictions/beijing_168h_24h_station1013_seed2049_informer_d16_e1.npz,checkpoints/beijing_168h_24h_station1013_seed2049_informer_d16_e1.pt,training_logs/beijing_168h_24h_station1013_seed2049_informer_d16_e1.csv,0.9941049218177795,0.9970481040640815,0.7380038499832153,74.16166687011719,54.893646240234375,68.47914123535156,False,,
beijing_168h_24h_station1013_seed2049_informer_d32_e1,beijing,168,24,1013,2049,informer,informer_d32_e1,informer_d32_e1,32,1.0,,matched,completed,17.0,1.5488204956054688,23.052269852996687,0.06157482099661138,valid,test,1,1,9.0,21793.0,21793.0,21793.0,predictions/beijing_168h_24h_station1013_seed2049_informer_d32_e1.npz,checkpoints/beijing_168h_24h_station1013_seed2049_informer_d32_e1.pt,training_logs/beijing_168h_24h_station1013_seed2049_informer_d32_e1.csv,0.8955630660057068,0.946341939261759,0.6943612098693848,70.39008331298828,51.647438049316406,64.73736572265625,False,,
beijing_168h_24h_station1013_seed2049_tst_d8_n1,beijing,168,24,1013,2049,tst,tst_d8_n1,tst_d8_n1,8,,1.0,non_aligned_as_is,completed,11.0,1.2174291610717773,7.171445970991044,0.00946699500491377,valid,test,1,1,9.0,34208.0,34208.0,34208.0,predictions/beijing_168h_24h_station1013_seed2049_tst_d8_n1.npz,checkpoints/beijing_168h_24h_station1013_seed2049_tst_d8_n1.pt,training_logs/beijing_168h_24h_station1013_seed2049_tst_d8_n1.csv,0.7037566304206848,0.8389020386318565,0.5920006632804871,62.3985710144043,44.03374099731445,61.179996490478516,False,,
beijing_168h_24h_station1013_seed2049_tst_d12_n1,beijing,168,24,1013,2049,tst,tst_d12_n1,tst_d12_n1,12,,1.0,non_aligned_as_is,completed,7.0,1.3116426467895508,5.869705913995858,0.010288612000294961,valid,test,1,1,9.0,51684.0,51684.0,51684.0,predictions/beijing_168h_24h_station1013_seed2049_tst_d12_n1.npz,checkpoints/beijing_168h_24h_station1013_seed2049_tst_d12_n1.pt,training_logs/beijing_168h_24h_station1013_seed2049_tst_d12_n1.csv,0.7095289826393127,0.8423354335651047,0.5893825888633728,62.65394592285156,43.83900451660156,61.45826721191406,False,,
beijing_168h_24h_station1013_seed2049_tst_d24_n1,beijing,168,24,1013,2049,tst,tst_d24_n1,tst_d24_n1,24,,1.0,non_aligned_as_is,completed,29.0,1.1768238544464111,14.757791851996444,0.01319694600533694,valid,test,1,1,9.0,105648.0,105648.0,105648.0,predictions/beijing_168h_24h_station1013_seed2049_tst_d24_n1.npz,checkpoints/beijing_168h_24h_station1013_seed2049_tst_d24_n1.pt,training_logs/beijing_168h_24h_station1013_seed2049_tst_d24_n1.csv,0.8360457420349121,0.9143553696648323,0.6548299789428711,68.01087951660156,48.707061767578125,66.36205291748047,False,,
