run_id,city,history,horizon,station_id,seed,family,backbone,variant,d_model,e_layers,n_layers,capacity_alignment,status,best_epoch,best_valid_loss,training_seconds,test_inference_seconds,selection_split,evaluation_split,test_evaluation_count,input_channels,selected_channel_index,total_parameter_count,trainable_parameter_count,parameter_count,prediction_file,checkpoint_file,training_log_file,mse_scaled,rmse_scaled,mae_scaled,rmse_ugm3_baseline,mae_ugm3,smape_percent,learning_rate_retry,retry_reason,failure_reason,selected_arm,selection_value,rmse_ugm3_o_locked,criterion,baseline_relative_to_o_percent,hidden_size,arm,prediction_path
beijing_24h_1h_station1013_seed2047_informer_d16_e1,beijing,24,1,1013,2047,Informer,informer_d16_e1,informer_d16_e1,16.0,1.0,,matched,completed,39.0,0.1304821372032165,7.534883001993876,0.011859562000609,valid,test,1.0,1,9.0,5777.0,5777.0,5777.0,predictions/beijing_24h_1h_station1013_seed2047_informer_d16_e1.npz,checkpoints/beijing_24h_1h_station1013_seed2047_informer_d16_e1.pt,training_logs/beijing_24h_1h_station1013_seed2047_informer_d16_e1.csv,0.078677125275135,0.2804944300251523,0.1469706147909164,20.90236473083496,10.952208518981934,19.0632381439209,False,,,informer_d16_e1,0.13871019780635827,20.988380432128903,validation,-0.4098253391780024,,,
beijing_24h_1h_station1013_seed2048_informer_d16_e1,beijing,24,1,1013,2048,Informer,informer_d16_e1,informer_d16_e1,16.0,1.0,,matched,completed,40.0,0.1461345702409744,7.551798742992105,0.0108542829984799,valid,test,1.0,1,9.0,5777.0,5777.0,5777.0,predictions/beijing_24h_1h_station1013_seed2048_informer_d16_e1.npz,checkpoints/beijing_24h_1h_station1013_seed2048_informer_d16_e1.pt,training_logs/beijing_24h_1h_station1013_seed2048_informer_d16_e1.csv,0.0830169767141342,0.2881266678288114,0.1499156802892685,21.47111701965332,11.171673774719238,18.387357711791992,False,,,informer_d16_e1,0.13871019780635827,20.778905868530277,validation,3.3313166511399404,,,
beijing_24h_1h_station1013_seed2049_informer_d16_e1,beijing,24,1,1013,2049,Informer,informer_d16_e1,informer_d16_e1,16.0,1.0,,matched,completed,38.0,0.143982782959938,7.512268765000044,0.010807989994646,valid,test,1.0,1,9.0,5777.0,5777.0,5777.0,predictions/beijing_24h_1h_station1013_seed2049_informer_d16_e1.npz,checkpoints/beijing_24h_1h_station1013_seed2049_informer_d16_e1.pt,training_logs/beijing_24h_1h_station1013_seed2049_informer_d16_e1.csv,0.0841054320335388,0.2900093654238407,0.1471562087535858,21.61141586303711,10.966039657592772,17.63994026184082,False,,,informer_d16_e1,0.13871019780635827,20.896221160888672,validation,3.422603046942588,,,
beijing_24h_1h_station1013_seed2050_informer_d16_e1,beijing,24,1,1013,2050,Informer,informer_d16_e1,informer_d16_e1,16.0,1.0,,matched,completed,40.0,0.1402382403612136,7.638350081993849,0.0109193259995663,valid,test,1.0,1,9.0,5777.0,5777.0,5777.0,predictions/beijing_24h_1h_station1013_seed2050_informer_d16_e1.npz,checkpoints/beijing_24h_1h_station1013_seed2050_informer_d16_e1.pt,training_logs/beijing_24h_1h_station1013_seed2050_informer_d16_e1.csv,0.0807163193821907,0.2841061762478787,0.1442051827907562,21.17151260375977,10.74612808227539,16.795398712158203,False,,,informer_d16_e1,0.13871019780635827,21.0170955657959,validation,0.7347211106332671,,,
beijing_24h_1h_station1013_seed2051_informer_d16_e1,beijing,24,1,1013,2051,Informer,informer_d16_e1,informer_d16_e1,16.0,1.0,,matched,completed,37.0,0.1327132582664489,7.55368307599565,0.0109269429958658,valid,test,1.0,1,9.0,5777.0,5777.0,5777.0,predictions/beijing_24h_1h_station1013_seed2051_informer_d16_e1.npz,checkpoints/beijing_24h_1h_station1013_seed2051_informer_d16_e1.pt,training_logs/beijing_24h_1h_station1013_seed2051_informer_d16_e1.csv,0.0777419432997703,0.2788224225197291,0.1440674066543579,20.777767181396484,10.73586368560791,17.53788948059082,False,,,informer_d16_e1,0.13871019780635827,20.71529197692871,validation,0.30158978467382497,,,
beijing_24h_3h_station1013_seed2047_informer_d32_e1,beijing,24,3,1013,2047,Informer,informer_d32_e1,informer_d32_e1,32.0,1.0,,matched,completed,39.0,0.2832271456718445,9.417805806995602,0.2287612819927744,valid,test,1.0,1,9.0,21793.0,21793.0,21793.0,predictions/beijing_24h_3h_station1013_seed2047_informer_d32_e1.npz,checkpoints/beijing_24h_3h_station1013_seed2047_informer_d32_e1.pt,training_logs/beijing_24h_3h_station1013_seed2047_informer_d32_e1.csv,0.183861568570137,0.4287908214620936,0.2353071272373199,31.953369140625,17.535018920898438,26.536067962646484,False,,,informer_d32_e1,0.2852550248305003,30.44579696655273,validation,4.95165942191779,,,
beijing_24h_3h_station1013_seed2048_informer_d32_e1,beijing,24,3,1013,2048,Informer,informer_d32_e1,informer_d32_e1,32.0,1.0,,matched,completed,37.0,0.2786862552165985,8.507095088003553,0.0132564880041172,valid,test,1.0,1,9.0,21793.0,21793.0,21793.0,predictions/beijing_24h_3h_station1013_seed2048_informer_d32_e1.npz,checkpoints/beijing_24h_3h_station1013_seed2048_informer_d32_e1.pt,training_logs/beijing_24h_3h_station1013_seed2048_informer_d32_e1.csv,0.201681911945343,0.4490900933502575,0.2449051141738891,33.466064453125,18.250259399414062,27.058216094970703,False,,,informer_d32_e1,0.2852550248305003,30.800689697265625,validation,8.653620363884245,,,
beijing_24h_3h_station1013_seed2049_informer_d32_e1,beijing,24,3,1013,2049,Informer,informer_d32_e1,informer_d32_e1,32.0,1.0,,matched,completed,27.0,0.2938516736030578,7.441743477000273,0.0132999750057933,valid,test,1.0,1,9.0,21793.0,21793.0,21793.0,predictions/beijing_24h_3h_station1013_seed2049_informer_d32_e1.npz,checkpoints/beijing_24h_3h_station1013_seed2049_informer_d32_e1.pt,training_logs/beijing_24h_3h_station1013_seed2049_informer_d32_e1.csv,0.2278006672859192,0.4772846815957109,0.269926518201828,35.56711959838867,20.11484909057617,30.45254898071289,False,,,informer_d32_e1,0.2852550248305003,30.58614921569824,validation,16.2850522553979,,,
beijing_24h_6h_station1013_seed2047_informer_d12_e2,beijing,24,6,1013,2047,Informer,informer_d12_e2,informer_d12_e2,12.0,2.0,,matched,completed,32.0,0.5212718844413757,11.966838134001591,0.1297279079881264,valid,test,1.0,1,9.0,5125.0,5125.0,5125.0,predictions/beijing_24h_6h_station1013_seed2047_informer_d12_e2.npz,checkpoints/beijing_24h_6h_station1013_seed2047_informer_d12_e2.pt,training_logs/beijing_24h_6h_station1013_seed2047_informer_d12_e2.csv,0.2916131317615509,0.5400121589015852,0.3256891965866089,40.23842239379883,24.26837921142578,34.506736755371094,False,,,informer_d12_e2,0.5158054232597351,40.0059814453125,validation,0.5810154884065798,,,
beijing_24h_6h_station1013_seed2048_informer_d12_e2,beijing,24,6,1013,2048,Informer,informer_d12_e2,informer_d12_e2,12.0,2.0,,matched,completed,34.0,0.509149432182312,10.042026422001072,0.0151388829981442,valid,test,1.0,1,9.0,5125.0,5125.0,5125.0,predictions/beijing_24h_6h_station1013_seed2048_informer_d12_e2.npz,checkpoints/beijing_24h_6h_station1013_seed2048_informer_d12_e2.pt,training_logs/beijing_24h_6h_station1013_seed2048_informer_d12_e2.csv,0.3174349963665008,0.5634136991292463,0.3316536545753479,41.98215866088867,24.71281242370605,34.27459716796875,False,,,informer_d12_e2,0.5158054232597351,39.84638977050781,validation,5.360006019821757,,,
beijing_24h_6h_station1013_seed2049_informer_d12_e2,beijing,24,6,1013,2049,Informer,informer_d12_e2,informer_d12_e2,12.0,2.0,,matched,completed,21.0,0.5169949531555176,7.375053469993873,0.0158636869891779,valid,test,1.0,1,9.0,5125.0,5125.0,5125.0,predictions/beijing_24h_6h_station1013_seed2049_informer_d12_e2.npz,checkpoints/beijing_24h_6h_station1013_seed2049_informer_d12_e2.pt,training_logs/beijing_24h_6h_station1013_seed2049_informer_d12_e2.csv,0.3066623508930206,0.5537710274951377,0.3313705623149872,41.263648986816406,24.69171714782715,35.435184478759766,False,,,informer_d12_e2,0.5158054232597351,39.889404296875,validation,3.445137159015099,,,
beijing_24h_12h_station1013_seed2047_informer_d12_e2,beijing,24,12,1013,2047,Informer,informer_d12_e2,informer_d12_e2,12.0,2.0,,matched,completed,27.0,0.827793300151825,10.77256637100072,0.2572159490082413,valid,test,1.0,1,9.0,5125.0,5125.0,5125.0,predictions/beijing_24h_12h_station1013_seed2047_informer_d12_e2.npz,checkpoints/beijing_24h_12h_station1013_seed2047_informer_d12_e2.pt,training_logs/beijing_24h_12h_station1013_seed2047_informer_d12_e2.csv,0.4795547723770141,0.6924989331233762,0.4527736008167267,51.592994689941406,33.73282623291016,45.78058242797852,False,,,informer_d12_e2,0.8263457417488098,51.547157287597656,validation,0.08892323991410205,,,
beijing_24h_12h_station1013_seed2048_informer_d12_e2,beijing,24,12,1013,2048,Informer,informer_d12_e2,informer_d12_e2,12.0,2.0,,matched,completed,23.0,0.8148648142814636,8.423803402998601,0.0158949979959288,valid,test,1.0,1,9.0,5125.0,5125.0,5125.0,predictions/beijing_24h_12h_station1013_seed2048_informer_d12_e2.npz,checkpoints/beijing_24h_12h_station1013_seed2048_informer_d12_e2.pt,training_logs/beijing_24h_12h_station1013_seed2048_informer_d12_e2.csv,0.484282523393631,0.6959041050271445,0.4477455615997314,51.8466911315918,33.35822296142578,44.74936676025391,False,,,informer_d12_e2,0.8263457417488098,51.48316192626953,validation,0.7061128177070514,,,
beijing_24h_12h_station1013_seed2049_informer_d12_e2,beijing,24,12,1013,2049,Informer,informer_d12_e2,informer_d12_e2,12.0,2.0,,matched,completed,18.0,0.8363791108131409,7.0483213259867625,0.015795552986674,valid,test,1.0,1,9.0,5125.0,5125.0,5125.0,predictions/beijing_24h_12h_station1013_seed2049_informer_d12_e2.npz,checkpoints/beijing_24h_12h_station1013_seed2049_informer_d12_e2.pt,training_logs/beijing_24h_12h_station1013_seed2049_informer_d12_e2.csv,0.4796225130558014,0.6925478417090053,0.4506669044494629,51.59663772583008,33.575870513916016,46.17952346801758,False,,,informer_d12_e2,0.8263457417488098,51.83720016479492,validation,-0.46407297886474397,,,
beijing_24h_24h_station1013_seed2047_informer_d12_e2,beijing,24,24,1013,2047,Informer,informer_d12_e2,informer_d12_e2,12.0,2.0,,matched,completed,37.0,1.2163037061691284,13.911353568997583,0.3472500019997824,valid,test,1.0,1,9.0,5125.0,5125.0,5125.0,predictions/beijing_24h_24h_station1013_seed2047_informer_d12_e2.npz,checkpoints/beijing_24h_24h_station1013_seed2047_informer_d12_e2.pt,training_logs/beijing_24h_24h_station1013_seed2047_informer_d12_e2.csv,0.6864867210388184,0.8285449420754546,0.5825157761573792,61.71053314208984,43.38612747192383,56.68492889404297,False,,,informer_d12_e2,1.2061407963434856,64.3062973022461,validation,-4.036562932485294,,,
beijing_24h_24h_station1013_seed2048_informer_d12_e2,beijing,24,24,1013,2048,Informer,informer_d12_e2,informer_d12_e2,12.0,2.0,,matched,completed,16.0,1.1978975534439087,7.352330913010519,0.0171593190025305,valid,test,1.0,1,9.0,5125.0,5125.0,5125.0,predictions/beijing_24h_24h_station1013_seed2048_informer_d12_e2.npz,checkpoints/beijing_24h_24h_station1013_seed2048_informer_d12_e2.pt,training_logs/beijing_24h_24h_station1013_seed2048_informer_d12_e2.csv,0.6795892119407654,0.8243720106485696,0.5867863893508911,61.39972686767578,43.70420837402344,57.53556442260742,False,,,informer_d12_e2,1.2061407963434856,64.8437271118164,validation,-5.311231166897296,,,
beijing_24h_24h_station1013_seed2049_informer_d12_e2,beijing,24,24,1013,2049,Informer,informer_d12_e2,informer_d12_e2,12.0,2.0,,matched,completed,24.0,1.2042211294174194,9.732879554998362,0.016998027000227,valid,test,1.0,1,9.0,5125.0,5125.0,5125.0,predictions/beijing_24h_24h_station1013_seed2049_informer_d12_e2.npz,checkpoints/beijing_24h_24h_station1013_seed2049_informer_d12_e2.pt,training_logs/beijing_24h_24h_station1013_seed2049_informer_d12_e2.csv,0.6808782815933228,0.8251534897177147,0.5818720459938049,61.45793151855469,43.33818435668945,57.03325271606445,False,,,informer_d12_e2,1.2061407963434856,65.344482421875,validation,-5.947787417196274,,,
beijing_48h_1h_station1013_seed2047_informer_d12_e2,beijing,48,1,1013,2047,Informer,informer_d12_e2,informer_d12_e2,12.0,2.0,,matched,completed,38.0,0.1657334268093109,17.509024391998537,0.3250778229994466,valid,test,1.0,1,9.0,5125.0,5125.0,5125.0,predictions/beijing_48h_1h_station1013_seed2047_informer_d12_e2.npz,checkpoints/beijing_48h_1h_station1013_seed2047_informer_d12_e2.pt,training_logs/beijing_48h_1h_station1013_seed2047_informer_d12_e2.csv,0.1088140606880188,0.3298697632218188,0.1706760972738266,24.56889915466309,12.712059020996094,19.85127258300781,False,,,informer_d12_e2,0.15901972850163773,20.97980499267578,validation,17.10737618028523,,,
beijing_48h_1h_station1013_seed2048_informer_d12_e2,beijing,48,1,1013,2048,Informer,informer_d12_e2,informer_d12_e2,12.0,2.0,,matched,completed,40.0,0.1628169268369674,14.372659154003486,0.0184617990016704,valid,test,1.0,1,9.0,5125.0,5125.0,5125.0,predictions/beijing_48h_1h_station1013_seed2048_informer_d12_e2.npz,checkpoints/beijing_48h_1h_station1013_seed2048_informer_d12_e2.pt,training_logs/beijing_48h_1h_station1013_seed2048_informer_d12_e2.csv,0.1189535558223724,0.3448964421712298,0.1791926324367523,25.68809509277344,13.346375465393066,20.1026554107666,False,,,informer_d12_e2,0.15901972850163773,20.553361892700195,validation,24.982449230833208,,,
beijing_48h_1h_station1013_seed2049_informer_d12_e2,beijing,48,1,1013,2049,Informer,informer_d12_e2,informer_d12_e2,12.0,2.0,,matched,completed,37.0,0.1485088318586349,14.338776717995644,0.0184456510032759,valid,test,1.0,1,9.0,5125.0,5125.0,5125.0,predictions/beijing_48h_1h_station1013_seed2049_informer_d12_e2.npz,checkpoints/beijing_48h_1h_station1013_seed2049_informer_d12_e2.pt,training_logs/beijing_48h_1h_station1013_seed2049_informer_d12_e2.csv,0.1017671599984169,0.3190096550238204,0.1668207645416259,23.7600326538086,12.424911499023438,21.336822509765625,False,,,informer_d12_e2,0.15901972850163773,20.929391860961918,validation,13.524715919369223,,,
beijing_48h_3h_station1013_seed2047_informer_d32_e1,beijing,48,3,1013,2047,Informer,informer_d32_e1,informer_d32_e1,32.0,1.0,,matched,completed,39.0,0.3083705008029938,14.80820575299731,0.1317456990072969,valid,test,1.0,1,9.0,21793.0,21793.0,21793.0,predictions/beijing_48h_3h_station1013_seed2047_informer_d32_e1.npz,checkpoints/beijing_48h_3h_station1013_seed2047_informer_d32_e1.pt,training_logs/beijing_48h_3h_station1013_seed2047_informer_d32_e1.csv,0.1896705627441406,0.4355118399586177,0.2575504183769226,32.4346923828125,19.18103790283203,30.7674617767334,False,,,informer_d32_e1,0.30957220991452533,31.18783187866211,validation,3.997906968978692,,,
beijing_48h_3h_station1013_seed2048_informer_d32_e1,beijing,48,3,1013,2048,Informer,informer_d32_e1,informer_d32_e1,32.0,1.0,,matched,completed,37.0,0.3069794178009033,13.92224445399188,0.0208990510000148,valid,test,1.0,1,9.0,21793.0,21793.0,21793.0,predictions/beijing_48h_3h_station1013_seed2048_informer_d32_e1.npz,checkpoints/beijing_48h_3h_station1013_seed2048_informer_d32_e1.pt,training_logs/beijing_48h_3h_station1013_seed2048_informer_d32_e1.csv,0.2151161879301071,0.4638061965197393,0.253073900938034,34.54191207885742,18.84764862060547,27.631175994873047,False,,,informer_d32_e1,0.30957220991452533,31.051353454589844,validation,11.241244699276136,,,
beijing_48h_3h_station1013_seed2049_informer_d32_e1,beijing,48,3,1013,2049,Informer,informer_d32_e1,informer_d32_e1,32.0,1.0,,matched,completed,34.0,0.3133667111396789,13.844420189998344,0.0209500939963618,valid,test,1.0,1,9.0,21793.0,21793.0,21793.0,predictions/beijing_48h_3h_station1013_seed2049_informer_d32_e1.npz,checkpoints/beijing_48h_3h_station1013_seed2049_informer_d32_e1.pt,training_logs/beijing_48h_3h_station1013_seed2049_informer_d32_e1.csv,0.1993921995162964,0.4465335368326733,0.2557844817638397,33.25553512573242,19.04951858520508,32.450523376464844,False,,,informer_d32_e1,0.30957220991452533,31.17669677734375,validation,6.667923684267197,,,
beijing_48h_6h_station1013_seed2047_informer_d12_e2,beijing,48,6,1013,2047,Informer,informer_d12_e2,informer_d12_e2,12.0,2.0,,matched,completed,37.0,0.5197903513908386,16.851659634994576,0.0191493760066805,valid,test,1.0,1,9.0,5125.0,5125.0,5125.0,predictions/beijing_48h_6h_station1013_seed2047_informer_d12_e2.npz,checkpoints/beijing_48h_6h_station1013_seed2047_informer_d12_e2.pt,training_logs/beijing_48h_6h_station1013_seed2047_informer_d12_e2.csv,0.3062490820884704,0.5533977611885238,0.3260517120361328,41.2142333984375,24.28266334533692,33.91559219360352,False,,,informer_d12_e2,0.5198113918304443,41.811302185058594,validation,-1.4280081112481071,,,
beijing_48h_6h_station1013_seed2048_informer_d12_e2,beijing,48,6,1013,2048,Informer,informer_d12_e2,informer_d12_e2,12.0,2.0,,matched,completed,39.0,0.5206961035728455,14.920639315008884,0.0191019630001392,valid,test,1.0,1,9.0,5125.0,5125.0,5125.0,predictions/beijing_48h_6h_station1013_seed2048_informer_d12_e2.npz,checkpoints/beijing_48h_6h_station1013_seed2048_informer_d12_e2.pt,training_logs/beijing_48h_6h_station1013_seed2048_informer_d12_e2.csv,0.3292493820190429,0.5738025636218812,0.3401785492897033,42.73387908935547,25.33475685119629,36.23659896850586,False,,,informer_d12_e2,0.5198113918304443,41.650672912597656,validation,2.6006931005193583,,,
beijing_48h_6h_station1013_seed2049_informer_d12_e2,beijing,48,6,1013,2049,Informer,informer_d12_e2,informer_d12_e2,12.0,2.0,,matched,completed,27.0,0.5189477205276489,13.086156215998926,0.0191799669992178,valid,test,1.0,1,9.0,5125.0,5125.0,5125.0,predictions/beijing_48h_6h_station1013_seed2049_informer_d12_e2.npz,checkpoints/beijing_48h_6h_station1013_seed2049_informer_d12_e2.pt,training_logs/beijing_48h_6h_station1013_seed2049_informer_d12_e2.csv,0.3016801178455353,0.549254146862393,0.3259046971797943,40.9056396484375,24.27171516418457,35.49531555175781,False,,,informer_d12_e2,0.5198113918304443,42.05476379394531,validation,-2.7324470329643216,,,
beijing_48h_12h_station1013_seed2047_informer_d32_e1,beijing,48,12,1013,2047,Informer,informer_d32_e1,informer_d32_e1,32.0,1.0,,matched,completed,21.0,0.8615202307701111,11.739794801993412,0.2478256140020676,valid,test,1.0,1,9.0,21793.0,21793.0,21793.0,predictions/beijing_48h_12h_station1013_seed2047_informer_d32_e1.npz,checkpoints/beijing_48h_12h_station1013_seed2047_informer_d32_e1.pt,training_logs/beijing_48h_12h_station1013_seed2047_informer_d32_e1.csv,0.517917275428772,0.7196646965280233,0.4632231593132019,53.588165283203125,34.49283981323242,46.499305725097656,False,,,informer_d32_e1,0.8468061486879984,57.32188415527344,validation,-6.513601091611749,,,
beijing_48h_12h_station1013_seed2048_informer_d32_e1,beijing,48,12,1013,2048,Informer,informer_d32_e1,informer_d32_e1,32.0,1.0,,matched,completed,15.0,0.8615132570266724,8.848160681998706,0.0234806039952673,valid,test,1.0,1,9.0,21793.0,21793.0,21793.0,predictions/beijing_48h_12h_station1013_seed2048_informer_d32_e1.npz,checkpoints/beijing_48h_12h_station1013_seed2048_informer_d32_e1.pt,training_logs/beijing_48h_12h_station1013_seed2048_informer_d32_e1.csv,0.5094353556632996,0.7137474032620361,0.4645939469337463,53.14754486083984,34.59490966796875,47.0761604309082,False,,,informer_d32_e1,0.8468061486879984,52.859134674072266,validation,0.5456203332610324,,,
beijing_48h_12h_station1013_seed2049_informer_d32_e1,beijing,48,12,1013,2049,Informer,informer_d32_e1,informer_d32_e1,32.0,1.0,,matched,completed,8.0,0.8173849582672119,6.192233829002362,0.0233399760036263,valid,test,1.0,1,9.0,21793.0,21793.0,21793.0,predictions/beijing_48h_12h_station1013_seed2049_informer_d32_e1.npz,checkpoints/beijing_48h_12h_station1013_seed2049_informer_d32_e1.pt,training_logs/beijing_48h_12h_station1013_seed2049_informer_d32_e1.csv,0.4993277490139007,0.7066312680697768,0.4726594686508178,52.61766052246094,35.195491790771484,49.196537017822266,False,,,informer_d32_e1,0.8468061486879984,55.133583068847656,validation,-4.56332131224807,,,
beijing_48h_24h_station1013_seed2047_informer_d12_e2,beijing,48,24,1013,2047,Informer,informer_d12_e2,informer_d12_e2,12.0,2.0,,matched,completed,28.0,1.229250192642212,16.98885061100009,0.0215183800028171,valid,test,1.0,1,9.0,5125.0,5125.0,5125.0,predictions/beijing_48h_24h_station1013_seed2047_informer_d12_e2.npz,checkpoints/beijing_48h_24h_station1013_seed2047_informer_d12_e2.pt,training_logs/beijing_48h_24h_station1013_seed2047_informer_d12_e2.csv,0.686724841594696,0.8286886276489476,0.5790998339653015,61.68712615966797,43.107872009277344,56.00268173217773,False,,,informer_d12_e2,1.2116397221883137,69.85392761230469,validation,-11.691255927602482,,,
beijing_48h_24h_station1013_seed2048_informer_d12_e2,beijing,48,24,1013,2048,Informer,informer_d12_e2,informer_d12_e2,12.0,2.0,,matched,completed,21.0,1.1741148233413696,12.618015521002237,0.0212911179987713,valid,test,1.0,1,9.0,5125.0,5125.0,5125.0,predictions/beijing_48h_24h_station1013_seed2048_informer_d12_e2.npz,checkpoints/beijing_48h_24h_station1013_seed2048_informer_d12_e2.pt,training_logs/beijing_48h_24h_station1013_seed2048_informer_d12_e2.csv,0.6691944003105164,0.8180430308428257,0.5753520727157593,60.89468002319336,42.82889175415039,56.364219665527344,False,,,informer_d12_e2,1.2116397221883137,68.12368774414062,validation,-10.611591885774033,,,
beijing_48h_24h_station1013_seed2049_informer_d12_e2,beijing,48,24,1013,2049,Informer,informer_d12_e2,informer_d12_e2,12.0,2.0,,matched,completed,27.0,1.23155415058136,15.215445827008809,0.0214074429968604,valid,test,1.0,1,9.0,5125.0,5125.0,5125.0,predictions/beijing_48h_24h_station1013_seed2049_informer_d12_e2.npz,checkpoints/beijing_48h_24h_station1013_seed2049_informer_d12_e2.pt,training_logs/beijing_48h_24h_station1013_seed2049_informer_d12_e2.csv,0.6795615553855896,0.8243552361607158,0.5834628343582153,61.36455154418945,43.432655334472656,56.47983551025391,False,,,informer_d12_e2,1.2116397221883137,70.52690887451172,validation,-12.991292935615277,,,
beijing_72h_1h_station1013_seed2047_informer_d32_e1,beijing,72,1,1013,2047,Informer,informer_d32_e1,informer_d32_e1,32.0,1.0,,matched,completed,27.0,0.2876197695732116,14.3864984880056,0.2520838510099565,valid,test,1.0,1,9.0,21793.0,21793.0,21793.0,predictions/beijing_72h_1h_station1013_seed2047_informer_d32_e1.npz,checkpoints/beijing_72h_1h_station1013_seed2047_informer_d32_e1.pt,training_logs/beijing_72h_1h_station1013_seed2047_informer_d32_e1.csv,0.1807047575712204,0.4250938220807501,0.2880199551582336,31.64375305175781,21.44004821777344,41.46870422363281,True,beijing_72h_1h_station1013_seed2047_informer_d32_e1 出现非有限验证损失,,informer_d32_e1,0.2013303687175115,21.06454849243164,validation,50.2227928746121,,,
beijing_72h_1h_station1013_seed2048_informer_d32_e1,beijing,72,1,1013,2048,Informer,informer_d32_e1,informer_d32_e1,32.0,1.0,,matched,completed,27.0,0.1687362790107727,14.293964430005872,0.0276800840074429,valid,test,1.0,1,9.0,21793.0,21793.0,21793.0,predictions/beijing_72h_1h_station1013_seed2048_informer_d32_e1.npz,checkpoints/beijing_72h_1h_station1013_seed2048_informer_d32_e1.pt,training_logs/beijing_72h_1h_station1013_seed2048_informer_d32_e1.csv,0.1002907529473304,0.3166871531138112,0.1708074808120727,23.574018478393555,12.714816093444824,19.94542694091797,False,,,informer_d32_e1,0.2013303687175115,20.968732833862305,validation,12.424621292918506,,,
beijing_72h_1h_station1013_seed2049_informer_d32_e1,beijing,72,1,1013,2049,Informer,informer_d32_e1,informer_d32_e1,32.0,1.0,,matched,completed,29.0,0.1476350575685501,14.289701429006527,0.0277787850063759,valid,test,1.0,1,9.0,21793.0,21793.0,21793.0,predictions/beijing_72h_1h_station1013_seed2049_informer_d32_e1.npz,checkpoints/beijing_72h_1h_station1013_seed2049_informer_d32_e1.pt,training_logs/beijing_72h_1h_station1013_seed2049_informer_d32_e1.csv,0.1115308329463005,0.3339623226447865,0.1717949360609054,24.85997200012207,12.788321495056152,18.760517120361328,False,,,informer_d32_e1,0.2013303687175115,21.28269386291504,validation,16.808389766111404,,,
beijing_72h_3h_station1013_seed2047_informer_d12_e2,beijing,72,3,1013,2047,Informer,informer_d12_e2,informer_d12_e2,12.0,2.0,,matched,completed,30.0,0.3825761079788208,18.285205228006816,0.1342890399973839,valid,test,1.0,1,9.0,5125.0,5125.0,5125.0,predictions/beijing_72h_3h_station1013_seed2047_informer_d12_e2.npz,checkpoints/beijing_72h_3h_station1013_seed2047_informer_d12_e2.pt,training_logs/beijing_72h_3h_station1013_seed2047_informer_d12_e2.csv,0.1985132694244384,0.4455482795662424,0.2607429921627044,33.16414260864258,19.40826416015625,31.551963806152344,False,,,informer_d12_e2,0.3738728165626526,31.00885581970215,validation,6.950552453376953,,,
beijing_72h_3h_station1013_seed2048_informer_d12_e2,beijing,72,3,1013,2048,Informer,informer_d12_e2,informer_d12_e2,12.0,2.0,,matched,completed,28.0,0.3970254361629486,14.751411493998605,0.0216313740093028,valid,test,1.0,1,9.0,5125.0,5125.0,5125.0,predictions/beijing_72h_3h_station1013_seed2048_informer_d12_e2.npz,checkpoints/beijing_72h_3h_station1013_seed2048_informer_d12_e2.pt,training_logs/beijing_72h_3h_station1013_seed2048_informer_d12_e2.csv,0.2358701676130294,0.4856646658065928,0.2903807759284973,36.15018081665039,21.614334106445312,34.68412780761719,False,,,informer_d12_e2,0.3738728165626526,31.21354103088379,validation,15.81569928539064,,,
beijing_72h_3h_station1013_seed2049_informer_d12_e2,beijing,72,3,1013,2049,Informer,informer_d12_e2,informer_d12_e2,12.0,2.0,,matched,completed,30.0,0.3420169055461883,14.788197931004106,0.0217393299972172,valid,test,1.0,1,9.0,5125.0,5125.0,5125.0,predictions/beijing_72h_3h_station1013_seed2049_informer_d12_e2.npz,checkpoints/beijing_72h_3h_station1013_seed2049_informer_d12_e2.pt,training_logs/beijing_72h_3h_station1013_seed2049_informer_d12_e2.csv,0.1958470195531845,0.4425460648940226,0.2577881515026092,32.940673828125,19.18832015991211,29.737058639526367,False,,,informer_d12_e2,0.3738728165626526,31.59510612487793,validation,4.25878519897603,,,
beijing_72h_6h_station1013_seed2047_informer_d32_e1,beijing,72,6,1013,2047,Informer,informer_d32_e1,informer_d32_e1,32.0,1.0,,matched,completed,27.0,0.595360517501831,16.676334457006305,0.2540411899972241,valid,test,1.0,1,9.0,21793.0,21793.0,21793.0,predictions/beijing_72h_6h_station1013_seed2047_informer_d32_e1.npz,checkpoints/beijing_72h_6h_station1013_seed2047_informer_d32_e1.pt,training_logs/beijing_72h_6h_station1013_seed2047_informer_d32_e1.csv,0.3928605914115906,0.6267859215167413,0.40623340010643,46.65137481689453,30.23575782775879,43.303009033203125,False,,,informer_d32_e1,0.5722936391830444,41.74861526489258,validation,11.743526152650151,,,
beijing_72h_6h_station1013_seed2048_informer_d32_e1,beijing,72,6,1013,2048,Informer,informer_d32_e1,informer_d32_e1,32.0,1.0,,matched,completed,21.0,0.5791068077087402,13.37287748599192,0.0289632920030271,valid,test,1.0,1,9.0,21793.0,21793.0,21793.0,predictions/beijing_72h_6h_station1013_seed2048_informer_d32_e1.npz,checkpoints/beijing_72h_6h_station1013_seed2048_informer_d32_e1.pt,training_logs/beijing_72h_6h_station1013_seed2048_informer_d32_e1.csv,0.3659538626670837,0.6049412059589624,0.3791793584823608,45.025482177734375,28.22213554382324,40.38899993896485,False,,,informer_d32_e1,0.5722936391830444,41.156280517578125,validation,9.401242317083751,,,
beijing_72h_6h_station1013_seed2049_informer_d32_e1,beijing,72,6,1013,2049,Informer,informer_d32_e1,informer_d32_e1,32.0,1.0,,matched,completed,18.0,0.542413592338562,11.895848961008596,0.0286986629944294,valid,test,1.0,1,9.0,21793.0,21793.0,21793.0,predictions/beijing_72h_6h_station1013_seed2049_informer_d32_e1.npz,checkpoints/beijing_72h_6h_station1013_seed2049_informer_d32_e1.pt,training_logs/beijing_72h_6h_station1013_seed2049_informer_d32_e1.csv,0.3777131736278534,0.6145837401264805,0.3765193223953247,45.7431755065918,28.024152755737305,38.34649658203125,False,,,informer_d32_e1,0.5722936391830444,41.276737213134766,validation,10.820715480475902,,,
beijing_72h_12h_station1013_seed2047_informer_d32_e1,beijing,72,12,1013,2047,Informer,informer_d32_e1,informer_d32_e1,32.0,1.0,,matched,completed,30.0,0.8445088863372803,17.967370317986934,0.254436329996679,valid,test,1.0,1,9.0,21793.0,21793.0,21793.0,predictions/beijing_72h_12h_station1013_seed2047_informer_d32_e1.npz,checkpoints/beijing_72h_12h_station1013_seed2047_informer_d32_e1.pt,training_logs/beijing_72h_12h_station1013_seed2047_informer_d32_e1.csv,0.5404956340789795,0.7351840817638665,0.5075340270996094,54.71774673461914,37.77437973022461,51.84606170654297,False,,,informer_d32_e1,0.8355147043863932,56.09211349487305,validation,-2.4501960696837117,,,
beijing_72h_12h_station1013_seed2048_informer_d32_e1,beijing,72,12,1013,2048,Informer,informer_d32_e1,informer_d32_e1,32.0,1.0,,matched,completed,29.0,0.8309317827224731,16.106636619995697,0.0299705260113114,valid,test,1.0,1,9.0,21793.0,21793.0,21793.0,predictions/beijing_72h_12h_station1013_seed2048_informer_d32_e1.npz,checkpoints/beijing_72h_12h_station1013_seed2048_informer_d32_e1.pt,training_logs/beijing_72h_12h_station1013_seed2048_informer_d32_e1.csv,0.494840145111084,0.7034487508774779,0.4693454504013061,52.35577392578125,34.932106018066406,47.68255615234375,False,,,informer_d32_e1,0.8355147043863932,55.03749084472656,validation,-4.872527576722299,,,
beijing_72h_12h_station1013_seed2049_informer_d32_e1,beijing,72,12,1013,2049,Informer,informer_d32_e1,informer_d32_e1,32.0,1.0,,matched,completed,14.0,0.8311034440994263,10.765817963998416,0.0299719449976691,valid,test,1.0,1,9.0,21793.0,21793.0,21793.0,predictions/beijing_72h_12h_station1013_seed2049_informer_d32_e1.npz,checkpoints/beijing_72h_12h_station1013_seed2049_informer_d32_e1.pt,training_logs/beijing_72h_12h_station1013_seed2049_informer_d32_e1.csv,0.5281527042388916,0.7267411535332863,0.4842795431613922,54.0893669128418,36.04360580444336,47.921165466308594,False,,,informer_d32_e1,0.8355147043863932,54.70387268066406,validation,-1.1233313798631157,,,
beijing_72h_24h_station1013_seed2047_informer_d32_e1,beijing,72,24,1013,2047,Informer,informer_d32_e1,informer_d32_e1,32.0,1.0,,matched,completed,28.0,1.2198612689971924,19.8142066099972,0.2591017730010208,valid,test,1.0,1,9.0,21793.0,21793.0,21793.0,predictions/beijing_72h_24h_station1013_seed2047_informer_d32_e1.npz,checkpoints/beijing_72h_24h_station1013_seed2047_informer_d32_e1.pt,training_logs/beijing_72h_24h_station1013_seed2047_informer_d32_e1.csv,0.7414377927780151,0.8610678212417505,0.6018409132957458,64.07279205322266,44.78349304199219,57.820987701416016,False,,,informer_d32_e1,1.2282470067342122,65.6296157836914,validation,-2.3721359814140675,,,
beijing_72h_24h_station1013_seed2048_informer_d32_e1,beijing,72,24,1013,2048,Informer,informer_d32_e1,informer_d32_e1,32.0,1.0,,matched,completed,20.0,1.2079570293426514,15.450105805997737,0.033229131004191,valid,test,1.0,1,9.0,21793.0,21793.0,21793.0,predictions/beijing_72h_24h_station1013_seed2048_informer_d32_e1.npz,checkpoints/beijing_72h_24h_station1013_seed2048_informer_d32_e1.pt,training_logs/beijing_72h_24h_station1013_seed2048_informer_d32_e1.csv,0.6693006157875061,0.818107948737516,0.569360613822937,60.87610626220703,42.36661148071289,55.53758239746094,False,,,informer_d32_e1,1.2282470067342122,64.7675552368164,validation,-6.008330807578983,,,
beijing_72h_24h_station1013_seed2049_informer_d32_e1,beijing,72,24,1013,2049,Informer,informer_d32_e1,informer_d32_e1,32.0,1.0,,matched,completed,14.0,1.256922721862793,11.87970692900126,0.0335756889980984,valid,test,1.0,1,9.0,21793.0,21793.0,21793.0,predictions/beijing_72h_24h_station1013_seed2049_informer_d32_e1.npz,checkpoints/beijing_72h_24h_station1013_seed2049_informer_d32_e1.pt,training_logs/beijing_72h_24h_station1013_seed2049_informer_d32_e1.csv,0.6885513067245483,0.8297899172227561,0.5867230296134949,61.74537658691406,43.65856170654297,56.83451843261719,False,,,informer_d32_e1,1.2282470067342122,68.50748443603516,validation,-9.870611809480197,,,
beijing_168h_1h_station1013_seed2047_informer_d12_e2,beijing,168,1,1013,2047,Informer,informer_d12_e2,informer_d12_e2,12.0,2.0,,matched,completed,30.0,0.2084317207336425,29.89891351299593,1.0369774569990111,valid,test,1.0,1,9.0,5125.0,5125.0,5125.0,predictions/beijing_168h_1h_station1013_seed2047_informer_d12_e2.npz,checkpoints/beijing_168h_1h_station1013_seed2047_informer_d12_e2.pt,training_logs/beijing_168h_1h_station1013_seed2047_informer_d12_e2.csv,0.1041348204016685,0.322699272390981,0.1885868459939956,23.986793518066406,14.017986297607422,23.065723419189453,False,,,informer_d12_e2,0.21626546978950498,21.871671676635746,validation,9.670599818349158,,,
beijing_168h_1h_station1013_seed2048_informer_d12_e2,beijing,168,1,1013,2048,Informer,informer_d12_e2,informer_d12_e2,12.0,2.0,,matched,completed,29.0,0.2490541487932205,28.371548494003942,0.0397876180068124,valid,test,1.0,1,9.0,5125.0,5125.0,5125.0,predictions/beijing_168h_1h_station1013_seed2048_informer_d12_e2.npz,checkpoints/beijing_168h_1h_station1013_seed2048_informer_d12_e2.pt,training_logs/beijing_168h_1h_station1013_seed2048_informer_d12_e2.csv,0.1276222616434097,0.3572425809494295,0.2052189707756042,26.55445671081543,15.254280090332031,24.135892868041992,False,,,informer_d12_e2,0.21626546978950498,21.76912498474121,validation,21.982196020411642,,,
beijing_168h_1h_station1013_seed2049_informer_d12_e2,beijing,168,1,1013,2049,Informer,informer_d12_e2,informer_d12_e2,12.0,2.0,,matched,completed,30.0,0.1913105398416519,28.44793923900579,0.0399909930129069,valid,test,1.0,1,9.0,5125.0,5125.0,5125.0,predictions/beijing_168h_1h_station1013_seed2049_informer_d12_e2.npz,checkpoints/beijing_168h_1h_station1013_seed2049_informer_d12_e2.pt,training_logs/beijing_168h_1h_station1013_seed2049_informer_d12_e2.csv,0.0905955657362937,0.3009909728485122,0.1629075706005096,22.373178482055664,12.109201431274414,20.670108795166016,False,,,informer_d12_e2,0.21626546978950498,22.61062812805176,validation,-1.0501682865745186,,,
beijing_168h_3h_station1013_seed2047_informer_d32_e1,beijing,168,3,1013,2047,Informer,informer_d32_e1,informer_d32_e1,32.0,1.0,,matched,completed,23.0,0.402616024017334,28.448136325998348,0.1635614190017804,valid,test,1.0,1,9.0,21793.0,21793.0,21793.0,predictions/beijing_168h_3h_station1013_seed2047_informer_d32_e1.npz,checkpoints/beijing_168h_3h_station1013_seed2047_informer_d32_e1.pt,training_logs/beijing_168h_3h_station1013_seed2047_informer_d32_e1.csv,0.2817461490631103,0.5307976535960859,0.3075936436653137,39.45452499389648,22.86363220214844,37.469482421875,False,,,informer_d32_e1,0.3756064474582672,31.7686710357666,validation,24.193186896224887,,,
beijing_168h_3h_station1013_seed2048_informer_d32_e1,beijing,168,3,1013,2048,Informer,informer_d32_e1,informer_d32_e1,32.0,1.0,,matched,completed,21.0,0.333048552274704,24.540935726996395,0.0539201920037157,valid,test,1.0,1,9.0,21793.0,21793.0,21793.0,predictions/beijing_168h_3h_station1013_seed2048_informer_d32_e1.npz,checkpoints/beijing_168h_3h_station1013_seed2048_informer_d32_e1.pt,training_logs/beijing_168h_3h_station1013_seed2048_informer_d32_e1.csv,0.2257303744554519,0.4751109075315488,0.2910086512565613,35.3152961730957,21.630859375,33.63434600830078,False,,,informer_d32_e1,0.3756064474582672,31.73417854309082,validation,11.284733982139157,,,
beijing_168h_3h_station1013_seed2049_informer_d32_e1,beijing,168,3,1013,2049,Informer,informer_d32_e1,informer_d32_e1,32.0,1.0,,matched,completed,23.0,0.3911547660827636,26.38321374599764,0.0544401060033123,valid,test,1.0,1,9.0,21793.0,21793.0,21793.0,predictions/beijing_168h_3h_station1013_seed2049_informer_d32_e1.npz,checkpoints/beijing_168h_3h_station1013_seed2049_informer_d32_e1.pt,training_logs/beijing_168h_3h_station1013_seed2049_informer_d32_e1.csv,0.4549033939838409,0.6744652652167056,0.4264553487300873,50.13343048095703,31.69869613647461,51.55592727661133,False,,,informer_d32_e1,0.3756064474582672,32.07843780517578,validation,56.283890086655404,,,
beijing_168h_6h_station1013_seed2047_informer_d12_e2,beijing,168,6,1013,2047,Informer,informer_d12_e2,informer_d12_e2,12.0,2.0,,matched,completed,29.0,0.7032893300056458,28.882508708004025,0.0417915569996694,valid,test,1.0,1,9.0,5125.0,5125.0,5125.0,predictions/beijing_168h_6h_station1013_seed2047_informer_d12_e2.npz,checkpoints/beijing_168h_6h_station1013_seed2047_informer_d12_e2.pt,training_logs/beijing_168h_6h_station1013_seed2047_informer_d12_e2.csv,0.4079379141330719,0.6387001754603422,0.4120473265647888,47.47499084472656,30.62773704528809,45.26276397705078,False,,,informer_d12_e2,0.636319363117218,42.01683807373047,validation,12.990393902126131,,,
beijing_168h_6h_station1013_seed2048_informer_d12_e2,beijing,168,6,1013,2048,Informer,informer_d12_e2,informer_d12_e2,12.0,2.0,,matched,completed,30.0,0.6017211675643921,28.866017977998126,0.0406520060059847,valid,test,1.0,1,9.0,5125.0,5125.0,5125.0,predictions/beijing_168h_6h_station1013_seed2048_informer_d12_e2.npz,checkpoints/beijing_168h_6h_station1013_seed2048_informer_d12_e2.pt,training_logs/beijing_168h_6h_station1013_seed2048_informer_d12_e2.csv,0.3766598999500274,0.6137262418619783,0.3737384676933288,45.61865997314453,27.78022003173828,38.516727447509766,False,,,informer_d12_e2,0.636319363117218,42.51594543457031,validation,7.297766771643652,,,
beijing_168h_6h_station1013_seed2049_informer_d12_e2,beijing,168,6,1013,2049,Informer,informer_d12_e2,informer_d12_e2,12.0,2.0,,matched,completed,29.0,0.5886328220367432,28.879571393001243,0.0404170400142902,valid,test,1.0,1,9.0,5125.0,5125.0,5125.0,predictions/beijing_168h_6h_station1013_seed2049_informer_d12_e2.npz,checkpoints/beijing_168h_6h_station1013_seed2049_informer_d12_e2.pt,training_logs/beijing_168h_6h_station1013_seed2049_informer_d12_e2.csv,0.3341418504714966,0.5780500414942434,0.3537149131298065,42.966827392578125,26.29185485839844,37.28765106201172,False,,,informer_d12_e2,0.636319363117218,42.00048828125,validation,2.3007806596370486,,,
beijing_168h_6h_station1013_seed2050_informer_d12_e2,beijing,168,6,1013,2050,Informer,informer_d12_e2,informer_d12_e2,12.0,2.0,,matched,completed,29.0,0.6575364470481873,28.87029801400785,0.0403009909932734,valid,test,1.0,1,9.0,5125.0,5125.0,5125.0,predictions/beijing_168h_6h_station1013_seed2050_informer_d12_e2.npz,checkpoints/beijing_168h_6h_station1013_seed2050_informer_d12_e2.pt,training_logs/beijing_168h_6h_station1013_seed2050_informer_d12_e2.csv,0.3676122725009918,0.6063103763758227,0.3699783086776733,45.06743621826172,27.500720977783203,37.93914794921875,False,,,informer_d12_e2,0.636319363117218,42.20603942871094,validation,6.779590855436431,,,
beijing_168h_6h_station1013_seed2051_informer_d12_e2,beijing,168,6,1013,2051,Informer,informer_d12_e2,informer_d12_e2,12.0,2.0,,matched,completed,30.0,0.6304170489311218,30.22402523799974,0.042462383993552,valid,test,1.0,1,9.0,5125.0,5125.0,5125.0,predictions/beijing_168h_6h_station1013_seed2051_informer_d12_e2.npz,checkpoints/beijing_168h_6h_station1013_seed2051_informer_d12_e2.pt,training_logs/beijing_168h_6h_station1013_seed2051_informer_d12_e2.csv,0.3204405307769775,0.566074668905947,0.3539932668209076,42.076690673828125,26.312545776367188,36.7716178894043,False,,,informer_d12_e2,0.636319363117218,41.76411056518555,validation,0.7484419143913101,,,
beijing_168h_12h_station1013_seed2047_informer_d12_e2,beijing,168,12,1013,2047,Informer,informer_d12_e2,informer_d12_e2,12.0,2.0,,matched,completed,29.0,1.1759591102600098,32.17082266299985,0.3643178220081609,valid,test,1.0,1,9.0,5125.0,5125.0,5125.0,predictions/beijing_168h_12h_station1013_seed2047_informer_d12_e2.npz,checkpoints/beijing_168h_12h_station1013_seed2047_informer_d12_e2.pt,training_logs/beijing_168h_12h_station1013_seed2047_informer_d12_e2.csv,0.6290431022644043,0.7931223753396472,0.5606176853179932,58.96049499511719,41.6761589050293,54.20914459228516,False,,,informer_d12_e2,1.0179777940114338,54.23294448852539,validation,8.717119365687497,,,
beijing_168h_12h_station1013_seed2048_informer_d12_e2,beijing,168,12,1013,2048,Informer,informer_d12_e2,informer_d12_e2,12.0,2.0,,matched,completed,18.0,0.9708503484725952,23.607700937995105,0.0418422119983006,valid,test,1.0,1,9.0,5125.0,5125.0,5125.0,predictions/beijing_168h_12h_station1013_seed2048_informer_d12_e2.npz,checkpoints/beijing_168h_12h_station1013_seed2048_informer_d12_e2.pt,training_logs/beijing_168h_12h_station1013_seed2048_informer_d12_e2.csv,0.5950312614440918,0.7713826945453806,0.514497697353363,57.34437561035156,38.24761581420898,50.408912658691406,False,,,informer_d12_e2,1.0179777940114338,55.16896057128906,validation,3.943186560949321,,,
beijing_168h_12h_station1013_seed2049_informer_d12_e2,beijing,168,12,1013,2049,Informer,informer_d12_e2,informer_d12_e2,12.0,2.0,,matched,completed,23.0,0.9071239233016968,28.54809282399947,0.0417477529990719,valid,test,1.0,1,9.0,5125.0,5125.0,5125.0,predictions/beijing_168h_12h_station1013_seed2049_informer_d12_e2.npz,checkpoints/beijing_168h_12h_station1013_seed2049_informer_d12_e2.pt,training_logs/beijing_168h_12h_station1013_seed2049_informer_d12_e2.csv,0.5558821558952332,0.7455750504779738,0.4985784888267517,55.42584228515625,37.064186096191406,49.96923828125,False,,,informer_d12_e2,1.0179777940114338,58.07843780517578,validation,-4.567263893904426,,,
beijing_168h_24h_station1013_seed2047_informer_d12_e2,beijing,168,24,1013,2047,Informer,informer_d12_e2,informer_d12_e2,12.0,2.0,,matched,completed,17.0,1.4985828399658203,26.46565472400107,0.3679291599983116,valid,test,1.0,1,9.0,5125.0,5125.0,5125.0,predictions/beijing_168h_24h_station1013_seed2047_informer_d12_e2.npz,checkpoints/beijing_168h_24h_station1013_seed2047_informer_d12_e2.pt,training_logs/beijing_168h_24h_station1013_seed2047_informer_d12_e2.csv,0.8001710176467896,0.8945227876621085,0.6585111618041992,66.53571319580078,48.98087692260742,62.131935119628906,False,,,informer_d12_e2,1.4935529232025146,67.65840148925781,validation,-1.659347943115803,,,
beijing_168h_24h_station1013_seed2048_informer_d12_e2,beijing,168,24,1013,2048,Informer,informer_d12_e2,informer_d12_e2,12.0,2.0,,matched,completed,27.0,1.4243403673171997,30.61120225201012,0.0432347239984665,valid,test,1.0,1,9.0,5125.0,5125.0,5125.0,predictions/beijing_168h_24h_station1013_seed2048_informer_d12_e2.npz,checkpoints/beijing_168h_24h_station1013_seed2048_informer_d12_e2.pt,training_logs/beijing_168h_24h_station1013_seed2048_informer_d12_e2.csv,0.8028043508529663,0.8959934993363324,0.6405471563339233,66.64510345458984,47.64468383789063,60.529781341552734,False,,,informer_d12_e2,1.4935529232025146,72.7971420288086,validation,-8.450934202587451,,,
beijing_168h_24h_station1013_seed2049_informer_d12_e2,beijing,168,24,1013,2049,Informer,informer_d12_e2,informer_d12_e2,12.0,2.0,,matched,completed,26.0,1.557735562324524,30.60845918999985,0.043536267010495,valid,test,1.0,1,9.0,5125.0,5125.0,5125.0,predictions/beijing_168h_24h_station1013_seed2049_informer_d12_e2.npz,checkpoints/beijing_168h_24h_station1013_seed2049_informer_d12_e2.pt,training_logs/beijing_168h_24h_station1013_seed2049_informer_d12_e2.csv,0.8766493201255798,0.93629553033515,0.7072875499725342,69.64281463623047,52.60892105102539,65.6760482788086,False,,,informer_d12_e2,1.4935529232025146,66.645751953125,validation,4.4970048281748545,,,
beijing_24h_1h_station1013_seed2047_informer_d16_e1,beijing,24,1,1013,2047,Informer,informer_d16_e1,informer_d16_e1,16.0,1.0,,matched,completed,39.0,0.1304821372032165,7.534883001993876,0.011859562000609,valid,test,1.0,1,9.0,5777.0,5777.0,5777.0,predictions/beijing_24h_1h_station1013_seed2047_informer_d16_e1.npz,checkpoints/beijing_24h_1h_station1013_seed2047_informer_d16_e1.pt,training_logs/beijing_24h_1h_station1013_seed2047_informer_d16_e1.csv,0.078677125275135,0.2804944300251523,0.1469706147909164,20.90236473083496,10.952208518981934,19.0632381439209,False,,,informer_d16_e1,21.186835479736327,20.988380432128903,test,-0.4098253391780024,,,
beijing_24h_1h_station1013_seed2048_informer_d16_e1,beijing,24,1,1013,2048,Informer,informer_d16_e1,informer_d16_e1,16.0,1.0,,matched,completed,40.0,0.1461345702409744,7.551798742992105,0.0108542829984799,valid,test,1.0,1,9.0,5777.0,5777.0,5777.0,predictions/beijing_24h_1h_station1013_seed2048_informer_d16_e1.npz,checkpoints/beijing_24h_1h_station1013_seed2048_informer_d16_e1.pt,training_logs/beijing_24h_1h_station1013_seed2048_informer_d16_e1.csv,0.0830169767141342,0.2881266678288114,0.1499156802892685,21.47111701965332,11.171673774719238,18.387357711791992,False,,,informer_d16_e1,21.186835479736327,20.778905868530277,test,3.3313166511399404,,,
beijing_24h_1h_station1013_seed2049_informer_d16_e1,beijing,24,1,1013,2049,Informer,informer_d16_e1,informer_d16_e1,16.0,1.0,,matched,completed,38.0,0.143982782959938,7.512268765000044,0.010807989994646,valid,test,1.0,1,9.0,5777.0,5777.0,5777.0,predictions/beijing_24h_1h_station1013_seed2049_informer_d16_e1.npz,checkpoints/beijing_24h_1h_station1013_seed2049_informer_d16_e1.pt,training_logs/beijing_24h_1h_station1013_seed2049_informer_d16_e1.csv,0.0841054320335388,0.2900093654238407,0.1471562087535858,21.61141586303711,10.966039657592772,17.63994026184082,False,,,informer_d16_e1,21.186835479736327,20.896221160888672,test,3.422603046942588,,,
beijing_24h_1h_station1013_seed2050_informer_d16_e1,beijing,24,1,1013,2050,Informer,informer_d16_e1,informer_d16_e1,16.0,1.0,,matched,completed,40.0,0.1402382403612136,7.638350081993849,0.0109193259995663,valid,test,1.0,1,9.0,5777.0,5777.0,5777.0,predictions/beijing_24h_1h_station1013_seed2050_informer_d16_e1.npz,checkpoints/beijing_24h_1h_station1013_seed2050_informer_d16_e1.pt,training_logs/beijing_24h_1h_station1013_seed2050_informer_d16_e1.csv,0.0807163193821907,0.2841061762478787,0.1442051827907562,21.17151260375977,10.74612808227539,16.795398712158203,False,,,informer_d16_e1,21.186835479736327,21.0170955657959,test,0.7347211106332671,,,
beijing_24h_1h_station1013_seed2051_informer_d16_e1,beijing,24,1,1013,2051,Informer,informer_d16_e1,informer_d16_e1,16.0,1.0,,matched,completed,37.0,0.1327132582664489,7.55368307599565,0.0109269429958658,valid,test,1.0,1,9.0,5777.0,5777.0,5777.0,predictions/beijing_24h_1h_station1013_seed2051_informer_d16_e1.npz,checkpoints/beijing_24h_1h_station1013_seed2051_informer_d16_e1.pt,training_logs/beijing_24h_1h_station1013_seed2051_informer_d16_e1.csv,0.0777419432997703,0.2788224225197291,0.1440674066543579,20.777767181396484,10.73586368560791,17.53788948059082,False,,,informer_d16_e1,21.186835479736327,20.71529197692871,test,0.30158978467382497,,,
beijing_24h_3h_station1013_seed2047_informer_d12_e2,beijing,24,3,1013,2047,Informer,informer_d12_e2,informer_d12_e2,12.0,2.0,,matched,completed,40.0,0.313452273607254,11.871073369009537,0.3484617690119194,valid,test,1.0,1,9.0,5125.0,5125.0,5125.0,predictions/beijing_24h_3h_station1013_seed2047_informer_d12_e2.npz,checkpoints/beijing_24h_3h_station1013_seed2047_informer_d12_e2.pt,training_logs/beijing_24h_3h_station1013_seed2047_informer_d12_e2.csv,0.1754271984100341,0.4188403017977546,0.2467294484376907,31.21186065673828,18.386207580566406,28.939319610595703,False,,,informer_d12_e2,31.703060785929363,30.44579696655273,test,2.516155812991645,,,
beijing_24h_3h_station1013_seed2048_informer_d12_e2,beijing,24,3,1013,2048,Informer,informer_d12_e2,informer_d12_e2,12.0,2.0,,matched,completed,37.0,0.2971721589565277,9.9139706309943,0.0152158690034411,valid,test,1.0,1,9.0,5125.0,5125.0,5125.0,predictions/beijing_24h_3h_station1013_seed2048_informer_d12_e2.npz,checkpoints/beijing_24h_3h_station1013_seed2048_informer_d12_e2.pt,training_logs/beijing_24h_3h_station1013_seed2048_informer_d12_e2.csv,0.1900842487812042,0.4359865236233847,0.239002451300621,32.489593505859375,17.810394287109375,26.796430587768555,False,,,informer_d12_e2,31.703060785929363,30.800689697265625,test,5.483331137041665,,,
beijing_24h_3h_station1013_seed2049_informer_d12_e2,beijing,24,3,1013,2049,Informer,informer_d12_e2,informer_d12_e2,12.0,2.0,,matched,completed,40.0,0.3049845695495605,9.80394491799234,0.015379671996925,valid,test,1.0,1,9.0,5125.0,5125.0,5125.0,predictions/beijing_24h_3h_station1013_seed2049_informer_d12_e2.npz,checkpoints/beijing_24h_3h_station1013_seed2049_informer_d12_e2.pt,training_logs/beijing_24h_3h_station1013_seed2049_informer_d12_e2.csv,0.1776358634233474,0.4214686980350349,0.2326403558254242,31.40772819519043,17.336294174194336,26.355690002441406,False,,,informer_d12_e2,31.703060785929363,30.58614921569824,test,2.6861144686710623,,,
beijing_24h_6h_station1013_seed2047_informer_d12_e2,beijing,24,6,1013,2047,Informer,informer_d12_e2,informer_d12_e2,12.0,2.0,,matched,completed,32.0,0.5212718844413757,11.966838134001591,0.1297279079881264,valid,test,1.0,1,9.0,5125.0,5125.0,5125.0,predictions/beijing_24h_6h_station1013_seed2047_informer_d12_e2.npz,checkpoints/beijing_24h_6h_station1013_seed2047_informer_d12_e2.pt,training_logs/beijing_24h_6h_station1013_seed2047_informer_d12_e2.csv,0.2916131317615509,0.5400121589015852,0.3256891965866089,40.23842239379883,24.26837921142578,34.506736755371094,False,,,informer_d12_e2,41.16141001383463,40.0059814453125,test,0.5810154884065798,,,
beijing_24h_6h_station1013_seed2048_informer_d12_e2,beijing,24,6,1013,2048,Informer,informer_d12_e2,informer_d12_e2,12.0,2.0,,matched,completed,34.0,0.509149432182312,10.042026422001072,0.0151388829981442,valid,test,1.0,1,9.0,5125.0,5125.0,5125.0,predictions/beijing_24h_6h_station1013_seed2048_informer_d12_e2.npz,checkpoints/beijing_24h_6h_station1013_seed2048_informer_d12_e2.pt,training_logs/beijing_24h_6h_station1013_seed2048_informer_d12_e2.csv,0.3174349963665008,0.5634136991292463,0.3316536545753479,41.98215866088867,24.71281242370605,34.27459716796875,False,,,informer_d12_e2,41.16141001383463,39.84638977050781,test,5.360006019821757,,,
beijing_24h_6h_station1013_seed2049_informer_d12_e2,beijing,24,6,1013,2049,Informer,informer_d12_e2,informer_d12_e2,12.0,2.0,,matched,completed,21.0,0.5169949531555176,7.375053469993873,0.0158636869891779,valid,test,1.0,1,9.0,5125.0,5125.0,5125.0,predictions/beijing_24h_6h_station1013_seed2049_informer_d12_e2.npz,checkpoints/beijing_24h_6h_station1013_seed2049_informer_d12_e2.pt,training_logs/beijing_24h_6h_station1013_seed2049_informer_d12_e2.csv,0.3066623508930206,0.5537710274951377,0.3313705623149872,41.263648986816406,24.69171714782715,35.435184478759766,False,,,informer_d12_e2,41.16141001383463,39.889404296875,test,3.445137159015099,,,
beijing_24h_12h_station1013_seed2047_informer_d32_e1,beijing,24,12,1013,2047,Informer,informer_d32_e1,informer_d32_e1,32.0,1.0,,matched,completed,33.0,0.8423445224761963,10.295618282994838,0.1252599919971544,valid,test,1.0,1,9.0,21793.0,21793.0,21793.0,predictions/beijing_24h_12h_station1013_seed2047_informer_d32_e1.npz,checkpoints/beijing_24h_12h_station1013_seed2047_informer_d32_e1.pt,training_logs/beijing_24h_12h_station1013_seed2047_informer_d32_e1.csv,0.4868228435516357,0.6977269118728585,0.4507886469364166,51.98249053955078,33.58494186401367,45.478763580322266,False,,,informer_d32_e1,51.24401346842448,51.547157287597656,test,0.8445339662947174,,,
beijing_24h_12h_station1013_seed2048_informer_d32_e1,beijing,24,12,1013,2048,Informer,informer_d32_e1,informer_d32_e1,32.0,1.0,,matched,completed,19.0,0.8313885927200317,6.770665058997111,0.0154120960069121,valid,test,1.0,1,9.0,21793.0,21793.0,21793.0,predictions/beijing_24h_12h_station1013_seed2048_informer_d32_e1.npz,checkpoints/beijing_24h_12h_station1013_seed2048_informer_d32_e1.pt,training_logs/beijing_24h_12h_station1013_seed2048_informer_d32_e1.csv,0.4659269452095032,0.682588415671921,0.4426910877227783,50.85463333129883,32.98165512084961,45.934661865234375,False,,,informer_d32_e1,51.24401346842448,51.48316192626953,test,-1.2208430318845536,,,
beijing_24h_12h_station1013_seed2049_informer_d32_e1,beijing,24,12,1013,2049,Informer,informer_d32_e1,informer_d32_e1,32.0,1.0,,matched,completed,15.0,0.8204297423362732,5.775961109000491,0.0154068800038658,valid,test,1.0,1,9.0,21793.0,21793.0,21793.0,predictions/beijing_24h_12h_station1013_seed2049_informer_d32_e1.npz,checkpoints/beijing_24h_12h_station1013_seed2049_informer_d32_e1.pt,training_logs/beijing_24h_12h_station1013_seed2049_informer_d32_e1.csv,0.4666653573513031,0.6831290927425819,0.4474055469036102,50.89491653442383,33.332889556884766,46.59959411621094,False,,,informer_d32_e1,51.24401346842448,51.83720016479492,test,-1.8177749326265558,,,
beijing_24h_24h_station1013_seed2047_informer_d32_e1,beijing,24,24,1013,2047,Informer,informer_d32_e1,informer_d32_e1,32.0,1.0,,matched,completed,10.0,1.2232844829559326,6.255191350006498,0.2361774400051217,valid,test,1.0,1,9.0,21793.0,21793.0,21793.0,predictions/beijing_24h_24h_station1013_seed2047_informer_d32_e1.npz,checkpoints/beijing_24h_24h_station1013_seed2047_informer_d32_e1.pt,training_logs/beijing_24h_24h_station1013_seed2047_informer_d32_e1.csv,0.6931955218315125,0.8325836425438062,0.5853663682937622,62.01133346557617,43.59844207763672,56.62997817993164,False,,,informer_d32_e1,61.5204709370931,64.3062973022461,test,-3.568801086281426,,,
beijing_24h_24h_station1013_seed2048_informer_d32_e1,beijing,24,24,1013,2048,Informer,informer_d32_e1,informer_d32_e1,32.0,1.0,,matched,completed,14.0,1.217558979988098,6.581823360000271,0.0183393640036229,valid,test,1.0,1,9.0,21793.0,21793.0,21793.0,predictions/beijing_24h_24h_station1013_seed2048_informer_d32_e1.npz,checkpoints/beijing_24h_24h_station1013_seed2048_informer_d32_e1.pt,training_logs/beijing_24h_24h_station1013_seed2048_informer_d32_e1.csv,0.6754042506217957,0.8218298185280184,0.5954842567443848,61.21038436889648,44.352027893066406,58.55215835571289,False,,,informer_d32_e1,61.5204709370931,64.8437271118164,test,-5.603229340371812,,,
beijing_24h_24h_station1013_seed2049_informer_d32_e1,beijing,24,24,1013,2049,Informer,informer_d32_e1,informer_d32_e1,32.0,1.0,,matched,completed,16.0,1.2281028032302856,7.17531329600024,0.0183841250109253,valid,test,1.0,1,9.0,21793.0,21793.0,21793.0,predictions/beijing_24h_24h_station1013_seed2049_informer_d32_e1.npz,checkpoints/beijing_24h_24h_station1013_seed2049_informer_d32_e1.pt,training_logs/beijing_24h_24h_station1013_seed2049_informer_d32_e1.csv,0.6782609224319458,0.8235659794041676,0.5769043564796448,61.33969497680664,42.96818923950195,56.57551956176758,False,,,informer_d32_e1,61.5204709370931,65.344482421875,test,-6.128730837919529,,,
beijing_48h_1h_station1013_seed2047_informer_d16_e1,beijing,48,1,1013,2047,Informer,informer_d16_e1,informer_d16_e1,16.0,1.0,,matched,completed,37.0,0.2004574984312057,13.207265263001318,0.2354719629947794,valid,test,1.0,1,9.0,5777.0,5777.0,5777.0,predictions/beijing_48h_1h_station1013_seed2047_informer_d16_e1.npz,checkpoints/beijing_48h_1h_station1013_seed2047_informer_d16_e1.pt,training_logs/beijing_48h_1h_station1013_seed2047_informer_d16_e1.csv,0.1030392870306968,0.3209973318124262,0.1808059513568878,23.9080753326416,13.46653652191162,23.89362525939941,False,,,informer_d16_e1,24.16956075032552,20.97980499267578,test,13.95756700783493,,,
beijing_48h_1h_station1013_seed2048_informer_d16_e1,beijing,48,1,1013,2048,Informer,informer_d16_e1,informer_d16_e1,16.0,1.0,,matched,completed,40.0,0.1866272836923599,11.95632482500514,0.0152087409951491,valid,test,1.0,1,9.0,5777.0,5777.0,5777.0,predictions/beijing_48h_1h_station1013_seed2048_informer_d16_e1.npz,checkpoints/beijing_48h_1h_station1013_seed2048_informer_d16_e1.pt,training_logs/beijing_48h_1h_station1013_seed2048_informer_d16_e1.csv,0.1039284616708755,0.3223793753807392,0.1777645498514175,24.011011123657227,13.240010261535645,21.785301208496094,False,,,informer_d16_e1,24.16956075032552,20.553361892700195,test,16.82279156571978,,,
beijing_48h_1h_station1013_seed2049_informer_d16_e1,beijing,48,1,1013,2049,Informer,informer_d16_e1,informer_d16_e1,16.0,1.0,,matched,completed,36.0,0.1786957681179046,11.930925533990376,0.0153419000125722,valid,test,1.0,1,9.0,5777.0,5777.0,5777.0,predictions/beijing_48h_1h_station1013_seed2049_informer_d16_e1.npz,checkpoints/beijing_48h_1h_station1013_seed2049_informer_d16_e1.pt,training_logs/beijing_48h_1h_station1013_seed2049_informer_d16_e1.csv,0.1089974716305732,0.3301476512570902,0.1876023560762405,24.58959579467773,13.972737312316896,23.24227523803711,False,,,informer_d16_e1,24.16956075032552,20.929391860961918,test,17.488343464689613,,,
beijing_48h_3h_station1013_seed2047_informer_d12_e2,beijing,48,3,1013,2047,Informer,informer_d12_e2,informer_d12_e2,12.0,2.0,,matched,completed,39.0,0.3278615772724151,16.593187039004988,0.1304583870078204,valid,test,1.0,1,9.0,5125.0,5125.0,5125.0,predictions/beijing_48h_3h_station1013_seed2047_informer_d12_e2.npz,checkpoints/beijing_48h_3h_station1013_seed2047_informer_d12_e2.pt,training_logs/beijing_48h_3h_station1013_seed2047_informer_d12_e2.csv,0.2042790949344635,0.4519724493090961,0.2554769814014435,33.66059494018555,19.02661895751953,28.57452964782715,False,,,informer_d12_e2,33.248793284098305,31.18783187866211,test,7.928614823703845,,,
beijing_48h_3h_station1013_seed2048_informer_d12_e2,beijing,48,3,1013,2048,Informer,informer_d12_e2,informer_d12_e2,12.0,2.0,,matched,completed,37.0,0.3282687664031982,14.57875693400274,0.0186811400053557,valid,test,1.0,1,9.0,5125.0,5125.0,5125.0,predictions/beijing_48h_3h_station1013_seed2048_informer_d12_e2.npz,checkpoints/beijing_48h_3h_station1013_seed2048_informer_d12_e2.pt,training_logs/beijing_48h_3h_station1013_seed2048_informer_d12_e2.csv,0.2093028277158737,0.4574962597834803,0.2573364675045013,34.07197952270508,19.16510391235352,28.118640899658203,False,,,informer_d12_e2,33.248793284098305,31.051353454589844,test,9.727840277663457,,,
beijing_48h_3h_station1013_seed2049_informer_d12_e2,beijing,48,3,1013,2049,Informer,informer_d12_e2,informer_d12_e2,12.0,2.0,,matched,completed,40.0,0.301114946603775,14.58573916000023,0.018634516003658,valid,test,1.0,1,9.0,5125.0,5125.0,5125.0,predictions/beijing_48h_3h_station1013_seed2049_informer_d12_e2.npz,checkpoints/beijing_48h_3h_station1013_seed2049_informer_d12_e2.pt,training_logs/beijing_48h_3h_station1013_seed2049_informer_d12_e2.csv,0.1847799718379974,0.4298604097122663,0.2396971136331558,32.0138053894043,17.85141372680664,27.48231315612793,False,,,informer_d12_e2,33.248793284098305,31.17669677734375,test,2.6850458791031304,,,
beijing_48h_6h_station1013_seed2047_informer_d12_e2,beijing,48,6,1013,2047,Informer,informer_d12_e2,informer_d12_e2,12.0,2.0,,matched,completed,37.0,0.5197903513908386,16.851659634994576,0.0191493760066805,valid,test,1.0,1,9.0,5125.0,5125.0,5125.0,predictions/beijing_48h_6h_station1013_seed2047_informer_d12_e2.npz,checkpoints/beijing_48h_6h_station1013_seed2047_informer_d12_e2.pt,training_logs/beijing_48h_6h_station1013_seed2047_informer_d12_e2.csv,0.3062490820884704,0.5533977611885238,0.3260517120361328,41.2142333984375,24.28266334533692,33.91559219360352,False,,,informer_d12_e2,41.61791737874349,41.811302185058594,test,-1.4280081112481071,,,
beijing_48h_6h_station1013_seed2048_informer_d12_e2,beijing,48,6,1013,2048,Informer,informer_d12_e2,informer_d12_e2,12.0,2.0,,matched,completed,39.0,0.5206961035728455,14.920639315008884,0.0191019630001392,valid,test,1.0,1,9.0,5125.0,5125.0,5125.0,predictions/beijing_48h_6h_station1013_seed2048_informer_d12_e2.npz,checkpoints/beijing_48h_6h_station1013_seed2048_informer_d12_e2.pt,training_logs/beijing_48h_6h_station1013_seed2048_informer_d12_e2.csv,0.3292493820190429,0.5738025636218812,0.3401785492897033,42.73387908935547,25.33475685119629,36.23659896850586,False,,,informer_d12_e2,41.61791737874349,41.650672912597656,test,2.6006931005193583,,,
beijing_48h_6h_station1013_seed2049_informer_d12_e2,beijing,48,6,1013,2049,Informer,informer_d12_e2,informer_d12_e2,12.0,2.0,,matched,completed,27.0,0.5189477205276489,13.086156215998926,0.0191799669992178,valid,test,1.0,1,9.0,5125.0,5125.0,5125.0,predictions/beijing_48h_6h_station1013_seed2049_informer_d12_e2.npz,checkpoints/beijing_48h_6h_station1013_seed2049_informer_d12_e2.pt,training_logs/beijing_48h_6h_station1013_seed2049_informer_d12_e2.csv,0.3016801178455353,0.549254146862393,0.3259046971797943,40.9056396484375,24.27171516418457,35.49531555175781,False,,,informer_d12_e2,41.61791737874349,42.05476379394531,test,-2.7324470329643216,,,
beijing_48h_12h_station1013_seed2047_informer_d12_e2,beijing,48,12,1013,2047,Informer,informer_d12_e2,informer_d12_e2,12.0,2.0,,matched,completed,39.0,0.8655310869216919,17.281188737993944,0.3506576780055184,valid,test,1.0,1,9.0,5125.0,5125.0,5125.0,predictions/beijing_48h_12h_station1013_seed2047_informer_d12_e2.npz,checkpoints/beijing_48h_12h_station1013_seed2047_informer_d12_e2.pt,training_logs/beijing_48h_12h_station1013_seed2047_informer_d12_e2.csv,0.4923148155212402,0.701651491497909,0.4481577575206756,52.246856689453125,33.371028900146484,45.20096206665039,False,,,informer_d12_e2,52.0007209777832,57.32188415527344,test,-8.853560102932216,,,
beijing_48h_12h_station1013_seed2048_informer_d12_e2,beijing,48,12,1013,2048,Informer,informer_d12_e2,informer_d12_e2,12.0,2.0,,matched,completed,18.0,0.8359791040420532,10.249651954,0.0199380959966219,valid,test,1.0,1,9.0,5125.0,5125.0,5125.0,predictions/beijing_48h_12h_station1013_seed2048_informer_d12_e2.npz,checkpoints/beijing_48h_12h_station1013_seed2048_informer_d12_e2.pt,training_logs/beijing_48h_12h_station1013_seed2048_informer_d12_e2.csv,0.5002774000167847,0.7073029054208562,0.4735588133335113,52.66767120361328,35.2624626159668,48.62054443359375,False,,,informer_d12_e2,52.0007209777832,52.859134674072266,test,-0.36221453801607234,,,
beijing_48h_12h_station1013_seed2049_informer_d12_e2,beijing,48,12,1013,2049,Informer,informer_d12_e2,informer_d12_e2,12.0,2.0,,matched,completed,38.0,0.8494822382926941,15.707152207003674,0.0198740749910939,valid,test,1.0,1,9.0,5125.0,5125.0,5125.0,predictions/beijing_48h_12h_station1013_seed2049_informer_d12_e2.npz,checkpoints/beijing_48h_12h_station1013_seed2049_informer_d12_e2.pt,training_logs/beijing_48h_12h_station1013_seed2049_informer_d12_e2.csv,0.4707108736038208,0.6860837220076139,0.4436895251274109,51.0876350402832,33.03831481933594,45.46479034423828,False,,,informer_d12_e2,52.0007209777832,55.133583068847656,test,-7.338445650289235,,,
beijing_48h_24h_station1013_seed2047_informer_d12_e2,beijing,48,24,1013,2047,Informer,informer_d12_e2,informer_d12_e2,12.0,2.0,,matched,completed,28.0,1.229250192642212,16.98885061100009,0.0215183800028171,valid,test,1.0,1,9.0,5125.0,5125.0,5125.0,predictions/beijing_48h_24h_station1013_seed2047_informer_d12_e2.npz,checkpoints/beijing_48h_24h_station1013_seed2047_informer_d12_e2.pt,training_logs/beijing_48h_24h_station1013_seed2047_informer_d12_e2.csv,0.686724841594696,0.8286886276489476,0.5790998339653015,61.68712615966797,43.107872009277344,56.00268173217773,False,,,informer_d12_e2,61.315452575683594,69.85392761230469,test,-11.691255927602482,,,
beijing_48h_24h_station1013_seed2048_informer_d12_e2,beijing,48,24,1013,2048,Informer,informer_d12_e2,informer_d12_e2,12.0,2.0,,matched,completed,21.0,1.1741148233413696,12.618015521002237,0.0212911179987713,valid,test,1.0,1,9.0,5125.0,5125.0,5125.0,predictions/beijing_48h_24h_station1013_seed2048_informer_d12_e2.npz,checkpoints/beijing_48h_24h_station1013_seed2048_informer_d12_e2.pt,training_logs/beijing_48h_24h_station1013_seed2048_informer_d12_e2.csv,0.6691944003105164,0.8180430308428257,0.5753520727157593,60.89468002319336,42.82889175415039,56.364219665527344,False,,,informer_d12_e2,61.315452575683594,68.12368774414062,test,-10.611591885774033,,,
beijing_48h_24h_station1013_seed2049_informer_d12_e2,beijing,48,24,1013,2049,Informer,informer_d12_e2,informer_d12_e2,12.0,2.0,,matched,completed,27.0,1.23155415058136,15.215445827008809,0.0214074429968604,valid,test,1.0,1,9.0,5125.0,5125.0,5125.0,predictions/beijing_48h_24h_station1013_seed2049_informer_d12_e2.npz,checkpoints/beijing_48h_24h_station1013_seed2049_informer_d12_e2.pt,training_logs/beijing_48h_24h_station1013_seed2049_informer_d12_e2.csv,0.6795615553855896,0.8243552361607158,0.5834628343582153,61.36455154418945,43.432655334472656,56.47983551025391,False,,,informer_d12_e2,61.315452575683594,70.52690887451172,test,-12.991292935615277,,,
beijing_72h_1h_station1013_seed2047_informer_d12_e2,beijing,72,1,1013,2047,Informer,informer_d12_e2,informer_d12_e2,12.0,2.0,,matched,completed,30.0,0.2281868159770965,20.16090164399065,0.3336442930012708,valid,test,1.0,1,9.0,5125.0,5125.0,5125.0,predictions/beijing_72h_1h_station1013_seed2047_informer_d12_e2.npz,checkpoints/beijing_72h_1h_station1013_seed2047_informer_d12_e2.pt,training_logs/beijing_72h_1h_station1013_seed2047_informer_d12_e2.csv,0.1050749719142913,0.3241526984528918,0.1868094801902771,24.12974739074707,13.905996322631836,23.915218353271484,False,,,informer_d12_e2,24.91086769104004,21.06454849243164,test,14.551457864937083,,,
beijing_72h_1h_station1013_seed2048_informer_d12_e2,beijing,72,1,1013,2048,Informer,informer_d12_e2,informer_d12_e2,12.0,2.0,,matched,completed,30.0,0.2210023254156112,14.562216243997682,0.0212924219958949,valid,test,1.0,1,9.0,5125.0,5125.0,5125.0,predictions/beijing_72h_1h_station1013_seed2048_informer_d12_e2.npz,checkpoints/beijing_72h_1h_station1013_seed2048_informer_d12_e2.pt,training_logs/beijing_72h_1h_station1013_seed2048_informer_d12_e2.csv,0.1205769702792167,0.3472419477528842,0.1946399509906768,25.848501205444336,14.488890647888184,22.94392967224121,False,,,informer_d12_e2,24.91086769104004,20.968732833862305,test,23.2716416878645,,,
beijing_72h_1h_station1013_seed2049_informer_d12_e2,beijing,72,1,1013,2049,Informer,informer_d12_e2,informer_d12_e2,12.0,2.0,,matched,completed,30.0,0.2207720279693603,14.571632510007476,0.0215453609998803,valid,test,1.0,1,9.0,5125.0,5125.0,5125.0,predictions/beijing_72h_1h_station1013_seed2049_informer_d12_e2.npz,checkpoints/beijing_72h_1h_station1013_seed2049_informer_d12_e2.pt,training_logs/beijing_72h_1h_station1013_seed2049_informer_d12_e2.csv,0.1105851531028747,0.3325434604722738,0.1897499710321426,24.75435447692871,14.124885559082031,21.7496395111084,False,,,informer_d12_e2,24.91086769104004,21.28269386291504,test,16.312129640989756,,,
beijing_72h_3h_station1013_seed2047_informer_d12_e2,beijing,72,3,1013,2047,Informer,informer_d12_e2,informer_d12_e2,12.0,2.0,,matched,completed,30.0,0.3825761079788208,18.285205228006816,0.1342890399973839,valid,test,1.0,1,9.0,5125.0,5125.0,5125.0,predictions/beijing_72h_3h_station1013_seed2047_informer_d12_e2.npz,checkpoints/beijing_72h_3h_station1013_seed2047_informer_d12_e2.pt,training_logs/beijing_72h_3h_station1013_seed2047_informer_d12_e2.csv,0.1985132694244384,0.4455482795662424,0.2607429921627044,33.16414260864258,19.40826416015625,31.551963806152344,False,,,informer_d12_e2,34.084999084472656,31.00885581970215,test,6.950552453376953,,,
beijing_72h_3h_station1013_seed2048_informer_d12_e2,beijing,72,3,1013,2048,Informer,informer_d12_e2,informer_d12_e2,12.0,2.0,,matched,completed,28.0,0.3970254361629486,14.751411493998605,0.0216313740093028,valid,test,1.0,1,9.0,5125.0,5125.0,5125.0,predictions/beijing_72h_3h_station1013_seed2048_informer_d12_e2.npz,checkpoints/beijing_72h_3h_station1013_seed2048_informer_d12_e2.pt,training_logs/beijing_72h_3h_station1013_seed2048_informer_d12_e2.csv,0.2358701676130294,0.4856646658065928,0.2903807759284973,36.15018081665039,21.614334106445312,34.68412780761719,False,,,informer_d12_e2,34.084999084472656,31.21354103088379,test,15.81569928539064,,,
beijing_72h_3h_station1013_seed2049_informer_d12_e2,beijing,72,3,1013,2049,Informer,informer_d12_e2,informer_d12_e2,12.0,2.0,,matched,completed,30.0,0.3420169055461883,14.788197931004106,0.0217393299972172,valid,test,1.0,1,9.0,5125.0,5125.0,5125.0,predictions/beijing_72h_3h_station1013_seed2049_informer_d12_e2.npz,checkpoints/beijing_72h_3h_station1013_seed2049_informer_d12_e2.pt,training_logs/beijing_72h_3h_station1013_seed2049_informer_d12_e2.csv,0.1958470195531845,0.4425460648940226,0.2577881515026092,32.940673828125,19.18832015991211,29.737058639526367,False,,,informer_d12_e2,34.084999084472656,31.59510612487793,test,4.25878519897603,,,
beijing_72h_6h_station1013_seed2047_informer_d12_e2,beijing,72,6,1013,2047,Informer,informer_d12_e2,informer_d12_e2,12.0,2.0,,matched,completed,28.0,0.5916162729263306,18.14772162800364,0.362916554993717,valid,test,1.0,1,9.0,5125.0,5125.0,5125.0,predictions/beijing_72h_6h_station1013_seed2047_informer_d12_e2.npz,checkpoints/beijing_72h_6h_station1013_seed2047_informer_d12_e2.pt,training_logs/beijing_72h_6h_station1013_seed2047_informer_d12_e2.csv,0.3214825987815857,0.5669943551584845,0.3452971875667572,42.20111846923828,25.70030403137207,36.5284423828125,False,,,informer_d12_e2,42.59245300292969,41.74861526489258,test,1.0838759596566165,,,
beijing_72h_6h_station1013_seed2048_informer_d12_e2,beijing,72,6,1013,2048,Informer,informer_d12_e2,informer_d12_e2,12.0,2.0,,matched,completed,29.0,0.5726812481880188,15.02449920300569,0.0222907470015343,valid,test,1.0,1,9.0,5125.0,5125.0,5125.0,predictions/beijing_72h_6h_station1013_seed2048_informer_d12_e2.npz,checkpoints/beijing_72h_6h_station1013_seed2048_informer_d12_e2.pt,training_logs/beijing_72h_6h_station1013_seed2048_informer_d12_e2.csv,0.3445059955120086,0.5869463310320703,0.3481703698635101,43.686134338378906,25.91415786743164,36.844482421875,False,,,informer_d12_e2,42.59245300292969,41.156280517578125,test,6.146944740840377,,,
beijing_72h_6h_station1013_seed2049_informer_d12_e2,beijing,72,6,1013,2049,Informer,informer_d12_e2,informer_d12_e2,12.0,2.0,,matched,completed,28.0,0.5630435347557068,15.00045079899428,0.0220010310003999,valid,test,1.0,1,9.0,5125.0,5125.0,5125.0,predictions/beijing_72h_6h_station1013_seed2049_informer_d12_e2.npz,checkpoints/beijing_72h_6h_station1013_seed2049_informer_d12_e2.pt,training_logs/beijing_72h_6h_station1013_seed2049_informer_d12_e2.csv,0.3167615532875061,0.5628157365315101,0.3430277109146118,41.89010620117188,25.53138542175293,36.85262680053711,False,,,informer_d12_e2,42.59245300292969,41.276737213134766,test,1.4859919398908665,,,
beijing_72h_12h_station1013_seed2047_informer_d32_e1,beijing,72,12,1013,2047,Informer,informer_d32_e1,informer_d32_e1,32.0,1.0,,matched,completed,30.0,0.8445088863372803,17.967370317986934,0.254436329996679,valid,test,1.0,1,9.0,21793.0,21793.0,21793.0,predictions/beijing_72h_12h_station1013_seed2047_informer_d32_e1.npz,checkpoints/beijing_72h_12h_station1013_seed2047_informer_d32_e1.pt,training_logs/beijing_72h_12h_station1013_seed2047_informer_d32_e1.csv,0.5404956340789795,0.7351840817638665,0.5075340270996094,54.71774673461914,37.77437973022461,51.84606170654297,False,,,informer_d32_e1,53.72096252441406,56.09211349487305,test,-2.4501960696837117,,,
beijing_72h_12h_station1013_seed2048_informer_d32_e1,beijing,72,12,1013,2048,Informer,informer_d32_e1,informer_d32_e1,32.0,1.0,,matched,completed,29.0,0.8309317827224731,16.106636619995697,0.0299705260113114,valid,test,1.0,1,9.0,21793.0,21793.0,21793.0,predictions/beijing_72h_12h_station1013_seed2048_informer_d32_e1.npz,checkpoints/beijing_72h_12h_station1013_seed2048_informer_d32_e1.pt,training_logs/beijing_72h_12h_station1013_seed2048_informer_d32_e1.csv,0.494840145111084,0.7034487508774779,0.4693454504013061,52.35577392578125,34.932106018066406,47.68255615234375,False,,,informer_d32_e1,53.72096252441406,55.03749084472656,test,-4.872527576722299,,,
beijing_72h_12h_station1013_seed2049_informer_d32_e1,beijing,72,12,1013,2049,Informer,informer_d32_e1,informer_d32_e1,32.0,1.0,,matched,completed,14.0,0.8311034440994263,10.765817963998416,0.0299719449976691,valid,test,1.0,1,9.0,21793.0,21793.0,21793.0,predictions/beijing_72h_12h_station1013_seed2049_informer_d32_e1.npz,checkpoints/beijing_72h_12h_station1013_seed2049_informer_d32_e1.pt,training_logs/beijing_72h_12h_station1013_seed2049_informer_d32_e1.csv,0.5281527042388916,0.7267411535332863,0.4842795431613922,54.0893669128418,36.04360580444336,47.921165466308594,False,,,informer_d32_e1,53.72096252441406,54.70387268066406,test,-1.1233313798631157,,,
beijing_72h_24h_station1013_seed2047_informer_d32_e1,beijing,72,24,1013,2047,Informer,informer_d32_e1,informer_d32_e1,32.0,1.0,,matched,completed,28.0,1.2198612689971924,19.8142066099972,0.2591017730010208,valid,test,1.0,1,9.0,21793.0,21793.0,21793.0,predictions/beijing_72h_24h_station1013_seed2047_informer_d32_e1.npz,checkpoints/beijing_72h_24h_station1013_seed2047_informer_d32_e1.pt,training_logs/beijing_72h_24h_station1013_seed2047_informer_d32_e1.csv,0.7414377927780151,0.8610678212417505,0.6018409132957458,64.07279205322266,44.78349304199219,57.820987701416016,False,,,informer_d32_e1,62.231424967447914,65.6296157836914,test,-2.3721359814140675,,,
beijing_72h_24h_station1013_seed2048_informer_d32_e1,beijing,72,24,1013,2048,Informer,informer_d32_e1,informer_d32_e1,32.0,1.0,,matched,completed,20.0,1.2079570293426514,15.450105805997737,0.033229131004191,valid,test,1.0,1,9.0,21793.0,21793.0,21793.0,predictions/beijing_72h_24h_station1013_seed2048_informer_d32_e1.npz,checkpoints/beijing_72h_24h_station1013_seed2048_informer_d32_e1.pt,training_logs/beijing_72h_24h_station1013_seed2048_informer_d32_e1.csv,0.6693006157875061,0.818107948737516,0.569360613822937,60.87610626220703,42.36661148071289,55.53758239746094,False,,,informer_d32_e1,62.231424967447914,64.7675552368164,test,-6.008330807578983,,,
beijing_72h_24h_station1013_seed2049_informer_d32_e1,beijing,72,24,1013,2049,Informer,informer_d32_e1,informer_d32_e1,32.0,1.0,,matched,completed,14.0,1.256922721862793,11.87970692900126,0.0335756889980984,valid,test,1.0,1,9.0,21793.0,21793.0,21793.0,predictions/beijing_72h_24h_station1013_seed2049_informer_d32_e1.npz,checkpoints/beijing_72h_24h_station1013_seed2049_informer_d32_e1.pt,training_logs/beijing_72h_24h_station1013_seed2049_informer_d32_e1.csv,0.6885513067245483,0.8297899172227561,0.5867230296134949,61.74537658691406,43.65856170654297,56.83451843261719,False,,,informer_d32_e1,62.231424967447914,68.50748443603516,test,-9.870611809480197,,,
beijing_168h_1h_station1013_seed2047_informer_d12_e2,beijing,168,1,1013,2047,Informer,informer_d12_e2,informer_d12_e2,12.0,2.0,,matched,completed,30.0,0.2084317207336425,29.89891351299593,1.0369774569990111,valid,test,1.0,1,9.0,5125.0,5125.0,5125.0,predictions/beijing_168h_1h_station1013_seed2047_informer_d12_e2.npz,checkpoints/beijing_168h_1h_station1013_seed2047_informer_d12_e2.pt,training_logs/beijing_168h_1h_station1013_seed2047_informer_d12_e2.csv,0.1041348204016685,0.322699272390981,0.1885868459939956,23.986793518066406,14.017986297607422,23.065723419189453,False,,,informer_d12_e2,24.3048095703125,21.871671676635746,test,9.670599818349158,,,
beijing_168h_1h_station1013_seed2048_informer_d12_e2,beijing,168,1,1013,2048,Informer,informer_d12_e2,informer_d12_e2,12.0,2.0,,matched,completed,29.0,0.2490541487932205,28.371548494003942,0.0397876180068124,valid,test,1.0,1,9.0,5125.0,5125.0,5125.0,predictions/beijing_168h_1h_station1013_seed2048_informer_d12_e2.npz,checkpoints/beijing_168h_1h_station1013_seed2048_informer_d12_e2.pt,training_logs/beijing_168h_1h_station1013_seed2048_informer_d12_e2.csv,0.1276222616434097,0.3572425809494295,0.2052189707756042,26.55445671081543,15.254280090332031,24.135892868041992,False,,,informer_d12_e2,24.3048095703125,21.76912498474121,test,21.982196020411642,,,
beijing_168h_1h_station1013_seed2049_informer_d12_e2,beijing,168,1,1013,2049,Informer,informer_d12_e2,informer_d12_e2,12.0,2.0,,matched,completed,30.0,0.1913105398416519,28.44793923900579,0.0399909930129069,valid,test,1.0,1,9.0,5125.0,5125.0,5125.0,predictions/beijing_168h_1h_station1013_seed2049_informer_d12_e2.npz,checkpoints/beijing_168h_1h_station1013_seed2049_informer_d12_e2.pt,training_logs/beijing_168h_1h_station1013_seed2049_informer_d12_e2.csv,0.0905955657362937,0.3009909728485122,0.1629075706005096,22.373178482055664,12.109201431274414,20.670108795166016,False,,,informer_d12_e2,24.3048095703125,22.61062812805176,test,-1.0501682865745186,,,
beijing_168h_3h_station1013_seed2047_informer_d32_e1,beijing,168,3,1013,2047,Informer,informer_d32_e1,informer_d32_e1,32.0,1.0,,matched,completed,23.0,0.402616024017334,28.448136325998348,0.1635614190017804,valid,test,1.0,1,9.0,21793.0,21793.0,21793.0,predictions/beijing_168h_3h_station1013_seed2047_informer_d32_e1.npz,checkpoints/beijing_168h_3h_station1013_seed2047_informer_d32_e1.pt,training_logs/beijing_168h_3h_station1013_seed2047_informer_d32_e1.csv,0.2817461490631103,0.5307976535960859,0.3075936436653137,39.45452499389648,22.86363220214844,37.469482421875,False,,,informer_d32_e1,41.63441721598307,31.7686710357666,test,24.193186896224887,,,
beijing_168h_3h_station1013_seed2048_informer_d32_e1,beijing,168,3,1013,2048,Informer,informer_d32_e1,informer_d32_e1,32.0,1.0,,matched,completed,21.0,0.333048552274704,24.540935726996395,0.0539201920037157,valid,test,1.0,1,9.0,21793.0,21793.0,21793.0,predictions/beijing_168h_3h_station1013_seed2048_informer_d32_e1.npz,checkpoints/beijing_168h_3h_station1013_seed2048_informer_d32_e1.pt,training_logs/beijing_168h_3h_station1013_seed2048_informer_d32_e1.csv,0.2257303744554519,0.4751109075315488,0.2910086512565613,35.3152961730957,21.630859375,33.63434600830078,False,,,informer_d32_e1,41.63441721598307,31.73417854309082,test,11.284733982139157,,,
beijing_168h_3h_station1013_seed2049_informer_d32_e1,beijing,168,3,1013,2049,Informer,informer_d32_e1,informer_d32_e1,32.0,1.0,,matched,completed,23.0,0.3911547660827636,26.38321374599764,0.0544401060033123,valid,test,1.0,1,9.0,21793.0,21793.0,21793.0,predictions/beijing_168h_3h_station1013_seed2049_informer_d32_e1.npz,checkpoints/beijing_168h_3h_station1013_seed2049_informer_d32_e1.pt,training_logs/beijing_168h_3h_station1013_seed2049_informer_d32_e1.csv,0.4549033939838409,0.6744652652167056,0.4264553487300873,50.13343048095703,31.69869613647461,51.55592727661133,False,,,informer_d32_e1,41.63441721598307,32.07843780517578,test,56.283890086655404,,,
beijing_168h_6h_station1013_seed2047_informer_d12_e2,beijing,168,6,1013,2047,Informer,informer_d12_e2,informer_d12_e2,12.0,2.0,,matched,completed,29.0,0.7032893300056458,28.882508708004025,0.0417915569996694,valid,test,1.0,1,9.0,5125.0,5125.0,5125.0,predictions/beijing_168h_6h_station1013_seed2047_informer_d12_e2.npz,checkpoints/beijing_168h_6h_station1013_seed2047_informer_d12_e2.pt,training_logs/beijing_168h_6h_station1013_seed2047_informer_d12_e2.csv,0.4079379141330719,0.6387001754603422,0.4120473265647888,47.47499084472656,30.62773704528809,45.26276397705078,False,,,informer_d12_e2,44.64092102050781,42.01683807373047,test,12.990393902126131,,,
beijing_168h_6h_station1013_seed2048_informer_d12_e2,beijing,168,6,1013,2048,Informer,informer_d12_e2,informer_d12_e2,12.0,2.0,,matched,completed,30.0,0.6017211675643921,28.866017977998126,0.0406520060059847,valid,test,1.0,1,9.0,5125.0,5125.0,5125.0,predictions/beijing_168h_6h_station1013_seed2048_informer_d12_e2.npz,checkpoints/beijing_168h_6h_station1013_seed2048_informer_d12_e2.pt,training_logs/beijing_168h_6h_station1013_seed2048_informer_d12_e2.csv,0.3766598999500274,0.6137262418619783,0.3737384676933288,45.61865997314453,27.78022003173828,38.516727447509766,False,,,informer_d12_e2,44.64092102050781,42.51594543457031,test,7.297766771643652,,,
beijing_168h_6h_station1013_seed2049_informer_d12_e2,beijing,168,6,1013,2049,Informer,informer_d12_e2,informer_d12_e2,12.0,2.0,,matched,completed,29.0,0.5886328220367432,28.879571393001243,0.0404170400142902,valid,test,1.0,1,9.0,5125.0,5125.0,5125.0,predictions/beijing_168h_6h_station1013_seed2049_informer_d12_e2.npz,checkpoints/beijing_168h_6h_station1013_seed2049_informer_d12_e2.pt,training_logs/beijing_168h_6h_station1013_seed2049_informer_d12_e2.csv,0.3341418504714966,0.5780500414942434,0.3537149131298065,42.966827392578125,26.29185485839844,37.28765106201172,False,,,informer_d12_e2,44.64092102050781,42.00048828125,test,2.3007806596370486,,,
beijing_168h_6h_station1013_seed2050_informer_d12_e2,beijing,168,6,1013,2050,Informer,informer_d12_e2,informer_d12_e2,12.0,2.0,,matched,completed,29.0,0.6575364470481873,28.87029801400785,0.0403009909932734,valid,test,1.0,1,9.0,5125.0,5125.0,5125.0,predictions/beijing_168h_6h_station1013_seed2050_informer_d12_e2.npz,checkpoints/beijing_168h_6h_station1013_seed2050_informer_d12_e2.pt,training_logs/beijing_168h_6h_station1013_seed2050_informer_d12_e2.csv,0.3676122725009918,0.6063103763758227,0.3699783086776733,45.06743621826172,27.500720977783203,37.93914794921875,False,,,informer_d12_e2,44.64092102050781,42.20603942871094,test,6.779590855436431,,,
beijing_168h_6h_station1013_seed2051_informer_d12_e2,beijing,168,6,1013,2051,Informer,informer_d12_e2,informer_d12_e2,12.0,2.0,,matched,completed,30.0,0.6304170489311218,30.22402523799974,0.042462383993552,valid,test,1.0,1,9.0,5125.0,5125.0,5125.0,predictions/beijing_168h_6h_station1013_seed2051_informer_d12_e2.npz,checkpoints/beijing_168h_6h_station1013_seed2051_informer_d12_e2.pt,training_logs/beijing_168h_6h_station1013_seed2051_informer_d12_e2.csv,0.3204405307769775,0.566074668905947,0.3539932668209076,42.076690673828125,26.312545776367188,36.7716178894043,False,,,informer_d12_e2,44.64092102050781,41.76411056518555,test,0.7484419143913101,,,
beijing_168h_12h_station1013_seed2047_informer_d12_e2,beijing,168,12,1013,2047,Informer,informer_d12_e2,informer_d12_e2,12.0,2.0,,matched,completed,29.0,1.1759591102600098,32.17082266299985,0.3643178220081609,valid,test,1.0,1,9.0,5125.0,5125.0,5125.0,predictions/beijing_168h_12h_station1013_seed2047_informer_d12_e2.npz,checkpoints/beijing_168h_12h_station1013_seed2047_informer_d12_e2.pt,training_logs/beijing_168h_12h_station1013_seed2047_informer_d12_e2.csv,0.6290431022644043,0.7931223753396472,0.5606176853179932,58.96049499511719,41.6761589050293,54.20914459228516,False,,,informer_d12_e2,57.243570963541664,54.23294448852539,test,8.717119365687497,,,
beijing_168h_12h_station1013_seed2048_informer_d12_e2,beijing,168,12,1013,2048,Informer,informer_d12_e2,informer_d12_e2,12.0,2.0,,matched,completed,18.0,0.9708503484725952,23.607700937995105,0.0418422119983006,valid,test,1.0,1,9.0,5125.0,5125.0,5125.0,predictions/beijing_168h_12h_station1013_seed2048_informer_d12_e2.npz,checkpoints/beijing_168h_12h_station1013_seed2048_informer_d12_e2.pt,training_logs/beijing_168h_12h_station1013_seed2048_informer_d12_e2.csv,0.5950312614440918,0.7713826945453806,0.514497697353363,57.34437561035156,38.24761581420898,50.408912658691406,False,,,informer_d12_e2,57.243570963541664,55.16896057128906,test,3.943186560949321,,,
beijing_168h_12h_station1013_seed2049_informer_d12_e2,beijing,168,12,1013,2049,Informer,informer_d12_e2,informer_d12_e2,12.0,2.0,,matched,completed,23.0,0.9071239233016968,28.54809282399947,0.0417477529990719,valid,test,1.0,1,9.0,5125.0,5125.0,5125.0,predictions/beijing_168h_12h_station1013_seed2049_informer_d12_e2.npz,checkpoints/beijing_168h_12h_station1013_seed2049_informer_d12_e2.pt,training_logs/beijing_168h_12h_station1013_seed2049_informer_d12_e2.csv,0.5558821558952332,0.7455750504779738,0.4985784888267517,55.42584228515625,37.064186096191406,49.96923828125,False,,,informer_d12_e2,57.243570963541664,58.07843780517578,test,-4.567263893904426,,,
beijing_168h_24h_station1013_seed2047_informer_d12_e2,beijing,168,24,1013,2047,Informer,informer_d12_e2,informer_d12_e2,12.0,2.0,,matched,completed,17.0,1.4985828399658203,26.46565472400107,0.3679291599983116,valid,test,1.0,1,9.0,5125.0,5125.0,5125.0,predictions/beijing_168h_24h_station1013_seed2047_informer_d12_e2.npz,checkpoints/beijing_168h_24h_station1013_seed2047_informer_d12_e2.pt,training_logs/beijing_168h_24h_station1013_seed2047_informer_d12_e2.csv,0.8001710176467896,0.8945227876621085,0.6585111618041992,66.53571319580078,48.98087692260742,62.131935119628906,False,,,informer_d12_e2,67.60787709554036,67.65840148925781,test,-1.659347943115803,,,
beijing_168h_24h_station1013_seed2048_informer_d12_e2,beijing,168,24,1013,2048,Informer,informer_d12_e2,informer_d12_e2,12.0,2.0,,matched,completed,27.0,1.4243403673171997,30.61120225201012,0.0432347239984665,valid,test,1.0,1,9.0,5125.0,5125.0,5125.0,predictions/beijing_168h_24h_station1013_seed2048_informer_d12_e2.npz,checkpoints/beijing_168h_24h_station1013_seed2048_informer_d12_e2.pt,training_logs/beijing_168h_24h_station1013_seed2048_informer_d12_e2.csv,0.8028043508529663,0.8959934993363324,0.6405471563339233,66.64510345458984,47.64468383789063,60.529781341552734,False,,,informer_d12_e2,67.60787709554036,72.7971420288086,test,-8.450934202587451,,,
beijing_168h_24h_station1013_seed2049_informer_d12_e2,beijing,168,24,1013,2049,Informer,informer_d12_e2,informer_d12_e2,12.0,2.0,,matched,completed,26.0,1.557735562324524,30.60845918999985,0.043536267010495,valid,test,1.0,1,9.0,5125.0,5125.0,5125.0,predictions/beijing_168h_24h_station1013_seed2049_informer_d12_e2.npz,checkpoints/beijing_168h_24h_station1013_seed2049_informer_d12_e2.pt,training_logs/beijing_168h_24h_station1013_seed2049_informer_d12_e2.csv,0.8766493201255798,0.93629553033515,0.7072875499725342,69.64281463623047,52.60892105102539,65.6760482788086,False,,,informer_d12_e2,67.60787709554036,66.645751953125,test,4.4970048281748545,,,
beijing_24h_1h_station1013_seed2047_tst_d24_n1,beijing,24,1,1013,2047,TST,tst_d24_n1,tst_d24_n1,24.0,,1.0,non_aligned_as_is,completed,24.0,0.1073974519968032,2.681991630990524,0.0031228519947035,valid,test,1.0,1,9.0,5977.0,5977.0,5977.0,predictions/beijing_24h_1h_station1013_seed2047_tst_d24_n1.npz,checkpoints/beijing_24h_1h_station1013_seed2047_tst_d24_n1.pt,training_logs/beijing_24h_1h_station1013_seed2047_tst_d24_n1.csv,0.0858643651008606,0.2930262191355248,0.1449580639600753,21.836231231689453,10.802233695983888,18.30684280395508,False,,,tst_d24_n1,0.11110072731971736,20.988380432128903,validation,4.03961993304955,,,
beijing_24h_1h_station1013_seed2048_tst_d24_n1,beijing,24,1,1013,2048,TST,tst_d24_n1,tst_d24_n1,24.0,,1.0,non_aligned_as_is,completed,27.0,0.1082489117980003,2.961583184005576,0.0031394469988299,valid,test,1.0,1,9.0,5977.0,5977.0,5977.0,predictions/beijing_24h_1h_station1013_seed2048_tst_d24_n1.npz,checkpoints/beijing_24h_1h_station1013_seed2048_tst_d24_n1.pt,training_logs/beijing_24h_1h_station1013_seed2048_tst_d24_n1.csv,0.0878716707229614,0.2964315616174523,0.1519462168216705,22.089996337890625,11.322989463806152,20.888107299804688,False,,,tst_d24_n1,0.11110072731971736,20.778905868530277,validation,6.30971850806639,,,
beijing_24h_1h_station1013_seed2049_tst_d24_n1,beijing,24,1,1013,2049,TST,tst_d24_n1,tst_d24_n1,24.0,,1.0,non_aligned_as_is,completed,18.0,0.1121496260166168,2.199581988999853,0.0031244630081346,valid,test,1.0,1,9.0,5977.0,5977.0,5977.0,predictions/beijing_24h_1h_station1013_seed2049_tst_d24_n1.npz,checkpoints/beijing_24h_1h_station1013_seed2049_tst_d24_n1.pt,training_logs/beijing_24h_1h_station1013_seed2049_tst_d24_n1.csv,0.0889518931508064,0.2982480396428557,0.1617458015680313,22.225360870361328,12.053250312805176,22.66376304626465,False,,,tst_d24_n1,0.11110072731971736,20.896221160888672,validation,6.360670186437339,,,
beijing_24h_1h_station1013_seed2050_tst_d24_n1,beijing,24,1,1013,2050,TST,tst_d24_n1,tst_d24_n1,24.0,,1.0,non_aligned_as_is,completed,19.0,0.1164671033620834,2.277942308995989,0.0031399489962495,valid,test,1.0,1,9.0,5977.0,5977.0,5977.0,predictions/beijing_24h_1h_station1013_seed2050_tst_d24_n1.npz,checkpoints/beijing_24h_1h_station1013_seed2050_tst_d24_n1.pt,training_logs/beijing_24h_1h_station1013_seed2050_tst_d24_n1.csv,0.0929388999938964,0.3048588197738364,0.1643602102994918,22.717992782592773,12.248075485229492,18.87106132507324,False,,,tst_d24_n1,0.11110072731971736,21.0170955657959,validation,8.092922313989884,,,
beijing_24h_1h_station1013_seed2051_tst_d24_n1,beijing,24,1,1013,2051,TST,tst_d24_n1,tst_d24_n1,24.0,,1.0,non_aligned_as_is,completed,18.0,0.1112405434250831,2.2075889269908657,0.0031339270062744,valid,test,1.0,1,9.0,5977.0,5977.0,5977.0,predictions/beijing_24h_1h_station1013_seed2051_tst_d24_n1.npz,checkpoints/beijing_24h_1h_station1013_seed2051_tst_d24_n1.pt,training_logs/beijing_24h_1h_station1013_seed2051_tst_d24_n1.csv,0.0886033326387405,0.2976631193795102,0.1550144106149673,22.18177032470703,11.551628112792969,21.30077743530273,False,,,tst_d24_n1,0.11110072731971736,20.71529197692871,validation,7.079206749350115,,,
beijing_24h_3h_station1013_seed2047_tst_d24_n1,beijing,24,3,1013,2047,TST,tst_d24_n1,tst_d24_n1,24.0,,1.0,non_aligned_as_is,completed,14.0,0.268572062253952,2.434043014989584,0.0031949010008247,valid,test,1.0,1,9.0,7131.0,7131.0,7131.0,predictions/beijing_24h_3h_station1013_seed2047_tst_d24_n1.npz,checkpoints/beijing_24h_3h_station1013_seed2047_tst_d24_n1.pt,training_logs/beijing_24h_3h_station1013_seed2047_tst_d24_n1.csv,0.1805709600448608,0.4249364188262296,0.2321354299783706,31.66614151000977,17.298664093017578,26.52623748779297,False,,,tst_d24_n1,0.268593688805898,30.44579696655273,validation,4.008252911880381,,,
beijing_24h_3h_station1013_seed2048_tst_d24_n1,beijing,24,3,1013,2048,TST,tst_d24_n1,tst_d24_n1,24.0,,1.0,non_aligned_as_is,completed,24.0,0.2637646496295929,2.716000843996881,0.0032693069952074,valid,test,1.0,1,9.0,7131.0,7131.0,7131.0,predictions/beijing_24h_3h_station1013_seed2048_tst_d24_n1.npz,checkpoints/beijing_24h_3h_station1013_seed2048_tst_d24_n1.pt,training_logs/beijing_24h_3h_station1013_seed2048_tst_d24_n1.csv,0.1778396368026733,0.4217103707554194,0.2280057519674301,31.425737380981445,16.990922927856445,25.254159927368164,False,,,tst_d24_n1,0.268593688805898,30.800689697265625,validation,2.029330154159859,,,
beijing_24h_3h_station1013_seed2049_tst_d24_n1,beijing,24,3,1013,2049,TST,tst_d24_n1,tst_d24_n1,24.0,,1.0,non_aligned_as_is,completed,29.0,0.2734443545341491,3.136114193999674,0.0031345579918706,valid,test,1.0,1,9.0,7131.0,7131.0,7131.0,predictions/beijing_24h_3h_station1013_seed2049_tst_d24_n1.npz,checkpoints/beijing_24h_3h_station1013_seed2049_tst_d24_n1.pt,training_logs/beijing_24h_3h_station1013_seed2049_tst_d24_n1.csv,0.1903229653835296,0.4362602037586395,0.2645770609378814,32.509986877441406,19.716209411621094,34.430870056152344,False,,,tst_d24_n1,0.268593688805898,30.58614921569824,validation,6.2898982417693965,,,
beijing_24h_6h_station1013_seed2047_tst_d12_n1,beijing,24,6,1013,2047,TST,tst_d12_n1,tst_d12_n1,12.0,,1.0,non_aligned_as_is,completed,23.0,0.4771920442581177,2.59899837699777,0.0030848769965814,valid,test,1.0,1,9.0,3282.0,3282.0,3282.0,predictions/beijing_24h_6h_station1013_seed2047_tst_d12_n1.npz,checkpoints/beijing_24h_6h_station1013_seed2047_tst_d12_n1.pt,training_logs/beijing_24h_6h_station1013_seed2047_tst_d12_n1.csv,0.2945618629455566,0.542735536836825,0.3362684845924377,40.441349029541016,25.05668067932129,38.10346221923828,False,,,tst_d12_n1,0.48228533069292706,40.0059814453125,validation,1.0882562269436027,,,
beijing_24h_6h_station1013_seed2048_tst_d12_n1,beijing,24,6,1013,2048,TST,tst_d12_n1,tst_d12_n1,12.0,,1.0,non_aligned_as_is,completed,18.0,0.486098051071167,2.178831070996239,0.0030767449934501,valid,test,1.0,1,9.0,3282.0,3282.0,3282.0,predictions/beijing_24h_6h_station1013_seed2048_tst_d12_n1.npz,checkpoints/beijing_24h_6h_station1013_seed2048_tst_d12_n1.pt,training_logs/beijing_24h_6h_station1013_seed2048_tst_d12_n1.csv,0.2964476644992828,0.5444700767712426,0.3372646868228912,40.570594787597656,25.13091468811035,37.43365859985352,False,,,tst_d12_n1,0.48228533069292706,39.84638977050781,validation,1.817492177486709,,,
beijing_24h_6h_station1013_seed2049_tst_d12_n1,beijing,24,6,1013,2049,TST,tst_d12_n1,tst_d12_n1,12.0,,1.0,non_aligned_as_is,completed,34.0,0.4835658967494964,3.3412712850113166,0.0030553130054613,valid,test,1.0,1,9.0,3282.0,3282.0,3282.0,predictions/beijing_24h_6h_station1013_seed2049_tst_d12_n1.npz,checkpoints/beijing_24h_6h_station1013_seed2049_tst_d12_n1.pt,training_logs/beijing_24h_6h_station1013_seed2049_tst_d12_n1.csv,0.2993758022785187,0.5471524488463144,0.3533000349998474,40.770469665527344,26.32576942443848,40.82993698120117,False,,,tst_d12_n1,0.48228533069292706,39.889404296875,validation,2.2087704346123007,,,
beijing_24h_12h_station1013_seed2047_tst_d12_n1,beijing,24,12,1013,2047,TST,tst_d12_n1,tst_d12_n1,12.0,,1.0,non_aligned_as_is,completed,23.0,0.789034903049469,2.6163861749955686,0.0031470289977733,valid,test,1.0,1,9.0,5016.0,5016.0,5016.0,predictions/beijing_24h_12h_station1013_seed2047_tst_d12_n1.npz,checkpoints/beijing_24h_12h_station1013_seed2047_tst_d12_n1.pt,training_logs/beijing_24h_12h_station1013_seed2047_tst_d12_n1.csv,0.4700836837291717,0.6856264899558445,0.4538470804691314,51.08097457885742,33.81279754638672,47.61635208129883,False,,,tst_d12_n1,0.7963164846102396,51.547157287597656,validation,-0.9043810236503552,,,
beijing_24h_12h_station1013_seed2048_tst_d12_n1,beijing,24,12,1013,2048,TST,tst_d12_n1,tst_d12_n1,12.0,,1.0,non_aligned_as_is,completed,24.0,0.791965126991272,2.687320274999365,0.0031100390042411,valid,test,1.0,1,9.0,5016.0,5016.0,5016.0,predictions/beijing_24h_12h_station1013_seed2048_tst_d12_n1.npz,checkpoints/beijing_24h_12h_station1013_seed2048_tst_d12_n1.pt,training_logs/beijing_24h_12h_station1013_seed2048_tst_d12_n1.csv,0.4658820331096649,0.6825555165037236,0.4482961595058441,50.85218048095703,33.39924240112305,46.60920715332031,False,,,tst_d12_n1,0.7963164846102396,51.48316192626953,validation,-1.225607405808031,,,
beijing_24h_12h_station1013_seed2049_tst_d12_n1,beijing,24,12,1013,2049,TST,tst_d12_n1,tst_d12_n1,12.0,,1.0,non_aligned_as_is,completed,16.0,0.807949423789978,2.0168406300072093,0.0030989069928182,valid,test,1.0,1,9.0,5016.0,5016.0,5016.0,predictions/beijing_24h_12h_station1013_seed2049_tst_d12_n1.npz,checkpoints/beijing_24h_12h_station1013_seed2049_tst_d12_n1.pt,training_logs/beijing_24h_12h_station1013_seed2049_tst_d12_n1.csv,0.4677354097366333,0.6839118435417194,0.4538474380970001,50.95323181152344,33.81283187866211,47.27829360961914,False,,,tst_d12_n1,0.7963164846102396,51.83720016479492,validation,-1.7052779672923555,,,
beijing_24h_24h_station1013_seed2047_tst_d24_n1,beijing,24,24,1013,2047,TST,tst_d24_n1,tst_d24_n1,24.0,,1.0,non_aligned_as_is,completed,11.0,1.149314045906067,2.2177648280048743,0.0033872279891511,valid,test,1.0,1,9.0,19248.0,19248.0,19248.0,predictions/beijing_24h_24h_station1013_seed2047_tst_d24_n1.npz,checkpoints/beijing_24h_24h_station1013_seed2047_tst_d24_n1.pt,training_logs/beijing_24h_24h_station1013_seed2047_tst_d24_n1.csv,0.6888692378997803,0.829981468407446,0.5698710083961487,61.8175163269043,42.44433975219727,55.947242736816406,False,,,tst_d24_n1,1.1674938599268596,64.3062973022461,validation,-3.870197911791243,,,
beijing_24h_24h_station1013_seed2048_tst_d24_n1,beijing,24,24,1013,2048,TST,tst_d24_n1,tst_d24_n1,24.0,,1.0,non_aligned_as_is,completed,22.0,1.1689378023147583,2.5711972300050547,0.0032966180006042,valid,test,1.0,1,9.0,19248.0,19248.0,19248.0,predictions/beijing_24h_24h_station1013_seed2048_tst_d24_n1.npz,checkpoints/beijing_24h_24h_station1013_seed2048_tst_d24_n1.pt,training_logs/beijing_24h_24h_station1013_seed2048_tst_d24_n1.csv,0.6776894330978394,0.8232189460270211,0.5597590208053589,61.313846588134766,41.69118881225586,54.93182373046875,False,,,tst_d24_n1,1.1674938599268596,64.8437271118164,validation,-5.443673090528435,,,
beijing_24h_24h_station1013_seed2049_tst_d24_n1,beijing,24,24,1013,2049,TST,tst_d24_n1,tst_d24_n1,24.0,,1.0,non_aligned_as_is,completed,19.0,1.1842297315597534,2.315993491007248,0.0033566249912837,valid,test,1.0,1,9.0,19248.0,19248.0,19248.0,predictions/beijing_24h_24h_station1013_seed2049_tst_d24_n1.npz,checkpoints/beijing_24h_24h_station1013_seed2049_tst_d24_n1.pt,training_logs/beijing_24h_24h_station1013_seed2049_tst_d24_n1.csv,0.690582275390625,0.8310128009787966,0.5758383274078369,61.89434051513672,42.88878631591797,56.79473876953125,False,,,tst_d24_n1,1.1674938599268596,65.344482421875,validation,-5.2799284329219764,,,
beijing_48h_1h_station1013_seed2047_tst_d24_n1,beijing,48,1,1013,2047,TST,tst_d24_n1,tst_d24_n1,24.0,,1.0,non_aligned_as_is,completed,27.0,0.1092641800642013,5.640050379006425,0.0038471100124297,valid,test,1.0,1,9.0,7129.0,7129.0,7129.0,predictions/beijing_48h_1h_station1013_seed2047_tst_d24_n1.npz,checkpoints/beijing_48h_1h_station1013_seed2047_tst_d24_n1.pt,training_logs/beijing_48h_1h_station1013_seed2047_tst_d24_n1.csv,0.0875770151615142,0.2959341399053415,0.1513338834047317,22.041353225708008,11.271440505981444,20.624629974365234,False,,,tst_d24_n1,0.1114329372843106,20.97980499267578,validation,5.059857483912847,,,
beijing_48h_1h_station1013_seed2048_tst_d24_n1,beijing,48,1,1013,2048,TST,tst_d24_n1,tst_d24_n1,24.0,,1.0,non_aligned_as_is,completed,18.0,0.1098004430532455,3.288780449991464,0.0038203690055524,valid,test,1.0,1,9.0,7129.0,7129.0,7129.0,predictions/beijing_48h_1h_station1013_seed2048_tst_d24_n1.npz,checkpoints/beijing_48h_1h_station1013_seed2048_tst_d24_n1.pt,training_logs/beijing_48h_1h_station1013_seed2048_tst_d24_n1.csv,0.085818700492382,0.2929482897925538,0.1491520404815673,21.818967819213867,11.108935356140137,18.49327087402344,False,,,tst_d24_n1,0.1114329372843106,20.553361892700195,validation,6.157658942224771,,,
beijing_48h_1h_station1013_seed2049_tst_d24_n1,beijing,48,1,1013,2049,TST,tst_d24_n1,tst_d24_n1,24.0,,1.0,non_aligned_as_is,completed,19.0,0.115234188735485,3.42487493500812,0.0038073980103945,valid,test,1.0,1,9.0,7129.0,7129.0,7129.0,predictions/beijing_48h_1h_station1013_seed2049_tst_d24_n1.npz,checkpoints/beijing_48h_1h_station1013_seed2049_tst_d24_n1.pt,training_logs/beijing_48h_1h_station1013_seed2049_tst_d24_n1.csv,0.0913271456956863,0.3022038148264948,0.1694064140319824,22.5083236694336,12.61749267578125,24.757858276367188,False,,,tst_d24_n1,0.1114329372843106,20.929391860961918,validation,7.544088327844587,,,
beijing_48h_3h_station1013_seed2047_tst_d24_n1,beijing,48,3,1013,2047,TST,tst_d24_n1,tst_d24_n1,24.0,,1.0,non_aligned_as_is,completed,13.0,0.2753201425075531,3.239144524006406,0.0038269659999059,valid,test,1.0,1,9.0,9435.0,9435.0,9435.0,predictions/beijing_48h_3h_station1013_seed2047_tst_d24_n1.npz,checkpoints/beijing_48h_3h_station1013_seed2047_tst_d24_n1.pt,training_logs/beijing_48h_3h_station1013_seed2047_tst_d24_n1.csv,0.1841203570365905,0.4290924807504678,0.238699585199356,31.95661354064941,17.777122497558594,27.81195640563965,False,,,tst_d24_n1,0.2772210637728373,31.18783187866211,validation,2.4650051500158345,,,
beijing_48h_3h_station1013_seed2048_tst_d24_n1,beijing,48,3,1013,2048,TST,tst_d24_n1,tst_d24_n1,24.0,,1.0,non_aligned_as_is,completed,18.0,0.2765325307846069,3.303066831009346,0.0038640829880023,valid,test,1.0,1,9.0,9435.0,9435.0,9435.0,predictions/beijing_48h_3h_station1013_seed2048_tst_d24_n1.npz,checkpoints/beijing_48h_3h_station1013_seed2048_tst_d24_n1.pt,training_logs/beijing_48h_3h_station1013_seed2048_tst_d24_n1.csv,0.1927232444286346,0.4390025562894077,0.2486384361982345,32.694664001464844,18.517318725585938,30.09598159790039,False,,,tst_d24_n1,0.2772210637728373,31.051353454589844,validation,5.292234843412581,,,
beijing_48h_3h_station1013_seed2049_tst_d24_n1,beijing,48,3,1013,2049,TST,tst_d24_n1,tst_d24_n1,24.0,,1.0,non_aligned_as_is,completed,27.0,0.2798105180263519,4.410978650994366,0.003852463007206,valid,test,1.0,1,9.0,9435.0,9435.0,9435.0,predictions/beijing_48h_3h_station1013_seed2049_tst_d24_n1.npz,checkpoints/beijing_48h_3h_station1013_seed2049_tst_d24_n1.pt,training_logs/beijing_48h_3h_station1013_seed2049_tst_d24_n1.csv,0.1910967975854873,0.4371461970388023,0.253356009721756,32.55641174316406,18.86865997314453,30.642683029174805,False,,,tst_d24_n1,0.2772210637728373,31.17669677734375,validation,4.425468726446215,,,
beijing_48h_6h_station1013_seed2047_tst_d24_n1,beijing,48,6,1013,2047,TST,tst_d24_n1,tst_d24_n1,24.0,,1.0,non_aligned_as_is,completed,22.0,0.4883742034435272,4.384589476001565,0.0038738010043743,valid,test,1.0,1,9.0,12894.0,12894.0,12894.0,predictions/beijing_48h_6h_station1013_seed2047_tst_d24_n1.npz,checkpoints/beijing_48h_6h_station1013_seed2047_tst_d24_n1.pt,training_logs/beijing_48h_6h_station1013_seed2047_tst_d24_n1.csv,0.3218379020690918,0.5673075903503246,0.337013691663742,42.25016784667969,25.099056243896484,38.19266891479492,False,,,tst_d24_n1,0.4890456696351369,41.811302185058594,validation,1.0496340431557376,,,
beijing_48h_6h_station1013_seed2048_tst_d24_n1,beijing,48,6,1013,2048,TST,tst_d24_n1,tst_d24_n1,24.0,,1.0,non_aligned_as_is,completed,21.0,0.4847419559955597,3.685195976999239,0.0038906300032977,valid,test,1.0,1,9.0,12894.0,12894.0,12894.0,predictions/beijing_48h_6h_station1013_seed2048_tst_d24_n1.npz,checkpoints/beijing_48h_6h_station1013_seed2048_tst_d24_n1.pt,training_logs/beijing_48h_6h_station1013_seed2048_tst_d24_n1.csv,0.3064669072628021,0.5535945332667241,0.3334253430366516,41.22888946533203,24.83181381225586,36.44736099243164,False,,,tst_d24_n1,0.4890456696351369,41.650672912597656,validation,-1.0126689865268719,,,
beijing_48h_6h_station1013_seed2049_tst_d24_n1,beijing,48,6,1013,2049,TST,tst_d24_n1,tst_d24_n1,24.0,,1.0,non_aligned_as_is,completed,30.0,0.4940208494663238,4.839814129009028,0.0039988960052141,valid,test,1.0,1,9.0,12894.0,12894.0,12894.0,predictions/beijing_48h_6h_station1013_seed2049_tst_d24_n1.npz,checkpoints/beijing_48h_6h_station1013_seed2049_tst_d24_n1.pt,training_logs/beijing_48h_6h_station1013_seed2049_tst_d24_n1.csv,0.3081865608692169,0.5551455312521365,0.3389586508274078,41.34440231323242,25.243906021118164,38.32861328125,False,,,tst_d24_n1,0.4890456696351369,42.05476379394531,validation,-1.689134396743806,,,
beijing_48h_12h_station1013_seed2047_tst_d24_n1,beijing,48,12,1013,2047,TST,tst_d24_n1,tst_d24_n1,24.0,,1.0,non_aligned_as_is,completed,13.0,0.7981941103935242,3.3071325000055367,0.0039304079982684,valid,test,1.0,1,9.0,19812.0,19812.0,19812.0,predictions/beijing_48h_12h_station1013_seed2047_tst_d24_n1.npz,checkpoints/beijing_48h_12h_station1013_seed2047_tst_d24_n1.pt,training_logs/beijing_48h_12h_station1013_seed2047_tst_d24_n1.csv,0.5181323289871216,0.7198140933512774,0.4662111699581146,53.59928512573242,34.715335845947266,48.17670822143555,False,,,tst_d24_n1,0.7932359973589579,57.32188415527344,validation,-6.494202143560468,,,
beijing_48h_12h_station1013_seed2048_tst_d24_n1,beijing,48,12,1013,2048,TST,tst_d24_n1,tst_d24_n1,24.0,,1.0,non_aligned_as_is,completed,10.0,0.7867200374603271,2.3366206799983047,0.0039582750032423,valid,test,1.0,1,9.0,19812.0,19812.0,19812.0,predictions/beijing_48h_12h_station1013_seed2048_tst_d24_n1.npz,checkpoints/beijing_48h_12h_station1013_seed2048_tst_d24_n1.pt,training_logs/beijing_48h_12h_station1013_seed2048_tst_d24_n1.csv,0.4932392239570617,0.7023099201613642,0.4554015398025512,52.29588317871094,33.91041946411133,48.3408203125,False,,,tst_d24_n1,0.7932359973589579,52.859134674072266,validation,-1.0655707832417591,,,
beijing_48h_12h_station1013_seed2049_tst_d24_n1,beijing,48,12,1013,2049,TST,tst_d24_n1,tst_d24_n1,24.0,,1.0,non_aligned_as_is,completed,10.0,0.7947938442230225,2.348153997998452,0.0041183010034728,valid,test,1.0,1,9.0,19812.0,19812.0,19812.0,predictions/beijing_48h_12h_station1013_seed2049_tst_d24_n1.npz,checkpoints/beijing_48h_12h_station1013_seed2049_tst_d24_n1.pt,training_logs/beijing_48h_12h_station1013_seed2049_tst_d24_n1.csv,0.5553607940673828,0.7452253310693235,0.4805187582969665,55.491477966308594,35.78071975708008,48.3280029296875,False,,,tst_d24_n1,0.7932359973589579,55.133583068847656,validation,0.6491413718096625,,,
beijing_48h_24h_station1013_seed2047_tst_d24_n1,beijing,48,24,1013,2047,TST,tst_d24_n1,tst_d24_n1,24.0,,1.0,non_aligned_as_is,completed,16.0,1.165231227874756,3.669130137001048,0.0040352350042667,valid,test,1.0,1,9.0,33648.0,33648.0,33648.0,predictions/beijing_48h_24h_station1013_seed2047_tst_d24_n1.npz,checkpoints/beijing_48h_24h_station1013_seed2047_tst_d24_n1.pt,training_logs/beijing_48h_24h_station1013_seed2047_tst_d24_n1.csv,0.6982696652412415,0.835625313906443,0.5774798393249512,62.2034912109375,42.987281799316406,56.69511032104492,False,,,tst_d24_n1,1.134857177734375,69.85392761230469,validation,-10.952049029838047,,,
beijing_48h_24h_station1013_seed2048_tst_d24_n1,beijing,48,24,1013,2048,TST,tst_d24_n1,tst_d24_n1,24.0,,1.0,non_aligned_as_is,completed,28.0,1.1244962215423584,4.605974670994328,0.0040013109974097,valid,test,1.0,1,9.0,33648.0,33648.0,33648.0,predictions/beijing_48h_24h_station1013_seed2048_tst_d24_n1.npz,checkpoints/beijing_48h_24h_station1013_seed2048_tst_d24_n1.pt,training_logs/beijing_48h_24h_station1013_seed2048_tst_d24_n1.csv,0.6677694916725159,0.8171716415004352,0.5622314214706421,60.82980728149414,41.85219955444336,55.20777130126953,False,,,tst_d24_n1,1.134857177734375,68.12368774414062,validation,-10.706819762959524,,,
beijing_48h_24h_station1013_seed2049_tst_d24_n1,beijing,48,24,1013,2049,TST,tst_d24_n1,tst_d24_n1,24.0,,1.0,non_aligned_as_is,completed,35.0,1.1148440837860107,5.111759606006672,0.0040277669904753,valid,test,1.0,1,9.0,33648.0,33648.0,33648.0,predictions/beijing_48h_24h_station1013_seed2049_tst_d24_n1.npz,checkpoints/beijing_48h_24h_station1013_seed2049_tst_d24_n1.pt,training_logs/beijing_48h_24h_station1013_seed2049_tst_d24_n1.csv,0.7550711631774902,0.8689483086913112,0.6005443334579468,64.68403625488281,44.704193115234375,57.34855651855469,False,,,tst_d24_n1,1.134857177734375,70.52690887451172,validation,-8.284600463668568,,,
beijing_72h_1h_station1013_seed2047_tst_d24_n1,beijing,72,1,1013,2047,TST,tst_d24_n1,tst_d24_n1,24.0,,1.0,non_aligned_as_is,completed,30.0,0.1154012531042099,7.325206932000583,0.0046698189980816,valid,test,1.0,1,9.0,8281.0,8281.0,8281.0,predictions/beijing_72h_1h_station1013_seed2047_tst_d24_n1.npz,checkpoints/beijing_72h_1h_station1013_seed2047_tst_d24_n1.pt,training_logs/beijing_72h_1h_station1013_seed2047_tst_d24_n1.csv,0.0920843482017517,0.3034540297998227,0.157780721783638,22.588951110839844,11.745109558105469,20.35968017578125,False,,,tst_d24_n1,0.11779463539520896,21.06454849243164,validation,7.236816013198248,,,
beijing_72h_1h_station1013_seed2048_tst_d24_n1,beijing,72,1,1013,2048,TST,tst_d24_n1,tst_d24_n1,24.0,,1.0,non_aligned_as_is,completed,27.0,0.1179572120308876,6.124987952003721,0.0046445540065178,valid,test,1.0,1,9.0,8281.0,8281.0,8281.0,predictions/beijing_72h_1h_station1013_seed2048_tst_d24_n1.npz,checkpoints/beijing_72h_1h_station1013_seed2048_tst_d24_n1.pt,training_logs/beijing_72h_1h_station1013_seed2048_tst_d24_n1.csv,0.0903384238481521,0.3005635105067682,0.1600363105535507,22.3737850189209,11.913015365600586,20.507871627807617,False,,,tst_d24_n1,0.11779463539520896,20.968732833862305,validation,6.700701450063696,,,
beijing_72h_1h_station1013_seed2049_tst_d24_n1,beijing,72,1,1013,2049,TST,tst_d24_n1,tst_d24_n1,24.0,,1.0,non_aligned_as_is,completed,24.0,0.1200254410505294,6.120175850999658,0.0048485330044059,valid,test,1.0,1,9.0,8281.0,8281.0,8281.0,predictions/beijing_72h_1h_station1013_seed2049_tst_d24_n1.npz,checkpoints/beijing_72h_1h_station1013_seed2049_tst_d24_n1.pt,training_logs/beijing_72h_1h_station1013_seed2049_tst_d24_n1.csv,0.0949088111519813,0.3080727367878913,0.1755065321922302,22.93276596069336,13.064610481262209,25.48891830444336,False,,,tst_d24_n1,0.11779463539520896,21.28269386291504,validation,7.75311672670141,,,
beijing_72h_3h_station1013_seed2047_tst_d24_n1,beijing,72,3,1013,2047,TST,tst_d24_n1,tst_d24_n1,24.0,,1.0,non_aligned_as_is,completed,19.0,0.284379631280899,5.739832532999571,0.0045514660014305,valid,test,1.0,1,9.0,11739.0,11739.0,11739.0,predictions/beijing_72h_3h_station1013_seed2047_tst_d24_n1.npz,checkpoints/beijing_72h_3h_station1013_seed2047_tst_d24_n1.pt,training_logs/beijing_72h_3h_station1013_seed2047_tst_d24_n1.csv,0.1911131292581558,0.4371648765147491,0.2471957504749298,32.540130615234375,18.39988136291504,29.64414978027344,False,,,tst_d24_n1,0.2922606070836385,31.00885581970215,validation,4.938185415275136,,,
beijing_72h_3h_station1013_seed2048_tst_d24_n1,beijing,72,3,1013,2048,TST,tst_d24_n1,tst_d24_n1,24.0,,1.0,non_aligned_as_is,completed,13.0,0.292576253414154,3.918777899001725,0.0046598670014645,valid,test,1.0,1,9.0,11739.0,11739.0,11739.0,predictions/beijing_72h_3h_station1013_seed2048_tst_d24_n1.npz,checkpoints/beijing_72h_3h_station1013_seed2048_tst_d24_n1.pt,training_logs/beijing_72h_3h_station1013_seed2048_tst_d24_n1.csv,0.1914999186992645,0.4376070368484315,0.2549379765987396,32.57304000854492,18.97616958618164,32.44857406616211,False,,,tst_d24_n1,0.2922606070836385,31.21354103088379,validation,4.355478208371156,,,
beijing_72h_3h_station1013_seed2049_tst_d24_n1,beijing,72,3,1013,2049,TST,tst_d24_n1,tst_d24_n1,24.0,,1.0,non_aligned_as_is,completed,17.0,0.2998259365558624,4.75247766400571,0.0046048169897403,valid,test,1.0,1,9.0,11739.0,11739.0,11739.0,predictions/beijing_72h_3h_station1013_seed2049_tst_d24_n1.npz,checkpoints/beijing_72h_3h_station1013_seed2049_tst_d24_n1.pt,training_logs/beijing_72h_3h_station1013_seed2049_tst_d24_n1.csv,0.1978462487459182,0.4447991105498282,0.2680428326129913,33.10837936401367,19.95162010192871,34.377540588378906,False,,,tst_d24_n1,0.2922606070836385,31.59510612487793,validation,4.789581124224152,,,
beijing_72h_6h_station1013_seed2047_tst_d24_n1,beijing,72,6,1013,2047,TST,tst_d24_n1,tst_d24_n1,24.0,,1.0,non_aligned_as_is,completed,29.0,0.495311439037323,6.759217646002071,0.004870970005868,valid,test,1.0,1,9.0,16926.0,16926.0,16926.0,predictions/beijing_72h_6h_station1013_seed2047_tst_d24_n1.npz,checkpoints/beijing_72h_6h_station1013_seed2047_tst_d24_n1.pt,training_logs/beijing_72h_6h_station1013_seed2047_tst_d24_n1.csv,0.3024397194385528,0.5499451967592343,0.331819474697113,40.932159423828125,24.697166442871094,37.9130744934082,False,,,tst_d24_n1,0.5006605188051859,41.74861526489258,validation,-1.9556477164190655,,,
beijing_72h_6h_station1013_seed2048_tst_d24_n1,beijing,72,6,1013,2048,TST,tst_d24_n1,tst_d24_n1,24.0,,1.0,non_aligned_as_is,completed,20.0,0.5005917549133301,5.357092869002372,0.004648914997233,valid,test,1.0,1,9.0,16926.0,16926.0,16926.0,predictions/beijing_72h_6h_station1013_seed2048_tst_d24_n1.npz,checkpoints/beijing_72h_6h_station1013_seed2048_tst_d24_n1.pt,training_logs/beijing_72h_6h_station1013_seed2048_tst_d24_n1.csv,0.3039617836475372,0.5513272926742674,0.3376982510089874,41.03502655029297,25.13471794128418,39.07905578613281,False,,,tst_d24_n1,0.5006605188051859,41.156280517578125,validation,-0.2946183808650246,,,
beijing_72h_6h_station1013_seed2049_tst_d24_n1,beijing,72,6,1013,2049,TST,tst_d24_n1,tst_d24_n1,24.0,,1.0,non_aligned_as_is,completed,21.0,0.5060783624649048,5.53735246299766,0.0046765720035182,valid,test,1.0,1,9.0,16926.0,16926.0,16926.0,predictions/beijing_72h_6h_station1013_seed2049_tst_d24_n1.npz,checkpoints/beijing_72h_6h_station1013_seed2049_tst_d24_n1.pt,training_logs/beijing_72h_6h_station1013_seed2049_tst_d24_n1.csv,0.3149785101413727,0.5612294630018747,0.3468035161495209,41.77204132080078,25.81241607666016,38.16328430175781,False,,,tst_d24_n1,0.5006605188051859,41.276737213134766,validation,1.1999594471541801,,,
beijing_72h_12h_station1013_seed2047_tst_d24_n1,beijing,72,12,1013,2047,TST,tst_d24_n1,tst_d24_n1,24.0,,1.0,non_aligned_as_is,completed,28.0,0.7940921187400818,6.79792687499139,0.0047123689873842,valid,test,1.0,1,9.0,27300.0,27300.0,27300.0,predictions/beijing_72h_12h_station1013_seed2047_tst_d24_n1.npz,checkpoints/beijing_72h_12h_station1013_seed2047_tst_d24_n1.pt,training_logs/beijing_72h_12h_station1013_seed2047_tst_d24_n1.csv,0.4773925244808197,0.6909359771214839,0.4523480534553528,51.42448043823242,33.66703414916992,46.947601318359375,False,,,tst_d24_n1,0.7932453155517578,56.09211349487305,validation,-8.32137134049559,,,
beijing_72h_12h_station1013_seed2048_tst_d24_n1,beijing,72,12,1013,2048,TST,tst_d24_n1,tst_d24_n1,24.0,,1.0,non_aligned_as_is,completed,30.0,0.7849564552307129,6.211501291007153,0.0047184589930111,valid,test,1.0,1,9.0,27300.0,27300.0,27300.0,predictions/beijing_72h_12h_station1013_seed2048_tst_d24_n1.npz,checkpoints/beijing_72h_12h_station1013_seed2048_tst_d24_n1.pt,training_logs/beijing_72h_12h_station1013_seed2048_tst_d24_n1.csv,0.4709913432598114,0.6862880905711619,0.4498750567436218,51.07855224609375,33.48297119140625,46.47866439819336,False,,,tst_d24_n1,0.7932453155517578,55.03749084472656,validation,-7.193166944695735,,,
beijing_72h_12h_station1013_seed2049_tst_d24_n1,beijing,72,12,1013,2049,TST,tst_d24_n1,tst_d24_n1,24.0,,1.0,non_aligned_as_is,completed,30.0,0.8006873726844788,6.206848418005393,0.0047392720007337,valid,test,1.0,1,9.0,27300.0,27300.0,27300.0,predictions/beijing_72h_12h_station1013_seed2049_tst_d24_n1.npz,checkpoints/beijing_72h_12h_station1013_seed2049_tst_d24_n1.pt,training_logs/beijing_72h_12h_station1013_seed2049_tst_d24_n1.csv,0.4883246719837188,0.6988023125202999,0.4616753458976745,52.00994873046875,34.36124038696289,48.19977569580078,False,,,tst_d24_n1,0.7932453155517578,54.70387268066406,validation,-4.924558021552142,,,
beijing_72h_24h_station1013_seed2047_tst_d24_n1,beijing,72,24,1013,2047,TST,tst_d24_n1,tst_d24_n1,24.0,,1.0,non_aligned_as_is,completed,26.0,1.1696275472640991,6.780279398997664,0.0047389219980686,valid,test,1.0,1,9.0,48048.0,48048.0,48048.0,predictions/beijing_72h_24h_station1013_seed2047_tst_d24_n1.npz,checkpoints/beijing_72h_24h_station1013_seed2047_tst_d24_n1.pt,training_logs/beijing_72h_24h_station1013_seed2047_tst_d24_n1.csv,0.7004469037055969,0.8369270599673528,0.5853937268257141,62.276458740234375,43.55964660644531,57.23126602172852,False,,,tst_d24_n1,1.1577684879302979,65.6296157836914,validation,-5.109213277293438,,,
beijing_72h_24h_station1013_seed2048_tst_d24_n1,beijing,72,24,1013,2048,TST,tst_d24_n1,tst_d24_n1,24.0,,1.0,non_aligned_as_is,completed,24.0,1.1415693759918213,6.176865480010747,0.0049200639914488,valid,test,1.0,1,9.0,48048.0,48048.0,48048.0,predictions/beijing_72h_24h_station1013_seed2048_tst_d24_n1.npz,checkpoints/beijing_72h_24h_station1013_seed2048_tst_d24_n1.pt,training_logs/beijing_72h_24h_station1013_seed2048_tst_d24_n1.csv,0.662643551826477,0.8140292082145929,0.5703497529029846,60.57260894775391,42.44021224975586,56.80095672607422,False,,,tst_d24_n1,1.1577684879302979,64.7675552368164,validation,-6.476925481784932,,,
beijing_72h_24h_station1013_seed2049_tst_d24_n1,beijing,72,24,1013,2049,TST,tst_d24_n1,tst_d24_n1,24.0,,1.0,non_aligned_as_is,completed,27.0,1.1621085405349731,6.219902947006631,0.0047218609979609,valid,test,1.0,1,9.0,48048.0,48048.0,48048.0,predictions/beijing_72h_24h_station1013_seed2049_tst_d24_n1.npz,checkpoints/beijing_72h_24h_station1013_seed2049_tst_d24_n1.pt,training_logs/beijing_72h_24h_station1013_seed2049_tst_d24_n1.csv,0.673840343952179,0.8208777886824439,0.5696589946746826,61.08221435546875,42.38880920410156,58.23211669921875,False,,,tst_d24_n1,1.1577684879302979,68.50748443603516,validation,-10.838626088364574,,,
beijing_168h_1h_station1013_seed2047_tst_d24_n1,beijing,168,1,1013,2047,TST,tst_d24_n1,tst_d24_n1,24.0,,1.0,non_aligned_as_is,completed,30.0,0.1165271252393722,15.323651769998833,0.0130884350073756,valid,test,1.0,1,9.0,12889.0,12889.0,12889.0,predictions/beijing_168h_1h_station1013_seed2047_tst_d24_n1.npz,checkpoints/beijing_168h_1h_station1013_seed2047_tst_d24_n1.pt,training_logs/beijing_168h_1h_station1013_seed2047_tst_d24_n1.csv,0.0948754921555519,0.3080186555316933,0.1718791723251342,22.89555931091309,12.77607536315918,23.40145492553711,False,,,tst_d24_n1,0.1193584278225898,21.871671676635746,validation,4.681341460383681,,,
beijing_168h_1h_station1013_seed2048_tst_d24_n1,beijing,168,1,1013,2048,TST,tst_d24_n1,tst_d24_n1,24.0,,1.0,non_aligned_as_is,completed,22.0,0.1185407117009162,13.759772414996403,0.0129948829999193,valid,test,1.0,1,9.0,12889.0,12889.0,12889.0,predictions/beijing_168h_1h_station1013_seed2048_tst_d24_n1.npz,checkpoints/beijing_168h_1h_station1013_seed2048_tst_d24_n1.pt,training_logs/beijing_168h_1h_station1013_seed2048_tst_d24_n1.csv,0.0951375812292099,0.3084438056262597,0.1710720211267471,22.92716217041016,12.716079711914062,23.28677558898925,False,,,tst_d24_n1,0.1193584278225898,21.76912498474121,validation,5.31963129652965,,,
beijing_168h_1h_station1013_seed2049_tst_d24_n1,beijing,168,1,1013,2049,TST,tst_d24_n1,tst_d24_n1,24.0,,1.0,non_aligned_as_is,completed,18.0,0.123007446527481,11.811783723998817,0.0129836440028157,valid,test,1.0,1,9.0,12889.0,12889.0,12889.0,predictions/beijing_168h_1h_station1013_seed2049_tst_d24_n1.npz,checkpoints/beijing_168h_1h_station1013_seed2049_tst_d24_n1.pt,training_logs/beijing_168h_1h_station1013_seed2049_tst_d24_n1.csv,0.0998909547924995,0.3160553033766393,0.1861146688461303,23.492935180664062,13.834223747253418,26.03096389770508,False,,,tst_d24_n1,0.1193584278225898,22.61062812805176,validation,3.9021784251878935,,,
beijing_168h_3h_station1013_seed2047_tst_d24_n1,beijing,168,3,1013,2047,TST,tst_d24_n1,tst_d24_n1,24.0,,1.0,non_aligned_as_is,completed,22.0,0.277254581451416,14.428201188988169,0.0131312910089036,valid,test,1.0,1,9.0,20955.0,20955.0,20955.0,predictions/beijing_168h_3h_station1013_seed2047_tst_d24_n1.npz,checkpoints/beijing_168h_3h_station1013_seed2047_tst_d24_n1.pt,training_logs/beijing_168h_3h_station1013_seed2047_tst_d24_n1.csv,0.200727105140686,0.4480257862452629,0.2712862193584442,33.302040100097656,20.16487693786621,33.979469299316406,False,,,tst_d24_n1,0.27845365802447,31.7686710357666,validation,4.826670472317582,,,
beijing_168h_3h_station1013_seed2048_tst_d24_n1,beijing,168,3,1013,2048,TST,tst_d24_n1,tst_d24_n1,24.0,,1.0,non_aligned_as_is,completed,28.0,0.2776388823986053,14.791837998011031,0.0131159049924463,valid,test,1.0,1,9.0,20955.0,20955.0,20955.0,predictions/beijing_168h_3h_station1013_seed2048_tst_d24_n1.npz,checkpoints/beijing_168h_3h_station1013_seed2048_tst_d24_n1.pt,training_logs/beijing_168h_3h_station1013_seed2048_tst_d24_n1.csv,0.1964299529790878,0.4432041888104035,0.2645899057388305,32.94364929199219,19.667133331298828,32.79972076416016,False,,,tst_d24_n1,0.27845365802447,31.73417854309082,validation,3.8112558901093525,,,
beijing_168h_3h_station1013_seed2049_tst_d24_n1,beijing,168,3,1013,2049,TST,tst_d24_n1,tst_d24_n1,24.0,,1.0,non_aligned_as_is,completed,28.0,0.2804675102233886,14.770199253995088,0.0132074379944242,valid,test,1.0,1,9.0,20955.0,20955.0,20955.0,predictions/beijing_168h_3h_station1013_seed2049_tst_d24_n1.npz,checkpoints/beijing_168h_3h_station1013_seed2049_tst_d24_n1.pt,training_logs/beijing_168h_3h_station1013_seed2049_tst_d24_n1.csv,0.1968312561511993,0.4436566872607685,0.2763845026493072,32.97727966308594,20.543832778930664,34.8758659362793,False,,,tst_d24_n1,0.27845365802447,32.07843780517578,validation,2.8020125648547953,,,
beijing_168h_6h_station1013_seed2047_tst_d24_n1,beijing,168,6,1013,2047,TST,tst_d24_n1,tst_d24_n1,24.0,,1.0,non_aligned_as_is,completed,28.0,0.4833758473396301,14.794166286999824,0.0131922860018676,valid,test,1.0,1,9.0,33054.0,33054.0,33054.0,predictions/beijing_168h_6h_station1013_seed2047_tst_d24_n1.npz,checkpoints/beijing_168h_6h_station1013_seed2047_tst_d24_n1.pt,training_logs/beijing_168h_6h_station1013_seed2047_tst_d24_n1.csv,0.3278005719184875,0.5725387077905629,0.3634951412677765,42.55716323852539,27.018823623657227,42.30253219604492,False,,,tst_d24_n1,0.49607712030410767,42.01683807373047,validation,1.2859729326770568,,,
beijing_168h_6h_station1013_seed2048_tst_d24_n1,beijing,168,6,1013,2048,TST,tst_d24_n1,tst_d24_n1,24.0,,1.0,non_aligned_as_is,completed,16.0,0.503197193145752,10.887295413995162,0.0131779779912903,valid,test,1.0,1,9.0,33054.0,33054.0,33054.0,predictions/beijing_168h_6h_station1013_seed2048_tst_d24_n1.npz,checkpoints/beijing_168h_6h_station1013_seed2048_tst_d24_n1.pt,training_logs/beijing_168h_6h_station1013_seed2048_tst_d24_n1.csv,0.3209902644157409,0.5665600271954782,0.3612793385982513,42.11276626586914,26.854124069213867,41.43722152709961,False,,,tst_d24_n1,0.49607712030410767,42.51594543457031,validation,-0.9483010775842732,,,
beijing_168h_6h_station1013_seed2049_tst_d24_n1,beijing,168,6,1013,2049,TST,tst_d24_n1,tst_d24_n1,24.0,,1.0,non_aligned_as_is,completed,20.0,0.4919365346431732,12.819494798997766,0.0130706819909391,valid,test,1.0,1,9.0,33054.0,33054.0,33054.0,predictions/beijing_168h_6h_station1013_seed2049_tst_d24_n1.npz,checkpoints/beijing_168h_6h_station1013_seed2049_tst_d24_n1.pt,training_logs/beijing_168h_6h_station1013_seed2049_tst_d24_n1.csv,0.3112126290798187,0.5578643464856118,0.3567487001419067,41.46641159057617,26.517358779907227,40.91961669921875,False,,,tst_d24_n1,0.49607712030410767,42.00048828125,validation,-1.2715963850169152,,,
beijing_168h_6h_station1013_seed2050_tst_d24_n1,beijing,168,6,1013,2050,TST,tst_d24_n1,tst_d24_n1,24.0,,1.0,non_aligned_as_is,completed,27.0,0.4973568022251129,14.773103070998332,0.0130793980060843,valid,test,1.0,1,9.0,33054.0,33054.0,33054.0,predictions/beijing_168h_6h_station1013_seed2050_tst_d24_n1.npz,checkpoints/beijing_168h_6h_station1013_seed2050_tst_d24_n1.pt,training_logs/beijing_168h_6h_station1013_seed2050_tst_d24_n1.csv,0.3088319301605224,0.5557264886259449,0.3515925705432892,41.30750274658203,26.13410186767578,42.37078857421875,False,,,tst_d24_n1,0.49607712030410767,42.20603942871094,validation,-2.128929163435484,,,
beijing_168h_6h_station1013_seed2051_tst_d24_n1,beijing,168,6,1013,2051,TST,tst_d24_n1,tst_d24_n1,24.0,,1.0,non_aligned_as_is,completed,19.0,0.5045192241668701,12.263474956998834,0.0131359750084811,valid,test,1.0,1,9.0,33054.0,33054.0,33054.0,predictions/beijing_168h_6h_station1013_seed2051_tst_d24_n1.npz,checkpoints/beijing_168h_6h_station1013_seed2051_tst_d24_n1.pt,training_logs/beijing_168h_6h_station1013_seed2051_tst_d24_n1.csv,0.3205490112304687,0.5661704789464643,0.3607092797756195,42.08381271362305,26.811748504638672,41.504581451416016,False,,,tst_d24_n1,0.49607712030410767,41.76411056518555,validation,0.7654949288061766,,,
beijing_168h_12h_station1013_seed2047_tst_d24_n1,beijing,168,12,1013,2047,TST,tst_d24_n1,tst_d24_n1,24.0,,1.0,non_aligned_as_is,completed,20.0,0.7970962524414062,13.396523243995034,0.0131817030051024,valid,test,1.0,1,9.0,57252.0,57252.0,57252.0,predictions/beijing_168h_12h_station1013_seed2047_tst_d24_n1.npz,checkpoints/beijing_168h_12h_station1013_seed2047_tst_d24_n1.pt,training_logs/beijing_168h_12h_station1013_seed2047_tst_d24_n1.csv,0.5402042865753174,0.7349859090998394,0.498846024274826,54.638648986816406,37.08407211303711,53.341453552246094,False,,,tst_d24_n1,0.8180882930755615,54.23294448852539,validation,0.7480775792596963,,,
beijing_168h_12h_station1013_seed2048_tst_d24_n1,beijing,168,12,1013,2048,TST,tst_d24_n1,tst_d24_n1,24.0,,1.0,non_aligned_as_is,completed,11.0,0.8223451375961304,8.399495777004631,0.0131741299992427,valid,test,1.0,1,9.0,57252.0,57252.0,57252.0,predictions/beijing_168h_12h_station1013_seed2048_tst_d24_n1.npz,checkpoints/beijing_168h_12h_station1013_seed2048_tst_d24_n1.pt,training_logs/beijing_168h_12h_station1013_seed2048_tst_d24_n1.csv,0.5189639329910278,0.7203915136861537,0.4939283728599548,53.55370330810547,36.71850204467773,52.115325927734375,False,,,tst_d24_n1,0.8180882930755615,55.16896057128906,validation,-2.9278370418024573,,,
beijing_168h_12h_station1013_seed2049_tst_d24_n1,beijing,168,12,1013,2049,TST,tst_d24_n1,tst_d24_n1,24.0,,1.0,non_aligned_as_is,completed,8.0,0.834823489189148,6.917781353986356,0.0131527250050567,valid,test,1.0,1,9.0,57252.0,57252.0,57252.0,predictions/beijing_168h_12h_station1013_seed2049_tst_d24_n1.npz,checkpoints/beijing_168h_12h_station1013_seed2049_tst_d24_n1.pt,training_logs/beijing_168h_12h_station1013_seed2049_tst_d24_n1.csv,0.5071465969085693,0.7121422588981567,0.4815250337123871,52.940460205078125,35.79643630981445,52.89901351928711,False,,,tst_d24_n1,0.8180882930755615,58.07843780517578,validation,-8.846618115544036,,,
beijing_168h_24h_station1013_seed2047_tst_d24_n1,beijing,168,24,1013,2047,TST,tst_d24_n1,tst_d24_n1,24.0,,1.0,non_aligned_as_is,completed,17.0,1.184834361076355,11.938408361995243,0.0133152829948812,valid,test,1.0,1,9.0,105648.0,105648.0,105648.0,predictions/beijing_168h_24h_station1013_seed2047_tst_d24_n1.npz,checkpoints/beijing_168h_24h_station1013_seed2047_tst_d24_n1.pt,training_logs/beijing_168h_24h_station1013_seed2047_tst_d24_n1.csv,0.8851010203361511,0.9407980762821272,0.6644454002380371,69.97772216796875,49.42226791381836,66.05889892578125,False,,,tst_d24_n1,1.1775614817937214,67.65840148925781,validation,3.427986218502632,,,
beijing_168h_24h_station1013_seed2048_tst_d24_n1,beijing,168,24,1013,2048,TST,tst_d24_n1,tst_d24_n1,24.0,,1.0,non_aligned_as_is,completed,13.0,1.1710262298583984,9.37488121399656,0.0132413719984469,valid,test,1.0,1,9.0,105648.0,105648.0,105648.0,predictions/beijing_168h_24h_station1013_seed2048_tst_d24_n1.npz,checkpoints/beijing_168h_24h_station1013_seed2048_tst_d24_n1.pt,training_logs/beijing_168h_24h_station1013_seed2048_tst_d24_n1.csv,0.8139684796333313,0.9022020170856032,0.6413244605064392,67.10689544677734,47.7025032043457,65.65485382080078,False,,,tst_d24_n1,1.1775614817937214,72.7971420288086,validation,-7.816579639595471,,,
beijing_168h_24h_station1013_seed2049_tst_d24_n1,beijing,168,24,1013,2049,TST,tst_d24_n1,tst_d24_n1,24.0,,1.0,non_aligned_as_is,completed,29.0,1.1768238544464111,14.757791851996444,0.0131969460053369,valid,test,1.0,1,9.0,105648.0,105648.0,105648.0,predictions/beijing_168h_24h_station1013_seed2049_tst_d24_n1.npz,checkpoints/beijing_168h_24h_station1013_seed2049_tst_d24_n1.pt,training_logs/beijing_168h_24h_station1013_seed2049_tst_d24_n1.csv,0.8360457420349121,0.9143553696648324,0.6548299789428711,68.01087951660156,48.707061767578125,66.36205291748047,False,,,tst_d24_n1,1.1775614817937214,66.645751953125,validation,2.048333949981867,,,
beijing_24h_1h_station1013_seed2047_tst_d24_n1,beijing,24,1,1013,2047,TST,tst_d24_n1,tst_d24_n1,24.0,,1.0,non_aligned_as_is,completed,24.0,0.1073974519968032,2.681991630990524,0.0031228519947035,valid,test,1.0,1,9.0,5977.0,5977.0,5977.0,predictions/beijing_24h_1h_station1013_seed2047_tst_d24_n1.npz,checkpoints/beijing_24h_1h_station1013_seed2047_tst_d24_n1.pt,training_logs/beijing_24h_1h_station1013_seed2047_tst_d24_n1.csv,0.0858643651008606,0.2930262191355248,0.1449580639600753,21.836231231689453,10.802233695983888,18.30684280395508,False,,,tst_d24_n1,22.21027030944824,20.988380432128903,test,4.03961993304955,,,
beijing_24h_1h_station1013_seed2048_tst_d24_n1,beijing,24,1,1013,2048,TST,tst_d24_n1,tst_d24_n1,24.0,,1.0,non_aligned_as_is,completed,27.0,0.1082489117980003,2.961583184005576,0.0031394469988299,valid,test,1.0,1,9.0,5977.0,5977.0,5977.0,predictions/beijing_24h_1h_station1013_seed2048_tst_d24_n1.npz,checkpoints/beijing_24h_1h_station1013_seed2048_tst_d24_n1.pt,training_logs/beijing_24h_1h_station1013_seed2048_tst_d24_n1.csv,0.0878716707229614,0.2964315616174523,0.1519462168216705,22.089996337890625,11.322989463806152,20.888107299804688,False,,,tst_d24_n1,22.21027030944824,20.778905868530277,test,6.30971850806639,,,
beijing_24h_1h_station1013_seed2049_tst_d24_n1,beijing,24,1,1013,2049,TST,tst_d24_n1,tst_d24_n1,24.0,,1.0,non_aligned_as_is,completed,18.0,0.1121496260166168,2.199581988999853,0.0031244630081346,valid,test,1.0,1,9.0,5977.0,5977.0,5977.0,predictions/beijing_24h_1h_station1013_seed2049_tst_d24_n1.npz,checkpoints/beijing_24h_1h_station1013_seed2049_tst_d24_n1.pt,training_logs/beijing_24h_1h_station1013_seed2049_tst_d24_n1.csv,0.0889518931508064,0.2982480396428557,0.1617458015680313,22.225360870361328,12.053250312805176,22.66376304626465,False,,,tst_d24_n1,22.21027030944824,20.896221160888672,test,6.360670186437339,,,
beijing_24h_1h_station1013_seed2050_tst_d24_n1,beijing,24,1,1013,2050,TST,tst_d24_n1,tst_d24_n1,24.0,,1.0,non_aligned_as_is,completed,19.0,0.1164671033620834,2.277942308995989,0.0031399489962495,valid,test,1.0,1,9.0,5977.0,5977.0,5977.0,predictions/beijing_24h_1h_station1013_seed2050_tst_d24_n1.npz,checkpoints/beijing_24h_1h_station1013_seed2050_tst_d24_n1.pt,training_logs/beijing_24h_1h_station1013_seed2050_tst_d24_n1.csv,0.0929388999938964,0.3048588197738364,0.1643602102994918,22.717992782592773,12.248075485229492,18.87106132507324,False,,,tst_d24_n1,22.21027030944824,21.0170955657959,test,8.092922313989884,,,
beijing_24h_1h_station1013_seed2051_tst_d24_n1,beijing,24,1,1013,2051,TST,tst_d24_n1,tst_d24_n1,24.0,,1.0,non_aligned_as_is,completed,18.0,0.1112405434250831,2.2075889269908657,0.0031339270062744,valid,test,1.0,1,9.0,5977.0,5977.0,5977.0,predictions/beijing_24h_1h_station1013_seed2051_tst_d24_n1.npz,checkpoints/beijing_24h_1h_station1013_seed2051_tst_d24_n1.pt,training_logs/beijing_24h_1h_station1013_seed2051_tst_d24_n1.csv,0.0886033326387405,0.2976631193795102,0.1550144106149673,22.18177032470703,11.551628112792969,21.30077743530273,False,,,tst_d24_n1,22.21027030944824,20.71529197692871,test,7.079206749350115,,,
beijing_24h_3h_station1013_seed2047_tst_d24_n1,beijing,24,3,1013,2047,TST,tst_d24_n1,tst_d24_n1,24.0,,1.0,non_aligned_as_is,completed,14.0,0.268572062253952,2.434043014989584,0.0031949010008247,valid,test,1.0,1,9.0,7131.0,7131.0,7131.0,predictions/beijing_24h_3h_station1013_seed2047_tst_d24_n1.npz,checkpoints/beijing_24h_3h_station1013_seed2047_tst_d24_n1.pt,training_logs/beijing_24h_3h_station1013_seed2047_tst_d24_n1.csv,0.1805709600448608,0.4249364188262296,0.2321354299783706,31.66614151000977,17.298664093017578,26.52623748779297,False,,,tst_d24_n1,31.86728858947754,30.44579696655273,test,4.008252911880381,,,
beijing_24h_3h_station1013_seed2048_tst_d24_n1,beijing,24,3,1013,2048,TST,tst_d24_n1,tst_d24_n1,24.0,,1.0,non_aligned_as_is,completed,24.0,0.2637646496295929,2.716000843996881,0.0032693069952074,valid,test,1.0,1,9.0,7131.0,7131.0,7131.0,predictions/beijing_24h_3h_station1013_seed2048_tst_d24_n1.npz,checkpoints/beijing_24h_3h_station1013_seed2048_tst_d24_n1.pt,training_logs/beijing_24h_3h_station1013_seed2048_tst_d24_n1.csv,0.1778396368026733,0.4217103707554194,0.2280057519674301,31.425737380981445,16.990922927856445,25.254159927368164,False,,,tst_d24_n1,31.86728858947754,30.800689697265625,test,2.029330154159859,,,
beijing_24h_3h_station1013_seed2049_tst_d24_n1,beijing,24,3,1013,2049,TST,tst_d24_n1,tst_d24_n1,24.0,,1.0,non_aligned_as_is,completed,29.0,0.2734443545341491,3.136114193999674,0.0031345579918706,valid,test,1.0,1,9.0,7131.0,7131.0,7131.0,predictions/beijing_24h_3h_station1013_seed2049_tst_d24_n1.npz,checkpoints/beijing_24h_3h_station1013_seed2049_tst_d24_n1.pt,training_logs/beijing_24h_3h_station1013_seed2049_tst_d24_n1.csv,0.1903229653835296,0.4362602037586395,0.2645770609378814,32.509986877441406,19.716209411621094,34.430870056152344,False,,,tst_d24_n1,31.86728858947754,30.58614921569824,test,6.2898982417693965,,,
beijing_24h_6h_station1013_seed2047_tst_d12_n1,beijing,24,6,1013,2047,TST,tst_d12_n1,tst_d12_n1,12.0,,1.0,non_aligned_as_is,completed,23.0,0.4771920442581177,2.59899837699777,0.0030848769965814,valid,test,1.0,1,9.0,3282.0,3282.0,3282.0,predictions/beijing_24h_6h_station1013_seed2047_tst_d12_n1.npz,checkpoints/beijing_24h_6h_station1013_seed2047_tst_d12_n1.pt,training_logs/beijing_24h_6h_station1013_seed2047_tst_d12_n1.csv,0.2945618629455566,0.542735536836825,0.3362684845924377,40.441349029541016,25.05668067932129,38.10346221923828,False,,,tst_d12_n1,40.594137827555336,40.0059814453125,test,1.0882562269436027,,,
beijing_24h_6h_station1013_seed2048_tst_d12_n1,beijing,24,6,1013,2048,TST,tst_d12_n1,tst_d12_n1,12.0,,1.0,non_aligned_as_is,completed,18.0,0.486098051071167,2.178831070996239,0.0030767449934501,valid,test,1.0,1,9.0,3282.0,3282.0,3282.0,predictions/beijing_24h_6h_station1013_seed2048_tst_d12_n1.npz,checkpoints/beijing_24h_6h_station1013_seed2048_tst_d12_n1.pt,training_logs/beijing_24h_6h_station1013_seed2048_tst_d12_n1.csv,0.2964476644992828,0.5444700767712426,0.3372646868228912,40.570594787597656,25.13091468811035,37.43365859985352,False,,,tst_d12_n1,40.594137827555336,39.84638977050781,test,1.817492177486709,,,
beijing_24h_6h_station1013_seed2049_tst_d12_n1,beijing,24,6,1013,2049,TST,tst_d12_n1,tst_d12_n1,12.0,,1.0,non_aligned_as_is,completed,34.0,0.4835658967494964,3.3412712850113166,0.0030553130054613,valid,test,1.0,1,9.0,3282.0,3282.0,3282.0,predictions/beijing_24h_6h_station1013_seed2049_tst_d12_n1.npz,checkpoints/beijing_24h_6h_station1013_seed2049_tst_d12_n1.pt,training_logs/beijing_24h_6h_station1013_seed2049_tst_d12_n1.csv,0.2993758022785187,0.5471524488463144,0.3533000349998474,40.770469665527344,26.32576942443848,40.82993698120117,False,,,tst_d12_n1,40.594137827555336,39.889404296875,test,2.2087704346123007,,,
beijing_24h_12h_station1013_seed2047_tst_d12_n1,beijing,24,12,1013,2047,TST,tst_d12_n1,tst_d12_n1,12.0,,1.0,non_aligned_as_is,completed,23.0,0.789034903049469,2.6163861749955686,0.0031470289977733,valid,test,1.0,1,9.0,5016.0,5016.0,5016.0,predictions/beijing_24h_12h_station1013_seed2047_tst_d12_n1.npz,checkpoints/beijing_24h_12h_station1013_seed2047_tst_d12_n1.pt,training_logs/beijing_24h_12h_station1013_seed2047_tst_d12_n1.csv,0.4700836837291717,0.6856264899558445,0.4538470804691314,51.08097457885742,33.81279754638672,47.61635208129883,False,,,tst_d12_n1,50.96212895711263,51.547157287597656,test,-0.9043810236503552,,,
beijing_24h_12h_station1013_seed2048_tst_d12_n1,beijing,24,12,1013,2048,TST,tst_d12_n1,tst_d12_n1,12.0,,1.0,non_aligned_as_is,completed,24.0,0.791965126991272,2.687320274999365,0.0031100390042411,valid,test,1.0,1,9.0,5016.0,5016.0,5016.0,predictions/beijing_24h_12h_station1013_seed2048_tst_d12_n1.npz,checkpoints/beijing_24h_12h_station1013_seed2048_tst_d12_n1.pt,training_logs/beijing_24h_12h_station1013_seed2048_tst_d12_n1.csv,0.4658820331096649,0.6825555165037236,0.4482961595058441,50.85218048095703,33.39924240112305,46.60920715332031,False,,,tst_d12_n1,50.96212895711263,51.48316192626953,test,-1.225607405808031,,,
beijing_24h_12h_station1013_seed2049_tst_d12_n1,beijing,24,12,1013,2049,TST,tst_d12_n1,tst_d12_n1,12.0,,1.0,non_aligned_as_is,completed,16.0,0.807949423789978,2.0168406300072093,0.0030989069928182,valid,test,1.0,1,9.0,5016.0,5016.0,5016.0,predictions/beijing_24h_12h_station1013_seed2049_tst_d12_n1.npz,checkpoints/beijing_24h_12h_station1013_seed2049_tst_d12_n1.pt,training_logs/beijing_24h_12h_station1013_seed2049_tst_d12_n1.csv,0.4677354097366333,0.6839118435417194,0.4538474380970001,50.95323181152344,33.81283187866211,47.27829360961914,False,,,tst_d12_n1,50.96212895711263,51.83720016479492,test,-1.7052779672923555,,,
beijing_24h_24h_station1013_seed2047_tst_d12_n1,beijing,24,24,1013,2047,TST,tst_d12_n1,tst_d12_n1,12.0,,1.0,non_aligned_as_is,completed,24.0,1.154373288154602,2.7463157210004283,0.0033430890034651,valid,test,1.0,1,9.0,8484.0,8484.0,8484.0,predictions/beijing_24h_24h_station1013_seed2047_tst_d12_n1.npz,checkpoints/beijing_24h_24h_station1013_seed2047_tst_d12_n1.pt,training_logs/beijing_24h_24h_station1013_seed2047_tst_d12_n1.csv,0.6653891205787659,0.8157138717582078,0.5720224380493164,60.754859924316406,42.60457992553711,57.02635192871094,False,,,tst_d12_n1,60.74946975708008,64.3062973022461,test,-5.522689887177881,,,
beijing_24h_24h_station1013_seed2048_tst_d12_n1,beijing,24,24,1013,2048,TST,tst_d12_n1,tst_d12_n1,12.0,,1.0,non_aligned_as_is,completed,37.0,1.1823655366897583,3.347114618998603,0.0032253800018224,valid,test,1.0,1,9.0,8484.0,8484.0,8484.0,predictions/beijing_24h_24h_station1013_seed2048_tst_d12_n1.npz,checkpoints/beijing_24h_24h_station1013_seed2048_tst_d12_n1.pt,training_logs/beijing_24h_24h_station1013_seed2048_tst_d12_n1.csv,0.6711159348487854,0.8192166592842124,0.5663884282112122,61.01575469970703,42.18495178222656,55.72379684448242,False,,,tst_d12_n1,60.74946975708008,64.8437271118164,test,-5.903381225308697,,,
beijing_24h_24h_station1013_seed2049_tst_d12_n1,beijing,24,24,1013,2049,TST,tst_d12_n1,tst_d12_n1,12.0,,1.0,non_aligned_as_is,completed,14.0,1.1888506412506104,1.865015597009915,0.0032922480022534,valid,test,1.0,1,9.0,8484.0,8484.0,8484.0,predictions/beijing_24h_24h_station1013_seed2049_tst_d12_n1.npz,checkpoints/beijing_24h_24h_station1013_seed2049_tst_d12_n1.pt,training_logs/beijing_24h_24h_station1013_seed2049_tst_d12_n1.csv,0.6593340635299683,0.8119938814609186,0.5692824125289917,60.4777946472168,42.40049743652344,56.28304290771485,False,,,tst_d12_n1,60.74946975708008,65.344482421875,test,-7.447740948100325,,,
beijing_48h_1h_station1013_seed2047_tst_d24_n1,beijing,48,1,1013,2047,TST,tst_d24_n1,tst_d24_n1,24.0,,1.0,non_aligned_as_is,completed,27.0,0.1092641800642013,5.640050379006425,0.0038471100124297,valid,test,1.0,1,9.0,7129.0,7129.0,7129.0,predictions/beijing_48h_1h_station1013_seed2047_tst_d24_n1.npz,checkpoints/beijing_48h_1h_station1013_seed2047_tst_d24_n1.pt,training_logs/beijing_48h_1h_station1013_seed2047_tst_d24_n1.csv,0.0875770151615142,0.2959341399053415,0.1513338834047317,22.041353225708008,11.271440505981444,20.624629974365234,False,,,tst_d24_n1,22.122881571451824,20.97980499267578,test,5.059857483912847,,,
beijing_48h_1h_station1013_seed2048_tst_d24_n1,beijing,48,1,1013,2048,TST,tst_d24_n1,tst_d24_n1,24.0,,1.0,non_aligned_as_is,completed,18.0,0.1098004430532455,3.288780449991464,0.0038203690055524,valid,test,1.0,1,9.0,7129.0,7129.0,7129.0,predictions/beijing_48h_1h_station1013_seed2048_tst_d24_n1.npz,checkpoints/beijing_48h_1h_station1013_seed2048_tst_d24_n1.pt,training_logs/beijing_48h_1h_station1013_seed2048_tst_d24_n1.csv,0.085818700492382,0.2929482897925538,0.1491520404815673,21.818967819213867,11.108935356140137,18.49327087402344,False,,,tst_d24_n1,22.122881571451824,20.553361892700195,test,6.157658942224771,,,
beijing_48h_1h_station1013_seed2049_tst_d24_n1,beijing,48,1,1013,2049,TST,tst_d24_n1,tst_d24_n1,24.0,,1.0,non_aligned_as_is,completed,19.0,0.115234188735485,3.42487493500812,0.0038073980103945,valid,test,1.0,1,9.0,7129.0,7129.0,7129.0,predictions/beijing_48h_1h_station1013_seed2049_tst_d24_n1.npz,checkpoints/beijing_48h_1h_station1013_seed2049_tst_d24_n1.pt,training_logs/beijing_48h_1h_station1013_seed2049_tst_d24_n1.csv,0.0913271456956863,0.3022038148264948,0.1694064140319824,22.5083236694336,12.61749267578125,24.757858276367188,False,,,tst_d24_n1,22.122881571451824,20.929391860961918,test,7.544088327844587,,,
beijing_48h_3h_station1013_seed2047_tst_d24_n1,beijing,48,3,1013,2047,TST,tst_d24_n1,tst_d24_n1,24.0,,1.0,non_aligned_as_is,completed,13.0,0.2753201425075531,3.239144524006406,0.0038269659999059,valid,test,1.0,1,9.0,9435.0,9435.0,9435.0,predictions/beijing_48h_3h_station1013_seed2047_tst_d24_n1.npz,checkpoints/beijing_48h_3h_station1013_seed2047_tst_d24_n1.pt,training_logs/beijing_48h_3h_station1013_seed2047_tst_d24_n1.csv,0.1841203570365905,0.4290924807504678,0.238699585199356,31.95661354064941,17.777122497558594,27.81195640563965,False,,,tst_d24_n1,32.40256309509277,31.18783187866211,test,2.4650051500158345,,,
beijing_48h_3h_station1013_seed2048_tst_d24_n1,beijing,48,3,1013,2048,TST,tst_d24_n1,tst_d24_n1,24.0,,1.0,non_aligned_as_is,completed,18.0,0.2765325307846069,3.303066831009346,0.0038640829880023,valid,test,1.0,1,9.0,9435.0,9435.0,9435.0,predictions/beijing_48h_3h_station1013_seed2048_tst_d24_n1.npz,checkpoints/beijing_48h_3h_station1013_seed2048_tst_d24_n1.pt,training_logs/beijing_48h_3h_station1013_seed2048_tst_d24_n1.csv,0.1927232444286346,0.4390025562894077,0.2486384361982345,32.694664001464844,18.517318725585938,30.09598159790039,False,,,tst_d24_n1,32.40256309509277,31.051353454589844,test,5.292234843412581,,,
beijing_48h_3h_station1013_seed2049_tst_d24_n1,beijing,48,3,1013,2049,TST,tst_d24_n1,tst_d24_n1,24.0,,1.0,non_aligned_as_is,completed,27.0,0.2798105180263519,4.410978650994366,0.003852463007206,valid,test,1.0,1,9.0,9435.0,9435.0,9435.0,predictions/beijing_48h_3h_station1013_seed2049_tst_d24_n1.npz,checkpoints/beijing_48h_3h_station1013_seed2049_tst_d24_n1.pt,training_logs/beijing_48h_3h_station1013_seed2049_tst_d24_n1.csv,0.1910967975854873,0.4371461970388023,0.253356009721756,32.55641174316406,18.86865997314453,30.642683029174805,False,,,tst_d24_n1,32.40256309509277,31.17669677734375,test,4.425468726446215,,,
beijing_48h_6h_station1013_seed2047_tst_d12_n1,beijing,48,6,1013,2047,TST,tst_d12_n1,tst_d12_n1,12.0,,1.0,non_aligned_as_is,completed,28.0,0.4880123436450958,4.4652045460097725,0.0032963590056169,valid,test,1.0,1,9.0,5298.0,5298.0,5298.0,predictions/beijing_48h_6h_station1013_seed2047_tst_d12_n1.npz,checkpoints/beijing_48h_6h_station1013_seed2047_tst_d12_n1.pt,training_logs/beijing_48h_6h_station1013_seed2047_tst_d12_n1.csv,0.3001096546649933,0.5478226489156808,0.3391482532024383,40.79903030395508,25.258028030395508,38.29701614379883,False,,,tst_d12_n1,41.189127604166664,41.811302185058594,test,-2.4210484443253106,,,
beijing_48h_6h_station1013_seed2048_tst_d12_n1,beijing,48,6,1013,2048,TST,tst_d12_n1,tst_d12_n1,12.0,,1.0,non_aligned_as_is,completed,35.0,0.4947605431079864,4.905685400008224,0.0033161269966512,valid,test,1.0,1,9.0,5298.0,5298.0,5298.0,predictions/beijing_48h_6h_station1013_seed2048_tst_d12_n1.npz,checkpoints/beijing_48h_6h_station1013_seed2048_tst_d12_n1.pt,training_logs/beijing_48h_6h_station1013_seed2048_tst_d12_n1.csv,0.3076447546482086,0.5546573308342806,0.3335081338882446,41.30804061889648,24.83797836303711,36.27381896972656,False,,,tst_d12_n1,41.189127604166664,41.650672912597656,test,-0.8226332727449079,,,
beijing_48h_6h_station1013_seed2049_tst_d12_n1,beijing,48,6,1013,2049,TST,tst_d12_n1,tst_d12_n1,12.0,,1.0,non_aligned_as_is,completed,11.0,0.5093930959701538,2.3898070979921613,0.0032737779984017,valid,test,1.0,1,9.0,5298.0,5298.0,5298.0,predictions/beijing_48h_6h_station1013_seed2049_tst_d12_n1.npz,checkpoints/beijing_48h_6h_station1013_seed2049_tst_d12_n1.pt,training_logs/beijing_48h_6h_station1013_seed2049_tst_d12_n1.csv,0.3099170923233032,0.5567019780127453,0.3495742380619049,41.46031188964844,26.034502029418945,39.12834930419922,False,,,tst_d12_n1,41.189127604166664,42.05476379394531,test,-1.4135185902113165,,,
beijing_48h_12h_station1013_seed2047_tst_d12_n1,beijing,48,12,1013,2047,TST,tst_d12_n1,tst_d12_n1,12.0,,1.0,non_aligned_as_is,completed,34.0,0.7984257340431213,4.898129487992264,0.003423392001423,valid,test,1.0,1,9.0,8760.0,8760.0,8760.0,predictions/beijing_48h_12h_station1013_seed2047_tst_d12_n1.npz,checkpoints/beijing_48h_12h_station1013_seed2047_tst_d12_n1.pt,training_logs/beijing_48h_12h_station1013_seed2047_tst_d12_n1.csv,0.4735147356986999,0.6881240699893443,0.4500899910926819,51.23956298828125,33.51491165161133,47.45644760131836,False,,,tst_d12_n1,51.979618072509766,57.32188415527344,test,-10.610818636938738,,,
beijing_48h_12h_station1013_seed2048_tst_d12_n1,beijing,48,12,1013,2048,TST,tst_d12_n1,tst_d12_n1,12.0,,1.0,non_aligned_as_is,completed,26.0,0.8187569379806519,4.180480173003161,0.0032795969891594,valid,test,1.0,1,9.0,8760.0,8760.0,8760.0,predictions/beijing_48h_12h_station1013_seed2048_tst_d12_n1.npz,checkpoints/beijing_48h_12h_station1013_seed2048_tst_d12_n1.pt,training_logs/beijing_48h_12h_station1013_seed2048_tst_d12_n1.csv,0.4898414611816406,0.6998867488255801,0.4551430940628052,52.11544418334961,33.89117431640625,46.80475234985352,False,,,tst_d12_n1,51.979618072509766,52.859134674072266,test,-1.4069289921377413,,,
beijing_48h_12h_station1013_seed2049_tst_d12_n1,beijing,48,12,1013,2049,TST,tst_d12_n1,tst_d12_n1,12.0,,1.0,non_aligned_as_is,completed,35.0,0.804250955581665,4.900492433007457,0.0032955160131677,valid,test,1.0,1,9.0,8760.0,8760.0,8760.0,predictions/beijing_48h_12h_station1013_seed2049_tst_d12_n1.npz,checkpoints/beijing_48h_12h_station1013_seed2049_tst_d12_n1.pt,training_logs/beijing_48h_12h_station1013_seed2049_tst_d12_n1.csv,0.4986862242221832,0.7061771903865086,0.4712354242801666,52.58384704589844,35.089454650878906,49.107547760009766,False,,,tst_d12_n1,51.979618072509766,55.133583068847656,test,-4.624651403057288,,,
beijing_48h_24h_station1013_seed2047_tst_d24_n1,beijing,48,24,1013,2047,TST,tst_d24_n1,tst_d24_n1,24.0,,1.0,non_aligned_as_is,completed,16.0,1.165231227874756,3.669130137001048,0.0040352350042667,valid,test,1.0,1,9.0,33648.0,33648.0,33648.0,predictions/beijing_48h_24h_station1013_seed2047_tst_d24_n1.npz,checkpoints/beijing_48h_24h_station1013_seed2047_tst_d24_n1.pt,training_logs/beijing_48h_24h_station1013_seed2047_tst_d24_n1.csv,0.6982696652412415,0.835625313906443,0.5774798393249512,62.2034912109375,42.987281799316406,56.69511032104492,False,,,tst_d24_n1,62.572444915771484,69.85392761230469,test,-10.952049029838047,,,
beijing_48h_24h_station1013_seed2048_tst_d24_n1,beijing,48,24,1013,2048,TST,tst_d24_n1,tst_d24_n1,24.0,,1.0,non_aligned_as_is,completed,28.0,1.1244962215423584,4.605974670994328,0.0040013109974097,valid,test,1.0,1,9.0,33648.0,33648.0,33648.0,predictions/beijing_48h_24h_station1013_seed2048_tst_d24_n1.npz,checkpoints/beijing_48h_24h_station1013_seed2048_tst_d24_n1.pt,training_logs/beijing_48h_24h_station1013_seed2048_tst_d24_n1.csv,0.6677694916725159,0.8171716415004352,0.5622314214706421,60.82980728149414,41.85219955444336,55.20777130126953,False,,,tst_d24_n1,62.572444915771484,68.12368774414062,test,-10.706819762959524,,,
beijing_48h_24h_station1013_seed2049_tst_d24_n1,beijing,48,24,1013,2049,TST,tst_d24_n1,tst_d24_n1,24.0,,1.0,non_aligned_as_is,completed,35.0,1.1148440837860107,5.111759606006672,0.0040277669904753,valid,test,1.0,1,9.0,33648.0,33648.0,33648.0,predictions/beijing_48h_24h_station1013_seed2049_tst_d24_n1.npz,checkpoints/beijing_48h_24h_station1013_seed2049_tst_d24_n1.pt,training_logs/beijing_48h_24h_station1013_seed2049_tst_d24_n1.csv,0.7550711631774902,0.8689483086913112,0.6005443334579468,64.68403625488281,44.704193115234375,57.34855651855469,False,,,tst_d24_n1,62.572444915771484,70.52690887451172,test,-8.284600463668568,,,
beijing_72h_1h_station1013_seed2047_tst_d24_n1,beijing,72,1,1013,2047,TST,tst_d24_n1,tst_d24_n1,24.0,,1.0,non_aligned_as_is,completed,30.0,0.1154012531042099,7.325206932000583,0.0046698189980816,valid,test,1.0,1,9.0,8281.0,8281.0,8281.0,predictions/beijing_72h_1h_station1013_seed2047_tst_d24_n1.npz,checkpoints/beijing_72h_1h_station1013_seed2047_tst_d24_n1.pt,training_logs/beijing_72h_1h_station1013_seed2047_tst_d24_n1.csv,0.0920843482017517,0.3034540297998227,0.157780721783638,22.588951110839844,11.745109558105469,20.35968017578125,False,,,tst_d24_n1,22.631834030151367,21.06454849243164,test,7.236816013198248,,,
beijing_72h_1h_station1013_seed2048_tst_d24_n1,beijing,72,1,1013,2048,TST,tst_d24_n1,tst_d24_n1,24.0,,1.0,non_aligned_as_is,completed,27.0,0.1179572120308876,6.124987952003721,0.0046445540065178,valid,test,1.0,1,9.0,8281.0,8281.0,8281.0,predictions/beijing_72h_1h_station1013_seed2048_tst_d24_n1.npz,checkpoints/beijing_72h_1h_station1013_seed2048_tst_d24_n1.pt,training_logs/beijing_72h_1h_station1013_seed2048_tst_d24_n1.csv,0.0903384238481521,0.3005635105067682,0.1600363105535507,22.3737850189209,11.913015365600586,20.507871627807617,False,,,tst_d24_n1,22.631834030151367,20.968732833862305,test,6.700701450063696,,,
beijing_72h_1h_station1013_seed2049_tst_d24_n1,beijing,72,1,1013,2049,TST,tst_d24_n1,tst_d24_n1,24.0,,1.0,non_aligned_as_is,completed,24.0,0.1200254410505294,6.120175850999658,0.0048485330044059,valid,test,1.0,1,9.0,8281.0,8281.0,8281.0,predictions/beijing_72h_1h_station1013_seed2049_tst_d24_n1.npz,checkpoints/beijing_72h_1h_station1013_seed2049_tst_d24_n1.pt,training_logs/beijing_72h_1h_station1013_seed2049_tst_d24_n1.csv,0.0949088111519813,0.3080727367878913,0.1755065321922302,22.93276596069336,13.064610481262209,25.48891830444336,False,,,tst_d24_n1,22.631834030151367,21.28269386291504,test,7.75311672670141,,,
beijing_72h_3h_station1013_seed2047_tst_d24_n1,beijing,72,3,1013,2047,TST,tst_d24_n1,tst_d24_n1,24.0,,1.0,non_aligned_as_is,completed,19.0,0.284379631280899,5.739832532999571,0.0045514660014305,valid,test,1.0,1,9.0,11739.0,11739.0,11739.0,predictions/beijing_72h_3h_station1013_seed2047_tst_d24_n1.npz,checkpoints/beijing_72h_3h_station1013_seed2047_tst_d24_n1.pt,training_logs/beijing_72h_3h_station1013_seed2047_tst_d24_n1.csv,0.1911131292581558,0.4371648765147491,0.2471957504749298,32.540130615234375,18.39988136291504,29.64414978027344,False,,,tst_d24_n1,32.740516662597656,31.00885581970215,test,4.938185415275136,,,
beijing_72h_3h_station1013_seed2048_tst_d24_n1,beijing,72,3,1013,2048,TST,tst_d24_n1,tst_d24_n1,24.0,,1.0,non_aligned_as_is,completed,13.0,0.292576253414154,3.918777899001725,0.0046598670014645,valid,test,1.0,1,9.0,11739.0,11739.0,11739.0,predictions/beijing_72h_3h_station1013_seed2048_tst_d24_n1.npz,checkpoints/beijing_72h_3h_station1013_seed2048_tst_d24_n1.pt,training_logs/beijing_72h_3h_station1013_seed2048_tst_d24_n1.csv,0.1914999186992645,0.4376070368484315,0.2549379765987396,32.57304000854492,18.97616958618164,32.44857406616211,False,,,tst_d24_n1,32.740516662597656,31.21354103088379,test,4.355478208371156,,,
beijing_72h_3h_station1013_seed2049_tst_d24_n1,beijing,72,3,1013,2049,TST,tst_d24_n1,tst_d24_n1,24.0,,1.0,non_aligned_as_is,completed,17.0,0.2998259365558624,4.75247766400571,0.0046048169897403,valid,test,1.0,1,9.0,11739.0,11739.0,11739.0,predictions/beijing_72h_3h_station1013_seed2049_tst_d24_n1.npz,checkpoints/beijing_72h_3h_station1013_seed2049_tst_d24_n1.pt,training_logs/beijing_72h_3h_station1013_seed2049_tst_d24_n1.csv,0.1978462487459182,0.4447991105498282,0.2680428326129913,33.10837936401367,19.95162010192871,34.377540588378906,False,,,tst_d24_n1,32.740516662597656,31.59510612487793,test,4.789581124224152,,,
beijing_72h_6h_station1013_seed2047_tst_d24_n1,beijing,72,6,1013,2047,TST,tst_d24_n1,tst_d24_n1,24.0,,1.0,non_aligned_as_is,completed,29.0,0.495311439037323,6.759217646002071,0.004870970005868,valid,test,1.0,1,9.0,16926.0,16926.0,16926.0,predictions/beijing_72h_6h_station1013_seed2047_tst_d24_n1.npz,checkpoints/beijing_72h_6h_station1013_seed2047_tst_d24_n1.pt,training_logs/beijing_72h_6h_station1013_seed2047_tst_d24_n1.csv,0.3024397194385528,0.5499451967592343,0.331819474697113,40.932159423828125,24.697166442871094,37.9130744934082,False,,,tst_d24_n1,41.24640909830729,41.74861526489258,test,-1.9556477164190655,,,
beijing_72h_6h_station1013_seed2048_tst_d24_n1,beijing,72,6,1013,2048,TST,tst_d24_n1,tst_d24_n1,24.0,,1.0,non_aligned_as_is,completed,20.0,0.5005917549133301,5.357092869002372,0.004648914997233,valid,test,1.0,1,9.0,16926.0,16926.0,16926.0,predictions/beijing_72h_6h_station1013_seed2048_tst_d24_n1.npz,checkpoints/beijing_72h_6h_station1013_seed2048_tst_d24_n1.pt,training_logs/beijing_72h_6h_station1013_seed2048_tst_d24_n1.csv,0.3039617836475372,0.5513272926742674,0.3376982510089874,41.03502655029297,25.13471794128418,39.07905578613281,False,,,tst_d24_n1,41.24640909830729,41.156280517578125,test,-0.2946183808650246,,,
beijing_72h_6h_station1013_seed2049_tst_d24_n1,beijing,72,6,1013,2049,TST,tst_d24_n1,tst_d24_n1,24.0,,1.0,non_aligned_as_is,completed,21.0,0.5060783624649048,5.53735246299766,0.0046765720035182,valid,test,1.0,1,9.0,16926.0,16926.0,16926.0,predictions/beijing_72h_6h_station1013_seed2049_tst_d24_n1.npz,checkpoints/beijing_72h_6h_station1013_seed2049_tst_d24_n1.pt,training_logs/beijing_72h_6h_station1013_seed2049_tst_d24_n1.csv,0.3149785101413727,0.5612294630018747,0.3468035161495209,41.77204132080078,25.81241607666016,38.16328430175781,False,,,tst_d24_n1,41.24640909830729,41.276737213134766,test,1.1999594471541801,,,
beijing_72h_12h_station1013_seed2047_tst_d8_n1,beijing,72,12,1013,2047,TST,tst_d8_n1,tst_d8_n1,8.0,,1.0,non_aligned_as_is,completed,25.0,0.8333919048309326,6.082383122993633,0.0033369409939041,valid,test,1.0,1,9.0,8084.0,8084.0,8084.0,predictions/beijing_72h_12h_station1013_seed2047_tst_d8_n1.npz,checkpoints/beijing_72h_12h_station1013_seed2047_tst_d8_n1.pt,training_logs/beijing_72h_12h_station1013_seed2047_tst_d8_n1.csv,0.4766362905502319,0.6903885069656301,0.4502050280570984,51.38373565673828,33.507530212402344,46.587501525878906,False,,,tst_d8_n1,51.41590245564779,56.09211349487305,test,-8.394010396069534,,,
beijing_72h_12h_station1013_seed2048_tst_d8_n1,beijing,72,12,1013,2048,TST,tst_d8_n1,tst_d8_n1,8.0,,1.0,non_aligned_as_is,completed,25.0,0.8417211174964905,5.51416079000046,0.0032866340043256,valid,test,1.0,1,9.0,8084.0,8084.0,8084.0,predictions/beijing_72h_12h_station1013_seed2048_tst_d8_n1.npz,checkpoints/beijing_72h_12h_station1013_seed2048_tst_d8_n1.pt,training_logs/beijing_72h_12h_station1013_seed2048_tst_d8_n1.csv,0.4691307544708252,0.684931204188293,0.4480485916137695,50.9775619506836,33.34703826904297,47.69221878051758,False,,,tst_d8_n1,51.41590245564779,55.03749084472656,test,-7.376660584867425,,,
beijing_72h_12h_station1013_seed2049_tst_d8_n1,beijing,72,12,1013,2049,TST,tst_d8_n1,tst_d8_n1,8.0,,1.0,non_aligned_as_is,completed,22.0,0.8534470200538635,5.130952840001555,0.0034291479969397,valid,test,1.0,1,9.0,8084.0,8084.0,8084.0,predictions/beijing_72h_12h_station1013_seed2049_tst_d8_n1.npz,checkpoints/beijing_72h_12h_station1013_seed2049_tst_d8_n1.pt,training_logs/beijing_72h_12h_station1013_seed2049_tst_d8_n1.csv,0.4860075116157532,0.6971423897710949,0.4553030133247375,51.88640975952149,33.886962890625,47.29965972900391,False,,,tst_d8_n1,51.41590245564779,54.70387268066406,test,-5.15039024309964,,,
beijing_72h_24h_station1013_seed2047_tst_d8_n1,beijing,72,24,1013,2047,TST,tst_d8_n1,tst_d8_n1,8.0,,1.0,non_aligned_as_is,completed,28.0,1.2429276704788208,6.027735854004277,0.0034204609983135,valid,test,1.0,1,9.0,15008.0,15008.0,15008.0,predictions/beijing_72h_24h_station1013_seed2047_tst_d8_n1.npz,checkpoints/beijing_72h_24h_station1013_seed2047_tst_d8_n1.pt,training_logs/beijing_72h_24h_station1013_seed2047_tst_d8_n1.csv,0.6543735861778259,0.8089336104884169,0.5547023415565491,60.19343948364258,41.27587127685547,55.20741271972656,False,,,tst_d8_n1,60.63758341471354,65.6296157836914,test,-8.283114620030561,,,
beijing_72h_24h_station1013_seed2048_tst_d8_n1,beijing,72,24,1013,2048,TST,tst_d8_n1,tst_d8_n1,8.0,,1.0,non_aligned_as_is,completed,30.0,1.2003792524337769,5.42305337000289,0.0033224159997189,valid,test,1.0,1,9.0,15008.0,15008.0,15008.0,predictions/beijing_72h_24h_station1013_seed2048_tst_d8_n1.npz,checkpoints/beijing_72h_24h_station1013_seed2048_tst_d8_n1.pt,training_logs/beijing_72h_24h_station1013_seed2048_tst_d8_n1.csv,0.676653265953064,0.822589366545097,0.5640988945960999,61.20957565307617,41.97508239746094,57.421417236328125,False,,,tst_d8_n1,60.63758341471354,64.7675552368164,test,-5.493459758872819,,,
beijing_72h_24h_station1013_seed2049_tst_d8_n1,beijing,72,24,1013,2049,TST,tst_d8_n1,tst_d8_n1,8.0,,1.0,non_aligned_as_is,completed,24.0,1.238064885139465,5.449141653007246,0.0033128029899671,valid,test,1.0,1,9.0,15008.0,15008.0,15008.0,predictions/beijing_72h_24h_station1013_seed2049_tst_d8_n1.npz,checkpoints/beijing_72h_24h_station1013_seed2049_tst_d8_n1.pt,training_logs/beijing_72h_24h_station1013_seed2049_tst_d8_n1.csv,0.6612687110900879,0.8131843032733034,0.5622605681419373,60.50973510742188,41.83829116821289,56.18838119506836,False,,,tst_d8_n1,60.63758341471354,68.50748443603516,test,-11.674270912809101,,,
beijing_168h_1h_station1013_seed2047_tst_d24_n1,beijing,168,1,1013,2047,TST,tst_d24_n1,tst_d24_n1,24.0,,1.0,non_aligned_as_is,completed,30.0,0.1165271252393722,15.323651769998833,0.0130884350073756,valid,test,1.0,1,9.0,12889.0,12889.0,12889.0,predictions/beijing_168h_1h_station1013_seed2047_tst_d24_n1.npz,checkpoints/beijing_168h_1h_station1013_seed2047_tst_d24_n1.pt,training_logs/beijing_168h_1h_station1013_seed2047_tst_d24_n1.csv,0.0948754921555519,0.3080186555316933,0.1718791723251342,22.89555931091309,12.77607536315918,23.40145492553711,False,,,tst_d24_n1,23.1052188873291,21.871671676635746,test,4.681341460383681,,,
beijing_168h_1h_station1013_seed2048_tst_d24_n1,beijing,168,1,1013,2048,TST,tst_d24_n1,tst_d24_n1,24.0,,1.0,non_aligned_as_is,completed,22.0,0.1185407117009162,13.759772414996403,0.0129948829999193,valid,test,1.0,1,9.0,12889.0,12889.0,12889.0,predictions/beijing_168h_1h_station1013_seed2048_tst_d24_n1.npz,checkpoints/beijing_168h_1h_station1013_seed2048_tst_d24_n1.pt,training_logs/beijing_168h_1h_station1013_seed2048_tst_d24_n1.csv,0.0951375812292099,0.3084438056262597,0.1710720211267471,22.92716217041016,12.716079711914062,23.28677558898925,False,,,tst_d24_n1,23.1052188873291,21.76912498474121,test,5.31963129652965,,,
beijing_168h_1h_station1013_seed2049_tst_d24_n1,beijing,168,1,1013,2049,TST,tst_d24_n1,tst_d24_n1,24.0,,1.0,non_aligned_as_is,completed,18.0,0.123007446527481,11.811783723998817,0.0129836440028157,valid,test,1.0,1,9.0,12889.0,12889.0,12889.0,predictions/beijing_168h_1h_station1013_seed2049_tst_d24_n1.npz,checkpoints/beijing_168h_1h_station1013_seed2049_tst_d24_n1.pt,training_logs/beijing_168h_1h_station1013_seed2049_tst_d24_n1.csv,0.0998909547924995,0.3160553033766393,0.1861146688461303,23.492935180664062,13.834223747253418,26.03096389770508,False,,,tst_d24_n1,23.1052188873291,22.61062812805176,test,3.9021784251878935,,,
beijing_168h_3h_station1013_seed2047_tst_d24_n1,beijing,168,3,1013,2047,TST,tst_d24_n1,tst_d24_n1,24.0,,1.0,non_aligned_as_is,completed,22.0,0.277254581451416,14.428201188988169,0.0131312910089036,valid,test,1.0,1,9.0,20955.0,20955.0,20955.0,predictions/beijing_168h_3h_station1013_seed2047_tst_d24_n1.npz,checkpoints/beijing_168h_3h_station1013_seed2047_tst_d24_n1.pt,training_logs/beijing_168h_3h_station1013_seed2047_tst_d24_n1.csv,0.200727105140686,0.4480257862452629,0.2712862193584442,33.302040100097656,20.16487693786621,33.979469299316406,False,,,tst_d24_n1,33.07432301839193,31.7686710357666,test,4.826670472317582,,,
beijing_168h_3h_station1013_seed2048_tst_d24_n1,beijing,168,3,1013,2048,TST,tst_d24_n1,tst_d24_n1,24.0,,1.0,non_aligned_as_is,completed,28.0,0.2776388823986053,14.791837998011031,0.0131159049924463,valid,test,1.0,1,9.0,20955.0,20955.0,20955.0,predictions/beijing_168h_3h_station1013_seed2048_tst_d24_n1.npz,checkpoints/beijing_168h_3h_station1013_seed2048_tst_d24_n1.pt,training_logs/beijing_168h_3h_station1013_seed2048_tst_d24_n1.csv,0.1964299529790878,0.4432041888104035,0.2645899057388305,32.94364929199219,19.667133331298828,32.79972076416016,False,,,tst_d24_n1,33.07432301839193,31.73417854309082,test,3.8112558901093525,,,
beijing_168h_3h_station1013_seed2049_tst_d24_n1,beijing,168,3,1013,2049,TST,tst_d24_n1,tst_d24_n1,24.0,,1.0,non_aligned_as_is,completed,28.0,0.2804675102233886,14.770199253995088,0.0132074379944242,valid,test,1.0,1,9.0,20955.0,20955.0,20955.0,predictions/beijing_168h_3h_station1013_seed2049_tst_d24_n1.npz,checkpoints/beijing_168h_3h_station1013_seed2049_tst_d24_n1.pt,training_logs/beijing_168h_3h_station1013_seed2049_tst_d24_n1.csv,0.1968312561511993,0.4436566872607685,0.2763845026493072,32.97727966308594,20.543832778930664,34.8758659362793,False,,,tst_d24_n1,33.07432301839193,32.07843780517578,test,2.8020125648547953,,,
beijing_168h_6h_station1013_seed2047_tst_d12_n1,beijing,168,6,1013,2047,TST,tst_d12_n1,tst_d12_n1,12.0,,1.0,non_aligned_as_is,completed,28.0,0.4925747513771057,13.416710948004038,0.0103697189915692,valid,test,1.0,1,9.0,15378.0,15378.0,15378.0,predictions/beijing_168h_6h_station1013_seed2047_tst_d12_n1.npz,checkpoints/beijing_168h_6h_station1013_seed2047_tst_d12_n1.pt,training_logs/beijing_168h_6h_station1013_seed2047_tst_d12_n1.csv,0.3208468854427337,0.5664334783915352,0.3661548495292663,42.10335922241211,27.216522216796875,41.85431671142578,False,,,tst_d12_n1,41.8720458984375,42.01683807373047,test,0.20592018021397687,,,
beijing_168h_6h_station1013_seed2048_tst_d12_n1,beijing,168,6,1013,2048,TST,tst_d12_n1,tst_d12_n1,12.0,,1.0,non_aligned_as_is,completed,29.0,0.5012295842170715,13.412536780000664,0.0101956909929867,valid,test,1.0,1,9.0,15378.0,15378.0,15378.0,predictions/beijing_168h_6h_station1013_seed2048_tst_d12_n1.npz,checkpoints/beijing_168h_6h_station1013_seed2048_tst_d12_n1.pt,training_logs/beijing_168h_6h_station1013_seed2048_tst_d12_n1.csv,0.3087137937545776,0.5556201883972338,0.35262131690979,41.299598693847656,26.210567474365234,40.6812858581543,False,,,tst_d12_n1,41.8720458984375,42.51594543457031,test,-2.860918952383516,,,
beijing_168h_6h_station1013_seed2049_tst_d12_n1,beijing,168,6,1013,2049,TST,tst_d12_n1,tst_d12_n1,12.0,,1.0,non_aligned_as_is,completed,30.0,0.513526439666748,13.4381855380052,0.0101898249995429,valid,test,1.0,1,9.0,15378.0,15378.0,15378.0,predictions/beijing_168h_6h_station1013_seed2049_tst_d12_n1.npz,checkpoints/beijing_168h_6h_station1013_seed2049_tst_d12_n1.pt,training_logs/beijing_168h_6h_station1013_seed2049_tst_d12_n1.csv,0.3204414546489715,0.566075484939042,0.3704549968242645,42.076751708984375,27.5361557006836,41.803829193115234,False,,,tst_d12_n1,41.8720458984375,42.00048828125,test,0.18157747887045583,,,
beijing_168h_6h_station1013_seed2050_tst_d12_n1,beijing,168,6,1013,2050,TST,tst_d12_n1,tst_d12_n1,12.0,,1.0,non_aligned_as_is,completed,29.0,0.4985228478908539,13.447700998003713,0.0101627389958594,valid,test,1.0,1,9.0,15378.0,15378.0,15378.0,predictions/beijing_168h_6h_station1013_seed2050_tst_d12_n1.npz,checkpoints/beijing_168h_6h_station1013_seed2050_tst_d12_n1.pt,training_logs/beijing_168h_6h_station1013_seed2050_tst_d12_n1.csv,0.3199678957462311,0.5656570478180495,0.3610121607780456,42.04565048217773,26.834264755249023,41.585411071777344,False,,,tst_d12_n1,41.8720458984375,42.20603942871094,test,-0.38001420816591613,,,
beijing_168h_6h_station1013_seed2051_tst_d12_n1,beijing,168,6,1013,2051,TST,tst_d12_n1,tst_d12_n1,12.0,,1.0,non_aligned_as_is,completed,30.0,0.5226661562919617,13.411454077009694,0.0101808799954596,valid,test,1.0,1,9.0,15378.0,15378.0,15378.0,predictions/beijing_168h_6h_station1013_seed2051_tst_d12_n1.npz,checkpoints/beijing_168h_6h_station1013_seed2051_tst_d12_n1.pt,training_logs/beijing_168h_6h_station1013_seed2051_tst_d12_n1.csv,0.3167679011821747,0.5628213759108432,0.3600543737411499,41.834869384765625,26.76306915283203,43.90684509277344,False,,,tst_d12_n1,41.8720458984375,41.76411056518555,test,0.16942494075059386,,,
beijing_168h_12h_station1013_seed2047_tst_d8_n1,beijing,168,12,1013,2047,TST,tst_d8_n1,tst_d8_n1,8.0,,1.0,non_aligned_as_is,completed,29.0,0.814148485660553,13.204362740987564,0.0096715360123198,valid,test,1.0,1,9.0,18068.0,18068.0,18068.0,predictions/beijing_168h_12h_station1013_seed2047_tst_d8_n1.npz,checkpoints/beijing_168h_12h_station1013_seed2047_tst_d8_n1.pt,training_logs/beijing_168h_12h_station1013_seed2047_tst_d8_n1.csv,0.5300528407096863,0.7280472791719548,0.4977034032344818,54.122833251953125,36.9991340637207,52.22079849243164,False,,,tst_d8_n1,53.35490926106771,54.23294448852539,test,-0.2030338525977747,,,
beijing_168h_12h_station1013_seed2048_tst_d8_n1,beijing,168,12,1013,2048,TST,tst_d8_n1,tst_d8_n1,8.0,,1.0,non_aligned_as_is,completed,28.0,0.8284607529640198,12.5888961719902,0.0095992790011223,valid,test,1.0,1,9.0,18068.0,18068.0,18068.0,predictions/beijing_168h_12h_station1013_seed2048_tst_d8_n1.npz,checkpoints/beijing_168h_12h_station1013_seed2048_tst_d8_n1.pt,training_logs/beijing_168h_12h_station1013_seed2048_tst_d8_n1.csv,0.5054486393928528,0.7109491116759713,0.4777409732341766,52.85176086425781,35.515132904052734,52.03839111328125,False,,,tst_d8_n1,53.35490926106771,55.16896057128906,test,-4.200187357231384,,,
beijing_168h_12h_station1013_seed2049_tst_d8_n1,beijing,168,12,1013,2049,TST,tst_d8_n1,tst_d8_n1,8.0,,1.0,non_aligned_as_is,completed,16.0,0.8385635018348694,9.24259767800686,0.0095652820018585,valid,test,1.0,1,9.0,18068.0,18068.0,18068.0,predictions/beijing_168h_12h_station1013_seed2049_tst_d8_n1.npz,checkpoints/beijing_168h_12h_station1013_seed2049_tst_d8_n1.pt,training_logs/beijing_168h_12h_station1013_seed2049_tst_d8_n1.csv,0.5100182294845581,0.7141556059323193,0.4826759099960327,53.09013366699219,35.88199615478516,52.25085067749024,False,,,tst_d8_n1,53.35490926106771,58.07843780517578,test,-8.588908942277113,,,
beijing_168h_24h_station1013_seed2047_tst_d12_n1,beijing,168,24,1013,2047,TST,tst_d12_n1,tst_d12_n1,12.0,,1.0,non_aligned_as_is,completed,16.0,1.2156271934509275,9.876944233008544,0.0103912899940041,valid,test,1.0,1,9.0,51684.0,51684.0,51684.0,predictions/beijing_168h_24h_station1013_seed2047_tst_d12_n1.npz,checkpoints/beijing_168h_24h_station1013_seed2047_tst_d12_n1.pt,training_logs/beijing_168h_24h_station1013_seed2047_tst_d12_n1.csv,0.7194221019744873,0.8481875393888355,0.6058257818222046,63.089237213134766,45.06207275390625,59.86547470092773,False,,,tst_d12_n1,62.8662109375,67.65840148925781,test,-6.753284404522175,,,
beijing_168h_24h_station1013_seed2048_tst_d12_n1,beijing,168,24,1013,2048,TST,tst_d12_n1,tst_d12_n1,12.0,,1.0,non_aligned_as_is,completed,10.0,1.2286728620529177,7.1945061790029285,0.0103029220044845,valid,test,1.0,1,9.0,51684.0,51684.0,51684.0,predictions/beijing_168h_24h_station1013_seed2048_tst_d12_n1.npz,checkpoints/beijing_168h_24h_station1013_seed2048_tst_d12_n1.pt,training_logs/beijing_168h_24h_station1013_seed2048_tst_d12_n1.csv,0.7141001224517822,0.8450444499857875,0.6022987365722656,62.85544967651367,44.79972457885742,62.70405578613281,False,,,tst_d12_n1,62.8662109375,72.7971420288086,test,-13.656706946490587,,,
beijing_168h_24h_station1013_seed2049_tst_d12_n1,beijing,168,24,1013,2049,TST,tst_d12_n1,tst_d12_n1,12.0,,1.0,non_aligned_as_is,completed,7.0,1.3116426467895508,5.869705913995858,0.0102886120002949,valid,test,1.0,1,9.0,51684.0,51684.0,51684.0,predictions/beijing_168h_24h_station1013_seed2049_tst_d12_n1.npz,checkpoints/beijing_168h_24h_station1013_seed2049_tst_d12_n1.pt,training_logs/beijing_168h_24h_station1013_seed2049_tst_d12_n1.csv,0.7095289826393127,0.8423354335651047,0.5893825888633728,62.65394592285156,43.83900451660156,61.45826721191406,False,,,tst_d12_n1,62.8662109375,66.645751953125,test,-5.989588103201322,,,
beijing_24h_1h_station1013_seed2047_center_lstm_h48,beijing,24,1,1013,2047,GRU-LSTM,,center_lstm_h48,,,,,completed,37.0,0.0969415828585624,3.327359459000036,0.0065423140003986,,test,,1,9.0,9841.0,9841.0,9841.0,predictions/beijing_24h_1h_station1013_seed2047_center_lstm_h48.npz,checkpoints/beijing_24h_1h_station1013_seed2047_center_lstm_h48.pt,training_logs/beijing_24h_1h_station1013_seed2047_center_lstm_h48.csv,0.0775724723935127,0.2785183519869251,0.1375208050012588,20.75510597229004,10.248011589050291,17.78013801574707,False,,,center_lstm_h48,0.09734043776988978,20.988380432128903,validation,-1.1114457382417573,48.0,center_lstm_h48,experiments/results/baseline_v2/reused/backbone_upgrade/experiments/results/trainable_matched/predictions/beijing_24h_1h_station1013_seed2047_center_lstm_h48.npz
beijing_24h_1h_station1013_seed2048_center_lstm_h48,beijing,24,1,1013,2048,GRU-LSTM,,center_lstm_h48,,,,,completed,37.0,0.0968827009201049,3.345397385999604,0.0065683169996191,,test,,1,9.0,9841.0,9841.0,9841.0,predictions/beijing_24h_1h_station1013_seed2048_center_lstm_h48.npz,checkpoints/beijing_24h_1h_station1013_seed2048_center_lstm_h48.pt,training_logs/beijing_24h_1h_station1013_seed2048_center_lstm_h48.csv,0.0768781974911689,0.2772691787616665,0.1321766376495361,20.66202163696289,9.849764823913574,16.11741065979004,False,,,center_lstm_h48,0.09734043776988978,20.778905868530277,validation,-0.5625138893593427,48.0,center_lstm_h48,experiments/results/baseline_v2/reused/backbone_upgrade/experiments/results/trainable_matched/predictions/beijing_24h_1h_station1013_seed2048_center_lstm_h48.npz
beijing_24h_1h_station1013_seed2049_center_lstm_h48,beijing,24,1,1013,2049,GRU-LSTM,,center_lstm_h48,,,,,completed,39.0,0.0966091826558113,3.3520249880002666,0.0064830789997358,,test,,1,9.0,9841.0,9841.0,9841.0,predictions/beijing_24h_1h_station1013_seed2049_center_lstm_h48.npz,checkpoints/beijing_24h_1h_station1013_seed2049_center_lstm_h48.pt,training_logs/beijing_24h_1h_station1013_seed2049_center_lstm_h48.csv,0.0769723132252693,0.2774388459197257,0.1325753033161163,20.67466354370117,9.879473686218262,16.29241180419922,False,,,center_lstm_h48,0.09734043776988978,20.896221160888672,validation,-1.0602759967060054,48.0,center_lstm_h48,experiments/results/baseline_v2/reused/backbone_upgrade/experiments/results/trainable_matched/predictions/beijing_24h_1h_station1013_seed2049_center_lstm_h48.npz
beijing_24h_1h_station1013_seed2050_center_lstm_h48,beijing,24,1,1013,2050,GRU-LSTM,,center_lstm_h48,,,,,completed,32.0,0.0987051054835319,3.3224018059991067,0.0065446049993624,,test,,1,9.0,9841.0,9841.0,9841.0,predictions/beijing_24h_1h_station1013_seed2050_center_lstm_h48.npz,checkpoints/beijing_24h_1h_station1013_seed2050_center_lstm_h48.pt,training_logs/beijing_24h_1h_station1013_seed2050_center_lstm_h48.csv,0.0768654868006706,0.2772462566035304,0.1339669972658157,20.66031265258789,9.983181953430176,16.245954513549805,False,,,center_lstm_h48,0.09734043776988978,21.0170955657959,validation,-1.6975842931820289,48.0,center_lstm_h48,experiments/results/baseline_v2/reused/backbone_upgrade/experiments/results/trainable_matched/predictions/beijing_24h_1h_station1013_seed2050_center_lstm_h48.npz
beijing_24h_1h_station1013_seed2051_center_lstm_h48,beijing,24,1,1013,2051,GRU-LSTM,,center_lstm_h48,,,,,completed,39.0,0.0975636169314384,3.383277913000711,0.0065384110002923,,test,,1,9.0,9841.0,9841.0,9841.0,predictions/beijing_24h_1h_station1013_seed2051_center_lstm_h48.npz,checkpoints/beijing_24h_1h_station1013_seed2051_center_lstm_h48.pt,training_logs/beijing_24h_1h_station1013_seed2051_center_lstm_h48.csv,0.0771183669567108,0.2777019390582478,0.1310315877199173,20.69426918029785,9.76443576812744,15.555277824401855,False,,,center_lstm_h48,0.09734043776988978,20.71529197692871,validation,-0.10148443311478854,48.0,center_lstm_h48,experiments/results/baseline_v2/reused/backbone_upgrade/experiments/results/trainable_matched/predictions/beijing_24h_1h_station1013_seed2051_center_lstm_h48.npz
beijing_24h_3h_station1013_seed2047_center_lstm_h40,beijing,24,3,1013,2047,GRU-LSTM,,center_lstm_h40,,,,,completed,36.0,0.2563121914863586,3.4243338079995738,0.5306930570004624,,test,,1,9.0,7003.0,7003.0,7003.0,predictions/beijing_24h_3h_station1013_seed2047_center_lstm_h40.npz,checkpoints/beijing_24h_3h_station1013_seed2047_center_lstm_h40.pt,training_logs/beijing_24h_3h_station1013_seed2047_center_lstm_h40.csv,0.168423905968666,0.410394817180561,0.2186701595783233,30.582504272460938,16.29523468017578,25.34447288513184,False,,,center_lstm_h40,0.2540861467520395,30.44579696655273,validation,0.4490186479874091,40.0,center_lstm_h40,experiments/results/baseline_v2/reused/backbone_upgrade/experiments/results/trainable_matched/predictions/beijing_24h_3h_station1013_seed2047_center_lstm_h40.npz
beijing_24h_3h_station1013_seed2048_center_lstm_h40,beijing,24,3,1013,2048,GRU-LSTM,,center_lstm_h40,,,,,completed,32.0,0.2498206198215484,3.3917297669995605,0.0062905459999456,,test,,1,9.0,7003.0,7003.0,7003.0,predictions/beijing_24h_3h_station1013_seed2048_center_lstm_h40.npz,checkpoints/beijing_24h_3h_station1013_seed2048_center_lstm_h40.pt,training_logs/beijing_24h_3h_station1013_seed2048_center_lstm_h40.csv,0.1681945323944091,0.4101152672047325,0.2161573320627212,30.56167221069336,16.107982635498047,24.040132522583008,False,,,center_lstm_h40,0.2540861467520395,30.800689697265625,validation,-0.7760134234704645,40.0,center_lstm_h40,experiments/results/baseline_v2/reused/backbone_upgrade/experiments/results/trainable_matched/predictions/beijing_24h_3h_station1013_seed2048_center_lstm_h40.npz
beijing_24h_3h_station1013_seed2049_center_lstm_h40,beijing,24,3,1013,2049,GRU-LSTM,,center_lstm_h40,,,,,completed,38.0,0.2561256289482116,3.57202130099904,0.0065808260005724,,test,,1,9.0,7003.0,7003.0,7003.0,predictions/beijing_24h_3h_station1013_seed2049_center_lstm_h40.npz,checkpoints/beijing_24h_3h_station1013_seed2049_center_lstm_h40.pt,training_logs/beijing_24h_3h_station1013_seed2049_center_lstm_h40.csv,0.1712051331996917,0.4137694203293566,0.2196588516235351,30.83398056030273,16.368915557861328,24.79779624938965,False,,,center_lstm_h40,0.2540861467520395,30.58614921569824,validation,0.8102731169482871,40.0,center_lstm_h40,experiments/results/baseline_v2/reused/backbone_upgrade/experiments/results/trainable_matched/predictions/beijing_24h_3h_station1013_seed2049_center_lstm_h40.npz
beijing_24h_6h_station1013_seed2047_center_lstm_h64,beijing,24,6,1013,2047,GRU-LSTM,,center_lstm_h64,,,,,completed,29.0,0.4700839221477508,4.57492061800076,0.0070033200008765,,test,,1,9.0,17542.0,17542.0,17542.0,predictions/beijing_24h_6h_station1013_seed2047_center_lstm_h64.npz,checkpoints/beijing_24h_6h_station1013_seed2047_center_lstm_h64.pt,training_logs/beijing_24h_6h_station1013_seed2047_center_lstm_h64.csv,0.2891036868095398,0.537683630780722,0.3122206330299377,40.06491088867188,23.26478385925293,33.19107437133789,False,,,center_lstm_h64,0.46410565574963886,40.0059814453125,validation,0.14730158148960215,64.0,center_lstm_h64,experiments/results/baseline_v2/reused/backbone_upgrade/experiments/results/trainable_matched/predictions/beijing_24h_6h_station1013_seed2047_center_lstm_h64.npz
beijing_24h_6h_station1013_seed2048_center_lstm_h64,beijing,24,6,1013,2048,GRU-LSTM,,center_lstm_h64,,,,,completed,27.0,0.4516507387161255,3.2186541959999886,0.0066181599995616,,test,,1,9.0,17542.0,17542.0,17542.0,predictions/beijing_24h_6h_station1013_seed2048_center_lstm_h64.npz,checkpoints/beijing_24h_6h_station1013_seed2048_center_lstm_h64.pt,training_logs/beijing_24h_6h_station1013_seed2048_center_lstm_h64.csv,0.2954429984092712,0.5435466846640418,0.3124500215053558,40.50178909301758,23.28187561035156,33.08060073852539,False,,,center_lstm_h64,0.46410565574963886,39.84638977050781,validation,1.644814815807623,64.0,center_lstm_h64,experiments/results/baseline_v2/reused/backbone_upgrade/experiments/results/trainable_matched/predictions/beijing_24h_6h_station1013_seed2048_center_lstm_h64.npz
beijing_24h_6h_station1013_seed2049_center_lstm_h64,beijing,24,6,1013,2049,GRU-LSTM,,center_lstm_h64,,,,,completed,22.0,0.4705823063850403,2.822232004000398,0.0066744790001393,,test,,1,9.0,17542.0,17542.0,17542.0,predictions/beijing_24h_6h_station1013_seed2049_center_lstm_h64.npz,checkpoints/beijing_24h_6h_station1013_seed2049_center_lstm_h64.pt,training_logs/beijing_24h_6h_station1013_seed2049_center_lstm_h64.csv,0.2940637171268463,0.5422764213266573,0.313176155090332,40.40713882446289,23.335981369018555,33.01969146728516,False,,,center_lstm_h64,0.46410565574963886,39.889404296875,validation,1.2979249420088501,64.0,center_lstm_h64,experiments/results/baseline_v2/reused/backbone_upgrade/experiments/results/trainable_matched/predictions/beijing_24h_6h_station1013_seed2049_center_lstm_h64.npz
beijing_24h_12h_station1013_seed2047_center_gru_h64,beijing,24,12,1013,2047,GRU-LSTM,,center_gru_h64,,,,,completed,27.0,0.8003624081611633,4.381192556000315,0.0084852920008415,,test,,1,9.0,13644.0,13644.0,13644.0,predictions/beijing_24h_12h_station1013_seed2047_center_gru_h64.npz,checkpoints/beijing_24h_12h_station1013_seed2047_center_gru_h64.pt,training_logs/beijing_24h_12h_station1013_seed2047_center_gru_h64.csv,0.4564014673233032,0.6755749161442447,0.4272378087043762,50.33211135864258,31.830341339111328,43.844505310058594,False,,,center_gru_h64,0.7889732519785563,51.547157287597656,validation,-2.3571540951830925,64.0,center_gru_h64,experiments/results/baseline_v2/reused/backbone_upgrade/experiments/results/trainable_matched/predictions/beijing_24h_12h_station1013_seed2047_center_gru_h64.npz
beijing_24h_12h_station1013_seed2048_center_gru_h64,beijing,24,12,1013,2048,GRU-LSTM,,center_gru_h64,,,,,completed,28.0,0.7967467904090881,4.371317891998842,0.0083377810005913,,test,,1,9.0,13644.0,13644.0,13644.0,predictions/beijing_24h_12h_station1013_seed2048_center_gru_h64.npz,checkpoints/beijing_24h_12h_station1013_seed2048_center_gru_h64.pt,training_logs/beijing_24h_12h_station1013_seed2048_center_gru_h64.csv,0.451992005109787,0.6723035066915738,0.4249266982078552,50.08837890625,31.658159255981445,43.57963943481445,False,,,center_gru_h64,0.7889732519785563,51.48316192626953,validation,-2.709202325251582,64.0,center_gru_h64,experiments/results/baseline_v2/reused/backbone_upgrade/experiments/results/trainable_matched/predictions/beijing_24h_12h_station1013_seed2048_center_gru_h64.npz
beijing_24h_12h_station1013_seed2049_center_gru_h64,beijing,24,12,1013,2049,GRU-LSTM,,center_gru_h64,,,,,completed,30.0,0.7698105573654175,4.528367816999889,0.0083133930002077,,test,,1,9.0,13644.0,13644.0,13644.0,predictions/beijing_24h_12h_station1013_seed2049_center_gru_h64.npz,checkpoints/beijing_24h_12h_station1013_seed2049_center_gru_h64.pt,training_logs/beijing_24h_12h_station1013_seed2049_center_gru_h64.csv,0.4599213302135467,0.6781749996966467,0.4308972060680389,50.525821685791016,32.10297393798828,44.41114807128906,False,,,center_gru_h64,0.7889732519785563,51.83720016479492,validation,-2.5298019083494503,64.0,center_gru_h64,experiments/results/baseline_v2/reused/backbone_upgrade/experiments/results/trainable_matched/predictions/beijing_24h_12h_station1013_seed2049_center_gru_h64.npz
beijing_24h_24h_station1013_seed2047_center_lstm_h64,beijing,24,24,1013,2047,GRU-LSTM,,center_lstm_h64,,,,,completed,11.0,1.1981853246688845,2.930159599000035,0.4841878349998296,,test,,1,9.0,18712.0,18712.0,18712.0,predictions/beijing_24h_24h_station1013_seed2047_center_lstm_h64.npz,checkpoints/beijing_24h_24h_station1013_seed2047_center_lstm_h64.pt,training_logs/beijing_24h_24h_station1013_seed2047_center_lstm_h64.csv,0.6658939719200134,0.8160232667761462,0.5680214166641235,60.77790451049805,42.30657577514648,55.7103271484375,False,,,center_lstm_h64,1.1623634497324626,64.3062973022461,validation,-5.486854226988446,64.0,center_lstm_h64,experiments/results/baseline_v2/reused/backbone_upgrade/experiments/results/trainable_matched/predictions/beijing_24h_24h_station1013_seed2047_center_lstm_h64.npz
beijing_24h_24h_station1013_seed2048_center_lstm_h64,beijing,24,24,1013,2048,GRU-LSTM,,center_lstm_h64,,,,,completed,33.0,1.1233826875686646,3.555850032998933,0.0068158530011714,,test,,1,9.0,18712.0,18712.0,18712.0,predictions/beijing_24h_24h_station1013_seed2048_center_lstm_h64.npz,checkpoints/beijing_24h_24h_station1013_seed2048_center_lstm_h64.pt,training_logs/beijing_24h_24h_station1013_seed2048_center_lstm_h64.csv,0.700663685798645,0.8370565606926721,0.5680478811264038,62.34447479248047,42.30854797363281,55.36224365234375,False,,,center_lstm_h64,1.1623634497324626,64.8437271118164,validation,-3.8542699975068233,64.0,center_lstm_h64,experiments/results/baseline_v2/reused/backbone_upgrade/experiments/results/trainable_matched/predictions/beijing_24h_24h_station1013_seed2048_center_lstm_h64.npz
beijing_24h_24h_station1013_seed2049_center_lstm_h64,beijing,24,24,1013,2049,GRU-LSTM,,center_lstm_h64,,,,,completed,24.0,1.1655223369598389,2.83985603399924,0.0067451309987518,,test,,1,9.0,18712.0,18712.0,18712.0,predictions/beijing_24h_24h_station1013_seed2049_center_lstm_h64.npz,checkpoints/beijing_24h_24h_station1013_seed2049_center_lstm_h64.pt,training_logs/beijing_24h_24h_station1013_seed2049_center_lstm_h64.csv,0.6567689180374146,0.8104128071775609,0.5574586987495422,60.36003494262695,41.519866943359375,55.29489517211914,False,,,center_lstm_h64,1.1623634497324626,65.344482421875,validation,-7.62795464055804,64.0,center_lstm_h64,experiments/results/baseline_v2/reused/backbone_upgrade/experiments/results/trainable_matched/predictions/beijing_24h_24h_station1013_seed2049_center_lstm_h64.npz
beijing_48h_1h_station1013_seed2047_center_lstm_h48,beijing,48,1,1013,2047,GRU-LSTM,,center_lstm_h48,,,,,completed,34.0,0.0974542275071144,6.281140815000981,0.0121491000008973,,test,,1,9.0,9841.0,9841.0,9841.0,predictions/beijing_48h_1h_station1013_seed2047_center_lstm_h48.npz,checkpoints/beijing_48h_1h_station1013_seed2047_center_lstm_h48.pt,training_logs/beijing_48h_1h_station1013_seed2047_center_lstm_h48.csv,0.0765485242009162,0.2766740396222896,0.1334117203950882,20.606847763061523,9.936585426330566,16.550779342651367,False,,,center_lstm_h48,0.09709089497725167,20.97980499267578,validation,-1.7776963596394733,48.0,center_lstm_h48,experiments/results/baseline_v2/reused/backbone_upgrade/experiments/results/trainable_matched/predictions/beijing_48h_1h_station1013_seed2047_center_lstm_h48.npz
beijing_48h_1h_station1013_seed2048_center_lstm_h48,beijing,48,1,1013,2048,GRU-LSTM,,center_lstm_h48,,,,,completed,38.0,0.0971129238605499,6.271074934998978,0.0121448209993104,,test,,1,9.0,9841.0,9841.0,9841.0,predictions/beijing_48h_1h_station1013_seed2048_center_lstm_h48.npz,checkpoints/beijing_48h_1h_station1013_seed2048_center_lstm_h48.pt,training_logs/beijing_48h_1h_station1013_seed2048_center_lstm_h48.csv,0.0772409737110138,0.2779226038144681,0.1341765224933624,20.69984436035156,9.993547439575195,16.912294387817383,False,,,center_lstm_h48,0.09709089497725167,20.553361892700195,validation,0.7126934679400982,48.0,center_lstm_h48,experiments/results/baseline_v2/reused/backbone_upgrade/experiments/results/trainable_matched/predictions/beijing_48h_1h_station1013_seed2048_center_lstm_h48.npz
beijing_48h_1h_station1013_seed2049_center_lstm_h48,beijing,48,1,1013,2049,GRU-LSTM,,center_lstm_h48,,,,,completed,39.0,0.0967055335640907,6.289854687000116,0.0121168429996032,,test,,1,9.0,9841.0,9841.0,9841.0,predictions/beijing_48h_1h_station1013_seed2049_center_lstm_h48.npz,checkpoints/beijing_48h_1h_station1013_seed2049_center_lstm_h48.pt,training_logs/beijing_48h_1h_station1013_seed2049_center_lstm_h48.csv,0.0771225616335868,0.2777094914359012,0.1317886710166931,20.683971405029297,9.81570053100586,15.816961288452148,False,,,center_lstm_h48,0.09709089497725167,20.929391860961918,validation,-1.1726115004344,48.0,center_lstm_h48,experiments/results/baseline_v2/reused/backbone_upgrade/experiments/results/trainable_matched/predictions/beijing_48h_1h_station1013_seed2049_center_lstm_h48.npz
beijing_48h_3h_station1013_seed2047_center_lstm_h64,beijing,48,3,1013,2047,GRU-LSTM,,center_lstm_h64,,,,,completed,26.0,0.2538712620735168,5.589069147999908,0.0121342670008743,,test,,1,9.0,17347.0,17347.0,17347.0,predictions/beijing_48h_3h_station1013_seed2047_center_lstm_h64.npz,checkpoints/beijing_48h_3h_station1013_seed2047_center_lstm_h64.pt,training_logs/beijing_48h_3h_station1013_seed2047_center_lstm_h64.csv,0.1762111186981201,0.4197750810828581,0.2248157858848571,31.2627010345459,16.74312973022461,24.446001052856445,False,,,center_lstm_h64,0.2537546753883361,31.18783187866211,validation,0.24005886710904248,64.0,center_lstm_h64,experiments/results/baseline_v2/reused/backbone_upgrade/experiments/results/trainable_matched/predictions/beijing_48h_3h_station1013_seed2047_center_lstm_h64.npz
beijing_48h_3h_station1013_seed2048_center_lstm_h64,beijing,48,3,1013,2048,GRU-LSTM,,center_lstm_h64,,,,,completed,22.0,0.2519517838954925,5.049665880998873,0.0121488229997339,,test,,1,9.0,17347.0,17347.0,17347.0,predictions/beijing_48h_3h_station1013_seed2048_center_lstm_h64.npz,checkpoints/beijing_48h_3h_station1013_seed2048_center_lstm_h64.pt,training_logs/beijing_48h_3h_station1013_seed2048_center_lstm_h64.csv,0.1718819290399551,0.4145864554468165,0.2254789173603058,30.876277923583984,16.792516708374023,26.07655906677246,False,,,center_lstm_h64,0.2537546753883361,31.051353454589844,validation,-0.5638257645094071,64.0,center_lstm_h64,experiments/results/baseline_v2/reused/backbone_upgrade/experiments/results/trainable_matched/predictions/beijing_48h_3h_station1013_seed2048_center_lstm_h64.npz
beijing_48h_3h_station1013_seed2049_center_lstm_h64,beijing,48,3,1013,2049,GRU-LSTM,,center_lstm_h64,,,,,completed,36.0,0.2554409801959991,6.615592782998647,0.0122698020004463,,test,,1,9.0,17347.0,17347.0,17347.0,predictions/beijing_48h_3h_station1013_seed2049_center_lstm_h64.npz,checkpoints/beijing_48h_3h_station1013_seed2049_center_lstm_h64.pt,training_logs/beijing_48h_3h_station1013_seed2049_center_lstm_h64.csv,0.1741472035646438,0.4173094817574169,0.2201348394155502,31.079072952270508,16.39451789855957,24.408069610595703,False,,,center_lstm_h64,0.2537546753883361,31.17669677734375,validation,-0.313130752017917,64.0,center_lstm_h64,experiments/results/baseline_v2/reused/backbone_upgrade/experiments/results/trainable_matched/predictions/beijing_48h_3h_station1013_seed2049_center_lstm_h64.npz
beijing_48h_6h_station1013_seed2047_center_gru_h64,beijing,48,6,1013,2047,GRU-LSTM,,center_gru_h64,,,,,completed,21.0,0.46759232878685,6.194137618998866,0.0147681269991153,,test,,1,9.0,13254.0,13254.0,13254.0,predictions/beijing_48h_6h_station1013_seed2047_center_gru_h64.npz,checkpoints/beijing_48h_6h_station1013_seed2047_center_gru_h64.pt,training_logs/beijing_48h_6h_station1013_seed2047_center_gru_h64.csv,0.2876778244972229,0.5363560613037042,0.3057320713996887,39.94505310058594,22.769359588623047,32.4122200012207,False,,,center_gru_h64,0.4662757416566213,41.811302185058594,validation,-4.463503854083661,64.0,center_gru_h64,experiments/results/baseline_v2/reused/backbone_upgrade/experiments/results/trainable_matched/predictions/beijing_48h_6h_station1013_seed2047_center_gru_h64.npz
beijing_48h_6h_station1013_seed2048_center_gru_h64,beijing,48,6,1013,2048,GRU-LSTM,,center_gru_h64,,,,,completed,33.0,0.4672638475894928,8.495488155998828,0.014859756000078,,test,,1,9.0,13254.0,13254.0,13254.0,predictions/beijing_48h_6h_station1013_seed2048_center_gru_h64.npz,checkpoints/beijing_48h_6h_station1013_seed2048_center_gru_h64.pt,training_logs/beijing_48h_6h_station1013_seed2048_center_gru_h64.csv,0.287923127412796,0.5365846880155974,0.306689441204071,39.96208190917969,22.84066200256348,32.95942306518555,False,,,center_gru_h64,0.4662757416566213,41.650672912597656,validation,-4.054174603520602,64.0,center_gru_h64,experiments/results/baseline_v2/reused/backbone_upgrade/experiments/results/trainable_matched/predictions/beijing_48h_6h_station1013_seed2048_center_gru_h64.npz
beijing_48h_6h_station1013_seed2049_center_gru_h64,beijing,48,6,1013,2049,GRU-LSTM,,center_gru_h64,,,,,completed,27.0,0.4639710485935211,7.445521495999856,0.014882519000821,,test,,1,9.0,13254.0,13254.0,13254.0,predictions/beijing_48h_6h_station1013_seed2049_center_gru_h64.npz,checkpoints/beijing_48h_6h_station1013_seed2049_center_gru_h64.pt,training_logs/beijing_48h_6h_station1013_seed2049_center_gru_h64.csv,0.2865116000175476,0.5352677834668809,0.3089886307716369,39.86400604248047,23.01189422607422,33.66413497924805,False,,,center_gru_h64,0.4662757416566213,42.05476379394531,validation,-5.209297482204026,64.0,center_gru_h64,experiments/results/baseline_v2/reused/backbone_upgrade/experiments/results/trainable_matched/predictions/beijing_48h_6h_station1013_seed2049_center_gru_h64.npz
beijing_48h_12h_station1013_seed2047_center_lstm_h32,beijing,48,12,1013,2047,GRU-LSTM,,center_lstm_h32,,,,,completed,29.0,0.7705841660499573,5.658411297999919,0.0120068550004361,,test,,1,9.0,4876.0,4876.0,4876.0,predictions/beijing_48h_12h_station1013_seed2047_center_lstm_h32.npz,checkpoints/beijing_48h_12h_station1013_seed2047_center_lstm_h32.pt,training_logs/beijing_48h_12h_station1013_seed2047_center_lstm_h32.csv,0.4985089302062988,0.7060516483985423,0.4507598876953125,52.574501037597656,33.56479263305664,44.91794967651367,False,,,center_lstm_h32,0.7882333000500997,57.32188415527344,validation,-8.281973259664802,32.0,center_lstm_h32,experiments/results/baseline_v2/reused/backbone_upgrade/experiments/results/trainable_matched/predictions/beijing_48h_12h_station1013_seed2047_center_lstm_h32.npz
beijing_48h_12h_station1013_seed2048_center_lstm_h32,beijing,48,12,1013,2048,GRU-LSTM,,center_lstm_h32,,,,,completed,20.0,0.7999698519706726,4.295617478001077,0.0121906360000139,,test,,1,9.0,4876.0,4876.0,4876.0,predictions/beijing_48h_12h_station1013_seed2048_center_lstm_h32.npz,checkpoints/beijing_48h_12h_station1013_seed2048_center_lstm_h32.pt,training_logs/beijing_48h_12h_station1013_seed2048_center_lstm_h32.csv,0.5012571811676025,0.7079951844240203,0.4553897678852081,52.71922302246094,33.909542083740234,46.03668975830078,False,,,center_lstm_h32,0.7882333000500997,52.859134674072266,validation,-0.264687745030294,32.0,center_lstm_h32,experiments/results/baseline_v2/reused/backbone_upgrade/experiments/results/trainable_matched/predictions/beijing_48h_12h_station1013_seed2048_center_lstm_h32.npz
beijing_48h_12h_station1013_seed2049_center_lstm_h32,beijing,48,12,1013,2049,GRU-LSTM,,center_lstm_h32,,,,,completed,25.0,0.7941458821296692,5.055172777001644,0.0121309379992453,,test,,1,9.0,4876.0,4876.0,4876.0,predictions/beijing_48h_12h_station1013_seed2049_center_lstm_h32.npz,checkpoints/beijing_48h_12h_station1013_seed2049_center_lstm_h32.pt,training_logs/beijing_48h_12h_station1013_seed2049_center_lstm_h32.csv,0.4656224548816681,0.6823653382768413,0.4440721273422241,50.81075286865234,33.066795349121094,45.51194763183594,False,,,center_lstm_h32,0.7882333000500997,55.133583068847656,validation,-7.840648039865679,32.0,center_lstm_h32,experiments/results/baseline_v2/reused/backbone_upgrade/experiments/results/trainable_matched/predictions/beijing_48h_12h_station1013_seed2049_center_lstm_h32.npz
beijing_48h_24h_station1013_seed2047_center_lstm_h48,beijing,48,24,1013,2047,GRU-LSTM,,center_lstm_h48,,,,,completed,14.0,1.2039740085601809,5.219401430000289,0.4946352789993398,,test,,1,9.0,10968.0,10968.0,10968.0,predictions/beijing_48h_24h_station1013_seed2047_center_lstm_h48.npz,checkpoints/beijing_48h_24h_station1013_seed2047_center_lstm_h48.pt,training_logs/beijing_48h_24h_station1013_seed2047_center_lstm_h48.csv,0.6739202737808228,0.8209264728225194,0.5663661956787109,61.109317779541016,42.15998840332031,55.26792526245117,False,,,center_lstm_h48,1.1772455374399822,69.85392761230469,validation,-12.518422559282579,48.0,center_lstm_h48,experiments/results/baseline_v2/reused/backbone_upgrade/experiments/results/trainable_matched/predictions/beijing_48h_24h_station1013_seed2047_center_lstm_h48.npz
beijing_48h_24h_station1013_seed2048_center_lstm_h48,beijing,48,24,1013,2048,GRU-LSTM,,center_lstm_h48,,,,,completed,20.0,1.136893630027771,4.455088663000424,0.0122271059990453,,test,,1,9.0,10968.0,10968.0,10968.0,predictions/beijing_48h_24h_station1013_seed2048_center_lstm_h48.npz,checkpoints/beijing_48h_24h_station1013_seed2048_center_lstm_h48.pt,training_logs/beijing_48h_24h_station1013_seed2048_center_lstm_h48.csv,0.7226877212524414,0.8501104170944157,0.5870130658149719,63.2817497253418,43.69693374633789,57.19218444824219,False,,,center_lstm_h48,1.1772455374399822,68.12368774414062,validation,-7.107568863541577,48.0,center_lstm_h48,experiments/results/baseline_v2/reused/backbone_upgrade/experiments/results/trainable_matched/predictions/beijing_48h_24h_station1013_seed2048_center_lstm_h48.npz
beijing_48h_24h_station1013_seed2049_center_lstm_h48,beijing,48,24,1013,2049,GRU-LSTM,,center_lstm_h48,,,,,completed,21.0,1.1908689737319946,4.634960125000362,0.0122464249998301,,test,,1,9.0,10968.0,10968.0,10968.0,predictions/beijing_48h_24h_station1013_seed2049_center_lstm_h48.npz,checkpoints/beijing_48h_24h_station1013_seed2049_center_lstm_h48.pt,training_logs/beijing_48h_24h_station1013_seed2049_center_lstm_h48.csv,0.7141544818878174,0.845076613028557,0.5858040452003479,62.907039642333984,43.606929779052734,57.03602981567383,False,,,center_lstm_h48,1.1772455374399822,70.52690887451172,validation,-10.804201337869126,48.0,center_lstm_h48,experiments/results/baseline_v2/reused/backbone_upgrade/experiments/results/trainable_matched/predictions/beijing_48h_24h_station1013_seed2049_center_lstm_h48.npz
beijing_72h_1h_station1013_seed2047_center_gru_h64,beijing,72,1,1013,2047,GRU-LSTM,,center_gru_h64,,,,,completed,29.0,0.1049221977591514,9.777818926000691,0.0187453010003082,,test,,1,9.0,12929.0,12929.0,12929.0,predictions/beijing_72h_1h_station1013_seed2047_center_gru_h64.npz,checkpoints/beijing_72h_1h_station1013_seed2047_center_gru_h64.pt,training_logs/beijing_72h_1h_station1013_seed2047_center_gru_h64.csv,0.0815108343958854,0.2855010234585604,0.1371293365955352,21.252540588378903,10.20783233642578,16.30929183959961,False,,,center_gru_h64,0.10533407330512994,21.06454849243164,validation,0.8924572772818105,64.0,center_gru_h64,experiments/results/baseline_v2/reused/backbone_upgrade/experiments/results/trainable_matched/predictions/beijing_72h_1h_station1013_seed2047_center_gru_h64.npz
beijing_72h_1h_station1013_seed2048_center_gru_h64,beijing,72,1,1013,2048,GRU-LSTM,,center_gru_h64,,,,,completed,30.0,0.105470485985279,9.781785844999831,0.0187017000007472,,test,,1,9.0,12929.0,12929.0,12929.0,predictions/beijing_72h_1h_station1013_seed2048_center_gru_h64.npz,checkpoints/beijing_72h_1h_station1013_seed2048_center_gru_h64.pt,training_logs/beijing_72h_1h_station1013_seed2048_center_gru_h64.csv,0.0817258730530738,0.2858773741538037,0.1378420889377594,21.280553817749023,10.26088809967041,16.077011108398438,False,,,center_gru_h64,0.10533407330512994,20.968732833862305,validation,1.4870759542663472,64.0,center_gru_h64,experiments/results/baseline_v2/reused/backbone_upgrade/experiments/results/trainable_matched/predictions/beijing_72h_1h_station1013_seed2048_center_gru_h64.npz
beijing_72h_1h_station1013_seed2049_center_gru_h64,beijing,72,1,1013,2049,GRU-LSTM,,center_gru_h64,,,,,completed,30.0,0.1056095361709594,9.776703196001108,0.0187793679997412,,test,,1,9.0,12929.0,12929.0,12929.0,predictions/beijing_72h_1h_station1013_seed2049_center_gru_h64.npz,checkpoints/beijing_72h_1h_station1013_seed2049_center_gru_h64.pt,training_logs/beijing_72h_1h_station1013_seed2049_center_gru_h64.csv,0.0820472612977027,0.2864389311837739,0.1379553377628326,21.32235717773437,10.26932144165039,16.427078247070312,False,,,center_gru_h64,0.10533407330512994,21.28269386291504,validation,0.18636416552721016,64.0,center_gru_h64,experiments/results/baseline_v2/reused/backbone_upgrade/experiments/results/trainable_matched/predictions/beijing_72h_1h_station1013_seed2049_center_gru_h64.npz
beijing_72h_3h_station1013_seed2047_center_gru_h64,beijing,72,3,1013,2047,GRU-LSTM,,center_gru_h64,,,,,completed,28.0,0.2677302062511444,9.784615046999534,0.0187757639996561,,test,,1,9.0,13059.0,13059.0,13059.0,predictions/beijing_72h_3h_station1013_seed2047_center_gru_h64.npz,checkpoints/beijing_72h_3h_station1013_seed2047_center_gru_h64.pt,training_logs/beijing_72h_3h_station1013_seed2047_center_gru_h64.csv,0.1758198738098144,0.4193088048322077,0.2293759882450103,31.21102333068848,17.073476791381836,27.00581932067871,False,,,center_gru_h64,0.27043628692626953,31.00885581970215,validation,0.6519670127843936,64.0,center_gru_h64,experiments/results/baseline_v2/reused/backbone_upgrade/experiments/results/trainable_matched/predictions/beijing_72h_3h_station1013_seed2047_center_gru_h64.npz
beijing_72h_3h_station1013_seed2048_center_gru_h64,beijing,72,3,1013,2048,GRU-LSTM,,center_gru_h64,,,,,completed,28.0,0.2715489864349365,9.80041813200114,0.0188244510009099,,test,,1,9.0,13059.0,13059.0,13059.0,predictions/beijing_72h_3h_station1013_seed2048_center_gru_h64.npz,checkpoints/beijing_72h_3h_station1013_seed2048_center_gru_h64.pt,training_logs/beijing_72h_3h_station1013_seed2048_center_gru_h64.csv,0.1762928515672683,0.4198724229659151,0.225997045636177,31.252973556518555,16.82196617126465,25.344606399536133,False,,,center_gru_h64,0.27043628692626953,31.21354103088379,validation,0.12633147131800804,64.0,center_gru_h64,experiments/results/baseline_v2/reused/backbone_upgrade/experiments/results/trainable_matched/predictions/beijing_72h_3h_station1013_seed2048_center_gru_h64.npz
beijing_72h_3h_station1013_seed2049_center_gru_h64,beijing,72,3,1013,2049,GRU-LSTM,,center_gru_h64,,,,,completed,30.0,0.2720296680927276,9.78847006399883,0.01872100699984,,test,,1,9.0,13059.0,13059.0,13059.0,predictions/beijing_72h_3h_station1013_seed2049_center_gru_h64.npz,checkpoints/beijing_72h_3h_station1013_seed2049_center_gru_h64.pt,training_logs/beijing_72h_3h_station1013_seed2049_center_gru_h64.csv,0.1770472824573516,0.4207698687612407,0.2254536151885986,31.319774627685547,16.781517028808594,24.81609916687012,False,,,center_gru_h64,0.27043628692626953,31.59510612487793,validation,-0.8714371653133562,64.0,center_gru_h64,experiments/results/baseline_v2/reused/backbone_upgrade/experiments/results/trainable_matched/predictions/beijing_72h_3h_station1013_seed2049_center_gru_h64.npz
beijing_72h_6h_station1013_seed2047_center_gru_h64,beijing,72,6,1013,2047,GRU-LSTM,,center_gru_h64,,,,,completed,28.0,0.4883590340614319,9.812249804999738,0.0187252609994175,,test,,1,9.0,13254.0,13254.0,13254.0,predictions/beijing_72h_6h_station1013_seed2047_center_gru_h64.npz,checkpoints/beijing_72h_6h_station1013_seed2047_center_gru_h64.pt,training_logs/beijing_72h_6h_station1013_seed2047_center_gru_h64.csv,0.2898398637771606,0.5383677774320828,0.3162373006343841,40.07045364379883,23.537391662597656,33.31033706665039,False,,,center_gru_h64,0.48394707838694256,41.74861526489258,validation,-4.019682115073543,64.0,center_gru_h64,experiments/results/baseline_v2/reused/backbone_upgrade/experiments/results/trainable_matched/predictions/beijing_72h_6h_station1013_seed2047_center_gru_h64.npz
beijing_72h_6h_station1013_seed2048_center_gru_h64,beijing,72,6,1013,2048,GRU-LSTM,,center_gru_h64,,,,,completed,30.0,0.4794539213180542,9.801142303000232,0.018713323999691,,test,,1,9.0,13254.0,13254.0,13254.0,predictions/beijing_72h_6h_station1013_seed2048_center_gru_h64.npz,checkpoints/beijing_72h_6h_station1013_seed2048_center_gru_h64.pt,training_logs/beijing_72h_6h_station1013_seed2048_center_gru_h64.csv,0.2887917459011078,0.5373934740030881,0.3136742711067199,39.99794006347656,23.34662628173828,33.65129089355469,False,,,center_gru_h64,0.48394707838694256,41.156280517578125,validation,-2.814492562336452,64.0,center_gru_h64,experiments/results/baseline_v2/reused/backbone_upgrade/experiments/results/trainable_matched/predictions/beijing_72h_6h_station1013_seed2048_center_gru_h64.npz
beijing_72h_6h_station1013_seed2049_center_gru_h64,beijing,72,6,1013,2049,GRU-LSTM,,center_gru_h64,,,,,completed,26.0,0.4840282797813415,9.80020517400044,0.0188143769992166,,test,,1,9.0,13254.0,13254.0,13254.0,predictions/beijing_72h_6h_station1013_seed2049_center_gru_h64.npz,checkpoints/beijing_72h_6h_station1013_seed2049_center_gru_h64.pt,training_logs/beijing_72h_6h_station1013_seed2049_center_gru_h64.csv,0.2882498204708099,0.5368890206279227,0.3178325295448303,39.960391998291016,23.65612030029297,34.442962646484375,False,,,center_gru_h64,0.48394707838694256,41.276737213134766,validation,-3.189072837920127,64.0,center_gru_h64,experiments/results/baseline_v2/reused/backbone_upgrade/experiments/results/trainable_matched/predictions/beijing_72h_6h_station1013_seed2049_center_gru_h64.npz
beijing_72h_12h_station1013_seed2047_center_lstm_h48,beijing,72,12,1013,2047,GRU-LSTM,,center_lstm_h48,,,,,completed,28.0,0.8032495379447937,4.302791011999943,0.0113208350012428,,test,,1,9.0,10380.0,10380.0,10380.0,predictions/beijing_72h_12h_station1013_seed2047_center_lstm_h48.npz,checkpoints/beijing_72h_12h_station1013_seed2047_center_lstm_h48.pt,training_logs/beijing_72h_12h_station1013_seed2047_center_lstm_h48.csv,0.4922807812690735,0.7016272381179863,0.4536187052726745,52.22020721435547,33.7616081237793,45.97225189208984,False,,,center_lstm_h48,0.8034682472546896,56.09211349487305,validation,-6.902764112946965,48.0,center_lstm_h48,experiments/results/baseline_v2/reused/backbone_upgrade/experiments/results/trainable_matched/predictions/beijing_72h_12h_station1013_seed2047_center_lstm_h48.npz
beijing_72h_12h_station1013_seed2048_center_lstm_h48,beijing,72,12,1013,2048,GRU-LSTM,,center_lstm_h48,,,,,completed,23.0,0.8102877140045166,4.172637839999879,0.0112072659994737,,test,,1,9.0,10380.0,10380.0,10380.0,predictions/beijing_72h_12h_station1013_seed2048_center_lstm_h48.npz,checkpoints/beijing_72h_12h_station1013_seed2048_center_lstm_h48.pt,training_logs/beijing_72h_12h_station1013_seed2048_center_lstm_h48.csv,0.5003818869590759,0.7073767645032426,0.4620766937732696,52.64812850952149,34.391109466552734,46.29171371459961,False,,,center_lstm_h48,0.8034682472546896,55.03749084472656,validation,-4.341335875841456,48.0,center_lstm_h48,experiments/results/baseline_v2/reused/backbone_upgrade/experiments/results/trainable_matched/predictions/beijing_72h_12h_station1013_seed2048_center_lstm_h48.npz
beijing_72h_12h_station1013_seed2049_center_lstm_h48,beijing,72,12,1013,2049,GRU-LSTM,,center_lstm_h48,,,,,completed,29.0,0.7968674898147583,4.3094541399987065,0.0112846980009635,,test,,1,9.0,10380.0,10380.0,10380.0,predictions/beijing_72h_12h_station1013_seed2049_center_lstm_h48.npz,checkpoints/beijing_72h_12h_station1013_seed2049_center_lstm_h48.pt,training_logs/beijing_72h_12h_station1013_seed2049_center_lstm_h48.csv,0.5000953078269958,0.7071741707860913,0.4629579484462738,52.63304901123047,34.456695556640625,46.982791900634766,False,,,center_lstm_h48,0.8034682472546896,54.70387268066406,validation,-3.7855156645345853,48.0,center_lstm_h48,experiments/results/baseline_v2/reused/backbone_upgrade/experiments/results/trainable_matched/predictions/beijing_72h_12h_station1013_seed2049_center_lstm_h48.npz
beijing_72h_24h_station1013_seed2047_center_lstm_h64,beijing,72,24,1013,2047,GRU-LSTM,,center_lstm_h64,,,,,completed,13.0,1.199714422225952,3.245854924000014,0.0118440280002687,,test,,1,9.0,18712.0,18712.0,18712.0,predictions/beijing_72h_24h_station1013_seed2047_center_lstm_h64.npz,checkpoints/beijing_72h_24h_station1013_seed2047_center_lstm_h64.pt,training_logs/beijing_72h_24h_station1013_seed2047_center_lstm_h64.csv,0.6860783100128174,0.8282984425995363,0.575232744216919,61.63439178466797,42.80356216430664,55.83248901367188,False,,,center_lstm_h64,1.1930980285008748,65.6296157836914,validation,-6.087532208311706,64.0,center_lstm_h64,experiments/results/baseline_v2/reused/backbone_upgrade/experiments/results/trainable_matched/predictions/beijing_72h_24h_station1013_seed2047_center_lstm_h64.npz
beijing_72h_24h_station1013_seed2048_center_lstm_h64,beijing,72,24,1013,2048,GRU-LSTM,,center_lstm_h64,,,,,completed,18.0,1.1642987728118896,4.098841918999824,0.0115553910000016,,test,,1,9.0,18712.0,18712.0,18712.0,predictions/beijing_72h_24h_station1013_seed2048_center_lstm_h64.npz,checkpoints/beijing_72h_24h_station1013_seed2048_center_lstm_h64.pt,training_logs/beijing_72h_24h_station1013_seed2048_center_lstm_h64.csv,0.7095186114311218,0.8423292773204086,0.5803951025009155,62.67844009399414,43.18769073486328,56.23554992675781,False,,,center_lstm_h64,1.1930980285008748,64.7675552368164,validation,-3.2255581288866235,64.0,center_lstm_h64,experiments/results/baseline_v2/reused/backbone_upgrade/experiments/results/trainable_matched/predictions/beijing_72h_24h_station1013_seed2048_center_lstm_h64.npz
beijing_72h_24h_station1013_seed2049_center_lstm_h64,beijing,72,24,1013,2049,GRU-LSTM,,center_lstm_h64,,,,,completed,17.0,1.2152808904647827,3.904359836998992,0.0117616160005127,,test,,1,9.0,18712.0,18712.0,18712.0,predictions/beijing_72h_24h_station1013_seed2049_center_lstm_h64.npz,checkpoints/beijing_72h_24h_station1013_seed2049_center_lstm_h64.pt,training_logs/beijing_72h_24h_station1013_seed2049_center_lstm_h64.csv,0.7270060777664185,0.8526465139589902,0.5795188546180725,63.44615173339844,43.12249374389648,56.05500793457031,False,,,center_lstm_h64,1.1930980285008748,68.50748443603516,validation,-7.387999638729169,64.0,center_lstm_h64,experiments/results/baseline_v2/reused/backbone_upgrade/experiments/results/trainable_matched/predictions/beijing_72h_24h_station1013_seed2049_center_lstm_h64.npz
beijing_168h_1h_station1013_seed2047_center_gru_h64,beijing,168,1,1013,2047,GRU-LSTM,,center_gru_h64,,,,,completed,30.0,0.1004770845174789,24.87882134999927,0.0462498420001793,,test,,1,9.0,12929.0,12929.0,12929.0,predictions/beijing_168h_1h_station1013_seed2047_center_gru_h64.npz,checkpoints/beijing_168h_1h_station1013_seed2047_center_gru_h64.pt,training_logs/beijing_168h_1h_station1013_seed2047_center_gru_h64.csv,0.0820692405104637,0.2864772949300934,0.138795256614685,21.294353485107425,10.316890716552734,17.277040481567383,False,,,center_gru_h64,0.10261560976505275,21.871671676635746,validation,-2.6395704912900473,64.0,center_gru_h64,experiments/results/baseline_v2/reused/backbone_upgrade/experiments/results/trainable_matched/predictions/beijing_168h_1h_station1013_seed2047_center_gru_h64.npz
beijing_168h_1h_station1013_seed2048_center_gru_h64,beijing,168,1,1013,2048,GRU-LSTM,,center_gru_h64,,,,,completed,30.0,0.1046554371714592,24.71037782499843,0.0461228719996142,,test,,1,9.0,12929.0,12929.0,12929.0,predictions/beijing_168h_1h_station1013_seed2048_center_gru_h64.npz,checkpoints/beijing_168h_1h_station1013_seed2048_center_gru_h64.pt,training_logs/beijing_168h_1h_station1013_seed2048_center_gru_h64.csv,0.083515927195549,0.2889912233884431,0.1420707255601883,21.481216430664062,10.560361862182615,16.37503433227539,False,,,center_gru_h64,0.10261560976505275,21.76912498474121,validation,-1.3225545550358788,64.0,center_gru_h64,experiments/results/baseline_v2/reused/backbone_upgrade/experiments/results/trainable_matched/predictions/beijing_168h_1h_station1013_seed2048_center_gru_h64.npz
beijing_168h_1h_station1013_seed2049_center_gru_h64,beijing,168,1,1013,2049,GRU-LSTM,,center_gru_h64,,,,,completed,30.0,0.1027143076062202,24.72666165999908,0.0464135519996489,,test,,1,9.0,12929.0,12929.0,12929.0,predictions/beijing_168h_1h_station1013_seed2049_center_gru_h64.npz,checkpoints/beijing_168h_1h_station1013_seed2049_center_gru_h64.pt,training_logs/beijing_168h_1h_station1013_seed2049_center_gru_h64.csv,0.0829821228981018,0.2880661779836393,0.1402348577976226,21.41245651245117,10.42389965057373,16.699323654174805,False,,,center_gru_h64,0.10261560976505275,22.61062812805176,validation,-5.299152278366329,64.0,center_gru_h64,experiments/results/baseline_v2/reused/backbone_upgrade/experiments/results/trainable_matched/predictions/beijing_168h_1h_station1013_seed2049_center_gru_h64.npz
beijing_168h_3h_station1013_seed2047_center_gru_h64,beijing,168,3,1013,2047,GRU-LSTM,,center_gru_h64,,,,,completed,30.0,0.2623420059680938,24.71769672100163,0.0462291730000288,,test,,1,9.0,13059.0,13059.0,13059.0,predictions/beijing_168h_3h_station1013_seed2047_center_gru_h64.npz,checkpoints/beijing_168h_3h_station1013_seed2047_center_gru_h64.pt,training_logs/beijing_168h_3h_station1013_seed2047_center_gru_h64.csv,0.177434891462326,0.4212302119534235,0.2252755910158157,31.3103084564209,16.744876861572266,24.58144187927246,False,,,center_gru_h64,0.26318347454071045,31.7686710357666,validation,-1.442813200557423,64.0,center_gru_h64,experiments/results/baseline_v2/reused/backbone_upgrade/experiments/results/trainable_matched/predictions/beijing_168h_3h_station1013_seed2047_center_gru_h64.npz
beijing_168h_3h_station1013_seed2048_center_gru_h64,beijing,168,3,1013,2048,GRU-LSTM,,center_gru_h64,,,,,completed,30.0,0.2631237804889679,24.72869061900019,0.0462223939994146,,test,,1,9.0,13059.0,13059.0,13059.0,predictions/beijing_168h_3h_station1013_seed2048_center_gru_h64.npz,checkpoints/beijing_168h_3h_station1013_seed2048_center_gru_h64.pt,training_logs/beijing_168h_3h_station1013_seed2048_center_gru_h64.csv,0.1767326742410659,0.4203958542148887,0.2255628407001495,31.248291015625,16.766231536865234,24.92355728149414,False,,,center_gru_h64,0.26318347454071045,31.73417854309082,validation,-1.5311173938409948,64.0,center_gru_h64,experiments/results/baseline_v2/reused/backbone_upgrade/experiments/results/trainable_matched/predictions/beijing_168h_3h_station1013_seed2048_center_gru_h64.npz
beijing_168h_3h_station1013_seed2049_center_gru_h64,beijing,168,3,1013,2049,GRU-LSTM,,center_gru_h64,,,,,completed,30.0,0.2640846371650696,24.74046494399954,0.0463922180006193,,test,,1,9.0,13059.0,13059.0,13059.0,predictions/beijing_168h_3h_station1013_seed2049_center_gru_h64.npz,checkpoints/beijing_168h_3h_station1013_seed2049_center_gru_h64.pt,training_logs/beijing_168h_3h_station1013_seed2049_center_gru_h64.csv,0.1782839596271515,0.422236852521368,0.2284894287586212,31.385133743286133,16.983762741088867,26.164424896240234,False,,,center_gru_h64,0.26318347454071045,32.07843780517578,validation,-2.1612775101466615,64.0,center_gru_h64,experiments/results/baseline_v2/reused/backbone_upgrade/experiments/results/trainable_matched/predictions/beijing_168h_3h_station1013_seed2049_center_gru_h64.npz
beijing_168h_6h_station1013_seed2047_center_gru_h64,beijing,168,6,1013,2047,GRU-LSTM,,center_gru_h64,,,,,completed,28.0,0.4776433706283569,24.76982554499955,0.0462193179992027,,test,,1,9.0,13254.0,13254.0,13254.0,predictions/beijing_168h_6h_station1013_seed2047_center_gru_h64.npz,checkpoints/beijing_168h_6h_station1013_seed2047_center_gru_h64.pt,training_logs/beijing_168h_6h_station1013_seed2047_center_gru_h64.csv,0.2924824059009552,0.5408164253246708,0.3160554766654968,40.1992301940918,23.492605209350582,33.39552307128906,False,,,center_gru_h64,0.47576445937156675,42.01683807373047,validation,-4.325903525746424,64.0,center_gru_h64,experiments/results/baseline_v2/reused/backbone_upgrade/experiments/results/trainable_matched/predictions/beijing_168h_6h_station1013_seed2047_center_gru_h64.npz
beijing_168h_6h_station1013_seed2048_center_gru_h64,beijing,168,6,1013,2048,GRU-LSTM,,center_gru_h64,,,,,completed,29.0,0.4740868806838989,24.762227406999955,0.046526937998351,,test,,1,9.0,13254.0,13254.0,13254.0,predictions/beijing_168h_6h_station1013_seed2048_center_gru_h64.npz,checkpoints/beijing_168h_6h_station1013_seed2048_center_gru_h64.pt,training_logs/beijing_168h_6h_station1013_seed2048_center_gru_h64.csv,0.2945733964443207,0.5427461620724007,0.3231299817562103,40.34267044067383,24.018457412719727,35.69780349731445,False,,,center_gru_h64,0.47576445937156675,42.51594543457031,validation,-5.111670390209326,64.0,center_gru_h64,experiments/results/baseline_v2/reused/backbone_upgrade/experiments/results/trainable_matched/predictions/beijing_168h_6h_station1013_seed2048_center_gru_h64.npz
beijing_168h_6h_station1013_seed2049_center_gru_h64,beijing,168,6,1013,2049,GRU-LSTM,,center_gru_h64,,,,,completed,29.0,0.4733196198940277,24.78799677400093,0.0461124110006494,,test,,1,9.0,13254.0,13254.0,13254.0,predictions/beijing_168h_6h_station1013_seed2049_center_gru_h64.npz,checkpoints/beijing_168h_6h_station1013_seed2049_center_gru_h64.pt,training_logs/beijing_168h_6h_station1013_seed2049_center_gru_h64.csv,0.2905414998531341,0.5390190162258973,0.3155993223190307,40.06562423706055,23.45869827270508,33.62299346923828,False,,,center_gru_h64,0.47576445937156675,42.00048828125,validation,-4.606765595754328,64.0,center_gru_h64,experiments/results/baseline_v2/reused/backbone_upgrade/experiments/results/trainable_matched/predictions/beijing_168h_6h_station1013_seed2049_center_gru_h64.npz
beijing_168h_6h_station1013_seed2050_center_gru_h64,beijing,168,6,1013,2050,GRU-LSTM,,center_gru_h64,,,,,completed,29.0,0.4764440655708313,24.775091382000028,0.0461932549987977,,test,,1,9.0,13254.0,13254.0,13254.0,predictions/beijing_168h_6h_station1013_seed2050_center_gru_h64.npz,checkpoints/beijing_168h_6h_station1013_seed2050_center_gru_h64.pt,training_logs/beijing_168h_6h_station1013_seed2050_center_gru_h64.csv,0.2910627126693725,0.5395022823578901,0.3161074519157409,40.10154724121094,23.49646759033203,33.71500396728516,False,,,center_gru_h64,0.47576445937156675,42.20603942871094,validation,-4.986234709500852,64.0,center_gru_h64,experiments/results/baseline_v2/reused/backbone_upgrade/experiments/results/trainable_matched/predictions/beijing_168h_6h_station1013_seed2050_center_gru_h64.npz
beijing_168h_6h_station1013_seed2051_center_gru_h64,beijing,168,6,1013,2051,GRU-LSTM,,center_gru_h64,,,,,completed,30.0,0.477328360080719,24.768708162999246,0.0460860530001809,,test,,1,9.0,13254.0,13254.0,13254.0,predictions/beijing_168h_6h_station1013_seed2051_center_gru_h64.npz,checkpoints/beijing_168h_6h_station1013_seed2051_center_gru_h64.pt,training_logs/beijing_168h_6h_station1013_seed2051_center_gru_h64.csv,0.291441798210144,0.5398534969879736,0.3159680366516113,40.12765121459961,23.486103057861328,33.317195892333984,False,,,center_gru_h64,0.47576445937156675,41.76411056518555,validation,-3.9183388043946175,64.0,center_gru_h64,experiments/results/baseline_v2/reused/backbone_upgrade/experiments/results/trainable_matched/predictions/beijing_168h_6h_station1013_seed2051_center_gru_h64.npz
beijing_168h_12h_station1013_seed2047_center_lstm_h40,beijing,168,12,1013,2047,GRU-LSTM,,center_lstm_h40,,,,,completed,25.0,0.8117298483848572,10.47615464000046,0.0251050729984854,,test,,1,9.0,7372.0,7372.0,7372.0,predictions/beijing_168h_12h_station1013_seed2047_center_lstm_h40.npz,checkpoints/beijing_168h_12h_station1013_seed2047_center_lstm_h40.pt,training_logs/beijing_168h_12h_station1013_seed2047_center_lstm_h40.csv,0.5012157559394836,0.7079659285159728,0.4610289633274078,52.62998962402344,34.27276992797852,46.31373596191406,False,,,center_lstm_h40,0.8108735084533691,54.23294448852539,validation,-2.955684740372351,40.0,center_lstm_h40,experiments/results/baseline_v2/reused/backbone_upgrade/experiments/results/trainable_matched/predictions/beijing_168h_12h_station1013_seed2047_center_lstm_h40.npz
beijing_168h_12h_station1013_seed2048_center_lstm_h40,beijing,168,12,1013,2048,GRU-LSTM,,center_lstm_h40,,,,,completed,29.0,0.8148547410964966,9.224066823999236,0.0250772710005549,,test,,1,9.0,7372.0,7372.0,7372.0,predictions/beijing_168h_12h_station1013_seed2048_center_lstm_h40.npz,checkpoints/beijing_168h_12h_station1013_seed2048_center_lstm_h40.pt,training_logs/beijing_168h_12h_station1013_seed2048_center_lstm_h40.csv,0.507752001285553,0.7125671907164636,0.46458300948143,52.9720458984375,34.53697204589844,46.95601272583008,False,,,center_lstm_h40,0.8108735084533691,55.16896057128906,validation,-3.9821570863433617,40.0,center_lstm_h40,experiments/results/baseline_v2/reused/backbone_upgrade/experiments/results/trainable_matched/predictions/beijing_168h_12h_station1013_seed2048_center_lstm_h40.npz
beijing_168h_12h_station1013_seed2049_center_lstm_h40,beijing,168,12,1013,2049,GRU-LSTM,,center_lstm_h40,,,,,completed,29.0,0.8060359358787537,9.22397430899946,0.0249767400000564,,test,,1,9.0,7372.0,7372.0,7372.0,predictions/beijing_168h_12h_station1013_seed2049_center_lstm_h40.npz,checkpoints/beijing_168h_12h_station1013_seed2049_center_lstm_h40.pt,training_logs/beijing_168h_12h_station1013_seed2049_center_lstm_h40.csv,0.4775964021682739,0.6910834986948204,0.4497866928577423,51.37495803833008,33.43701934814453,45.77562713623047,False,,,center_lstm_h40,0.8108735084533691,58.07843780517578,validation,-11.542114457920748,40.0,center_lstm_h40,experiments/results/baseline_v2/reused/backbone_upgrade/experiments/results/trainable_matched/predictions/beijing_168h_12h_station1013_seed2049_center_lstm_h40.npz
beijing_168h_24h_station1013_seed2047_center_lstm_h48,beijing,168,24,1013,2047,GRU-LSTM,,center_lstm_h48,,,,,completed,17.0,1.2162508964538574,7.184843535000255,0.0251568900002894,,test,,1,9.0,10968.0,10968.0,10968.0,predictions/beijing_168h_24h_station1013_seed2047_center_lstm_h48.npz,checkpoints/beijing_168h_24h_station1013_seed2047_center_lstm_h48.pt,training_logs/beijing_168h_24h_station1013_seed2047_center_lstm_h48.csv,0.6944788694381714,0.8333539880735985,0.5713702440261841,61.98590087890625,42.49922180175781,55.531734466552734,False,,,center_lstm_h48,1.163827657699585,67.65840148925781,validation,-8.384029899453346,48.0,center_lstm_h48,experiments/results/baseline_v2/reused/backbone_upgrade/experiments/results/trainable_matched/predictions/beijing_168h_24h_station1013_seed2047_center_lstm_h48.npz
beijing_168h_24h_station1013_seed2048_center_lstm_h48,beijing,168,24,1013,2048,GRU-LSTM,,center_lstm_h48,,,,,completed,19.0,1.12370765209198,7.804295253999953,0.024864550001439,,test,,1,9.0,10968.0,10968.0,10968.0,predictions/beijing_168h_24h_station1013_seed2048_center_lstm_h48.npz,checkpoints/beijing_168h_24h_station1013_seed2048_center_lstm_h48.pt,training_logs/beijing_168h_24h_station1013_seed2048_center_lstm_h48.csv,0.6982157826423645,0.8355930723996965,0.5817694067955017,62.152442932128906,43.272727966308594,56.19318389892578,False,,,center_lstm_h48,1.163827657699585,72.7971420288086,validation,-14.622413462972455,48.0,center_lstm_h48,experiments/results/baseline_v2/reused/backbone_upgrade/experiments/results/trainable_matched/predictions/beijing_168h_24h_station1013_seed2048_center_lstm_h48.npz
beijing_168h_24h_station1013_seed2049_center_lstm_h48,beijing,168,24,1013,2049,GRU-LSTM,,center_lstm_h48,,,,,completed,24.0,1.1515244245529177,9.336689498999476,0.025118322999333,,test,,1,9.0,10968.0,10968.0,10968.0,predictions/beijing_168h_24h_station1013_seed2049_center_lstm_h48.npz,checkpoints/beijing_168h_24h_station1013_seed2049_center_lstm_h48.pt,training_logs/beijing_168h_24h_station1013_seed2049_center_lstm_h48.csv,0.7474811673164368,0.8645699319988157,0.6026794910430908,64.30777740478516,44.82804107666016,57.47445297241211,False,,,center_lstm_h48,1.163827657699585,66.645751953125,validation,-3.508062374304439,48.0,center_lstm_h48,experiments/results/baseline_v2/reused/backbone_upgrade/experiments/results/trainable_matched/predictions/beijing_168h_24h_station1013_seed2049_center_lstm_h48.npz
beijing_24h_1h_station1013_seed2047_center_lstm_h16,beijing,24,1,1013,2047,GRU-LSTM,,center_lstm_h16,,,,,completed,40.0,0.1073389202356338,3.2419219749999684,0.0095622369999546,,test,,1,9.0,1233.0,1233.0,1233.0,predictions/beijing_24h_1h_station1013_seed2047_center_lstm_h16.npz,checkpoints/beijing_24h_1h_station1013_seed2047_center_lstm_h16.pt,training_logs/beijing_24h_1h_station1013_seed2047_center_lstm_h16.csv,0.0729423314332962,0.2700783801663809,0.132660299539566,20.126163482666016,9.885808944702148,16.246822357177734,False,,,center_lstm_h16,20.143498611450195,20.988380432128903,test,-4.108068043892562,16.0,center_lstm_h16,experiments/results/baseline_v2/reused/backbone_upgrade/experiments/results/trainable_matched/predictions/beijing_24h_1h_station1013_seed2047_center_lstm_h16.npz
beijing_24h_1h_station1013_seed2048_center_lstm_h16,beijing,24,1,1013,2048,GRU-LSTM,,center_lstm_h16,,,,,completed,40.0,0.1093765050172805,3.264665005999632,0.0065980780000245,,test,,1,9.0,1233.0,1233.0,1233.0,predictions/beijing_24h_1h_station1013_seed2048_center_lstm_h16.npz,checkpoints/beijing_24h_1h_station1013_seed2048_center_lstm_h16.pt,training_logs/beijing_24h_1h_station1013_seed2048_center_lstm_h16.csv,0.0723300874233245,0.2689425355411906,0.1326165646314621,20.04152107238769,9.882550239562988,16.020627975463867,False,,,center_lstm_h16,20.143498611450195,20.778905868530277,test,-3.548718112532369,16.0,center_lstm_h16,experiments/results/baseline_v2/reused/backbone_upgrade/experiments/results/trainable_matched/predictions/beijing_24h_1h_station1013_seed2048_center_lstm_h16.npz
beijing_24h_1h_station1013_seed2049_center_lstm_h16,beijing,24,1,1013,2049,GRU-LSTM,,center_lstm_h16,,,,,completed,40.0,0.1030094251036644,3.2540634460001456,0.0065563949992792,,test,,1,9.0,1233.0,1233.0,1233.0,predictions/beijing_24h_1h_station1013_seed2049_center_lstm_h16.npz,checkpoints/beijing_24h_1h_station1013_seed2049_center_lstm_h16.pt,training_logs/beijing_24h_1h_station1013_seed2049_center_lstm_h16.csv,0.0725750848650932,0.2693976333695105,0.1320924609899521,20.07543563842773,9.843493461608888,15.951800346374512,False,,,center_lstm_h16,20.143498611450195,20.896221160888672,test,-3.9279136459236956,16.0,center_lstm_h16,experiments/results/baseline_v2/reused/backbone_upgrade/experiments/results/trainable_matched/predictions/beijing_24h_1h_station1013_seed2049_center_lstm_h16.npz
beijing_24h_1h_station1013_seed2050_center_lstm_h16,beijing,24,1,1013,2050,GRU-LSTM,,center_lstm_h16,,,,,completed,40.0,0.1082209423184394,3.2506644089990004,0.0066937480005435,,test,,1,9.0,1233.0,1233.0,1233.0,predictions/beijing_24h_1h_station1013_seed2050_center_lstm_h16.npz,checkpoints/beijing_24h_1h_station1013_seed2050_center_lstm_h16.pt,training_logs/beijing_24h_1h_station1013_seed2050_center_lstm_h16.csv,0.073979914188385,0.2719924892131858,0.1326396018266677,20.268802642822266,9.884264945983888,15.65574550628662,False,,,center_lstm_h16,20.143498611450195,21.0170955657959,test,-3.5604012011604307,16.0,center_lstm_h16,experiments/results/baseline_v2/reused/backbone_upgrade/experiments/results/trainable_matched/predictions/beijing_24h_1h_station1013_seed2050_center_lstm_h16.npz
beijing_24h_1h_station1013_seed2051_center_lstm_h16,beijing,24,1,1013,2051,GRU-LSTM,,center_lstm_h16,,,,,completed,40.0,0.1075792163610458,3.287632126999597,0.0065658380008244,,test,,1,9.0,1233.0,1233.0,1233.0,predictions/beijing_24h_1h_station1013_seed2051_center_lstm_h16.npz,checkpoints/beijing_24h_1h_station1013_seed2051_center_lstm_h16.pt,training_logs/beijing_24h_1h_station1013_seed2051_center_lstm_h16.csv,0.0735190510749816,0.2711439674323987,0.1355065256357193,20.205570220947266,10.097908020019531,16.723207473754883,False,,,center_lstm_h16,20.143498611450195,20.71529197692871,test,-2.4606061867201237,16.0,center_lstm_h16,experiments/results/baseline_v2/reused/backbone_upgrade/experiments/results/trainable_matched/predictions/beijing_24h_1h_station1013_seed2051_center_lstm_h16.npz
beijing_24h_3h_station1013_seed2047_center_lstm_h16,beijing,24,3,1013,2047,GRU-LSTM,,center_lstm_h16,,,,,completed,40.0,0.2708815336227417,3.4490581560003197,0.0066949960000783,,test,,1,9.0,1267.0,1267.0,1267.0,predictions/beijing_24h_3h_station1013_seed2047_center_lstm_h16.npz,checkpoints/beijing_24h_3h_station1013_seed2047_center_lstm_h16.pt,training_logs/beijing_24h_3h_station1013_seed2047_center_lstm_h16.csv,0.1641230583190918,0.4051210415654706,0.217952087521553,30.18950653076172,16.241727828979492,24.493955612182617,False,,,center_lstm_h16,30.1027348836263,30.44579696655273,test,-0.8417925011868426,16.0,center_lstm_h16,experiments/results/baseline_v2/reused/backbone_upgrade/experiments/results/trainable_matched/predictions/beijing_24h_3h_station1013_seed2047_center_lstm_h16.npz
beijing_24h_3h_station1013_seed2048_center_lstm_h16,beijing,24,3,1013,2048,GRU-LSTM,,center_lstm_h16,,,,,completed,40.0,0.2718414962291717,3.3273045259993523,0.0064903669990599,,test,,1,9.0,1267.0,1267.0,1267.0,predictions/beijing_24h_3h_station1013_seed2048_center_lstm_h16.npz,checkpoints/beijing_24h_3h_station1013_seed2048_center_lstm_h16.pt,training_logs/beijing_24h_3h_station1013_seed2048_center_lstm_h16.csv,0.1627601534128189,0.4034354389649215,0.2154848426580429,30.06389617919922,16.0578670501709,23.967208862304688,False,,,center_lstm_h16,30.1027348836263,30.800689697265625,test,-2.392133180484644,16.0,center_lstm_h16,experiments/results/baseline_v2/reused/backbone_upgrade/experiments/results/trainable_matched/predictions/beijing_24h_3h_station1013_seed2048_center_lstm_h16.npz
beijing_24h_3h_station1013_seed2049_center_lstm_h16,beijing,24,3,1013,2049,GRU-LSTM,,center_lstm_h16,,,,,completed,40.0,0.2658337950706482,3.3715090160003456,0.0064811510001163,,test,,1,9.0,1267.0,1267.0,1267.0,predictions/beijing_24h_3h_station1013_seed2049_center_lstm_h16.npz,checkpoints/beijing_24h_3h_station1013_seed2049_center_lstm_h16.pt,training_logs/beijing_24h_3h_station1013_seed2049_center_lstm_h16.csv,0.1626617312431335,0.4033134404444433,0.216367706656456,30.05480194091797,16.123659133911133,24.672271728515625,False,,,center_lstm_h16,30.1027348836263,30.58614921569824,test,-1.7372153357165918,16.0,center_lstm_h16,experiments/results/baseline_v2/reused/backbone_upgrade/experiments/results/trainable_matched/predictions/beijing_24h_3h_station1013_seed2049_center_lstm_h16.npz
beijing_24h_6h_station1013_seed2047_center_gru_h16,beijing,24,6,1013,2047,GRU-LSTM,,center_gru_h16,,,,,completed,36.0,0.47865891456604,4.173652379000487,0.0072435180009051,,test,,1,9.0,1014.0,1014.0,1014.0,predictions/beijing_24h_6h_station1013_seed2047_center_gru_h16.npz,checkpoints/beijing_24h_6h_station1013_seed2047_center_gru_h16.pt,training_logs/beijing_24h_6h_station1013_seed2047_center_gru_h16.csv,0.2791425585746765,0.5283394349986347,0.3079289197921753,39.3686408996582,22.94499015808105,33.25960159301758,False,,,center_gru_h16,39.257513682047524,40.0059814453125,test,-1.5931131361582282,16.0,center_gru_h16,experiments/results/baseline_v2/reused/backbone_upgrade/experiments/results/trainable_matched/predictions/beijing_24h_6h_station1013_seed2047_center_gru_h16.npz
beijing_24h_6h_station1013_seed2048_center_gru_h16,beijing,24,6,1013,2048,GRU-LSTM,,center_gru_h16,,,,,completed,40.0,0.4756548404693603,4.06047239200052,0.0071283449997281,,test,,1,9.0,1014.0,1014.0,1014.0,predictions/beijing_24h_6h_station1013_seed2048_center_gru_h16.npz,checkpoints/beijing_24h_6h_station1013_seed2048_center_gru_h16.pt,training_logs/beijing_24h_6h_station1013_seed2048_center_gru_h16.csv,0.2762932479381561,0.52563604132342,0.3056807518005371,39.16720199584961,22.77746963500977,32.93183135986328,False,,,center_gru_h16,39.257513682047524,39.84638977050781,test,-1.7045152109637345,16.0,center_gru_h16,experiments/results/baseline_v2/reused/backbone_upgrade/experiments/results/trainable_matched/predictions/beijing_24h_6h_station1013_seed2048_center_gru_h16.npz
beijing_24h_6h_station1013_seed2049_center_gru_h16,beijing,24,6,1013,2049,GRU-LSTM,,center_gru_h16,,,,,completed,39.0,0.474910020828247,4.1752720389995375,0.0071705430000292,,test,,1,9.0,1014.0,1014.0,1014.0,predictions/beijing_24h_6h_station1013_seed2049_center_gru_h16.npz,checkpoints/beijing_24h_6h_station1013_seed2049_center_gru_h16.pt,training_logs/beijing_24h_6h_station1013_seed2049_center_gru_h16.csv,0.2772746086120605,0.5265687121469149,0.3071869611740112,39.236698150634766,22.889705657958984,33.50299453735352,False,,,center_gru_h16,39.257513682047524,39.889404296875,test,-1.6362895303787939,16.0,center_gru_h16,experiments/results/baseline_v2/reused/backbone_upgrade/experiments/results/trainable_matched/predictions/beijing_24h_6h_station1013_seed2049_center_gru_h16.npz
beijing_24h_12h_station1013_seed2047_center_gru_h16,beijing,24,12,1013,2047,GRU-LSTM,,center_gru_h16,,,,,completed,40.0,0.800176203250885,4.133889640999769,0.0080282380004064,,test,,1,9.0,1116.0,1116.0,1116.0,predictions/beijing_24h_12h_station1013_seed2047_center_gru_h16.npz,checkpoints/beijing_24h_12h_station1013_seed2047_center_gru_h16.pt,training_logs/beijing_24h_12h_station1013_seed2047_center_gru_h16.csv,0.4430463910102844,0.6656173007143703,0.4243463277816772,49.590240478515625,31.614917755126957,43.64413070678711,False,,,center_gru_h16,49.60474522908529,51.547157287597656,test,-3.7963622284033676,16.0,center_gru_h16,experiments/results/baseline_v2/reused/backbone_upgrade/experiments/results/trainable_matched/predictions/beijing_24h_12h_station1013_seed2047_center_gru_h16.npz
beijing_24h_12h_station1013_seed2048_center_gru_h16,beijing,24,12,1013,2048,GRU-LSTM,,center_gru_h16,,,,,completed,39.0,0.8023205399513245,4.234388110000509,0.0076488519989652,,test,,1,9.0,1116.0,1116.0,1116.0,predictions/beijing_24h_12h_station1013_seed2048_center_gru_h16.npz,checkpoints/beijing_24h_12h_station1013_seed2048_center_gru_h16.pt,training_logs/beijing_24h_12h_station1013_seed2048_center_gru_h16.csv,0.4430349171161651,0.6656086816712693,0.4240740835666656,49.589603424072266,31.594633102416992,43.5522346496582,False,,,center_gru_h16,49.60474522908529,51.48316192626953,test,-3.6780151633053997,16.0,center_gru_h16,experiments/results/baseline_v2/reused/backbone_upgrade/experiments/results/trainable_matched/predictions/beijing_24h_12h_station1013_seed2048_center_gru_h16.npz
beijing_24h_12h_station1013_seed2049_center_gru_h16,beijing,24,12,1013,2049,GRU-LSTM,,center_gru_h16,,,,,completed,38.0,0.8008840680122375,4.039059841999915,0.0071866500002215,,test,,1,9.0,1116.0,1116.0,1116.0,predictions/beijing_24h_12h_station1013_seed2049_center_gru_h16.npz,checkpoints/beijing_24h_12h_station1013_seed2049_center_gru_h16.pt,training_logs/beijing_24h_12h_station1013_seed2049_center_gru_h16.csv,0.4438357353210449,0.6662099784009881,0.4249208271503448,49.63439178466797,31.657724380493164,43.65736389160156,False,,,center_gru_h16,49.60474522908529,51.83720016479492,test,-4.249474070983841,16.0,center_gru_h16,experiments/results/baseline_v2/reused/backbone_upgrade/experiments/results/trainable_matched/predictions/beijing_24h_12h_station1013_seed2049_center_gru_h16.npz
beijing_24h_24h_station1013_seed2047_center_gru_h16,beijing,24,24,1013,2047,GRU-LSTM,,center_gru_h16,,,,,completed,34.0,1.2024952173233032,4.040295478000189,0.0073715849994187,,test,,1,9.0,1320.0,1320.0,1320.0,predictions/beijing_24h_24h_station1013_seed2047_center_gru_h16.npz,checkpoints/beijing_24h_24h_station1013_seed2047_center_gru_h16.pt,training_logs/beijing_24h_24h_station1013_seed2047_center_gru_h16.csv,0.6383876204490662,0.7989916272709409,0.5538718104362488,59.50938415527344,41.252708435058594,54.665225982666016,False,,,center_gru_h16,59.58505121866862,64.3062973022461,test,-7.459476518180917,16.0,center_gru_h16,experiments/results/baseline_v2/reused/backbone_upgrade/experiments/results/trainable_matched/predictions/beijing_24h_24h_station1013_seed2047_center_gru_h16.npz
beijing_24h_24h_station1013_seed2048_center_gru_h16,beijing,24,24,1013,2048,GRU-LSTM,,center_gru_h16,,,,,completed,40.0,1.2036848068237305,3.975064117999864,0.0072630199993,,test,,1,9.0,1320.0,1320.0,1320.0,predictions/beijing_24h_24h_station1013_seed2048_center_gru_h16.npz,checkpoints/beijing_24h_24h_station1013_seed2048_center_gru_h16.pt,training_logs/beijing_24h_24h_station1013_seed2048_center_gru_h16.csv,0.6414925456047058,0.8009322977659883,0.551405131816864,59.65392303466797,41.06898880004883,54.17558670043945,False,,,center_gru_h16,59.58505121866862,64.8437271118164,test,-8.003556100652803,16.0,center_gru_h16,experiments/results/baseline_v2/reused/backbone_upgrade/experiments/results/trainable_matched/predictions/beijing_24h_24h_station1013_seed2048_center_gru_h16.npz
beijing_24h_24h_station1013_seed2049_center_gru_h16,beijing,24,24,1013,2049,GRU-LSTM,,center_gru_h16,,,,,completed,36.0,1.2029255628585815,3.9734939850004594,0.0072544710001238,,test,,1,9.0,1320.0,1320.0,1320.0,predictions/beijing_24h_24h_station1013_seed2049_center_gru_h16.npz,checkpoints/beijing_24h_24h_station1013_seed2049_center_gru_h16.pt,training_logs/beijing_24h_24h_station1013_seed2049_center_gru_h16.csv,0.6401581764221191,0.8000988541562344,0.5522072315216064,59.59184646606445,41.12873077392578,54.23652648925781,False,,,center_gru_h16,59.58505121866862,65.344482421875,test,-8.803552714168823,16.0,center_gru_h16,experiments/results/baseline_v2/reused/backbone_upgrade/experiments/results/trainable_matched/predictions/beijing_24h_24h_station1013_seed2049_center_gru_h16.npz
beijing_48h_1h_station1013_seed2047_center_lstm_h16,beijing,48,1,1013,2047,GRU-LSTM,,center_lstm_h16,,,,,completed,39.0,0.108208566904068,5.948039360999246,0.0122722100004466,,test,,1,9.0,1233.0,1233.0,1233.0,predictions/beijing_48h_1h_station1013_seed2047_center_lstm_h16.npz,checkpoints/beijing_48h_1h_station1013_seed2047_center_lstm_h16.pt,training_logs/beijing_48h_1h_station1013_seed2047_center_lstm_h16.csv,0.0735874772071838,0.2712701185298223,0.1346045732498169,20.20436286926269,10.025431632995604,16.65202522277832,False,,,center_lstm_h16,20.12090810139974,20.97980499267578,test,-3.69613599213054,16.0,center_lstm_h16,experiments/results/baseline_v2/reused/backbone_upgrade/experiments/results/trainable_matched/predictions/beijing_48h_1h_station1013_seed2047_center_lstm_h16.npz
beijing_48h_1h_station1013_seed2048_center_lstm_h16,beijing,48,1,1013,2048,GRU-LSTM,,center_lstm_h16,,,,,completed,40.0,0.1095586344599723,5.969531266000558,0.0121323380008107,,test,,1,9.0,1233.0,1233.0,1233.0,predictions/beijing_48h_1h_station1013_seed2048_center_lstm_h16.npz,checkpoints/beijing_48h_1h_station1013_seed2048_center_lstm_h16.pt,training_logs/beijing_48h_1h_station1013_seed2048_center_lstm_h16.csv,0.0722971409559249,0.2688812766927533,0.1335508674383163,20.026439666748047,9.946948051452637,16.500808715820312,False,,,center_lstm_h16,20.12090810139974,20.553361892700195,test,-2.5636790161287046,16.0,center_lstm_h16,experiments/results/baseline_v2/reused/backbone_upgrade/experiments/results/trainable_matched/predictions/beijing_48h_1h_station1013_seed2048_center_lstm_h16.npz
beijing_48h_1h_station1013_seed2049_center_lstm_h16,beijing,48,1,1013,2049,GRU-LSTM,,center_lstm_h16,,,,,completed,40.0,0.1025045067071914,5.988580762999845,0.0121211209989269,,test,,1,9.0,1233.0,1233.0,1233.0,predictions/beijing_48h_1h_station1013_seed2049_center_lstm_h16.npz,checkpoints/beijing_48h_1h_station1013_seed2049_center_lstm_h16.pt,training_logs/beijing_48h_1h_station1013_seed2049_center_lstm_h16.csv,0.0730607360601425,0.270297495475157,0.1313312500715255,20.13192176818848,9.781630516052246,15.77448558807373,False,,,center_lstm_h16,20.12090810139974,20.929391860961918,test,-3.810287934170227,16.0,center_lstm_h16,experiments/results/baseline_v2/reused/backbone_upgrade/experiments/results/trainable_matched/predictions/beijing_48h_1h_station1013_seed2049_center_lstm_h16.npz
beijing_48h_3h_station1013_seed2047_center_lstm_h16,beijing,48,3,1013,2047,GRU-LSTM,,center_lstm_h16,,,,,completed,39.0,0.2715393900871277,5.973804150000433,0.0121389560008537,,test,,1,9.0,1267.0,1267.0,1267.0,predictions/beijing_48h_3h_station1013_seed2047_center_lstm_h16.npz,checkpoints/beijing_48h_3h_station1013_seed2047_center_lstm_h16.pt,training_logs/beijing_48h_3h_station1013_seed2047_center_lstm_h16.csv,0.1650195270776748,0.4062259556917491,0.2195789515972137,30.25362968444824,16.353116989135742,25.138032913208008,False,,,center_lstm_h16,30.14315668741862,31.18783187866211,test,-2.99540602196534,16.0,center_lstm_h16,experiments/results/baseline_v2/reused/backbone_upgrade/experiments/results/trainable_matched/predictions/beijing_48h_3h_station1013_seed2047_center_lstm_h16.npz
beijing_48h_3h_station1013_seed2048_center_lstm_h16,beijing,48,3,1013,2048,GRU-LSTM,,center_lstm_h16,,,,,completed,39.0,0.2713360786437988,5.998006730998895,0.0122306009998283,,test,,1,9.0,1267.0,1267.0,1267.0,predictions/beijing_48h_3h_station1013_seed2048_center_lstm_h16.npz,checkpoints/beijing_48h_3h_station1013_seed2048_center_lstm_h16.pt,training_logs/beijing_48h_3h_station1013_seed2048_center_lstm_h16.csv,0.1626086384057998,0.4032476142592785,0.2161386907100677,30.03182029724121,16.09690284729004,24.33609962463379,False,,,center_lstm_h16,30.14315668741862,31.051353454589844,test,-3.2833775147341635,16.0,center_lstm_h16,experiments/results/baseline_v2/reused/backbone_upgrade/experiments/results/trainable_matched/predictions/beijing_48h_3h_station1013_seed2048_center_lstm_h16.npz
beijing_48h_3h_station1013_seed2049_center_lstm_h16,beijing,48,3,1013,2049,GRU-LSTM,,center_lstm_h16,,,,,completed,40.0,0.266798198223114,5.993480618999456,0.0122586040015448,,test,,1,9.0,1267.0,1267.0,1267.0,predictions/beijing_48h_3h_station1013_seed2049_center_lstm_h16.npz,checkpoints/beijing_48h_3h_station1013_seed2049_center_lstm_h16.pt,training_logs/beijing_48h_3h_station1013_seed2049_center_lstm_h16.csv,0.1638259440660476,0.4047541773299538,0.2142098844051361,30.144020080566406,15.953256607055664,23.454004287719727,False,,,center_lstm_h16,30.14315668741862,31.17669677734375,test,-3.3123351846812543,16.0,center_lstm_h16,experiments/results/baseline_v2/reused/backbone_upgrade/experiments/results/trainable_matched/predictions/beijing_48h_3h_station1013_seed2049_center_lstm_h16.npz
beijing_48h_6h_station1013_seed2047_center_gru_h16,beijing,48,6,1013,2047,GRU-LSTM,,center_gru_h16,,,,,completed,37.0,0.4781861007213592,7.063566210001227,0.0133526699992216,,test,,1,9.0,1014.0,1014.0,1014.0,predictions/beijing_48h_6h_station1013_seed2047_center_gru_h16.npz,checkpoints/beijing_48h_6h_station1013_seed2047_center_gru_h16.pt,training_logs/beijing_48h_6h_station1013_seed2047_center_gru_h16.csv,0.279761791229248,0.5289251281885254,0.307948887348175,39.391639709472656,22.93445587158203,33.16761779785156,False,,,center_gru_h16,39.279005686442055,41.811302185058594,test,-5.787101451364535,16.0,center_gru_h16,experiments/results/baseline_v2/reused/backbone_upgrade/experiments/results/trainable_matched/predictions/beijing_48h_6h_station1013_seed2047_center_gru_h16.npz
beijing_48h_6h_station1013_seed2048_center_gru_h16,beijing,48,6,1013,2048,GRU-LSTM,,center_gru_h16,,,,,completed,39.0,0.473351389169693,6.873908503999701,0.013080731001537,,test,,1,9.0,1014.0,1014.0,1014.0,predictions/beijing_48h_6h_station1013_seed2048_center_gru_h16.npz,checkpoints/beijing_48h_6h_station1013_seed2048_center_gru_h16.pt,training_logs/beijing_48h_6h_station1013_seed2048_center_gru_h16.csv,0.2767814993858337,0.5261002750292322,0.3062255084514618,39.18125534057617,22.806108474731445,33.18214416503906,False,,,center_gru_h16,39.279005686442055,41.650672912597656,test,-5.928877973240583,16.0,center_gru_h16,experiments/results/baseline_v2/reused/backbone_upgrade/experiments/results/trainable_matched/predictions/beijing_48h_6h_station1013_seed2048_center_gru_h16.npz
beijing_48h_6h_station1013_seed2049_center_gru_h16,beijing,48,6,1013,2049,GRU-LSTM,,center_gru_h16,,,,,completed,39.0,0.4754357039928436,6.8890092719993845,0.0129657159995986,,test,,1,9.0,1014.0,1014.0,1014.0,predictions/beijing_48h_6h_station1013_seed2049_center_gru_h16.npz,checkpoints/beijing_48h_6h_station1013_seed2049_center_gru_h16.pt,training_logs/beijing_48h_6h_station1013_seed2049_center_gru_h16.csv,0.2779535055160522,0.5272129603073622,0.308134526014328,39.264122009277344,22.94828224182129,33.56426239013672,False,,,center_gru_h16,39.279005686442055,42.05476379394531,test,-6.635732870457215,16.0,center_gru_h16,experiments/results/baseline_v2/reused/backbone_upgrade/experiments/results/trainable_matched/predictions/beijing_48h_6h_station1013_seed2049_center_gru_h16.npz
beijing_48h_12h_station1013_seed2047_center_gru_h16,beijing,48,12,1013,2047,GRU-LSTM,,center_gru_h16,,,,,completed,36.0,0.7979118824005127,7.078974758000186,0.0133433010014414,,test,,1,9.0,1116.0,1116.0,1116.0,predictions/beijing_48h_12h_station1013_seed2047_center_gru_h16.npz,checkpoints/beijing_48h_12h_station1013_seed2047_center_gru_h16.pt,training_logs/beijing_48h_12h_station1013_seed2047_center_gru_h16.csv,0.4445942342281341,0.6667789995404281,0.4272014498710632,49.65015411376953,31.81056785583496,43.93092346191406,False,,,center_gru_h16,49.672322591145836,57.32188415527344,test,-13.383597127970768,16.0,center_gru_h16,experiments/results/baseline_v2/reused/backbone_upgrade/experiments/results/trainable_matched/predictions/beijing_48h_12h_station1013_seed2047_center_gru_h16.npz
beijing_48h_12h_station1013_seed2048_center_gru_h16,beijing,48,12,1013,2048,GRU-LSTM,,center_gru_h16,,,,,completed,36.0,0.801171600818634,6.895088501998544,0.0131005480016028,,test,,1,9.0,1116.0,1116.0,1116.0,predictions/beijing_48h_12h_station1013_seed2048_center_gru_h16.npz,checkpoints/beijing_48h_12h_station1013_seed2048_center_gru_h16.pt,training_logs/beijing_48h_12h_station1013_seed2048_center_gru_h16.csv,0.4445816278457641,0.6667695462794954,0.4258231222629547,49.64944839477539,31.707935333251957,43.6900749206543,False,,,center_gru_h16,49.672322591145836,52.859134674072266,test,-6.072150630326618,16.0,center_gru_h16,experiments/results/baseline_v2/reused/backbone_upgrade/experiments/results/trainable_matched/predictions/beijing_48h_12h_station1013_seed2048_center_gru_h16.npz
beijing_48h_12h_station1013_seed2049_center_gru_h16,beijing,48,12,1013,2049,GRU-LSTM,,center_gru_h16,,,,,completed,37.0,0.7998054623603821,6.896276820001731,0.0129533929994067,,test,,1,9.0,1116.0,1116.0,1116.0,predictions/beijing_48h_12h_station1013_seed2049_center_gru_h16.npz,checkpoints/beijing_48h_12h_station1013_seed2049_center_gru_h16.pt,training_logs/beijing_48h_12h_station1013_seed2049_center_gru_h16.csv,0.4457987248897552,0.6676816044266572,0.4258570075035095,49.71736526489258,31.71045684814453,43.61700820922852,False,,,center_gru_h16,49.672322591145836,55.133583068847656,test,-9.82380883388554,16.0,center_gru_h16,experiments/results/baseline_v2/reused/backbone_upgrade/experiments/results/trainable_matched/predictions/beijing_48h_12h_station1013_seed2049_center_gru_h16.npz
beijing_48h_24h_station1013_seed2047_center_gru_h32,beijing,48,24,1013,2047,GRU-LSTM,,center_gru_h32,,,,,completed,23.0,1.2114486694335938,5.663338753998687,0.0138356990009924,,test,,1,9.0,4152.0,4152.0,4152.0,predictions/beijing_48h_24h_station1013_seed2047_center_gru_h32.npz,checkpoints/beijing_48h_24h_station1013_seed2047_center_gru_h32.pt,training_logs/beijing_48h_24h_station1013_seed2047_center_gru_h32.csv,0.6379988193511963,0.7987482828471034,0.5536775588989258,59.4583854675293,41.2154541015625,54.65189743041992,False,,,center_gru_h32,59.386016845703125,69.85392761230469,test,-14.881829125588391,32.0,center_gru_h32,experiments/results/baseline_v2/reused/backbone_upgrade/experiments/results/trainable_matched/predictions/beijing_48h_24h_station1013_seed2047_center_gru_h32.npz
beijing_48h_24h_station1013_seed2048_center_gru_h32,beijing,48,24,1013,2048,GRU-LSTM,,center_gru_h32,,,,,completed,38.0,1.2115914821624756,7.288788018999185,0.0139012999989063,,test,,1,9.0,4152.0,4152.0,4152.0,predictions/beijing_48h_24h_station1013_seed2048_center_gru_h32.npz,checkpoints/beijing_48h_24h_station1013_seed2048_center_gru_h32.pt,training_logs/beijing_48h_24h_station1013_seed2048_center_gru_h32.csv,0.6357394456863403,0.7973327070215672,0.5500965118408203,59.3530158996582,40.94888305664063,54.207801818847656,False,,,center_gru_h32,59.386016845703125,68.12368774414062,test,-12.874628686314468,32.0,center_gru_h32,experiments/results/baseline_v2/reused/backbone_upgrade/experiments/results/trainable_matched/predictions/beijing_48h_24h_station1013_seed2048_center_gru_h32.npz
beijing_48h_24h_station1013_seed2049_center_gru_h32,beijing,48,24,1013,2049,GRU-LSTM,,center_gru_h32,,,,,completed,38.0,1.214885950088501,7.286024049999469,0.0138801990015053,,test,,1,9.0,4152.0,4152.0,4152.0,predictions/beijing_48h_24h_station1013_seed2049_center_gru_h32.npz,checkpoints/beijing_48h_24h_station1013_seed2049_center_gru_h32.pt,training_logs/beijing_48h_24h_station1013_seed2049_center_gru_h32.csv,0.635603129863739,0.7972472200413991,0.5484620332717896,59.34664916992188,40.82721328735352,53.9008903503418,False,,,center_gru_h32,59.386016845703125,70.52690887451172,test,-15.85247373379547,32.0,center_gru_h32,experiments/results/baseline_v2/reused/backbone_upgrade/experiments/results/trainable_matched/predictions/beijing_48h_24h_station1013_seed2049_center_gru_h32.npz
beijing_72h_1h_station1013_seed2047_center_gru_h64,beijing,72,1,1013,2047,GRU-LSTM,,center_gru_h64,,,,,completed,29.0,0.1049221977591514,9.777818926000691,0.0187453010003082,,test,,1,9.0,12929.0,12929.0,12929.0,predictions/beijing_72h_1h_station1013_seed2047_center_gru_h64.npz,checkpoints/beijing_72h_1h_station1013_seed2047_center_gru_h64.pt,training_logs/beijing_72h_1h_station1013_seed2047_center_gru_h64.csv,0.0815108343958854,0.2855010234585604,0.1371293365955352,21.252540588378903,10.20783233642578,16.30929183959961,False,,,center_gru_h64,21.285150527954098,21.06454849243164,test,0.8924572772818105,64.0,center_gru_h64,experiments/results/baseline_v2/reused/backbone_upgrade/experiments/results/trainable_matched/predictions/beijing_72h_1h_station1013_seed2047_center_gru_h64.npz
beijing_72h_1h_station1013_seed2048_center_gru_h64,beijing,72,1,1013,2048,GRU-LSTM,,center_gru_h64,,,,,completed,30.0,0.105470485985279,9.781785844999831,0.0187017000007472,,test,,1,9.0,12929.0,12929.0,12929.0,predictions/beijing_72h_1h_station1013_seed2048_center_gru_h64.npz,checkpoints/beijing_72h_1h_station1013_seed2048_center_gru_h64.pt,training_logs/beijing_72h_1h_station1013_seed2048_center_gru_h64.csv,0.0817258730530738,0.2858773741538037,0.1378420889377594,21.280553817749023,10.26088809967041,16.077011108398438,False,,,center_gru_h64,21.285150527954098,20.968732833862305,test,1.4870759542663472,64.0,center_gru_h64,experiments/results/baseline_v2/reused/backbone_upgrade/experiments/results/trainable_matched/predictions/beijing_72h_1h_station1013_seed2048_center_gru_h64.npz
beijing_72h_1h_station1013_seed2049_center_gru_h64,beijing,72,1,1013,2049,GRU-LSTM,,center_gru_h64,,,,,completed,30.0,0.1056095361709594,9.776703196001108,0.0187793679997412,,test,,1,9.0,12929.0,12929.0,12929.0,predictions/beijing_72h_1h_station1013_seed2049_center_gru_h64.npz,checkpoints/beijing_72h_1h_station1013_seed2049_center_gru_h64.pt,training_logs/beijing_72h_1h_station1013_seed2049_center_gru_h64.csv,0.0820472612977027,0.2864389311837739,0.1379553377628326,21.32235717773437,10.26932144165039,16.427078247070312,False,,,center_gru_h64,21.285150527954098,21.28269386291504,test,0.18636416552721016,64.0,center_gru_h64,experiments/results/baseline_v2/reused/backbone_upgrade/experiments/results/trainable_matched/predictions/beijing_72h_1h_station1013_seed2049_center_gru_h64.npz
beijing_72h_3h_station1013_seed2047_center_gru_h64,beijing,72,3,1013,2047,GRU-LSTM,,center_gru_h64,,,,,completed,28.0,0.2677302062511444,9.784615046999534,0.0187757639996561,,test,,1,9.0,13059.0,13059.0,13059.0,predictions/beijing_72h_3h_station1013_seed2047_center_gru_h64.npz,checkpoints/beijing_72h_3h_station1013_seed2047_center_gru_h64.pt,training_logs/beijing_72h_3h_station1013_seed2047_center_gru_h64.csv,0.1758198738098144,0.4193088048322077,0.2293759882450103,31.21102333068848,17.073476791381836,27.00581932067871,False,,,center_gru_h64,31.26125717163086,31.00885581970215,test,0.6519670127843936,64.0,center_gru_h64,experiments/results/baseline_v2/reused/backbone_upgrade/experiments/results/trainable_matched/predictions/beijing_72h_3h_station1013_seed2047_center_gru_h64.npz
beijing_72h_3h_station1013_seed2048_center_gru_h64,beijing,72,3,1013,2048,GRU-LSTM,,center_gru_h64,,,,,completed,28.0,0.2715489864349365,9.80041813200114,0.0188244510009099,,test,,1,9.0,13059.0,13059.0,13059.0,predictions/beijing_72h_3h_station1013_seed2048_center_gru_h64.npz,checkpoints/beijing_72h_3h_station1013_seed2048_center_gru_h64.pt,training_logs/beijing_72h_3h_station1013_seed2048_center_gru_h64.csv,0.1762928515672683,0.4198724229659151,0.225997045636177,31.252973556518555,16.82196617126465,25.344606399536133,False,,,center_gru_h64,31.26125717163086,31.21354103088379,test,0.12633147131800804,64.0,center_gru_h64,experiments/results/baseline_v2/reused/backbone_upgrade/experiments/results/trainable_matched/predictions/beijing_72h_3h_station1013_seed2048_center_gru_h64.npz
beijing_72h_3h_station1013_seed2049_center_gru_h64,beijing,72,3,1013,2049,GRU-LSTM,,center_gru_h64,,,,,completed,30.0,0.2720296680927276,9.78847006399883,0.01872100699984,,test,,1,9.0,13059.0,13059.0,13059.0,predictions/beijing_72h_3h_station1013_seed2049_center_gru_h64.npz,checkpoints/beijing_72h_3h_station1013_seed2049_center_gru_h64.pt,training_logs/beijing_72h_3h_station1013_seed2049_center_gru_h64.csv,0.1770472824573516,0.4207698687612407,0.2254536151885986,31.319774627685547,16.781517028808594,24.81609916687012,False,,,center_gru_h64,31.26125717163086,31.59510612487793,test,-0.8714371653133562,64.0,center_gru_h64,experiments/results/baseline_v2/reused/backbone_upgrade/experiments/results/trainable_matched/predictions/beijing_72h_3h_station1013_seed2049_center_gru_h64.npz
beijing_72h_6h_station1013_seed2047_center_gru_h64,beijing,72,6,1013,2047,GRU-LSTM,,center_gru_h64,,,,,completed,28.0,0.4883590340614319,9.812249804999738,0.0187252609994175,,test,,1,9.0,13254.0,13254.0,13254.0,predictions/beijing_72h_6h_station1013_seed2047_center_gru_h64.npz,checkpoints/beijing_72h_6h_station1013_seed2047_center_gru_h64.pt,training_logs/beijing_72h_6h_station1013_seed2047_center_gru_h64.csv,0.2898398637771606,0.5383677774320828,0.3162373006343841,40.07045364379883,23.537391662597656,33.31033706665039,False,,,center_gru_h64,40.009595235188804,41.74861526489258,test,-4.019682115073543,64.0,center_gru_h64,experiments/results/baseline_v2/reused/backbone_upgrade/experiments/results/trainable_matched/predictions/beijing_72h_6h_station1013_seed2047_center_gru_h64.npz
beijing_72h_6h_station1013_seed2048_center_gru_h64,beijing,72,6,1013,2048,GRU-LSTM,,center_gru_h64,,,,,completed,30.0,0.4794539213180542,9.801142303000232,0.018713323999691,,test,,1,9.0,13254.0,13254.0,13254.0,predictions/beijing_72h_6h_station1013_seed2048_center_gru_h64.npz,checkpoints/beijing_72h_6h_station1013_seed2048_center_gru_h64.pt,training_logs/beijing_72h_6h_station1013_seed2048_center_gru_h64.csv,0.2887917459011078,0.5373934740030881,0.3136742711067199,39.99794006347656,23.34662628173828,33.65129089355469,False,,,center_gru_h64,40.009595235188804,41.156280517578125,test,-2.814492562336452,64.0,center_gru_h64,experiments/results/baseline_v2/reused/backbone_upgrade/experiments/results/trainable_matched/predictions/beijing_72h_6h_station1013_seed2048_center_gru_h64.npz
beijing_72h_6h_station1013_seed2049_center_gru_h64,beijing,72,6,1013,2049,GRU-LSTM,,center_gru_h64,,,,,completed,26.0,0.4840282797813415,9.80020517400044,0.0188143769992166,,test,,1,9.0,13254.0,13254.0,13254.0,predictions/beijing_72h_6h_station1013_seed2049_center_gru_h64.npz,checkpoints/beijing_72h_6h_station1013_seed2049_center_gru_h64.pt,training_logs/beijing_72h_6h_station1013_seed2049_center_gru_h64.csv,0.2882498204708099,0.5368890206279227,0.3178325295448303,39.960391998291016,23.65612030029297,34.442962646484375,False,,,center_gru_h64,40.009595235188804,41.276737213134766,test,-3.189072837920127,64.0,center_gru_h64,experiments/results/baseline_v2/reused/backbone_upgrade/experiments/results/trainable_matched/predictions/beijing_72h_6h_station1013_seed2049_center_gru_h64.npz
beijing_72h_12h_station1013_seed2047_center_gru_h48,beijing,72,12,1013,2047,GRU-LSTM,,center_gru_h48,,,,,completed,29.0,0.8108640313148499,7.719504535998567,0.015123400999073,,test,,1,9.0,7932.0,7932.0,7932.0,predictions/beijing_72h_12h_station1013_seed2047_center_gru_h48.npz,checkpoints/beijing_72h_12h_station1013_seed2047_center_gru_h48.pt,training_logs/beijing_72h_12h_station1013_seed2047_center_gru_h48.csv,0.451334536075592,0.6718143613198456,0.4328479170799255,50.001312255859375,32.21569061279297,44.42601776123047,False,,,center_gru_h48,50.04885228474935,56.09211349487305,test,-10.858569698163336,48.0,center_gru_h48,experiments/results/baseline_v2/reused/backbone_upgrade/experiments/results/trainable_matched/predictions/beijing_72h_12h_station1013_seed2047_center_gru_h48.npz
beijing_72h_12h_station1013_seed2048_center_gru_h48,beijing,72,12,1013,2048,GRU-LSTM,,center_gru_h48,,,,,completed,28.0,0.8126922249794006,7.713132578999648,0.0150238339992938,,test,,1,9.0,7932.0,7932.0,7932.0,predictions/beijing_72h_12h_station1013_seed2048_center_gru_h48.npz,checkpoints/beijing_72h_12h_station1013_seed2048_center_gru_h48.pt,training_logs/beijing_72h_12h_station1013_seed2048_center_gru_h48.csv,0.452242761850357,0.6724899715611803,0.4316792488098144,50.05159378051758,32.12870788574219,44.046783447265625,False,,,center_gru_h48,50.04885228474935,55.03749084472656,test,-9.059092243640519,48.0,center_gru_h48,experiments/results/baseline_v2/reused/backbone_upgrade/experiments/results/trainable_matched/predictions/beijing_72h_12h_station1013_seed2048_center_gru_h48.npz
beijing_72h_12h_station1013_seed2049_center_gru_h48,beijing,72,12,1013,2049,GRU-LSTM,,center_gru_h48,,,,,completed,29.0,0.8121911883354187,7.719001688999924,0.0150443959992117,,test,,1,9.0,7932.0,7932.0,7932.0,predictions/beijing_72h_12h_station1013_seed2049_center_gru_h48.npz,checkpoints/beijing_72h_12h_station1013_seed2049_center_gru_h48.pt,training_logs/beijing_72h_12h_station1013_seed2049_center_gru_h48.csv,0.4530030190944671,0.673054989651267,0.4338805973529815,50.09365081787109,32.29254913330078,44.30736923217773,False,,,center_gru_h48,50.04885228474935,54.70387268066406,test,-8.427596871807086,48.0,center_gru_h48,experiments/results/baseline_v2/reused/backbone_upgrade/experiments/results/trainable_matched/predictions/beijing_72h_12h_station1013_seed2049_center_gru_h48.npz
beijing_72h_24h_station1013_seed2047_center_gru_h64,beijing,72,24,1013,2047,GRU-LSTM,,center_gru_h64,,,,,completed,30.0,1.2125895023345947,9.7612456629995,0.0187796579994028,,test,,1,9.0,14424.0,14424.0,14424.0,predictions/beijing_72h_24h_station1013_seed2047_center_gru_h64.npz,checkpoints/beijing_72h_24h_station1013_seed2047_center_gru_h64.pt,training_logs/beijing_72h_24h_station1013_seed2047_center_gru_h64.csv,0.6312168836593628,0.7944915881614876,0.5479555130004883,59.118797302246094,40.77383804321289,53.79568862915039,False,,,center_gru_h64,59.517083485921226,65.6296157836914,test,-9.920549440521354,64.0,center_gru_h64,experiments/results/baseline_v2/reused/backbone_upgrade/experiments/results/trainable_matched/predictions/beijing_72h_24h_station1013_seed2047_center_gru_h64.npz
beijing_72h_24h_station1013_seed2048_center_gru_h64,beijing,72,24,1013,2048,GRU-LSTM,,center_gru_h64,,,,,completed,21.0,1.2241657972335815,8.79267691899986,0.0187783679994026,,test,,1,9.0,14424.0,14424.0,14424.0,predictions/beijing_72h_24h_station1013_seed2048_center_gru_h64.npz,checkpoints/beijing_72h_24h_station1013_seed2048_center_gru_h64.pt,training_logs/beijing_72h_24h_station1013_seed2048_center_gru_h64.csv,0.645626425743103,0.8035088211980644,0.5596008896827698,59.789772033691406,41.64037704467773,55.06808853149414,False,,,center_gru_h64,59.517083485921226,64.7675552368164,test,-7.685612317655359,64.0,center_gru_h64,experiments/results/baseline_v2/reused/backbone_upgrade/experiments/results/trainable_matched/predictions/beijing_72h_24h_station1013_seed2048_center_gru_h64.npz
beijing_72h_24h_station1013_seed2049_center_gru_h64,beijing,72,24,1013,2049,GRU-LSTM,,center_gru_h64,,,,,completed,30.0,1.2212368249893188,9.75592275300005,0.0187461499990604,,test,,1,9.0,14424.0,14424.0,14424.0,predictions/beijing_72h_24h_station1013_seed2049_center_gru_h64.npz,checkpoints/beijing_72h_24h_station1013_seed2049_center_gru_h64.pt,training_logs/beijing_72h_24h_station1013_seed2049_center_gru_h64.csv,0.642453670501709,0.8015320770260596,0.5545599460601807,59.64268112182617,41.26527786254883,54.50661849975586,False,,,center_gru_h64,59.517083485921226,68.50748443603516,test,-12.939904869059927,64.0,center_gru_h64,experiments/results/baseline_v2/reused/backbone_upgrade/experiments/results/trainable_matched/predictions/beijing_72h_24h_station1013_seed2049_center_gru_h64.npz
beijing_168h_1h_station1013_seed2047_center_gru_h64,beijing,168,1,1013,2047,GRU-LSTM,,center_gru_h64,,,,,completed,30.0,0.1004770845174789,24.87882134999927,0.0462498420001793,,test,,1,9.0,12929.0,12929.0,12929.0,predictions/beijing_168h_1h_station1013_seed2047_center_gru_h64.npz,checkpoints/beijing_168h_1h_station1013_seed2047_center_gru_h64.pt,training_logs/beijing_168h_1h_station1013_seed2047_center_gru_h64.csv,0.0820692405104637,0.2864772949300934,0.138795256614685,21.294353485107425,10.316890716552734,17.277040481567383,False,,,center_gru_h64,21.39600880940755,21.871671676635746,test,-2.6395704912900473,64.0,center_gru_h64,experiments/results/baseline_v2/reused/backbone_upgrade/experiments/results/trainable_matched/predictions/beijing_168h_1h_station1013_seed2047_center_gru_h64.npz
beijing_168h_1h_station1013_seed2048_center_gru_h64,beijing,168,1,1013,2048,GRU-LSTM,,center_gru_h64,,,,,completed,30.0,0.1046554371714592,24.71037782499843,0.0461228719996142,,test,,1,9.0,12929.0,12929.0,12929.0,predictions/beijing_168h_1h_station1013_seed2048_center_gru_h64.npz,checkpoints/beijing_168h_1h_station1013_seed2048_center_gru_h64.pt,training_logs/beijing_168h_1h_station1013_seed2048_center_gru_h64.csv,0.083515927195549,0.2889912233884431,0.1420707255601883,21.481216430664062,10.560361862182615,16.37503433227539,False,,,center_gru_h64,21.39600880940755,21.76912498474121,test,-1.3225545550358788,64.0,center_gru_h64,experiments/results/baseline_v2/reused/backbone_upgrade/experiments/results/trainable_matched/predictions/beijing_168h_1h_station1013_seed2048_center_gru_h64.npz
beijing_168h_1h_station1013_seed2049_center_gru_h64,beijing,168,1,1013,2049,GRU-LSTM,,center_gru_h64,,,,,completed,30.0,0.1027143076062202,24.72666165999908,0.0464135519996489,,test,,1,9.0,12929.0,12929.0,12929.0,predictions/beijing_168h_1h_station1013_seed2049_center_gru_h64.npz,checkpoints/beijing_168h_1h_station1013_seed2049_center_gru_h64.pt,training_logs/beijing_168h_1h_station1013_seed2049_center_gru_h64.csv,0.0829821228981018,0.2880661779836393,0.1402348577976226,21.41245651245117,10.42389965057373,16.699323654174805,False,,,center_gru_h64,21.39600880940755,22.61062812805176,test,-5.299152278366329,64.0,center_gru_h64,experiments/results/baseline_v2/reused/backbone_upgrade/experiments/results/trainable_matched/predictions/beijing_168h_1h_station1013_seed2049_center_gru_h64.npz
beijing_168h_3h_station1013_seed2047_center_gru_h64,beijing,168,3,1013,2047,GRU-LSTM,,center_gru_h64,,,,,completed,30.0,0.2623420059680938,24.71769672100163,0.0462291730000288,,test,,1,9.0,13059.0,13059.0,13059.0,predictions/beijing_168h_3h_station1013_seed2047_center_gru_h64.npz,checkpoints/beijing_168h_3h_station1013_seed2047_center_gru_h64.pt,training_logs/beijing_168h_3h_station1013_seed2047_center_gru_h64.csv,0.177434891462326,0.4212302119534235,0.2252755910158157,31.3103084564209,16.744876861572266,24.58144187927246,False,,,center_gru_h64,31.31457773844401,31.7686710357666,test,-1.442813200557423,64.0,center_gru_h64,experiments/results/baseline_v2/reused/backbone_upgrade/experiments/results/trainable_matched/predictions/beijing_168h_3h_station1013_seed2047_center_gru_h64.npz
beijing_168h_3h_station1013_seed2048_center_gru_h64,beijing,168,3,1013,2048,GRU-LSTM,,center_gru_h64,,,,,completed,30.0,0.2631237804889679,24.72869061900019,0.0462223939994146,,test,,1,9.0,13059.0,13059.0,13059.0,predictions/beijing_168h_3h_station1013_seed2048_center_gru_h64.npz,checkpoints/beijing_168h_3h_station1013_seed2048_center_gru_h64.pt,training_logs/beijing_168h_3h_station1013_seed2048_center_gru_h64.csv,0.1767326742410659,0.4203958542148887,0.2255628407001495,31.248291015625,16.766231536865234,24.92355728149414,False,,,center_gru_h64,31.31457773844401,31.73417854309082,test,-1.5311173938409948,64.0,center_gru_h64,experiments/results/baseline_v2/reused/backbone_upgrade/experiments/results/trainable_matched/predictions/beijing_168h_3h_station1013_seed2048_center_gru_h64.npz
beijing_168h_3h_station1013_seed2049_center_gru_h64,beijing,168,3,1013,2049,GRU-LSTM,,center_gru_h64,,,,,completed,30.0,0.2640846371650696,24.74046494399954,0.0463922180006193,,test,,1,9.0,13059.0,13059.0,13059.0,predictions/beijing_168h_3h_station1013_seed2049_center_gru_h64.npz,checkpoints/beijing_168h_3h_station1013_seed2049_center_gru_h64.pt,training_logs/beijing_168h_3h_station1013_seed2049_center_gru_h64.csv,0.1782839596271515,0.422236852521368,0.2284894287586212,31.385133743286133,16.983762741088867,26.164424896240234,False,,,center_gru_h64,31.31457773844401,32.07843780517578,test,-2.1612775101466615,64.0,center_gru_h64,experiments/results/baseline_v2/reused/backbone_upgrade/experiments/results/trainable_matched/predictions/beijing_168h_3h_station1013_seed2049_center_gru_h64.npz
beijing_168h_6h_station1013_seed2047_center_gru_h64,beijing,168,6,1013,2047,GRU-LSTM,,center_gru_h64,,,,,completed,28.0,0.4776433706283569,24.76982554499955,0.0462193179992027,,test,,1,9.0,13254.0,13254.0,13254.0,predictions/beijing_168h_6h_station1013_seed2047_center_gru_h64.npz,checkpoints/beijing_168h_6h_station1013_seed2047_center_gru_h64.pt,training_logs/beijing_168h_6h_station1013_seed2047_center_gru_h64.csv,0.2924824059009552,0.5408164253246708,0.3160554766654968,40.1992301940918,23.492605209350582,33.39552307128906,False,,,center_gru_h64,40.167344665527345,42.01683807373047,test,-4.325903525746424,64.0,center_gru_h64,experiments/results/baseline_v2/reused/backbone_upgrade/experiments/results/trainable_matched/predictions/beijing_168h_6h_station1013_seed2047_center_gru_h64.npz
beijing_168h_6h_station1013_seed2048_center_gru_h64,beijing,168,6,1013,2048,GRU-LSTM,,center_gru_h64,,,,,completed,29.0,0.4740868806838989,24.762227406999955,0.046526937998351,,test,,1,9.0,13254.0,13254.0,13254.0,predictions/beijing_168h_6h_station1013_seed2048_center_gru_h64.npz,checkpoints/beijing_168h_6h_station1013_seed2048_center_gru_h64.pt,training_logs/beijing_168h_6h_station1013_seed2048_center_gru_h64.csv,0.2945733964443207,0.5427461620724007,0.3231299817562103,40.34267044067383,24.018457412719727,35.69780349731445,False,,,center_gru_h64,40.167344665527345,42.51594543457031,test,-5.111670390209326,64.0,center_gru_h64,experiments/results/baseline_v2/reused/backbone_upgrade/experiments/results/trainable_matched/predictions/beijing_168h_6h_station1013_seed2048_center_gru_h64.npz
beijing_168h_6h_station1013_seed2049_center_gru_h64,beijing,168,6,1013,2049,GRU-LSTM,,center_gru_h64,,,,,completed,29.0,0.4733196198940277,24.78799677400093,0.0461124110006494,,test,,1,9.0,13254.0,13254.0,13254.0,predictions/beijing_168h_6h_station1013_seed2049_center_gru_h64.npz,checkpoints/beijing_168h_6h_station1013_seed2049_center_gru_h64.pt,training_logs/beijing_168h_6h_station1013_seed2049_center_gru_h64.csv,0.2905414998531341,0.5390190162258973,0.3155993223190307,40.06562423706055,23.45869827270508,33.62299346923828,False,,,center_gru_h64,40.167344665527345,42.00048828125,test,-4.606765595754328,64.0,center_gru_h64,experiments/results/baseline_v2/reused/backbone_upgrade/experiments/results/trainable_matched/predictions/beijing_168h_6h_station1013_seed2049_center_gru_h64.npz
beijing_168h_6h_station1013_seed2050_center_gru_h64,beijing,168,6,1013,2050,GRU-LSTM,,center_gru_h64,,,,,completed,29.0,0.4764440655708313,24.775091382000028,0.0461932549987977,,test,,1,9.0,13254.0,13254.0,13254.0,predictions/beijing_168h_6h_station1013_seed2050_center_gru_h64.npz,checkpoints/beijing_168h_6h_station1013_seed2050_center_gru_h64.pt,training_logs/beijing_168h_6h_station1013_seed2050_center_gru_h64.csv,0.2910627126693725,0.5395022823578901,0.3161074519157409,40.10154724121094,23.49646759033203,33.71500396728516,False,,,center_gru_h64,40.167344665527345,42.20603942871094,test,-4.986234709500852,64.0,center_gru_h64,experiments/results/baseline_v2/reused/backbone_upgrade/experiments/results/trainable_matched/predictions/beijing_168h_6h_station1013_seed2050_center_gru_h64.npz
beijing_168h_6h_station1013_seed2051_center_gru_h64,beijing,168,6,1013,2051,GRU-LSTM,,center_gru_h64,,,,,completed,30.0,0.477328360080719,24.768708162999246,0.0460860530001809,,test,,1,9.0,13254.0,13254.0,13254.0,predictions/beijing_168h_6h_station1013_seed2051_center_gru_h64.npz,checkpoints/beijing_168h_6h_station1013_seed2051_center_gru_h64.pt,training_logs/beijing_168h_6h_station1013_seed2051_center_gru_h64.csv,0.291441798210144,0.5398534969879736,0.3159680366516113,40.12765121459961,23.486103057861328,33.317195892333984,False,,,center_gru_h64,40.167344665527345,41.76411056518555,test,-3.9183388043946175,64.0,center_gru_h64,experiments/results/baseline_v2/reused/backbone_upgrade/experiments/results/trainable_matched/predictions/beijing_168h_6h_station1013_seed2051_center_gru_h64.npz
beijing_168h_12h_station1013_seed2047_center_gru_h48,beijing,168,12,1013,2047,GRU-LSTM,,center_gru_h48,,,,,completed,29.0,0.8153629302978516,17.44494221700006,0.038674050998452,,test,,1,9.0,7932.0,7932.0,7932.0,predictions/beijing_168h_12h_station1013_seed2047_center_gru_h48.npz,checkpoints/beijing_168h_12h_station1013_seed2047_center_gru_h48.pt,training_logs/beijing_168h_12h_station1013_seed2047_center_gru_h48.csv,0.45890873670578,0.6774280306466363,0.4351633489131927,50.35980987548828,32.34991836547852,44.11162567138672,False,,,center_gru_h48,50.32923380533854,54.23294448852539,test,-7.141663890030141,48.0,center_gru_h48,experiments/results/baseline_v2/reused/backbone_upgrade/experiments/results/trainable_matched/predictions/beijing_168h_12h_station1013_seed2047_center_gru_h48.npz
beijing_168h_12h_station1013_seed2048_center_gru_h48,beijing,168,12,1013,2048,GRU-LSTM,,center_gru_h48,,,,,completed,29.0,0.8118407726287842,17.43449900700034,0.0386324139999487,,test,,1,9.0,7932.0,7932.0,7932.0,predictions/beijing_168h_12h_station1013_seed2048_center_gru_h48.npz,checkpoints/beijing_168h_12h_station1013_seed2048_center_gru_h48.pt,training_logs/beijing_168h_12h_station1013_seed2048_center_gru_h48.csv,0.4576319456100464,0.6764849928934465,0.4360705018043518,50.28970336914063,32.417362213134766,44.44809722900391,False,,,center_gru_h48,50.32923380533854,55.16896057128906,test,-8.844207234688568,48.0,center_gru_h48,experiments/results/baseline_v2/reused/backbone_upgrade/experiments/results/trainable_matched/predictions/beijing_168h_12h_station1013_seed2048_center_gru_h48.npz
beijing_168h_12h_station1013_seed2049_center_gru_h48,beijing,168,12,1013,2049,GRU-LSTM,,center_gru_h48,,,,,completed,30.0,0.8167120218276978,17.444083831998796,0.0384851460003119,,test,,1,9.0,7932.0,7932.0,7932.0,predictions/beijing_168h_12h_station1013_seed2049_center_gru_h48.npz,checkpoints/beijing_168h_12h_station1013_seed2049_center_gru_h48.pt,training_logs/beijing_168h_12h_station1013_seed2049_center_gru_h48.csv,0.4585147202014923,0.6771371502151483,0.4364716708660126,50.33818817138672,32.44718170166016,44.37343597412109,False,,,center_gru_h48,50.32923380533854,58.07843780517578,test,-13.327234557778127,48.0,center_gru_h48,experiments/results/baseline_v2/reused/backbone_upgrade/experiments/results/trainable_matched/predictions/beijing_168h_12h_station1013_seed2049_center_gru_h48.npz
beijing_168h_24h_station1013_seed2047_center_gru_h48,beijing,168,24,1013,2047,GRU-LSTM,,center_gru_h48,,,,,completed,22.0,1.2201168537139893,16.28520185399975,0.0383206890001019,,test,,1,9.0,8520.0,8520.0,8520.0,predictions/beijing_168h_24h_station1013_seed2047_center_gru_h48.npz,checkpoints/beijing_168h_24h_station1013_seed2047_center_gru_h48.pt,training_logs/beijing_168h_24h_station1013_seed2047_center_gru_h48.csv,0.6538997888565063,0.8086407044271926,0.5699486136436462,60.1476936340332,42.39347457885742,56.00393295288086,False,,,center_gru_h48,59.961569468180336,67.65840148925781,test,-11.100924186654176,48.0,center_gru_h48,experiments/results/baseline_v2/reused/backbone_upgrade/experiments/results/trainable_matched/predictions/beijing_168h_24h_station1013_seed2047_center_gru_h48.npz
beijing_168h_24h_station1013_seed2048_center_gru_h48,beijing,168,24,1013,2048,GRU-LSTM,,center_gru_h48,,,,,completed,30.0,1.2247751951217651,17.41892019199986,0.0384495889993559,,test,,1,9.0,8520.0,8520.0,8520.0,predictions/beijing_168h_24h_station1013_seed2048_center_gru_h48.npz,checkpoints/beijing_168h_24h_station1013_seed2048_center_gru_h48.pt,training_logs/beijing_168h_24h_station1013_seed2048_center_gru_h48.csv,0.6474496126174927,0.8046425371663448,0.5614919066429138,59.85030746459961,41.764461517333984,55.21403121948242,False,,,center_gru_h48,59.961569468180336,72.7971420288086,test,-17.784811605770773,48.0,center_gru_h48,experiments/results/baseline_v2/reused/backbone_upgrade/experiments/results/trainable_matched/predictions/beijing_168h_24h_station1013_seed2048_center_gru_h48.npz
beijing_168h_24h_station1013_seed2049_center_gru_h48,beijing,168,24,1013,2049,GRU-LSTM,,center_gru_h48,,,,,completed,28.0,1.2206798791885376,17.42158957799984,0.0380387479999626,,test,,1,9.0,8520.0,8520.0,8520.0,predictions/beijing_168h_24h_station1013_seed2049_center_gru_h48.npz,checkpoints/beijing_168h_24h_station1013_seed2049_center_gru_h48.pt,training_logs/beijing_168h_24h_station1013_seed2049_center_gru_h48.csv,0.6482374668121338,0.8051319561488873,0.5616125464439392,59.8867073059082,41.7734375,55.17803955078125,False,,,center_gru_h48,59.961569468180336,66.645751953125,test,-10.141748647341757,48.0,center_gru_h48,experiments/results/baseline_v2/reused/backbone_upgrade/experiments/results/trainable_matched/predictions/beijing_168h_24h_station1013_seed2049_center_gru_h48.npz
