run_id,city,history,horizon,station_id,seed,capacity_candidate,neighbor_hidden_dim,spatial_pool_bins,forecast_alpha_init,forecast_alpha_max,status,selected_variant,selected_arm,selected_capacity,selected_best_valid_loss,source_checkpoint,best_epoch,best_valid_loss,training_seconds,test_inference_seconds,prediction_file,checkpoint_file,parameter_count,trainable_parameter_count,backbone_parameter_count,backbone_frozen,zero_init_max_abs,zero_init_tolerance,zero_init_ok,mse_scaled,rmse_scaled,mae_scaled,rmse_ugm3,mae_ugm3,smape_percent,backbone_mse_scaled,backbone_rmse_scaled,backbone_mae_scaled,backbone_rmse_ugm3,backbone_mae_ugm3,backbone_smape_percent,alpha,spatial_residual_rms_ratio,gate_normalized_entropy,null_neighbor_weight_mean,gate_sample_std_mean,neighbor_out_weight_norm,spatial_forecast_weight_norm,fusion_stage,learning_rate_retry,failure_reason,backbone_output_finite,mounted_output_finite,backbone_nonfinite_count,mounted_nonfinite_count,retry_reason
beijing_24h_1h_station1013_seed2047_cap32_b4_a10,beijing,24,1,1013,2047,cap32_b4_a10,32,4,0.1,0.5,completed,center_lstm_matched,center_lstm,matched,0.0975752398371696,/home/hansel/Documents/ITProject/Python/PatchTST/experiments/results/baselines/beijing/24h_1h/checkpoints/center_lstm_matched_seed2047.pt,22.0,0.0887220054864883,5.911744293000083,0.016361460002372,predictions/beijing_24h_1h_station1013_seed2047_cap32_b4_a10.npz,checkpoints/beijing_24h_1h_station1013_seed2047_cap32_b4_a10.pt,25676.0,4588.0,21088.0,True,0.0,1e-06,True,0.0738573595881462,0.2717671054195967,0.1331592798233032,20.25200653076172,9.922990798950195,16.98555564880371,0.0780031010508537,0.2792903525918032,0.1331538707017898,20.81263732910156,9.922589302062988,16.309703826904297,0.1308884471654892,0.0558889014227112,0.6018921732902527,0.0850480645895004,0.0450749583542346,0.0,0.6696025729179382,forecast,False,,,,,,
beijing_24h_1h_station1013_seed2047_cap128_b4_a10,beijing,24,1,1013,2047,cap128_b4_a10,128,4,0.1,0.5,completed,center_lstm_matched,center_lstm,matched,0.0975752398371696,/home/hansel/Documents/ITProject/Python/PatchTST/experiments/results/baselines/beijing/24h_1h/checkpoints/center_lstm_matched_seed2047.pt,3.0,0.0965983942151069,3.7780010200003744,0.0445109970023622,predictions/beijing_24h_1h_station1013_seed2047_cap128_b4_a10.npz,checkpoints/beijing_24h_1h_station1013_seed2047_cap128_b4_a10.pt,76172.0,55084.0,21088.0,True,0.0,1e-06,True,0.077619083225727,0.2786020158321312,0.133723571896553,20.761343002319336,9.965043067932127,16.760417938232422,0.0780031010508537,0.2792903525918032,0.1331538707017898,20.81263732910156,9.922589302062988,16.309703826904297,0.0988544374704361,0.0145860840997568,0.6074606776237488,0.2634268999099731,0.0594521909952163,0.0,0.1615121960639953,forecast,False,,,,,,
beijing_24h_1h_station1013_seed2047_cap128_b8_a20,beijing,24,1,1013,2047,cap128_b8_a20,128,8,0.2,0.5,completed,center_lstm_matched,center_lstm,matched,0.0975752398371696,/home/hansel/Documents/ITProject/Python/PatchTST/experiments/results/baselines/beijing/24h_1h/checkpoints/center_lstm_matched_seed2047.pt,36.0,0.0856410637497901,11.91158874300163,0.0224446680003893,predictions/beijing_24h_1h_station1013_seed2047_cap128_b8_a20.npz,checkpoints/beijing_24h_1h_station1013_seed2047_cap128_b8_a20.pt,76684.0,55596.0,21088.0,True,0.0,1e-06,True,0.071582444012165,0.2675489562905545,0.1348233222961425,19.937673568725582,10.046996116638184,17.582242965698242,0.0780031010508537,0.2792903525918032,0.1331538707017898,20.81263732910156,9.922589302062988,16.309703826904297,0.2265682518482208,0.0713311005781031,0.5921955108642578,0.2805581092834472,0.0462988466024398,0.0,0.6331036686897278,forecast,False,,,,,,
beijing_24h_1h_station1013_seed2048_cap32_b4_a10,beijing,24,1,1013,2048,cap32_b4_a10,32,4,0.1,0.5,completed,center_lstm_matched,center_lstm,matched,0.0974127873778343,/home/hansel/Documents/ITProject/Python/PatchTST/experiments/results/baselines/beijing/24h_1h/checkpoints/center_lstm_matched_seed2048.pt,19.0,0.0903684049844741,4.919045211005141,0.0104999849936575,predictions/beijing_24h_1h_station1013_seed2048_cap32_b4_a10.npz,checkpoints/beijing_24h_1h_station1013_seed2048_cap32_b4_a10.pt,25676.0,4588.0,21088.0,True,0.0,1e-06,True,0.0734477788209915,0.2710125067612037,0.1312737911939621,20.195775985717773,9.782485961914062,16.416379928588867,0.0772746726870536,0.2779832237510992,0.1334502846002578,20.71523094177246,9.944676399230955,16.576162338256836,0.1256143897771835,0.0516983074926952,0.6047126054763794,0.0849020928144455,0.0449255630373954,0.0,0.7730575799942017,forecast,False,,,,,,
beijing_24h_1h_station1013_seed2048_cap128_b4_a10,beijing,24,1,1013,2048,cap128_b4_a10,128,4,0.1,0.5,completed,center_lstm_matched,center_lstm,matched,0.0974127873778343,/home/hansel/Documents/ITProject/Python/PatchTST/experiments/results/baselines/beijing/24h_1h/checkpoints/center_lstm_matched_seed2048.pt,33.0,0.0898967459797859,11.889584974000172,0.0223655859954305,predictions/beijing_24h_1h_station1013_seed2048_cap128_b4_a10.npz,checkpoints/beijing_24h_1h_station1013_seed2048_cap128_b4_a10.pt,76172.0,55084.0,21088.0,True,0.0,1e-06,True,0.0720578655600547,0.268435961748896,0.131890133023262,20.00377082824707,9.828415870666504,16.74732780456543,0.0772746726870536,0.2779832237510992,0.1334502846002578,20.71523094177246,9.944676399230955,16.576162338256836,0.1251997202634811,0.056701589924872,0.6088652610778809,0.1157592684030532,0.0490743182599544,0.0,0.5726010799407959,forecast,False,,,,,,
beijing_24h_1h_station1013_seed2048_cap128_b8_a20,beijing,24,1,1013,2048,cap128_b8_a20,128,8,0.2,0.5,completed,center_lstm_matched,center_lstm,matched,0.0974127873778343,/home/hansel/Documents/ITProject/Python/PatchTST/experiments/results/baselines/beijing/24h_1h/checkpoints/center_lstm_matched_seed2048.pt,5.0,0.088221438229084,3.9640791560013895,0.0224760589990182,predictions/beijing_24h_1h_station1013_seed2048_cap128_b8_a20.npz,checkpoints/beijing_24h_1h_station1013_seed2048_cap128_b8_a20.pt,76684.0,55596.0,21088.0,True,0.0,1e-06,True,0.0745885893702507,0.2731091162342456,0.1344957649707794,20.352014541625977,10.02258586883545,16.911163330078125,0.0772746726870536,0.2779832237510992,0.1334502846002578,20.71523094177246,9.944676399230955,16.576162338256836,0.2032404839992523,0.0613516132696643,0.6143594980239868,0.1339016109704971,0.0602382868528366,0.0,0.3758999109268188,forecast,False,,,,,,
beijing_24h_1h_station1013_seed2049_cap32_b4_a10,beijing,24,1,1013,2049,cap32_b4_a10,32,4,0.1,0.5,completed,center_lstm_default,center_lstm,default,0.0972211062908172,/home/hansel/Documents/ITProject/Python/PatchTST/experiments/results/baselines/beijing/24h_1h/checkpoints/center_lstm_default_seed2049.pt,37.0,0.0881445705890655,7.416216792997147,0.0108766470002592,predictions/beijing_24h_1h_station1013_seed2049_cap32_b4_a10.npz,checkpoints/beijing_24h_1h_station1013_seed2049_cap32_b4_a10.pt,45889.0,4588.0,41301.0,True,0.0,1e-06,True,0.0748184323310852,0.2735295821864341,0.132728025317192,20.38334846496582,9.89085292816162,16.96399688720703,0.0799228474497795,0.2827062918468203,0.1324838548898697,21.06719207763672,9.872658729553224,15.929770469665527,0.1355988085269928,0.056470014260137,0.6043082475662231,0.0993915498256683,0.0427552908658981,0.0,0.7437865734100342,forecast,False,,,,,,
beijing_24h_1h_station1013_seed2049_cap128_b4_a10,beijing,24,1,1013,2049,cap128_b4_a10,128,4,0.1,0.5,completed,center_lstm_default,center_lstm,default,0.0972211062908172,/home/hansel/Documents/ITProject/Python/PatchTST/experiments/results/baselines/beijing/24h_1h/checkpoints/center_lstm_default_seed2049.pt,19.0,0.0891052260994911,8.703469467000104,0.0235919010010547,predictions/beijing_24h_1h_station1013_seed2049_cap128_b4_a10.npz,checkpoints/beijing_24h_1h_station1013_seed2049_cap128_b4_a10.pt,96385.0,55084.0,41301.0,True,0.0,1e-06,True,0.0754341557621955,0.2746527912878287,0.1322321444749832,20.4670467376709,9.853901863098145,16.771766662597656,0.0799228474497795,0.2827062918468203,0.1324838548898697,21.06719207763672,9.872658729553224,15.929770469665527,0.1219510361552238,0.0528052208928134,0.6043972373008728,0.118766576051712,0.0537536852061748,0.0,0.5939123034477234,forecast,False,,,,,,
beijing_24h_1h_station1013_seed2049_cap128_b8_a20,beijing,24,1,1013,2049,cap128_b8_a20,128,8,0.2,0.5,completed,center_lstm_default,center_lstm,default,0.0972211062908172,/home/hansel/Documents/ITProject/Python/PatchTST/experiments/results/baselines/beijing/24h_1h/checkpoints/center_lstm_default_seed2049.pt,7.0,0.087518036365509,4.561789578998287,0.023571413999889,predictions/beijing_24h_1h_station1013_seed2049_cap128_b8_a20.npz,checkpoints/beijing_24h_1h_station1013_seed2049_cap128_b8_a20.pt,96897.0,55596.0,41301.0,True,0.0,1e-06,True,0.0761642530560493,0.2759787184839609,0.1372094303369522,20.56585693359375,10.224808692932127,18.06335830688477,0.0799228474497795,0.2827062918468203,0.1324838548898697,21.06719207763672,9.872658729553224,15.929770469665527,0.2059890180826187,0.0674411016380088,0.6111366152763367,0.132529929280281,0.0589657872915267,0.0,0.4485335946083069,forecast,False,,,,,,
beijing_24h_1h_station1013_seed2050_cap32_b4_a10,beijing,24,1,1013,2050,cap32_b4_a10,32,4,0.1,0.5,completed,center_lstm_default,center_lstm,default,0.0975387766957283,/home/hansel/Documents/ITProject/Python/PatchTST/experiments/results/baselines/beijing/24h_1h/checkpoints/center_lstm_default_seed2050.pt,25.0,0.090206429362297,6.115364029996272,0.0108900600025663,predictions/beijing_24h_1h_station1013_seed2050_cap32_b4_a10.npz,checkpoints/beijing_24h_1h_station1013_seed2050_cap32_b4_a10.pt,45889.0,4588.0,41301.0,True,0.0,1e-06,True,0.0765217766165733,0.276625697679325,0.1348915696144104,20.61406898498535,10.052082061767578,16.91230010986328,0.0800780653953552,0.2829806802510645,0.1319767087697982,21.0876407623291,9.834867477416992,15.775616645812988,0.1326022446155548,0.0551019921351074,0.5929950475692749,0.0891270488500595,0.0542638301849365,0.0,0.9959533214569092,forecast,False,,,,,,
beijing_24h_1h_station1013_seed2050_cap128_b4_a10,beijing,24,1,1013,2050,cap128_b4_a10,128,4,0.1,0.5,completed,center_lstm_default,center_lstm,default,0.0975387766957283,/home/hansel/Documents/ITProject/Python/PatchTST/experiments/results/baselines/beijing/24h_1h/checkpoints/center_lstm_default_seed2050.pt,19.0,0.0894382819533348,8.17838250999921,0.023552083002869,predictions/beijing_24h_1h_station1013_seed2050_cap128_b4_a10.npz,checkpoints/beijing_24h_1h_station1013_seed2050_cap128_b4_a10.pt,96385.0,55084.0,41301.0,True,0.0,1e-06,True,0.0750324502587318,0.2739205181411787,0.1325069069862365,20.41247940063477,9.874377250671388,16.765216827392578,0.0800780653953552,0.2829806802510645,0.1319767087697982,21.0876407623291,9.834867477416992,15.775616645812988,0.121065579354763,0.0541833010590836,0.6113312840461731,0.1199287921190261,0.042716059833765,0.0,0.5620545148849487,forecast,False,,,,,,
beijing_24h_1h_station1013_seed2050_cap128_b8_a20,beijing,24,1,1013,2050,cap128_b8_a20,128,8,0.2,0.5,completed,center_lstm_default,center_lstm,default,0.0975387766957283,/home/hansel/Documents/ITProject/Python/PatchTST/experiments/results/baselines/beijing/24h_1h/checkpoints/center_lstm_default_seed2050.pt,19.0,0.0883370265364646,8.194891252998787,0.0242387929974938,predictions/beijing_24h_1h_station1013_seed2050_cap128_b8_a20.npz,checkpoints/beijing_24h_1h_station1013_seed2050_cap128_b8_a20.pt,96897.0,55596.0,41301.0,True,0.0,1e-06,True,0.0750336870551109,0.2739227757144537,0.1339040845632553,20.41264915466309,9.978493690490724,16.824827194213867,0.0800780653953552,0.2829806802510645,0.1319767087697982,21.0876407623291,9.834867477416992,15.775616645812988,0.20992411673069,0.0668519192152055,0.6099960803985596,0.1265167146921157,0.0551424175500869,0.0,0.4689927995204925,forecast,False,,,,,,
beijing_24h_1h_station1013_seed2051_cap32_b4_a10,beijing,24,1,1013,2051,cap32_b4_a10,32,4,0.1,0.5,completed,center_lstm_default,center_lstm,default,0.0972807928919792,/home/hansel/Documents/ITProject/Python/PatchTST/experiments/results/baselines/beijing/24h_1h/checkpoints/center_lstm_default_seed2051.pt,32.0,0.0890958309173584,7.493758290002006,0.010618265994708,predictions/beijing_24h_1h_station1013_seed2051_cap32_b4_a10.npz,checkpoints/beijing_24h_1h_station1013_seed2051_cap32_b4_a10.pt,45889.0,4588.0,41301.0,True,0.0,1e-06,True,0.0736142471432685,0.2713194558878308,0.133010596036911,20.21864891052246,9.91191291809082,16.95041275024414,0.0789146274328231,0.2809174744169952,0.1346787512302398,20.93388938903809,10.036222457885742,16.881492614746094,0.1384196281433105,0.0573990690849291,0.600482702255249,0.1356476545333862,0.0520582348108291,0.0,0.7504209280014038,forecast,False,,,,,,
beijing_24h_1h_station1013_seed2051_cap128_b4_a10,beijing,24,1,1013,2051,cap128_b4_a10,128,4,0.1,0.5,completed,center_lstm_default,center_lstm,default,0.0972807928919792,/home/hansel/Documents/ITProject/Python/PatchTST/experiments/results/baselines/beijing/24h_1h/checkpoints/center_lstm_default_seed2051.pt,28.0,0.0911943539977073,10.96470971799863,0.0217972710015601,predictions/beijing_24h_1h_station1013_seed2051_cap128_b4_a10.npz,checkpoints/beijing_24h_1h_station1013_seed2051_cap128_b4_a10.pt,96385.0,55084.0,41301.0,True,0.0,1e-06,True,0.0763901770114898,0.276387729487924,0.1347478926181793,20.59633445739746,10.041374206542969,17.331756591796875,0.0789146274328231,0.2809174744169952,0.1346787512302398,20.93388938903809,10.036222457885742,16.881492614746094,0.1219496205449104,0.0450921873911931,0.5864863395690918,0.1890648007392883,0.0676991939544677,0.0,0.6398014426231384,forecast,False,,,,,,
beijing_24h_1h_station1013_seed2051_cap128_b8_a20,beijing,24,1,1013,2051,cap128_b8_a20,128,8,0.2,0.5,completed,center_lstm_default,center_lstm,default,0.0972807928919792,/home/hansel/Documents/ITProject/Python/PatchTST/experiments/results/baselines/beijing/24h_1h/checkpoints/center_lstm_default_seed2051.pt,27.0,0.0867012813687324,10.69057247699675,0.0236204480024753,predictions/beijing_24h_1h_station1013_seed2051_cap128_b8_a20.npz,checkpoints/beijing_24h_1h_station1013_seed2051_cap128_b8_a20.pt,96897.0,55596.0,41301.0,True,0.0,1e-06,True,0.0736065134406089,0.2713052034897395,0.134267657995224,20.217586517333984,10.005586624145508,17.58844757080078,0.0789146274328231,0.2809174744169952,0.1346787512302398,20.93388938903809,10.036222457885742,16.881492614746094,0.2209435701370239,0.0683964956006148,0.5886167883872986,0.2335927039384842,0.0623561665415763,0.0,0.546164333820343,forecast,False,,,,,,
beijing_168h_6h_station1013_seed2047_cap32_b4_a10,beijing,168,6,1013,2047,cap32_b4_a10,32,4,0.1,0.5,completed,center_resnet_default,center_resnet,default,0.468321681022644,/home/hansel/Documents/ITProject/Python/PatchTST/experiments/results/baselines/beijing/168h_6h/checkpoints/center_resnet_default_seed2047.pt,12.0,0.4499947428703308,24.57829208500334,0.1411790310012293,predictions/beijing_168h_6h_station1013_seed2047_cap32_b4_a10.npz,checkpoints/beijing_168h_6h_station1013_seed2047_cap32_b4_a10.pt,484400.0,5418.0,478982.0,True,0.0,1e-06,True,0.2997092008590698,0.5474570310618632,0.3201341927051544,40.69282913208008,23.795778274536133,34.35054016113281,0.3010069727897644,0.5486410236117643,0.3187503218650818,40.78083801269531,23.692914962768555,34.851104736328125,0.1072200015187263,0.0353870640719836,0.6176581382751465,0.1316528171300888,0.0631029307842254,0.0,1.1074862480163574,forecast,False,,,,,,
beijing_168h_6h_station1013_seed2047_cap128_b4_a10,beijing,168,6,1013,2047,cap128_b4_a10,128,4,0.1,0.5,completed,center_resnet_default,center_resnet,default,0.468321681022644,/home/hansel/Documents/ITProject/Python/PatchTST/experiments/results/baselines/beijing/168h_6h/checkpoints/center_resnet_default_seed2047.pt,1.0,0.4528985321521759,18.34870534500078,0.2698825990009936,predictions/beijing_168h_6h_station1013_seed2047_cap128_b4_a10.npz,checkpoints/beijing_168h_6h_station1013_seed2047_cap128_b4_a10.pt,537296.0,58314.0,478982.0,True,0.0,1e-06,True,0.2999971210956573,0.5477199294307789,0.3191114962100982,40.71237182617188,23.719762802124023,34.931251525878906,0.3094182908535003,0.5562538007542064,0.3292393088340759,41.34669876098633,24.47256660461425,35.85322952270508,0.100415401160717,0.0135696004321964,0.6195725798606873,0.1702640503644943,0.066165916621685,0.0,0.3215268552303314,forecast,False,,,,,,
beijing_168h_6h_station1013_seed2047_cap128_b8_a20,beijing,168,6,1013,2047,cap128_b8_a20,128,8,0.2,0.5,nonfinite,center_resnet_default,,,,/home/hansel/Documents/ITProject/Python/PatchTST/experiments/results/baselines/beijing/168h_6h/checkpoints/center_resnet_default_seed2047.pt,,,,,,,,,,,,,,,,,,,,,,,,,,,,,,,,,,True,beijing_168h_6h_station1013_seed2047_cap128_b8_a20 出现非有限训练损失,,,,,
beijing_168h_6h_station1013_seed2048_cap32_b4_a10,beijing,168,6,1013,2048,cap32_b4_a10,32,4,0.1,0.5,completed,center_gru_default,center_gru,default,0.4664943218231201,/home/hansel/Documents/ITProject/Python/PatchTST/experiments/results/baselines/beijing/168h_6h/checkpoints/center_gru_default_seed2048.pt,1.0,0.4673399627208709,7.665713934002269,0.0787819370016222,predictions/beijing_168h_6h_station1013_seed2048_cap32_b4_a10.npz,checkpoints/beijing_168h_6h_station1013_seed2048_cap32_b4_a10.pt,36924.0,5418.0,31506.0,True,0.0,1e-06,True,0.2930065095424652,0.5413007570126475,0.3137707114219665,40.2352294921875,23.32277488708496,33.77189636230469,0.2939004898071289,0.5421258984840411,0.3169084191322326,40.29656219482422,23.55600357055664,34.69087600708008,0.1007390618324279,0.02098609275898,0.6186635494232178,0.1406794488430023,0.0676604211330413,0.0,0.3030853569507599,forecast,False,,,,,,
beijing_168h_6h_station1013_seed2048_cap128_b4_a10,beijing,168,6,1013,2048,cap128_b4_a10,128,4,0.1,0.5,completed,center_gru_default,center_gru,default,0.4664943218231201,/home/hansel/Documents/ITProject/Python/PatchTST/experiments/results/baselines/beijing/168h_6h/checkpoints/center_gru_default_seed2048.pt,4.0,0.468010276556015,18.23219446399889,0.1558102209965,predictions/beijing_168h_6h_station1013_seed2048_cap128_b4_a10.npz,checkpoints/beijing_168h_6h_station1013_seed2048_cap128_b4_a10.pt,89820.0,58314.0,31506.0,True,0.0,1e-06,True,0.2925548255443573,0.540883375178381,0.3135096132755279,40.20420455932617,23.303369522094727,33.63362503051758,0.2939004898071289,0.5421258984840411,0.3169084191322326,40.29656219482422,23.55600357055664,34.69087600708008,0.1016380712389946,0.0655269355346801,0.6109768152236938,0.109202466905117,0.0676102340221405,0.0,0.7799688577651978,forecast,False,,,,,,
beijing_168h_6h_station1013_seed2048_cap128_b8_a20,beijing,168,6,1013,2048,cap128_b8_a20,128,8,0.2,0.5,nonfinite,center_gru_default,,,,/home/hansel/Documents/ITProject/Python/PatchTST/experiments/results/baselines/beijing/168h_6h/checkpoints/center_gru_default_seed2048.pt,,,,,,,,,,,,,,,,,,,,,,,,,,,,,,,,,,True,beijing_168h_6h_station1013_seed2048_cap128_b8_a20 出现非有限训练损失,,,,,
beijing_168h_6h_station1013_seed2049_cap32_b4_a10,beijing,168,6,1013,2049,cap32_b4_a10,32,4,0.1,0.5,completed,center_gru_default,center_gru,default,0.4683749675750732,/home/hansel/Documents/ITProject/Python/PatchTST/experiments/results/baselines/beijing/168h_6h/checkpoints/center_gru_default_seed2049.pt,5.0,0.4690323173999786,12.254698327997176,0.0811216039946884,predictions/beijing_168h_6h_station1013_seed2049_cap32_b4_a10.npz,checkpoints/beijing_168h_6h_station1013_seed2049_cap32_b4_a10.pt,36924.0,5418.0,31506.0,True,0.0,1e-06,True,0.2915878295898437,0.5399887309841231,0.3141976296901703,40.1377067565918,23.35450935363769,33.66667556762695,0.2919714748859405,0.5403438487536807,0.3155312836170196,40.164100646972656,23.45363998413086,34.191532135009766,0.1015781760215759,0.0168108202809579,0.619099497795105,0.1900771558284759,0.0563171915709972,0.0,0.5110298991203308,forecast,False,,,,,,
beijing_168h_6h_station1013_seed2049_cap128_b4_a10,beijing,168,6,1013,2049,cap128_b4_a10,128,4,0.1,0.5,completed,center_gru_default,center_gru,default,0.4683749675750732,/home/hansel/Documents/ITProject/Python/PatchTST/experiments/results/baselines/beijing/168h_6h/checkpoints/center_gru_default_seed2049.pt,1.0,0.5065341591835022,12.55591348499729,0.1634034290036652,predictions/beijing_168h_6h_station1013_seed2049_cap128_b4_a10.npz,checkpoints/beijing_168h_6h_station1013_seed2049_cap128_b4_a10.pt,89820.0,58314.0,31506.0,True,0.0,1e-06,True,0.2919998466968536,0.540370101594133,0.31398606300354,40.166053771972656,23.33878326416016,33.4764518737793,0.2919714748859405,0.5403438487536807,0.3155312836170196,40.164100646972656,23.45363998413086,34.191532135009766,0.1001241728663444,0.0232283804955301,0.6158022880554199,0.1401680409908294,0.0662606656551361,0.0,0.3133183717727661,forecast,False,,,,,,
beijing_168h_6h_station1013_seed2049_cap128_b8_a20,beijing,168,6,1013,2049,cap128_b8_a20,128,8,0.2,0.5,completed,center_gru_default,center_gru,default,0.4683749675750732,/home/hansel/Documents/ITProject/Python/PatchTST/experiments/results/baselines/beijing/168h_6h/checkpoints/center_gru_default_seed2049.pt,2.0,0.4721884727478027,14.231972125002358,0.1525025489972904,predictions/beijing_168h_6h_station1013_seed2049_cap128_b8_a20.npz,checkpoints/beijing_168h_6h_station1013_seed2049_cap128_b8_a20.pt,92892.0,61386.0,31506.0,True,0.0,1e-06,True,0.2951920628547668,0.5433158039803065,0.3193110525608063,40.385009765625,23.73459243774414,33.842899322509766,0.2919714748859405,0.5403438487536807,0.3155312836170196,40.164100646972656,23.45363998413086,34.191532135009766,0.2005565464496612,0.0700422733195817,0.6146369576454163,0.1361190229654312,0.0663859918713569,0.0,0.5351651310920715,forecast,False,,,,,,
beijing_168h_6h_station1013_seed2050_cap32_b4_a10,beijing,168,6,1013,2050,cap32_b4_a10,32,4,0.1,0.5,completed,center_gru_default,center_gru,default,0.4695740342140198,/home/hansel/Documents/ITProject/Python/PatchTST/experiments/results/baselines/beijing/168h_6h/checkpoints/center_gru_default_seed2050.pt,4.0,0.4702604711055755,10.855526482999268,0.0985144119986216,predictions/beijing_168h_6h_station1013_seed2050_cap32_b4_a10.npz,checkpoints/beijing_168h_6h_station1013_seed2050_cap32_b4_a10.pt,36924.0,5418.0,31506.0,True,0.0,1e-06,True,0.2900016605854034,0.5385180225260836,0.3126683533191681,40.02838516235352,23.24083709716797,33.17893600463867,0.291514128446579,0.5399204834478675,0.3138680756092071,40.13263320922852,23.330013275146484,33.69233703613281,0.1021757498383522,0.0259502062620335,0.6193684935569763,0.1650230288505554,0.0541325658559799,0.0,0.5674128532409668,forecast,False,,,,,,
beijing_168h_6h_station1013_seed2050_cap128_b4_a10,beijing,168,6,1013,2050,cap128_b4_a10,128,4,0.1,0.5,completed,center_gru_default,center_gru,default,0.4695740342140198,/home/hansel/Documents/ITProject/Python/PatchTST/experiments/results/baselines/beijing/168h_6h/checkpoints/center_gru_default_seed2050.pt,1.0,0.4708586931228637,12.576536797998417,0.1543732970021665,predictions/beijing_168h_6h_station1013_seed2050_cap128_b4_a10.npz,checkpoints/beijing_168h_6h_station1013_seed2050_cap128_b4_a10.pt,89820.0,58314.0,31506.0,True,0.0,1e-06,True,0.2908081114292145,0.5392662713625009,0.3121873438358307,40.08400344848633,23.20508575439453,32.90620422363281,0.291514128446579,0.5399204834478675,0.3138680756092071,40.13263320922852,23.330013275146484,33.69233703613281,0.100225806236267,0.0299965615053014,0.6189107894897461,0.1418145895004272,0.0633258819580078,0.0,0.3226823806762695,forecast,False,,,,,,
beijing_168h_6h_station1013_seed2050_cap128_b8_a20,beijing,168,6,1013,2050,cap128_b8_a20,128,8,0.2,0.5,completed,center_gru_default,center_gru,default,0.4695740342140198,/home/hansel/Documents/ITProject/Python/PatchTST/experiments/results/baselines/beijing/168h_6h/checkpoints/center_gru_default_seed2050.pt,1.0,0.4720272719860077,12.451121434001834,0.1515367340034572,predictions/beijing_168h_6h_station1013_seed2050_cap128_b8_a20.npz,checkpoints/beijing_168h_6h_station1013_seed2050_cap128_b8_a20.pt,92892.0,61386.0,31506.0,True,0.0,1e-06,True,0.2909568846225738,0.53940419410918,0.312297374010086,40.09425735473633,23.2132625579834,32.81974029541016,0.291514128446579,0.5399204834478675,0.3138680756092071,40.13263320922852,23.330013275146484,33.69233703613281,0.1999203860759735,0.0396621154776756,0.6193991899490356,0.1483922600746154,0.0601175762712955,0.0,0.2730279862880707,forecast,False,,,,,,
beijing_168h_6h_station1013_seed2051_cap32_b4_a10,beijing,168,6,1013,2051,cap32_b4_a10,32,4,0.1,0.5,completed,degraded_patchtst,degraded_patchtst,protocol,0.4625703692436218,/home/hansel/.herdr/worktrees/PatchTST/experiment-beijing-leakfree-coverage-ablation/experiments/results/beijing_leakfree_coverage/168h_6h/checkpoints/degraded_patchtst_seed2051.pt,12.0,0.4553647637367248,18.25554977599677,0.0619534319994272,predictions/beijing_168h_6h_station1013_seed2051_cap32_b4_a10.npz,checkpoints/beijing_168h_6h_station1013_seed2051_cap32_b4_a10.pt,31093.0,5418.0,25675.0,True,0.0,1.2472472190856932e-06,True,0.3156728446483612,0.561847705920707,0.3455708622932434,41.76249313354492,25.686506271362305,39.35690689086914,0.3191758692264557,0.5649565197663052,0.347224086523056,41.99357604980469,25.809389114379883,39.6241455078125,0.112716220319271,0.0523949297704342,0.6120576858520508,0.1037063896656036,0.0298834573477506,0.0,1.3783481121063232,forecast,False,,,,,,
beijing_168h_6h_station1013_seed2051_cap128_b4_a10,beijing,168,6,1013,2051,cap128_b4_a10,128,4,0.1,0.5,completed,degraded_patchtst,degraded_patchtst,protocol,0.4625703692436218,/home/hansel/.herdr/worktrees/PatchTST/experiment-beijing-leakfree-coverage-ablation/experiments/results/beijing_leakfree_coverage/168h_6h/checkpoints/degraded_patchtst_seed2051.pt,5.0,0.4559093713760376,18.887243594996107,0.1382478660016204,predictions/beijing_168h_6h_station1013_seed2051_cap128_b4_a10.npz,checkpoints/beijing_168h_6h_station1013_seed2051_cap128_b4_a10.pt,83989.0,58314.0,25675.0,True,0.0,1.2472472190856932e-06,True,0.3152438402175903,0.5614657961243857,0.3466107547283172,41.734107971191406,25.7637996673584,39.41381454467773,0.3191518187522888,0.5649352341218318,0.3473718464374542,41.99199295043945,25.820369720458984,39.59758758544922,0.1038077995181083,0.0605060572180295,0.6140013337135315,0.1154961511492729,0.0537816137075424,0.0,0.9043139219284058,forecast,False,,,,,,
beijing_168h_6h_station1013_seed2051_cap128_b8_a20,beijing,168,6,1013,2051,cap128_b8_a20,128,8,0.2,0.5,completed,degraded_patchtst,degraded_patchtst,protocol,0.4625703692436218,/home/hansel/.herdr/worktrees/PatchTST/experiment-beijing-leakfree-coverage-ablation/experiments/results/beijing_leakfree_coverage/168h_6h/checkpoints/degraded_patchtst_seed2051.pt,12.0,0.4480904638767242,31.00479864099907,0.1366925819966127,predictions/beijing_168h_6h_station1013_seed2051_cap128_b8_a20.npz,checkpoints/beijing_168h_6h_station1013_seed2051_cap128_b8_a20.pt,87061.0,61386.0,25675.0,True,0.0,1.2472472190856932e-06,True,0.3149257302284241,0.5611824393443046,0.3452461659908294,41.71304702758789,25.662368774414062,39.44821548461914,0.3191977143287658,0.564975852872285,0.3473038673400879,41.99501037597656,25.815319061279297,39.615966796875,0.2097290456295013,0.0841703768806748,0.617661714553833,0.1596257388591766,0.0430935956537723,0.0,1.1139962673187256,forecast,False,,,,,,
beijing_24h_3h_station1013_seed2047_cap32_b4_a10,beijing,24,3,1013,2047,cap32_b4_a10,32,4,0.1,0.5,completed,center_lstm_default,center_lstm,default,0.2521102726459503,/home/hansel/Documents/ITProject/Python/PatchTST/experiments/results/baselines/beijing/24h_3h/checkpoints/center_lstm_default_seed2047.pt,26.0,0.2334725558757782,10.45094759699714,0.0178395789989735,predictions/beijing_24h_3h_station1013_seed2047_cap32_b4_a10.npz,checkpoints/beijing_24h_3h_station1013_seed2047_cap32_b4_a10.pt,46423.0,4920.0,41503.0,True,0.0,1e-06,True,0.1662552803754806,0.4077441359179561,0.2174221575260162,30.38497734069824,16.20223617553711,25.299596786499023,0.1760231703519821,0.4195511534389842,0.2218237519264221,31.26483154296875,16.530242919921875,24.64196014404297,0.1429691314697265,0.0836459309200764,0.5894409418106079,0.0664303451776504,0.0513214468955993,0.0,1.3172558546066284,forecast,False,,,,,,
beijing_24h_3h_station1013_seed2047_cap128_b4_a10,beijing,24,3,1013,2047,cap128_b4_a10,128,4,0.1,0.5,completed,center_lstm_default,center_lstm,default,0.2521102726459503,/home/hansel/Documents/ITProject/Python/PatchTST/experiments/results/baselines/beijing/24h_3h/checkpoints/center_lstm_default_seed2047.pt,22.0,0.2318557351827621,14.387414431999789,1.0288518749948707,predictions/beijing_24h_3h_station1013_seed2047_cap128_b4_a10.npz,checkpoints/beijing_24h_3h_station1013_seed2047_cap128_b4_a10.pt,97879.0,56376.0,41503.0,True,0.0,4.766658782958984e-06,True,0.1661331355571746,0.4075943271896392,0.2140819877386093,30.37381172180176,15.953328132629396,24.280641555786133,0.1760231703519821,0.4195511534389842,0.2218237519264221,31.26483154296875,16.530242919921875,24.64196014404297,0.1395996958017349,0.0838018431433995,0.5594094395637512,0.3102682530879974,0.0546287074685096,0.0,1.429250717163086,forecast,False,,True,True,0.0,0.0,
beijing_24h_3h_station1013_seed2047_cap128_b8_a20,beijing,24,3,1013,2047,cap128_b8_a20,128,8,0.2,0.5,completed,center_lstm_default,center_lstm,default,0.2521102726459503,/home/hansel/Documents/ITProject/Python/PatchTST/experiments/results/baselines/beijing/24h_3h/checkpoints/center_lstm_default_seed2047.pt,1.0,0.2538763284683227,4.229228434000106,0.0362207590005709,predictions/beijing_24h_3h_station1013_seed2047_cap128_b8_a20.npz,checkpoints/beijing_24h_3h_station1013_seed2047_cap128_b8_a20.pt,99415.0,57912.0,41503.0,True,0.0,4.766658782958984e-06,True,0.1799475699663162,0.424202274824542,0.2381671667098999,31.611433029174805,17.748149871826172,31.19571876525879,0.1760231703519821,0.4195511534389842,0.2218237519264221,31.26483154296875,16.530242919921875,24.64196014404297,0.1989297866821289,0.0666100257288073,0.6017047762870789,0.1137574315071106,0.0785653814673423,0.0,0.1568459719419479,forecast,False,,True,True,0.0,0.0,
beijing_24h_3h_station1013_seed2048_cap32_b4_a10,beijing,24,3,1013,2048,cap32_b4_a10,32,4,0.1,0.5,completed,center_lstm_default,center_lstm,default,0.2500928044319153,/home/hansel/Documents/ITProject/Python/PatchTST/experiments/results/baselines/beijing/24h_3h/checkpoints/center_lstm_default_seed2048.pt,1.0,0.2500821053981781,2.5137244639990968,0.0209637740044854,predictions/beijing_24h_3h_station1013_seed2048_cap32_b4_a10.npz,checkpoints/beijing_24h_3h_station1013_seed2048_cap32_b4_a10.pt,46423.0,4920.0,41503.0,True,0.0,4.903163433074951e-06,True,0.1742775738239288,0.4174656558615676,0.2266615182161331,31.10942268371582,16.890750885009766,27.36321449279785,0.1744401007890701,0.4176602695841084,0.2272252589464187,31.123926162719727,16.932762145996094,27.51251220703125,0.100163996219635,0.0020384186210439,0.6170399785041809,0.1530702114105224,0.0705682560801506,0.0,0.0,forecast,True,,True,True,0.0,0.0,beijing_24h_3h_station1013_seed2048_cap32_b4_a10 出现非有限训练损失
beijing_24h_3h_station1013_seed2048_cap128_b4_a10,beijing,24,3,1013,2048,cap128_b4_a10,128,4,0.1,0.5,completed,center_lstm_default,center_lstm,default,0.2500928044319153,/home/hansel/Documents/ITProject/Python/PatchTST/experiments/results/baselines/beijing/24h_3h/checkpoints/center_lstm_default_seed2048.pt,22.0,0.2336002141237259,14.077058969000063,0.0394579399944632,predictions/beijing_24h_3h_station1013_seed2048_cap128_b4_a10.npz,checkpoints/beijing_24h_3h_station1013_seed2048_cap128_b4_a10.pt,97879.0,56376.0,41503.0,True,0.0,4.903163433074951e-06,True,0.1650366336107254,0.406247010586817,0.2125446498394012,30.273412704467773,15.838768005371094,24.426212310791016,0.1744401007890701,0.4176602695841084,0.2272252589464187,31.123926162719727,16.932762145996094,27.51251220703125,0.1376955956220626,0.0840930774224925,0.5749539732933044,0.1833115816116333,0.0648848116397857,0.0,1.472785711288452,forecast,False,,True,True,0.0,0.0,
beijing_24h_3h_station1013_seed2048_cap128_b8_a20,beijing,24,3,1013,2048,cap128_b8_a20,128,8,0.2,0.5,completed,center_lstm_default,center_lstm,default,0.2500928044319153,/home/hansel/Documents/ITProject/Python/PatchTST/experiments/results/baselines/beijing/24h_3h/checkpoints/center_lstm_default_seed2048.pt,22.0,0.2312750965356826,14.113285138999345,0.0367887949978467,predictions/beijing_24h_3h_station1013_seed2048_cap128_b8_a20.npz,checkpoints/beijing_24h_3h_station1013_seed2048_cap128_b8_a20.pt,99415.0,57912.0,41503.0,True,0.0,4.903163433074951e-06,True,0.1650415807962417,0.406253099429705,0.2219413667917251,30.273866653442383,16.53900718688965,26.88321685791016,0.1744401007890701,0.4176602695841084,0.2272252589464187,31.123926162719727,16.932762145996094,27.51251220703125,0.236024409532547,0.1060527098984828,0.5983521342277527,0.1176279559731483,0.060772817581892,0.0,1.3784762620925903,forecast,False,,True,True,0.0,0.0,
beijing_24h_3h_station1013_seed2049_cap32_b4_a10,beijing,24,3,1013,2049,cap32_b4_a10,32,4,0.1,0.5,completed,center_lstm_default,center_lstm,default,0.251554012298584,/home/hansel/Documents/ITProject/Python/PatchTST/experiments/results/baselines/beijing/24h_3h/checkpoints/center_lstm_default_seed2049.pt,37.0,0.2416077405214309,11.623179793001327,0.0179010059946449,predictions/beijing_24h_3h_station1013_seed2049_cap32_b4_a10.npz,checkpoints/beijing_24h_3h_station1013_seed2049_cap32_b4_a10.pt,46423.0,4920.0,41503.0,True,0.0,4.816075801849365e-06,True,0.1672267615795135,0.4089336884869153,0.2149683982133865,30.47362327575684,16.019384384155273,24.60647773742676,0.1760937720537185,0.419635284567109,0.227755606174469,31.271100997924805,16.97228240966797,27.42069625854492,0.1455508023500442,0.0883792548969745,0.5873988270759583,0.133224755525589,0.0565523505210876,0.0,1.3458524942398071,forecast,False,,True,True,0.0,0.0,
beijing_24h_3h_station1013_seed2049_cap128_b4_a10,beijing,24,3,1013,2049,cap128_b4_a10,128,4,0.1,0.5,completed,center_lstm_default,center_lstm,default,0.251554012298584,/home/hansel/Documents/ITProject/Python/PatchTST/experiments/results/baselines/beijing/24h_3h/checkpoints/center_lstm_default_seed2049.pt,1.0,0.2518560886383056,4.216506572003709,0.0412219720019493,predictions/beijing_24h_3h_station1013_seed2049_cap128_b4_a10.npz,checkpoints/beijing_24h_3h_station1013_seed2049_cap128_b4_a10.pt,97879.0,56376.0,41503.0,True,0.0,4.816075801849365e-06,True,0.1822490394115448,0.4269063590666515,0.2326021790504455,31.81294059753418,17.33344841003418,26.34862327575684,0.1760937720537185,0.419635284567109,0.227755606174469,31.271100997924805,16.97228240966797,27.42069625854492,0.0997765883803367,0.0414424864293934,0.6196560859680176,0.1655544191598892,0.0694761052727699,0.0,0.2501682639122009,forecast,False,,True,True,0.0,0.0,
beijing_24h_3h_station1013_seed2049_cap128_b8_a20,beijing,24,3,1013,2049,cap128_b8_a20,128,8,0.2,0.5,completed,center_lstm_default,center_lstm,default,0.251554012298584,/home/hansel/Documents/ITProject/Python/PatchTST/experiments/results/baselines/beijing/24h_3h/checkpoints/center_lstm_default_seed2049.pt,4.0,0.2516754269599914,5.612564581002516,0.0377318030004971,predictions/beijing_24h_3h_station1013_seed2049_cap128_b8_a20.npz,checkpoints/beijing_24h_3h_station1013_seed2049_cap128_b8_a20.pt,99415.0,57912.0,41503.0,True,0.0,4.816075801849365e-06,True,0.1734587997198104,0.4164838528920545,0.2187558263540268,31.036256790161133,16.301620483398438,24.365434646606445,0.1760937720537185,0.419635284567109,0.227755606174469,31.271100997924805,16.97228240966797,27.42069625854492,0.1983535140752792,0.0650381132581207,0.5958939790725708,0.3060067594051361,0.0559243559837341,0.0,0.428406149148941,forecast,False,,True,True,0.0,0.0,
beijing_24h_6h_station1013_seed2047_cap32_b4_a10,beijing,24,6,1013,2047,cap32_b4_a10,32,4,0.1,0.5,completed,center_lstm_default,center_lstm,default,0.4622842371463775,/home/hansel/Documents/ITProject/Python/PatchTST/experiments/results/baselines/beijing/24h_6h/checkpoints/center_lstm_default_seed2047.pt,9.0,0.4557769894599914,4.895107256998017,0.015545853995718,predictions/beijing_24h_6h_station1013_seed2047_cap32_b4_a10.npz,checkpoints/beijing_24h_6h_station1013_seed2047_cap32_b4_a10.pt,47224.0,5418.0,41806.0,True,0.0,4.509104251861572e-06,True,0.291322648525238,0.5397431319852417,0.3153940439224243,40.21837615966797,23.501245498657227,33.64085388183594,0.2988228499889374,0.5466469152834738,0.3191915452480316,40.73280334472656,23.78421211242676,33.76536560058594,0.1165960058569908,0.0751152805116065,0.5986717939376831,0.0804900676012039,0.052279632538557,0.0,1.4345227479934692,forecast,False,,True,True,0.0,0.0,
beijing_24h_6h_station1013_seed2047_cap128_b4_a10,beijing,24,6,1013,2047,cap128_b4_a10,128,4,0.1,0.5,completed,center_lstm_default,center_lstm,default,0.4622842371463775,/home/hansel/Documents/ITProject/Python/PatchTST/experiments/results/baselines/beijing/24h_6h/checkpoints/center_lstm_default_seed2047.pt,9.0,0.4618992507457733,9.642521011999634,0.0372484930048813,predictions/beijing_24h_6h_station1013_seed2047_cap128_b4_a10.npz,checkpoints/beijing_24h_6h_station1013_seed2047_cap128_b4_a10.pt,100120.0,58314.0,41806.0,True,0.0,4.509104251861572e-06,True,0.298332929611206,0.5461986173647879,0.3192037940025329,40.69939804077149,23.785125732421875,33.83025360107422,0.2988228499889374,0.5466469152834738,0.3191915452480316,40.73280334472656,23.78421211242676,33.76536560058594,0.1007182598114013,0.0106115129806935,0.4909345805644989,0.5298291444778442,0.0446683205664157,0.0,0.7011520862579346,forecast,False,,True,True,0.0,0.0,
beijing_24h_6h_station1013_seed2047_cap128_b8_a20,beijing,24,6,1013,2047,cap128_b8_a20,128,8,0.2,0.5,completed,center_lstm_default,center_lstm,default,0.4622842371463775,/home/hansel/Documents/ITProject/Python/PatchTST/experiments/results/baselines/beijing/24h_6h/checkpoints/center_lstm_default_seed2047.pt,9.0,0.4371847808361053,7.985841046000132,0.0374355620006099,predictions/beijing_24h_6h_station1013_seed2047_cap128_b8_a20.npz,checkpoints/beijing_24h_6h_station1013_seed2047_cap128_b8_a20.pt,103192.0,61386.0,41806.0,True,0.0,4.509104251861572e-06,True,0.2901792824268341,0.5386829145488412,0.3146902620792389,40.13937377929688,23.44880485534668,33.17264938354492,0.2988228499889374,0.5466469152834738,0.3191915452480316,40.73280334472656,23.78421211242676,33.76536560058594,0.2140746563673019,0.1171533039112388,0.6125566959381104,0.1270340532064438,0.0557012297213077,0.0,1.416535258293152,forecast,False,,True,True,0.0,0.0,
beijing_24h_6h_station1013_seed2048_cap32_b4_a10,beijing,24,6,1013,2048,cap32_b4_a10,32,4,0.1,0.5,completed,center_lstm_default,center_lstm,default,0.4583235085010528,/home/hansel/Documents/ITProject/Python/PatchTST/experiments/results/baselines/beijing/24h_6h/checkpoints/center_lstm_default_seed2048.pt,7.0,0.4485489726066589,3.266672457997629,0.0113291140005458,predictions/beijing_24h_6h_station1013_seed2048_cap32_b4_a10.npz,checkpoints/beijing_24h_6h_station1013_seed2048_cap32_b4_a10.pt,47224.0,5418.0,41806.0,True,0.0,4.908123970031738e-06,True,0.2976841032505035,0.5456043468031606,0.3168107271194458,40.65511322021485,23.606807708740234,33.726104736328125,0.3016687035560608,0.5492437560464941,0.3188905119895935,40.92630386352539,23.761781692504883,34.09619903564453,0.11357381939888,0.0586956778916256,0.6095947623252869,0.0864924788475036,0.0283341016620397,0.0,1.5253233909606934,forecast,False,,True,True,0.0,0.0,
beijing_24h_6h_station1013_seed2048_cap128_b4_a10,beijing,24,6,1013,2048,cap128_b4_a10,128,4,0.1,0.5,completed,center_lstm_default,center_lstm,default,0.4583235085010528,/home/hansel/Documents/ITProject/Python/PatchTST/experiments/results/baselines/beijing/24h_6h/checkpoints/center_lstm_default_seed2048.pt,5.0,0.4480415284633636,3.985438060000888,0.024226194997027,predictions/beijing_24h_6h_station1013_seed2048_cap128_b4_a10.npz,checkpoints/beijing_24h_6h_station1013_seed2048_cap128_b4_a10.pt,100120.0,58314.0,41806.0,True,0.0,4.908123970031738e-06,True,0.2980437278747558,0.5459338127234434,0.3231937289237976,40.679664611816406,24.08242988586425,35.0199089050293,0.30172860622406,0.5492982852913889,0.3188962936401367,40.93036651611328,23.762210845947266,34.081966400146484,0.105212315917015,0.0650730541632719,0.6077626347541809,0.2444461286067962,0.0556815601885318,0.0,1.026835799217224,forecast,False,,True,True,0.0,0.0,
beijing_24h_6h_station1013_seed2048_cap128_b8_a20,beijing,24,6,1013,2048,cap128_b8_a20,128,8,0.2,0.5,completed,center_lstm_default,center_lstm,default,0.4583235085010528,/home/hansel/Documents/ITProject/Python/PatchTST/experiments/results/baselines/beijing/24h_6h/checkpoints/center_lstm_default_seed2048.pt,11.0,0.4288784563541412,5.81107251499634,0.023641518993827,predictions/beijing_24h_6h_station1013_seed2048_cap128_b8_a20.npz,checkpoints/beijing_24h_6h_station1013_seed2048_cap128_b8_a20.pt,103192.0,61386.0,41806.0,True,0.0,4.908123970031738e-06,True,0.2918396294116974,0.5402218335199878,0.3169829845428467,40.25404739379883,23.619644165039062,34.07551956176758,0.30172860622406,0.5492982852913889,0.3188962936401367,40.93036651611328,23.762210845947266,34.081966400146484,0.2172517031431198,0.1174695738012212,0.6062769889831543,0.1056371182203292,0.0603981167078018,0.0,1.4229482412338257,forecast,False,,True,True,0.0,0.0,
beijing_24h_6h_station1013_seed2049_cap32_b4_a10,beijing,24,6,1013,2049,cap32_b4_a10,32,4,0.1,0.5,completed,center_lstm_default,center_lstm,default,0.4591034650802612,/home/hansel/Documents/ITProject/Python/PatchTST/experiments/results/baselines/beijing/24h_6h/checkpoints/center_lstm_default_seed2049.pt,31.0,0.4314590692520141,7.378755328994885,0.0106106430030195,predictions/beijing_24h_6h_station1013_seed2049_cap32_b4_a10.npz,checkpoints/beijing_24h_6h_station1013_seed2049_cap32_b4_a10.pt,47224.0,5418.0,41806.0,True,0.0,4.783269882202148e-06,True,0.2856774032115936,0.5344879822892126,0.3142000734806061,39.82678985595703,23.412277221679688,34.03040313720703,0.2990261912345886,0.5468328732205011,0.317596435546875,40.74665832519531,23.665355682373047,33.91516876220703,0.1672950536012649,0.1034718502655476,0.5942981839179993,0.0852706953883171,0.0402951352298259,0.0,2.027405977249145,forecast,False,,True,True,0.0,0.0,
beijing_24h_6h_station1013_seed2049_cap128_b4_a10,beijing,24,6,1013,2049,cap128_b4_a10,128,4,0.1,0.5,completed,center_lstm_default,center_lstm,default,0.4591034650802612,/home/hansel/Documents/ITProject/Python/PatchTST/experiments/results/baselines/beijing/24h_6h/checkpoints/center_lstm_default_seed2049.pt,16.0,0.4368763566017151,7.292429337998328,0.0241205019992776,predictions/beijing_24h_6h_station1013_seed2049_cap128_b4_a10.npz,checkpoints/beijing_24h_6h_station1013_seed2049_cap128_b4_a10.pt,100120.0,58314.0,41806.0,True,0.0,4.783269882202148e-06,True,0.2877250015735626,0.5364000387523873,0.3159744143486023,39.969268798828125,23.544492721557617,34.22026824951172,0.2990261912345886,0.5468328732205011,0.317596435546875,40.74665832519531,23.665355682373047,33.91516876220703,0.1171424463391304,0.0802496480128669,0.6119162440299988,0.1249323189258575,0.0506021976470947,0.0,1.2920033931732178,forecast,False,,True,True,0.0,0.0,
beijing_24h_6h_station1013_seed2049_cap128_b8_a20,beijing,24,6,1013,2049,cap128_b8_a20,128,8,0.2,0.5,completed,center_lstm_default,center_lstm,default,0.4591034650802612,/home/hansel/Documents/ITProject/Python/PatchTST/experiments/results/baselines/beijing/24h_6h/checkpoints/center_lstm_default_seed2049.pt,15.0,0.4266974627971649,7.096662406998803,0.0233112220012117,predictions/beijing_24h_6h_station1013_seed2049_cap128_b8_a20.npz,checkpoints/beijing_24h_6h_station1013_seed2049_cap128_b8_a20.pt,103192.0,61386.0,41806.0,True,0.0,4.783269882202148e-06,True,0.2842351794242859,0.533137111280284,0.3174518048763275,39.72613143920898,23.65457534790039,34.76408386230469,0.2990261912345886,0.5468328732205011,0.317596435546875,40.74665832519531,23.665355682373047,33.91516876220703,0.229758083820343,0.1232419464705238,0.604486346244812,0.1214180067181587,0.0572861433029174,0.0,1.8265018463134768,forecast,False,,True,True,0.0,0.0,
beijing_24h_12h_station1013_seed2047_cap32_b4_a10,beijing,24,12,1013,2047,cap32_b4_a10,32,4,0.1,0.5,completed,center_lstm_default,center_lstm,default,0.7743937373161316,/home/hansel/Documents/ITProject/Python/PatchTST/experiments/results/baselines/beijing/24h_12h/checkpoints/center_lstm_default_seed2047.pt,1.0,2.093283176422119,1.7464533320016926,0.0113041590011562,predictions/beijing_24h_12h_station1013_seed2047_cap32_b4_a10.npz,checkpoints/beijing_24h_12h_station1013_seed2047_cap32_b4_a10.pt,48826.0,6414.0,42412.0,True,0.0,1e-06,True,0.9845893979072572,0.9922647821560822,0.7518190741539001,73.92633819580078,56.01249694824219,71.62205505371094,0.9847840666770936,0.992362870464778,0.7517176270484924,73.93364715576172,56.00494766235352,71.62078857421875,0.249966561794281,1007489020.0484966,0.6199063062667847,0.1666666865348816,0.0,0.0,0.0,forecast,False,,True,True,0.0,0.0,
beijing_24h_12h_station1013_seed2047_cap128_b4_a10,beijing,24,12,1013,2047,cap128_b4_a10,128,4,0.1,0.5,completed,center_lstm_default,center_lstm,default,0.7743937373161316,/home/hansel/Documents/ITProject/Python/PatchTST/experiments/results/baselines/beijing/24h_12h/checkpoints/center_lstm_default_seed2047.pt,3.0,0.773940920829773,4.848276971999439,0.1839468350008246,predictions/beijing_24h_12h_station1013_seed2047_cap128_b4_a10.npz,checkpoints/beijing_24h_12h_station1013_seed2047_cap128_b4_a10.pt,104602.0,62190.0,42412.0,True,0.0,4.774379730224609e-06,True,0.4550261199474334,0.674556239276929,0.4303320646286011,50.25621795654297,32.06087112426758,44.34249877929688,0.4551722705364227,0.6746645614943938,0.4300987720489502,50.264286041259766,32.043495178222656,44.385990142822266,0.1013595759868621,0.0410694211874238,0.5215921998023987,0.4550024569034576,0.0524869635701179,0.0,0.9995495676994324,forecast,False,,True,True,0.0,0.0,
beijing_24h_12h_station1013_seed2047_cap128_b8_a20,beijing,24,12,1013,2047,cap128_b8_a20,128,8,0.2,0.5,completed,center_lstm_default,center_lstm,default,0.7743937373161316,/home/hansel/Documents/ITProject/Python/PatchTST/experiments/results/baselines/beijing/24h_12h/checkpoints/center_lstm_default_seed2047.pt,2.0,0.773968517780304,3.077601421995496,0.0242280329985078,predictions/beijing_24h_12h_station1013_seed2047_cap128_b8_a20.npz,checkpoints/beijing_24h_12h_station1013_seed2047_cap128_b8_a20.pt,110746.0,68334.0,42412.0,True,0.0,4.774379730224609e-06,True,0.4541422426700592,0.673900766188954,0.4295808672904968,50.20738220214844,32.004905700683594,44.08863830566406,0.4551722705364227,0.6746645614943938,0.4300987720489502,50.264286041259766,32.043495178222656,44.385990142822266,0.200182169675827,0.0406540334039929,0.6159595251083374,0.2144939750432968,0.0617263577878475,0.0,0.9351595044136048,forecast,False,,True,True,0.0,0.0,
beijing_24h_12h_station1013_seed2048_cap32_b4_a10,beijing,24,12,1013,2048,cap32_b4_a10,32,4,0.1,0.5,completed,center_lstm_default,center_lstm,default,0.78911292552948,/home/hansel/Documents/ITProject/Python/PatchTST/experiments/results/baselines/beijing/24h_12h/checkpoints/center_lstm_default_seed2048.pt,11.0,0.7865843176841736,3.7829013139999006,0.0107937819993821,predictions/beijing_24h_12h_station1013_seed2048_cap32_b4_a10.npz,checkpoints/beijing_24h_12h_station1013_seed2048_cap32_b4_a10.pt,48826.0,6414.0,42412.0,True,0.0,4.321690559387207e-06,True,0.4640851318836212,0.6812379407252808,0.4416777491569519,50.75402069091797,32.90615463256836,45.44651412963867,0.4649678170681,0.6818854867703961,0.442331463098526,50.80226516723633,32.95486068725586,45.33793640136719,0.1092528849840164,0.0531045097496368,0.6195799708366394,0.1707459688186645,0.0510899573564529,0.0,1.643197774887085,forecast,False,,True,True,0.0,0.0,
beijing_24h_12h_station1013_seed2048_cap128_b4_a10,beijing,24,12,1013,2048,cap128_b4_a10,128,4,0.1,0.5,completed,center_lstm_default,center_lstm,default,0.78911292552948,/home/hansel/Documents/ITProject/Python/PatchTST/experiments/results/baselines/beijing/24h_12h/checkpoints/center_lstm_default_seed2048.pt,1.0,0.7894554138183594,2.7970293780017528,0.0238270349946105,predictions/beijing_24h_12h_station1013_seed2048_cap128_b4_a10.npz,checkpoints/beijing_24h_12h_station1013_seed2048_cap128_b4_a10.pt,104602.0,62190.0,42412.0,True,0.0,4.321690559387207e-06,True,0.464006632566452,0.6811803230910681,0.441808670759201,50.74972534179688,32.91590881347656,45.56627655029297,0.4649678170681,0.6818854867703961,0.442331463098526,50.80226516723633,32.95486068725586,45.33793640136719,0.100082978606224,0.0276715109441826,0.6177319288253784,0.2040582746267318,0.0599897429347038,0.0,0.5105277299880981,forecast,False,,True,True,0.0,0.0,
beijing_24h_12h_station1013_seed2048_cap128_b8_a20,beijing,24,12,1013,2048,cap128_b8_a20,128,8,0.2,0.5,completed,center_lstm_default,center_lstm,default,0.78911292552948,/home/hansel/Documents/ITProject/Python/PatchTST/experiments/results/baselines/beijing/24h_12h/checkpoints/center_lstm_default_seed2048.pt,10.0,0.7660601139068604,5.568799150001723,0.0237001779969432,predictions/beijing_24h_12h_station1013_seed2048_cap128_b8_a20.npz,checkpoints/beijing_24h_12h_station1013_seed2048_cap128_b8_a20.pt,110746.0,68334.0,42412.0,True,0.0,4.321690559387207e-06,True,0.4601697027683258,0.6783580933167421,0.4402636587619781,50.53946685791016,32.80080032348633,45.51140213012695,0.4649678170681,0.6818854867703961,0.442331463098526,50.80226516723633,32.95486068725586,45.33793640136719,0.2197136729955673,0.1405975993202673,0.6116920709609985,0.1196044161915779,0.0448981150984764,0.0,2.16711974143982,forecast,False,,True,True,0.0,0.0,
beijing_24h_12h_station1013_seed2049_cap32_b4_a10,beijing,24,12,1013,2049,cap32_b4_a10,32,4,0.1,0.5,completed,center_gru_default,center_gru,default,0.7825608849525452,/home/hansel/Documents/ITProject/Python/PatchTST/experiments/results/baselines/beijing/24h_12h/checkpoints/center_gru_default_seed2049.pt,1.0,0.7877275943756104,2.1318236669976613,0.0163205110002309,predictions/beijing_24h_12h_station1013_seed2049_cap32_b4_a10.npz,checkpoints/beijing_24h_12h_station1013_seed2049_cap32_b4_a10.pt,38526.0,6414.0,32112.0,True,0.0,5.122717857360839e-06,True,0.4583349525928497,0.6770043962876827,0.4259825944900512,50.4386100769043,31.7368278503418,43.68511199951172,0.4584380090236664,0.6770805040936169,0.4282793402671814,50.44428253173828,31.90793800354004,44.29035949707031,0.1006587445735931,0.0292403321487571,0.6197218298912048,0.1672958582639694,0.0586358979344368,0.0,0.4306915402412414,forecast,False,,True,True,0.0,0.0,
beijing_24h_12h_station1013_seed2049_cap128_b4_a10,beijing,24,12,1013,2049,cap128_b4_a10,128,4,0.1,0.5,completed,center_gru_default,center_gru,default,0.7825608849525452,/home/hansel/Documents/ITProject/Python/PatchTST/experiments/results/baselines/beijing/24h_12h/checkpoints/center_gru_default_seed2049.pt,9.0,0.7888886332511902,5.851735577998625,0.0269634779979242,predictions/beijing_24h_12h_station1013_seed2049_cap128_b4_a10.npz,checkpoints/beijing_24h_12h_station1013_seed2049_cap128_b4_a10.pt,94302.0,62190.0,32112.0,True,0.0,5.122717857360839e-06,True,0.4561229348182678,0.6753687398882686,0.4295981824398041,50.31674957275391,32.00619888305664,44.64782333374024,0.4584380090236664,0.6770805040936169,0.4282793402671814,50.44428253173828,31.90793800354004,44.29035949707031,0.1117618456482887,0.0870948296916799,0.6086832880973816,0.1066977456212043,0.0585083812475204,0.0,2.0223450660705566,forecast,False,,True,True,0.0,0.0,
beijing_24h_12h_station1013_seed2049_cap128_b8_a20,beijing,24,12,1013,2049,cap128_b8_a20,128,8,0.2,0.5,backbone_nonfinite,center_gru_default,center_gru,default,0.7825608849525452,/home/hansel/Documents/ITProject/Python/PatchTST/experiments/results/baselines/beijing/24h_12h/checkpoints/center_gru_default_seed2049.pt,,,,,,,,,,,0.0,,False,,,,,,,,,,,,,,,,,,,,,False,主干验证前向包含 NaN/Inf (count=0),False,False,0.0,0.0,
beijing_24h_24h_station1013_seed2047_cap32_b4_a10,beijing,24,24,1013,2047,cap32_b4_a10,32,4,0.1,0.5,completed,center_lstm_default,center_lstm,default,1.0952608585357666,/home/hansel/Documents/ITProject/Python/PatchTST/experiments/results/baselines/beijing/24h_24h/checkpoints/center_lstm_default_seed2047.pt,1.0,1.0955629348754885,1.7578074630000629,0.0116505650003091,predictions/beijing_24h_24h_station1013_seed2047_cap32_b4_a10.npz,checkpoints/beijing_24h_24h_station1013_seed2047_cap32_b4_a10.pt,52030.0,8406.0,43624.0,True,0.0,4.317416667938232e-06,True,0.6656383872032166,0.8158666479291923,0.5567227602005005,60.76624298095703,41.46504592895508,55.19364547729492,0.6656304597854614,0.8158617896344095,0.5568150281906128,60.76588439941406,41.471927642822266,55.19599914550781,0.1001390293240547,0.0017743871437212,0.618675708770752,0.1410503089427948,0.0718139111995697,0.0,0.0630122348666191,forecast,True,,True,True,0.0,0.0,beijing_24h_24h_station1013_seed2047_cap32_b4_a10 出现非有限训练损失
beijing_24h_24h_station1013_seed2047_cap128_b4_a10,beijing,24,24,1013,2047,cap128_b4_a10,128,4,0.1,0.5,completed,center_lstm_default,center_lstm,default,1.0952608585357666,/home/hansel/Documents/ITProject/Python/PatchTST/experiments/results/baselines/beijing/24h_24h/checkpoints/center_lstm_default_seed2047.pt,17.0,1.085226058959961,8.385369720002927,0.1827787770016584,predictions/beijing_24h_24h_station1013_seed2047_cap128_b4_a10.npz,checkpoints/beijing_24h_24h_station1013_seed2047_cap128_b4_a10.pt,113566.0,69942.0,43624.0,True,0.0,4.317416667938232e-06,True,0.6821255683898926,0.8259089346834144,0.5682274103164673,61.514198303222656,42.321922302246094,56.08935928344727,0.6656304597854614,0.8158617896344095,0.5568150281906128,60.76588439941406,41.471927642822266,55.19599914550781,0.140773519873619,0.1273273231896087,0.5988044142723083,0.2173062562942505,0.0439056307077407,0.0,4.191648483276367,forecast,False,,True,True,0.0,0.0,
beijing_24h_24h_station1013_seed2047_cap128_b8_a20,beijing,24,24,1013,2047,cap128_b8_a20,128,8,0.2,0.5,completed,center_lstm_default,center_lstm,default,1.0952608585357666,/home/hansel/Documents/ITProject/Python/PatchTST/experiments/results/baselines/beijing/24h_24h/checkpoints/center_lstm_default_seed2047.pt,13.0,1.0897202491760254,6.409593156997289,0.0234862880024593,predictions/beijing_24h_24h_station1013_seed2047_cap128_b8_a20.npz,checkpoints/beijing_24h_24h_station1013_seed2047_cap128_b8_a20.pt,125854.0,82230.0,43624.0,True,0.0,4.317416667938232e-06,True,0.680142879486084,0.8247077539868799,0.5578175783157349,61.42473220825195,41.54658889770508,55.12435531616211,0.6656304597854614,0.8158617896344095,0.5568150281906128,60.76588439941406,41.471927642822266,55.19599914550781,0.226626455783844,0.1736534188818763,0.5807384848594666,0.2691374123096466,0.052732590585947,0.0,3.441082239151001,forecast,False,,True,True,0.0,0.0,
beijing_24h_24h_station1013_seed2048_cap32_b4_a10,beijing,24,24,1013,2048,cap32_b4_a10,32,4,0.1,0.5,completed,center_gru_default,center_gru,default,1.1524977684020996,/home/hansel/Documents/ITProject/Python/PatchTST/experiments/results/baselines/beijing/24h_24h/checkpoints/center_gru_default_seed2048.pt,1.0,1.1565216779708862,1.9636464720024376,0.0133959390004747,predictions/beijing_24h_24h_station1013_seed2048_cap32_b4_a10.npz,checkpoints/beijing_24h_24h_station1013_seed2048_cap32_b4_a10.pt,41730.0,8406.0,33324.0,True,0.0,4.9137096405029295e-06,True,0.6681668758392334,0.8174147514201303,0.5570324063301086,60.88154602050781,41.48810958862305,54.55053329467773,0.6670607924461365,0.8167378970307038,0.5582758188247681,60.83113098144531,41.58072280883789,54.7769660949707,0.100972443819046,0.026975543343476,0.6096206307411194,0.1393325626850128,0.0713171884417533,0.0,0.6381915807723999,forecast,False,,True,True,0.0,0.0,
beijing_24h_24h_station1013_seed2048_cap128_b4_a10,beijing,24,24,1013,2048,cap128_b4_a10,128,4,0.1,0.5,backbone_nonfinite,center_gru_default,center_gru,default,1.1524977684020996,/home/hansel/Documents/ITProject/Python/PatchTST/experiments/results/baselines/beijing/24h_24h/checkpoints/center_gru_default_seed2048.pt,,,,,,,,,,,0.0,,False,,,,,,,,,,,,,,,,,,,,,False,主干验证前向包含 NaN/Inf (count=0),False,False,0.0,0.0,
beijing_24h_24h_station1013_seed2048_cap128_b8_a20,beijing,24,24,1013,2048,cap128_b8_a20,128,8,0.2,0.5,backbone_nonfinite,center_gru_default,center_gru,default,1.1524977684020996,/home/hansel/Documents/ITProject/Python/PatchTST/experiments/results/baselines/beijing/24h_24h/checkpoints/center_gru_default_seed2048.pt,,,,,,,,,,,0.0,,False,,,,,,,,,,,,,,,,,,,,,False,主干验证前向包含 NaN/Inf (count=0),False,False,0.0,0.0,
beijing_24h_24h_station1013_seed2049_cap32_b4_a10,beijing,24,24,1013,2049,cap32_b4_a10,32,4,0.1,0.5,completed,center_lstm_default,center_lstm,default,1.1488240957260132,/home/hansel/Documents/ITProject/Python/PatchTST/experiments/results/baselines/beijing/24h_24h/checkpoints/center_lstm_default_seed2049.pt,4.0,1.1548844575881958,2.444770834998053,0.0107906650009681,predictions/beijing_24h_24h_station1013_seed2049_cap32_b4_a10.npz,checkpoints/beijing_24h_24h_station1013_seed2049_cap32_b4_a10.pt,52030.0,8406.0,43624.0,True,0.0,4.273363590240479e-06,True,0.6701325178146362,0.8186162213239097,0.5563130974769592,60.97103118896485,41.43453598022461,55.1058464050293,0.6661714911460876,0.8161932927598019,0.5560994148254395,60.79056930541992,41.41862487792969,55.1435775756836,0.1037869155406951,0.0465687250102023,0.6134603023529053,0.1440359503030777,0.0449479557573795,0.0,1.3485915660858154,forecast,False,,True,True,0.0,0.0,
beijing_24h_24h_station1013_seed2049_cap128_b4_a10,beijing,24,24,1013,2049,cap128_b4_a10,128,4,0.1,0.5,completed,center_lstm_default,center_lstm,default,1.1488240957260132,/home/hansel/Documents/ITProject/Python/PatchTST/experiments/results/baselines/beijing/24h_24h/checkpoints/center_lstm_default_seed2049.pt,1.0,1.1593736410140991,2.84661990099994,0.0237889729978633,predictions/beijing_24h_24h_station1013_seed2049_cap128_b4_a10.npz,checkpoints/beijing_24h_24h_station1013_seed2049_cap128_b4_a10.pt,113566.0,69942.0,43624.0,True,0.0,4.273363590240479e-06,True,0.6695233583450317,0.8182440701557401,0.5547700524330139,60.94331359863281,41.319610595703125,55.03922271728516,0.6661714911460876,0.8161932927598019,0.5560994148254395,60.79056930541992,41.41862487792969,55.1435775756836,0.1003758311271667,0.0468688306622159,0.6178133487701416,0.1431253403425216,0.0701858848333358,0.0,0.8458206057548523,forecast,False,,True,True,0.0,0.0,
beijing_24h_24h_station1013_seed2049_cap128_b8_a20,beijing,24,24,1013,2049,cap128_b8_a20,128,8,0.2,0.5,backbone_nonfinite,center_lstm_default,center_lstm,default,1.1488240957260132,/home/hansel/Documents/ITProject/Python/PatchTST/experiments/results/baselines/beijing/24h_24h/checkpoints/center_lstm_default_seed2049.pt,,,,,,,,,,,0.0,,False,,,,,,,,,,,,,,,,,,,,,False,主干验证前向包含 NaN/Inf (count=0),False,False,0.0,0.0,
beijing_48h_1h_station1013_seed2047_cap32_b4_a10,beijing,48,1,1013,2047,cap32_b4_a10,32,4,0.1,0.5,completed,center_lstm_default,center_lstm,default,0.0989585891366005,/home/hansel/Documents/ITProject/Python/PatchTST/experiments/results/baselines/beijing/48h_1h/checkpoints/center_lstm_default_seed2047.pt,11.0,2.0995757579803467,6.441233666002518,0.0197803820046829,predictions/beijing_48h_1h_station1013_seed2047_cap32_b4_a10.npz,checkpoints/beijing_48h_1h_station1013_seed2047_cap32_b4_a10.pt,45889.0,4588.0,41301.0,True,0.0,1e-06,True,0.9852429628372192,0.9925940574259042,0.751147449016571,73.92900848388672,55.94590759277344,71.3452377319336,0.9854299426078796,0.99268824038964,0.7510568499565125,73.93601989746094,55.93916702270508,71.34428405761719,0.2467711418867111,853057648.1974039,0.6199063062667847,0.1666666865348816,0.0,0.0,0.0,forecast,False,,True,True,0.0,0.0,
beijing_48h_1h_station1013_seed2047_cap128_b4_a10,beijing,48,1,1013,2047,cap128_b4_a10,128,4,0.1,0.5,completed,center_lstm_default,center_lstm,default,0.0989585891366005,/home/hansel/Documents/ITProject/Python/PatchTST/experiments/results/baselines/beijing/48h_1h/checkpoints/center_lstm_default_seed2047.pt,19.0,0.0917019248008728,16.349817219001125,0.1872822619989165,predictions/beijing_48h_1h_station1013_seed2047_cap128_b4_a10.npz,checkpoints/beijing_48h_1h_station1013_seed2047_cap128_b4_a10.pt,96385.0,55084.0,41301.0,True,0.0,4.967990398406982e-06,True,0.0765801444649696,0.2767311772550567,0.1330683678388595,20.61110496520996,9.911012649536133,16.74544906616211,0.0812861397862434,0.2851072426057315,0.1323014944791793,21.23496055603028,9.85389518737793,15.839402198791504,0.120180919766426,0.0479081178101689,0.6168140769004822,0.167846143245697,0.0381791405379772,0.0,0.5090988278388977,forecast,False,,True,True,0.0,0.0,
beijing_48h_1h_station1013_seed2047_cap128_b8_a20,beijing,48,1,1013,2047,cap128_b8_a20,128,8,0.2,0.5,completed,center_lstm_default,center_lstm,default,0.0989585891366005,/home/hansel/Documents/ITProject/Python/PatchTST/experiments/results/baselines/beijing/48h_1h/checkpoints/center_lstm_default_seed2047.pt,1.0,0.0987555310130119,4.849717576005787,0.0408042179988115,predictions/beijing_48h_1h_station1013_seed2047_cap128_b8_a20.npz,checkpoints/beijing_48h_1h_station1013_seed2047_cap128_b8_a20.pt,96897.0,55596.0,41301.0,True,0.0,4.967990398406982e-06,True,0.0814655125141143,0.2854216398840746,0.1344054490327835,21.258377075195312,10.010598182678224,16.562393188476562,0.0812861397862434,0.2851072426057315,0.1323014944791793,21.23496055603028,9.85389518737793,15.839402198791504,0.1991980671882629,0.0145511277742181,0.6193332076072693,0.1515395939350128,0.0661754831671714,0.0,0.1127102002501487,forecast,False,,True,True,0.0,0.0,
beijing_48h_1h_station1013_seed2048_cap32_b4_a10,beijing,48,1,1013,2048,cap32_b4_a10,32,4,0.1,0.5,completed,center_lstm_default,center_lstm,default,0.0976847037672996,/home/hansel/Documents/ITProject/Python/PatchTST/experiments/results/baselines/beijing/48h_1h/checkpoints/center_lstm_default_seed2048.pt,20.0,0.0971543937921524,9.239505767000082,0.0186121270016883,predictions/beijing_48h_1h_station1013_seed2048_cap32_b4_a10.npz,checkpoints/beijing_48h_1h_station1013_seed2048_cap32_b4_a10.pt,45889.0,4588.0,41301.0,True,0.0,4.843275070190429e-06,True,0.079007089138031,0.2810819971788144,0.133753016591072,20.93515586853028,9.962006568908691,16.20450782775879,0.079551875591278,0.2820494204767634,0.1335191279649734,21.007211685180664,9.944586753845217,16.023588180541992,0.1162414997816085,0.0077932285346559,0.6193515658378601,0.1767141968011856,0.0588159821927547,0.0,0.5917373299598694,forecast,False,,True,True,0.0,0.0,
beijing_48h_1h_station1013_seed2048_cap128_b4_a10,beijing,48,1,1013,2048,cap128_b4_a10,128,4,0.1,0.5,completed,center_lstm_default,center_lstm,default,0.0976847037672996,/home/hansel/Documents/ITProject/Python/PatchTST/experiments/results/baselines/beijing/48h_1h/checkpoints/center_lstm_default_seed2048.pt,15.0,0.0890881419181823,12.404944761001389,0.0412530549947405,predictions/beijing_48h_1h_station1013_seed2048_cap128_b4_a10.npz,checkpoints/beijing_48h_1h_station1013_seed2048_cap128_b4_a10.pt,96385.0,55084.0,41301.0,True,0.0,4.843275070190429e-06,True,0.0751255676150322,0.2740904369273619,0.1340482383966446,20.41442108154297,9.98399543762207,17.424198150634766,0.079551875591278,0.2820494204767634,0.1335191279649734,21.007211685180664,9.944586753845217,16.023588180541992,0.1171918585896492,0.0521458105108486,0.6150728464126587,0.1297383159399032,0.0323836877942085,0.0,0.5066368579864502,forecast,False,,True,True,0.0,0.0,
beijing_48h_1h_station1013_seed2048_cap128_b8_a20,beijing,48,1,1013,2048,cap128_b8_a20,128,8,0.2,0.5,backbone_nonfinite,center_lstm_default,center_lstm,default,0.0976847037672996,/home/hansel/Documents/ITProject/Python/PatchTST/experiments/results/baselines/beijing/48h_1h/checkpoints/center_lstm_default_seed2048.pt,,,,,,,,,,,0.0,,False,,,,,,,,,,,,,,,,,,,,,False,主干验证前向包含 NaN/Inf (count=0),False,False,0.0,0.0,
beijing_48h_1h_station1013_seed2049_cap32_b4_a10,beijing,48,1,1013,2049,cap32_b4_a10,32,4,0.1,0.5,completed,center_lstm_default,center_lstm,default,0.0972773432731628,/home/hansel/Documents/ITProject/Python/PatchTST/experiments/results/baselines/beijing/48h_1h/checkpoints/center_lstm_default_seed2049.pt,39.0,0.0885888189077377,13.696335781001835,0.0214878730039345,predictions/beijing_48h_1h_station1013_seed2049_cap32_b4_a10.npz,checkpoints/beijing_48h_1h_station1013_seed2049_cap32_b4_a10.pt,45889.0,4588.0,41301.0,True,0.0,4.96450662612915e-06,True,0.0751740634441375,0.2741788894939535,0.1336694806814193,20.421010971069336,9.955784797668455,16.800626754760742,0.0801818147301673,0.2831639361397693,0.1319532096385955,21.090219497680664,9.827954292297363,15.724949836730955,0.1463104784488678,0.058488845785349,0.5928133726119995,0.0920370817184448,0.0454532913863658,0.0,0.707015872001648,forecast,False,,True,True,0.0,0.0,
beijing_48h_1h_station1013_seed2049_cap128_b4_a10,beijing,48,1,1013,2049,cap128_b4_a10,128,4,0.1,0.5,completed,center_lstm_default,center_lstm,default,0.0972773432731628,/home/hansel/Documents/ITProject/Python/PatchTST/experiments/results/baselines/beijing/48h_1h/checkpoints/center_lstm_default_seed2049.pt,37.0,0.0909934267401695,23.14835392600071,0.0437891590045183,predictions/beijing_48h_1h_station1013_seed2049_cap128_b4_a10.npz,checkpoints/beijing_48h_1h_station1013_seed2049_cap128_b4_a10.pt,96385.0,55084.0,41301.0,True,0.0,4.96450662612915e-06,True,0.0745289474725723,0.272999903795903,0.1336909383535385,20.33319854736328,9.95738124847412,17.298498153686523,0.0801818147301673,0.2831639361397693,0.1319532096385955,21.090219497680664,9.827954292297363,15.724949836730955,0.1311113685369491,0.0519800923043171,0.6027255058288574,0.1278902292251587,0.071512259542942,0.0,0.6466419696807861,forecast,False,,True,True,0.0,0.0,
beijing_48h_1h_station1013_seed2049_cap128_b8_a20,beijing,48,1,1013,2049,cap128_b8_a20,128,8,0.2,0.5,completed,center_lstm_default,center_lstm,default,0.0972773432731628,/home/hansel/Documents/ITProject/Python/PatchTST/experiments/results/baselines/beijing/48h_1h/checkpoints/center_lstm_default_seed2049.pt,3.0,0.0953321978449821,6.000114984999527,0.0413192380001419,predictions/beijing_48h_1h_station1013_seed2049_cap128_b8_a20.npz,checkpoints/beijing_48h_1h_station1013_seed2049_cap128_b8_a20.pt,96897.0,55596.0,41301.0,True,0.0,4.96450662612915e-06,True,0.0784411206841468,0.2800734201671891,0.1317690163850784,20.860036849975582,9.81423568725586,15.966463088989258,0.0801818147301673,0.2831639361397693,0.1319532096385955,21.090219497680664,9.827954292297363,15.724949836730955,0.1996463686227798,0.0185604028139854,0.6194568276405334,0.1761141270399093,0.052388522773981,0.0,0.2417370676994323,forecast,False,,True,True,0.0,0.0,
beijing_48h_3h_station1013_seed2047_cap32_b4_a10,beijing,48,3,1013,2047,cap32_b4_a10,32,4,0.1,0.5,completed,center_lstm_default,center_lstm,default,0.2553854882717132,/home/hansel/Documents/ITProject/Python/PatchTST/experiments/results/baselines/beijing/48h_3h/checkpoints/center_lstm_default_seed2047.pt,40.0,0.2422350943088531,13.255011232002287,0.0192335430037928,predictions/beijing_48h_3h_station1013_seed2047_cap32_b4_a10.npz,checkpoints/beijing_48h_3h_station1013_seed2047_cap32_b4_a10.pt,46423.0,4920.0,41503.0,True,0.0,4.7919430732727045e-06,True,0.1675428748130798,0.4093200151630504,0.2190929800271988,30.484060287475582,16.316923141479492,24.96578598022461,0.1751608997583389,0.4185222810775298,0.220182716846466,31.169397354125977,16.398082733154297,24.10542106628418,0.1748400628566742,0.0739921382707584,0.6034049987792969,0.1266302168369293,0.0655332431197166,0.0,2.514788150787353,forecast,False,,True,True,0.0,0.0,
beijing_48h_3h_station1013_seed2047_cap128_b4_a10,beijing,48,3,1013,2047,cap128_b4_a10,128,4,0.1,0.5,completed,center_lstm_default,center_lstm,default,0.2553854882717132,/home/hansel/Documents/ITProject/Python/PatchTST/experiments/results/baselines/beijing/48h_3h/checkpoints/center_lstm_default_seed2047.pt,27.0,0.2449035346508026,20.612431371999264,0.0414657220026128,predictions/beijing_48h_3h_station1013_seed2047_cap128_b4_a10.npz,checkpoints/beijing_48h_3h_station1013_seed2047_cap128_b4_a10.pt,97879.0,56376.0,41503.0,True,0.0,4.7919430732727045e-06,True,0.1733228713274002,0.4163206352409164,0.2214413583278656,31.00543212890625,16.491819381713867,24.89337158203125,0.1751608997583389,0.4185222810775298,0.220182716846466,31.169397354125977,16.398082733154297,24.10542106628418,0.1227414458990097,0.0617695936809958,0.6109448075294495,0.1251988559961319,0.0687042698264122,0.0,1.86110520362854,forecast,False,,True,True,0.0,0.0,
beijing_48h_3h_station1013_seed2047_cap128_b8_a20,beijing,48,3,1013,2047,cap128_b8_a20,128,8,0.2,0.5,backbone_nonfinite,center_lstm_default,center_lstm,default,0.2553854882717132,/home/hansel/Documents/ITProject/Python/PatchTST/experiments/results/baselines/beijing/48h_3h/checkpoints/center_lstm_default_seed2047.pt,,,,,,,,,,,0.0,,False,,,,,,,,,,,,,,,,,,,,,False,主干验证前向包含 NaN/Inf (count=0),False,False,0.0,0.0,
beijing_48h_3h_station1013_seed2048_cap32_b4_a10,beijing,48,3,1013,2048,cap32_b4_a10,32,4,0.1,0.5,completed,center_lstm_default,center_lstm,default,0.2492524236440658,/home/hansel/Documents/ITProject/Python/PatchTST/experiments/results/baselines/beijing/48h_3h/checkpoints/center_lstm_default_seed2048.pt,36.0,0.2368697673082351,13.671200417993532,0.020899264003674,predictions/beijing_48h_3h_station1013_seed2048_cap32_b4_a10.npz,checkpoints/beijing_48h_3h_station1013_seed2048_cap32_b4_a10.pt,46423.0,4920.0,41503.0,True,0.0,4.808305263519287e-06,True,0.1695667505264282,0.4117848352312506,0.2226606458425521,30.667627334594727,16.582626342773438,25.987287521362305,1.1822376251220703,1.0873075117564812,0.9678323864936828,80.97709655761719,72.07920837402344,79.111328125,0.1606818735599517,0.0747156220848676,0.5648812055587769,0.0703983083367347,0.0648958757519722,0.0,1.4228445291519165,forecast,False,,True,True,0.0,0.0,
beijing_48h_3h_station1013_seed2048_cap128_b4_a10,beijing,48,3,1013,2048,cap128_b4_a10,128,4,0.1,0.5,completed,center_lstm_default,center_lstm,default,0.2492524236440658,/home/hansel/Documents/ITProject/Python/PatchTST/experiments/results/baselines/beijing/48h_3h/checkpoints/center_lstm_default_seed2048.pt,2.0,1.0248814821243286,5.439570203001495,0.0431691729972953,predictions/beijing_48h_3h_station1013_seed2048_cap128_b4_a10.npz,checkpoints/beijing_48h_3h_station1013_seed2048_cap128_b4_a10.pt,97879.0,56376.0,41503.0,True,0.0,4.808305263519287e-06,True,0.5620771646499634,0.7497180567719863,0.4393755197525024,55.83516693115234,32.72243881225586,44.48022079467773,0.5613780617713928,0.749251667846921,0.4412577748298645,55.8004264831543,32.86262130737305,44.89149856567383,0.1004427894949913,0.0230468517767426,0.6000204682350159,0.0967673286795616,0.0773926824331283,0.0,0.2581682205200195,forecast,False,,True,True,0.0,0.0,
beijing_48h_3h_station1013_seed2048_cap128_b8_a20,beijing,48,3,1013,2048,cap128_b8_a20,128,8,0.2,0.5,completed,center_lstm_default,center_lstm,default,0.2492524236440658,/home/hansel/Documents/ITProject/Python/PatchTST/experiments/results/baselines/beijing/48h_3h/checkpoints/center_lstm_default_seed2048.pt,20.0,0.2345516979694366,15.305007702001603,0.0413192609994439,predictions/beijing_48h_3h_station1013_seed2048_cap128_b8_a20.npz,checkpoints/beijing_48h_3h_station1013_seed2048_cap128_b8_a20.pt,99415.0,57912.0,41503.0,True,0.0,4.808305263519287e-06,True,0.168750375509262,0.4107923751839389,0.221571460366249,30.59371566772461,16.501508712768555,25.03313636779785,0.1766747534275055,0.4203269601482939,0.2268489599227905,31.303800582885746,16.894550323486328,26.34166145324707,0.2307770699262619,0.1054079907064806,0.5979001522064209,0.2144086211919784,0.050184991210699,0.0,1.1042848825454712,forecast,False,,True,True,0.0,0.0,
beijing_48h_3h_station1013_seed2049_cap32_b4_a10,beijing,48,3,1013,2049,cap32_b4_a10,32,4,0.1,0.5,nonfinite,center_lstm_default,,,,/home/hansel/Documents/ITProject/Python/PatchTST/experiments/results/baselines/beijing/48h_3h/checkpoints/center_lstm_default_seed2049.pt,,,,,,,,,,,,,,,,,,,,,,,,,,,,,,,,,,True,beijing_48h_3h_station1013_seed2049_cap32_b4_a10 出现非有限训练损失,,,,,
beijing_48h_3h_station1013_seed2049_cap128_b4_a10,beijing,48,3,1013,2049,cap128_b4_a10,128,4,0.1,0.5,completed,center_lstm_default,center_lstm,default,0.253434419631958,/home/hansel/Documents/ITProject/Python/PatchTST/experiments/results/baselines/beijing/48h_3h/checkpoints/center_lstm_default_seed2049.pt,11.0,0.2416788041591644,11.334061819005,0.0435640319992671,predictions/beijing_48h_3h_station1013_seed2049_cap128_b4_a10.npz,checkpoints/beijing_48h_3h_station1013_seed2049_cap128_b4_a10.pt,97879.0,56376.0,41503.0,True,0.0,4.980828762054443e-06,True,0.1727600693702697,0.4156441619586034,0.2251930236816406,30.955049514770508,16.771224975585938,26.58612060546875,0.1778189688920974,0.421685865179398,0.2222359031438827,31.405004501342773,16.550992965698242,24.831716537475582,0.1170925423502922,0.0662508566627235,0.6044340133666992,0.1152526885271072,0.0677379295229911,0.0,1.1166471242904663,forecast,False,,True,True,0.0,0.0,
beijing_48h_3h_station1013_seed2049_cap128_b8_a20,beijing,48,3,1013,2049,cap128_b8_a20,128,8,0.2,0.5,completed,center_lstm_default,center_lstm,default,0.253434419631958,/home/hansel/Documents/ITProject/Python/PatchTST/experiments/results/baselines/beijing/48h_3h/checkpoints/center_lstm_default_seed2049.pt,3.0,0.2540953755378723,6.167083357002412,0.044890047996887,predictions/beijing_48h_3h_station1013_seed2049_cap128_b8_a20.npz,checkpoints/beijing_48h_3h_station1013_seed2049_cap128_b8_a20.pt,99415.0,57912.0,41503.0,True,0.0,4.980828762054443e-06,True,0.1779641062021255,0.421857921819806,0.2228804975748062,31.417818069458008,16.5989990234375,24.88254737854004,0.1778189688920974,0.421685865179398,0.2222359031438827,31.405004501342773,16.550992965698242,24.831716537475582,0.1966113299131393,0.0375425670762462,0.5944148302078247,0.0934479758143425,0.0761972889304161,0.0,0.4051191508769989,forecast,False,,True,True,0.0,0.0,
beijing_48h_6h_station1013_seed2047_cap32_b4_a10,beijing,48,6,1013,2047,cap32_b4_a10,32,4,0.1,0.5,completed,center_lstm_default,center_lstm,default,0.4494147598743438,/home/hansel/Documents/ITProject/Python/PatchTST/experiments/results/baselines/beijing/48h_6h/checkpoints/center_lstm_default_seed2047.pt,9.0,0.4436552822589874,5.728187086999242,0.0184057970036519,predictions/beijing_48h_6h_station1013_seed2047_cap32_b4_a10.npz,checkpoints/beijing_48h_6h_station1013_seed2047_cap32_b4_a10.pt,47224.0,5418.0,41806.0,True,0.0,4.683457374572753e-06,True,0.2997996211051941,0.5475396068826383,0.3264168500900268,40.77794647216797,24.30985641479492,34.10099792480469,0.305401861667633,0.5526317595538941,0.3267779052257538,41.15718460083008,24.336748123168945,33.667354583740234,0.115630067884922,0.0528990791475123,0.6173414587974548,0.1328422874212265,0.0641530305147171,0.0,1.1631767749786377,forecast,False,,True,True,0.0,0.0,
beijing_48h_6h_station1013_seed2047_cap128_b4_a10,beijing,48,6,1013,2047,cap128_b4_a10,128,4,0.1,0.5,completed,center_lstm_default,center_lstm,default,0.4494147598743438,/home/hansel/Documents/ITProject/Python/PatchTST/experiments/results/baselines/beijing/48h_6h/checkpoints/center_lstm_default_seed2047.pt,8.0,0.4453328251838684,10.668222728003457,0.0413221080016228,predictions/beijing_48h_6h_station1013_seed2047_cap128_b4_a10.npz,checkpoints/beijing_48h_6h_station1013_seed2047_cap128_b4_a10.pt,100120.0,58314.0,41806.0,True,0.0,4.683457374572753e-06,True,0.3050754964351654,0.5523363978909641,0.3314058482646942,41.13518905639648,24.681415557861328,34.606407165527344,0.305401861667633,0.5526317595538941,0.3267779052257538,41.15718460083008,24.336748123168945,33.667354583740234,0.1089709624648094,0.0545693565644843,0.6180552840232849,0.1877827197313308,0.0559086874127388,0.0,1.3313943147659302,forecast,False,,True,True,0.0,0.0,
beijing_48h_6h_station1013_seed2047_cap128_b8_a20,beijing,48,6,1013,2047,cap128_b8_a20,128,8,0.2,0.5,completed,center_lstm_default,center_lstm,default,0.4494147598743438,/home/hansel/Documents/ITProject/Python/PatchTST/experiments/results/baselines/beijing/48h_6h/checkpoints/center_lstm_default_seed2047.pt,7.0,0.4377717971801758,8.198863346995495,0.0414850059969467,predictions/beijing_48h_6h_station1013_seed2047_cap128_b8_a20.npz,checkpoints/beijing_48h_6h_station1013_seed2047_cap128_b8_a20.pt,103192.0,61386.0,41806.0,True,0.0,4.683457374572753e-06,True,0.30023393034935,0.5479360641072551,0.327815443277359,40.80747222900391,24.414018630981445,34.474754333496094,0.305401861667633,0.5526317595538941,0.3267779052257538,41.15718460083008,24.336748123168945,33.667354583740234,0.2080257833003997,0.0750931897000116,0.6124045848846436,0.2038186937570572,0.0364933684468269,0.0,1.2043890953063965,forecast,False,,True,True,0.0,0.0,
beijing_48h_6h_station1013_seed2048_cap32_b4_a10,beijing,48,6,1013,2048,cap32_b4_a10,32,4,0.1,0.5,completed,center_gru_default,center_gru,default,0.4616747796535492,/home/hansel/Documents/ITProject/Python/PatchTST/experiments/results/baselines/beijing/48h_6h/checkpoints/center_gru_default_seed2048.pt,27.0,0.4458477795124054,13.83771384099964,0.0252453680004691,predictions/beijing_48h_6h_station1013_seed2048_cap32_b4_a10.npz,checkpoints/beijing_48h_6h_station1013_seed2048_cap32_b4_a10.pt,36924.0,5418.0,31506.0,True,0.0,5.03410530090332e-06,True,0.2862855195999145,0.5350565573842774,0.3037863969802856,39.84827423095703,22.62445640563965,32.889305114746094,0.2954256534576416,0.5435307290831325,0.3050907552242279,40.47938919067383,22.72159767150879,32.26414489746094,0.1595261096954345,0.0936148163779145,0.6023914813995361,0.0772350654006004,0.0364934280514717,0.0,2.206940174102783,forecast,False,,True,True,0.0,0.0,
beijing_48h_6h_station1013_seed2048_cap128_b4_a10,beijing,48,6,1013,2048,cap128_b4_a10,128,4,0.1,0.5,completed,center_gru_default,center_gru,default,0.4616747796535492,/home/hansel/Documents/ITProject/Python/PatchTST/experiments/results/baselines/beijing/48h_6h/checkpoints/center_gru_default_seed2048.pt,7.0,0.4564830660820007,9.234819649005658,0.0481770219994359,predictions/beijing_48h_6h_station1013_seed2048_cap128_b4_a10.npz,checkpoints/beijing_48h_6h_station1013_seed2048_cap128_b4_a10.pt,89820.0,58314.0,31506.0,True,0.0,5.03410530090332e-06,True,0.2881340682506561,0.5367812107839246,0.3085452914237976,39.97671890258789,22.9788761138916,34.051631927490234,0.2954256534576416,0.5435307290831325,0.3050907552242279,40.47938919067383,22.72159767150879,32.26414489746094,0.1099234297871589,0.0794255816984359,0.6051347255706787,0.0935390666127204,0.0681381523609161,0.0,1.2487624883651731,forecast,False,,True,True,0.0,0.0,
beijing_48h_6h_station1013_seed2048_cap128_b8_a20,beijing,48,6,1013,2048,cap128_b8_a20,128,8,0.2,0.5,completed,center_gru_default,center_gru,default,0.4616747796535492,/home/hansel/Documents/ITProject/Python/PatchTST/experiments/results/baselines/beijing/48h_6h/checkpoints/center_gru_default_seed2048.pt,3.0,0.4523184895515442,6.602697731999797,0.0478162689978489,predictions/beijing_48h_6h_station1013_seed2048_cap128_b8_a20.npz,checkpoints/beijing_48h_6h_station1013_seed2048_cap128_b8_a20.pt,92892.0,61386.0,31506.0,True,0.0,5.03410530090332e-06,True,0.2860807776451111,0.5348651957690939,0.3083865940570831,39.834022521972656,22.96705818176269,34.104637145996094,0.2954256534576416,0.5435307290831325,0.3050907552242279,40.47938919067383,22.72159767150879,32.26414489746094,0.2045498639345169,0.0916386748367751,0.6171397566795349,0.1328136920928955,0.0575413778424263,0.0,0.943477749824524,forecast,False,,True,True,0.0,0.0,
beijing_48h_6h_station1013_seed2049_cap32_b4_a10,beijing,48,6,1013,2049,cap32_b4_a10,32,4,0.1,0.5,completed,center_gru_default,center_gru,default,0.4640422761440277,/home/hansel/Documents/ITProject/Python/PatchTST/experiments/results/baselines/beijing/48h_6h/checkpoints/center_gru_default_seed2049.pt,15.0,0.4612036943435669,9.0722385590052,0.0260734260009485,predictions/beijing_48h_6h_station1013_seed2049_cap32_b4_a10.npz,checkpoints/beijing_48h_6h_station1013_seed2049_cap32_b4_a10.pt,36924.0,5418.0,31506.0,True,0.0,5.345622062683105e-06,True,0.2879709899425506,0.5366292853940704,0.305452287197113,39.96540451049805,22.748523712158203,33.06949615478516,0.2928069829940796,0.5411164227724747,0.3089902698993683,40.299583435058594,23.01201629638672,33.484859466552734,0.1247654631733894,0.079637998377875,0.6027665138244629,0.0914673283696174,0.0428532287478446,0.0,1.6206461191177368,forecast,False,,True,True,0.0,0.0,
beijing_48h_6h_station1013_seed2049_cap128_b4_a10,beijing,48,6,1013,2049,cap128_b4_a10,128,4,0.1,0.5,completed,center_gru_default,center_gru,default,0.4640422761440277,/home/hansel/Documents/ITProject/Python/PatchTST/experiments/results/baselines/beijing/48h_6h/checkpoints/center_gru_default_seed2049.pt,1.0,0.4664583802223205,5.388914893002948,0.0480820789962308,predictions/beijing_48h_6h_station1013_seed2049_cap128_b4_a10.npz,checkpoints/beijing_48h_6h_station1013_seed2049_cap128_b4_a10.pt,89820.0,58314.0,31506.0,True,0.0,5.345622062683105e-06,True,0.2905975878238678,0.5390710415370759,0.3052325844764709,40.14725112915039,22.732162475585938,32.581024169921875,0.2928069829940796,0.5411164227724747,0.3089902698993683,40.299583435058594,23.01201629638672,33.484859466552734,0.1003502681851387,0.0383573080689083,0.6173421144485474,0.1497723311185836,0.0693506076931953,0.0,0.4173494875431061,forecast,False,,True,True,0.0,0.0,
beijing_48h_6h_station1013_seed2049_cap128_b8_a20,beijing,48,6,1013,2049,cap128_b8_a20,128,8,0.2,0.5,backbone_nonfinite,center_gru_default,center_gru,default,0.4640422761440277,/home/hansel/Documents/ITProject/Python/PatchTST/experiments/results/baselines/beijing/48h_6h/checkpoints/center_gru_default_seed2049.pt,2.0,0.4645648598670959,5.909674034002819,0.0512708499954897,predictions/beijing_48h_6h_station1013_seed2049_cap128_b8_a20.npz,checkpoints/beijing_48h_6h_station1013_seed2049_cap128_b8_a20.pt,92892.0,61386.0,31506.0,True,0.0,5.345622062683105e-06,False,171197568.0,13084.248851195089,347.28076171875,974447.9375,25863.697265625,56.86120223999024,inf,inf,3.8540364459155946e+21,inf,2.870289418719189e+23,43.3169174194336,0.1995019316673278,0.0566338757178827,0.6183184385299683,0.1974117457866668,0.0466862060129642,0.2006147056818008,0.2006147056818008,forecast,False,历史完成行含非有限评估字段，启动时重分类: backbone_rmse_ugm3,True,True,0.0,0.0,
beijing_48h_12h_station1013_seed2047_cap32_b4_a10,beijing,48,12,1013,2047,cap32_b4_a10,32,4,0.1,0.5,completed,center_lstm_default,center_lstm,default,0.7325414419174194,/home/hansel/Documents/ITProject/Python/PatchTST/experiments/results/baselines/beijing/48h_12h/checkpoints/center_lstm_default_seed2047.pt,5.0,0.7396907210350037,4.41648066000198,0.0203709960042033,predictions/beijing_48h_12h_station1013_seed2047_cap32_b4_a10.npz,checkpoints/beijing_48h_12h_station1013_seed2047_cap32_b4_a10.pt,48826.0,6414.0,42412.0,True,0.0,4.563169956207275e-06,True,0.5294570922851562,0.7276380228418222,0.4695774614810943,54.18188095092773,34.965999603271484,46.54051208496094,0.5361416935920715,0.7322169716635033,0.4815326333045959,54.52284240722656,35.8562126159668,47.49600982666016,0.1037858873605728,0.0977999239566134,0.6093388795852661,0.1520590633153915,0.061267752200365,0.0,1.1252833604812622,forecast,False,,True,True,0.0,0.0,
beijing_48h_12h_station1013_seed2047_cap128_b4_a10,beijing,48,12,1013,2047,cap128_b4_a10,128,4,0.1,0.5,completed,center_lstm_default,center_lstm,default,0.7325414419174194,/home/hansel/Documents/ITProject/Python/PatchTST/experiments/results/baselines/beijing/48h_12h/checkpoints/center_lstm_default_seed2047.pt,28.0,0.7379301190376282,21.114557935005,0.1868940869971993,predictions/beijing_48h_12h_station1013_seed2047_cap128_b4_a10.npz,checkpoints/beijing_48h_12h_station1013_seed2047_cap128_b4_a10.pt,104602.0,62190.0,42412.0,True,0.0,4.563169956207275e-06,True,0.5347822904586792,0.7312881035943899,0.4733400046825409,54.45367431640625,35.24616622924805,46.59846115112305,0.5361416935920715,0.7322169716635033,0.4815326333045959,54.52284240722656,35.8562126159668,47.49600982666016,0.1118697747588157,0.098462897288691,0.2856064438819885,0.7694215774536133,0.0334034152328968,0.0,2.7680838108062744,forecast,False,,True,True,0.0,0.0,
beijing_48h_12h_station1013_seed2047_cap128_b8_a20,beijing,48,12,1013,2047,cap128_b8_a20,128,8,0.2,0.5,completed,center_lstm_default,center_lstm,default,0.7325414419174194,/home/hansel/Documents/ITProject/Python/PatchTST/experiments/results/baselines/beijing/48h_12h/checkpoints/center_lstm_default_seed2047.pt,4.0,0.7382053136825562,6.544806737998442,0.0421791650005616,predictions/beijing_48h_12h_station1013_seed2047_cap128_b8_a20.npz,checkpoints/beijing_48h_12h_station1013_seed2047_cap128_b8_a20.pt,110746.0,68334.0,42412.0,True,0.0,4.563169956207275e-06,True,0.5369194149971008,0.7327478522637244,0.4735974669456482,54.56237411499024,35.26533889770508,46.65786743164063,0.5361416935920715,0.7322169716635033,0.4815326333045959,54.52284240722656,35.8562126159668,47.49600982666016,0.2027874886989593,0.1365094878738567,0.6193869113922119,0.1556345075368881,0.0363330245018005,0.0,1.3344964981079102,forecast,False,,True,True,0.0,0.0,
beijing_48h_12h_station1013_seed2048_cap32_b4_a10,beijing,48,12,1013,2048,cap32_b4_a10,32,4,0.1,0.5,completed,center_lstm_default,center_lstm,default,0.7782832980155945,/home/hansel/Documents/ITProject/Python/PatchTST/experiments/results/baselines/beijing/48h_12h/checkpoints/center_lstm_default_seed2048.pt,2.0,0.7771280407905579,3.392329160000372,0.0179122129993629,predictions/beijing_48h_12h_station1013_seed2048_cap32_b4_a10.npz,checkpoints/beijing_48h_12h_station1013_seed2048_cap32_b4_a10.pt,48826.0,6414.0,42412.0,True,0.0,4.297899723052978e-06,True,0.5228689908981323,0.7230968060350788,0.4672808647155761,53.84373092651367,34.79498291015625,46.63975524902344,0.523346483707428,0.7234269028087275,0.4666420221328735,53.868309020996094,34.747413635253906,46.29429244995117,0.1017688512802124,0.0327737808304187,0.6121062636375427,0.1415182948112487,0.0648680627346038,0.0,0.682889461517334,forecast,False,,True,True,0.0,0.0,
beijing_48h_12h_station1013_seed2048_cap128_b4_a10,beijing,48,12,1013,2048,cap128_b4_a10,128,4,0.1,0.5,completed,center_lstm_default,center_lstm,default,0.7782832980155945,/home/hansel/Documents/ITProject/Python/PatchTST/experiments/results/baselines/beijing/48h_12h/checkpoints/center_lstm_default_seed2048.pt,1.0,0.7824769616127014,4.941583384999831,0.0428566229966236,predictions/beijing_48h_12h_station1013_seed2048_cap128_b4_a10.npz,checkpoints/beijing_48h_12h_station1013_seed2048_cap128_b4_a10.pt,104602.0,62190.0,42412.0,True,0.0,4.297899723052978e-06,True,0.5243842601776123,0.7241438118064756,0.4678545892238617,53.92169570922852,34.83770751953125,46.73946380615234,0.523346483707428,0.7234269028087275,0.4666420221328735,53.868309020996094,34.747413635253906,46.29429244995117,0.100765012204647,0.0425445416523353,0.6123483180999756,0.1361114531755447,0.0667913258075714,0.0,0.6684924960136414,forecast,False,,True,True,0.0,0.0,
beijing_48h_12h_station1013_seed2048_cap128_b8_a20,beijing,48,12,1013,2048,cap128_b8_a20,128,8,0.2,0.5,completed,center_lstm_default,center_lstm,default,0.7782832980155945,/home/hansel/Documents/ITProject/Python/PatchTST/experiments/results/baselines/beijing/48h_12h/checkpoints/center_lstm_default_seed2048.pt,1.0,0.7886946201324463,4.909401294004056,0.0409091009933035,predictions/beijing_48h_12h_station1013_seed2048_cap128_b8_a20.npz,checkpoints/beijing_48h_12h_station1013_seed2048_cap128_b8_a20.pt,110746.0,68334.0,42412.0,True,0.0,4.297899723052978e-06,True,0.5296376943588257,0.7277621138523396,0.4764440655708313,54.19112014770508,35.47730255126953,48.06590270996094,0.523346483707428,0.7234269028087275,0.4666420221328735,53.868309020996094,34.747413635253906,46.29429244995117,0.201322466135025,0.0993211710414226,0.6140332221984863,0.1363404393196106,0.0637595802545547,0.0,0.8640105724334717,forecast,False,,True,True,0.0,0.0,
beijing_48h_12h_station1013_seed2049_cap32_b4_a10,beijing,48,12,1013,2049,cap32_b4_a10,32,4,0.1,0.5,backbone_nonfinite,center_gru_default,center_gru,default,0.7720959186553955,/home/hansel/Documents/ITProject/Python/PatchTST/experiments/results/baselines/beijing/48h_12h/checkpoints/center_gru_default_seed2049.pt,,,,,,,,,,,0.0,,False,,,,,,,,,,,,,,,,,,,,,False,主干验证前向包含 NaN/Inf (count=0),False,False,0.0,0.0,
beijing_48h_12h_station1013_seed2049_cap128_b4_a10,beijing,48,12,1013,2049,cap128_b4_a10,128,4,0.1,0.5,backbone_nonfinite,center_gru_default,center_gru,default,0.7720959186553955,/home/hansel/Documents/ITProject/Python/PatchTST/experiments/results/baselines/beijing/48h_12h/checkpoints/center_gru_default_seed2049.pt,,,,,,,,,,,0.0,,False,,,,,,,,,,,,,,,,,,,,,False,主干完整测试前向包含 NaN/Inf (count=288),True,True,0.0,0.0,
beijing_48h_12h_station1013_seed2049_cap128_b8_a20,beijing,48,12,1013,2049,cap128_b8_a20,128,8,0.2,0.5,completed,center_gru_default,center_gru,default,0.7720959186553955,/home/hansel/Documents/ITProject/Python/PatchTST/experiments/results/baselines/beijing/48h_12h/checkpoints/center_gru_default_seed2049.pt,1.0,0.7868528962135315,5.839638853001816,0.0500737419934012,predictions/beijing_48h_12h_station1013_seed2049_cap128_b8_a20.npz,checkpoints/beijing_48h_12h_station1013_seed2049_cap128_b8_a20.pt,100446.0,68334.0,32112.0,True,0.0,4.991279602050781e-06,True,0.4507546424865722,0.6713826349307616,0.4237574636936188,49.992950439453125,31.55412101745605,43.402339935302734,0.4536339342594147,0.6735235216823646,0.4279884696006775,50.15237045288086,31.86917304992676,44.26128768920898,0.200292021036148,0.0673294119799756,0.528009295463562,0.1296849697828292,0.0649560317397117,0.0,0.717400848865509,forecast,False,,True,True,0.0,0.0,
beijing_48h_24h_station1013_seed2047_cap32_b4_a10,beijing,48,24,1013,2047,cap32_b4_a10,32,4,0.1,0.5,completed,center_lstm_default,center_lstm,default,1.164642333984375,/home/hansel/Documents/ITProject/Python/PatchTST/experiments/results/baselines/beijing/48h_24h/checkpoints/center_lstm_default_seed2047.pt,3.0,1.1636611223220823,3.76915851800004,0.0192349290009588,predictions/beijing_48h_24h_station1013_seed2047_cap32_b4_a10.npz,checkpoints/beijing_48h_24h_station1013_seed2047_cap32_b4_a10.pt,52030.0,8406.0,43624.0,True,0.0,3.694236278533936e-06,True,0.7094221115112305,0.842271993783024,0.5772415995597839,62.6982650756836,42.96955490112305,56.30180740356445,0.7093908190727234,0.8422534173707599,0.5765403509140015,62.69688415527344,42.91735458374024,56.24108123779297,0.1019344255328178,0.0134252920736425,0.619236409664154,0.1559933573007583,0.0672885105013847,0.0,1.14463472366333,forecast,False,,True,True,0.0,0.0,
beijing_48h_24h_station1013_seed2047_cap128_b4_a10,beijing,48,24,1013,2047,cap128_b4_a10,128,4,0.1,0.5,completed,center_lstm_default,center_lstm,default,1.164642333984375,/home/hansel/Documents/ITProject/Python/PatchTST/experiments/results/baselines/beijing/48h_24h/checkpoints/center_lstm_default_seed2047.pt,5.0,1.1650606393814087,8.699107873995672,0.0414246549989911,predictions/beijing_48h_24h_station1013_seed2047_cap128_b4_a10.npz,checkpoints/beijing_48h_24h_station1013_seed2047_cap128_b4_a10.pt,113566.0,69942.0,43624.0,True,0.0,3.694236278533936e-06,True,0.7101230621337891,0.8426879980952553,0.576992392539978,62.72923278808594,42.95099639892578,56.28662109375,0.7093908190727234,0.8422534173707599,0.5765403509140015,62.69688415527344,42.91735458374024,56.24108123779297,0.1017678678035736,0.0092309371447315,0.5423679947853088,0.0325414538383483,0.0905140489339828,0.0,1.362859845161438,forecast,False,,True,True,0.0,0.0,
beijing_48h_24h_station1013_seed2047_cap128_b8_a20,beijing,48,24,1013,2047,cap128_b8_a20,128,8,0.2,0.5,completed,center_lstm_default,center_lstm,default,1.164642333984375,/home/hansel/Documents/ITProject/Python/PatchTST/experiments/results/baselines/beijing/48h_24h/checkpoints/center_lstm_default_seed2047.pt,1.0,1.1764380931854248,4.869142386996828,0.0414271950066904,predictions/beijing_48h_24h_station1013_seed2047_cap128_b8_a20.npz,checkpoints/beijing_48h_24h_station1013_seed2047_cap128_b8_a20.pt,125854.0,82230.0,43624.0,True,0.0,3.694236278533936e-06,True,0.7187477350234985,0.8477899120793421,0.582603931427002,63.10901641845703,43.36871719360352,56.972129821777344,0.7093908190727234,0.8422534173707599,0.5765403509140015,62.69688415527344,42.91735458374024,56.24108123779297,0.2006721049547195,0.0702978089928174,0.6179310083389282,0.1707233786582946,0.0660047233104705,0.0,0.9716835618019104,forecast,False,,True,True,0.0,0.0,
beijing_48h_24h_station1013_seed2048_cap32_b4_a10,beijing,48,24,1013,2048,cap32_b4_a10,32,4,0.1,0.5,completed,center_lstm_default,center_lstm,default,1.1202434301376345,/home/hansel/Documents/ITProject/Python/PatchTST/experiments/results/baselines/beijing/48h_24h/checkpoints/center_lstm_default_seed2048.pt,3.0,1.1133277416229248,3.6955293169958168,0.018074292995152,predictions/beijing_48h_24h_station1013_seed2048_cap32_b4_a10.npz,checkpoints/beijing_48h_24h_station1013_seed2048_cap32_b4_a10.pt,52030.0,8406.0,43624.0,True,0.0,4.188850879669189e-06,True,0.7721876502037048,0.8787420840062827,0.5989000201225281,65.41307830810547,44.581787109375,58.30701446533203,0.7776569724082947,0.8818486108217751,0.6000686287879944,65.64432525634766,44.66878128051758,58.491302490234375,0.1027023270726203,0.0328569414867221,0.617563784122467,0.1431557089090347,0.054445844143629,0.0,1.2961971759796145,forecast,False,,True,True,0.0,0.0,
beijing_48h_24h_station1013_seed2048_cap128_b4_a10,beijing,48,24,1013,2048,cap128_b4_a10,128,4,0.1,0.5,completed,center_lstm_default,center_lstm,default,1.1202434301376345,/home/hansel/Documents/ITProject/Python/PatchTST/experiments/results/baselines/beijing/48h_24h/checkpoints/center_lstm_default_seed2048.pt,1.0,1.1188077926635742,4.8872871569983545,0.0411500420013908,predictions/beijing_48h_24h_station1013_seed2048_cap128_b4_a10.npz,checkpoints/beijing_48h_24h_station1013_seed2048_cap128_b4_a10.pt,113566.0,69942.0,43624.0,True,0.0,4.188850879669189e-06,True,0.7749882936477661,0.8803341942965558,0.5995853543281555,65.53160095214844,44.63280487060547,58.31692886352539,0.7776569724082947,0.8818486108217751,0.6000686287879944,65.64432525634766,44.66878128051758,58.491302490234375,0.1003760918974876,0.0482952488889836,0.6182437539100647,0.1408377438783645,0.0636685341596603,0.0,0.8651134967803955,forecast,False,,True,True,0.0,0.0,
beijing_48h_24h_station1013_seed2048_cap128_b8_a20,beijing,48,24,1013,2048,cap128_b8_a20,128,8,0.2,0.5,completed,center_lstm_default,center_lstm,default,1.1202434301376345,/home/hansel/Documents/ITProject/Python/PatchTST/experiments/results/baselines/beijing/48h_24h/checkpoints/center_lstm_default_seed2048.pt,1.0,1.1303507089614868,4.888288622998516,0.0409413649977068,predictions/beijing_48h_24h_station1013_seed2048_cap128_b8_a20.npz,checkpoints/beijing_48h_24h_station1013_seed2048_cap128_b8_a20.pt,125854.0,82230.0,43624.0,True,0.0,4.188850879669189e-06,True,0.7760159969329834,0.8809177015663742,0.5995362997055054,65.57503509521484,44.629154205322266,58.401634216308594,0.7776569724082947,0.8818486108217751,0.6000686287879944,65.64432525634766,44.66878128051758,58.491302490234375,0.2001203745603561,0.0688910026873016,0.6183514595031738,0.144577607512474,0.0618531443178653,0.0,0.9892679452896118,forecast,False,,True,True,0.0,0.0,
beijing_48h_24h_station1013_seed2049_cap32_b4_a10,beijing,48,24,1013,2049,cap32_b4_a10,32,4,0.1,0.5,completed,center_gru_default,center_gru,default,1.1691123247146606,/home/hansel/Documents/ITProject/Python/PatchTST/experiments/results/baselines/beijing/48h_24h/checkpoints/center_gru_default_seed2049.pt,4.0,1.1790012121200562,4.671508020997862,0.0241599189976113,predictions/beijing_48h_24h_station1013_seed2049_cap32_b4_a10.npz,checkpoints/beijing_48h_24h_station1013_seed2049_cap32_b4_a10.pt,41730.0,8406.0,33324.0,True,0.0,4.954964637756347e-06,True,0.6632140874862671,0.8143795721199465,0.5486949682235718,60.62197113037109,40.84455490112305,53.103023529052734,0.6636425852775574,0.8146426119947061,0.55228590965271,60.64154815673828,41.11185836791992,53.29328918457031,0.1024951487779617,0.0568273553854251,0.6170939207077026,0.1839704811573028,0.0574123933911323,0.0,1.1756443977355957,forecast,False,,True,True,0.0,0.0,
beijing_48h_24h_station1013_seed2049_cap128_b4_a10,beijing,48,24,1013,2049,cap128_b4_a10,128,4,0.1,0.5,completed,center_gru_default,center_gru,default,1.1691123247146606,/home/hansel/Documents/ITProject/Python/PatchTST/experiments/results/baselines/beijing/48h_24h/checkpoints/center_gru_default_seed2049.pt,1.0,1.1820796728134155,5.317748714995105,0.0485953050010721,predictions/beijing_48h_24h_station1013_seed2049_cap128_b4_a10.npz,checkpoints/beijing_48h_24h_station1013_seed2049_cap128_b4_a10.pt,103266.0,69942.0,33324.0,True,0.0,4.954964637756347e-06,True,0.6646023392677307,0.8152314636149237,0.54876708984375,60.68538284301758,40.84992218017578,53.05731964111328,0.6636425852775574,0.8146426119947061,0.55228590965271,60.64154815673828,41.11185836791992,53.29328918457031,0.100416749715805,0.0638684705155193,0.619589626789093,0.1670572906732559,0.0554088652133941,0.0,0.8995589017868042,forecast,False,,True,True,0.0,0.0,
beijing_48h_24h_station1013_seed2049_cap128_b8_a20,beijing,48,24,1013,2049,cap128_b8_a20,128,8,0.2,0.5,completed,center_gru_default,center_gru,default,1.1691123247146606,/home/hansel/Documents/ITProject/Python/PatchTST/experiments/results/baselines/beijing/48h_24h/checkpoints/center_gru_default_seed2049.pt,1.0,1.193081259727478,5.335776022999198,0.0486518339967005,predictions/beijing_48h_24h_station1013_seed2049_cap128_b8_a20.npz,checkpoints/beijing_48h_24h_station1013_seed2049_cap128_b8_a20.pt,115554.0,82230.0,33324.0,True,0.0,4.954964637756347e-06,True,0.6678391695022583,0.8172142739222427,0.555869996547699,60.83298110961914,41.37865447998047,53.698951721191406,0.6636425852775574,0.8146426119947061,0.55228590965271,60.64154815673828,41.11185836791992,53.29328918457031,0.2005253434181213,0.0663090171987781,0.6196356415748596,0.1600612103939056,0.0521174930036067,0.0,1.1210589408874512,forecast,False,,True,True,0.0,0.0,
beijing_72h_1h_station1013_seed2047_cap32_b4_a10,beijing,72,1,1013,2047,cap32_b4_a10,32,4,0.1,0.5,completed,center_gru_default,center_gru,default,0.1012260541319847,/home/hansel/Documents/ITProject/Python/PatchTST/experiments/results/baselines/beijing/72h_1h/checkpoints/center_gru_default_seed2047.pt,8.0,0.0981243029236793,7.413090878006187,0.0358806919975904,predictions/beijing_72h_1h_station1013_seed2047_cap32_b4_a10.npz,checkpoints/beijing_72h_1h_station1013_seed2047_cap32_b4_a10.pt,35589.0,4588.0,31001.0,True,0.0,4.868679046630859e-06,True,0.0799366906285286,0.2827307741094496,0.1366647481918335,21.04632377624512,10.17324924468994,17.053146362304688,0.1997078359127044,0.4468868267388338,0.2496087551116943,33.26601028442383,18.58073806762696,28.45827865600586,0.1046570912003517,0.0309525828353989,0.6112029552459717,0.1080223843455314,0.0560329221189022,0.0,0.3553351759910583,forecast,False,,True,True,0.0,0.0,
beijing_72h_1h_station1013_seed2047_cap128_b4_a10,beijing,72,1,1013,2047,cap128_b4_a10,128,4,0.1,0.5,completed,center_gru_default,center_gru,default,0.1012260541319847,/home/hansel/Documents/ITProject/Python/PatchTST/experiments/results/baselines/beijing/72h_1h/checkpoints/center_gru_default_seed2047.pt,14.0,0.1001175716519355,20.190842625001096,0.2260225130012259,predictions/beijing_72h_1h_station1013_seed2047_cap128_b4_a10.npz,checkpoints/beijing_72h_1h_station1013_seed2047_cap128_b4_a10.pt,86085.0,55084.0,31001.0,True,0.0,4.868679046630859e-06,True,0.0799387767910957,0.282734463394712,0.1345771998167038,21.04659843444824,10.017852783203123,16.39099884033203,0.9671722054481506,0.9834491371942682,0.7189365029335022,73.20741271972656,53.51724243164063,68.23717498779297,0.1035484299063682,0.0474738591608102,0.6191930174827576,0.1824246644973755,0.0694347321987152,0.0,0.3490893840789795,forecast,False,,True,True,0.0,0.0,
beijing_72h_1h_station1013_seed2047_cap128_b8_a20,beijing,72,1,1013,2047,cap128_b8_a20,128,8,0.2,0.5,completed,center_gru_default,center_gru,default,0.1012260541319847,/home/hansel/Documents/ITProject/Python/PatchTST/experiments/results/baselines/beijing/72h_1h/checkpoints/center_gru_default_seed2047.pt,24.0,0.0887664780020713,24.616530204999435,0.0698123170004691,predictions/beijing_72h_1h_station1013_seed2047_cap128_b8_a20.npz,checkpoints/beijing_72h_1h_station1013_seed2047_cap128_b8_a20.pt,86597.0,55596.0,31001.0,True,0.0,4.868679046630859e-06,True,0.0784463733434677,0.2800827973001336,0.1365072131156921,20.849210739135746,10.16152286529541,16.985187530517578,0.0815936550498008,0.2856460310415687,0.1348239183425903,21.263334274291992,10.036219596862791,16.11370277404785,0.2135189920663833,0.0708348419366711,0.5573025345802307,0.3298575282096863,0.0518010854721069,0.0,0.5218450427055359,forecast,False,,True,True,0.0,0.0,
beijing_72h_1h_station1013_seed2048_cap32_b4_a10,beijing,72,1,1013,2048,cap32_b4_a10,32,4,0.1,0.5,completed,center_gru_default,center_gru,default,0.1007942259311676,/home/hansel/Documents/ITProject/Python/PatchTST/experiments/results/baselines/beijing/72h_1h/checkpoints/center_gru_default_seed2048.pt,28.0,0.0931687280535698,15.135733009999967,0.0340154910009005,predictions/beijing_72h_1h_station1013_seed2048_cap32_b4_a10.npz,checkpoints/beijing_72h_1h_station1013_seed2048_cap32_b4_a10.pt,35589.0,4588.0,31001.0,True,0.0,4.913063526153564e-06,True,0.0794125646352768,0.2818023503011939,0.1370817273855209,20.977214813232425,10.204288482666016,17.34664535522461,0.0822847783565521,0.2868532348720372,0.1341920793056488,21.35319709777832,9.989184379577637,16.269393920898438,0.1240658313035965,0.0507480108051275,0.6022441983222961,0.0805799588561058,0.0449005626142025,0.0,0.659948468208313,forecast,False,,True,True,0.0,0.0,
beijing_72h_1h_station1013_seed2048_cap128_b4_a10,beijing,72,1,1013,2048,cap128_b4_a10,128,4,0.1,0.5,completed,center_gru_default,center_gru,default,0.1007942259311676,/home/hansel/Documents/ITProject/Python/PatchTST/experiments/results/baselines/beijing/72h_1h/checkpoints/center_gru_default_seed2048.pt,24.0,0.0928178951144218,25.14674455700151,0.07113157799904,predictions/beijing_72h_1h_station1013_seed2048_cap128_b4_a10.npz,checkpoints/beijing_72h_1h_station1013_seed2048_cap128_b4_a10.pt,86085.0,55084.0,31001.0,True,0.0,4.913063526153564e-06,True,0.079386256635189,0.2817556683284101,0.13648222386837,20.973737716674805,10.159664154052734,17.46413803100586,0.0822847783565521,0.2868532348720372,0.1341920793056488,21.35319709777832,9.989184379577637,16.269393920898438,0.1149156391620636,0.0519184926024829,0.6032958030700684,0.1039935052394867,0.0482553653419017,0.0,0.4666536748409271,forecast,False,,True,True,0.0,0.0,
beijing_72h_1h_station1013_seed2048_cap128_b8_a20,beijing,72,1,1013,2048,cap128_b8_a20,128,8,0.2,0.5,backbone_nonfinite,center_gru_default,center_gru,default,0.1007942259311676,/home/hansel/Documents/ITProject/Python/PatchTST/experiments/results/baselines/beijing/72h_1h/checkpoints/center_gru_default_seed2048.pt,,,,,,,,,,,0.0,,False,,,,,,,,,,,,,,,,,,,,,False,主干验证前向包含 NaN/Inf (count=0),False,False,0.0,0.0,
beijing_72h_1h_station1013_seed2049_cap32_b4_a10,beijing,72,1,1013,2049,cap32_b4_a10,32,4,0.1,0.5,completed,center_gru_default,center_gru,default,0.0996385440230369,/home/hansel/Documents/ITProject/Python/PatchTST/experiments/results/baselines/beijing/72h_1h/checkpoints/center_gru_default_seed2049.pt,28.0,0.0958056524395942,15.661858036000922,0.0389724319975357,predictions/beijing_72h_1h_station1013_seed2049_cap32_b4_a10.npz,checkpoints/beijing_72h_1h_station1013_seed2049_cap32_b4_a10.pt,35589.0,4588.0,31001.0,True,0.0,5.111881256103516e-06,True,0.0807925164699554,0.2842402442828169,0.1356375217437744,21.15868759155273,10.096784591674805,16.774059295654297,0.0830499902367591,0.2881839520805404,0.133929967880249,21.45225715637207,9.969674110412598,16.51243019104004,0.1156376153230667,0.036275641580368,0.618752121925354,0.1708315312862396,0.047361847013235,0.0,0.5506757497787476,forecast,False,,True,True,0.0,0.0,
beijing_72h_1h_station1013_seed2049_cap128_b4_a10,beijing,72,1,1013,2049,cap128_b4_a10,128,4,0.1,0.5,completed,center_gru_default,center_gru,default,0.0996385440230369,/home/hansel/Documents/ITProject/Python/PatchTST/experiments/results/baselines/beijing/72h_1h/checkpoints/center_gru_default_seed2049.pt,1.0,0.0995582267642021,5.771440135999001,0.0738255220057908,predictions/beijing_72h_1h_station1013_seed2049_cap128_b4_a10.npz,checkpoints/beijing_72h_1h_station1013_seed2049_cap128_b4_a10.pt,86085.0,55084.0,31001.0,True,0.0,5.111881256103516e-06,True,0.0832965672016143,0.288611446761237,0.1354987621307373,21.48407936096192,10.086454391479492,17.133277893066406,0.0830499902367591,0.2881839520805404,0.133929967880249,21.45225715637207,9.969674110412598,16.51243019104004,0.0999634191393852,0.0145492380660444,0.619297444820404,0.1733306050300598,0.0659897923469543,0.0,0.1009671464562416,forecast,False,,True,True,0.0,0.0,
beijing_72h_1h_station1013_seed2049_cap128_b8_a20,beijing,72,1,1013,2049,cap128_b8_a20,128,8,0.2,0.5,completed,center_gru_default,center_gru,default,0.0996385440230369,/home/hansel/Documents/ITProject/Python/PatchTST/experiments/results/baselines/beijing/72h_1h/checkpoints/center_gru_default_seed2049.pt,20.0,0.0908436104655265,21.183675588006736,0.0698768369984463,predictions/beijing_72h_1h_station1013_seed2049_cap128_b8_a20.npz,checkpoints/beijing_72h_1h_station1013_seed2049_cap128_b8_a20.pt,86597.0,55596.0,31001.0,True,0.0,5.111881256103516e-06,True,0.0794757381081581,0.281914416282953,0.1417033076286316,20.98555374145508,10.54831600189209,18.98746490478516,0.0830499902367591,0.2881839520805404,0.133929967880249,21.45225715637207,9.969674110412598,16.51243019104004,0.2130291163921356,0.0740818853106806,0.5972417593002319,0.1212977170944213,0.063315600156784,0.0,0.4717261791229248,forecast,False,,True,True,0.0,0.0,
beijing_72h_3h_station1013_seed2047_cap32_b4_a10,beijing,72,3,1013,2047,cap32_b4_a10,32,4,0.1,0.5,completed,center_gru_default,center_gru,default,0.2624275088310241,/home/hansel/Documents/ITProject/Python/PatchTST/experiments/results/baselines/beijing/72h_3h/checkpoints/center_gru_default_seed2047.pt,29.0,0.2496319562196731,15.176458095003907,0.0340650049984105,predictions/beijing_72h_3h_station1013_seed2047_cap32_b4_a10.npz,checkpoints/beijing_72h_3h_station1013_seed2047_cap32_b4_a10.pt,36123.0,4920.0,31203.0,True,0.0,4.8121738433837885e-06,True,0.1718082129955291,0.4144975428100017,0.2242060750722885,30.8528995513916,16.688655853271484,26.46661758422852,0.1763224750757217,0.4199076982810886,0.2219228446483612,31.255599975585938,16.518705368041992,25.165372848510746,0.131037563085556,0.071860251896447,0.5865331888198853,0.0643670856952667,0.0521895624697208,0.0,1.1179778575897217,forecast,False,,True,True,0.0,0.0,
beijing_72h_3h_station1013_seed2047_cap128_b4_a10,beijing,72,3,1013,2047,cap128_b4_a10,128,4,0.1,0.5,backbone_nonfinite,center_gru_default,center_gru,default,0.2624275088310241,/home/hansel/Documents/ITProject/Python/PatchTST/experiments/results/baselines/beijing/72h_3h/checkpoints/center_gru_default_seed2047.pt,,,,,,,,,,,0.0,,False,,,,,,,,,,,,,,,,,,,,,False,主干验证前向包含 NaN/Inf (count=0),False,False,0.0,0.0,
beijing_72h_3h_station1013_seed2047_cap128_b8_a20,beijing,72,3,1013,2047,cap128_b8_a20,128,8,0.2,0.5,completed,center_gru_default,center_gru,default,0.2624275088310241,/home/hansel/Documents/ITProject/Python/PatchTST/experiments/results/baselines/beijing/72h_3h/checkpoints/center_gru_default_seed2047.pt,23.0,0.2554981708526611,27.637186298001325,0.0754056720033986,predictions/beijing_72h_3h_station1013_seed2047_cap128_b8_a20.npz,checkpoints/beijing_72h_3h_station1013_seed2047_cap128_b8_a20.pt,89115.0,57912.0,31203.0,True,0.0,4.8121738433837885e-06,True,0.1733431220054626,0.4163449555422314,0.2225857377052307,30.99040985107422,16.56804656982422,24.94671440124512,0.1763224750757217,0.4199076982810886,0.2219228446483612,31.255599975585938,16.518705368041992,25.165372848510746,0.2061871588230133,0.0514367065882742,0.5945479273796082,0.2983759343624115,0.0618629716336727,0.0,0.7042233943939209,forecast,False,,True,True,0.0,0.0,
beijing_72h_3h_station1013_seed2048_cap32_b4_a10,beijing,72,3,1013,2048,cap32_b4_a10,32,4,0.1,0.5,completed,center_gru_default,center_gru,default,0.2585726380348205,/home/hansel/Documents/ITProject/Python/PatchTST/experiments/results/baselines/beijing/72h_3h/checkpoints/center_gru_default_seed2048.pt,25.0,0.2548214495182037,15.041995749998025,0.0488344380064518,predictions/beijing_72h_3h_station1013_seed2048_cap32_b4_a10.npz,checkpoints/beijing_72h_3h_station1013_seed2048_cap32_b4_a10.pt,36123.0,4920.0,31203.0,True,0.0,4.90342092514038e-06,True,0.1741154789924621,0.4172714691809903,0.217680349946022,31.059371948242188,16.202919006347656,24.3079833984375,0.1758614182472229,0.4193583410965172,0.2177700251340866,31.214710235595703,16.209592819213867,24.145381927490234,0.11699840426445,0.0379429986621501,0.6190292835235596,0.1476230770349502,0.0654032677412033,0.0,1.150177240371704,forecast,False,,True,True,0.0,0.0,
beijing_72h_3h_station1013_seed2048_cap128_b4_a10,beijing,72,3,1013,2048,cap128_b4_a10,128,4,0.1,0.5,backbone_nonfinite,center_gru_default,center_gru,default,0.2585726380348205,/home/hansel/Documents/ITProject/Python/PatchTST/experiments/results/baselines/beijing/72h_3h/checkpoints/center_gru_default_seed2048.pt,,,,,,,,,,,,,False,,,,,,,,,,,,,,,,,,,,,True,挂载模型输出或零初始化等价差值为 NaN/Inf (mounted_nonfinite_count=1536),True,False,0.0,1536.0,beijing_72h_3h_station1013_seed2048_cap128_b4_a10 出现非有限训练损失
beijing_72h_3h_station1013_seed2048_cap128_b8_a20,beijing,72,3,1013,2048,cap128_b8_a20,128,8,0.2,0.5,completed,center_gru_default,center_gru,default,0.2585726380348205,/home/hansel/Documents/ITProject/Python/PatchTST/experiments/results/baselines/beijing/72h_3h/checkpoints/center_gru_default_seed2048.pt,17.0,0.2455300837755203,19.5580766330022,0.0740723909984808,predictions/beijing_72h_3h_station1013_seed2048_cap128_b8_a20.npz,checkpoints/beijing_72h_3h_station1013_seed2048_cap128_b8_a20.pt,89115.0,57912.0,31203.0,True,0.0,4.90342092514038e-06,True,0.1687165796756744,0.4107512381912858,0.2208703607320785,30.57404327392578,16.440364837646484,25.679492950439453,0.1758614182472229,0.4193583410965172,0.2177700251340866,31.214710235595703,16.209592819213867,24.145381927490234,0.2190910726785659,0.0895954393980247,0.610120415687561,0.1291202753782272,0.0600790306925773,0.0,1.032644748687744,forecast,False,,True,True,0.0,0.0,
beijing_72h_3h_station1013_seed2049_cap32_b4_a10,beijing,72,3,1013,2049,cap32_b4_a10,32,4,0.1,0.5,completed,center_gru_default,center_gru,default,0.2622466385364532,/home/hansel/Documents/ITProject/Python/PatchTST/experiments/results/baselines/beijing/72h_3h/checkpoints/center_gru_default_seed2049.pt,3.0,0.261473536491394,4.529587899996841,0.0365201149979839,predictions/beijing_72h_3h_station1013_seed2049_cap32_b4_a10.npz,checkpoints/beijing_72h_3h_station1013_seed2049_cap32_b4_a10.pt,36123.0,4920.0,31203.0,True,0.0,4.832508563995361e-06,True,0.1783748418092727,0.4223444587173753,0.2204615622758865,31.43697929382324,16.409936904907227,24.65724754333496,0.1784414201974868,0.4224232713730232,0.2199492305517196,31.442846298217773,16.371801376342773,24.12991523742676,0.1012974977493286,0.0159719607813141,0.6189638376235962,0.1937666088342666,0.0560994483530521,0.0,0.3184482753276825,forecast,False,,True,True,0.0,0.0,
beijing_72h_3h_station1013_seed2049_cap128_b4_a10,beijing,72,3,1013,2049,cap128_b4_a10,128,4,0.1,0.5,completed,center_gru_default,center_gru,default,0.2622466385364532,/home/hansel/Documents/ITProject/Python/PatchTST/experiments/results/baselines/beijing/72h_3h/checkpoints/center_gru_default_seed2049.pt,30.0,0.2799845337867737,24.721766919006768,0.0692872200015699,predictions/beijing_72h_3h_station1013_seed2049_cap128_b4_a10.npz,checkpoints/beijing_72h_3h_station1013_seed2049_cap128_b4_a10.pt,87579.0,56376.0,31203.0,True,0.0,4.832508563995361e-06,True,0.1901729702949524,0.4360882597536333,0.2483963668346405,32.459991455078125,18.48924827575684,33.21475601196289,0.1784414201974868,0.4224232713730232,0.2199492305517196,31.442846298217773,16.371801376342773,24.12991523742676,0.0971966534852981,0.1044890086035538,0.6186738610267639,0.1519858390092849,0.067856065928936,0.0,0.0152458529919385,forecast,True,,True,True,0.0,0.0,beijing_72h_3h_station1013_seed2049_cap128_b4_a10 出现非有限训练损失
beijing_72h_3h_station1013_seed2049_cap128_b8_a20,beijing,72,3,1013,2049,cap128_b8_a20,128,8,0.2,0.5,completed,center_gru_default,center_gru,default,0.2622466385364532,/home/hansel/Documents/ITProject/Python/PatchTST/experiments/results/baselines/beijing/72h_3h/checkpoints/center_gru_default_seed2049.pt,2.0,0.2593172490596771,6.797368245999678,0.0738063300013891,predictions/beijing_72h_3h_station1013_seed2049_cap128_b8_a20.npz,checkpoints/beijing_72h_3h_station1013_seed2049_cap128_b8_a20.pt,89115.0,57912.0,31203.0,True,0.0,4.832508563995361e-06,True,0.1752605736255645,0.4186413424705741,0.2211087197065353,31.161338806152344,16.45810890197754,24.897220611572266,0.1784414201974868,0.4224232713730232,0.2199492305517196,31.442846298217773,16.371801376342773,24.12991523742676,0.2003748118877411,0.0412723475683645,0.6192981004714966,0.156616672873497,0.0617214515805244,0.0,0.339599072933197,forecast,False,,True,True,0.0,0.0,
beijing_72h_6h_station1013_seed2047_cap32_b4_a10,beijing,72,6,1013,2047,cap32_b4_a10,32,4,0.1,0.5,completed,center_gru_default,center_gru,default,0.4754718244075775,/home/hansel/Documents/ITProject/Python/PatchTST/experiments/results/baselines/beijing/72h_6h/checkpoints/center_gru_default_seed2047.pt,3.0,0.4768606424331665,4.47021526300523,0.0362976020041969,predictions/beijing_72h_6h_station1013_seed2047_cap32_b4_a10.npz,checkpoints/beijing_72h_6h_station1013_seed2047_cap32_b4_a10.pt,36924.0,5418.0,31506.0,True,0.0,4.507411479949951e-06,True,0.2876506447792053,0.5363307233220984,0.3122844994068146,39.91883850097656,23.24318504333496,33.47314453125,0.2884339094161987,0.5370604336722253,0.3131296634674072,39.97315216064453,23.306093215942383,33.749412536621094,0.1010294035077095,0.0199056916213547,0.6185933947563171,0.1443086117506027,0.0675675719976425,0.0,0.3629919290542602,forecast,False,,True,True,0.0,0.0,
beijing_72h_6h_station1013_seed2047_cap128_b4_a10,beijing,72,6,1013,2047,cap128_b4_a10,128,4,0.1,0.5,completed,center_gru_default,center_gru,default,0.4754718244075775,/home/hansel/Documents/ITProject/Python/PatchTST/experiments/results/baselines/beijing/72h_6h/checkpoints/center_gru_default_seed2047.pt,2.0,0.4761666655540466,9.86708212999656,0.2220319629996083,predictions/beijing_72h_6h_station1013_seed2047_cap128_b4_a10.npz,checkpoints/beijing_72h_6h_station1013_seed2047_cap128_b4_a10.pt,89820.0,58314.0,31506.0,True,0.0,4.507411479949951e-06,True,0.2871600091457367,0.5358731278443963,0.3125825226306915,39.88478088378906,23.26536750793457,33.53036880493164,0.2884339094161987,0.5370604336722253,0.3131296634674072,39.97315216064453,23.306093215942383,33.749412536621094,0.1001163944602012,0.021607717393386,0.6183870434761047,0.1862912625074386,0.0573463961482048,0.0,0.3788906633853912,forecast,False,,True,True,0.0,0.0,
beijing_72h_6h_station1013_seed2047_cap128_b8_a20,beijing,72,6,1013,2047,cap128_b8_a20,128,8,0.2,0.5,completed,center_gru_default,center_gru,default,0.4754718244075775,/home/hansel/Documents/ITProject/Python/PatchTST/experiments/results/baselines/beijing/72h_6h/checkpoints/center_gru_default_seed2047.pt,2.0,0.4734746813774109,6.749798006996571,0.0732570119944284,predictions/beijing_72h_6h_station1013_seed2047_cap128_b8_a20.npz,checkpoints/beijing_72h_6h_station1013_seed2047_cap128_b8_a20.pt,92892.0,61386.0,31506.0,True,0.0,4.507411479949951e-06,True,0.2866822481155395,0.5354271641554429,0.312753826379776,39.8515853881836,23.27811622619629,33.63129425048828,0.2884339094161987,0.5370604336722253,0.3131296634674072,39.97315216064453,23.306093215942383,33.749412536621094,0.1997804939746856,0.0232877556851723,0.6186785101890564,0.1861079931259155,0.0625341609120369,0.0,0.4723315238952636,forecast,False,,True,True,0.0,0.0,
beijing_72h_6h_station1013_seed2048_cap32_b4_a10,beijing,72,6,1013,2048,cap32_b4_a10,32,4,0.1,0.5,completed,center_gru_default,center_gru,default,0.474697083234787,/home/hansel/Documents/ITProject/Python/PatchTST/experiments/results/baselines/beijing/72h_6h/checkpoints/center_gru_default_seed2048.pt,12.0,0.4725044965744018,8.89045439700567,0.036326346998976,predictions/beijing_72h_6h_station1013_seed2048_cap32_b4_a10.npz,checkpoints/beijing_72h_6h_station1013_seed2048_cap32_b4_a10.pt,36924.0,5418.0,31506.0,True,0.0,4.591565132141113e-06,True,0.2871553897857666,0.5358688177023987,0.3104648292064667,39.88445663452149,23.107749938964844,32.99747085571289,0.2894425392150879,0.5379986423914914,0.3098078966140747,40.04298400878906,23.058853149414062,32.83464431762695,0.113629437983036,0.0312563229845642,0.6145813465118408,0.2219231724739074,0.0616220831871032,0.0,1.4756567478179932,forecast,False,,True,True,0.0,0.0,
beijing_72h_6h_station1013_seed2048_cap128_b4_a10,beijing,72,6,1013,2048,cap128_b4_a10,128,4,0.1,0.5,completed,center_gru_default,center_gru,default,0.474697083234787,/home/hansel/Documents/ITProject/Python/PatchTST/experiments/results/baselines/beijing/72h_6h/checkpoints/center_gru_default_seed2048.pt,8.0,0.4744018912315368,11.567174242001784,0.0701756979979109,predictions/beijing_72h_6h_station1013_seed2048_cap128_b4_a10.npz,checkpoints/beijing_72h_6h_station1013_seed2048_cap128_b4_a10.pt,89820.0,58314.0,31506.0,True,0.0,4.591565132141113e-06,True,0.2860427796840668,0.53482967352613,0.3153063654899597,39.80711364746094,23.468101501464844,35.12842559814453,0.2894425392150879,0.5379986423914914,0.3098078966140747,40.04298400878906,23.058853149414062,32.83464431762695,0.1075261607766151,0.076989475909555,0.6082556843757629,0.1014828160405159,0.0660529509186744,0.0,1.1615418195724487,forecast,False,,True,True,0.0,0.0,
beijing_72h_6h_station1013_seed2048_cap128_b8_a20,beijing,72,6,1013,2048,cap128_b8_a20,128,8,0.2,0.5,completed,center_gru_default,center_gru,default,0.474697083234787,/home/hansel/Documents/ITProject/Python/PatchTST/experiments/results/baselines/beijing/72h_6h/checkpoints/center_gru_default_seed2048.pt,1.0,0.4742118120193481,5.697361058999377,0.0695377800002461,predictions/beijing_72h_6h_station1013_seed2048_cap128_b8_a20.npz,checkpoints/beijing_72h_6h_station1013_seed2048_cap128_b8_a20.pt,92892.0,61386.0,31506.0,True,0.0,4.591565132141113e-06,True,0.2890229523181915,0.5376085493351008,0.3094169199466705,40.013946533203125,23.02975273132324,32.744606018066406,0.2894425392150879,0.5379986423914914,0.3098078966140747,40.04298400878906,23.058853149414062,32.83464431762695,0.2004502713680267,0.0281658797015926,0.616931676864624,0.1382530629634857,0.0664722621440887,0.0,0.4077687561511993,forecast,False,,True,True,0.0,0.0,
beijing_72h_6h_station1013_seed2049_cap32_b4_a10,beijing,72,6,1013,2049,cap32_b4_a10,32,4,0.1,0.5,completed,center_gru_default,center_gru,default,0.4769614934921264,/home/hansel/Documents/ITProject/Python/PatchTST/experiments/results/baselines/beijing/72h_6h/checkpoints/center_gru_default_seed2049.pt,5.0,0.4728096723556518,5.469517033001466,0.0341032069991342,predictions/beijing_72h_6h_station1013_seed2049_cap32_b4_a10.npz,checkpoints/beijing_72h_6h_station1013_seed2049_cap32_b4_a10.pt,36924.0,5418.0,31506.0,True,0.0,4.716108798980713e-06,True,0.2870100438594818,0.5357331834593427,0.3105487525463104,39.87436294555664,23.113994598388672,33.138179779052734,0.2889064252376556,0.537500163011748,0.3105687499046325,40.0058822631836,23.115482330322266,33.04484176635742,0.1030150353908538,0.0260133373938774,0.61883944272995,0.144063800573349,0.0306244287639856,0.0,0.6140276789665222,forecast,False,,True,True,0.0,0.0,
beijing_72h_6h_station1013_seed2049_cap128_b4_a10,beijing,72,6,1013,2049,cap128_b4_a10,128,4,0.1,0.5,completed,center_gru_default,center_gru,default,0.4769614934921264,/home/hansel/Documents/ITProject/Python/PatchTST/experiments/results/baselines/beijing/72h_6h/checkpoints/center_gru_default_seed2049.pt,1.0,0.4753893315792084,5.7378476560043055,0.0715816840020124,predictions/beijing_72h_6h_station1013_seed2049_cap128_b4_a10.npz,checkpoints/beijing_72h_6h_station1013_seed2049_cap128_b4_a10.pt,89820.0,58314.0,31506.0,True,0.0,4.716108798980713e-06,True,0.2880034446716308,0.5366595239736558,0.3102734386920929,39.94331359863281,23.093505859375,33.08946990966797,0.2889064252376556,0.537500163011748,0.3105687499046325,40.0058822631836,23.115482330322266,33.04484176635742,0.1002475246787071,0.0203591407854404,0.6159722208976746,0.1449444442987442,0.0691784471273422,0.0,0.306561678647995,forecast,False,,True,True,0.0,0.0,
beijing_72h_6h_station1013_seed2049_cap128_b8_a20,beijing,72,6,1013,2049,cap128_b8_a20,128,8,0.2,0.5,backbone_nonfinite,center_gru_default,center_gru,default,0.4769614934921264,/home/hansel/Documents/ITProject/Python/PatchTST/experiments/results/baselines/beijing/72h_6h/checkpoints/center_gru_default_seed2049.pt,,,,,,,,,,,0.0,,False,,,,,,,,,,,,,,,,,,,,,False,主干验证前向包含 NaN/Inf (count=0),False,False,0.0,0.0,
beijing_72h_12h_station1013_seed2047_cap32_b4_a10,beijing,72,12,1013,2047,cap32_b4_a10,32,4,0.1,0.5,completed,center_lstm_default,center_lstm,default,0.7401872873306274,/home/hansel/Documents/ITProject/Python/PatchTST/experiments/results/baselines/beijing/72h_12h/checkpoints/center_lstm_default_seed2047.pt,1.0,0.7429847717285156,3.473667969999952,0.0341889560004347,predictions/beijing_72h_12h_station1013_seed2047_cap32_b4_a10.npz,checkpoints/beijing_72h_12h_station1013_seed2047_cap32_b4_a10.pt,48826.0,6414.0,42412.0,True,0.0,4.476152896881103e-06,True,0.5322469472885132,0.7295525665012174,0.4690750539302826,54.298614501953125,34.9119758605957,47.693580627441406,0.5325151681900024,0.7297363689648492,0.4715564846992492,54.31229019165039,35.0966682434082,47.90594100952149,0.1007447391748428,0.0280937713033977,0.6175322532653809,0.1288036555051803,0.0720102488994598,0.0,0.3887061178684234,forecast,False,,True,True,0.0,0.0,
beijing_72h_12h_station1013_seed2047_cap128_b4_a10,beijing,72,12,1013,2047,cap128_b4_a10,128,4,0.1,0.5,completed,center_lstm_default,center_lstm,default,0.7401872873306274,/home/hansel/Documents/ITProject/Python/PatchTST/experiments/results/baselines/beijing/72h_12h/checkpoints/center_lstm_default_seed2047.pt,3.0,0.7393326759338379,9.585464168005274,0.2150616590006393,predictions/beijing_72h_12h_station1013_seed2047_cap128_b4_a10.npz,checkpoints/beijing_72h_12h_station1013_seed2047_cap128_b4_a10.pt,104602.0,62190.0,42412.0,True,0.0,4.476152896881103e-06,True,0.5327703356742859,0.729911183415,0.4727248251438141,54.32529830932617,35.183624267578125,48.03329086303711,0.5325151681900024,0.7297363689648492,0.4715564846992492,54.31229019165039,35.0966682434082,47.90594100952149,0.1004368886351585,0.0112476314801881,0.6172170042991638,0.2059260904788971,0.0630111172795295,0.0,0.5481745004653931,forecast,False,,True,True,0.0,0.0,
beijing_72h_12h_station1013_seed2047_cap128_b8_a20,beijing,72,12,1013,2047,cap128_b8_a20,128,8,0.2,0.5,completed,center_lstm_default,center_lstm,default,0.7401872873306274,/home/hansel/Documents/ITProject/Python/PatchTST/experiments/results/baselines/beijing/72h_12h/checkpoints/center_lstm_default_seed2047.pt,1.0,0.7453673481941223,5.462878723999893,0.0627513540021027,predictions/beijing_72h_12h_station1013_seed2047_cap128_b8_a20.npz,checkpoints/beijing_72h_12h_station1013_seed2047_cap128_b8_a20.pt,110746.0,68334.0,42412.0,True,0.0,4.476152896881103e-06,True,0.5326539278030396,0.7298314379382678,0.4686833024024963,54.319366455078125,34.88282012939453,47.60456085205078,0.5325151681900024,0.7297363689648492,0.4715564846992492,54.31229019165039,35.0966682434082,47.90594100952149,0.1999041438102722,0.0357262479083032,0.6193744540214539,0.1775624006986618,0.0665799528360366,0.0,0.4014453589916229,forecast,False,,True,True,0.0,0.0,
beijing_72h_12h_station1013_seed2048_cap32_b4_a10,beijing,72,12,1013,2048,cap32_b4_a10,32,4,0.1,0.5,completed,center_gru_default,center_gru,default,0.7949079871177673,/home/hansel/Documents/ITProject/Python/PatchTST/experiments/results/baselines/beijing/72h_12h/checkpoints/center_gru_default_seed2048.pt,30.0,2.108171463012696,14.792781381998791,0.0338904029995319,predictions/beijing_72h_12h_station1013_seed2048_cap32_b4_a10.npz,checkpoints/beijing_72h_12h_station1013_seed2048_cap32_b4_a10.pt,38526.0,6414.0,32112.0,True,0.0,1e-06,True,0.9890931844711304,0.9945316407591718,0.7533796429634094,74.02027893066406,56.07199096679688,71.49620056152344,0.9897447824478148,0.994859177194348,0.7530642151832581,74.0446548461914,56.04851913452149,71.49337768554688,0.2509078979492187,3014595131.940051,0.6199063062667847,0.1666666716337204,0.0,0.0,0.0,forecast,False,,True,True,0.0,0.0,
beijing_72h_12h_station1013_seed2048_cap128_b4_a10,beijing,72,12,1013,2048,cap128_b4_a10,128,4,0.1,0.5,nonfinite,center_gru_default,,,,/home/hansel/Documents/ITProject/Python/PatchTST/experiments/results/baselines/beijing/72h_12h/checkpoints/center_gru_default_seed2048.pt,,,,,,,,,,,,,,,,,,,,,,,,,,,,,,,,,,True,beijing_72h_12h_station1013_seed2048_cap128_b4_a10 出现非有限训练损失,,,,,
beijing_72h_12h_station1013_seed2048_cap128_b8_a20,beijing,72,12,1013,2048,cap128_b8_a20,128,8,0.2,0.5,completed,center_gru_default,center_gru,default,0.7949079871177673,/home/hansel/Documents/ITProject/Python/PatchTST/experiments/results/baselines/beijing/72h_12h/checkpoints/center_gru_default_seed2048.pt,1.0,0.7999835014343262,5.835732457999256,0.0728320640046149,predictions/beijing_72h_12h_station1013_seed2048_cap128_b8_a20.npz,checkpoints/beijing_72h_12h_station1013_seed2048_cap128_b8_a20.pt,100446.0,68334.0,32112.0,True,0.0,4.573006629943848e-06,True,0.4499751329421997,0.6708018581833235,0.4278437495231628,49.92595291137695,31.843246459960938,43.806190490722656,0.4513463675975799,0.6718231669104452,0.430697351694107,50.00196838378906,32.05562973022461,44.29312896728516,0.2000319510698318,0.03725735708684,0.6188448667526245,0.1475075185298919,0.0711047276854515,0.0,0.4616885185241699,forecast,False,,True,True,0.0,0.0,
beijing_72h_12h_station1013_seed2049_cap32_b4_a10,beijing,72,12,1013,2049,cap32_b4_a10,32,4,0.1,0.5,completed,center_gru_default,center_gru,default,0.8023869395256042,/home/hansel/Documents/ITProject/Python/PatchTST/experiments/results/baselines/beijing/72h_12h/checkpoints/center_gru_default_seed2049.pt,1.0,0.8031200170516968,3.4839076589996694,0.0364037580002332,predictions/beijing_72h_12h_station1013_seed2049_cap32_b4_a10.npz,checkpoints/beijing_72h_12h_station1013_seed2049_cap32_b4_a10.pt,38526.0,6414.0,32112.0,True,0.0,4.425440788269042e-06,True,0.4522771537303924,0.672515541627398,0.4287105202674866,50.053504943847656,31.90775680541992,43.79218292236328,0.4522714018821716,0.6725112652455508,0.4290133118629455,50.053184509277344,31.93029022216797,43.84986877441406,0.1001249998807907,0.0058895030230965,0.619437575340271,0.1837817579507827,0.061839684844017,0.0,0.1936904937028885,forecast,False,,True,True,0.0,0.0,
beijing_72h_12h_station1013_seed2049_cap128_b4_a10,beijing,72,12,1013,2049,cap128_b4_a10,128,4,0.1,0.5,backbone_nonfinite,center_gru_default,center_gru,default,0.8023869395256042,/home/hansel/Documents/ITProject/Python/PatchTST/experiments/results/baselines/beijing/72h_12h/checkpoints/center_gru_default_seed2049.pt,,,,,,,,,,,0.0,,False,,,,,,,,,,,,,,,,,,,,,False,主干验证前向包含 NaN/Inf (count=0),False,False,0.0,0.0,
beijing_72h_12h_station1013_seed2049_cap128_b8_a20,beijing,72,12,1013,2049,cap128_b8_a20,128,8,0.2,0.5,completed,center_gru_default,center_gru,default,0.8023869395256042,/home/hansel/Documents/ITProject/Python/PatchTST/experiments/results/baselines/beijing/72h_12h/checkpoints/center_gru_default_seed2049.pt,1.0,0.7987999320030212,5.832115305005573,0.0730112430028384,predictions/beijing_72h_12h_station1013_seed2049_cap128_b8_a20.npz,checkpoints/beijing_72h_12h_station1013_seed2049_cap128_b8_a20.pt,100446.0,68334.0,32112.0,True,0.0,4.425440788269042e-06,True,0.4528903365135193,0.6729712746570387,0.4291025698184967,50.08741760253906,31.93693351745605,43.74862289428711,0.4522714018821716,0.6725112652455508,0.4290133118629455,50.053184509277344,31.93029022216797,43.84986877441406,0.2001520544290542,0.0334603576991668,0.619102418422699,0.154296264052391,0.0676014125347137,0.0,0.5027946829795837,forecast,False,,True,True,0.0,0.0,
beijing_72h_24h_station1013_seed2047_cap32_b4_a10,beijing,72,24,1013,2047,cap32_b4_a10,32,4,0.1,0.5,completed,center_lstm_default,center_lstm,default,1.116934299468994,/home/hansel/Documents/ITProject/Python/PatchTST/experiments/results/baselines/beijing/72h_24h/checkpoints/center_lstm_default_seed2047.pt,1.0,1.116228103637695,3.262334057006228,0.0335042090009665,predictions/beijing_72h_24h_station1013_seed2047_cap32_b4_a10.npz,checkpoints/beijing_72h_24h_station1013_seed2047_cap32_b4_a10.pt,52030.0,8406.0,43624.0,True,0.0,3.466599702835083e-06,True,0.7240911722183228,0.8509354688919265,0.582819402217865,63.31883239746094,43.36808776855469,56.168758392333984,0.7241408228874207,0.8509646425600894,0.5824794769287109,63.32100296020508,43.34279251098633,56.16065216064453,0.0997878834605217,0.0049948140063002,0.6191192269325256,0.1532971858978271,0.0707882791757583,0.0,0.2705659568309784,forecast,False,,True,True,0.0,0.0,
beijing_72h_24h_station1013_seed2047_cap128_b4_a10,beijing,72,24,1013,2047,cap128_b4_a10,128,4,0.1,0.5,backbone_nonfinite,center_lstm_default,center_lstm,default,1.116934299468994,/home/hansel/Documents/ITProject/Python/PatchTST/experiments/results/baselines/beijing/72h_24h/checkpoints/center_lstm_default_seed2047.pt,,,,,,,,,,,0.0,,False,,,,,,,,,,,,,,,,,,,,,False,主干验证前向包含 NaN/Inf (count=0),False,False,0.0,0.0,
beijing_72h_24h_station1013_seed2047_cap128_b8_a20,beijing,72,24,1013,2047,cap128_b8_a20,128,8,0.2,0.5,completed,center_lstm_default,center_lstm,default,1.116934299468994,/home/hansel/Documents/ITProject/Python/PatchTST/experiments/results/baselines/beijing/72h_24h/checkpoints/center_lstm_default_seed2047.pt,12.0,1.115721344947815,17.068838845996652,0.2212640520010609,predictions/beijing_72h_24h_station1013_seed2047_cap128_b8_a20.npz,checkpoints/beijing_72h_24h_station1013_seed2047_cap128_b8_a20.pt,125854.0,82230.0,43624.0,True,0.0,3.466599702835083e-06,True,0.7253986597061157,0.8517033871636978,0.5833415985107422,63.3759765625,43.40694046020508,56.31108856201172,0.7143670916557312,0.8452023968587236,0.5786529183387756,62.89223098754883,43.05805587768555,55.87900924682617,0.2077129334211349,0.0332373155155514,0.5999912619590759,0.2829283475875854,0.048836413770914,0.0,2.583459854125977,forecast,False,,True,True,0.0,0.0,
beijing_72h_24h_station1013_seed2048_cap32_b4_a10,beijing,72,24,1013,2048,cap32_b4_a10,32,4,0.1,0.5,completed,degraded_patchtst,degraded_patchtst,protocol,1.152961015701294,/home/hansel/.herdr/worktrees/PatchTST/experiment-beijing-leakfree-coverage-ablation/experiments/results/beijing_leakfree_coverage/72h_24h/checkpoints/degraded_patchtst_seed2048.pt,8.0,1.1374565362930298,6.438524953999149,0.0281310159989516,predictions/beijing_72h_24h_station1013_seed2048_cap32_b4_a10.npz,checkpoints/beijing_72h_24h_station1013_seed2048_cap32_b4_a10.pt,39091.0,8406.0,30685.0,True,0.0,4.770673751831055e-06,True,0.7840806841850281,0.8854833054242345,0.6027228236198425,65.88956451416016,44.84912109375,57.93363571166992,0.7838916182518005,0.8853765403780476,0.6021337509155273,65.88162231445312,44.8052864074707,58.02953338623047,0.10232724994421,0.015356253580589,0.582255482673645,0.0750951021909713,0.0808306857943534,0.0,0.9518254995346068,forecast,False,,True,True,0.0,0.0,
beijing_72h_24h_station1013_seed2048_cap128_b4_a10,beijing,72,24,1013,2048,cap128_b4_a10,128,4,0.1,0.5,completed,degraded_patchtst,degraded_patchtst,protocol,1.152961015701294,/home/hansel/.herdr/worktrees/PatchTST/experiment-beijing-leakfree-coverage-ablation/experiments/results/beijing_leakfree_coverage/72h_24h/checkpoints/degraded_patchtst_seed2048.pt,6.0,1.1287122964859009,9.435487845999887,0.062148449003871,predictions/beijing_72h_24h_station1013_seed2048_cap128_b4_a10.npz,checkpoints/beijing_72h_24h_station1013_seed2048_cap128_b4_a10.pt,100627.0,69942.0,30685.0,True,0.0,4.770673751831055e-06,True,0.7753759622573853,0.880554349405751,0.5984935760498047,65.52279663085938,44.5344123840332,57.19744491577149,0.7844136953353882,0.8856713246658651,0.6039541363716125,65.90355682373047,44.94074249267578,58.00121307373047,0.1056329011917114,0.1015384174939777,0.6146838665008545,0.1216744557023048,0.0638136565685272,0.0,2.726393222808838,forecast,False,,True,True,0.0,0.0,
beijing_72h_24h_station1013_seed2048_cap128_b8_a20,beijing,72,24,1013,2048,cap128_b8_a20,128,8,0.2,0.5,completed,degraded_patchtst,degraded_patchtst,protocol,1.152961015701294,/home/hansel/.herdr/worktrees/PatchTST/experiment-beijing-leakfree-coverage-ablation/experiments/results/beijing_leakfree_coverage/72h_24h/checkpoints/degraded_patchtst_seed2048.pt,1.0,1.1499290466308594,5.488977663000696,0.0612848250020761,predictions/beijing_72h_24h_station1013_seed2048_cap128_b8_a20.npz,checkpoints/beijing_72h_24h_station1013_seed2048_cap128_b8_a20.pt,112915.0,82230.0,30685.0,True,0.0,4.770673751831055e-06,True,0.7924303412437439,0.8901855656231142,0.6098144054412842,66.23946380615234,45.37680816650391,58.004154205322266,0.7839536666870117,0.8854115803890368,0.6052310466766357,65.88422393798828,45.0357551574707,58.01852416992188,0.2002348005771637,0.0619005524795537,0.6184704303741455,0.1516303420066833,0.0644318461418151,0.0,0.8290083408355713,forecast,False,,True,True,0.0,0.0,
beijing_72h_24h_station1013_seed2049_cap32_b4_a10,beijing,72,24,1013,2049,cap32_b4_a10,32,4,0.1,0.5,backbone_nonfinite,center_lstm_default,center_lstm,default,1.1916329860687256,/home/hansel/Documents/ITProject/Python/PatchTST/experiments/results/baselines/beijing/72h_24h/checkpoints/center_lstm_default_seed2049.pt,,,,,,,,,,,0.0,,False,,,,,,,,,,,,,,,,,,,,,False,主干验证前向包含 NaN/Inf (count=0),False,False,0.0,0.0,
beijing_72h_24h_station1013_seed2049_cap128_b4_a10,beijing,72,24,1013,2049,cap128_b4_a10,128,4,0.1,0.5,completed,center_lstm_default,center_lstm,default,1.1916329860687256,/home/hansel/Documents/ITProject/Python/PatchTST/experiments/results/baselines/beijing/72h_24h/checkpoints/center_lstm_default_seed2049.pt,1.0,1.1990551948547363,5.718320631000097,0.0675998830047319,predictions/beijing_72h_24h_station1013_seed2049_cap128_b4_a10.npz,checkpoints/beijing_72h_24h_station1013_seed2049_cap128_b4_a10.pt,113566.0,69942.0,43624.0,True,0.0,3.4773128032684325e-06,True,0.6660647392272949,0.8161278939157115,0.5721582770347595,60.72876739501953,42.57478332519531,56.35924911499024,0.6632041335105896,0.8143734607111098,0.573573648929596,60.59822082519531,42.68010330200195,56.34815216064453,0.1005899086594581,0.0593533974767958,0.617067813873291,0.141066238284111,0.0654803216457367,0.0,0.6761529445648193,forecast,False,,True,True,0.0,0.0,
beijing_72h_24h_station1013_seed2049_cap128_b8_a20,beijing,72,24,1013,2049,cap128_b8_a20,128,8,0.2,0.5,completed,center_lstm_default,center_lstm,default,1.1916329860687256,/home/hansel/Documents/ITProject/Python/PatchTST/experiments/results/baselines/beijing/72h_24h/checkpoints/center_lstm_default_seed2049.pt,1.0,1.2054187059402466,5.660615471999336,0.0629917549958918,predictions/beijing_72h_24h_station1013_seed2049_cap128_b8_a20.npz,checkpoints/beijing_72h_24h_station1013_seed2049_cap128_b8_a20.pt,125854.0,82230.0,43624.0,True,0.0,3.4773128032684325e-06,True,0.6703423261642456,0.8187443594701863,0.574140191078186,60.923465728759766,42.72225570678711,56.504512786865234,0.6632041335105896,0.8143734607111098,0.573573648929596,60.59822082519531,42.68010330200195,56.34815216064453,0.2006134539842605,0.0771455453923457,0.6176983118057251,0.1454654932022094,0.0670169740915298,0.0,0.8284676671028137,forecast,False,,True,True,0.0,0.0,
beijing_168h_1h_station1013_seed2047_cap32_b4_a10,beijing,168,1,1013,2047,cap32_b4_a10,32,4,0.1,0.5,completed,degraded_patchtst,degraded_patchtst,protocol,0.0969726517796516,/home/hansel/.herdr/worktrees/PatchTST/experiment-beijing-leakfree-coverage-ablation/experiments/results/beijing_leakfree_coverage/168h_1h/checkpoints/degraded_patchtst_seed2047.pt,1.0,0.0970966517925262,7.327185896996525,0.0669868440018035,predictions/beijing_168h_1h_station1013_seed2047_cap32_b4_a10.npz,checkpoints/beijing_168h_1h_station1013_seed2047_cap32_b4_a10.pt,23538.0,4588.0,18950.0,True,0.0,4.9403719902038575e-06,True,0.0871804654598236,0.2952633832018857,0.1578955501317978,21.94743728637696,11.736648559570312,20.92959785461425,0.0872051119804382,0.2953051167528904,0.1577382981777191,21.95054054260254,11.724960327148438,20.89803504943848,0.1001521795988082,0.0025515737737042,0.617924690246582,0.1328561305999755,0.0671019181609153,0.0,0.0526180006563663,forecast,False,,True,True,0.0,0.0,
beijing_168h_1h_station1013_seed2047_cap128_b4_a10,beijing,168,1,1013,2047,cap128_b4_a10,128,4,0.1,0.5,completed,degraded_patchtst,degraded_patchtst,protocol,0.0969726517796516,/home/hansel/.herdr/worktrees/PatchTST/experiment-beijing-leakfree-coverage-ablation/experiments/results/beijing_leakfree_coverage/168h_1h/checkpoints/degraded_patchtst_seed2047.pt,20.0,0.099578820168972,49.93274271100381,0.3265070500056026,predictions/beijing_168h_1h_station1013_seed2047_cap128_b4_a10.npz,checkpoints/beijing_168h_1h_station1013_seed2047_cap128_b4_a10.pt,74034.0,55084.0,18950.0,True,0.0,4.9403719902038575e-06,True,0.0876532196998596,0.2960628644390572,0.1622005552053451,22.00686264038086,12.056646347045898,21.942813873291016,0.0870412290096283,0.2950275055136864,0.1594608724117279,21.929903030395508,11.853001594543455,20.95594024658203,0.0892060101032257,0.0429548946297846,0.4811617136001587,0.0098891509696841,0.0942991897463798,0.0,0.124904565513134,forecast,False,,True,True,0.0,0.0,
beijing_168h_1h_station1013_seed2047_cap128_b8_a20,beijing,168,1,1013,2047,cap128_b8_a20,128,8,0.2,0.5,completed,degraded_patchtst,degraded_patchtst,protocol,0.0969726517796516,/home/hansel/.herdr/worktrees/PatchTST/experiment-beijing-leakfree-coverage-ablation/experiments/results/beijing_leakfree_coverage/168h_1h/checkpoints/degraded_patchtst_seed2047.pt,19.0,0.0891226753592491,43.54057368600479,0.1361659350004629,predictions/beijing_168h_1h_station1013_seed2047_cap128_b8_a20.npz,checkpoints/beijing_168h_1h_station1013_seed2047_cap128_b8_a20.pt,74546.0,55596.0,18950.0,True,0.0,4.9403719902038575e-06,True,0.0853365063667297,0.292124128354249,0.1584304422140121,21.71409034729004,11.776407241821287,20.74188804626465,0.0871198177337646,0.2951606642724681,0.1576911062002182,21.939802169799805,11.72145175933838,20.880624771118164,0.2062463462352752,0.0514548995502877,0.6163967847824097,0.180285170674324,0.0397134684026241,0.0,0.4248190224170685,forecast,False,,True,True,0.0,0.0,
beijing_168h_1h_station1013_seed2048_cap32_b4_a10,beijing,168,1,1013,2048,cap32_b4_a10,32,4,0.1,0.5,completed,center_lstm_default,center_lstm,default,0.098222903907299,/home/hansel/Documents/ITProject/Python/PatchTST/experiments/results/baselines/beijing/168h_1h/checkpoints/center_lstm_default_seed2048.pt,16.0,0.095485895872116,22.631596010003705,0.0695222829963313,predictions/beijing_168h_1h_station1013_seed2048_cap32_b4_a10.npz,checkpoints/beijing_168h_1h_station1013_seed2048_cap32_b4_a10.pt,45889.0,4588.0,41301.0,True,0.0,4.806893825531005e-06,True,0.0797526389360427,0.2824050972203631,0.1394407600164413,20.99165916442871,10.364871978759766,17.205041885375977,0.0809225067496299,0.2844688150740428,0.1367327719926834,21.14505958557129,10.163583755493164,16.255977630615234,0.1128287017345428,0.038108414617461,0.6106109023094177,0.0919801518321037,0.0310938581824302,0.0,0.5516279339790344,forecast,False,,True,True,0.0,0.0,
beijing_168h_1h_station1013_seed2048_cap128_b4_a10,beijing,168,1,1013,2048,cap128_b4_a10,128,4,0.1,0.5,completed,center_lstm_default,center_lstm,default,0.098222903907299,/home/hansel/Documents/ITProject/Python/PatchTST/experiments/results/baselines/beijing/168h_1h/checkpoints/center_lstm_default_seed2048.pt,30.0,0.0931226462125778,52.355710322997766,0.1420291359972907,predictions/beijing_168h_1h_station1013_seed2048_cap128_b4_a10.npz,checkpoints/beijing_168h_1h_station1013_seed2048_cap128_b4_a10.pt,96385.0,55084.0,41301.0,True,0.0,4.806893825531005e-06,True,0.0806911960244178,0.2840619580732659,0.1420102566480636,21.11481666564941,10.555867195129396,17.74930763244629,0.0809225067496299,0.2844688150740428,0.1367327719926834,21.14505958557129,10.163583755493164,16.255977630615234,0.1146300435066223,0.0511608865218951,0.6121008396148682,0.1455260217189788,0.0432790331542491,0.0,0.4506900608539581,forecast,False,,True,True,0.0,0.0,
beijing_168h_1h_station1013_seed2048_cap128_b8_a20,beijing,168,1,1013,2048,cap128_b8_a20,128,8,0.2,0.5,completed,center_lstm_default,center_lstm,default,0.098222903907299,/home/hansel/Documents/ITProject/Python/PatchTST/experiments/results/baselines/beijing/168h_1h/checkpoints/center_lstm_default_seed2048.pt,30.0,0.0902591571211814,52.42487909599731,0.1389353240010677,predictions/beijing_168h_1h_station1013_seed2048_cap128_b8_a20.npz,checkpoints/beijing_168h_1h_station1013_seed2048_cap128_b8_a20.pt,96897.0,55596.0,41301.0,True,0.0,4.806893825531005e-06,True,0.0825131610035896,0.287251041779816,0.1495943814516067,21.351863861083984,11.119608879089355,19.16465377807617,0.0809225067496299,0.2844688150740428,0.1367327719926834,21.14505958557129,10.163583755493164,16.255977630615234,0.2155483216047287,0.0804685375500393,0.6000319719314575,0.2074436694383621,0.048910092562437,0.0,0.4530843496322632,forecast,False,,True,True,0.0,0.0,
beijing_168h_1h_station1013_seed2049_cap32_b4_a10,beijing,168,1,1013,2049,cap32_b4_a10,32,4,0.1,0.5,completed,center_gru_default,center_gru,default,0.0967254564166069,/home/hansel/Documents/ITProject/Python/PatchTST/experiments/results/baselines/beijing/168h_1h/checkpoints/center_gru_default_seed2049.pt,30.0,0.0912315025925636,32.86984320599731,0.0788599410007009,predictions/beijing_168h_1h_station1013_seed2049_cap32_b4_a10.npz,checkpoints/beijing_168h_1h_station1013_seed2049_cap32_b4_a10.pt,35589.0,4588.0,31001.0,True,0.0,5.105067253112793e-06,True,0.0824755951762199,0.2871856458394464,0.1391300410032272,21.34700584411621,10.341776847839355,17.749691009521484,0.083983689546585,0.2897993953523455,0.1367210447788238,21.541290283203125,10.162711143493652,17.20444107055664,0.1217657774686813,0.0503083888001353,0.590613842010498,0.0969278663396835,0.0534660555422306,0.0,0.6216159462928772,forecast,False,,True,True,0.0,0.0,
beijing_168h_1h_station1013_seed2049_cap128_b4_a10,beijing,168,1,1013,2049,cap128_b4_a10,128,4,0.1,0.5,completed,center_gru_default,center_gru,default,0.0967254564166069,/home/hansel/Documents/ITProject/Python/PatchTST/experiments/results/baselines/beijing/168h_1h/checkpoints/center_gru_default_seed2049.pt,17.0,0.0917994752526283,41.96600529500574,0.1563298390028649,predictions/beijing_168h_1h_station1013_seed2049_cap128_b4_a10.npz,checkpoints/beijing_168h_1h_station1013_seed2049_cap128_b4_a10.pt,86085.0,55084.0,31001.0,True,0.0,5.105067253112793e-06,True,0.082871675491333,0.2878744092331463,0.1405267268419265,21.398202896118164,10.44559383392334,18.353836059570312,0.083983689546585,0.2897993953523455,0.1367210447788238,21.541290283203125,10.162711143493652,17.20444107055664,0.1102217733860015,0.0519129357440922,0.5904099941253662,0.0890925154089927,0.061155155301094,0.0,0.4714878499507904,forecast,False,,True,True,0.0,0.0,
beijing_168h_1h_station1013_seed2049_cap128_b8_a20,beijing,168,1,1013,2049,cap128_b8_a20,128,8,0.2,0.5,completed,center_gru_default,center_gru,default,0.0967254564166069,/home/hansel/Documents/ITProject/Python/PatchTST/experiments/results/baselines/beijing/168h_1h/checkpoints/center_gru_default_seed2049.pt,13.0,0.088524229824543,34.455356651997135,0.153002088998619,predictions/beijing_168h_1h_station1013_seed2049_cap128_b8_a20.npz,checkpoints/beijing_168h_1h_station1013_seed2049_cap128_b8_a20.pt,86597.0,55596.0,31001.0,True,0.0,5.105067253112793e-06,True,0.0849530696868896,0.291467098806863,0.1464249342679977,21.665252685546875,10.884017944335938,19.15665435791016,0.083983689546585,0.2897993953523455,0.1367210447788238,21.541290283203125,10.162711143493652,17.20444107055664,0.2075958549976349,0.0754668793084985,0.5973170399665833,0.10761209577322,0.0638171583414077,0.0,0.4005071222782135,forecast,False,,True,True,0.0,0.0,
beijing_168h_3h_station1013_seed2047_cap32_b4_a10,beijing,168,3,1013,2047,cap32_b4_a10,32,4,0.1,0.5,completed,degraded_patchtst,degraded_patchtst,protocol,0.2527061700820923,/home/hansel/.herdr/worktrees/PatchTST/experiment-beijing-leakfree-coverage-ablation/experiments/results/beijing_leakfree_coverage/168h_3h/checkpoints/degraded_patchtst_seed2047.pt,30.0,2.092757225036621,31.13580316700245,0.0627580990039859,predictions/beijing_168h_3h_station1013_seed2047_cap32_b4_a10.npz,checkpoints/beijing_168h_3h_station1013_seed2047_cap32_b4_a10.pt,26560.0,4920.0,21640.0,True,0.0,1.168883442878723e-06,True,1.098353385925293,1.048023561722394,0.8457935452461243,77.90025329589844,62.86837005615234,76.45401000976562,1.0976436138153076,1.0476848828800136,0.8446531891822815,77.87508392333984,62.78360748291016,76.48892211914062,0.2544014453887939,0.0191385479292821,0.6199064254760742,0.166666641831398,0.0,0.0,0.0,forecast,False,,True,True,0.0,0.0,
beijing_168h_3h_station1013_seed2047_cap128_b4_a10,beijing,168,3,1013,2047,cap128_b4_a10,128,4,0.1,0.5,completed,degraded_patchtst,degraded_patchtst,protocol,0.2527061700820923,/home/hansel/.herdr/worktrees/PatchTST/experiment-beijing-leakfree-coverage-ablation/experiments/results/beijing_leakfree_coverage/168h_3h/checkpoints/degraded_patchtst_seed2047.pt,5.0,0.2523874044418335,22.0934441329955,0.1395035999958054,predictions/beijing_168h_3h_station1013_seed2047_cap128_b4_a10.npz,checkpoints/beijing_168h_3h_station1013_seed2047_cap128_b4_a10.pt,78016.0,56376.0,21640.0,True,0.0,4.9725942611694336e-06,True,0.1881739646196365,0.4337902311251794,0.2496507614850998,32.24390411376953,18.556699752807617,30.772310256958008,0.1879894733428955,0.4335775286415285,0.2494378238916397,32.22809219360352,18.54087257385254,30.912431716918945,0.0992361903190612,0.0099143908269898,0.5598341822624207,0.0422806441783905,0.0772047638893127,0.0,0.2733338475227356,forecast,False,,True,True,0.0,0.0,
beijing_168h_3h_station1013_seed2047_cap128_b8_a20,beijing,168,3,1013,2047,cap128_b8_a20,128,8,0.2,0.5,completed,degraded_patchtst,degraded_patchtst,protocol,0.2527061700820923,/home/hansel/.herdr/worktrees/PatchTST/experiment-beijing-leakfree-coverage-ablation/experiments/results/beijing_leakfree_coverage/168h_3h/checkpoints/degraded_patchtst_seed2047.pt,11.0,0.2491887658834457,29.50663035600155,0.13616304199968,predictions/beijing_168h_3h_station1013_seed2047_cap128_b8_a20.npz,checkpoints/beijing_168h_3h_station1013_seed2047_cap128_b8_a20.pt,79552.0,57912.0,21640.0,True,0.0,4.9725942611694336e-06,True,0.1867559105157852,0.4321526472391268,0.2505869269371032,32.12217712402344,18.62628746032715,30.873226165771484,0.1879031360149383,0.4334779533205101,0.2494723349809646,32.2206916809082,18.543434143066406,30.89531135559082,0.2010267376899719,0.0521784451479252,0.5970720052719116,0.2623939216136932,0.0629931315779686,0.0,0.5397908091545105,forecast,False,,True,True,0.0,0.0,
beijing_168h_3h_station1013_seed2048_cap32_b4_a10,beijing,168,3,1013,2048,cap32_b4_a10,32,4,0.1,0.5,completed,degraded_patchtst,degraded_patchtst,protocol,0.2526836991310119,/home/hansel/.herdr/worktrees/PatchTST/experiment-beijing-leakfree-coverage-ablation/experiments/results/beijing_leakfree_coverage/168h_3h/checkpoints/degraded_patchtst_seed2048.pt,28.0,0.2447778135538101,31.231981967001047,0.0629438379983184,predictions/beijing_168h_3h_station1013_seed2048_cap32_b4_a10.npz,checkpoints/beijing_168h_3h_station1013_seed2048_cap32_b4_a10.pt,26560.0,4920.0,21640.0,True,0.0,5.0238914489746094e-06,True,0.1817294806241989,0.426297408652925,0.2430909723043441,31.68696022033692,18.069107055664062,30.09099578857422,0.1859198808670044,0.4311842771565359,0.2450195699930191,32.050201416015625,18.212459564208984,30.762025833129883,0.1255556792020797,0.0555150846147783,0.6107957363128662,0.1633690744638443,0.0385075621306896,0.0,1.249576210975647,forecast,False,,True,True,0.0,0.0,
beijing_168h_3h_station1013_seed2048_cap128_b4_a10,beijing,168,3,1013,2048,cap128_b4_a10,128,4,0.1,0.5,completed,degraded_patchtst,degraded_patchtst,protocol,0.2526836991310119,/home/hansel/.herdr/worktrees/PatchTST/experiment-beijing-leakfree-coverage-ablation/experiments/results/beijing_leakfree_coverage/168h_3h/checkpoints/degraded_patchtst_seed2048.pt,30.0,0.2426460534334182,52.02942024900403,0.1390971330038155,predictions/beijing_168h_3h_station1013_seed2048_cap128_b4_a10.npz,checkpoints/beijing_168h_3h_station1013_seed2048_cap128_b4_a10.pt,78016.0,56376.0,21640.0,True,0.0,5.0238914489746094e-06,True,0.1811531782150268,0.4256209325385992,0.242229163646698,31.636674880981445,18.005046844482422,30.19343376159668,0.1858797818422317,0.4311377759397009,0.2450480908155441,32.04674530029297,18.21457862854004,30.75714492797852,0.1235081776976585,0.0580123118788522,0.5746321678161621,0.2930000424385071,0.0482388436794281,0.0,1.0687965154647827,forecast,False,,True,True,0.0,0.0,
beijing_168h_3h_station1013_seed2048_cap128_b8_a20,beijing,168,3,1013,2048,cap128_b8_a20,128,8,0.2,0.5,completed,degraded_patchtst,degraded_patchtst,protocol,0.2526836991310119,/home/hansel/.herdr/worktrees/PatchTST/experiment-beijing-leakfree-coverage-ablation/experiments/results/beijing_leakfree_coverage/168h_3h/checkpoints/degraded_patchtst_seed2048.pt,21.0,0.2338509559631347,46.82249601699732,0.1363598739990266,predictions/beijing_168h_3h_station1013_seed2048_cap128_b8_a20.npz,checkpoints/beijing_168h_3h_station1013_seed2048_cap128_b8_a20.pt,79552.0,57912.0,21640.0,True,0.0,5.0238914489746094e-06,True,0.1822428256273269,0.4268990813146908,0.2474623173475265,31.73167991638184,18.39402961730957,31.36629676818848,0.1859026849269867,0.4311643363347515,0.2450243085622787,32.0487174987793,18.212810516357425,30.7742862701416,0.2182018160820007,0.0886113762232265,0.5955708622932434,0.2470187246799469,0.0484023950994014,0.0,1.037602424621582,forecast,False,,True,True,0.0,0.0,
beijing_168h_3h_station1013_seed2049_cap32_b4_a10,beijing,168,3,1013,2049,cap32_b4_a10,32,4,0.1,0.5,completed,degraded_patchtst,degraded_patchtst,protocol,0.2583062946796417,/home/hansel/.herdr/worktrees/PatchTST/experiment-beijing-leakfree-coverage-ablation/experiments/results/beijing_leakfree_coverage/168h_3h/checkpoints/degraded_patchtst_seed2049.pt,30.0,0.2508352994918823,31.48688980100269,0.0630383369934861,predictions/beijing_168h_3h_station1013_seed2049_cap32_b4_a10.npz,checkpoints/beijing_168h_3h_station1013_seed2049_cap32_b4_a10.pt,26560.0,4920.0,21640.0,True,0.0,4.9087705612182615e-06,True,0.1845637857913971,0.4296088753638559,0.2481167465448379,31.9330997467041,18.44267845153809,29.69459342956543,0.1866481155157089,0.4320279105748943,0.2494238018989563,32.11290740966797,18.53982734680176,29.723852157592773,0.1191549822688102,0.0498427674249646,0.612464189529419,0.1545218378305435,0.0419988334178924,0.0,0.926853358745575,forecast,False,,True,True,0.0,0.0,
beijing_168h_3h_station1013_seed2049_cap128_b4_a10,beijing,168,3,1013,2049,cap128_b4_a10,128,4,0.1,0.5,completed,degraded_patchtst,degraded_patchtst,protocol,0.2583062946796417,/home/hansel/.herdr/worktrees/PatchTST/experiment-beijing-leakfree-coverage-ablation/experiments/results/beijing_leakfree_coverage/168h_3h/checkpoints/degraded_patchtst_seed2049.pt,6.0,0.2499321401119232,21.045205097994767,0.1394132200002786,predictions/beijing_168h_3h_station1013_seed2049_cap128_b4_a10.npz,checkpoints/beijing_168h_3h_station1013_seed2049_cap128_b4_a10.pt,78016.0,56376.0,21640.0,True,0.0,4.9087705612182615e-06,True,0.1845002472400665,0.4295349196981154,0.2490911185741424,31.927602767944336,18.515100479125977,30.1031436920166,0.1866491436958313,0.4320291005196656,0.2494967579841613,32.112998962402344,18.54525375366211,29.729219436645508,0.1042495965957641,0.053124169038946,0.6111610531806946,0.1131922379136085,0.0540989823639392,0.0,0.6895230412483215,forecast,False,,True,True,0.0,0.0,
beijing_168h_3h_station1013_seed2049_cap128_b8_a20,beijing,168,3,1013,2049,cap128_b8_a20,128,8,0.2,0.5,backbone_nonfinite,degraded_patchtst,degraded_patchtst,protocol,0.2583062946796417,/home/hansel/.herdr/worktrees/PatchTST/experiment-beijing-leakfree-coverage-ablation/experiments/results/beijing_leakfree_coverage/168h_3h/checkpoints/degraded_patchtst_seed2049.pt,,,,,,,,,,,0.0,,False,,,,,,,,,,,,,,,,,,,,,False,主干验证前向包含 NaN/Inf (count=0),False,False,0.0,0.0,
beijing_168h_12h_station1013_seed2047_cap32_b4_a10,beijing,168,12,1013,2047,cap32_b4_a10,32,4,0.1,0.5,completed,degraded_patchtst,degraded_patchtst,protocol,0.784105658531189,/home/hansel/.herdr/worktrees/PatchTST/experiment-beijing-leakfree-coverage-ablation/experiments/results/beijing_leakfree_coverage/168h_12h/checkpoints/degraded_patchtst_seed2047.pt,1.0,0.7856961488723755,7.407070629000373,0.0650194120025844,predictions/beijing_168h_12h_station1013_seed2047_cap32_b4_a10.npz,checkpoints/beijing_168h_12h_station1013_seed2047_cap32_b4_a10.pt,40159.0,6414.0,33745.0,True,0.0,4.482311725616455e-06,True,0.5377964973449707,0.733346096563533,0.488850861787796,54.51674270629883,36.34103393554688,52.47833251953125,0.5377546548843384,0.7333175675546976,0.4886935949325561,54.51462173461914,36.329345703125,52.63689804077149,0.1004222705960273,0.0087474502100591,0.6181307435035706,0.1345989555120468,0.0679717510938644,0.0,0.2625397145748138,forecast,False,,True,True,0.0,0.0,
beijing_168h_12h_station1013_seed2047_cap128_b4_a10,beijing,168,12,1013,2047,cap128_b4_a10,128,4,0.1,0.5,completed,degraded_patchtst,degraded_patchtst,protocol,0.784105658531189,/home/hansel/.herdr/worktrees/PatchTST/experiment-beijing-leakfree-coverage-ablation/experiments/results/beijing_leakfree_coverage/168h_12h/checkpoints/degraded_patchtst_seed2047.pt,9.0,0.842271089553833,29.199453510998865,0.3188816299953032,predictions/beijing_168h_12h_station1013_seed2047_cap128_b4_a10.npz,checkpoints/beijing_168h_12h_station1013_seed2047_cap128_b4_a10.pt,95935.0,62190.0,33745.0,True,0.0,4.482311725616455e-06,True,0.5274884700775146,0.7262840147473402,0.4971307814121246,53.99174880981445,36.95656204223633,50.94689178466797,0.5225308537483215,0.7228629564089735,0.4933850169181824,53.737430572509766,36.67810821533203,50.61939239501953,0.1006915643811225,0.0028076700136711,0.6081081032752991,0.2583068013191223,0.0574094802141189,0.0,0.6230790615081787,forecast,False,,True,True,0.0,0.0,
beijing_168h_12h_station1013_seed2047_cap128_b8_a20,beijing,168,12,1013,2047,cap128_b8_a20,128,8,0.2,0.5,completed,degraded_patchtst,degraded_patchtst,protocol,0.784105658531189,/home/hansel/.herdr/worktrees/PatchTST/experiment-beijing-leakfree-coverage-ablation/experiments/results/beijing_leakfree_coverage/168h_12h/checkpoints/degraded_patchtst_seed2047.pt,1.0,0.784865140914917,12.225940979005829,0.1442162929961341,predictions/beijing_168h_12h_station1013_seed2047_cap128_b8_a20.npz,checkpoints/beijing_168h_12h_station1013_seed2047_cap128_b8_a20.pt,102079.0,68334.0,33745.0,True,0.0,4.482311725616455e-06,True,0.537618100643158,0.7332244544770434,0.4887668788433075,54.5077018737793,36.33479309082031,52.455299377441406,0.8681130409240723,0.9317258400001968,0.6561570763587952,69.26424407958984,48.77853393554688,64.45149230957031,0.199643537402153,0.0094151752279541,0.6156587600708008,0.2156203091144561,0.0634347721934318,0.0,0.2977895438671112,forecast,False,,True,True,0.0,0.0,
beijing_168h_12h_station1013_seed2048_cap32_b4_a10,beijing,168,12,1013,2048,cap32_b4_a10,32,4,0.1,0.5,completed,degraded_patchtst,degraded_patchtst,protocol,0.760421872138977,/home/hansel/.herdr/worktrees/PatchTST/experiment-beijing-leakfree-coverage-ablation/experiments/results/beijing_leakfree_coverage/168h_12h/checkpoints/degraded_patchtst_seed2048.pt,1.0,0.7622159719467163,7.16941912999755,0.0655571320021408,predictions/beijing_168h_12h_station1013_seed2048_cap32_b4_a10.npz,checkpoints/beijing_168h_12h_station1013_seed2048_cap32_b4_a10.pt,40159.0,6414.0,33745.0,True,0.0,4.283024787902832e-06,True,2.125492811203003,1.4579069967604257,0.6051226258277893,108.3803939819336,44.98464584350586,54.62799072265625,0.640251636505127,0.8001572573595311,0.5434759855270386,59.48346710205078,40.40185546875,56.99497985839844,0.0998898297548294,0.0016923895905857,0.6195738315582275,0.1602017134428024,0.0667683184146881,0.0,0.1705301105976104,forecast,False,,True,True,0.0,0.0,
beijing_168h_12h_station1013_seed2048_cap128_b4_a10,beijing,168,12,1013,2048,cap128_b4_a10,128,4,0.1,0.5,completed,degraded_patchtst,degraded_patchtst,protocol,0.760421872138977,/home/hansel/.herdr/worktrees/PatchTST/experiment-beijing-leakfree-coverage-ablation/experiments/results/beijing_leakfree_coverage/168h_12h/checkpoints/degraded_patchtst_seed2048.pt,1.0,0.762298583984375,12.450123973998416,0.1414247590000741,predictions/beijing_168h_12h_station1013_seed2048_cap128_b4_a10.npz,checkpoints/beijing_168h_12h_station1013_seed2048_cap128_b4_a10.pt,95935.0,62190.0,33745.0,True,0.0,4.283024787902832e-06,True,0.5511842966079712,0.7424178719615868,0.4959626495838165,55.191139221191406,36.86972427368164,51.266883850097656,0.5510691404342651,0.7423403130871077,0.496099054813385,55.18537139892578,36.87986373901367,51.28648376464844,0.0997916087508201,0.0049400160128771,0.6171083450317383,0.1593255251646042,0.0698436573147773,0.0,0.2841852903366089,forecast,False,,True,True,0.0,0.0,
beijing_168h_12h_station1013_seed2048_cap128_b8_a20,beijing,168,12,1013,2048,cap128_b8_a20,128,8,0.2,0.5,backbone_nonfinite,degraded_patchtst,degraded_patchtst,protocol,0.760421872138977,/home/hansel/.herdr/worktrees/PatchTST/experiment-beijing-leakfree-coverage-ablation/experiments/results/beijing_leakfree_coverage/168h_12h/checkpoints/degraded_patchtst_seed2048.pt,,,,,,,,,,,0.0,,False,,,,,,,,,,,,,,,,,,,,,False,主干验证前向包含 NaN/Inf (count=0),False,False,0.0,0.0,
beijing_168h_12h_station1013_seed2049_cap32_b4_a10,beijing,168,12,1013,2049,cap32_b4_a10,32,4,0.1,0.5,completed,degraded_patchtst,degraded_patchtst,protocol,0.7636581063270569,/home/hansel/.herdr/worktrees/PatchTST/experiment-beijing-leakfree-coverage-ablation/experiments/results/beijing_leakfree_coverage/168h_12h/checkpoints/degraded_patchtst_seed2049.pt,1.0,0.7673942446708679,7.331449633995362,0.06622192299982999,predictions/beijing_168h_12h_station1013_seed2049_cap32_b4_a10.npz,checkpoints/beijing_168h_12h_station1013_seed2049_cap32_b4_a10.pt,40159.0,6414.0,33745.0,True,0.0,4.103840351104736e-06,True,0.6105779409408569,0.7813948687704936,0.5221560001373291,58.08867645263672,38.81692886352539,52.47987365722656,0.6104623079299927,0.7813208738604087,0.5220932364463806,58.08317947387695,38.81227111816406,52.491580963134766,0.09960383921861649,0.0010724581778788662,0.6194185614585876,0.18491147458553314,0.05553865805268288,0.0,0.13094453513622284,forecast,False,,True,True,0.0,0.0,
beijing_168h_12h_station1013_seed2049_cap128_b4_a10,beijing,168,12,1013,2049,cap128_b4_a10,128,4,0.1,0.5,completed,degraded_patchtst,degraded_patchtst,protocol,0.7636581063270569,/home/hansel/.herdr/worktrees/PatchTST/experiment-beijing-leakfree-coverage-ablation/experiments/results/beijing_leakfree_coverage/168h_12h/checkpoints/degraded_patchtst_seed2049.pt,10.0,0.7675986886024475,27.727334898001573,0.14589905500179157,predictions/beijing_168h_12h_station1013_seed2049_cap128_b4_a10.npz,checkpoints/beijing_168h_12h_station1013_seed2049_cap128_b4_a10.pt,95935.0,62190.0,33745.0,True,0.0,4.103840351104736e-06,True,0.557174563407898,0.746441265879572,0.5088075399398804,55.490234375,37.82461166381836,51.85070037841797,0.5518446564674377,0.7428624748009808,0.5009364485740662,55.22419357299805,37.239479064941406,51.19053268432617,0.09619464725255966,0.08165146941303372,0.5636497139930725,0.3615648150444031,0.0579504556953907,0.0,0.6455672979354858,forecast,False,,True,True,0.0,0.0,
beijing_168h_12h_station1013_seed2049_cap128_b8_a20,beijing,168,12,1013,2049,cap128_b8_a20,128,8,0.2,0.5,completed,degraded_patchtst,degraded_patchtst,protocol,0.7636581063270569,/home/hansel/.herdr/worktrees/PatchTST/experiment-beijing-leakfree-coverage-ablation/experiments/results/beijing_leakfree_coverage/168h_12h/checkpoints/degraded_patchtst_seed2049.pt,1.0,0.7689336538314819,12.065012241000659,0.13719222500367323,predictions/beijing_168h_12h_station1013_seed2049_cap128_b8_a20.npz,checkpoints/beijing_168h_12h_station1013_seed2049_cap128_b8_a20.pt,102079.0,68334.0,33745.0,True,0.0,4.103840351104736e-06,True,0.6201780438423157,0.7875138372386327,0.5279210209846497,58.54356002807617,39.245506286621094,52.278350830078125,0.6104757189750671,0.7813294561035486,0.5220621228218079,58.08381652832031,38.809959411621094,52.495025634765625,0.19966062903404236,0.05549330493979076,0.6196734309196472,0.16869091987609863,0.06396570056676865,0.0,0.38570302724838257,forecast,False,,True,True,0.0,0.0,
beijing_168h_24h_station1013_seed2047_cap32_b4_a10,beijing,168,24,1013,2047,cap32_b4_a10,32,4,0.1,0.5,completed,degraded_patchtst,degraded_patchtst,protocol,1.095758080482483,/home/hansel/.herdr/worktrees/PatchTST/experiment-beijing-leakfree-coverage-ablation/experiments/results/beijing_leakfree_coverage/168h_24h/checkpoints/degraded_patchtst_seed2047.pt,1.0,1.0946910381317139,7.1487490629951935,0.06506021699897246,predictions/beijing_168h_24h_station1013_seed2047_cap32_b4_a10.npz,checkpoints/beijing_168h_24h_station1013_seed2047_cap32_b4_a10.pt,58291.0,8406.0,49885.0,True,0.0,4.024752616882324e-06,True,0.8264527916908264,0.9090944899683566,0.6386764645576477,67.61956787109375,47.50554275512695,61.61883544921875,0.8252550363540649,0.9084354882731437,0.6375438570976257,67.57054901123047,47.42129898071289,61.87565231323242,0.10058597475290298,0.017642371359517604,0.6178714036941528,0.13327890634536743,0.07014141976833344,0.0,0.47115233540534973,forecast,False,,True,True,0.0,0.0,
beijing_168h_24h_station1013_seed2047_cap128_b4_a10,beijing,168,24,1013,2047,cap128_b4_a10,128,4,0.1,0.5,completed,degraded_patchtst,degraded_patchtst,protocol,1.095758080482483,/home/hansel/.herdr/worktrees/PatchTST/experiment-beijing-leakfree-coverage-ablation/experiments/results/beijing_leakfree_coverage/168h_24h/checkpoints/degraded_patchtst_seed2047.pt,1.0,1.0927786827087402,15.513595805998193,0.31767624799977057,predictions/beijing_168h_24h_station1013_seed2047_cap128_b4_a10.npz,checkpoints/beijing_168h_24h_station1013_seed2047_cap128_b4_a10.pt,119827.0,69942.0,49885.0,True,0.0,4.024752616882324e-06,True,0.8464134335517883,0.9200073008143949,0.6476370096206665,68.4312744140625,48.17203903198242,61.479736328125,0.8251768946647644,0.9083924783180255,0.6376664042472839,67.56735229492188,47.43041229248047,61.83867645263672,0.10025246441364288,0.002342333450970442,0.6169801354408264,0.20119626820087433,0.06560090184211731,0.0,0.6348990201950073,forecast,False,,True,True,0.0,0.0,
beijing_168h_24h_station1013_seed2047_cap128_b8_a20,beijing,168,24,1013,2047,cap128_b8_a20,128,8,0.2,0.5,completed,degraded_patchtst,degraded_patchtst,protocol,1.095758080482483,/home/hansel/.herdr/worktrees/PatchTST/experiment-beijing-leakfree-coverage-ablation/experiments/results/beijing_leakfree_coverage/168h_24h/checkpoints/degraded_patchtst_seed2047.pt,1.0,1.0943809747695923,11.895812565999222,0.1349448890032363,predictions/beijing_168h_24h_station1013_seed2047_cap128_b8_a20.npz,checkpoints/beijing_168h_24h_station1013_seed2047_cap128_b8_a20.pt,132115.0,82230.0,49885.0,True,0.0,4.024752616882324e-06,True,0.8281713128089905,0.9100391820185494,0.6398411393165588,67.6898422241211,47.5921745300293,61.39102554321289,0.8251768946647644,0.9083924783180255,0.6376664042472839,67.56735229492188,47.43041229248047,61.83867645263672,0.20006051659584045,0.04347494665280625,0.6162496209144592,0.2077476680278778,0.06449489295482635,0.0,0.6450414657592773,forecast,False,,True,True,0.0,0.0,
beijing_168h_24h_station1013_seed2048_cap32_b4_a10,beijing,168,24,1013,2048,cap32_b4_a10,32,4,0.1,0.5,completed,degraded_patchtst,degraded_patchtst,protocol,1.1353428363800049,/home/hansel/.herdr/worktrees/PatchTST/experiment-beijing-leakfree-coverage-ablation/experiments/results/beijing_leakfree_coverage/168h_24h/checkpoints/degraded_patchtst_seed2048.pt,1.0,1.1398465633392334,7.1418098009962705,0.06195229400327662,predictions/beijing_168h_24h_station1013_seed2048_cap32_b4_a10.npz,checkpoints/beijing_168h_24h_station1013_seed2048_cap32_b4_a10.pt,58291.0,8406.0,49885.0,True,0.0,4.212659358978271e-06,True,0.9578596949577332,0.9787030678186991,0.6777109503746033,72.7971420288086,50.40897750854492,64.0082015991211,0.9578183889389038,0.9786819651648353,0.6777336001396179,72.79557037353516,50.41066360473633,64.01065826416016,0.0998510792851448,0.0017831756943995551,0.6193632483482361,0.15088020265102386,0.06343546509742737,0.0,0.2904027998447418,forecast,False,,True,True,0.0,0.0,
beijing_168h_24h_station1013_seed2048_cap128_b4_a10,beijing,168,24,1013,2048,cap128_b4_a10,128,4,0.1,0.5,completed,degraded_patchtst,degraded_patchtst,protocol,1.1353428363800049,/home/hansel/.herdr/worktrees/PatchTST/experiment-beijing-leakfree-coverage-ablation/experiments/results/beijing_leakfree_coverage/168h_24h/checkpoints/degraded_patchtst_seed2048.pt,2.0,1.1389033794403076,13.690915496998059,0.13743262099887943,predictions/beijing_168h_24h_station1013_seed2048_cap128_b4_a10.npz,checkpoints/beijing_168h_24h_station1013_seed2048_cap128_b4_a10.pt,119827.0,69942.0,49885.0,True,0.0,4.212659358978271e-06,True,0.9643000364303589,0.9819877985139932,0.6779116988182068,73.04146575927734,50.423912048339844,63.83610534667969,0.9608645439147949,0.9802369835477516,0.6781118512153625,72.91123962402344,50.43879699707031,64.25712585449219,0.10112013667821884,0.040586259889449854,0.6151353120803833,0.11466684192419052,0.060353294014930725,0.0,1.1139554977416992,forecast,False,,True,True,0.0,0.0,
beijing_168h_24h_station1013_seed2048_cap128_b8_a20,beijing,168,24,1013,2048,cap128_b8_a20,128,8,0.2,0.5,completed,degraded_patchtst,degraded_patchtst,protocol,1.1353428363800049,/home/hansel/.herdr/worktrees/PatchTST/experiment-beijing-leakfree-coverage-ablation/experiments/results/beijing_leakfree_coverage/168h_24h/checkpoints/degraded_patchtst_seed2048.pt,2.0,1.1394213438034058,13.60799770399899,0.13511825899331598,predictions/beijing_168h_24h_station1013_seed2048_cap128_b8_a20.npz,checkpoints/beijing_168h_24h_station1013_seed2048_cap128_b8_a20.pt,132115.0,82230.0,49885.0,True,0.0,4.212659358978271e-06,True,0.9741290807723999,0.9869797772864447,0.6818191409111023,73.41277313232422,50.71454620361328,64.1558837890625,0.9608645439147949,0.9802369835477516,0.6781118512153625,72.91123962402344,50.43879699707031,64.25712585449219,0.2016124725341797,0.0964968773954395,0.616289496421814,0.11987201124429703,0.054489877074956894,0.0,1.3677703142166138,forecast,False,,True,True,0.0,0.0,
beijing_168h_24h_station1013_seed2049_cap32_b4_a10,beijing,168,24,1013,2049,cap32_b4_a10,32,4,0.1,0.5,completed,degraded_patchtst,degraded_patchtst,protocol,1.1379828453063965,/home/hansel/.herdr/worktrees/PatchTST/experiment-beijing-leakfree-coverage-ablation/experiments/results/beijing_leakfree_coverage/168h_24h/checkpoints/degraded_patchtst_seed2049.pt,2.0,1.1366020441055298,8.16546913899947,0.06236710899975151,predictions/beijing_168h_24h_station1013_seed2049_cap32_b4_a10.npz,checkpoints/beijing_168h_24h_station1013_seed2049_cap32_b4_a10.pt,58291.0,8406.0,49885.0,True,0.0,4.279231071472168e-06,True,0.8028199076652527,0.896002180614117,0.6296792030334473,66.645751953125,46.83631896972656,62.7187385559082,0.8045480251312256,0.8969660111348844,0.6288192868232727,66.71743774414062,46.7723503112793,63.36909103393555,0.10082744807004929,0.04280220514902009,0.6196804642677307,0.17725662887096405,0.0525217279791832,0.0,0.6126161217689514,forecast,False,,True,True,0.0,0.0,
beijing_168h_24h_station1013_seed2049_cap128_b4_a10,beijing,168,24,1013,2049,cap128_b4_a10,128,4,0.1,0.5,completed,degraded_patchtst,degraded_patchtst,protocol,1.1379828453063965,/home/hansel/.herdr/worktrees/PatchTST/experiment-beijing-leakfree-coverage-ablation/experiments/results/beijing_leakfree_coverage/168h_24h/checkpoints/degraded_patchtst_seed2049.pt,1.0,1.137773036956787,11.975692894004169,0.13823390300240135,predictions/beijing_168h_24h_station1013_seed2049_cap128_b4_a10.npz,checkpoints/beijing_168h_24h_station1013_seed2049_cap128_b4_a10.pt,119827.0,69942.0,49885.0,True,0.0,4.279231071472168e-06,True,0.8027400970458984,0.8959576424395845,0.6293120980262756,66.6424331665039,46.80901336669922,62.83882141113281,0.8031700253486633,0.8961975370132766,0.6285449266433716,66.66028594970703,46.7519416809082,63.16469955444336,0.1000867709517479,0.02567583749310678,0.6188049912452698,0.15839524567127228,0.06414592266082764,0.0,0.5184016227722168,forecast,False,,True,True,0.0,0.0,
beijing_168h_24h_station1013_seed2049_cap128_b8_a20,beijing,168,24,1013,2049,cap128_b8_a20,128,8,0.2,0.5,completed,degraded_patchtst,degraded_patchtst,protocol,1.1379828453063965,/home/hansel/.herdr/worktrees/PatchTST/experiment-beijing-leakfree-coverage-ablation/experiments/results/beijing_leakfree_coverage/168h_24h/checkpoints/degraded_patchtst_seed2049.pt,1.0,1.1419492959976196,11.896379059995525,0.1349533259999589,predictions/beijing_168h_24h_station1013_seed2049_cap128_b8_a20.npz,checkpoints/beijing_168h_24h_station1013_seed2049_cap128_b8_a20.pt,132115.0,82230.0,49885.0,True,0.0,4.279231071472168e-06,True,0.8068904876708984,0.8982708320272336,0.6307180523872375,66.81449127197266,46.9135856628418,63.373531341552734,0.8031700253486633,0.8961975370132766,0.6285449266433716,66.66028594970703,46.7519416809082,63.16469955444336,0.19990938901901245,0.03711201372249463,0.6191084980964661,0.16364800930023193,0.06443150341510773,0.0,0.634174644947052,forecast,False,,True,True,0.0,0.0,
