run_id,city,history,horizon,station_id,seed,family,hidden_size,variant,status,best_epoch,best_valid_loss,training_seconds,test_inference_seconds,evaluation_split,input_channels,selected_channel_index,total_parameter_count,trainable_parameter_count,parameter_count,prediction_file,checkpoint_file,training_log_file,mse_scaled,rmse_scaled,mae_scaled,rmse_ugm3,mae_ugm3,smape_percent,learning_rate_retry,retry_reason
beijing_24h_1h_station1013_seed2047_center_gru_h8,beijing,24,1,1013,2047,gru,8,center_gru_h8,completed,40,0.11898575723171234,4.704900098000508,0.007620400000632799,test,1,9,273,273,273,predictions/beijing_24h_1h_station1013_seed2047_center_gru_h8.npz,checkpoints/beijing_24h_1h_station1013_seed2047_center_gru_h8.pt,training_logs/beijing_24h_1h_station1013_seed2047_center_gru_h8.csv,0.07106872648000717,0.26658718363793704,0.133060485124588,19.866003036499023,9.915629386901855,16.09589958190918,False,
beijing_24h_1h_station1013_seed2047_center_gru_h16,beijing,24,1,1013,2047,gru,16,center_gru_h16,completed,40,0.10639519989490509,3.9620696629999657,0.0068217139996704645,test,1,9,929,929,929,predictions/beijing_24h_1h_station1013_seed2047_center_gru_h16.npz,checkpoints/beijing_24h_1h_station1013_seed2047_center_gru_h16.pt,training_logs/beijing_24h_1h_station1013_seed2047_center_gru_h16.csv,0.07409411668777466,0.2722023451180659,0.13201892375946045,20.284440994262695,9.838013648986816,16.02850914001465,False,
beijing_24h_1h_station1013_seed2047_center_gru_h32,beijing,24,1,1013,2047,gru,32,center_gru_h32,completed,40,0.09808751940727234,4.219783090999954,0.00749063799958094,test,1,9,3393,3393,3393,predictions/beijing_24h_1h_station1013_seed2047_center_gru_h32.npz,checkpoints/beijing_24h_1h_station1013_seed2047_center_gru_h32.pt,training_logs/beijing_24h_1h_station1013_seed2047_center_gru_h32.csv,0.0773715078830719,0.2781573437518267,0.13158026337623596,20.72820472717285,9.805323600769043,16.12347412109375,False,
beijing_24h_1h_station1013_seed2047_center_gru_h40,beijing,24,1,1013,2047,gru,40,center_gru_h40,completed,40,0.09883616864681244,4.205305419999604,0.007535589000326581,test,1,9,5201,5201,5201,predictions/beijing_24h_1h_station1013_seed2047_center_gru_h40.npz,checkpoints/beijing_24h_1h_station1013_seed2047_center_gru_h40.pt,training_logs/beijing_24h_1h_station1013_seed2047_center_gru_h40.csv,0.0806858241558075,0.28405250246355424,0.13304106891155243,21.167510986328125,9.914180755615234,16.306612014770508,False,
beijing_24h_1h_station1013_seed2047_center_gru_h48,beijing,24,1,1013,2047,gru,48,center_gru_h48,completed,40,0.09983674436807632,4.349654592000661,0.007892121999248047,test,1,9,7393,7393,7393,predictions/beijing_24h_1h_station1013_seed2047_center_gru_h48.npz,checkpoints/beijing_24h_1h_station1013_seed2047_center_gru_h48.pt,training_logs/beijing_24h_1h_station1013_seed2047_center_gru_h48.csv,0.08164272457361221,0.2857319103173676,0.13411010801792145,21.292659759521484,9.993847846984863,16.54238510131836,False,
beijing_24h_1h_station1013_seed2047_center_gru_h64,beijing,24,1,1013,2047,gru,64,center_gru_h64,completed,38,0.09873645752668381,4.694174156999907,0.007995080000000598,test,1,9,12929,12929,12929,predictions/beijing_24h_1h_station1013_seed2047_center_gru_h64.npz,checkpoints/beijing_24h_1h_station1013_seed2047_center_gru_h64.pt,training_logs/beijing_24h_1h_station1013_seed2047_center_gru_h64.csv,0.08112023025751114,0.2848161341242998,0.13350053131580353,21.224416732788086,9.948420524597168,16.596803665161133,False,
beijing_24h_1h_station1013_seed2047_center_lstm_h8,beijing,24,1,1013,2047,lstm,8,center_lstm_h8,completed,40,0.1467267870903015,3.223817113000223,0.00927284299996245,test,1,9,361,361,361,predictions/beijing_24h_1h_station1013_seed2047_center_lstm_h8.npz,checkpoints/beijing_24h_1h_station1013_seed2047_center_lstm_h8.pt,training_logs/beijing_24h_1h_station1013_seed2047_center_lstm_h8.csv,0.0767153799533844,0.27697541398720643,0.13870656490325928,20.64012908935547,10.336373329162598,16.494129180908203,False,
beijing_24h_1h_station1013_seed2047_center_lstm_h16,beijing,24,1,1013,2047,lstm,16,center_lstm_h16,completed,40,0.10733892023563385,3.2419219749999684,0.00956223699995462,test,1,9,1233,1233,1233,predictions/beijing_24h_1h_station1013_seed2047_center_lstm_h16.npz,checkpoints/beijing_24h_1h_station1013_seed2047_center_lstm_h16.pt,training_logs/beijing_24h_1h_station1013_seed2047_center_lstm_h16.csv,0.0729423314332962,0.27007838016638097,0.13266029953956604,20.126163482666016,9.885808944702148,16.246822357177734,False,
beijing_24h_1h_station1013_seed2047_center_lstm_h32,beijing,24,1,1013,2047,lstm,32,center_lstm_h32,completed,40,0.09823013842105865,3.2765492919997996,0.009205958000165992,test,1,9,4513,4513,4513,predictions/beijing_24h_1h_station1013_seed2047_center_lstm_h32.npz,checkpoints/beijing_24h_1h_station1013_seed2047_center_lstm_h32.pt,training_logs/beijing_24h_1h_station1013_seed2047_center_lstm_h32.csv,0.07554518431425095,0.27485484226087586,0.1308809071779251,20.482105255126953,9.753207206726074,15.461228370666504,False,
beijing_24h_1h_station1013_seed2047_center_lstm_h40,beijing,24,1,1013,2047,lstm,40,center_lstm_h40,completed,33,0.09834596514701843,3.2866444900000715,0.009615699000278255,test,1,9,6921,6921,6921,predictions/beijing_24h_1h_station1013_seed2047_center_lstm_h40.npz,checkpoints/beijing_24h_1h_station1013_seed2047_center_lstm_h40.pt,training_logs/beijing_24h_1h_station1013_seed2047_center_lstm_h40.csv,0.07609020173549652,0.27584452457044806,0.13189630210399628,20.55585479736328,9.828874588012695,15.703423500061035,False,
beijing_24h_1h_station1013_seed2047_center_lstm_h48,beijing,24,1,1013,2047,lstm,48,center_lstm_h48,completed,37,0.09694158285856247,3.3273594590000357,0.006542314000398619,test,1,9,9841,9841,9841,predictions/beijing_24h_1h_station1013_seed2047_center_lstm_h48.npz,checkpoints/beijing_24h_1h_station1013_seed2047_center_lstm_h48.pt,training_logs/beijing_24h_1h_station1013_seed2047_center_lstm_h48.csv,0.07757247239351273,0.27851835198692515,0.13752080500125885,20.75510597229004,10.248011589050293,17.78013801574707,False,
beijing_24h_1h_station1013_seed2047_center_lstm_h64,beijing,24,1,1013,2047,lstm,64,center_lstm_h64,completed,37,0.09711474925279617,3.527699104000021,0.01053040599981614,test,1,9,17217,17217,17217,predictions/beijing_24h_1h_station1013_seed2047_center_lstm_h64.npz,checkpoints/beijing_24h_1h_station1013_seed2047_center_lstm_h64.pt,training_logs/beijing_24h_1h_station1013_seed2047_center_lstm_h64.csv,0.07926219701766968,0.28153542764218803,0.13653726875782013,20.97994041442871,10.174717903137207,17.365211486816406,False,
beijing_24h_1h_station1013_seed2048_center_gru_h8,beijing,24,1,1013,2048,gru,8,center_gru_h8,completed,40,0.13182993233203888,4.040356819000408,0.007599915000355395,test,1,9,273,273,273,predictions/beijing_24h_1h_station1013_seed2048_center_gru_h8.npz,checkpoints/beijing_24h_1h_station1013_seed2048_center_gru_h8.pt,training_logs/beijing_24h_1h_station1013_seed2048_center_gru_h8.csv,0.07484114915132523,0.2735711043793281,0.13547201454639435,20.386442184448242,10.0953369140625,16.061771392822266,False,
beijing_24h_1h_station1013_seed2048_center_gru_h16,beijing,24,1,1013,2048,gru,16,center_gru_h16,completed,40,0.10371590405702591,4.024766516999989,0.006981307999922137,test,1,9,929,929,929,predictions/beijing_24h_1h_station1013_seed2048_center_gru_h16.npz,checkpoints/beijing_24h_1h_station1013_seed2048_center_gru_h16.pt,training_logs/beijing_24h_1h_station1013_seed2048_center_gru_h16.csv,0.07508572190999985,0.2740177401373857,0.13224169611930847,20.419723510742188,9.854613304138184,15.80604362487793,False,
beijing_24h_1h_station1013_seed2048_center_gru_h32,beijing,24,1,1013,2048,gru,32,center_gru_h32,completed,37,0.09836030751466751,4.235588104999806,0.007774027999403188,test,1,9,3393,3393,3393,predictions/beijing_24h_1h_station1013_seed2048_center_gru_h32.npz,checkpoints/beijing_24h_1h_station1013_seed2048_center_gru_h32.pt,training_logs/beijing_24h_1h_station1013_seed2048_center_gru_h32.csv,0.0775119960308075,0.27840976281518487,0.13177955150604248,20.74701690673828,9.820174217224121,16.162431716918945,False,
beijing_24h_1h_station1013_seed2048_center_gru_h40,beijing,24,1,1013,2048,gru,40,center_gru_h40,completed,37,0.09798194468021393,4.218036130000655,0.007728200999736146,test,1,9,5201,5201,5201,predictions/beijing_24h_1h_station1013_seed2048_center_gru_h40.npz,checkpoints/beijing_24h_1h_station1013_seed2048_center_gru_h40.pt,training_logs/beijing_24h_1h_station1013_seed2048_center_gru_h40.csv,0.07773687690496445,0.27881333702849376,0.13217729330062866,20.77709197998047,9.849813461303711,16.31427764892578,False,
beijing_24h_1h_station1013_seed2048_center_gru_h48,beijing,24,1,1013,2048,gru,48,center_gru_h48,completed,37,0.09792722761631012,4.309615039999699,0.0076088679998065345,test,1,9,7393,7393,7393,predictions/beijing_24h_1h_station1013_seed2048_center_gru_h48.npz,checkpoints/beijing_24h_1h_station1013_seed2048_center_gru_h48.pt,training_logs/beijing_24h_1h_station1013_seed2048_center_gru_h48.csv,0.07855487614870071,0.28027642810036796,0.1315891295671463,20.886119842529297,9.805983543395996,15.992524147033691,False,
beijing_24h_1h_station1013_seed2048_center_gru_h64,beijing,24,1,1013,2048,gru,64,center_gru_h64,completed,37,0.09828437864780426,4.705270235000171,0.008253340000010212,test,1,9,12929,12929,12929,predictions/beijing_24h_1h_station1013_seed2048_center_gru_h64.npz,checkpoints/beijing_24h_1h_station1013_seed2048_center_gru_h64.pt,training_logs/beijing_24h_1h_station1013_seed2048_center_gru_h64.csv,0.08075857907533646,0.2841805395788678,0.1328088492155075,21.177051544189453,9.89687728881836,16.345664978027344,False,
beijing_24h_1h_station1013_seed2048_center_lstm_h8,beijing,24,1,1013,2048,lstm,8,center_lstm_h8,completed,40,0.15662410855293274,3.1851273299998866,0.006496241000604641,test,1,9,361,361,361,predictions/beijing_24h_1h_station1013_seed2048_center_lstm_h8.npz,checkpoints/beijing_24h_1h_station1013_seed2048_center_lstm_h8.pt,training_logs/beijing_24h_1h_station1013_seed2048_center_lstm_h8.csv,0.07959157973527908,0.2821197967801605,0.1434250921010971,21.023487091064453,10.687996864318848,16.887062072753906,False,
beijing_24h_1h_station1013_seed2048_center_lstm_h16,beijing,24,1,1013,2048,lstm,16,center_lstm_h16,completed,40,0.10937650501728058,3.264665005999632,0.006598078000024543,test,1,9,1233,1233,1233,predictions/beijing_24h_1h_station1013_seed2048_center_lstm_h16.npz,checkpoints/beijing_24h_1h_station1013_seed2048_center_lstm_h16.pt,training_logs/beijing_24h_1h_station1013_seed2048_center_lstm_h16.csv,0.07233008742332458,0.26894253554119063,0.1326165646314621,20.041521072387695,9.882550239562988,16.020627975463867,False,
beijing_24h_1h_station1013_seed2048_center_lstm_h32,beijing,24,1,1013,2048,lstm,32,center_lstm_h32,completed,37,0.0990133211016655,3.3366261649998705,0.0065589159994488,test,1,9,4513,4513,4513,predictions/beijing_24h_1h_station1013_seed2048_center_lstm_h32.npz,checkpoints/beijing_24h_1h_station1013_seed2048_center_lstm_h32.pt,training_logs/beijing_24h_1h_station1013_seed2048_center_lstm_h32.csv,0.07443537563085556,0.2728284729108301,0.13108985126018524,20.331098556518555,9.768777847290039,15.712520599365234,False,
beijing_24h_1h_station1013_seed2048_center_lstm_h40,beijing,24,1,1013,2048,lstm,40,center_lstm_h40,completed,35,0.09832671284675598,3.320945251000012,0.006441370000175084,test,1,9,6921,6921,6921,predictions/beijing_24h_1h_station1013_seed2048_center_lstm_h40.npz,checkpoints/beijing_24h_1h_station1013_seed2048_center_lstm_h40.pt,training_logs/beijing_24h_1h_station1013_seed2048_center_lstm_h40.csv,0.07588878273963928,0.275479187489072,0.13212721049785614,20.528629302978516,9.84608268737793,16.079317092895508,False,
beijing_24h_1h_station1013_seed2048_center_lstm_h48,beijing,24,1,1013,2048,lstm,48,center_lstm_h48,completed,37,0.09688270092010498,3.345397385999604,0.006568316999619128,test,1,9,9841,9841,9841,predictions/beijing_24h_1h_station1013_seed2048_center_lstm_h48.npz,checkpoints/beijing_24h_1h_station1013_seed2048_center_lstm_h48.pt,training_logs/beijing_24h_1h_station1013_seed2048_center_lstm_h48.csv,0.07687819749116898,0.2772691787616665,0.13217663764953613,20.66202163696289,9.849764823913574,16.11741065979004,False,
beijing_24h_1h_station1013_seed2048_center_lstm_h64,beijing,24,1,1013,2048,lstm,64,center_lstm_h64,completed,35,0.0981338769197464,3.517662432999714,0.0064632489993528,test,1,9,17217,17217,17217,predictions/beijing_24h_1h_station1013_seed2048_center_lstm_h64.npz,checkpoints/beijing_24h_1h_station1013_seed2048_center_lstm_h64.pt,training_logs/beijing_24h_1h_station1013_seed2048_center_lstm_h64.csv,0.0779077485203743,0.27911959537154374,0.13313791155815125,20.79991340637207,9.921399116516113,16.39136505126953,False,
beijing_24h_1h_station1013_seed2049_center_gru_h8,beijing,24,1,1013,2049,gru,8,center_gru_h8,completed,40,0.1235373318195343,3.958082627999829,0.007206763999420218,test,1,9,273,273,273,predictions/beijing_24h_1h_station1013_seed2049_center_gru_h8.npz,checkpoints/beijing_24h_1h_station1013_seed2049_center_gru_h8.pt,training_logs/beijing_24h_1h_station1013_seed2049_center_gru_h8.csv,0.07368718087673187,0.2714538282594885,0.13444261252880096,20.228662490844727,10.018624305725098,16.34150505065918,False,
beijing_24h_1h_station1013_seed2049_center_gru_h16,beijing,24,1,1013,2049,gru,16,center_gru_h16,completed,40,0.10457839071750641,3.9974243469987414,0.00865365999925416,test,1,9,929,929,929,predictions/beijing_24h_1h_station1013_seed2049_center_gru_h16.npz,checkpoints/beijing_24h_1h_station1013_seed2049_center_gru_h16.pt,training_logs/beijing_24h_1h_station1013_seed2049_center_gru_h16.csv,0.07423222810029984,0.2724559195545214,0.1325874924659729,20.303335189819336,9.88038158416748,16.079423904418945,False,
beijing_24h_1h_station1013_seed2049_center_gru_h32,beijing,24,1,1013,2049,gru,32,center_gru_h32,completed,40,0.09780723601579666,4.17453315900093,0.0076672420000249986,test,1,9,3393,3393,3393,predictions/beijing_24h_1h_station1013_seed2049_center_gru_h32.npz,checkpoints/beijing_24h_1h_station1013_seed2049_center_gru_h32.pt,training_logs/beijing_24h_1h_station1013_seed2049_center_gru_h32.csv,0.07752739638090134,0.278437419146388,0.13457167148590088,20.74907684326172,10.028242111206055,17.135683059692383,False,
beijing_24h_1h_station1013_seed2049_center_gru_h40,beijing,24,1,1013,2049,gru,40,center_gru_h40,completed,34,0.09873794764280319,4.22013601099934,0.007821917999535799,test,1,9,5201,5201,5201,predictions/beijing_24h_1h_station1013_seed2049_center_gru_h40.npz,checkpoints/beijing_24h_1h_station1013_seed2049_center_gru_h40.pt,training_logs/beijing_24h_1h_station1013_seed2049_center_gru_h40.csv,0.07779037207365036,0.27890925419148493,0.13122840225696564,20.784236907958984,9.779102325439453,15.994407653808594,False,
beijing_24h_1h_station1013_seed2049_center_gru_h48,beijing,24,1,1013,2049,gru,48,center_gru_h48,completed,39,0.09849567711353302,4.255301216000589,0.007909826999821234,test,1,9,7393,7393,7393,predictions/beijing_24h_1h_station1013_seed2049_center_gru_h48.npz,checkpoints/beijing_24h_1h_station1013_seed2049_center_gru_h48.pt,training_logs/beijing_24h_1h_station1013_seed2049_center_gru_h48.csv,0.07968897372484207,0.2822923550591515,0.13205036520957947,21.036346435546875,9.84035587310791,16.18172836303711,False,
beijing_24h_1h_station1013_seed2049_center_gru_h64,beijing,24,1,1013,2049,gru,64,center_gru_h64,completed,33,0.09897923469543457,4.6704497120008455,0.007985761998497765,test,1,9,12929,12929,12929,predictions/beijing_24h_1h_station1013_seed2049_center_gru_h64.npz,checkpoints/beijing_24h_1h_station1013_seed2049_center_gru_h64.pt,training_logs/beijing_24h_1h_station1013_seed2049_center_gru_h64.csv,0.08078222721815109,0.28422214413755853,0.1362832933664322,21.180152893066406,10.155792236328125,17.737791061401367,False,
beijing_24h_1h_station1013_seed2049_center_lstm_h8,beijing,24,1,1013,2049,lstm,8,center_lstm_h8,completed,40,0.13429027795791626,3.18247788699955,0.006515240000226186,test,1,9,361,361,361,predictions/beijing_24h_1h_station1013_seed2049_center_lstm_h8.npz,checkpoints/beijing_24h_1h_station1013_seed2049_center_lstm_h8.pt,training_logs/beijing_24h_1h_station1013_seed2049_center_lstm_h8.csv,0.0765518844127655,0.2766801120658395,0.13853588700294495,20.618122100830078,10.323654174804688,16.985912322998047,False,
beijing_24h_1h_station1013_seed2049_center_lstm_h16,beijing,24,1,1013,2049,lstm,16,center_lstm_h16,completed,40,0.1030094251036644,3.2540634460001456,0.006556394999279291,test,1,9,1233,1233,1233,predictions/beijing_24h_1h_station1013_seed2049_center_lstm_h16.npz,checkpoints/beijing_24h_1h_station1013_seed2049_center_lstm_h16.pt,training_logs/beijing_24h_1h_station1013_seed2049_center_lstm_h16.csv,0.07257508486509323,0.26939763336951056,0.1320924609899521,20.075435638427734,9.843493461608887,15.951800346374512,False,
beijing_24h_1h_station1013_seed2049_center_lstm_h32,beijing,24,1,1013,2049,lstm,32,center_lstm_h32,completed,39,0.0976170003414154,3.267191136999827,0.006571771000380977,test,1,9,4513,4513,4513,predictions/beijing_24h_1h_station1013_seed2049_center_lstm_h32.npz,checkpoints/beijing_24h_1h_station1013_seed2049_center_lstm_h32.pt,training_logs/beijing_24h_1h_station1013_seed2049_center_lstm_h32.csv,0.07480017095804214,0.27349619916562307,0.13243988156318665,20.380857467651367,9.86938190460205,16.274742126464844,False,
beijing_24h_1h_station1013_seed2049_center_lstm_h40,beijing,24,1,1013,2049,lstm,40,center_lstm_h40,completed,40,0.09871064126491547,3.273513747000834,0.006380111999533256,test,1,9,6921,6921,6921,predictions/beijing_24h_1h_station1013_seed2049_center_lstm_h40.npz,checkpoints/beijing_24h_1h_station1013_seed2049_center_lstm_h40.pt,training_logs/beijing_24h_1h_station1013_seed2049_center_lstm_h40.csv,0.07624869048595428,0.2761316542628793,0.13681700825691223,20.577251434326172,10.195564270019531,17.518674850463867,False,
beijing_24h_1h_station1013_seed2049_center_lstm_h48,beijing,24,1,1013,2049,lstm,48,center_lstm_h48,completed,39,0.09660918265581131,3.3520249880002666,0.006483078999735881,test,1,9,9841,9841,9841,predictions/beijing_24h_1h_station1013_seed2049_center_lstm_h48.npz,checkpoints/beijing_24h_1h_station1013_seed2049_center_lstm_h48.pt,training_logs/beijing_24h_1h_station1013_seed2049_center_lstm_h48.csv,0.07697231322526932,0.27743884591972573,0.13257530331611633,20.674663543701172,9.879473686218262,16.29241180419922,False,
beijing_24h_1h_station1013_seed2049_center_lstm_h64,beijing,24,1,1013,2049,lstm,64,center_lstm_h64,completed,33,0.09781210869550705,3.5053510019988607,0.0066909689994645305,test,1,9,17217,17217,17217,predictions/beijing_24h_1h_station1013_seed2049_center_lstm_h64.npz,checkpoints/beijing_24h_1h_station1013_seed2049_center_lstm_h64.pt,training_logs/beijing_24h_1h_station1013_seed2049_center_lstm_h64.csv,0.07735870033502579,0.27813432067083305,0.13444006443023682,20.726490020751953,10.01843547821045,16.82362937927246,False,
beijing_24h_1h_station1013_seed2050_center_gru_h8,beijing,24,1,1013,2050,gru,8,center_gru_h8,completed,40,0.13659538328647614,3.9217088769983093,0.007205649000752601,test,1,9,273,273,273,predictions/beijing_24h_1h_station1013_seed2050_center_gru_h8.npz,checkpoints/beijing_24h_1h_station1013_seed2050_center_gru_h8.pt,training_logs/beijing_24h_1h_station1013_seed2050_center_gru_h8.csv,0.07772126793861389,0.2787853438375373,0.13762794435024261,20.775005340576172,10.25599479675293,16.90897560119629,False,
beijing_24h_1h_station1013_seed2050_center_gru_h16,beijing,24,1,1013,2050,gru,16,center_gru_h16,completed,40,0.1029166728258133,4.059238093001113,0.0072475670003768755,test,1,9,929,929,929,predictions/beijing_24h_1h_station1013_seed2050_center_gru_h16.npz,checkpoints/beijing_24h_1h_station1013_seed2050_center_gru_h16.pt,training_logs/beijing_24h_1h_station1013_seed2050_center_gru_h16.csv,0.07539699226617813,0.27458512754003656,0.13284218311309814,20.462005615234375,9.899361610412598,15.951241493225098,False,
beijing_24h_1h_station1013_seed2050_center_gru_h32,beijing,24,1,1013,2050,gru,32,center_gru_h32,completed,37,0.09860862791538239,4.202250356998775,0.0076544319999811705,test,1,9,3393,3393,3393,predictions/beijing_24h_1h_station1013_seed2050_center_gru_h32.npz,checkpoints/beijing_24h_1h_station1013_seed2050_center_gru_h32.pt,training_logs/beijing_24h_1h_station1013_seed2050_center_gru_h32.csv,0.07855017483234406,0.2802680410470378,0.13340239226818085,20.885496139526367,9.941106796264648,16.84217071533203,False,
beijing_24h_1h_station1013_seed2050_center_gru_h40,beijing,24,1,1013,2050,gru,40,center_gru_h40,completed,37,0.09862884134054184,4.202559208999446,0.0077720629997202195,test,1,9,5201,5201,5201,predictions/beijing_24h_1h_station1013_seed2050_center_gru_h40.npz,checkpoints/beijing_24h_1h_station1013_seed2050_center_gru_h40.pt,training_logs/beijing_24h_1h_station1013_seed2050_center_gru_h40.csv,0.07802239805459976,0.2793248969472642,0.13233785331249237,20.81521224975586,9.86177921295166,16.22850799560547,False,
beijing_24h_1h_station1013_seed2050_center_gru_h48,beijing,24,1,1013,2050,gru,48,center_gru_h48,completed,37,0.09845022112131119,4.248248984000384,0.007885532999353018,test,1,9,7393,7393,7393,predictions/beijing_24h_1h_station1013_seed2050_center_gru_h48.npz,checkpoints/beijing_24h_1h_station1013_seed2050_center_gru_h48.pt,training_logs/beijing_24h_1h_station1013_seed2050_center_gru_h48.csv,0.07924249768257141,0.28150043993317564,0.13286010921001434,20.977333068847656,9.9006986618042,16.47699546813965,False,
beijing_24h_1h_station1013_seed2050_center_gru_h64,beijing,24,1,1013,2050,gru,64,center_gru_h64,completed,28,0.0983395054936409,4.20134068599873,0.008447768001133227,test,1,9,12929,12929,12929,predictions/beijing_24h_1h_station1013_seed2050_center_gru_h64.npz,checkpoints/beijing_24h_1h_station1013_seed2050_center_gru_h64.pt,training_logs/beijing_24h_1h_station1013_seed2050_center_gru_h64.csv,0.08085101842880249,0.2843431350126155,0.13118381798267365,21.189167022705078,9.77578067779541,15.894506454467773,False,
beijing_24h_1h_station1013_seed2050_center_lstm_h8,beijing,24,1,1013,2050,lstm,8,center_lstm_h8,completed,40,0.13726253807544708,3.2063633039997512,0.006532325000080164,test,1,9,361,361,361,predictions/beijing_24h_1h_station1013_seed2050_center_lstm_h8.npz,checkpoints/beijing_24h_1h_station1013_seed2050_center_lstm_h8.pt,training_logs/beijing_24h_1h_station1013_seed2050_center_lstm_h8.csv,0.0752166137099266,0.27425647432636224,0.13579648733139038,20.437515258789062,10.119516372680664,16.05414581298828,False,
beijing_24h_1h_station1013_seed2050_center_lstm_h16,beijing,24,1,1013,2050,lstm,16,center_lstm_h16,completed,40,0.10822094231843948,3.2506644089990004,0.0066937480005435646,test,1,9,1233,1233,1233,predictions/beijing_24h_1h_station1013_seed2050_center_lstm_h16.npz,checkpoints/beijing_24h_1h_station1013_seed2050_center_lstm_h16.pt,training_logs/beijing_24h_1h_station1013_seed2050_center_lstm_h16.csv,0.07397991418838501,0.2719924892131858,0.13263960182666779,20.268802642822266,9.884264945983887,15.655745506286621,False,
beijing_24h_1h_station1013_seed2050_center_lstm_h32,beijing,24,1,1013,2050,lstm,32,center_lstm_h32,completed,39,0.09804267436265945,3.295055661999868,0.006534791000376572,test,1,9,4513,4513,4513,predictions/beijing_24h_1h_station1013_seed2050_center_lstm_h32.npz,checkpoints/beijing_24h_1h_station1013_seed2050_center_lstm_h32.pt,training_logs/beijing_24h_1h_station1013_seed2050_center_lstm_h32.csv,0.07338741421699524,0.27090111520072274,0.1307096779346466,20.187475204467773,9.740447998046875,15.76035213470459,False,
beijing_24h_1h_station1013_seed2050_center_lstm_h40,beijing,24,1,1013,2050,lstm,40,center_lstm_h40,completed,39,0.0988352820277214,3.3066114470002503,0.00651916900096694,test,1,9,6921,6921,6921,predictions/beijing_24h_1h_station1013_seed2050_center_lstm_h40.npz,checkpoints/beijing_24h_1h_station1013_seed2050_center_lstm_h40.pt,training_logs/beijing_24h_1h_station1013_seed2050_center_lstm_h40.csv,0.07686950266361237,0.2772534989204146,0.13229897618293762,20.660852432250977,9.858881950378418,16.00096321105957,False,
beijing_24h_1h_station1013_seed2050_center_lstm_h48,beijing,24,1,1013,2050,lstm,48,center_lstm_h48,completed,32,0.09870510548353195,3.3224018059991067,0.006544604999362491,test,1,9,9841,9841,9841,predictions/beijing_24h_1h_station1013_seed2050_center_lstm_h48.npz,checkpoints/beijing_24h_1h_station1013_seed2050_center_lstm_h48.pt,training_logs/beijing_24h_1h_station1013_seed2050_center_lstm_h48.csv,0.07686548680067062,0.2772462566035304,0.13396699726581573,20.66031265258789,9.983181953430176,16.245954513549805,False,
beijing_24h_1h_station1013_seed2050_center_lstm_h64,beijing,24,1,1013,2050,lstm,64,center_lstm_h64,completed,28,0.09706098586320877,3.1534542239987786,0.006585019000340253,test,1,9,17217,17217,17217,predictions/beijing_24h_1h_station1013_seed2050_center_lstm_h64.npz,checkpoints/beijing_24h_1h_station1013_seed2050_center_lstm_h64.pt,training_logs/beijing_24h_1h_station1013_seed2050_center_lstm_h64.csv,0.07752823084592819,0.27843891762095363,0.13293109834194183,20.749189376831055,9.905987739562988,16.44644546508789,False,
beijing_24h_1h_station1013_seed2051_center_gru_h8,beijing,24,1,1013,2051,gru,8,center_gru_h8,completed,40,0.12911295890808105,3.9156610560003173,0.007171389999712119,test,1,9,273,273,273,predictions/beijing_24h_1h_station1013_seed2051_center_gru_h8.npz,checkpoints/beijing_24h_1h_station1013_seed2051_center_gru_h8.pt,training_logs/beijing_24h_1h_station1013_seed2051_center_gru_h8.csv,0.07771428674459457,0.2787728228228042,0.14042744040489197,20.774072647094727,10.464613914489746,16.85258674621582,False,
beijing_24h_1h_station1013_seed2051_center_gru_h16,beijing,24,1,1013,2051,gru,16,center_gru_h16,completed,39,0.10260114073753357,4.036357017999762,0.0071080139987316215,test,1,9,929,929,929,predictions/beijing_24h_1h_station1013_seed2051_center_gru_h16.npz,checkpoints/beijing_24h_1h_station1013_seed2051_center_gru_h16.pt,training_logs/beijing_24h_1h_station1013_seed2051_center_gru_h16.csv,0.07520224153995514,0.2742302710131672,0.13088515400886536,20.435562133789062,9.753523826599121,15.533894538879395,False,
beijing_24h_1h_station1013_seed2051_center_gru_h32,beijing,24,1,1013,2051,gru,32,center_gru_h32,completed,37,0.09899772703647614,4.212420129000748,0.00775187600083882,test,1,9,3393,3393,3393,predictions/beijing_24h_1h_station1013_seed2051_center_gru_h32.npz,checkpoints/beijing_24h_1h_station1013_seed2051_center_gru_h32.pt,training_logs/beijing_24h_1h_station1013_seed2051_center_gru_h32.csv,0.07682658731937408,0.2771760944226145,0.13168373703956604,20.65508270263672,9.813034057617188,16.216981887817383,False,
beijing_24h_1h_station1013_seed2051_center_gru_h40,beijing,24,1,1013,2051,gru,40,center_gru_h40,completed,37,0.09729903191328049,4.231806759999017,0.007791763000568608,test,1,9,5201,5201,5201,predictions/beijing_24h_1h_station1013_seed2051_center_gru_h40.npz,checkpoints/beijing_24h_1h_station1013_seed2051_center_gru_h40.pt,training_logs/beijing_24h_1h_station1013_seed2051_center_gru_h40.csv,0.07810068875551224,0.2794650045274224,0.1325344443321228,20.825653076171875,9.87642765045166,16.460651397705078,False,
beijing_24h_1h_station1013_seed2051_center_gru_h48,beijing,24,1,1013,2051,gru,48,center_gru_h48,completed,37,0.0986943170428276,4.256028007001078,0.007924792000267189,test,1,9,7393,7393,7393,predictions/beijing_24h_1h_station1013_seed2051_center_gru_h48.npz,checkpoints/beijing_24h_1h_station1013_seed2051_center_gru_h48.pt,training_logs/beijing_24h_1h_station1013_seed2051_center_gru_h48.csv,0.07944250851869583,0.2818554745231957,0.13294410705566406,21.0037899017334,9.906957626342773,16.2738094329834,False,
beijing_24h_1h_station1013_seed2051_center_gru_h64,beijing,24,1,1013,2051,gru,64,center_gru_h64,completed,37,0.09907133132219315,4.748263404999307,0.008303634998810594,test,1,9,12929,12929,12929,predictions/beijing_24h_1h_station1013_seed2051_center_gru_h64.npz,checkpoints/beijing_24h_1h_station1013_seed2051_center_gru_h64.pt,training_logs/beijing_24h_1h_station1013_seed2051_center_gru_h64.csv,0.08167409151792526,0.2857867938130194,0.13301998376846313,21.296749114990234,9.91261100769043,16.1881160736084,False,
beijing_24h_1h_station1013_seed2051_center_lstm_h8,beijing,24,1,1013,2051,lstm,8,center_lstm_h8,completed,40,0.1424892693758011,3.243291627999497,0.006498627000837587,test,1,9,361,361,361,predictions/beijing_24h_1h_station1013_seed2051_center_lstm_h8.npz,checkpoints/beijing_24h_1h_station1013_seed2051_center_lstm_h8.pt,training_logs/beijing_24h_1h_station1013_seed2051_center_lstm_h8.csv,0.07959366589784622,0.282123494055079,0.1414482295513153,21.02376365661621,10.540681838989258,16.532482147216797,False,
beijing_24h_1h_station1013_seed2051_center_lstm_h16,beijing,24,1,1013,2051,lstm,16,center_lstm_h16,completed,40,0.10757921636104584,3.287632126999597,0.006565838000824442,test,1,9,1233,1233,1233,predictions/beijing_24h_1h_station1013_seed2051_center_lstm_h16.npz,checkpoints/beijing_24h_1h_station1013_seed2051_center_lstm_h16.pt,training_logs/beijing_24h_1h_station1013_seed2051_center_lstm_h16.csv,0.07351905107498169,0.2711439674323987,0.1355065256357193,20.205570220947266,10.097908020019531,16.723207473754883,False,
beijing_24h_1h_station1013_seed2051_center_lstm_h32,beijing,24,1,1013,2051,lstm,32,center_lstm_h32,completed,39,0.09798051416873932,3.359452902999692,0.006559035000464064,test,1,9,4513,4513,4513,predictions/beijing_24h_1h_station1013_seed2051_center_lstm_h32.npz,checkpoints/beijing_24h_1h_station1013_seed2051_center_lstm_h32.pt,training_logs/beijing_24h_1h_station1013_seed2051_center_lstm_h32.csv,0.07396651059389114,0.2719678484561937,0.1306064873933792,20.2669677734375,9.732758522033691,15.576640129089355,False,
beijing_24h_1h_station1013_seed2051_center_lstm_h40,beijing,24,1,1013,2051,lstm,40,center_lstm_h40,completed,39,0.09821610897779465,3.429080406000139,0.006606607999856351,test,1,9,6921,6921,6921,predictions/beijing_24h_1h_station1013_seed2051_center_lstm_h40.npz,checkpoints/beijing_24h_1h_station1013_seed2051_center_lstm_h40.pt,training_logs/beijing_24h_1h_station1013_seed2051_center_lstm_h40.csv,0.07655945420265198,0.27669379140604505,0.1312999129295349,20.619144439697266,9.784432411193848,15.568868637084961,False,
beijing_24h_1h_station1013_seed2051_center_lstm_h48,beijing,24,1,1013,2051,lstm,48,center_lstm_h48,completed,39,0.09756361693143845,3.383277913000711,0.006538411000292399,test,1,9,9841,9841,9841,predictions/beijing_24h_1h_station1013_seed2051_center_lstm_h48.npz,checkpoints/beijing_24h_1h_station1013_seed2051_center_lstm_h48.pt,training_logs/beijing_24h_1h_station1013_seed2051_center_lstm_h48.csv,0.07711836695671082,0.27770193905824786,0.1310315877199173,20.69426918029785,9.764435768127441,15.555277824401855,False,
beijing_24h_1h_station1013_seed2051_center_lstm_h64,beijing,24,1,1013,2051,lstm,64,center_lstm_h64,completed,37,0.09789443016052246,3.6033831810000265,0.006512067000585375,test,1,9,17217,17217,17217,predictions/beijing_24h_1h_station1013_seed2051_center_lstm_h64.npz,checkpoints/beijing_24h_1h_station1013_seed2051_center_lstm_h64.pt,training_logs/beijing_24h_1h_station1013_seed2051_center_lstm_h64.csv,0.07803995907306671,0.2793563299319826,0.13454118371009827,20.817554473876953,10.025969505310059,16.89829444885254,False,
beijing_24h_3h_station1013_seed2047_center_gru_h8,beijing,24,3,1013,2047,gru,8,center_gru_h8,completed,40,0.3033697307109833,3.9764943619993574,0.0070415509999293135,test,1,9,291,291,291,predictions/beijing_24h_3h_station1013_seed2047_center_gru_h8.npz,checkpoints/beijing_24h_3h_station1013_seed2047_center_gru_h8.pt,training_logs/beijing_24h_3h_station1013_seed2047_center_gru_h8.csv,0.16889949142932892,0.4109738330226499,0.22510722279548645,30.625654220581055,16.774927139282227,25.116121292114258,False,
beijing_24h_3h_station1013_seed2047_center_gru_h16,beijing,24,3,1013,2047,gru,16,center_gru_h16,completed,40,0.2638692259788513,4.058383834000779,0.007194738998805406,test,1,9,963,963,963,predictions/beijing_24h_3h_station1013_seed2047_center_gru_h16.npz,checkpoints/beijing_24h_3h_station1013_seed2047_center_gru_h16.pt,training_logs/beijing_24h_3h_station1013_seed2047_center_gru_h16.csv,0.1635320633649826,0.4043909783427205,0.21506862342357635,30.135101318359375,16.026851654052734,24.21745491027832,False,
beijing_24h_3h_station1013_seed2047_center_gru_h32,beijing,24,3,1013,2047,gru,32,center_gru_h32,completed,36,0.25611281394958496,4.526366226000391,0.008279057999970973,test,1,9,3459,3459,3459,predictions/beijing_24h_3h_station1013_seed2047_center_gru_h32.npz,checkpoints/beijing_24h_3h_station1013_seed2047_center_gru_h32.pt,training_logs/beijing_24h_3h_station1013_seed2047_center_gru_h32.csv,0.1684502363204956,0.4104268952206904,0.21535354852676392,30.58489418029785,16.048086166381836,24.66031265258789,False,
beijing_24h_3h_station1013_seed2047_center_gru_h40,beijing,24,3,1013,2047,gru,40,center_gru_h40,completed,36,0.25767427682876587,4.606917350000003,0.007985856000232161,test,1,9,5283,5283,5283,predictions/beijing_24h_3h_station1013_seed2047_center_gru_h40.npz,checkpoints/beijing_24h_3h_station1013_seed2047_center_gru_h40.pt,training_logs/beijing_24h_3h_station1013_seed2047_center_gru_h40.csv,0.17205974459648132,0.414800849319865,0.21616148948669434,30.91084098815918,16.10828971862793,24.58905601501465,False,
beijing_24h_3h_station1013_seed2047_center_gru_h48,beijing,24,3,1013,2047,gru,48,center_gru_h48,completed,36,0.2577834725379944,4.5261177890006365,0.008238270000219927,test,1,9,7491,7491,7491,predictions/beijing_24h_3h_station1013_seed2047_center_gru_h48.npz,checkpoints/beijing_24h_3h_station1013_seed2047_center_gru_h48.pt,training_logs/beijing_24h_3h_station1013_seed2047_center_gru_h48.csv,0.17194011807441711,0.4146566267098804,0.21686933934688568,30.90009307861328,16.161041259765625,24.80630111694336,False,
beijing_24h_3h_station1013_seed2047_center_gru_h64,beijing,24,3,1013,2047,gru,64,center_gru_h64,completed,29,0.25710195302963257,4.564522396000029,0.00801478399989719,test,1,9,13059,13059,13059,predictions/beijing_24h_3h_station1013_seed2047_center_gru_h64.npz,checkpoints/beijing_24h_3h_station1013_seed2047_center_gru_h64.pt,training_logs/beijing_24h_3h_station1013_seed2047_center_gru_h64.csv,0.17385567724704742,0.4169600427463613,0.21852560341358185,31.07174301147461,16.284467697143555,25.249608993530273,False,
beijing_24h_3h_station1013_seed2047_center_lstm_h8,beijing,24,3,1013,2047,lstm,8,center_lstm_h8,completed,40,0.31946688890457153,3.412924059000943,0.006585114999325015,test,1,9,379,379,379,predictions/beijing_24h_3h_station1013_seed2047_center_lstm_h8.npz,checkpoints/beijing_24h_3h_station1013_seed2047_center_lstm_h8.pt,training_logs/beijing_24h_3h_station1013_seed2047_center_lstm_h8.csv,0.16832533478736877,0.4102747064923315,0.2261330485343933,30.57355499267578,16.851369857788086,25.20981788635254,False,
beijing_24h_3h_station1013_seed2047_center_lstm_h16,beijing,24,3,1013,2047,lstm,16,center_lstm_h16,completed,40,0.2708815336227417,3.4490581560003193,0.00669499600007839,test,1,9,1267,1267,1267,predictions/beijing_24h_3h_station1013_seed2047_center_lstm_h16.npz,checkpoints/beijing_24h_3h_station1013_seed2047_center_lstm_h16.pt,training_logs/beijing_24h_3h_station1013_seed2047_center_lstm_h16.csv,0.1641230583190918,0.40512104156547063,0.21795208752155304,30.18950653076172,16.241727828979492,24.493955612182617,False,
beijing_24h_3h_station1013_seed2047_center_lstm_h32,beijing,24,3,1013,2047,lstm,32,center_lstm_h32,completed,36,0.26059237122535706,3.503253856999436,0.0066926819999935105,test,1,9,4579,4579,4579,predictions/beijing_24h_3h_station1013_seed2047_center_lstm_h32.npz,checkpoints/beijing_24h_3h_station1013_seed2047_center_lstm_h32.pt,training_logs/beijing_24h_3h_station1013_seed2047_center_lstm_h32.csv,0.1660776287317276,0.4075262307284374,0.2177080512046814,30.368738174438477,16.223543167114258,24.874792098999023,False,
beijing_24h_3h_station1013_seed2047_center_lstm_h40,beijing,24,3,1013,2047,lstm,40,center_lstm_h40,completed,36,0.25631219148635864,3.4243338079995738,0.5306930570004624,test,1,9,7003,7003,7003,predictions/beijing_24h_3h_station1013_seed2047_center_lstm_h40.npz,checkpoints/beijing_24h_3h_station1013_seed2047_center_lstm_h40.pt,training_logs/beijing_24h_3h_station1013_seed2047_center_lstm_h40.csv,0.16842390596866608,0.410394817180561,0.21867015957832336,30.582504272460938,16.29523468017578,25.344472885131836,False,
beijing_24h_3h_station1013_seed2047_center_lstm_h48,beijing,24,3,1013,2047,lstm,48,center_lstm_h48,completed,36,0.25757235288619995,3.520097157001146,0.007044763000521925,test,1,9,9939,9939,9939,predictions/beijing_24h_3h_station1013_seed2047_center_lstm_h48.npz,checkpoints/beijing_24h_3h_station1013_seed2047_center_lstm_h48.pt,training_logs/beijing_24h_3h_station1013_seed2047_center_lstm_h48.csv,0.16966187953948975,0.41190032719031644,0.21974943578243256,30.69469451904297,16.37566566467285,25.266071319580078,False,
beijing_24h_3h_station1013_seed2047_center_lstm_h64,beijing,24,3,1013,2047,lstm,64,center_lstm_h64,completed,36,0.2535889744758606,3.6697869719992013,0.007950069000798976,test,1,9,17347,17347,17347,predictions/beijing_24h_3h_station1013_seed2047_center_lstm_h64.npz,checkpoints/beijing_24h_3h_station1013_seed2047_center_lstm_h64.pt,training_logs/beijing_24h_3h_station1013_seed2047_center_lstm_h64.csv,0.17668339610099792,0.4203372409161457,0.2233104407787323,31.323410034179688,16.641029357910156,25.528615951538086,False,
beijing_24h_3h_station1013_seed2048_center_gru_h8,beijing,24,3,1013,2048,gru,8,center_gru_h8,completed,40,0.30899012088775635,4.094059140001264,0.007476943001165637,test,1,9,291,291,291,predictions/beijing_24h_3h_station1013_seed2048_center_gru_h8.npz,checkpoints/beijing_24h_3h_station1013_seed2048_center_gru_h8.pt,training_logs/beijing_24h_3h_station1013_seed2048_center_gru_h8.csv,0.16856007277965546,0.4105606809957031,0.2248886674642563,30.594865798950195,16.75864028930664,25.22769546508789,False,
beijing_24h_3h_station1013_seed2048_center_gru_h16,beijing,24,3,1013,2048,gru,16,center_gru_h16,completed,40,0.265844464302063,4.091392516998894,0.007190685999376001,test,1,9,963,963,963,predictions/beijing_24h_3h_station1013_seed2048_center_gru_h16.npz,checkpoints/beijing_24h_3h_station1013_seed2048_center_gru_h16.pt,training_logs/beijing_24h_3h_station1013_seed2048_center_gru_h16.csv,0.1630226969718933,0.40376069270285997,0.21629519760608673,30.088130950927734,16.118255615234375,24.53688621520996,False,
beijing_24h_3h_station1013_seed2048_center_gru_h32,beijing,24,3,1013,2048,gru,32,center_gru_h32,completed,40,0.25782302021980286,4.421409787000812,0.00862400700134458,test,1,9,3459,3459,3459,predictions/beijing_24h_3h_station1013_seed2048_center_gru_h32.npz,checkpoints/beijing_24h_3h_station1013_seed2048_center_gru_h32.pt,training_logs/beijing_24h_3h_station1013_seed2048_center_gru_h32.csv,0.1677342802286148,0.40955375743437494,0.21553020179271698,30.51982879638672,16.061248779296875,24.322797775268555,False,
beijing_24h_3h_station1013_seed2048_center_gru_h40,beijing,24,3,1013,2048,gru,40,center_gru_h40,completed,34,0.25715065002441406,4.471674054999312,0.007667574998777127,test,1,9,5283,5283,5283,predictions/beijing_24h_3h_station1013_seed2048_center_gru_h40.npz,checkpoints/beijing_24h_3h_station1013_seed2048_center_gru_h40.pt,training_logs/beijing_24h_3h_station1013_seed2048_center_gru_h40.csv,0.16823945939540863,0.4101700371741074,0.2157541662454605,30.56575584411621,16.077938079833984,24.572980880737305,False,
beijing_24h_3h_station1013_seed2048_center_gru_h48,beijing,24,3,1013,2048,gru,48,center_gru_h48,completed,38,0.25773805379867554,4.411316642001111,0.00794124900130555,test,1,9,7491,7491,7491,predictions/beijing_24h_3h_station1013_seed2048_center_gru_h48.npz,checkpoints/beijing_24h_3h_station1013_seed2048_center_gru_h48.pt,training_logs/beijing_24h_3h_station1013_seed2048_center_gru_h48.csv,0.17207732796669006,0.4148220437328398,0.21631348133087158,30.91242027282715,16.119619369506836,24.67145538330078,False,
beijing_24h_3h_station1013_seed2048_center_gru_h64,beijing,24,3,1013,2048,gru,64,center_gru_h64,completed,34,0.2570405602455139,4.77459152800111,0.008039990998440771,test,1,9,13059,13059,13059,predictions/beijing_24h_3h_station1013_seed2048_center_gru_h64.npz,checkpoints/beijing_24h_3h_station1013_seed2048_center_gru_h64.pt,training_logs/beijing_24h_3h_station1013_seed2048_center_gru_h64.csv,0.1732359379529953,0.41621621538930376,0.21682488918304443,31.016315460205078,16.15772819519043,24.634119033813477,False,
beijing_24h_3h_station1013_seed2048_center_lstm_h8,beijing,24,3,1013,2048,lstm,8,center_lstm_h8,completed,40,0.29739755392074585,3.3097800470004586,0.0066389049989084015,test,1,9,379,379,379,predictions/beijing_24h_3h_station1013_seed2048_center_lstm_h8.npz,checkpoints/beijing_24h_3h_station1013_seed2048_center_lstm_h8.pt,training_logs/beijing_24h_3h_station1013_seed2048_center_lstm_h8.csv,0.16185800731182098,0.40231580544619544,0.21920377016067505,29.98046112060547,16.335002899169922,24.758737564086914,False,
beijing_24h_3h_station1013_seed2048_center_lstm_h16,beijing,24,3,1013,2048,lstm,16,center_lstm_h16,completed,40,0.27184149622917175,3.3273045259993523,0.0064903669990599155,test,1,9,1267,1267,1267,predictions/beijing_24h_3h_station1013_seed2048_center_lstm_h16.npz,checkpoints/beijing_24h_3h_station1013_seed2048_center_lstm_h16.pt,training_logs/beijing_24h_3h_station1013_seed2048_center_lstm_h16.csv,0.1627601534128189,0.4034354389649215,0.2154848426580429,30.06389617919922,16.0578670501709,23.967208862304688,False,
beijing_24h_3h_station1013_seed2048_center_lstm_h32,beijing,24,3,1013,2048,lstm,32,center_lstm_h32,completed,36,0.2590322196483612,3.39517293300014,0.006758289000572404,test,1,9,4579,4579,4579,predictions/beijing_24h_3h_station1013_seed2048_center_lstm_h32.npz,checkpoints/beijing_24h_3h_station1013_seed2048_center_lstm_h32.pt,training_logs/beijing_24h_3h_station1013_seed2048_center_lstm_h32.csv,0.16563118994235992,0.4069781197341694,0.21552689373493195,30.32789421081543,16.061002731323242,24.406007766723633,False,
beijing_24h_3h_station1013_seed2048_center_lstm_h40,beijing,24,3,1013,2048,lstm,40,center_lstm_h40,completed,32,0.24982061982154846,3.3917297669995605,0.006290545999945607,test,1,9,7003,7003,7003,predictions/beijing_24h_3h_station1013_seed2048_center_lstm_h40.npz,checkpoints/beijing_24h_3h_station1013_seed2048_center_lstm_h40.pt,training_logs/beijing_24h_3h_station1013_seed2048_center_lstm_h40.csv,0.16819453239440918,0.41011526720473257,0.21615733206272125,30.56167221069336,16.107982635498047,24.040132522583008,False,
beijing_24h_3h_station1013_seed2048_center_lstm_h48,beijing,24,3,1013,2048,lstm,48,center_lstm_h48,completed,34,0.2550179064273834,3.397814306001237,0.006740898999851197,test,1,9,9939,9939,9939,predictions/beijing_24h_3h_station1013_seed2048_center_lstm_h48.npz,checkpoints/beijing_24h_3h_station1013_seed2048_center_lstm_h48.pt,training_logs/beijing_24h_3h_station1013_seed2048_center_lstm_h48.csv,0.1701335608959198,0.41247249713880296,0.21788550913333893,30.737333297729492,16.236766815185547,24.586544036865234,False,
beijing_24h_3h_station1013_seed2048_center_lstm_h64,beijing,24,3,1013,2048,lstm,64,center_lstm_h64,completed,22,0.2536826729774475,2.68703617599931,0.006643798000368406,test,1,9,17347,17347,17347,predictions/beijing_24h_3h_station1013_seed2048_center_lstm_h64.npz,checkpoints/beijing_24h_3h_station1013_seed2048_center_lstm_h64.pt,training_logs/beijing_24h_3h_station1013_seed2048_center_lstm_h64.csv,0.16999401152133942,0.4123033004007358,0.22312766313552856,30.72472381591797,16.627410888671875,26.146883010864258,False,
beijing_24h_3h_station1013_seed2049_center_gru_h8,beijing,24,3,1013,2049,gru,8,center_gru_h8,completed,40,0.28728625178337097,3.9387221670003782,0.007137570000850246,test,1,9,291,291,291,predictions/beijing_24h_3h_station1013_seed2049_center_gru_h8.npz,checkpoints/beijing_24h_3h_station1013_seed2049_center_gru_h8.pt,training_logs/beijing_24h_3h_station1013_seed2049_center_gru_h8.csv,0.16497664153575897,0.4061731669322322,0.22069436311721802,30.26791000366211,16.44607925415039,24.9757022857666,False,
beijing_24h_3h_station1013_seed2049_center_gru_h16,beijing,24,3,1013,2049,gru,16,center_gru_h16,completed,39,0.2637033462524414,4.041132711998216,0.007062758999381913,test,1,9,963,963,963,predictions/beijing_24h_3h_station1013_seed2049_center_gru_h16.npz,checkpoints/beijing_24h_3h_station1013_seed2049_center_gru_h16.pt,training_logs/beijing_24h_3h_station1013_seed2049_center_gru_h16.csv,0.16501082479953766,0.4062152444204152,0.21674582362174988,30.27104377746582,16.15183448791504,24.80190658569336,False,
beijing_24h_3h_station1013_seed2049_center_gru_h32,beijing,24,3,1013,2049,gru,32,center_gru_h32,completed,40,0.25683078169822693,4.322556908999104,0.0075114850005775224,test,1,9,3459,3459,3459,predictions/beijing_24h_3h_station1013_seed2049_center_gru_h32.npz,checkpoints/beijing_24h_3h_station1013_seed2049_center_gru_h32.pt,training_logs/beijing_24h_3h_station1013_seed2049_center_gru_h32.csv,0.16802218556404114,0.4099050933619161,0.21762290596961975,30.546010971069336,16.21719741821289,25.349925994873047,False,
beijing_24h_3h_station1013_seed2049_center_gru_h40,beijing,24,3,1013,2049,gru,40,center_gru_h40,completed,40,0.256320595741272,4.341419169999426,0.007780468999044388,test,1,9,5283,5283,5283,predictions/beijing_24h_3h_station1013_seed2049_center_gru_h40.npz,checkpoints/beijing_24h_3h_station1013_seed2049_center_gru_h40.pt,training_logs/beijing_24h_3h_station1013_seed2049_center_gru_h40.csv,0.1694120615720749,0.41159696496946485,0.21693052351474762,30.672088623046875,16.165599822998047,24.735383987426758,False,
beijing_24h_3h_station1013_seed2049_center_gru_h48,beijing,24,3,1013,2049,gru,48,center_gru_h48,completed,28,0.2565630376338959,3.9185206319998542,0.007891440000094008,test,1,9,7491,7491,7491,predictions/beijing_24h_3h_station1013_seed2049_center_gru_h48.npz,checkpoints/beijing_24h_3h_station1013_seed2049_center_gru_h48.pt,training_logs/beijing_24h_3h_station1013_seed2049_center_gru_h48.csv,0.17052686214447021,0.41294898249598605,0.22041957080364227,30.772838592529297,16.42560386657715,25.740755081176758,False,
beijing_24h_3h_station1013_seed2049_center_gru_h64,beijing,24,3,1013,2049,gru,64,center_gru_h64,completed,26,0.2571846842765808,4.037144795998756,0.008105206999971415,test,1,9,13059,13059,13059,predictions/beijing_24h_3h_station1013_seed2049_center_gru_h64.npz,checkpoints/beijing_24h_3h_station1013_seed2049_center_gru_h64.pt,training_logs/beijing_24h_3h_station1013_seed2049_center_gru_h64.csv,0.17366483807563782,0.4167311340368485,0.21732540428638458,31.054683685302734,16.195024490356445,24.909889221191406,False,
beijing_24h_3h_station1013_seed2049_center_lstm_h8,beijing,24,3,1013,2049,lstm,8,center_lstm_h8,completed,40,0.2892913818359375,3.307259271001385,0.00665429199943901,test,1,9,379,379,379,predictions/beijing_24h_3h_station1013_seed2049_center_lstm_h8.npz,checkpoints/beijing_24h_3h_station1013_seed2049_center_lstm_h8.pt,training_logs/beijing_24h_3h_station1013_seed2049_center_lstm_h8.csv,0.16299644112586975,0.403728177275094,0.21862640976905823,30.085708618164062,16.29197883605957,24.52619171142578,False,
beijing_24h_3h_station1013_seed2049_center_lstm_h16,beijing,24,3,1013,2049,lstm,16,center_lstm_h16,completed,40,0.2658337950706482,3.3715090160003456,0.00648115100011637,test,1,9,1267,1267,1267,predictions/beijing_24h_3h_station1013_seed2049_center_lstm_h16.npz,checkpoints/beijing_24h_3h_station1013_seed2049_center_lstm_h16.pt,training_logs/beijing_24h_3h_station1013_seed2049_center_lstm_h16.csv,0.16266173124313354,0.40331344044444334,0.216367706656456,30.05480194091797,16.123659133911133,24.672271728515625,False,
beijing_24h_3h_station1013_seed2049_center_lstm_h32,beijing,24,3,1013,2049,lstm,32,center_lstm_h32,completed,39,0.257730096578598,3.3920809409992216,0.006617461000132607,test,1,9,4579,4579,4579,predictions/beijing_24h_3h_station1013_seed2049_center_lstm_h32.npz,checkpoints/beijing_24h_3h_station1013_seed2049_center_lstm_h32.pt,training_logs/beijing_24h_3h_station1013_seed2049_center_lstm_h32.csv,0.16770730912685394,0.4095208286850059,0.21270373463630676,30.517375946044922,15.850622177124023,23.402170181274414,False,
beijing_24h_3h_station1013_seed2049_center_lstm_h40,beijing,24,3,1013,2049,lstm,40,center_lstm_h40,completed,38,0.25612562894821167,3.5720213009990402,0.006580826000572415,test,1,9,7003,7003,7003,predictions/beijing_24h_3h_station1013_seed2049_center_lstm_h40.npz,checkpoints/beijing_24h_3h_station1013_seed2049_center_lstm_h40.pt,training_logs/beijing_24h_3h_station1013_seed2049_center_lstm_h40.csv,0.17120513319969177,0.4137694203293566,0.21965885162353516,30.833980560302734,16.368915557861328,24.79779624938965,False,
beijing_24h_3h_station1013_seed2049_center_lstm_h48,beijing,24,3,1013,2049,lstm,48,center_lstm_h48,completed,28,0.25657886266708374,3.13151116500012,0.006527520999952685,test,1,9,9939,9939,9939,predictions/beijing_24h_3h_station1013_seed2049_center_lstm_h48.npz,checkpoints/beijing_24h_3h_station1013_seed2049_center_lstm_h48.pt,training_logs/beijing_24h_3h_station1013_seed2049_center_lstm_h48.csv,0.17090629041194916,0.4134081402342595,0.22028900682926178,30.807056427001953,16.415874481201172,25.503110885620117,False,
beijing_24h_3h_station1013_seed2049_center_lstm_h64,beijing,24,3,1013,2049,lstm,64,center_lstm_h64,completed,25,0.25630471110343933,3.0271597169994493,0.006634280000071158,test,1,9,17347,17347,17347,predictions/beijing_24h_3h_station1013_seed2049_center_lstm_h64.npz,checkpoints/beijing_24h_3h_station1013_seed2049_center_lstm_h64.pt,training_logs/beijing_24h_3h_station1013_seed2049_center_lstm_h64.csv,0.17136403918266296,0.4139613981794232,0.21697686612606049,30.848285675048828,16.16905403137207,24.186359405517578,False,
beijing_24h_6h_station1013_seed2047_center_gru_h8,beijing,24,6,1013,2047,gru,8,center_gru_h8,completed,40,0.5032510161399841,4.1180133529996965,0.006939152999621001,test,1,9,318,318,318,predictions/beijing_24h_6h_station1013_seed2047_center_gru_h8.npz,checkpoints/beijing_24h_6h_station1013_seed2047_center_gru_h8.pt,training_logs/beijing_24h_6h_station1013_seed2047_center_gru_h8.csv,0.27940109372138977,0.5285840460337313,0.3125872015953064,39.38686752319336,23.292095184326172,34.078277587890625,False,
beijing_24h_6h_station1013_seed2047_center_gru_h16,beijing,24,6,1013,2047,gru,16,center_gru_h16,completed,36,0.47865891456604004,4.173652379000487,0.007243518000905169,test,1,9,1014,1014,1014,predictions/beijing_24h_6h_station1013_seed2047_center_gru_h16.npz,checkpoints/beijing_24h_6h_station1013_seed2047_center_gru_h16.pt,training_logs/beijing_24h_6h_station1013_seed2047_center_gru_h16.csv,0.2791425585746765,0.5283394349986347,0.3079289197921753,39.3686408996582,22.944990158081055,33.25960159301758,False,
beijing_24h_6h_station1013_seed2047_center_gru_h32,beijing,24,6,1013,2047,gru,32,center_gru_h32,completed,36,0.46812865138053894,4.2975253090007755,0.0077018050014885375,test,1,9,3558,3558,3558,predictions/beijing_24h_6h_station1013_seed2047_center_gru_h32.npz,checkpoints/beijing_24h_6h_station1013_seed2047_center_gru_h32.pt,training_logs/beijing_24h_6h_station1013_seed2047_center_gru_h32.csv,0.2809264659881592,0.5300249673252754,0.3059636056423187,39.49423599243164,22.798545837402344,32.99494171142578,False,
beijing_24h_6h_station1013_seed2047_center_gru_h40,beijing,24,6,1013,2047,gru,40,center_gru_h40,completed,32,0.46831244230270386,4.35166381199997,0.007801106999977492,test,1,9,5406,5406,5406,predictions/beijing_24h_6h_station1013_seed2047_center_gru_h40.npz,checkpoints/beijing_24h_6h_station1013_seed2047_center_gru_h40.pt,training_logs/beijing_24h_6h_station1013_seed2047_center_gru_h40.csv,0.2854404151439667,0.5342662399440626,0.3131520748138428,39.810272216796875,23.334186553955078,34.72513961791992,False,
beijing_24h_6h_station1013_seed2047_center_gru_h48,beijing,24,6,1013,2047,gru,48,center_gru_h48,completed,25,0.4665825068950653,3.573620209001092,0.007947435999085428,test,1,9,7638,7638,7638,predictions/beijing_24h_6h_station1013_seed2047_center_gru_h48.npz,checkpoints/beijing_24h_6h_station1013_seed2047_center_gru_h48.pt,training_logs/beijing_24h_6h_station1013_seed2047_center_gru_h48.csv,0.2835228741168976,0.5324686602203904,0.31019076704978943,39.676326751708984,23.1135311126709,34.08100128173828,False,
beijing_24h_6h_station1013_seed2047_center_gru_h64,beijing,24,6,1013,2047,gru,64,center_gru_h64,completed,32,0.4634554386138916,5.240120140999352,0.008338390000062645,test,1,9,13254,13254,13254,predictions/beijing_24h_6h_station1013_seed2047_center_gru_h64.npz,checkpoints/beijing_24h_6h_station1013_seed2047_center_gru_h64.pt,training_logs/beijing_24h_6h_station1013_seed2047_center_gru_h64.csv,0.2906462550163269,0.53911617951637,0.31385669112205505,40.17165756225586,23.38669204711914,34.62308120727539,False,
beijing_24h_6h_station1013_seed2047_center_lstm_h8,beijing,24,6,1013,2047,lstm,8,center_lstm_h8,completed,40,0.523451566696167,4.550620314999833,0.006618332001380622,test,1,9,406,406,406,predictions/beijing_24h_6h_station1013_seed2047_center_lstm_h8.npz,checkpoints/beijing_24h_6h_station1013_seed2047_center_lstm_h8.pt,training_logs/beijing_24h_6h_station1013_seed2047_center_lstm_h8.csv,0.28300565481185913,0.5319827580024179,0.3161579966545105,39.64012145996094,23.558170318603516,33.62887954711914,False,
beijing_24h_6h_station1013_seed2047_center_lstm_h16,beijing,24,6,1013,2047,lstm,16,center_lstm_h16,completed,36,0.47838735580444336,4.644387889999052,0.006705502999466262,test,1,9,1318,1318,1318,predictions/beijing_24h_6h_station1013_seed2047_center_lstm_h16.npz,checkpoints/beijing_24h_6h_station1013_seed2047_center_lstm_h16.pt,training_logs/beijing_24h_6h_station1013_seed2047_center_lstm_h16.csv,0.27741333842277527,0.5267004256907102,0.30673351883888245,39.24651336669922,22.855915069580078,32.95188903808594,False,
beijing_24h_6h_station1013_seed2047_center_lstm_h32,beijing,24,6,1013,2047,lstm,32,center_lstm_h32,completed,34,0.47326385974884033,4.669929876999959,0.006608760000744951,test,1,9,4678,4678,4678,predictions/beijing_24h_6h_station1013_seed2047_center_lstm_h32.npz,checkpoints/beijing_24h_6h_station1013_seed2047_center_lstm_h32.pt,training_logs/beijing_24h_6h_station1013_seed2047_center_lstm_h32.csv,0.28827595710754395,0.5369133608949809,0.3117623031139374,40.00751876831055,23.230632781982422,33.50190353393555,False,
beijing_24h_6h_station1013_seed2047_center_lstm_h40,beijing,24,6,1013,2047,lstm,40,center_lstm_h40,completed,32,0.4703892469406128,4.674812694000138,0.0065462460006529,test,1,9,7126,7126,7126,predictions/beijing_24h_6h_station1013_seed2047_center_lstm_h40.npz,checkpoints/beijing_24h_6h_station1013_seed2047_center_lstm_h40.pt,training_logs/beijing_24h_6h_station1013_seed2047_center_lstm_h40.csv,0.29435694217681885,0.5425467188886307,0.31877073645591736,40.427284240722656,23.75285530090332,34.61139678955078,False,
beijing_24h_6h_station1013_seed2047_center_lstm_h48,beijing,24,6,1013,2047,lstm,48,center_lstm_h48,completed,28,0.44882750511169434,4.273911394000606,0.006611487999180099,test,1,9,10086,10086,10086,predictions/beijing_24h_6h_station1013_seed2047_center_lstm_h48.npz,checkpoints/beijing_24h_6h_station1013_seed2047_center_lstm_h48.pt,training_logs/beijing_24h_6h_station1013_seed2047_center_lstm_h48.csv,0.289770245552063,0.538303116795791,0.3133709728717804,40.11107635498047,23.350500106811523,33.89204025268555,False,
beijing_24h_6h_station1013_seed2047_center_lstm_h64,beijing,24,6,1013,2047,lstm,64,center_lstm_h64,completed,29,0.47008392214775085,4.57492061800076,0.007003320000876556,test,1,9,17542,17542,17542,predictions/beijing_24h_6h_station1013_seed2047_center_lstm_h64.npz,checkpoints/beijing_24h_6h_station1013_seed2047_center_lstm_h64.pt,training_logs/beijing_24h_6h_station1013_seed2047_center_lstm_h64.csv,0.2891036868095398,0.537683630780722,0.31222063302993774,40.064910888671875,23.26478385925293,33.19107437133789,False,
beijing_24h_6h_station1013_seed2048_center_gru_h8,beijing,24,6,1013,2048,gru,8,center_gru_h8,completed,40,0.49661973118782043,4.070569745999819,0.0072772159983287565,test,1,9,318,318,318,predictions/beijing_24h_6h_station1013_seed2048_center_gru_h8.npz,checkpoints/beijing_24h_6h_station1013_seed2048_center_gru_h8.pt,training_logs/beijing_24h_6h_station1013_seed2048_center_gru_h8.csv,0.27622032165527344,0.5255666671843577,0.3087444305419922,39.16203308105469,23.005754470825195,33.380863189697266,False,
beijing_24h_6h_station1013_seed2048_center_gru_h16,beijing,24,6,1013,2048,gru,16,center_gru_h16,completed,40,0.47565484046936035,4.06047239200052,0.007128344999728142,test,1,9,1014,1014,1014,predictions/beijing_24h_6h_station1013_seed2048_center_gru_h16.npz,checkpoints/beijing_24h_6h_station1013_seed2048_center_gru_h16.pt,training_logs/beijing_24h_6h_station1013_seed2048_center_gru_h16.csv,0.27629324793815613,0.52563604132342,0.3056807518005371,39.16720199584961,22.777469635009766,32.93183135986328,False,
beijing_24h_6h_station1013_seed2048_center_gru_h32,beijing,24,6,1013,2048,gru,32,center_gru_h32,completed,36,0.4669647514820099,4.359169010998812,0.007742859999780194,test,1,9,3558,3558,3558,predictions/beijing_24h_6h_station1013_seed2048_center_gru_h32.npz,checkpoints/beijing_24h_6h_station1013_seed2048_center_gru_h32.pt,training_logs/beijing_24h_6h_station1013_seed2048_center_gru_h32.csv,0.2808200418949127,0.5299245624566885,0.30531689524650574,39.48675537109375,22.75035858154297,33.07626724243164,False,
beijing_24h_6h_station1013_seed2048_center_gru_h40,beijing,24,6,1013,2048,gru,40,center_gru_h40,completed,29,0.46920090913772583,4.297863795998637,0.007893469999544322,test,1,9,5406,5406,5406,predictions/beijing_24h_6h_station1013_seed2048_center_gru_h40.npz,checkpoints/beijing_24h_6h_station1013_seed2048_center_gru_h40.pt,training_logs/beijing_24h_6h_station1013_seed2048_center_gru_h40.csv,0.2827758193016052,0.5317666963073235,0.306304395198822,39.624019622802734,22.82394027709961,32.97209548950195,False,
beijing_24h_6h_station1013_seed2048_center_gru_h48,beijing,24,6,1013,2048,gru,48,center_gru_h48,completed,27,0.4694744646549225,4.04099796599985,0.00834340199980943,test,1,9,7638,7638,7638,predictions/beijing_24h_6h_station1013_seed2048_center_gru_h48.npz,checkpoints/beijing_24h_6h_station1013_seed2048_center_gru_h48.pt,training_logs/beijing_24h_6h_station1013_seed2048_center_gru_h48.csv,0.28444766998291016,0.5333363572670723,0.312502920627594,39.74098205566406,23.285818099975586,34.45418930053711,False,
beijing_24h_6h_station1013_seed2048_center_gru_h64,beijing,24,6,1013,2048,gru,64,center_gru_h64,completed,27,0.467036634683609,4.31277834499997,0.00878053399901546,test,1,9,13254,13254,13254,predictions/beijing_24h_6h_station1013_seed2048_center_gru_h64.npz,checkpoints/beijing_24h_6h_station1013_seed2048_center_gru_h64.pt,training_logs/beijing_24h_6h_station1013_seed2048_center_gru_h64.csv,0.28883934020996094,0.5374377547306859,0.31217828392982483,40.046592712402344,23.261625289916992,34.305267333984375,False,
beijing_24h_6h_station1013_seed2048_center_lstm_h8,beijing,24,6,1013,2048,lstm,8,center_lstm_h8,completed,40,0.5147820115089417,3.5218317230010143,0.007936431000416633,test,1,9,406,406,406,predictions/beijing_24h_6h_station1013_seed2048_center_lstm_h8.npz,checkpoints/beijing_24h_6h_station1013_seed2048_center_lstm_h8.pt,training_logs/beijing_24h_6h_station1013_seed2048_center_lstm_h8.csv,0.2789231836795807,0.5281317862802624,0.3119848370552063,39.35316848754883,23.24721336364746,33.53327178955078,False,
beijing_24h_6h_station1013_seed2048_center_lstm_h16,beijing,24,6,1013,2048,lstm,16,center_lstm_h16,completed,40,0.4768654704093933,3.4666601220014854,0.006767893999494845,test,1,9,1318,1318,1318,predictions/beijing_24h_6h_station1013_seed2048_center_lstm_h16.npz,checkpoints/beijing_24h_6h_station1013_seed2048_center_lstm_h16.pt,training_logs/beijing_24h_6h_station1013_seed2048_center_lstm_h16.csv,0.27778100967407227,0.5270493427318473,0.30595648288726807,39.27251052856445,22.798017501831055,32.527713775634766,False,
beijing_24h_6h_station1013_seed2048_center_lstm_h32,beijing,24,6,1013,2048,lstm,32,center_lstm_h32,completed,27,0.47138670086860657,3.0990955279994523,0.006755606998922303,test,1,9,4678,4678,4678,predictions/beijing_24h_6h_station1013_seed2048_center_lstm_h32.npz,checkpoints/beijing_24h_6h_station1013_seed2048_center_lstm_h32.pt,training_logs/beijing_24h_6h_station1013_seed2048_center_lstm_h32.csv,0.2823050320148468,0.5313238485282274,0.31121590733528137,39.59102249145508,23.189912796020508,33.699859619140625,False,
beijing_24h_6h_station1013_seed2048_center_lstm_h40,beijing,24,6,1013,2048,lstm,40,center_lstm_h40,completed,29,0.4559517204761505,3.279626146000737,0.007034623000436113,test,1,9,7126,7126,7126,predictions/beijing_24h_6h_station1013_seed2048_center_lstm_h40.npz,checkpoints/beijing_24h_6h_station1013_seed2048_center_lstm_h40.pt,training_logs/beijing_24h_6h_station1013_seed2048_center_lstm_h40.csv,0.2898799479007721,0.5384050035993091,0.31180426478385925,40.1186637878418,23.23375701904297,33.04899597167969,False,
beijing_24h_6h_station1013_seed2048_center_lstm_h48,beijing,24,6,1013,2048,lstm,48,center_lstm_h48,completed,40,0.6572090983390808,3.6509601879988622,0.006471480999607593,test,1,9,10086,10086,10086,predictions/beijing_24h_6h_station1013_seed2048_center_lstm_h48.npz,checkpoints/beijing_24h_6h_station1013_seed2048_center_lstm_h48.pt,training_logs/beijing_24h_6h_station1013_seed2048_center_lstm_h48.csv,0.3616311550140381,0.6013577595857877,0.39743465185165405,44.80952072143555,29.614416122436523,43.54176330566406,True,beijing_24h_6h_station1013_seed2048_center_lstm_h48 出现非有限验证损失
beijing_24h_6h_station1013_seed2048_center_lstm_h64,beijing,24,6,1013,2048,lstm,64,center_lstm_h64,completed,27,0.4516507387161255,3.2186541959999886,0.0066181599995616125,test,1,9,17542,17542,17542,predictions/beijing_24h_6h_station1013_seed2048_center_lstm_h64.npz,checkpoints/beijing_24h_6h_station1013_seed2048_center_lstm_h64.pt,training_logs/beijing_24h_6h_station1013_seed2048_center_lstm_h64.csv,0.29544299840927124,0.5435466846640418,0.31245002150535583,40.50178909301758,23.281875610351562,33.08060073852539,False,
beijing_24h_6h_station1013_seed2049_center_gru_h8,beijing,24,6,1013,2049,gru,8,center_gru_h8,completed,40,0.5091990232467651,4.341894279001281,0.01054837999981828,test,1,9,318,318,318,predictions/beijing_24h_6h_station1013_seed2049_center_gru_h8.npz,checkpoints/beijing_24h_6h_station1013_seed2049_center_gru_h8.pt,training_logs/beijing_24h_6h_station1013_seed2049_center_gru_h8.csv,0.28180569410324097,0.5308537407829401,0.31256890296936035,39.555992126464844,23.290733337402344,33.21072006225586,False,
beijing_24h_6h_station1013_seed2049_center_gru_h16,beijing,24,6,1013,2049,gru,16,center_gru_h16,completed,39,0.47491002082824707,4.1752720389995375,0.007170543000029284,test,1,9,1014,1014,1014,predictions/beijing_24h_6h_station1013_seed2049_center_gru_h16.npz,checkpoints/beijing_24h_6h_station1013_seed2049_center_gru_h16.pt,training_logs/beijing_24h_6h_station1013_seed2049_center_gru_h16.csv,0.27727460861206055,0.5265687121469149,0.30718696117401123,39.236698150634766,22.889705657958984,33.502994537353516,False,
beijing_24h_6h_station1013_seed2049_center_gru_h32,beijing,24,6,1013,2049,gru,32,center_gru_h32,completed,33,0.4682398736476898,4.527831182000227,0.007703884000875405,test,1,9,3558,3558,3558,predictions/beijing_24h_6h_station1013_seed2049_center_gru_h32.npz,checkpoints/beijing_24h_6h_station1013_seed2049_center_gru_h32.pt,training_logs/beijing_24h_6h_station1013_seed2049_center_gru_h32.csv,0.2822040021419525,0.5312287662974893,0.3037421703338623,39.58393478393555,22.633020401000977,32.3298225402832,False,
beijing_24h_6h_station1013_seed2049_center_gru_h40,beijing,24,6,1013,2049,gru,40,center_gru_h40,completed,40,0.4695810377597809,4.650101392999204,0.00784014500095509,test,1,9,5406,5406,5406,predictions/beijing_24h_6h_station1013_seed2049_center_gru_h40.npz,checkpoints/beijing_24h_6h_station1013_seed2049_center_gru_h40.pt,training_logs/beijing_24h_6h_station1013_seed2049_center_gru_h40.csv,0.2816721200942993,0.5307279153147112,0.30548253655433655,39.54661560058594,22.762699127197266,32.90990447998047,False,
beijing_24h_6h_station1013_seed2049_center_gru_h48,beijing,24,6,1013,2049,gru,48,center_gru_h48,completed,39,0.4705985188484192,4.434260357000312,0.008739768998566433,test,1,9,7638,7638,7638,predictions/beijing_24h_6h_station1013_seed2049_center_gru_h48.npz,checkpoints/beijing_24h_6h_station1013_seed2049_center_gru_h48.pt,training_logs/beijing_24h_6h_station1013_seed2049_center_gru_h48.csv,0.2847491204738617,0.5336188906643595,0.3092876374721527,39.76203155517578,23.046234130859375,33.64016342163086,False,
beijing_24h_6h_station1013_seed2049_center_gru_h64,beijing,24,6,1013,2049,gru,64,center_gru_h64,completed,21,0.46837154030799866,3.8065548979993764,0.008596415000283741,test,1,9,13254,13254,13254,predictions/beijing_24h_6h_station1013_seed2049_center_gru_h64.npz,checkpoints/beijing_24h_6h_station1013_seed2049_center_gru_h64.pt,training_logs/beijing_24h_6h_station1013_seed2049_center_gru_h64.csv,0.2850770950317383,0.5339261138319967,0.3071688711643219,39.7849235534668,22.888357162475586,33.062896728515625,False,
beijing_24h_6h_station1013_seed2049_center_lstm_h8,beijing,24,6,1013,2049,lstm,8,center_lstm_h8,completed,40,0.5003833174705505,3.5120523210007377,0.007725325998762855,test,1,9,406,406,406,predictions/beijing_24h_6h_station1013_seed2049_center_lstm_h8.npz,checkpoints/beijing_24h_6h_station1013_seed2049_center_lstm_h8.pt,training_logs/beijing_24h_6h_station1013_seed2049_center_lstm_h8.csv,0.2757553458213806,0.5251241242043453,0.3088964819908142,39.12905502319336,23.017087936401367,33.22282028198242,False,
beijing_24h_6h_station1013_seed2049_center_lstm_h16,beijing,24,6,1013,2049,lstm,16,center_lstm_h16,completed,39,0.47898465394973755,3.538606616000834,0.007261438000568887,test,1,9,1318,1318,1318,predictions/beijing_24h_6h_station1013_seed2049_center_lstm_h16.npz,checkpoints/beijing_24h_6h_station1013_seed2049_center_lstm_h16.pt,training_logs/beijing_24h_6h_station1013_seed2049_center_lstm_h16.csv,0.27982720732688904,0.5289869632863262,0.30784568190574646,39.41688919067383,22.938785552978516,33.059608459472656,False,
beijing_24h_6h_station1013_seed2049_center_lstm_h32,beijing,24,6,1013,2049,lstm,32,center_lstm_h32,completed,37,0.46579188108444214,3.4848627949995716,0.006581595000170637,test,1,9,4678,4678,4678,predictions/beijing_24h_6h_station1013_seed2049_center_lstm_h32.npz,checkpoints/beijing_24h_6h_station1013_seed2049_center_lstm_h32.pt,training_logs/beijing_24h_6h_station1013_seed2049_center_lstm_h32.csv,0.2883499562740326,0.5369822681188203,0.31576472520828247,40.01264953613281,23.528867721557617,34.41891860961914,False,
beijing_24h_6h_station1013_seed2049_center_lstm_h40,beijing,24,6,1013,2049,lstm,40,center_lstm_h40,completed,30,0.4698990285396576,3.3010133219995623,0.006543027000589063,test,1,9,7126,7126,7126,predictions/beijing_24h_6h_station1013_seed2049_center_lstm_h40.npz,checkpoints/beijing_24h_6h_station1013_seed2049_center_lstm_h40.pt,training_logs/beijing_24h_6h_station1013_seed2049_center_lstm_h40.csv,0.28448569774627686,0.5333720069016341,0.3122217059135437,39.74363708496094,23.264862060546875,34.079532623291016,False,
beijing_24h_6h_station1013_seed2049_center_lstm_h48,beijing,24,6,1013,2049,lstm,48,center_lstm_h48,completed,24,0.469196617603302,2.948807056000078,0.006808144000387983,test,1,9,10086,10086,10086,predictions/beijing_24h_6h_station1013_seed2049_center_lstm_h48.npz,checkpoints/beijing_24h_6h_station1013_seed2049_center_lstm_h48.pt,training_logs/beijing_24h_6h_station1013_seed2049_center_lstm_h48.csv,0.2922270894050598,0.5405803265057468,0.31910061836242676,40.28075408935547,23.777435302734375,34.91340637207031,False,
beijing_24h_6h_station1013_seed2049_center_lstm_h64,beijing,24,6,1013,2049,lstm,64,center_lstm_h64,completed,22,0.4705823063850403,2.822232004000398,0.006674479000139399,test,1,9,17542,17542,17542,predictions/beijing_24h_6h_station1013_seed2049_center_lstm_h64.npz,checkpoints/beijing_24h_6h_station1013_seed2049_center_lstm_h64.pt,training_logs/beijing_24h_6h_station1013_seed2049_center_lstm_h64.csv,0.2940637171268463,0.5422764213266573,0.31317615509033203,40.40713882446289,23.335981369018555,33.019691467285156,False,
beijing_24h_12h_station1013_seed2047_center_gru_h8,beijing,24,12,1013,2047,gru,8,center_gru_h8,completed,40,0.8086478114128113,4.391354123999918,0.006971616001465009,test,1,9,372,372,372,predictions/beijing_24h_12h_station1013_seed2047_center_gru_h8.npz,checkpoints/beijing_24h_12h_station1013_seed2047_center_gru_h8.pt,training_logs/beijing_24h_12h_station1013_seed2047_center_gru_h8.csv,0.4439689815044403,0.6663099740394408,0.42795291543006897,49.641845703125,31.883621215820312,44.25624465942383,False,
beijing_24h_12h_station1013_seed2047_center_gru_h16,beijing,24,12,1013,2047,gru,16,center_gru_h16,completed,40,0.800176203250885,4.133889640999769,0.008028238000406418,test,1,9,1116,1116,1116,predictions/beijing_24h_12h_station1013_seed2047_center_gru_h16.npz,checkpoints/beijing_24h_12h_station1013_seed2047_center_gru_h16.pt,training_logs/beijing_24h_12h_station1013_seed2047_center_gru_h16.csv,0.4430463910102844,0.6656173007143703,0.42434632778167725,49.590240478515625,31.614917755126953,43.64413070678711,False,
beijing_24h_12h_station1013_seed2047_center_gru_h32,beijing,24,12,1013,2047,gru,32,center_gru_h32,completed,29,0.801666796207428,4.13211277100163,0.008033471000089776,test,1,9,3756,3756,3756,predictions/beijing_24h_12h_station1013_seed2047_center_gru_h32.npz,checkpoints/beijing_24h_12h_station1013_seed2047_center_gru_h32.pt,training_logs/beijing_24h_12h_station1013_seed2047_center_gru_h32.csv,0.44479066133499146,0.6669262787857376,0.426731675863266,49.68776321411133,31.792633056640625,44.13407897949219,False,
beijing_24h_12h_station1013_seed2047_center_gru_h40,beijing,24,12,1013,2047,gru,40,center_gru_h40,completed,27,0.7973254919052124,3.829144319999614,0.007790617999489768,test,1,9,5652,5652,5652,predictions/beijing_24h_12h_station1013_seed2047_center_gru_h40.npz,checkpoints/beijing_24h_12h_station1013_seed2047_center_gru_h40.pt,training_logs/beijing_24h_12h_station1013_seed2047_center_gru_h40.csv,0.44945910573005676,0.6704171132437303,0.4287204444408417,49.947837829589844,31.940799713134766,44.00969696044922,False,
beijing_24h_12h_station1013_seed2047_center_gru_h48,beijing,24,12,1013,2047,gru,48,center_gru_h48,completed,27,0.7947315573692322,4.149610835000203,0.007970556998770917,test,1,9,7932,7932,7932,predictions/beijing_24h_12h_station1013_seed2047_center_gru_h48.npz,checkpoints/beijing_24h_12h_station1013_seed2047_center_gru_h48.pt,training_logs/beijing_24h_12h_station1013_seed2047_center_gru_h48.csv,0.44990992546081543,0.6707532522923877,0.4256206452846527,49.97288513183594,31.709854125976562,43.490840911865234,False,
beijing_24h_12h_station1013_seed2047_center_gru_h64,beijing,24,12,1013,2047,gru,64,center_gru_h64,completed,27,0.8003624081611633,4.381192556000315,0.008485292000841582,test,1,9,13644,13644,13644,predictions/beijing_24h_12h_station1013_seed2047_center_gru_h64.npz,checkpoints/beijing_24h_12h_station1013_seed2047_center_gru_h64.pt,training_logs/beijing_24h_12h_station1013_seed2047_center_gru_h64.csv,0.4564014673233032,0.6755749161442447,0.4272378087043762,50.33211135864258,31.830341339111328,43.844505310058594,False,
beijing_24h_12h_station1013_seed2047_center_lstm_h8,beijing,24,12,1013,2047,lstm,8,center_lstm_h8,completed,40,0.8212936520576477,3.8855046099997708,0.007711677999395761,test,1,9,460,460,460,predictions/beijing_24h_12h_station1013_seed2047_center_lstm_h8.npz,checkpoints/beijing_24h_12h_station1013_seed2047_center_lstm_h8.pt,training_logs/beijing_24h_12h_station1013_seed2047_center_lstm_h8.csv,0.4455491006374359,0.6674946446507537,0.42802438139915466,49.73011016845703,31.88894271850586,43.703826904296875,False,
beijing_24h_12h_station1013_seed2047_center_lstm_h16,beijing,24,12,1013,2047,lstm,16,center_lstm_h16,completed,39,0.804794430732727,3.5296516790003807,0.006462389999796869,test,1,9,1420,1420,1420,predictions/beijing_24h_12h_station1013_seed2047_center_lstm_h16.npz,checkpoints/beijing_24h_12h_station1013_seed2047_center_lstm_h16.pt,training_logs/beijing_24h_12h_station1013_seed2047_center_lstm_h16.csv,0.4431478679180145,0.6656935240168816,0.42459046840667725,49.595916748046875,31.633108139038086,43.60068893432617,False,
beijing_24h_12h_station1013_seed2047_center_lstm_h32,beijing,24,12,1013,2047,lstm,32,center_lstm_h32,completed,27,0.8023719787597656,3.618395851999594,0.006651259000136633,test,1,9,4876,4876,4876,predictions/beijing_24h_12h_station1013_seed2047_center_lstm_h32.npz,checkpoints/beijing_24h_12h_station1013_seed2047_center_lstm_h32.pt,training_logs/beijing_24h_12h_station1013_seed2047_center_lstm_h32.csv,0.454668790102005,0.6742913243561754,0.4284127354621887,50.236480712890625,31.917875289916992,43.73521041870117,False,
beijing_24h_12h_station1013_seed2047_center_lstm_h40,beijing,24,12,1013,2047,lstm,40,center_lstm_h40,completed,23,0.8060546517372131,2.8607386059993587,0.006788147999031935,test,1,9,7372,7372,7372,predictions/beijing_24h_12h_station1013_seed2047_center_lstm_h40.npz,checkpoints/beijing_24h_12h_station1013_seed2047_center_lstm_h40.pt,training_logs/beijing_24h_12h_station1013_seed2047_center_lstm_h40.csv,0.4667029082775116,0.6831565766919847,0.44594353437423706,50.89696502685547,33.223968505859375,46.24473571777344,False,
beijing_24h_12h_station1013_seed2047_center_lstm_h48,beijing,24,12,1013,2047,lstm,48,center_lstm_h48,completed,21,0.7976886034011841,2.6665419559994916,0.006973436000407673,test,1,9,10380,10380,10380,predictions/beijing_24h_12h_station1013_seed2047_center_lstm_h48.npz,checkpoints/beijing_24h_12h_station1013_seed2047_center_lstm_h48.pt,training_logs/beijing_24h_12h_station1013_seed2047_center_lstm_h48.csv,0.46425917744636536,0.6813656708745792,0.4367714822292328,50.76353454589844,32.540626525878906,44.83321762084961,False,
beijing_24h_12h_station1013_seed2047_center_lstm_h64,beijing,24,12,1013,2047,lstm,64,center_lstm_h64,completed,14,0.8052036166191101,3.822154355000748,0.006646215000728262,test,1,9,17932,17932,17932,predictions/beijing_24h_12h_station1013_seed2047_center_lstm_h64.npz,checkpoints/beijing_24h_12h_station1013_seed2047_center_lstm_h64.pt,training_logs/beijing_24h_12h_station1013_seed2047_center_lstm_h64.csv,0.4728565812110901,0.6876456799915855,0.4444464147090912,51.231414794921875,33.112430572509766,45.55253219604492,False,
beijing_24h_12h_station1013_seed2048_center_gru_h8,beijing,24,12,1013,2048,gru,8,center_gru_h8,completed,40,0.818716824054718,4.15556147299867,0.007388313999399543,test,1,9,372,372,372,predictions/beijing_24h_12h_station1013_seed2048_center_gru_h8.npz,checkpoints/beijing_24h_12h_station1013_seed2048_center_gru_h8.pt,training_logs/beijing_24h_12h_station1013_seed2048_center_gru_h8.csv,0.44459405541419983,0.6667788654525575,0.42801907658576965,49.676780700683594,31.888547897338867,44.01884460449219,False,
beijing_24h_12h_station1013_seed2048_center_gru_h16,beijing,24,12,1013,2048,gru,16,center_gru_h16,completed,39,0.8023205399513245,4.234388110000509,0.007648851998965256,test,1,9,1116,1116,1116,predictions/beijing_24h_12h_station1013_seed2048_center_gru_h16.npz,checkpoints/beijing_24h_12h_station1013_seed2048_center_gru_h16.pt,training_logs/beijing_24h_12h_station1013_seed2048_center_gru_h16.csv,0.44303491711616516,0.6656086816712693,0.42407408356666565,49.589603424072266,31.594633102416992,43.5522346496582,False,
beijing_24h_12h_station1013_seed2048_center_gru_h32,beijing,24,12,1013,2048,gru,32,center_gru_h32,completed,37,0.8023297190666199,4.484123444000943,0.007907171000624658,test,1,9,3756,3756,3756,predictions/beijing_24h_12h_station1013_seed2048_center_gru_h32.npz,checkpoints/beijing_24h_12h_station1013_seed2048_center_gru_h32.pt,training_logs/beijing_24h_12h_station1013_seed2048_center_gru_h32.csv,0.44137468934059143,0.6643603610545947,0.4235265254974365,49.4965934753418,31.553842544555664,43.71880340576172,False,
beijing_24h_12h_station1013_seed2048_center_gru_h40,beijing,24,12,1013,2048,gru,40,center_gru_h40,completed,28,0.797641932964325,3.943986614000096,0.008178379001037683,test,1,9,5652,5652,5652,predictions/beijing_24h_12h_station1013_seed2048_center_gru_h40.npz,checkpoints/beijing_24h_12h_station1013_seed2048_center_gru_h40.pt,training_logs/beijing_24h_12h_station1013_seed2048_center_gru_h40.csv,0.44834089279174805,0.6695826258138334,0.4262198805809021,49.88566589355469,31.754505157470703,43.76256561279297,False,
beijing_24h_12h_station1013_seed2048_center_gru_h48,beijing,24,12,1013,2048,gru,48,center_gru_h48,completed,28,0.7986892461776733,4.055238419001398,0.008154942001056042,test,1,9,7932,7932,7932,predictions/beijing_24h_12h_station1013_seed2048_center_gru_h48.npz,checkpoints/beijing_24h_12h_station1013_seed2048_center_gru_h48.pt,training_logs/beijing_24h_12h_station1013_seed2048_center_gru_h48.csv,0.4449992775917053,0.6670826617381876,0.42603936791419983,49.69941711425781,31.741056442260742,44.05611038208008,False,
beijing_24h_12h_station1013_seed2048_center_gru_h64,beijing,24,12,1013,2048,gru,64,center_gru_h64,completed,28,0.7967467904090881,4.371317891998842,0.008337781000591349,test,1,9,13644,13644,13644,predictions/beijing_24h_12h_station1013_seed2048_center_gru_h64.npz,checkpoints/beijing_24h_12h_station1013_seed2048_center_gru_h64.pt,training_logs/beijing_24h_12h_station1013_seed2048_center_gru_h64.csv,0.451992005109787,0.6723035066915738,0.4249266982078552,50.08837890625,31.658159255981445,43.57963943481445,False,
beijing_24h_12h_station1013_seed2048_center_lstm_h8,beijing,24,12,1013,2048,lstm,8,center_lstm_h8,completed,40,0.8379713296890259,3.3805309799990937,0.006708336000883719,test,1,9,460,460,460,predictions/beijing_24h_12h_station1013_seed2048_center_lstm_h8.npz,checkpoints/beijing_24h_12h_station1013_seed2048_center_lstm_h8.pt,training_logs/beijing_24h_12h_station1013_seed2048_center_lstm_h8.csv,0.44656533002853394,0.6682554377096634,0.4279932975769043,49.78678894042969,31.886627197265625,43.42657470703125,False,
beijing_24h_12h_station1013_seed2048_center_lstm_h16,beijing,24,12,1013,2048,lstm,16,center_lstm_h16,completed,40,0.8063682913780212,3.331797877999634,0.006611519000216504,test,1,9,1420,1420,1420,predictions/beijing_24h_12h_station1013_seed2048_center_lstm_h16.npz,checkpoints/beijing_24h_12h_station1013_seed2048_center_lstm_h16.pt,training_logs/beijing_24h_12h_station1013_seed2048_center_lstm_h16.csv,0.44502556324005127,0.667102363389646,0.42377862334251404,49.70088195800781,31.57262420654297,43.195858001708984,False,
beijing_24h_12h_station1013_seed2048_center_lstm_h32,beijing,24,12,1013,2048,lstm,32,center_lstm_h32,completed,31,0.7892007827758789,3.4450254309995216,0.006684759999188827,test,1,9,4876,4876,4876,predictions/beijing_24h_12h_station1013_seed2048_center_lstm_h32.npz,checkpoints/beijing_24h_12h_station1013_seed2048_center_lstm_h32.pt,training_logs/beijing_24h_12h_station1013_seed2048_center_lstm_h32.csv,0.4653909504413605,0.6821956833939661,0.4408150911331177,50.82537078857422,32.84188461303711,45.649444580078125,False,
beijing_24h_12h_station1013_seed2048_center_lstm_h40,beijing,24,12,1013,2048,lstm,40,center_lstm_h40,completed,27,0.7976488471031189,3.0284471699997084,0.006755241000064416,test,1,9,7372,7372,7372,predictions/beijing_24h_12h_station1013_seed2048_center_lstm_h40.npz,checkpoints/beijing_24h_12h_station1013_seed2048_center_lstm_h40.pt,training_logs/beijing_24h_12h_station1013_seed2048_center_lstm_h40.csv,0.46690425276756287,0.6833039241564202,0.43272075057029724,50.90793991088867,32.23883819580078,44.00836944580078,False,
beijing_24h_12h_station1013_seed2048_center_lstm_h48,beijing,24,12,1013,2048,lstm,48,center_lstm_h48,completed,21,0.7915229201316833,2.5279361699995206,0.0068688999999722,test,1,9,10380,10380,10380,predictions/beijing_24h_12h_station1013_seed2048_center_lstm_h48.npz,checkpoints/beijing_24h_12h_station1013_seed2048_center_lstm_h48.pt,training_logs/beijing_24h_12h_station1013_seed2048_center_lstm_h48.csv,0.46447646617889404,0.6815251031171883,0.43942683935165405,50.77540969848633,32.738460540771484,45.2601203918457,False,
beijing_24h_12h_station1013_seed2048_center_lstm_h64,beijing,24,12,1013,2048,lstm,64,center_lstm_h64,completed,16,0.8025851249694824,2.1438265229990066,0.0065092960012407275,test,1,9,17932,17932,17932,predictions/beijing_24h_12h_station1013_seed2048_center_lstm_h64.npz,checkpoints/beijing_24h_12h_station1013_seed2048_center_lstm_h64.pt,training_logs/beijing_24h_12h_station1013_seed2048_center_lstm_h64.csv,0.46437036991119385,0.6814472612838016,0.438739538192749,50.769615173339844,32.687252044677734,44.58973693847656,False,
beijing_24h_12h_station1013_seed2049_center_gru_h8,beijing,24,12,1013,2049,gru,8,center_gru_h8,completed,40,0.8280912041664124,3.9626278080013435,0.007695551999859163,test,1,9,372,372,372,predictions/beijing_24h_12h_station1013_seed2049_center_gru_h8.npz,checkpoints/beijing_24h_12h_station1013_seed2049_center_gru_h8.pt,training_logs/beijing_24h_12h_station1013_seed2049_center_gru_h8.csv,0.4439432919025421,0.6662906962449214,0.4276229739189148,49.64041519165039,31.859041213989258,43.79560470581055,False,
beijing_24h_12h_station1013_seed2049_center_gru_h16,beijing,24,12,1013,2049,gru,16,center_gru_h16,completed,38,0.8008840680122375,4.039059841999915,0.007186650000221562,test,1,9,1116,1116,1116,predictions/beijing_24h_12h_station1013_seed2049_center_gru_h16.npz,checkpoints/beijing_24h_12h_station1013_seed2049_center_gru_h16.pt,training_logs/beijing_24h_12h_station1013_seed2049_center_gru_h16.csv,0.4438357353210449,0.6662099784009881,0.42492082715034485,49.63439178466797,31.657724380493164,43.65736389160156,False,
beijing_24h_12h_station1013_seed2049_center_gru_h32,beijing,24,12,1013,2049,gru,32,center_gru_h32,completed,33,0.7937943339347839,4.229935262999788,0.0077002660000289325,test,1,9,3756,3756,3756,predictions/beijing_24h_12h_station1013_seed2049_center_gru_h32.npz,checkpoints/beijing_24h_12h_station1013_seed2049_center_gru_h32.pt,training_logs/beijing_24h_12h_station1013_seed2049_center_gru_h32.csv,0.44560009241104126,0.6675328399494974,0.4278852939605713,49.73295211791992,31.87858009338379,44.247100830078125,False,
beijing_24h_12h_station1013_seed2049_center_gru_h40,beijing,24,12,1013,2049,gru,40,center_gru_h40,completed,22,0.806253969669342,3.194895018999887,0.007825295000657206,test,1,9,5652,5652,5652,predictions/beijing_24h_12h_station1013_seed2049_center_gru_h40.npz,checkpoints/beijing_24h_12h_station1013_seed2049_center_gru_h40.pt,training_logs/beijing_24h_12h_station1013_seed2049_center_gru_h40.csv,0.4489317238330841,0.6700236740840462,0.4360044002532959,49.91852569580078,32.48347473144531,45.52033615112305,False,
beijing_24h_12h_station1013_seed2049_center_gru_h48,beijing,24,12,1013,2049,gru,48,center_gru_h48,completed,22,0.802871823310852,3.2333111810003174,0.007883226000558352,test,1,9,7932,7932,7932,predictions/beijing_24h_12h_station1013_seed2049_center_gru_h48.npz,checkpoints/beijing_24h_12h_station1013_seed2049_center_gru_h48.pt,training_logs/beijing_24h_12h_station1013_seed2049_center_gru_h48.csv,0.44729357957839966,0.668800104349872,0.4344918131828308,49.827369689941406,32.37078094482422,45.44236373901367,False,
beijing_24h_12h_station1013_seed2049_center_gru_h64,beijing,24,12,1013,2049,gru,64,center_gru_h64,completed,30,0.7698105573654175,4.528367816999889,0.008313393000207725,test,1,9,13644,13644,13644,predictions/beijing_24h_12h_station1013_seed2049_center_gru_h64.npz,checkpoints/beijing_24h_12h_station1013_seed2049_center_gru_h64.pt,training_logs/beijing_24h_12h_station1013_seed2049_center_gru_h64.csv,0.45992133021354675,0.6781749996966467,0.43089720606803894,50.525821685791016,32.10297393798828,44.41114807128906,False,
beijing_24h_12h_station1013_seed2049_center_lstm_h8,beijing,24,12,1013,2049,lstm,8,center_lstm_h8,completed,39,0.8268945217132568,3.25906255100017,0.0067330230012885295,test,1,9,460,460,460,predictions/beijing_24h_12h_station1013_seed2049_center_lstm_h8.npz,checkpoints/beijing_24h_12h_station1013_seed2049_center_lstm_h8.pt,training_logs/beijing_24h_12h_station1013_seed2049_center_lstm_h8.csv,0.44518330693244934,0.6672205834148474,0.4280584454536438,49.70969009399414,31.891481399536133,43.644161224365234,False,
beijing_24h_12h_station1013_seed2049_center_lstm_h16,beijing,24,12,1013,2049,lstm,16,center_lstm_h16,completed,35,0.8118017315864563,3.285269622998385,0.006691165001029731,test,1,9,1420,1420,1420,predictions/beijing_24h_12h_station1013_seed2049_center_lstm_h16.npz,checkpoints/beijing_24h_12h_station1013_seed2049_center_lstm_h16.pt,training_logs/beijing_24h_12h_station1013_seed2049_center_lstm_h16.csv,0.4453175663948059,0.6673211868319527,0.43324053287506104,49.717185974121094,32.27756118774414,44.78757858276367,False,
beijing_24h_12h_station1013_seed2049_center_lstm_h32,beijing,24,12,1013,2049,lstm,32,center_lstm_h32,completed,33,0.7895280122756958,3.343915235998793,0.006686095999612007,test,1,9,4876,4876,4876,predictions/beijing_24h_12h_station1013_seed2049_center_lstm_h32.npz,checkpoints/beijing_24h_12h_station1013_seed2049_center_lstm_h32.pt,training_logs/beijing_24h_12h_station1013_seed2049_center_lstm_h32.csv,0.46696630120277405,0.6833493258961876,0.43608492612838745,50.91132354736328,32.48948287963867,44.33249282836914,False,
beijing_24h_12h_station1013_seed2049_center_lstm_h40,beijing,24,12,1013,2049,lstm,40,center_lstm_h40,completed,30,0.7884592413902283,3.2202488809998613,0.006572857999344706,test,1,9,7372,7372,7372,predictions/beijing_24h_12h_station1013_seed2049_center_lstm_h40.npz,checkpoints/beijing_24h_12h_station1013_seed2049_center_lstm_h40.pt,training_logs/beijing_24h_12h_station1013_seed2049_center_lstm_h40.csv,0.46476396918296814,0.6817359966900444,0.4382127523422241,50.79112243652344,32.64799880981445,44.64776611328125,False,
beijing_24h_12h_station1013_seed2049_center_lstm_h48,beijing,24,12,1013,2049,lstm,48,center_lstm_h48,completed,33,0.7888814210891724,3.367783686999246,0.006585189001270919,test,1,9,10380,10380,10380,predictions/beijing_24h_12h_station1013_seed2049_center_lstm_h48.npz,checkpoints/beijing_24h_12h_station1013_seed2049_center_lstm_h48.pt,training_logs/beijing_24h_12h_station1013_seed2049_center_lstm_h48.csv,0.4724377393722534,0.6873410648086242,0.4431825280189514,51.208717346191406,33.01826858520508,45.092735290527344,False,
beijing_24h_12h_station1013_seed2049_center_lstm_h64,beijing,24,12,1013,2049,lstm,64,center_lstm_h64,completed,22,0.7927284240722656,2.6794044649996067,0.006584869999642251,test,1,9,17932,17932,17932,predictions/beijing_24h_12h_station1013_seed2049_center_lstm_h64.npz,checkpoints/beijing_24h_12h_station1013_seed2049_center_lstm_h64.pt,training_logs/beijing_24h_12h_station1013_seed2049_center_lstm_h64.csv,0.477944552898407,0.6913353404089848,0.4471013844013214,51.50630187988281,33.31023025512695,45.86542892456055,False,
beijing_24h_24h_station1013_seed2047_center_gru_h8,beijing,24,24,1013,2047,gru,8,center_gru_h8,completed,39,1.2111473083496094,4.0116428380006255,0.0071482950006611645,test,1,9,480,480,480,predictions/beijing_24h_24h_station1013_seed2047_center_gru_h8.npz,checkpoints/beijing_24h_24h_station1013_seed2047_center_gru_h8.pt,training_logs/beijing_24h_24h_station1013_seed2047_center_gru_h8.csv,0.6407017707824707,0.8004384865699992,0.5522851347923279,59.61714553833008,41.1345329284668,54.372840881347656,False,
beijing_24h_24h_station1013_seed2047_center_gru_h16,beijing,24,24,1013,2047,gru,16,center_gru_h16,completed,34,1.2024952173233032,4.040295478000189,0.007371584999418701,test,1,9,1320,1320,1320,predictions/beijing_24h_24h_station1013_seed2047_center_gru_h16.npz,checkpoints/beijing_24h_24h_station1013_seed2047_center_gru_h16.pt,training_logs/beijing_24h_24h_station1013_seed2047_center_gru_h16.csv,0.6383876204490662,0.7989916272709409,0.5538718104362488,59.50938415527344,41.252708435058594,54.665225982666016,False,
beijing_24h_24h_station1013_seed2047_center_gru_h32,beijing,24,24,1013,2047,gru,32,center_gru_h32,completed,15,1.2092617750167847,2.461769171999549,0.007792482001605094,test,1,9,4152,4152,4152,predictions/beijing_24h_24h_station1013_seed2047_center_gru_h32.npz,checkpoints/beijing_24h_24h_station1013_seed2047_center_gru_h32.pt,training_logs/beijing_24h_24h_station1013_seed2047_center_gru_h32.csv,0.6472187042236328,0.8044990392931696,0.5621687173843384,59.91958236694336,41.87066650390625,55.606754302978516,False,
beijing_24h_24h_station1013_seed2047_center_gru_h40,beijing,24,24,1013,2047,gru,40,center_gru_h40,completed,15,1.2109256982803345,2.4613587069998175,0.007861242000217317,test,1,9,6144,6144,6144,predictions/beijing_24h_24h_station1013_seed2047_center_gru_h40.npz,checkpoints/beijing_24h_24h_station1013_seed2047_center_gru_h40.pt,training_logs/beijing_24h_24h_station1013_seed2047_center_gru_h40.csv,0.645706057548523,0.8035583722098371,0.560817301273346,59.84951400756836,41.77001190185547,55.38962936401367,False,
beijing_24h_24h_station1013_seed2047_center_gru_h48,beijing,24,24,1013,2047,gru,48,center_gru_h48,completed,27,1.2027279138565063,3.7812139260004187,0.007623956000315957,test,1,9,8520,8520,8520,predictions/beijing_24h_24h_station1013_seed2047_center_gru_h48.npz,checkpoints/beijing_24h_24h_station1013_seed2047_center_gru_h48.pt,training_logs/beijing_24h_24h_station1013_seed2047_center_gru_h48.csv,0.640981137752533,0.8006129762579002,0.5526033043861389,59.63014221191406,41.15822982788086,54.467369079589844,False,
beijing_24h_24h_station1013_seed2047_center_gru_h64,beijing,24,24,1013,2047,gru,64,center_gru_h64,completed,11,1.207899808883667,2.2706391680003435,0.00839507999990019,test,1,9,14424,14424,14424,predictions/beijing_24h_24h_station1013_seed2047_center_gru_h64.npz,checkpoints/beijing_24h_24h_station1013_seed2047_center_gru_h64.pt,training_logs/beijing_24h_24h_station1013_seed2047_center_gru_h64.csv,0.6484518647193909,0.8052650897185292,0.5616073608398438,59.97663116455078,41.828857421875,55.35952377319336,False,
beijing_24h_24h_station1013_seed2047_center_lstm_h8,beijing,24,24,1013,2047,lstm,8,center_lstm_h8,completed,39,1.214356780052185,3.3295751749992633,0.006949144999452983,test,1,9,568,568,568,predictions/beijing_24h_24h_station1013_seed2047_center_lstm_h8.npz,checkpoints/beijing_24h_24h_station1013_seed2047_center_lstm_h8.pt,training_logs/beijing_24h_24h_station1013_seed2047_center_lstm_h8.csv,0.6420041918754578,0.8012516407942375,0.5550719499588013,59.67770767211914,41.34209442138672,54.46602249145508,False,
beijing_24h_24h_station1013_seed2047_center_lstm_h16,beijing,24,24,1013,2047,lstm,16,center_lstm_h16,completed,38,1.1848814487457275,3.302584302999094,0.0068481369999062736,test,1,9,1624,1624,1624,predictions/beijing_24h_24h_station1013_seed2047_center_lstm_h16.npz,checkpoints/beijing_24h_24h_station1013_seed2047_center_lstm_h16.pt,training_logs/beijing_24h_24h_station1013_seed2047_center_lstm_h16.csv,0.6580200791358948,0.8111843681530696,0.5594887733459473,60.417503356933594,41.671058654785156,55.07892990112305,False,
beijing_24h_24h_station1013_seed2047_center_lstm_h32,beijing,24,24,1013,2047,lstm,32,center_lstm_h32,completed,38,1.176397442817688,4.5765475560001505,0.0068506379993777955,test,1,9,5272,5272,5272,predictions/beijing_24h_24h_station1013_seed2047_center_lstm_h32.npz,checkpoints/beijing_24h_24h_station1013_seed2047_center_lstm_h32.pt,training_logs/beijing_24h_24h_station1013_seed2047_center_lstm_h32.csv,0.6484414935112,0.8052586500691563,0.5494875907897949,59.97614669799805,40.926170349121094,54.29043197631836,False,
beijing_24h_24h_station1013_seed2047_center_lstm_h40,beijing,24,24,1013,2047,lstm,40,center_lstm_h40,completed,24,1.1949628591537476,3.89830960099971,0.006845910000265576,test,1,9,7864,7864,7864,predictions/beijing_24h_24h_station1013_seed2047_center_lstm_h40.npz,checkpoints/beijing_24h_24h_station1013_seed2047_center_lstm_h40.pt,training_logs/beijing_24h_24h_station1013_seed2047_center_lstm_h40.csv,0.662097692489624,0.8136938567358267,0.5554358959197998,60.60441589355469,41.36920166015625,54.49071502685547,False,
beijing_24h_24h_station1013_seed2047_center_lstm_h48,beijing,24,24,1013,2047,lstm,48,center_lstm_h48,completed,22,1.2015348672866821,2.536742315000083,0.4858524449991819,test,1,9,10968,10968,10968,predictions/beijing_24h_24h_station1013_seed2047_center_lstm_h48.npz,checkpoints/beijing_24h_24h_station1013_seed2047_center_lstm_h48.pt,training_logs/beijing_24h_24h_station1013_seed2047_center_lstm_h48.csv,0.6593281626701355,0.8119902478910295,0.5598578453063965,60.4775276184082,41.698551177978516,54.97249221801758,False,
beijing_24h_24h_station1013_seed2047_center_lstm_h64,beijing,24,24,1013,2047,lstm,64,center_lstm_h64,completed,11,1.1981853246688843,2.930159599000035,0.48418783499982965,test,1,9,18712,18712,18712,predictions/beijing_24h_24h_station1013_seed2047_center_lstm_h64.npz,checkpoints/beijing_24h_24h_station1013_seed2047_center_lstm_h64.pt,training_logs/beijing_24h_24h_station1013_seed2047_center_lstm_h64.csv,0.6658939719200134,0.8160232667761462,0.5680214166641235,60.77790451049805,42.306575775146484,55.7103271484375,False,
beijing_24h_24h_station1013_seed2048_center_gru_h8,beijing,24,24,1013,2048,gru,8,center_gru_h8,completed,40,1.2052723169326782,3.932140934999552,0.006976701999519719,test,1,9,480,480,480,predictions/beijing_24h_24h_station1013_seed2048_center_gru_h8.npz,checkpoints/beijing_24h_24h_station1013_seed2048_center_gru_h8.pt,training_logs/beijing_24h_24h_station1013_seed2048_center_gru_h8.csv,0.6426671147346497,0.8016652136238978,0.5513011813163757,59.70851135253906,41.06124496459961,54.091102600097656,False,
beijing_24h_24h_station1013_seed2048_center_gru_h16,beijing,24,24,1013,2048,gru,16,center_gru_h16,completed,40,1.2036848068237305,3.975064117999864,0.007263019999300013,test,1,9,1320,1320,1320,predictions/beijing_24h_24h_station1013_seed2048_center_gru_h16.npz,checkpoints/beijing_24h_24h_station1013_seed2048_center_gru_h16.pt,training_logs/beijing_24h_24h_station1013_seed2048_center_gru_h16.csv,0.6414925456047058,0.8009322977659883,0.551405131816864,59.65392303466797,41.06898880004883,54.17558670043945,False,
beijing_24h_24h_station1013_seed2048_center_gru_h32,beijing,24,24,1013,2048,gru,32,center_gru_h32,completed,40,1.2114650011062622,4.225602444999822,0.007719467999777407,test,1,9,4152,4152,4152,predictions/beijing_24h_24h_station1013_seed2048_center_gru_h32.npz,checkpoints/beijing_24h_24h_station1013_seed2048_center_gru_h32.pt,training_logs/beijing_24h_24h_station1013_seed2048_center_gru_h32.csv,0.6399584412574768,0.7999740253642469,0.5518234372138977,59.58254623413086,41.10014343261719,54.3256950378418,False,
beijing_24h_24h_station1013_seed2048_center_gru_h40,beijing,24,24,1013,2048,gru,40,center_gru_h40,completed,19,1.2083667516708374,2.8829556000000593,0.0077514179993158905,test,1,9,6144,6144,6144,predictions/beijing_24h_24h_station1013_seed2048_center_gru_h40.npz,checkpoints/beijing_24h_24h_station1013_seed2048_center_gru_h40.pt,training_logs/beijing_24h_24h_station1013_seed2048_center_gru_h40.csv,0.6422684788703918,0.8014165451688603,0.5543873906135559,59.68999099731445,41.29111099243164,54.55331039428711,False,
beijing_24h_24h_station1013_seed2048_center_gru_h48,beijing,24,24,1013,2048,gru,48,center_gru_h48,completed,19,1.2060717344284058,2.915003252999668,0.007938557999295881,test,1,9,8520,8520,8520,predictions/beijing_24h_24h_station1013_seed2048_center_gru_h48.npz,checkpoints/beijing_24h_24h_station1013_seed2048_center_gru_h48.pt,training_logs/beijing_24h_24h_station1013_seed2048_center_gru_h48.csv,0.6407316327095032,0.8004571398329227,0.5535517334938049,59.618534088134766,41.22886657714844,54.400230407714844,False,
beijing_24h_24h_station1013_seed2048_center_gru_h64,beijing,24,24,1013,2048,gru,64,center_gru_h64,completed,24,1.190237045288086,3.783490191000965,0.008364746001461754,test,1,9,14424,14424,14424,predictions/beijing_24h_24h_station1013_seed2048_center_gru_h64.npz,checkpoints/beijing_24h_24h_station1013_seed2048_center_gru_h64.pt,training_logs/beijing_24h_24h_station1013_seed2048_center_gru_h64.csv,0.6400021910667419,0.8000013694155417,0.5522892475128174,59.58458709716797,41.13483810424805,54.31269454956055,False,
beijing_24h_24h_station1013_seed2048_center_lstm_h8,beijing,24,24,1013,2048,lstm,8,center_lstm_h8,completed,39,1.2168675661087036,3.257810391000021,0.006917507998878136,test,1,9,568,568,568,predictions/beijing_24h_24h_station1013_seed2048_center_lstm_h8.npz,checkpoints/beijing_24h_24h_station1013_seed2048_center_lstm_h8.pt,training_logs/beijing_24h_24h_station1013_seed2048_center_lstm_h8.csv,0.6444621682167053,0.8027840109373787,0.5543926954269409,59.79183578491211,41.29150390625,54.63108825683594,False,
beijing_24h_24h_station1013_seed2048_center_lstm_h16,beijing,24,24,1013,2048,lstm,16,center_lstm_h16,completed,33,1.193045973777771,3.293290091000017,0.006750180000381079,test,1,9,1624,1624,1624,predictions/beijing_24h_24h_station1013_seed2048_center_lstm_h16.npz,checkpoints/beijing_24h_24h_station1013_seed2048_center_lstm_h16.pt,training_logs/beijing_24h_24h_station1013_seed2048_center_lstm_h16.csv,0.6545252203941345,0.8090273298190455,0.5558074712753296,60.2568473815918,41.396873474121094,54.379390716552734,False,
beijing_24h_24h_station1013_seed2048_center_lstm_h32,beijing,24,24,1013,2048,lstm,32,center_lstm_h32,completed,29,1.1571624279022217,3.1087046020002163,0.006706830999974045,test,1,9,5272,5272,5272,predictions/beijing_24h_24h_station1013_seed2048_center_lstm_h32.npz,checkpoints/beijing_24h_24h_station1013_seed2048_center_lstm_h32.pt,training_logs/beijing_24h_24h_station1013_seed2048_center_lstm_h32.csv,0.6524293422698975,0.8077309838491387,0.5572139620780945,60.16029357910156,41.50163269042969,54.719573974609375,False,
beijing_24h_24h_station1013_seed2048_center_lstm_h40,beijing,24,24,1013,2048,lstm,40,center_lstm_h40,completed,25,1.1749868392944336,2.80011664399899,0.006665372000497882,test,1,9,7864,7864,7864,predictions/beijing_24h_24h_station1013_seed2048_center_lstm_h40.npz,checkpoints/beijing_24h_24h_station1013_seed2048_center_lstm_h40.pt,training_logs/beijing_24h_24h_station1013_seed2048_center_lstm_h40.csv,0.6584469676017761,0.8114474521506467,0.5578399896621704,60.437095642089844,41.54825973510742,54.459495544433594,False,
beijing_24h_24h_station1013_seed2048_center_lstm_h48,beijing,24,24,1013,2048,lstm,48,center_lstm_h48,completed,15,1.1854833364486694,1.9859322030006297,0.00666261299920734,test,1,9,10968,10968,10968,predictions/beijing_24h_24h_station1013_seed2048_center_lstm_h48.npz,checkpoints/beijing_24h_24h_station1013_seed2048_center_lstm_h48.pt,training_logs/beijing_24h_24h_station1013_seed2048_center_lstm_h48.csv,0.6531088352203369,0.8081514927415138,0.5614511966705322,60.191612243652344,41.81722640991211,55.26417922973633,False,
beijing_24h_24h_station1013_seed2048_center_lstm_h64,beijing,24,24,1013,2048,lstm,64,center_lstm_h64,completed,33,1.1233826875686646,3.555850032998933,0.00681585300117149,test,1,9,18712,18712,18712,predictions/beijing_24h_24h_station1013_seed2048_center_lstm_h64.npz,checkpoints/beijing_24h_24h_station1013_seed2048_center_lstm_h64.pt,training_logs/beijing_24h_24h_station1013_seed2048_center_lstm_h64.csv,0.700663685798645,0.8370565606926721,0.5680478811264038,62.34447479248047,42.30854797363281,55.36224365234375,False,
beijing_24h_24h_station1013_seed2049_center_gru_h8,beijing,24,24,1013,2049,gru,8,center_gru_h8,completed,40,1.2119368314743042,3.923672754999643,0.007331320999583113,test,1,9,480,480,480,predictions/beijing_24h_24h_station1013_seed2049_center_gru_h8.npz,checkpoints/beijing_24h_24h_station1013_seed2049_center_gru_h8.pt,training_logs/beijing_24h_24h_station1013_seed2049_center_gru_h8.csv,0.6405805349349976,0.8003627520911987,0.5533507466316223,59.611507415771484,41.213897705078125,54.29835891723633,False,
beijing_24h_24h_station1013_seed2049_center_gru_h16,beijing,24,24,1013,2049,gru,16,center_gru_h16,completed,36,1.2029255628585815,3.9734939850004594,0.0072544710001238855,test,1,9,1320,1320,1320,predictions/beijing_24h_24h_station1013_seed2049_center_gru_h16.npz,checkpoints/beijing_24h_24h_station1013_seed2049_center_gru_h16.pt,training_logs/beijing_24h_24h_station1013_seed2049_center_gru_h16.csv,0.6401581764221191,0.8000988541562344,0.5522072315216064,59.59184646606445,41.12873077392578,54.23652648925781,False,
beijing_24h_24h_station1013_seed2049_center_gru_h32,beijing,24,24,1013,2049,gru,32,center_gru_h32,completed,18,1.206128478050232,2.7654110319999745,0.007707438999204896,test,1,9,4152,4152,4152,predictions/beijing_24h_24h_station1013_seed2049_center_gru_h32.npz,checkpoints/beijing_24h_24h_station1013_seed2049_center_gru_h32.pt,training_logs/beijing_24h_24h_station1013_seed2049_center_gru_h32.csv,0.6428459882736206,0.801776769602126,0.5567206740379333,59.716819763183594,41.46489715576172,54.89708709716797,False,
beijing_24h_24h_station1013_seed2049_center_gru_h40,beijing,24,24,1013,2049,gru,40,center_gru_h40,completed,15,1.2038190364837646,2.505293840999002,0.007837679999283864,test,1,9,6144,6144,6144,predictions/beijing_24h_24h_station1013_seed2049_center_gru_h40.npz,checkpoints/beijing_24h_24h_station1013_seed2049_center_gru_h40.pt,training_logs/beijing_24h_24h_station1013_seed2049_center_gru_h40.csv,0.6475045680999756,0.8046766854457607,0.5597187280654907,59.93280792236328,41.688194274902344,55.10124588012695,False,
beijing_24h_24h_station1013_seed2049_center_gru_h48,beijing,24,24,1013,2049,gru,48,center_gru_h48,completed,15,1.2016879320144653,2.4907483080005477,0.007894839000073262,test,1,9,8520,8520,8520,predictions/beijing_24h_24h_station1013_seed2049_center_gru_h48.npz,checkpoints/beijing_24h_24h_station1013_seed2049_center_gru_h48.pt,training_logs/beijing_24h_24h_station1013_seed2049_center_gru_h48.csv,0.6444967985153198,0.802805579524283,0.556107223033905,59.7934455871582,41.41920471191406,54.57429885864258,False,
beijing_24h_24h_station1013_seed2049_center_gru_h64,beijing,24,24,1013,2049,gru,64,center_gru_h64,completed,18,1.200013518333435,3.0869124499986356,0.008263928000815213,test,1,9,14424,14424,14424,predictions/beijing_24h_24h_station1013_seed2049_center_gru_h64.npz,checkpoints/beijing_24h_24h_station1013_seed2049_center_gru_h64.pt,training_logs/beijing_24h_24h_station1013_seed2049_center_gru_h64.csv,0.6448307037353516,0.8030135140427909,0.554015576839447,59.808937072753906,41.2634162902832,54.38496398925781,False,
beijing_24h_24h_station1013_seed2049_center_lstm_h8,beijing,24,24,1013,2049,lstm,8,center_lstm_h8,completed,40,1.2142294645309448,3.268946705999042,0.006763478999346262,test,1,9,568,568,568,predictions/beijing_24h_24h_station1013_seed2049_center_lstm_h8.npz,checkpoints/beijing_24h_24h_station1013_seed2049_center_lstm_h8.pt,training_logs/beijing_24h_24h_station1013_seed2049_center_lstm_h8.csv,0.6456208825111389,0.8035053717998025,0.5558586120605469,59.84556579589844,41.40068435668945,54.59135818481445,False,
beijing_24h_24h_station1013_seed2049_center_lstm_h16,beijing,24,24,1013,2049,lstm,16,center_lstm_h16,completed,40,1.1968172788619995,3.2976984420001827,0.006670940001640702,test,1,9,1624,1624,1624,predictions/beijing_24h_24h_station1013_seed2049_center_lstm_h16.npz,checkpoints/beijing_24h_24h_station1013_seed2049_center_lstm_h16.pt,training_logs/beijing_24h_24h_station1013_seed2049_center_lstm_h16.csv,0.6495618224143982,0.8059539828144024,0.5555538535118103,60.02793884277344,41.37799072265625,54.64079284667969,False,
beijing_24h_24h_station1013_seed2049_center_lstm_h32,beijing,24,24,1013,2049,lstm,32,center_lstm_h32,completed,22,1.1675939559936523,2.5120110570005636,0.006653579999692738,test,1,9,5272,5272,5272,predictions/beijing_24h_24h_station1013_seed2049_center_lstm_h32.npz,checkpoints/beijing_24h_24h_station1013_seed2049_center_lstm_h32.pt,training_logs/beijing_24h_24h_station1013_seed2049_center_lstm_h32.csv,0.6545543074607849,0.8090453061854972,0.5600388646125793,60.25818634033203,41.7120361328125,55.0872688293457,False,
beijing_24h_24h_station1013_seed2049_center_lstm_h40,beijing,24,24,1013,2049,lstm,40,center_lstm_h40,completed,35,1.179381251335144,3.3535665560011694,0.006644160999712767,test,1,9,7864,7864,7864,predictions/beijing_24h_24h_station1013_seed2049_center_lstm_h40.npz,checkpoints/beijing_24h_24h_station1013_seed2049_center_lstm_h40.pt,training_logs/beijing_24h_24h_station1013_seed2049_center_lstm_h40.csv,0.6539153456687927,0.8086503234827725,0.5581682920455933,60.22876739501953,41.57270812988281,54.862892150878906,False,
beijing_24h_24h_station1013_seed2049_center_lstm_h48,beijing,24,24,1013,2049,lstm,48,center_lstm_h48,completed,22,1.191393494606018,2.528673647000687,0.006707180999001139,test,1,9,10968,10968,10968,predictions/beijing_24h_24h_station1013_seed2049_center_lstm_h48.npz,checkpoints/beijing_24h_24h_station1013_seed2049_center_lstm_h48.pt,training_logs/beijing_24h_24h_station1013_seed2049_center_lstm_h48.csv,0.6548242568969727,0.809212121076404,0.5610992312431335,60.270606994628906,41.79100799560547,55.06064987182617,False,
beijing_24h_24h_station1013_seed2049_center_lstm_h64,beijing,24,24,1013,2049,lstm,64,center_lstm_h64,completed,24,1.1655223369598389,2.83985603399924,0.006745130998751847,test,1,9,18712,18712,18712,predictions/beijing_24h_24h_station1013_seed2049_center_lstm_h64.npz,checkpoints/beijing_24h_24h_station1013_seed2049_center_lstm_h64.pt,training_logs/beijing_24h_24h_station1013_seed2049_center_lstm_h64.csv,0.6567689180374146,0.8104128071775609,0.5574586987495422,60.36003494262695,41.519866943359375,55.29489517211914,False,
beijing_48h_1h_station1013_seed2047_center_gru_h8,beijing,48,1,1013,2047,gru,8,center_gru_h8,completed,40,0.11875280737876892,7.810337531000187,0.012453912000637501,test,1,9,273,273,273,predictions/beijing_48h_1h_station1013_seed2047_center_gru_h8.npz,checkpoints/beijing_48h_1h_station1013_seed2047_center_gru_h8.pt,training_logs/beijing_48h_1h_station1013_seed2047_center_gru_h8.csv,0.07133916020393372,0.2670939164487535,0.13312101364135742,19.8933162689209,9.914934158325195,16.120609283447266,False,
beijing_48h_1h_station1013_seed2047_center_gru_h16,beijing,48,1,1013,2047,gru,16,center_gru_h16,completed,40,0.106682687997818,6.865075429999706,0.012697373998889816,test,1,9,929,929,929,predictions/beijing_48h_1h_station1013_seed2047_center_gru_h16.npz,checkpoints/beijing_48h_1h_station1013_seed2047_center_gru_h16.pt,training_logs/beijing_48h_1h_station1013_seed2047_center_gru_h16.csv,0.07446268200874329,0.2728785114455576,0.1335066854953766,20.324155807495117,9.943659782409668,16.174219131469727,False,
beijing_48h_1h_station1013_seed2047_center_gru_h32,beijing,48,1,1013,2047,gru,32,center_gru_h32,completed,39,0.09871922433376312,7.25058225200155,0.01374654099890904,test,1,9,3393,3393,3393,predictions/beijing_48h_1h_station1013_seed2047_center_gru_h32.npz,checkpoints/beijing_48h_1h_station1013_seed2047_center_gru_h32.pt,training_logs/beijing_48h_1h_station1013_seed2047_center_gru_h32.csv,0.0782470703125,0.27972677796825246,0.13513731956481934,20.83422088623047,10.065110206604004,17.0270938873291,False,
beijing_48h_1h_station1013_seed2047_center_gru_h40,beijing,48,1,1013,2047,gru,40,center_gru_h40,completed,29,0.09944631159305573,6.730644788000063,0.013942284000222571,test,1,9,5201,5201,5201,predictions/beijing_48h_1h_station1013_seed2047_center_gru_h40.npz,checkpoints/beijing_48h_1h_station1013_seed2047_center_gru_h40.pt,training_logs/beijing_48h_1h_station1013_seed2047_center_gru_h40.csv,0.08016883581876755,0.28314101754914905,0.13321875035762787,21.088516235351562,9.922213554382324,16.344812393188477,False,
beijing_48h_1h_station1013_seed2047_center_gru_h48,beijing,48,1,1013,2047,gru,48,center_gru_h48,completed,39,0.09982864558696747,7.521917270998529,0.014170865000778576,test,1,9,7393,7393,7393,predictions/beijing_48h_1h_station1013_seed2047_center_gru_h48.npz,checkpoints/beijing_48h_1h_station1013_seed2047_center_gru_h48.pt,training_logs/beijing_48h_1h_station1013_seed2047_center_gru_h48.csv,0.08169929683208466,0.285830888519916,0.1345553696155548,21.288856506347656,10.02176570892334,16.712465286254883,False,
beijing_48h_1h_station1013_seed2047_center_gru_h64,beijing,48,1,1013,2047,gru,64,center_gru_h64,completed,34,0.0987127423286438,8.4779166240005,0.014832435999778681,test,1,9,12929,12929,12929,predictions/beijing_48h_1h_station1013_seed2047_center_gru_h64.npz,checkpoints/beijing_48h_1h_station1013_seed2047_center_gru_h64.pt,training_logs/beijing_48h_1h_station1013_seed2047_center_gru_h64.csv,0.08114948123693466,0.2848674801323146,0.13551408052444458,21.21710205078125,10.093172073364258,17.269853591918945,False,
beijing_48h_1h_station1013_seed2047_center_lstm_h8,beijing,48,1,1013,2047,lstm,8,center_lstm_h8,completed,40,0.1465090811252594,5.970522723000613,0.012628442000277573,test,1,9,361,361,361,predictions/beijing_48h_1h_station1013_seed2047_center_lstm_h8.npz,checkpoints/beijing_48h_1h_station1013_seed2047_center_lstm_h8.pt,training_logs/beijing_48h_1h_station1013_seed2047_center_lstm_h8.csv,0.07685066014528275,0.27721951616955604,0.13937130570411682,20.647476196289062,10.380459785461426,16.803939819335938,False,
beijing_48h_1h_station1013_seed2047_center_lstm_h16,beijing,48,1,1013,2047,lstm,16,center_lstm_h16,completed,39,0.108208566904068,5.948039360999246,0.012272210000446648,test,1,9,1233,1233,1233,predictions/beijing_48h_1h_station1013_seed2047_center_lstm_h16.npz,checkpoints/beijing_48h_1h_station1013_seed2047_center_lstm_h16.pt,training_logs/beijing_48h_1h_station1013_seed2047_center_lstm_h16.csv,0.07358747720718384,0.2712701185298223,0.1346045732498169,20.204362869262695,10.025431632995605,16.65202522277832,False,
beijing_48h_1h_station1013_seed2047_center_lstm_h32,beijing,48,1,1013,2047,lstm,32,center_lstm_h32,completed,39,0.09837162494659424,6.072752194000714,0.012225807000504574,test,1,9,4513,4513,4513,predictions/beijing_48h_1h_station1013_seed2047_center_lstm_h32.npz,checkpoints/beijing_48h_1h_station1013_seed2047_center_lstm_h32.pt,training_logs/beijing_48h_1h_station1013_seed2047_center_lstm_h32.csv,0.07533387839794159,0.27447017761123266,0.1311708688735962,20.442703247070312,9.769685745239258,15.627588272094727,False,
beijing_48h_1h_station1013_seed2047_center_lstm_h40,beijing,48,1,1013,2047,lstm,40,center_lstm_h40,completed,34,0.09790706634521484,6.116589724999358,0.012178113000118174,test,1,9,6921,6921,6921,predictions/beijing_48h_1h_station1013_seed2047_center_lstm_h40.npz,checkpoints/beijing_48h_1h_station1013_seed2047_center_lstm_h40.pt,training_logs/beijing_48h_1h_station1013_seed2047_center_lstm_h40.csv,0.0761135071516037,0.2758867650895992,0.1352681815624237,20.548213958740234,10.074854850769043,17.129289627075195,False,
beijing_48h_1h_station1013_seed2047_center_lstm_h48,beijing,48,1,1013,2047,lstm,48,center_lstm_h48,completed,34,0.09745422750711441,6.281140815000981,0.012149100000897306,test,1,9,9841,9841,9841,predictions/beijing_48h_1h_station1013_seed2047_center_lstm_h48.npz,checkpoints/beijing_48h_1h_station1013_seed2047_center_lstm_h48.pt,training_logs/beijing_48h_1h_station1013_seed2047_center_lstm_h48.csv,0.07654852420091629,0.27667403962228965,0.1334117203950882,20.606847763061523,9.936585426330566,16.550779342651367,False,
beijing_48h_1h_station1013_seed2047_center_lstm_h64,beijing,48,1,1013,2047,lstm,64,center_lstm_h64,completed,39,0.09702467173337936,6.647560462000911,0.012159655001596548,test,1,9,17217,17217,17217,predictions/beijing_48h_1h_station1013_seed2047_center_lstm_h64.npz,checkpoints/beijing_48h_1h_station1013_seed2047_center_lstm_h64.pt,training_logs/beijing_48h_1h_station1013_seed2047_center_lstm_h64.csv,0.07947482913732529,0.281912804138665,0.13573984801769257,20.99703598022461,10.1099853515625,16.847793579101562,False,
beijing_48h_1h_station1013_seed2048_center_gru_h8,beijing,48,1,1013,2048,gru,8,center_gru_h8,completed,40,0.13343311846256256,6.719794747999913,0.012659513999096816,test,1,9,273,273,273,predictions/beijing_48h_1h_station1013_seed2048_center_gru_h8.npz,checkpoints/beijing_48h_1h_station1013_seed2048_center_gru_h8.pt,training_logs/beijing_48h_1h_station1013_seed2048_center_gru_h8.csv,0.07523491978645325,0.2742898463057888,0.135440856218338,20.42927360534668,10.087717056274414,15.77114486694336,False,
beijing_48h_1h_station1013_seed2048_center_gru_h16,beijing,48,1,1013,2048,gru,16,center_gru_h16,completed,40,0.10333973914384842,6.883295833000375,0.012963858998773503,test,1,9,929,929,929,predictions/beijing_48h_1h_station1013_seed2048_center_gru_h16.npz,checkpoints/beijing_48h_1h_station1013_seed2048_center_gru_h16.pt,training_logs/beijing_48h_1h_station1013_seed2048_center_gru_h16.csv,0.07532359659671783,0.27445144670181254,0.1340196579694748,20.44131088256836,9.981864929199219,16.92959976196289,False,
beijing_48h_1h_station1013_seed2048_center_gru_h32,beijing,48,1,1013,2048,gru,32,center_gru_h32,completed,39,0.09845992922782898,7.26361530199938,0.01399806900008116,test,1,9,3393,3393,3393,predictions/beijing_48h_1h_station1013_seed2048_center_gru_h32.npz,checkpoints/beijing_48h_1h_station1013_seed2048_center_gru_h32.pt,training_logs/beijing_48h_1h_station1013_seed2048_center_gru_h32.csv,0.07778439670801163,0.2788985419610716,0.1334192156791687,20.772531509399414,9.937143325805664,16.658769607543945,False,
beijing_48h_1h_station1013_seed2048_center_gru_h40,beijing,48,1,1013,2048,gru,40,center_gru_h40,completed,38,0.09803643822669983,7.281759569999849,0.01397652699961327,test,1,9,5201,5201,5201,predictions/beijing_48h_1h_station1013_seed2048_center_gru_h40.npz,checkpoints/beijing_48h_1h_station1013_seed2048_center_gru_h40.pt,training_logs/beijing_48h_1h_station1013_seed2048_center_gru_h40.csv,0.07772958278656006,0.2788002560733402,0.13365581631660461,20.765213012695312,9.954765319824219,16.814420700073242,False,
beijing_48h_1h_station1013_seed2048_center_gru_h48,beijing,48,1,1013,2048,gru,48,center_gru_h48,completed,30,0.0978684201836586,7.1359648130001005,0.014120857998932479,test,1,9,7393,7393,7393,predictions/beijing_48h_1h_station1013_seed2048_center_gru_h48.npz,checkpoints/beijing_48h_1h_station1013_seed2048_center_gru_h48.pt,training_logs/beijing_48h_1h_station1013_seed2048_center_gru_h48.csv,0.07894393056631088,0.2809696257005566,0.13370317220687866,20.926788330078125,9.958292961120605,16.80571746826172,False,
beijing_48h_1h_station1013_seed2048_center_gru_h64,beijing,48,1,1013,2048,gru,64,center_gru_h64,completed,30,0.09856712073087692,8.06495092700061,0.014848302000245894,test,1,9,12929,12929,12929,predictions/beijing_48h_1h_station1013_seed2048_center_gru_h64.npz,checkpoints/beijing_48h_1h_station1013_seed2048_center_gru_h64.pt,training_logs/beijing_48h_1h_station1013_seed2048_center_gru_h64.csv,0.08087432384490967,0.2843841132076644,0.13494375348091125,21.18109893798828,10.050692558288574,17.1397762298584,False,
beijing_48h_1h_station1013_seed2048_center_lstm_h8,beijing,48,1,1013,2048,lstm,8,center_lstm_h8,completed,40,0.15955734252929688,6.02007574199888,0.012130062999858637,test,1,9,361,361,361,predictions/beijing_48h_1h_station1013_seed2048_center_lstm_h8.npz,checkpoints/beijing_48h_1h_station1013_seed2048_center_lstm_h8.pt,training_logs/beijing_48h_1h_station1013_seed2048_center_lstm_h8.csv,0.08044317364692688,0.28362505821405637,0.14487726986408234,21.12456703186035,10.790546417236328,17.437713623046875,False,
beijing_48h_1h_station1013_seed2048_center_lstm_h16,beijing,48,1,1013,2048,lstm,16,center_lstm_h16,completed,40,0.10955863445997238,5.969531266000558,0.012132338000810705,test,1,9,1233,1233,1233,predictions/beijing_48h_1h_station1013_seed2048_center_lstm_h16.npz,checkpoints/beijing_48h_1h_station1013_seed2048_center_lstm_h16.pt,training_logs/beijing_48h_1h_station1013_seed2048_center_lstm_h16.csv,0.07229714095592499,0.26888127669275336,0.13355086743831635,20.026439666748047,9.946948051452637,16.500808715820312,False,
beijing_48h_1h_station1013_seed2048_center_lstm_h32,beijing,48,1,1013,2048,lstm,32,center_lstm_h32,completed,40,0.09885938465595245,6.05785215799915,0.01219347000005655,test,1,9,4513,4513,4513,predictions/beijing_48h_1h_station1013_seed2048_center_lstm_h32.npz,checkpoints/beijing_48h_1h_station1013_seed2048_center_lstm_h32.pt,training_logs/beijing_48h_1h_station1013_seed2048_center_lstm_h32.csv,0.07470443844795227,0.27332112696963673,0.1336595118045807,20.35712432861328,9.95504093170166,16.64866065979004,False,
beijing_48h_1h_station1013_seed2048_center_lstm_h40,beijing,48,1,1013,2048,lstm,40,center_lstm_h40,completed,40,0.09704114496707916,6.132168186999479,0.012137096000515157,test,1,9,6921,6921,6921,predictions/beijing_48h_1h_station1013_seed2048_center_lstm_h40.npz,checkpoints/beijing_48h_1h_station1013_seed2048_center_lstm_h40.pt,training_logs/beijing_48h_1h_station1013_seed2048_center_lstm_h40.csv,0.07601688802242279,0.2757116029883813,0.1335737109184265,20.535167694091797,9.948650360107422,16.624706268310547,False,
beijing_48h_1h_station1013_seed2048_center_lstm_h48,beijing,48,1,1013,2048,lstm,48,center_lstm_h48,completed,38,0.09711292386054993,6.271074934998978,0.012144820999310468,test,1,9,9841,9841,9841,predictions/beijing_48h_1h_station1013_seed2048_center_lstm_h48.npz,checkpoints/beijing_48h_1h_station1013_seed2048_center_lstm_h48.pt,training_logs/beijing_48h_1h_station1013_seed2048_center_lstm_h48.csv,0.0772409737110138,0.2779226038144681,0.13417652249336243,20.699844360351562,9.993547439575195,16.912294387817383,False,
beijing_48h_1h_station1013_seed2048_center_lstm_h64,beijing,48,1,1013,2048,lstm,64,center_lstm_h64,completed,30,0.09806832671165466,6.266580522000368,0.012194683000416262,test,1,9,17217,17217,17217,predictions/beijing_48h_1h_station1013_seed2048_center_lstm_h64.npz,checkpoints/beijing_48h_1h_station1013_seed2048_center_lstm_h64.pt,training_logs/beijing_48h_1h_station1013_seed2048_center_lstm_h64.csv,0.0781642347574234,0.279578673645583,0.13336116075515747,20.82318878173828,9.932820320129395,16.442792892456055,False,
beijing_48h_1h_station1013_seed2049_center_gru_h8,beijing,48,1,1013,2049,gru,8,center_gru_h8,completed,40,0.12483882158994675,6.634174560000247,0.012617925000085961,test,1,9,273,273,273,predictions/beijing_48h_1h_station1013_seed2049_center_gru_h8.npz,checkpoints/beijing_48h_1h_station1013_seed2049_center_gru_h8.pt,training_logs/beijing_48h_1h_station1013_seed2049_center_gru_h8.csv,0.07378339767456055,0.27163099542313013,0.1348891258239746,20.23124122619629,10.046624183654785,16.530292510986328,False,
beijing_48h_1h_station1013_seed2049_center_gru_h16,beijing,48,1,1013,2049,gru,16,center_gru_h16,completed,40,0.1040259450674057,6.869597495999187,0.013018417999774101,test,1,9,929,929,929,predictions/beijing_48h_1h_station1013_seed2049_center_gru_h16.npz,checkpoints/beijing_48h_1h_station1013_seed2049_center_gru_h16.pt,training_logs/beijing_48h_1h_station1013_seed2049_center_gru_h16.csv,0.07456403225660324,0.2730641541041285,0.13225166499614716,20.337982177734375,9.850184440612793,16.149263381958008,False,
beijing_48h_1h_station1013_seed2049_center_gru_h32,beijing,48,1,1013,2049,gru,32,center_gru_h32,completed,38,0.09832672774791718,7.247372327001358,0.013716703000682173,test,1,9,3393,3393,3393,predictions/beijing_48h_1h_station1013_seed2049_center_gru_h32.npz,checkpoints/beijing_48h_1h_station1013_seed2049_center_gru_h32.pt,training_logs/beijing_48h_1h_station1013_seed2049_center_gru_h32.csv,0.07770906388759613,0.27876345507902595,0.13308978080749512,20.762470245361328,9.91260814666748,16.397855758666992,False,
beijing_48h_1h_station1013_seed2049_center_gru_h40,beijing,48,1,1013,2049,gru,40,center_gru_h40,completed,40,0.09840577840805054,7.2884210480006,0.013843584998539882,test,1,9,5201,5201,5201,predictions/beijing_48h_1h_station1013_seed2049_center_gru_h40.npz,checkpoints/beijing_48h_1h_station1013_seed2049_center_gru_h40.pt,training_logs/beijing_48h_1h_station1013_seed2049_center_gru_h40.csv,0.07839291542768478,0.279987348692195,0.13203054666519165,20.853628158569336,9.833714485168457,16.246826171875,False,
beijing_48h_1h_station1013_seed2049_center_gru_h48,beijing,48,1,1013,2049,gru,48,center_gru_h48,completed,38,0.0988670215010643,7.387566158000482,0.014107023000178742,test,1,9,7393,7393,7393,predictions/beijing_48h_1h_station1013_seed2049_center_gru_h48.npz,checkpoints/beijing_48h_1h_station1013_seed2049_center_gru_h48.pt,training_logs/beijing_48h_1h_station1013_seed2049_center_gru_h48.csv,0.08012748509645462,0.2830679867036444,0.13322603702545166,21.08307456970215,9.92275619506836,16.577070236206055,False,
beijing_48h_1h_station1013_seed2049_center_gru_h64,beijing,48,1,1013,2049,gru,64,center_gru_h64,completed,34,0.09889987111091614,8.426073943999654,0.01482182899962936,test,1,9,12929,12929,12929,predictions/beijing_48h_1h_station1013_seed2049_center_gru_h64.npz,checkpoints/beijing_48h_1h_station1013_seed2049_center_gru_h64.pt,training_logs/beijing_48h_1h_station1013_seed2049_center_gru_h64.csv,0.08105187863111496,0.28469611629088826,0.13321976363658905,21.20433807373047,9.922289848327637,16.523151397705078,False,
beijing_48h_1h_station1013_seed2049_center_lstm_h8,beijing,48,1,1013,2049,lstm,8,center_lstm_h8,completed,40,0.134415403008461,6.102504382999541,0.012216805000207387,test,1,9,361,361,361,predictions/beijing_48h_1h_station1013_seed2049_center_lstm_h8.npz,checkpoints/beijing_48h_1h_station1013_seed2049_center_lstm_h8.pt,training_logs/beijing_48h_1h_station1013_seed2049_center_lstm_h8.csv,0.07680793106555939,0.2771424382254717,0.13876619935035706,20.64173698425293,10.3353910446167,16.917072296142578,False,
beijing_48h_1h_station1013_seed2049_center_lstm_h16,beijing,48,1,1013,2049,lstm,16,center_lstm_h16,completed,40,0.10250450670719147,5.988580762999845,0.012121120998926926,test,1,9,1233,1233,1233,predictions/beijing_48h_1h_station1013_seed2049_center_lstm_h16.npz,checkpoints/beijing_48h_1h_station1013_seed2049_center_lstm_h16.pt,training_logs/beijing_48h_1h_station1013_seed2049_center_lstm_h16.csv,0.07306073606014252,0.270297495475157,0.13133125007152557,20.131921768188477,9.781630516052246,15.77448558807373,False,
beijing_48h_1h_station1013_seed2049_center_lstm_h32,beijing,48,1,1013,2049,lstm,32,center_lstm_h32,completed,38,0.09799465537071228,6.067118316999768,0.012161943999672076,test,1,9,4513,4513,4513,predictions/beijing_48h_1h_station1013_seed2049_center_lstm_h32.npz,checkpoints/beijing_48h_1h_station1013_seed2049_center_lstm_h32.pt,training_logs/beijing_48h_1h_station1013_seed2049_center_lstm_h32.csv,0.07584810256958008,0.27540534230399394,0.1310378462076187,20.512357711791992,9.759778022766113,15.531556129455566,False,
beijing_48h_1h_station1013_seed2049_center_lstm_h40,beijing,48,1,1013,2049,lstm,40,center_lstm_h40,completed,39,0.09871616959571838,6.132030280001345,0.012254535000465694,test,1,9,6921,6921,6921,predictions/beijing_48h_1h_station1013_seed2049_center_lstm_h40.npz,checkpoints/beijing_48h_1h_station1013_seed2049_center_lstm_h40.pt,training_logs/beijing_48h_1h_station1013_seed2049_center_lstm_h40.csv,0.07632507383823395,0.2762699293050801,0.1318221539258957,20.576751708984375,9.818194389343262,15.851322174072266,False,
beijing_48h_1h_station1013_seed2049_center_lstm_h48,beijing,48,1,1013,2049,lstm,48,center_lstm_h48,completed,39,0.09670553356409073,6.2898546870001155,0.01211684299960325,test,1,9,9841,9841,9841,predictions/beijing_48h_1h_station1013_seed2049_center_lstm_h48.npz,checkpoints/beijing_48h_1h_station1013_seed2049_center_lstm_h48.pt,training_logs/beijing_48h_1h_station1013_seed2049_center_lstm_h48.csv,0.07712256163358688,0.2777094914359012,0.13178867101669312,20.683971405029297,9.81570053100586,15.816961288452148,False,
beijing_48h_1h_station1013_seed2049_center_lstm_h64,beijing,48,1,1013,2049,lstm,64,center_lstm_h64,completed,28,0.0970873236656189,5.935335664999002,0.012204184000438545,test,1,9,17217,17217,17217,predictions/beijing_48h_1h_station1013_seed2049_center_lstm_h64.npz,checkpoints/beijing_48h_1h_station1013_seed2049_center_lstm_h64.pt,training_logs/beijing_48h_1h_station1013_seed2049_center_lstm_h64.csv,0.07773709297180176,0.27881372450401676,0.13594293594360352,20.766216278076172,10.12511157989502,17.262203216552734,False,
beijing_48h_3h_station1013_seed2047_center_gru_h8,beijing,48,3,1013,2047,gru,8,center_gru_h8,completed,40,0.3045123517513275,6.641758243000368,0.012671274998865556,test,1,9,291,291,291,predictions/beijing_48h_3h_station1013_seed2047_center_gru_h8.npz,checkpoints/beijing_48h_3h_station1013_seed2047_center_gru_h8.pt,training_logs/beijing_48h_3h_station1013_seed2047_center_gru_h8.csv,0.16963697969913483,0.4118701005160909,0.22531341016292572,30.67397689819336,16.780189514160156,24.803844451904297,False,
beijing_48h_3h_station1013_seed2047_center_gru_h16,beijing,48,3,1013,2047,gru,16,center_gru_h16,completed,39,0.26523569226264954,6.853016463999666,0.012940163000166649,test,1,9,963,963,963,predictions/beijing_48h_3h_station1013_seed2047_center_gru_h16.npz,checkpoints/beijing_48h_3h_station1013_seed2047_center_gru_h16.pt,training_logs/beijing_48h_3h_station1013_seed2047_center_gru_h16.csv,0.1640729457139969,0.40505918791455264,0.2164783626794815,30.16673469543457,16.12220001220703,24.49176788330078,False,
beijing_48h_3h_station1013_seed2047_center_gru_h32,beijing,48,3,1013,2047,gru,32,center_gru_h32,completed,34,0.25659987330436707,7.238508057000217,0.013949472000604146,test,1,9,3459,3459,3459,predictions/beijing_48h_3h_station1013_seed2047_center_gru_h32.npz,checkpoints/beijing_48h_3h_station1013_seed2047_center_gru_h32.pt,training_logs/beijing_48h_3h_station1013_seed2047_center_gru_h32.csv,0.16893957555294037,0.41102259737505964,0.21482203900814056,30.61086082458496,15.998847007751465,24.360183715820312,False,
beijing_48h_3h_station1013_seed2047_center_gru_h40,beijing,48,3,1013,2047,gru,40,center_gru_h40,completed,39,0.25812917947769165,7.32936662999964,0.014038364000953152,test,1,9,5283,5283,5283,predictions/beijing_48h_3h_station1013_seed2047_center_gru_h40.npz,checkpoints/beijing_48h_3h_station1013_seed2047_center_gru_h40.pt,training_logs/beijing_48h_3h_station1013_seed2047_center_gru_h40.csv,0.17327982187271118,0.41626892974699803,0.21758216619491577,31.0015811920166,16.204408645629883,24.941999435424805,False,
beijing_48h_3h_station1013_seed2047_center_gru_h48,beijing,48,3,1013,2047,gru,48,center_gru_h48,completed,34,0.2590833306312561,7.471261142000003,0.0141997659993649,test,1,9,7491,7491,7491,predictions/beijing_48h_3h_station1013_seed2047_center_gru_h48.npz,checkpoints/beijing_48h_3h_station1013_seed2047_center_gru_h48.pt,training_logs/beijing_48h_3h_station1013_seed2047_center_gru_h48.csv,0.17157317698001862,0.4142139265886875,0.2178441286087036,30.848533630371094,16.223915100097656,24.911815643310547,False,
beijing_48h_3h_station1013_seed2047_center_gru_h64,beijing,48,3,1013,2047,gru,64,center_gru_h64,completed,24,0.2574421763420105,6.762562396999783,0.014777004998904886,test,1,9,13059,13059,13059,predictions/beijing_48h_3h_station1013_seed2047_center_gru_h64.npz,checkpoints/beijing_48h_3h_station1013_seed2047_center_gru_h64.pt,training_logs/beijing_48h_3h_station1013_seed2047_center_gru_h64.csv,0.1742829829454422,0.4174721343340681,0.2156691551208496,31.091188430786133,16.061935424804688,24.084516525268555,False,
beijing_48h_3h_station1013_seed2047_center_lstm_h8,beijing,48,3,1013,2047,lstm,8,center_lstm_h8,completed,40,0.32332053780555725,5.964017674999923,0.012051274999976158,test,1,9,379,379,379,predictions/beijing_48h_3h_station1013_seed2047_center_lstm_h8.npz,checkpoints/beijing_48h_3h_station1013_seed2047_center_lstm_h8.pt,training_logs/beijing_48h_3h_station1013_seed2047_center_lstm_h8.csv,0.170381098985672,0.4127724542477029,0.22682702541351318,30.741178512573242,16.892915725708008,24.229652404785156,False,
beijing_48h_3h_station1013_seed2047_center_lstm_h16,beijing,48,3,1013,2047,lstm,16,center_lstm_h16,completed,39,0.2715393900871277,5.973804150000433,0.012138956000853796,test,1,9,1267,1267,1267,predictions/beijing_48h_3h_station1013_seed2047_center_lstm_h16.npz,checkpoints/beijing_48h_3h_station1013_seed2047_center_lstm_h16.pt,training_logs/beijing_48h_3h_station1013_seed2047_center_lstm_h16.csv,0.16501952707767487,0.4062259556917491,0.21957895159721375,30.253629684448242,16.353116989135742,25.138032913208008,False,
beijing_48h_3h_station1013_seed2047_center_lstm_h32,beijing,48,3,1013,2047,lstm,32,center_lstm_h32,completed,34,0.25793468952178955,6.083970253999723,0.012224216001413879,test,1,9,4579,4579,4579,predictions/beijing_48h_3h_station1013_seed2047_center_lstm_h32.npz,checkpoints/beijing_48h_3h_station1013_seed2047_center_lstm_h32.pt,training_logs/beijing_48h_3h_station1013_seed2047_center_lstm_h32.csv,0.1666938215494156,0.4082815469126857,0.21535393595695496,30.406721115112305,16.0384578704834,24.019874572753906,False,
beijing_48h_3h_station1013_seed2047_center_lstm_h40,beijing,48,3,1013,2047,lstm,40,center_lstm_h40,completed,37,0.2572226822376251,6.119544342000154,0.012275179000425851,test,1,9,7003,7003,7003,predictions/beijing_48h_3h_station1013_seed2047_center_lstm_h40.npz,checkpoints/beijing_48h_3h_station1013_seed2047_center_lstm_h40.pt,training_logs/beijing_48h_3h_station1013_seed2047_center_lstm_h40.csv,0.16999760270118713,0.4123076553996871,0.22085043787956238,30.70656394958496,16.447813034057617,25.316944122314453,False,
beijing_48h_3h_station1013_seed2047_center_lstm_h48,beijing,48,3,1013,2047,lstm,48,center_lstm_h48,completed,26,0.25806841254234314,5.328858879000109,0.01199033699958818,test,1,9,9939,9939,9939,predictions/beijing_48h_3h_station1013_seed2047_center_lstm_h48.npz,checkpoints/beijing_48h_3h_station1013_seed2047_center_lstm_h48.pt,training_logs/beijing_48h_3h_station1013_seed2047_center_lstm_h48.csv,0.17061938345432281,0.4130609924143441,0.2193453013896942,30.762670516967773,16.33571434020996,24.118154525756836,False,
beijing_48h_3h_station1013_seed2047_center_lstm_h64,beijing,48,3,1013,2047,lstm,64,center_lstm_h64,completed,26,0.25387126207351685,5.589069147999908,0.012134267000874388,test,1,9,17347,17347,17347,predictions/beijing_48h_3h_station1013_seed2047_center_lstm_h64.npz,checkpoints/beijing_48h_3h_station1013_seed2047_center_lstm_h64.pt,training_logs/beijing_48h_3h_station1013_seed2047_center_lstm_h64.csv,0.17621111869812012,0.4197750810828581,0.22481578588485718,31.2627010345459,16.74312973022461,24.446001052856445,False,
beijing_48h_3h_station1013_seed2048_center_gru_h8,beijing,48,3,1013,2048,gru,8,center_gru_h8,completed,40,0.30885380506515503,6.635385386000053,0.012728106999929878,test,1,9,291,291,291,predictions/beijing_48h_3h_station1013_seed2048_center_gru_h8.npz,checkpoints/beijing_48h_3h_station1013_seed2048_center_gru_h8.pt,training_logs/beijing_48h_3h_station1013_seed2048_center_gru_h8.csv,0.16889260709285736,0.4109654572988554,0.22566331923007965,30.606603622436523,16.806249618530273,25.269962310791016,False,
beijing_48h_3h_station1013_seed2048_center_gru_h16,beijing,48,3,1013,2048,gru,16,center_gru_h16,completed,39,0.2667730152606964,6.869713313999455,0.01305731299908075,test,1,9,963,963,963,predictions/beijing_48h_3h_station1013_seed2048_center_gru_h16.npz,checkpoints/beijing_48h_3h_station1013_seed2048_center_gru_h16.pt,training_logs/beijing_48h_3h_station1013_seed2048_center_gru_h16.csv,0.16380423307418823,0.4047273564687569,0.215788334608078,30.14202308654785,16.070810317993164,24.103519439697266,False,
beijing_48h_3h_station1013_seed2048_center_gru_h32,beijing,48,3,1013,2048,gru,32,center_gru_h32,completed,38,0.25750330090522766,7.3252401250010735,0.013691342999663902,test,1,9,3459,3459,3459,predictions/beijing_48h_3h_station1013_seed2048_center_gru_h32.npz,checkpoints/beijing_48h_3h_station1013_seed2048_center_gru_h32.pt,training_logs/beijing_48h_3h_station1013_seed2048_center_gru_h32.csv,0.16845296323299408,0.41043021725135453,0.21501055359840393,30.566743850708008,16.01288414001465,24.211681365966797,False,
beijing_48h_3h_station1013_seed2048_center_gru_h40,beijing,48,3,1013,2048,gru,40,center_gru_h40,completed,38,0.2578803300857544,7.349165860001449,0.013828544000716647,test,1,9,5283,5283,5283,predictions/beijing_48h_3h_station1013_seed2048_center_gru_h40.npz,checkpoints/beijing_48h_3h_station1013_seed2048_center_gru_h40.pt,training_logs/beijing_48h_3h_station1013_seed2048_center_gru_h40.csv,0.16921058297157288,0.4113521398650709,0.2169121950864792,30.63540267944336,16.154510498046875,24.84251594543457,False,
beijing_48h_3h_station1013_seed2048_center_gru_h48,beijing,48,3,1013,2048,gru,48,center_gru_h48,completed,38,0.2572028934955597,7.43009243600136,0.014324447000035434,test,1,9,7491,7491,7491,predictions/beijing_48h_3h_station1013_seed2048_center_gru_h48.npz,checkpoints/beijing_48h_3h_station1013_seed2048_center_gru_h48.pt,training_logs/beijing_48h_3h_station1013_seed2048_center_gru_h48.csv,0.17314310371875763,0.41610467879940694,0.21575891971588135,30.989347457885742,16.068618774414062,24.48042106628418,False,
beijing_48h_3h_station1013_seed2048_center_gru_h64,beijing,48,3,1013,2048,gru,64,center_gru_h64,completed,31,0.25675228238105774,8.249501636000787,0.014812842000537785,test,1,9,13059,13059,13059,predictions/beijing_48h_3h_station1013_seed2048_center_gru_h64.npz,checkpoints/beijing_48h_3h_station1013_seed2048_center_gru_h64.pt,training_logs/beijing_48h_3h_station1013_seed2048_center_gru_h64.csv,0.17341335117816925,0.41642928712828214,0.21677614748477936,31.01352310180664,16.144380569458008,24.714759826660156,False,
beijing_48h_3h_station1013_seed2048_center_lstm_h8,beijing,48,3,1013,2048,lstm,8,center_lstm_h8,completed,40,0.2985120415687561,5.951540342999579,0.01218494900058431,test,1,9,379,379,379,predictions/beijing_48h_3h_station1013_seed2048_center_lstm_h8.npz,checkpoints/beijing_48h_3h_station1013_seed2048_center_lstm_h8.pt,training_logs/beijing_48h_3h_station1013_seed2048_center_lstm_h8.csv,0.16251449286937714,0.4031308632062015,0.21989811956882477,30.023120880126953,16.37688636779785,24.716510772705078,False,
beijing_48h_3h_station1013_seed2048_center_lstm_h16,beijing,48,3,1013,2048,lstm,16,center_lstm_h16,completed,39,0.27133607864379883,5.998006730998895,0.012230600999828312,test,1,9,1267,1267,1267,predictions/beijing_48h_3h_station1013_seed2048_center_lstm_h16.npz,checkpoints/beijing_48h_3h_station1013_seed2048_center_lstm_h16.pt,training_logs/beijing_48h_3h_station1013_seed2048_center_lstm_h16.csv,0.16260863840579987,0.4032476142592785,0.21613869071006775,30.03182029724121,16.09690284729004,24.33609962463379,False,
beijing_48h_3h_station1013_seed2048_center_lstm_h32,beijing,48,3,1013,2048,lstm,32,center_lstm_h32,completed,35,0.2592288553714752,6.081957129999864,0.012170474999948055,test,1,9,4579,4579,4579,predictions/beijing_48h_3h_station1013_seed2048_center_lstm_h32.npz,checkpoints/beijing_48h_3h_station1013_seed2048_center_lstm_h32.pt,training_logs/beijing_48h_3h_station1013_seed2048_center_lstm_h32.csv,0.16659152507781982,0.4081562508131167,0.21775387227535248,30.397388458251953,16.217195510864258,24.65679359436035,False,
beijing_48h_3h_station1013_seed2048_center_lstm_h40,beijing,48,3,1013,2048,lstm,40,center_lstm_h40,completed,35,0.25305667519569397,6.179325098000845,0.012288836000152514,test,1,9,7003,7003,7003,predictions/beijing_48h_3h_station1013_seed2048_center_lstm_h40.npz,checkpoints/beijing_48h_3h_station1013_seed2048_center_lstm_h40.pt,training_logs/beijing_48h_3h_station1013_seed2048_center_lstm_h40.csv,0.17053376138210297,0.4129573360313423,0.21715755760669708,30.75495147705078,16.17278289794922,24.424739837646484,False,
beijing_48h_3h_station1013_seed2048_center_lstm_h48,beijing,48,3,1013,2048,lstm,48,center_lstm_h48,completed,32,0.2526811361312866,6.378300833001049,0.01226284899894381,test,1,9,9939,9939,9939,predictions/beijing_48h_3h_station1013_seed2048_center_lstm_h48.npz,checkpoints/beijing_48h_3h_station1013_seed2048_center_lstm_h48.pt,training_logs/beijing_48h_3h_station1013_seed2048_center_lstm_h48.csv,0.17100566625595093,0.41352831372948445,0.22389334440231323,30.79747200012207,16.67443084716797,25.81793975830078,False,
beijing_48h_3h_station1013_seed2048_center_lstm_h64,beijing,48,3,1013,2048,lstm,64,center_lstm_h64,completed,22,0.25195178389549255,5.049665880998873,0.012148822999733966,test,1,9,17347,17347,17347,predictions/beijing_48h_3h_station1013_seed2048_center_lstm_h64.npz,checkpoints/beijing_48h_3h_station1013_seed2048_center_lstm_h64.pt,training_logs/beijing_48h_3h_station1013_seed2048_center_lstm_h64.csv,0.17188192903995514,0.4145864554468165,0.2254789173603058,30.876277923583984,16.792516708374023,26.07655906677246,False,
beijing_48h_3h_station1013_seed2049_center_gru_h8,beijing,48,3,1013,2049,gru,8,center_gru_h8,completed,40,0.2870379686355591,6.631745840999429,0.012676636000833241,test,1,9,291,291,291,predictions/beijing_48h_3h_station1013_seed2049_center_gru_h8.npz,checkpoints/beijing_48h_3h_station1013_seed2049_center_gru_h8.pt,training_logs/beijing_48h_3h_station1013_seed2049_center_gru_h8.csv,0.16535508632659912,0.4066387663843662,0.2211010605096817,30.284374237060547,16.466474533081055,25.0977725982666,False,
beijing_48h_3h_station1013_seed2049_center_gru_h16,beijing,48,3,1013,2049,gru,16,center_gru_h16,completed,40,0.26438891887664795,6.870783124999434,0.013046031999692786,test,1,9,963,963,963,predictions/beijing_48h_3h_station1013_seed2049_center_gru_h16.npz,checkpoints/beijing_48h_3h_station1013_seed2049_center_gru_h16.pt,training_logs/beijing_48h_3h_station1013_seed2049_center_gru_h16.csv,0.16590386629104614,0.40731298320952913,0.2165456861257553,30.33458709716797,16.127216339111328,24.430484771728516,False,
beijing_48h_3h_station1013_seed2049_center_gru_h32,beijing,48,3,1013,2049,gru,32,center_gru_h32,completed,37,0.25734055042266846,7.292502682999839,0.01366555300046457,test,1,9,3459,3459,3459,predictions/beijing_48h_3h_station1013_seed2049_center_gru_h32.npz,checkpoints/beijing_48h_3h_station1013_seed2049_center_gru_h32.pt,training_logs/beijing_48h_3h_station1013_seed2049_center_gru_h32.csv,0.16839691996574402,0.4103619377643887,0.215855211019516,30.561656951904297,16.07579231262207,24.59665298461914,False,
beijing_48h_3h_station1013_seed2049_center_gru_h40,beijing,48,3,1013,2049,gru,40,center_gru_h40,completed,37,0.2579156756401062,7.426965399999972,0.013861104000170599,test,1,9,5283,5283,5283,predictions/beijing_48h_3h_station1013_seed2049_center_gru_h40.npz,checkpoints/beijing_48h_3h_station1013_seed2049_center_gru_h40.pt,training_logs/beijing_48h_3h_station1013_seed2049_center_gru_h40.csv,0.17044083774089813,0.412844810722986,0.21665923297405243,30.74656867980957,16.135671615600586,24.4832763671875,False,
beijing_48h_3h_station1013_seed2049_center_gru_h48,beijing,48,3,1013,2049,gru,48,center_gru_h48,completed,31,0.2567651867866516,7.2873703529985505,0.014106321999861393,test,1,9,7491,7491,7491,predictions/beijing_48h_3h_station1013_seed2049_center_gru_h48.npz,checkpoints/beijing_48h_3h_station1013_seed2049_center_gru_h48.pt,training_logs/beijing_48h_3h_station1013_seed2049_center_gru_h48.csv,0.17106465995311737,0.413599637273919,0.2198285311460495,30.802785873413086,16.3717041015625,25.638973236083984,False,
beijing_48h_3h_station1013_seed2049_center_gru_h64,beijing,48,3,1013,2049,gru,64,center_gru_h64,completed,31,0.25760164856910706,8.3969390809998,0.014780374000110896,test,1,9,13059,13059,13059,predictions/beijing_48h_3h_station1013_seed2049_center_gru_h64.npz,checkpoints/beijing_48h_3h_station1013_seed2049_center_gru_h64.pt,training_logs/beijing_48h_3h_station1013_seed2049_center_gru_h64.csv,0.17423710227012634,0.4174171801329293,0.22055448591709137,31.087095260620117,16.425771713256836,25.851287841796875,False,
beijing_48h_3h_station1013_seed2049_center_lstm_h8,beijing,48,3,1013,2049,lstm,8,center_lstm_h8,completed,40,0.28838181495666504,5.963406474998919,0.012224711999806459,test,1,9,379,379,379,predictions/beijing_48h_3h_station1013_seed2049_center_lstm_h8.npz,checkpoints/beijing_48h_3h_station1013_seed2049_center_lstm_h8.pt,training_logs/beijing_48h_3h_station1013_seed2049_center_lstm_h8.csv,0.1635032296180725,0.4043553259425088,0.21796920895576477,30.114315032958984,16.233230590820312,24.34610939025879,False,
beijing_48h_3h_station1013_seed2049_center_lstm_h16,beijing,48,3,1013,2049,lstm,16,center_lstm_h16,completed,40,0.266798198223114,5.993480618999456,0.012258604001544882,test,1,9,1267,1267,1267,predictions/beijing_48h_3h_station1013_seed2049_center_lstm_h16.npz,checkpoints/beijing_48h_3h_station1013_seed2049_center_lstm_h16.pt,training_logs/beijing_48h_3h_station1013_seed2049_center_lstm_h16.csv,0.16382594406604767,0.4047541773299538,0.2142098844051361,30.144020080566406,15.953256607055664,23.454004287719727,False,
beijing_48h_3h_station1013_seed2049_center_lstm_h32,beijing,48,3,1013,2049,lstm,32,center_lstm_h32,completed,37,0.2583915591239929,6.132499041999836,0.011991321000095922,test,1,9,4579,4579,4579,predictions/beijing_48h_3h_station1013_seed2049_center_lstm_h32.npz,checkpoints/beijing_48h_3h_station1013_seed2049_center_lstm_h32.pt,training_logs/beijing_48h_3h_station1013_seed2049_center_lstm_h32.csv,0.16722485423088074,0.40893135638011513,0.2155332863330841,30.455114364624023,16.051816940307617,24.215267181396484,False,
beijing_48h_3h_station1013_seed2049_center_lstm_h40,beijing,48,3,1013,2049,lstm,40,center_lstm_h40,completed,31,0.2563451826572418,5.989015012000891,0.012274868000531569,test,1,9,7003,7003,7003,predictions/beijing_48h_3h_station1013_seed2049_center_lstm_h40.npz,checkpoints/beijing_48h_3h_station1013_seed2049_center_lstm_h40.pt,training_logs/beijing_48h_3h_station1013_seed2049_center_lstm_h40.csv,0.17072516679763794,0.4131890206644387,0.22607384622097015,30.772205352783203,16.836824417114258,26.05847930908203,False,
beijing_48h_3h_station1013_seed2049_center_lstm_h48,beijing,48,3,1013,2049,lstm,48,center_lstm_h48,completed,25,0.2520063817501068,5.18218503999924,0.01213815200026147,test,1,9,9939,9939,9939,predictions/beijing_48h_3h_station1013_seed2049_center_lstm_h48.npz,checkpoints/beijing_48h_3h_station1013_seed2049_center_lstm_h48.pt,training_logs/beijing_48h_3h_station1013_seed2049_center_lstm_h48.csv,0.1703467220067978,0.41273081058578337,0.2204843908548355,30.73807716369629,16.420547485351562,24.368572235107422,False,
beijing_48h_3h_station1013_seed2049_center_lstm_h64,beijing,48,3,1013,2049,lstm,64,center_lstm_h64,completed,36,0.25544098019599915,6.615592782998647,0.012269802000446361,test,1,9,17347,17347,17347,predictions/beijing_48h_3h_station1013_seed2049_center_lstm_h64.npz,checkpoints/beijing_48h_3h_station1013_seed2049_center_lstm_h64.pt,training_logs/beijing_48h_3h_station1013_seed2049_center_lstm_h64.csv,0.17414720356464386,0.4173094817574169,0.22013483941555023,31.079072952270508,16.39451789855957,24.408069610595703,False,
beijing_48h_6h_station1013_seed2047_center_gru_h8,beijing,48,6,1013,2047,gru,8,center_gru_h8,completed,40,0.5034818053245544,6.8280736729993805,0.012807146000341163,test,1,9,318,318,318,predictions/beijing_48h_6h_station1013_seed2047_center_gru_h8.npz,checkpoints/beijing_48h_6h_station1013_seed2047_center_gru_h8.pt,training_logs/beijing_48h_6h_station1013_seed2047_center_gru_h8.csv,0.2799527645111084,0.5291056269887029,0.3140645921230316,39.40507888793945,23.389923095703125,34.25423049926758,False,
beijing_48h_6h_station1013_seed2047_center_gru_h16,beijing,48,6,1013,2047,gru,16,center_gru_h16,completed,37,0.47818610072135925,7.063566210001227,0.013352669999221689,test,1,9,1014,1014,1014,predictions/beijing_48h_6h_station1013_seed2047_center_gru_h16.npz,checkpoints/beijing_48h_6h_station1013_seed2047_center_gru_h16.pt,training_logs/beijing_48h_6h_station1013_seed2047_center_gru_h16.csv,0.27976179122924805,0.5289251281885254,0.30794888734817505,39.391639709472656,22.93445587158203,33.16761779785156,False,
beijing_48h_6h_station1013_seed2047_center_gru_h32,beijing,48,6,1013,2047,gru,32,center_gru_h32,completed,37,0.4700239598751068,7.310274625999227,0.013657576999321464,test,1,9,3558,3558,3558,predictions/beijing_48h_6h_station1013_seed2047_center_gru_h32.npz,checkpoints/beijing_48h_6h_station1013_seed2047_center_gru_h32.pt,training_logs/beijing_48h_6h_station1013_seed2047_center_gru_h32.csv,0.28053584694862366,0.5296563479734985,0.3067733645439148,39.44609451293945,22.84691047668457,33.05671691894531,False,
beijing_48h_6h_station1013_seed2047_center_gru_h40,beijing,48,6,1013,2047,gru,40,center_gru_h40,completed,34,0.46682995557785034,7.339329928001462,0.01396069600014016,test,1,9,5406,5406,5406,predictions/beijing_48h_6h_station1013_seed2047_center_gru_h40.npz,checkpoints/beijing_48h_6h_station1013_seed2047_center_gru_h40.pt,training_logs/beijing_48h_6h_station1013_seed2047_center_gru_h40.csv,0.28518441319465637,0.5340266034521655,0.3054743707180023,39.771568298339844,22.750167846679688,32.887786865234375,False,
beijing_48h_6h_station1013_seed2047_center_gru_h48,beijing,48,6,1013,2047,gru,48,center_gru_h48,completed,21,0.46894505620002747,5.4201892470009625,0.014060225999855902,test,1,9,7638,7638,7638,predictions/beijing_48h_6h_station1013_seed2047_center_gru_h48.npz,checkpoints/beijing_48h_6h_station1013_seed2047_center_gru_h48.pt,training_logs/beijing_48h_6h_station1013_seed2047_center_gru_h48.csv,0.2857370674610138,0.5345437937727963,0.30573466420173645,39.81008529663086,22.769554138183594,32.54964065551758,False,
beijing_48h_6h_station1013_seed2047_center_gru_h64,beijing,48,6,1013,2047,gru,64,center_gru_h64,completed,21,0.46759232878685,6.194137618998866,0.014768126999115339,test,1,9,13254,13254,13254,predictions/beijing_48h_6h_station1013_seed2047_center_gru_h64.npz,checkpoints/beijing_48h_6h_station1013_seed2047_center_gru_h64.pt,training_logs/beijing_48h_6h_station1013_seed2047_center_gru_h64.csv,0.2876778244972229,0.5363560613037042,0.3057320713996887,39.94505310058594,22.769359588623047,32.4122200012207,False,
beijing_48h_6h_station1013_seed2047_center_lstm_h8,beijing,48,6,1013,2047,lstm,8,center_lstm_h8,completed,39,0.520711362361908,5.989311529998304,0.0121635299983609,test,1,9,406,406,406,predictions/beijing_48h_6h_station1013_seed2047_center_lstm_h8.npz,checkpoints/beijing_48h_6h_station1013_seed2047_center_lstm_h8.pt,training_logs/beijing_48h_6h_station1013_seed2047_center_lstm_h8.csv,0.2826496660709381,0.5316480659900289,0.31775447726249695,39.59442901611328,23.664730072021484,34.04585647583008,False,
beijing_48h_6h_station1013_seed2047_center_lstm_h16,beijing,48,6,1013,2047,lstm,16,center_lstm_h16,completed,39,0.4753204584121704,7.2675641879995965,0.012238932000400382,test,1,9,1318,1318,1318,predictions/beijing_48h_6h_station1013_seed2047_center_lstm_h16.npz,checkpoints/beijing_48h_6h_station1013_seed2047_center_lstm_h16.pt,training_logs/beijing_48h_6h_station1013_seed2047_center_lstm_h16.csv,0.2782011032104492,0.527447725571406,0.308898389339447,39.28160858154297,23.005168914794922,33.36259460449219,False,
beijing_48h_6h_station1013_seed2047_center_lstm_h32,beijing,48,6,1013,2047,lstm,32,center_lstm_h32,completed,25,0.4802006781101227,6.274713890999919,0.012155654998423415,test,1,9,4678,4678,4678,predictions/beijing_48h_6h_station1013_seed2047_center_lstm_h32.npz,checkpoints/beijing_48h_6h_station1013_seed2047_center_lstm_h32.pt,training_logs/beijing_48h_6h_station1013_seed2047_center_lstm_h32.csv,0.28682002425193787,0.5355558087183239,0.31633424758911133,39.88545608520508,23.5589542388916,33.582847595214844,False,
beijing_48h_6h_station1013_seed2047_center_lstm_h40,beijing,48,6,1013,2047,lstm,40,center_lstm_h40,completed,23,0.4823486804962158,4.76838350899925,0.012193485999887343,test,1,9,7126,7126,7126,predictions/beijing_48h_6h_station1013_seed2047_center_lstm_h40.npz,checkpoints/beijing_48h_6h_station1013_seed2047_center_lstm_h40.pt,training_logs/beijing_48h_6h_station1013_seed2047_center_lstm_h40.csv,0.30363184213638306,0.5510279867088268,0.3279210925102234,41.03774642944336,24.421884536743164,34.56251907348633,False,
beijing_48h_6h_station1013_seed2047_center_lstm_h48,beijing,48,6,1013,2047,lstm,48,center_lstm_h48,completed,34,0.46106773614883423,7.560104759999376,0.012062839999998687,test,1,9,10086,10086,10086,predictions/beijing_48h_6h_station1013_seed2047_center_lstm_h48.npz,checkpoints/beijing_48h_6h_station1013_seed2047_center_lstm_h48.pt,training_logs/beijing_48h_6h_station1013_seed2047_center_lstm_h48.csv,0.29999032616615295,0.5477137264722812,0.3189794421195984,40.790916442871094,23.755956649780273,33.54789352416992,False,
beijing_48h_6h_station1013_seed2047_center_lstm_h64,beijing,48,6,1013,2047,lstm,64,center_lstm_h64,completed,21,0.4644862711429596,6.146129582999492,0.012196830000902992,test,1,9,17542,17542,17542,predictions/beijing_48h_6h_station1013_seed2047_center_lstm_h64.npz,checkpoints/beijing_48h_6h_station1013_seed2047_center_lstm_h64.pt,training_logs/beijing_48h_6h_station1013_seed2047_center_lstm_h64.csv,0.3023691475391388,0.5498810303503284,0.32364264130592346,40.952327728271484,24.103248596191406,33.69672775268555,False,
beijing_48h_6h_station1013_seed2048_center_gru_h8,beijing,48,6,1013,2048,gru,8,center_gru_h8,completed,40,0.49687039852142334,6.716177679001703,0.012660865000725607,test,1,9,318,318,318,predictions/beijing_48h_6h_station1013_seed2048_center_gru_h8.npz,checkpoints/beijing_48h_6h_station1013_seed2048_center_gru_h8.pt,training_logs/beijing_48h_6h_station1013_seed2048_center_gru_h8.csv,0.27704769372940063,0.5263532024500285,0.30915725231170654,39.20009231567383,23.02444839477539,33.276947021484375,False,
beijing_48h_6h_station1013_seed2048_center_gru_h16,beijing,48,6,1013,2048,gru,16,center_gru_h16,completed,39,0.473351389169693,6.873908503999701,0.01308073100153706,test,1,9,1014,1014,1014,predictions/beijing_48h_6h_station1013_seed2048_center_gru_h16.npz,checkpoints/beijing_48h_6h_station1013_seed2048_center_gru_h16.pt,training_logs/beijing_48h_6h_station1013_seed2048_center_gru_h16.csv,0.27678149938583374,0.5261002750292322,0.3062255084514618,39.18125534057617,22.806108474731445,33.18214416503906,False,
beijing_48h_6h_station1013_seed2048_center_gru_h32,beijing,48,6,1013,2048,gru,32,center_gru_h32,completed,33,0.4649896025657654,7.31073038499926,0.013671204998900066,test,1,9,3558,3558,3558,predictions/beijing_48h_6h_station1013_seed2048_center_gru_h32.npz,checkpoints/beijing_48h_6h_station1013_seed2048_center_gru_h32.pt,training_logs/beijing_48h_6h_station1013_seed2048_center_gru_h32.csv,0.2825206518173218,0.5315267178772124,0.3039926588535309,39.58538818359375,22.639820098876953,32.61689376831055,False,
beijing_48h_6h_station1013_seed2048_center_gru_h40,beijing,48,6,1013,2048,gru,40,center_gru_h40,completed,29,0.46695029735565186,6.747238646999904,0.01392078400022001,test,1,9,5406,5406,5406,predictions/beijing_48h_6h_station1013_seed2048_center_gru_h40.npz,checkpoints/beijing_48h_6h_station1013_seed2048_center_gru_h40.pt,training_logs/beijing_48h_6h_station1013_seed2048_center_gru_h40.csv,0.2837309241294861,0.5326639880163536,0.3061566948890686,39.67008972167969,22.800983428955078,32.886253356933594,False,
beijing_48h_6h_station1013_seed2048_center_gru_h48,beijing,48,6,1013,2048,gru,48,center_gru_h48,completed,29,0.4665229320526123,6.904232263999802,0.014085425000303076,test,1,9,7638,7638,7638,predictions/beijing_48h_6h_station1013_seed2048_center_gru_h48.npz,checkpoints/beijing_48h_6h_station1013_seed2048_center_gru_h48.pt,training_logs/beijing_48h_6h_station1013_seed2048_center_gru_h48.csv,0.2857263386249542,0.5345337581715062,0.3103123903274536,39.8093376159668,23.1104793548584,33.85109329223633,False,
beijing_48h_6h_station1013_seed2048_center_gru_h64,beijing,48,6,1013,2048,gru,64,center_gru_h64,completed,33,0.4672638475894928,8.495488155998828,0.01485975600007805,test,1,9,13254,13254,13254,predictions/beijing_48h_6h_station1013_seed2048_center_gru_h64.npz,checkpoints/beijing_48h_6h_station1013_seed2048_center_gru_h64.pt,training_logs/beijing_48h_6h_station1013_seed2048_center_gru_h64.csv,0.287923127412796,0.5365846880155974,0.30668944120407104,39.96208190917969,22.840662002563477,32.95942306518555,False,
beijing_48h_6h_station1013_seed2048_center_lstm_h8,beijing,48,6,1013,2048,lstm,8,center_lstm_h8,completed,39,0.517320454120636,6.036276207998526,0.012160104999566101,test,1,9,406,406,406,predictions/beijing_48h_6h_station1013_seed2048_center_lstm_h8.npz,checkpoints/beijing_48h_6h_station1013_seed2048_center_lstm_h8.pt,training_logs/beijing_48h_6h_station1013_seed2048_center_lstm_h8.csv,0.28070661425590515,0.5298175292078445,0.3159584105014801,39.458099365234375,23.530963897705078,34.04243469238281,False,
beijing_48h_6h_station1013_seed2048_center_lstm_h16,beijing,48,6,1013,2048,lstm,16,center_lstm_h16,completed,39,0.4757540225982666,6.015929363000396,0.012128986998504843,test,1,9,1318,1318,1318,predictions/beijing_48h_6h_station1013_seed2048_center_lstm_h16.npz,checkpoints/beijing_48h_6h_station1013_seed2048_center_lstm_h16.pt,training_logs/beijing_48h_6h_station1013_seed2048_center_lstm_h16.csv,0.2793469727039337,0.5285328492193591,0.3079477548599243,39.362422943115234,22.934371948242188,32.88618087768555,False,
beijing_48h_6h_station1013_seed2048_center_lstm_h32,beijing,48,6,1013,2048,lstm,32,center_lstm_h32,completed,24,0.48174384236335754,4.8980169290007325,0.012153698000474833,test,1,9,4678,4678,4678,predictions/beijing_48h_6h_station1013_seed2048_center_lstm_h32.npz,checkpoints/beijing_48h_6h_station1013_seed2048_center_lstm_h32.pt,training_logs/beijing_48h_6h_station1013_seed2048_center_lstm_h32.csv,0.28536292910575867,0.5341937187067616,0.3164713978767395,39.78401184082031,23.569169998168945,33.93689727783203,False,
beijing_48h_6h_station1013_seed2048_center_lstm_h40,beijing,48,6,1013,2048,lstm,40,center_lstm_h40,completed,25,0.46865713596343994,5.1136452829996415,0.012162978999185725,test,1,9,7126,7126,7126,predictions/beijing_48h_6h_station1013_seed2048_center_lstm_h40.npz,checkpoints/beijing_48h_6h_station1013_seed2048_center_lstm_h40.pt,training_logs/beijing_48h_6h_station1013_seed2048_center_lstm_h40.csv,0.2988360524177551,0.5466589909786128,0.3253849148750305,40.712364196777344,24.233001708984375,34.202125549316406,False,
beijing_48h_6h_station1013_seed2048_center_lstm_h48,beijing,48,6,1013,2048,lstm,48,center_lstm_h48,completed,17,0.4730251729488373,3.975153613000657,0.012249958999746013,test,1,9,10086,10086,10086,predictions/beijing_48h_6h_station1013_seed2048_center_lstm_h48.npz,checkpoints/beijing_48h_6h_station1013_seed2048_center_lstm_h48.pt,training_logs/beijing_48h_6h_station1013_seed2048_center_lstm_h48.csv,0.3045845329761505,0.5518917765070889,0.3344138264656067,41.10207748413086,24.90542984008789,35.779964447021484,False,
beijing_48h_6h_station1013_seed2048_center_lstm_h64,beijing,48,6,1013,2048,lstm,64,center_lstm_h64,completed,24,0.4653666913509369,5.342372531000365,0.012210861001221929,test,1,9,17542,17542,17542,predictions/beijing_48h_6h_station1013_seed2048_center_lstm_h64.npz,checkpoints/beijing_48h_6h_station1013_seed2048_center_lstm_h64.pt,training_logs/beijing_48h_6h_station1013_seed2048_center_lstm_h64.csv,0.3111233711242676,0.5577843410533031,0.3316853940486908,41.540924072265625,24.70223045349121,35.15037155151367,False,
beijing_48h_6h_station1013_seed2049_center_gru_h8,beijing,48,6,1013,2049,gru,8,center_gru_h8,completed,40,0.5101868510246277,6.665883650000978,0.012689676999798394,test,1,9,318,318,318,predictions/beijing_48h_6h_station1013_seed2049_center_gru_h8.npz,checkpoints/beijing_48h_6h_station1013_seed2049_center_gru_h8.pt,training_logs/beijing_48h_6h_station1013_seed2049_center_gru_h8.csv,0.2828114926815033,0.5318002375718756,0.3133096694946289,39.60575866699219,23.33370018005371,33.11779022216797,False,
beijing_48h_6h_station1013_seed2049_center_gru_h16,beijing,48,6,1013,2049,gru,16,center_gru_h16,completed,39,0.47543570399284363,6.8890092719993845,0.012965715999598615,test,1,9,1014,1014,1014,predictions/beijing_48h_6h_station1013_seed2049_center_gru_h16.npz,checkpoints/beijing_48h_6h_station1013_seed2049_center_gru_h16.pt,training_logs/beijing_48h_6h_station1013_seed2049_center_gru_h16.csv,0.27795350551605225,0.5272129603073622,0.308134526014328,39.264122009277344,22.94828224182129,33.56426239013672,False,
beijing_48h_6h_station1013_seed2049_center_gru_h32,beijing,48,6,1013,2049,gru,32,center_gru_h32,completed,39,0.4687158167362213,7.270837856000071,0.013717056999666966,test,1,9,3558,3558,3558,predictions/beijing_48h_6h_station1013_seed2049_center_gru_h32.npz,checkpoints/beijing_48h_6h_station1013_seed2049_center_gru_h32.pt,training_logs/beijing_48h_6h_station1013_seed2049_center_gru_h32.csv,0.28193652629852295,0.530976954583269,0.30769404768943787,39.54444885253906,22.915475845336914,33.41379928588867,False,
beijing_48h_6h_station1013_seed2049_center_gru_h40,beijing,48,6,1013,2049,gru,40,center_gru_h40,completed,27,0.46828553080558777,6.3871491179997975,0.013885706999644754,test,1,9,5406,5406,5406,predictions/beijing_48h_6h_station1013_seed2049_center_gru_h40.npz,checkpoints/beijing_48h_6h_station1013_seed2049_center_gru_h40.pt,training_logs/beijing_48h_6h_station1013_seed2049_center_gru_h40.csv,0.28194552659988403,0.5309854297434949,0.3095276951789856,39.54507827758789,23.052040100097656,33.993003845214844,False,
beijing_48h_6h_station1013_seed2049_center_gru_h48,beijing,48,6,1013,2049,gru,48,center_gru_h48,completed,27,0.4693114459514618,6.528653254999881,0.01420248599970364,test,1,9,7638,7638,7638,predictions/beijing_48h_6h_station1013_seed2049_center_gru_h48.npz,checkpoints/beijing_48h_6h_station1013_seed2049_center_gru_h48.pt,training_logs/beijing_48h_6h_station1013_seed2049_center_gru_h48.csv,0.28603798151016235,0.5348251878045408,0.3117484450340271,39.8310432434082,23.21742820739746,34.15946960449219,False,
beijing_48h_6h_station1013_seed2049_center_gru_h64,beijing,48,6,1013,2049,gru,64,center_gru_h64,completed,27,0.4639710485935211,7.445521495999856,0.014882519000821048,test,1,9,13254,13254,13254,predictions/beijing_48h_6h_station1013_seed2049_center_gru_h64.npz,checkpoints/beijing_48h_6h_station1013_seed2049_center_gru_h64.pt,training_logs/beijing_48h_6h_station1013_seed2049_center_gru_h64.csv,0.2865116000175476,0.5352677834668809,0.30898863077163696,39.86400604248047,23.01189422607422,33.66413497924805,False,
beijing_48h_6h_station1013_seed2049_center_lstm_h8,beijing,48,6,1013,2049,lstm,8,center_lstm_h8,completed,39,0.5006685853004456,5.984140350999951,0.012103745000786148,test,1,9,406,406,406,predictions/beijing_48h_6h_station1013_seed2049_center_lstm_h8.npz,checkpoints/beijing_48h_6h_station1013_seed2049_center_lstm_h8.pt,training_logs/beijing_48h_6h_station1013_seed2049_center_lstm_h8.csv,0.2768508493900299,0.5261661803936375,0.30991190671920776,39.18616485595703,23.080652236938477,33.43499755859375,False,
beijing_48h_6h_station1013_seed2049_center_lstm_h16,beijing,48,6,1013,2049,lstm,16,center_lstm_h16,completed,39,0.46997350454330444,6.013033102999543,0.012092806000509881,test,1,9,1318,1318,1318,predictions/beijing_48h_6h_station1013_seed2049_center_lstm_h16.npz,checkpoints/beijing_48h_6h_station1013_seed2049_center_lstm_h16.pt,training_logs/beijing_48h_6h_station1013_seed2049_center_lstm_h16.csv,0.2864032983779907,0.5351666080558378,0.31505119800567627,39.856468200683594,23.463401794433594,33.87646484375,False,
beijing_48h_6h_station1013_seed2049_center_lstm_h32,beijing,48,6,1013,2049,lstm,32,center_lstm_h32,completed,33,0.4757661819458008,6.144888430000719,0.012214536000101361,test,1,9,4678,4678,4678,predictions/beijing_48h_6h_station1013_seed2049_center_lstm_h32.npz,checkpoints/beijing_48h_6h_station1013_seed2049_center_lstm_h32.pt,training_logs/beijing_48h_6h_station1013_seed2049_center_lstm_h32.csv,0.3041926324367523,0.5515366102415616,0.3281005322933197,41.075626373291016,24.43524742126465,34.40308380126953,False,
beijing_48h_6h_station1013_seed2049_center_lstm_h40,beijing,48,6,1013,2049,lstm,40,center_lstm_h40,completed,24,0.48086145520210266,4.96923867499936,0.012183127999378485,test,1,9,7126,7126,7126,predictions/beijing_48h_6h_station1013_seed2049_center_lstm_h40.npz,checkpoints/beijing_48h_6h_station1013_seed2049_center_lstm_h40.pt,training_logs/beijing_48h_6h_station1013_seed2049_center_lstm_h40.csv,0.2939049005508423,0.5421299664756065,0.31912851333618164,40.37506866455078,23.767057418823242,33.512603759765625,False,
beijing_48h_6h_station1013_seed2049_center_lstm_h48,beijing,48,6,1013,2049,lstm,48,center_lstm_h48,completed,23,0.476698637008667,4.896196138999585,0.012122180000005756,test,1,9,10086,10086,10086,predictions/beijing_48h_6h_station1013_seed2049_center_lstm_h48.npz,checkpoints/beijing_48h_6h_station1013_seed2049_center_lstm_h48.pt,training_logs/beijing_48h_6h_station1013_seed2049_center_lstm_h48.csv,0.3069724440574646,0.5540509399481826,0.3354198932647705,41.262882232666016,24.98036003112793,34.482723236083984,False,
beijing_48h_6h_station1013_seed2049_center_lstm_h64,beijing,48,6,1013,2049,lstm,64,center_lstm_h64,completed,21,0.4864440858364105,4.839457893000144,0.012171289999969304,test,1,9,17542,17542,17542,predictions/beijing_48h_6h_station1013_seed2049_center_lstm_h64.npz,checkpoints/beijing_48h_6h_station1013_seed2049_center_lstm_h64.pt,training_logs/beijing_48h_6h_station1013_seed2049_center_lstm_h64.csv,0.31521081924438477,0.5614363893126137,0.3413766920566559,41.81290817260742,25.423986434936523,35.436744689941406,False,
beijing_48h_12h_station1013_seed2047_center_gru_h8,beijing,48,12,1013,2047,gru,8,center_gru_h8,completed,40,0.8096737861633301,6.85415280000052,0.012956492000739672,test,1,9,372,372,372,predictions/beijing_48h_12h_station1013_seed2047_center_gru_h8.npz,checkpoints/beijing_48h_12h_station1013_seed2047_center_gru_h8.pt,training_logs/beijing_48h_12h_station1013_seed2047_center_gru_h8.csv,0.44547489285469055,0.6674390555359272,0.4293403923511505,49.699302673339844,31.969833374023438,44.36067199707031,False,
beijing_48h_12h_station1013_seed2047_center_gru_h16,beijing,48,12,1013,2047,gru,16,center_gru_h16,completed,36,0.7979118824005127,7.078974758000186,0.013343301001441432,test,1,9,1116,1116,1116,predictions/beijing_48h_12h_station1013_seed2047_center_gru_h16.npz,checkpoints/beijing_48h_12h_station1013_seed2047_center_gru_h16.pt,training_logs/beijing_48h_12h_station1013_seed2047_center_gru_h16.csv,0.44459423422813416,0.6667789995404281,0.42720144987106323,49.65015411376953,31.81056785583496,43.93092346191406,False,
beijing_48h_12h_station1013_seed2047_center_gru_h32,beijing,48,12,1013,2047,gru,32,center_gru_h32,completed,29,0.7978377938270569,6.736601331000202,0.013736987999436678,test,1,9,3756,3756,3756,predictions/beijing_48h_12h_station1013_seed2047_center_gru_h32.npz,checkpoints/beijing_48h_12h_station1013_seed2047_center_gru_h32.pt,training_logs/beijing_48h_12h_station1013_seed2047_center_gru_h32.csv,0.44492003321647644,0.6670232628750488,0.4261515140533447,49.6683464050293,31.732385635375977,43.9954948425293,False,
beijing_48h_12h_station1013_seed2047_center_gru_h40,beijing,48,12,1013,2047,gru,40,center_gru_h40,completed,38,0.8053001761436462,7.299686983000356,0.01395096699889109,test,1,9,5652,5652,5652,predictions/beijing_48h_12h_station1013_seed2047_center_gru_h40.npz,checkpoints/beijing_48h_12h_station1013_seed2047_center_gru_h40.pt,training_logs/beijing_48h_12h_station1013_seed2047_center_gru_h40.csv,0.44809094071388245,0.6693959521194331,0.42790111899375916,49.84501647949219,31.8626651763916,43.88174819946289,False,
beijing_48h_12h_station1013_seed2047_center_gru_h48,beijing,48,12,1013,2047,gru,48,center_gru_h48,completed,20,0.7971972227096558,5.29358160800075,0.014121895999778644,test,1,9,7932,7932,7932,predictions/beijing_48h_12h_station1013_seed2047_center_gru_h48.npz,checkpoints/beijing_48h_12h_station1013_seed2047_center_gru_h48.pt,training_logs/beijing_48h_12h_station1013_seed2047_center_gru_h48.csv,0.449092298746109,0.6701434911614892,0.42817965149879456,49.90068435668945,31.88340950012207,43.857391357421875,False,
beijing_48h_12h_station1013_seed2047_center_gru_h64,beijing,48,12,1013,2047,gru,64,center_gru_h64,completed,20,0.7909989953041077,5.998245789998691,0.014806329998464207,test,1,9,13644,13644,13644,predictions/beijing_48h_12h_station1013_seed2047_center_gru_h64.npz,checkpoints/beijing_48h_12h_station1013_seed2047_center_gru_h64.pt,training_logs/beijing_48h_12h_station1013_seed2047_center_gru_h64.csv,0.45693349838256836,0.6759685631614597,0.4250805675983429,50.334434509277344,31.65264129638672,43.15711975097656,False,
beijing_48h_12h_station1013_seed2047_center_lstm_h8,beijing,48,12,1013,2047,lstm,8,center_lstm_h8,completed,40,0.8245955109596252,5.980563408000307,0.012216250001074513,test,1,9,460,460,460,predictions/beijing_48h_12h_station1013_seed2047_center_lstm_h8.npz,checkpoints/beijing_48h_12h_station1013_seed2047_center_lstm_h8.pt,training_logs/beijing_48h_12h_station1013_seed2047_center_lstm_h8.csv,0.446475625038147,0.6681883155504494,0.42944350838661194,49.75509262084961,31.977516174316406,43.8163948059082,False,
beijing_48h_12h_station1013_seed2047_center_lstm_h16,beijing,48,12,1013,2047,lstm,16,center_lstm_h16,completed,40,0.8037176728248596,6.012547428999824,0.01221890099986922,test,1,9,1420,1420,1420,predictions/beijing_48h_12h_station1013_seed2047_center_lstm_h16.npz,checkpoints/beijing_48h_12h_station1013_seed2047_center_lstm_h16.pt,training_logs/beijing_48h_12h_station1013_seed2047_center_lstm_h16.csv,0.46572402119636536,0.6824397564594001,0.4378712475299835,50.8162956237793,32.60506820678711,44.64398956298828,False,
beijing_48h_12h_station1013_seed2047_center_lstm_h32,beijing,48,12,1013,2047,lstm,32,center_lstm_h32,completed,29,0.7705841660499573,5.658411297999919,0.01200685500043619,test,1,9,4876,4876,4876,predictions/beijing_48h_12h_station1013_seed2047_center_lstm_h32.npz,checkpoints/beijing_48h_12h_station1013_seed2047_center_lstm_h32.pt,training_logs/beijing_48h_12h_station1013_seed2047_center_lstm_h32.csv,0.49850893020629883,0.7060516483985423,0.4507598876953125,52.574501037597656,33.56479263305664,44.91794967651367,False,
beijing_48h_12h_station1013_seed2047_center_lstm_h40,beijing,48,12,1013,2047,lstm,40,center_lstm_h40,completed,16,0.8061029314994812,3.709879826999895,0.012153022998973029,test,1,9,7372,7372,7372,predictions/beijing_48h_12h_station1013_seed2047_center_lstm_h40.npz,checkpoints/beijing_48h_12h_station1013_seed2047_center_lstm_h40.pt,training_logs/beijing_48h_12h_station1013_seed2047_center_lstm_h40.csv,0.4960430860519409,0.7043032628434579,0.45700377225875854,52.44430923461914,34.029727935791016,46.605918884277344,False,
beijing_48h_12h_station1013_seed2047_center_lstm_h48,beijing,48,12,1013,2047,lstm,48,center_lstm_h48,completed,16,0.7717462778091431,5.048454392999702,0.01215758500075026,test,1,9,10380,10380,10380,predictions/beijing_48h_12h_station1013_seed2047_center_lstm_h48.npz,checkpoints/beijing_48h_12h_station1013_seed2047_center_lstm_h48.pt,training_logs/beijing_48h_12h_station1013_seed2047_center_lstm_h48.csv,0.519627571105957,0.7208519758632538,0.47441524267196655,53.67657470703125,35.326236724853516,47.41899108886719,False,
beijing_48h_12h_station1013_seed2047_center_lstm_h64,beijing,48,12,1013,2047,lstm,64,center_lstm_h64,completed,13,0.7919836044311523,4.75101328799974,0.012188964999950258,test,1,9,17932,17932,17932,predictions/beijing_48h_12h_station1013_seed2047_center_lstm_h64.npz,checkpoints/beijing_48h_12h_station1013_seed2047_center_lstm_h64.pt,training_logs/beijing_48h_12h_station1013_seed2047_center_lstm_h64.csv,0.5150490403175354,0.7176691719152603,0.46301019191741943,53.439571380615234,34.47697830200195,46.354122161865234,False,
beijing_48h_12h_station1013_seed2048_center_gru_h8,beijing,48,12,1013,2048,gru,8,center_gru_h8,completed,39,0.8189248442649841,6.671913353999116,0.012638660999073181,test,1,9,372,372,372,predictions/beijing_48h_12h_station1013_seed2048_center_gru_h8.npz,checkpoints/beijing_48h_12h_station1013_seed2048_center_gru_h8.pt,training_logs/beijing_48h_12h_station1013_seed2048_center_gru_h8.csv,0.44666731357574463,0.6683317391653225,0.42961522936820984,49.765777587890625,31.99030113220215,44.12960433959961,False,
beijing_48h_12h_station1013_seed2048_center_gru_h16,beijing,48,12,1013,2048,gru,16,center_gru_h16,completed,36,0.801171600818634,6.8950885019985435,0.013100548001602874,test,1,9,1116,1116,1116,predictions/beijing_48h_12h_station1013_seed2048_center_gru_h16.npz,checkpoints/beijing_48h_12h_station1013_seed2048_center_gru_h16.pt,training_logs/beijing_48h_12h_station1013_seed2048_center_gru_h16.csv,0.44458162784576416,0.6667695462794954,0.4258231222629547,49.64944839477539,31.707935333251953,43.6900749206543,False,
beijing_48h_12h_station1013_seed2048_center_gru_h32,beijing,48,12,1013,2048,gru,32,center_gru_h32,completed,26,0.8002665638923645,6.1989279620011075,0.013661595001394744,test,1,9,3756,3756,3756,predictions/beijing_48h_12h_station1013_seed2048_center_gru_h32.npz,checkpoints/beijing_48h_12h_station1013_seed2048_center_gru_h32.pt,training_logs/beijing_48h_12h_station1013_seed2048_center_gru_h32.csv,0.44666561484336853,0.6683304682889809,0.4264968931674957,49.765682220458984,31.758100509643555,43.715293884277344,False,
beijing_48h_12h_station1013_seed2048_center_gru_h40,beijing,48,12,1013,2048,gru,40,center_gru_h40,completed,26,0.7969329953193665,6.1957962610013055,0.01392412399945897,test,1,9,5652,5652,5652,predictions/beijing_48h_12h_station1013_seed2048_center_gru_h40.npz,checkpoints/beijing_48h_12h_station1013_seed2048_center_gru_h40.pt,training_logs/beijing_48h_12h_station1013_seed2048_center_gru_h40.csv,0.44995519518852234,0.6707869968839008,0.42457684874534607,49.9485969543457,31.61513328552246,43.2121696472168,False,
beijing_48h_12h_station1013_seed2048_center_gru_h48,beijing,48,12,1013,2048,gru,48,center_gru_h48,completed,31,0.8022633194923401,7.270918440000969,0.01408102300047176,test,1,9,7932,7932,7932,predictions/beijing_48h_12h_station1013_seed2048_center_gru_h48.npz,checkpoints/beijing_48h_12h_station1013_seed2048_center_gru_h48.pt,training_logs/beijing_48h_12h_station1013_seed2048_center_gru_h48.csv,0.44714465737342834,0.6686887597181729,0.4263662099838257,49.7923583984375,31.748369216918945,43.69480895996094,False,
beijing_48h_12h_station1013_seed2048_center_gru_h64,beijing,48,12,1013,2048,gru,64,center_gru_h64,completed,26,0.8010598421096802,7.2208383309989586,0.014882626999678905,test,1,9,13644,13644,13644,predictions/beijing_48h_12h_station1013_seed2048_center_gru_h64.npz,checkpoints/beijing_48h_12h_station1013_seed2048_center_gru_h64.pt,training_logs/beijing_48h_12h_station1013_seed2048_center_gru_h64.csv,0.4509769678115845,0.6715481872595477,0.4302656352519989,50.005279541015625,32.03873062133789,44.49026107788086,False,
beijing_48h_12h_station1013_seed2048_center_lstm_h8,beijing,48,12,1013,2048,lstm,8,center_lstm_h8,completed,40,0.8293917179107666,6.001168568000139,0.012241144000654458,test,1,9,460,460,460,predictions/beijing_48h_12h_station1013_seed2048_center_lstm_h8.npz,checkpoints/beijing_48h_12h_station1013_seed2048_center_lstm_h8.pt,training_logs/beijing_48h_12h_station1013_seed2048_center_lstm_h8.csv,0.4466002285480499,0.6682815488609946,0.4301730692386627,49.76203536987305,32.03184127807617,43.951026916503906,False,
beijing_48h_12h_station1013_seed2048_center_lstm_h16,beijing,48,12,1013,2048,lstm,16,center_lstm_h16,completed,38,0.812493085861206,6.033531910999955,0.012125175000619492,test,1,9,1420,1420,1420,predictions/beijing_48h_12h_station1013_seed2048_center_lstm_h16.npz,checkpoints/beijing_48h_12h_station1013_seed2048_center_lstm_h16.pt,training_logs/beijing_48h_12h_station1013_seed2048_center_lstm_h16.csv,0.44681286811828613,0.6684406242279759,0.42898017168045044,49.77388381958008,31.943016052246094,43.880088806152344,False,
beijing_48h_12h_station1013_seed2048_center_lstm_h32,beijing,48,12,1013,2048,lstm,32,center_lstm_h32,completed,20,0.7999698519706726,4.295617478001077,0.01219063600001391,test,1,9,4876,4876,4876,predictions/beijing_48h_12h_station1013_seed2048_center_lstm_h32.npz,checkpoints/beijing_48h_12h_station1013_seed2048_center_lstm_h32.pt,training_logs/beijing_48h_12h_station1013_seed2048_center_lstm_h32.csv,0.5012571811676025,0.7079951844240203,0.45538976788520813,52.71922302246094,33.909542083740234,46.03668975830078,False,
beijing_48h_12h_station1013_seed2048_center_lstm_h40,beijing,48,12,1013,2048,lstm,40,center_lstm_h40,completed,18,0.7752630114555359,4.0128588269999454,0.012199216998851625,test,1,9,7372,7372,7372,predictions/beijing_48h_12h_station1013_seed2048_center_lstm_h40.npz,checkpoints/beijing_48h_12h_station1013_seed2048_center_lstm_h40.pt,training_logs/beijing_48h_12h_station1013_seed2048_center_lstm_h40.csv,0.4922609329223633,0.7016130934655961,0.4531024694442749,52.24399185180664,33.739227294921875,45.99971008300781,False,
beijing_48h_12h_station1013_seed2048_center_lstm_h48,beijing,48,12,1013,2048,lstm,48,center_lstm_h48,completed,18,0.820533275604248,4.120658255998933,0.012189727000077255,test,1,9,10380,10380,10380,predictions/beijing_48h_12h_station1013_seed2048_center_lstm_h48.npz,checkpoints/beijing_48h_12h_station1013_seed2048_center_lstm_h48.pt,training_logs/beijing_48h_12h_station1013_seed2048_center_lstm_h48.csv,0.5392078757286072,0.734307752736281,0.4693290591239929,54.67852783203125,34.94750213623047,45.829322814941406,False,
beijing_48h_12h_station1013_seed2048_center_lstm_h64,beijing,48,12,1013,2048,lstm,64,center_lstm_h64,completed,8,0.8391257524490356,2.7056364869986282,0.012159796999185346,test,1,9,17932,17932,17932,predictions/beijing_48h_12h_station1013_seed2048_center_lstm_h64.npz,checkpoints/beijing_48h_12h_station1013_seed2048_center_lstm_h64.pt,training_logs/beijing_48h_12h_station1013_seed2048_center_lstm_h64.csv,0.4774228632450104,0.6909579316029381,0.4544928967952728,51.45058059692383,33.84275817871094,46.52683639526367,False,
beijing_48h_12h_station1013_seed2049_center_gru_h8,beijing,48,12,1013,2049,gru,8,center_gru_h8,completed,39,0.8281235098838806,6.683620787000109,0.01275009399978444,test,1,9,372,372,372,predictions/beijing_48h_12h_station1013_seed2049_center_gru_h8.npz,checkpoints/beijing_48h_12h_station1013_seed2049_center_gru_h8.pt,training_logs/beijing_48h_12h_station1013_seed2049_center_gru_h8.csv,0.4455679953098297,0.667508797926911,0.4293913245201111,49.70449447631836,31.9736270904541,43.886775970458984,False,
beijing_48h_12h_station1013_seed2049_center_gru_h16,beijing,48,12,1013,2049,gru,16,center_gru_h16,completed,37,0.7998054623603821,6.896276820001731,0.012953392999406788,test,1,9,1116,1116,1116,predictions/beijing_48h_12h_station1013_seed2049_center_gru_h16.npz,checkpoints/beijing_48h_12h_station1013_seed2049_center_gru_h16.pt,training_logs/beijing_48h_12h_station1013_seed2049_center_gru_h16.csv,0.44579872488975525,0.6676816044266572,0.4258570075035095,49.71736526489258,31.71045684814453,43.617008209228516,False,
beijing_48h_12h_station1013_seed2049_center_gru_h32,beijing,48,12,1013,2049,gru,32,center_gru_h32,completed,29,0.7945226430892944,6.733752332000222,0.013806266999381478,test,1,9,3756,3756,3756,predictions/beijing_48h_12h_station1013_seed2049_center_gru_h32.npz,checkpoints/beijing_48h_12h_station1013_seed2049_center_gru_h32.pt,training_logs/beijing_48h_12h_station1013_seed2049_center_gru_h32.csv,0.4459652304649353,0.6678062821394655,0.4245159924030304,49.726646423339844,31.6106014251709,43.4471321105957,False,
beijing_48h_12h_station1013_seed2049_center_gru_h40,beijing,48,12,1013,2049,gru,40,center_gru_h40,completed,29,0.7944411039352417,6.74405973499961,0.013851337000232888,test,1,9,5652,5652,5652,predictions/beijing_48h_12h_station1013_seed2049_center_gru_h40.npz,checkpoints/beijing_48h_12h_station1013_seed2049_center_gru_h40.pt,training_logs/beijing_48h_12h_station1013_seed2049_center_gru_h40.csv,0.4498618543148041,0.6707174176318996,0.42555421590805054,49.943424224853516,31.687910079956055,43.526397705078125,False,
beijing_48h_12h_station1013_seed2049_center_gru_h48,beijing,48,12,1013,2049,gru,48,center_gru_h48,completed,29,0.7938811182975769,6.908029895999789,0.014121926000370877,test,1,9,7932,7932,7932,predictions/beijing_48h_12h_station1013_seed2049_center_gru_h48.npz,checkpoints/beijing_48h_12h_station1013_seed2049_center_gru_h48.pt,training_logs/beijing_48h_12h_station1013_seed2049_center_gru_h48.csv,0.44842392206192017,0.6696446237086655,0.42592984437942505,49.8635368347168,31.71588134765625,43.83190155029297,False,
beijing_48h_12h_station1013_seed2049_center_gru_h64,beijing,48,12,1013,2049,gru,64,center_gru_h64,completed,27,0.7829984426498413,7.431287129000339,0.014900291000230936,test,1,9,13644,13644,13644,predictions/beijing_48h_12h_station1013_seed2049_center_gru_h64.npz,checkpoints/beijing_48h_12h_station1013_seed2049_center_gru_h64.pt,training_logs/beijing_48h_12h_station1013_seed2049_center_gru_h64.csv,0.454441100358963,0.6741224668848851,0.4285942614078522,50.19697189331055,31.914276123046875,44.02751541137695,False,
beijing_48h_12h_station1013_seed2049_center_lstm_h8,beijing,48,12,1013,2049,lstm,8,center_lstm_h8,completed,39,0.8257049322128296,6.025687662999189,0.012219674999869312,test,1,9,460,460,460,predictions/beijing_48h_12h_station1013_seed2049_center_lstm_h8.npz,checkpoints/beijing_48h_12h_station1013_seed2049_center_lstm_h8.pt,training_logs/beijing_48h_12h_station1013_seed2049_center_lstm_h8.csv,0.44633856415748596,0.6680857461115945,0.42953020334243774,49.747459411621094,31.983970642089844,43.783058166503906,False,
beijing_48h_12h_station1013_seed2049_center_lstm_h16,beijing,48,12,1013,2049,lstm,16,center_lstm_h16,completed,38,0.803987979888916,6.0775504850007565,0.012241486998391338,test,1,9,1420,1420,1420,predictions/beijing_48h_12h_station1013_seed2049_center_lstm_h16.npz,checkpoints/beijing_48h_12h_station1013_seed2049_center_lstm_h16.pt,training_logs/beijing_48h_12h_station1013_seed2049_center_lstm_h16.csv,0.44897595047950745,0.6700566770650879,0.4303688406944275,49.894222259521484,32.046417236328125,44.092918395996094,False,
beijing_48h_12h_station1013_seed2049_center_lstm_h32,beijing,48,12,1013,2049,lstm,32,center_lstm_h32,completed,25,0.7941458821296692,5.055172777001644,0.012130937999245361,test,1,9,4876,4876,4876,predictions/beijing_48h_12h_station1013_seed2049_center_lstm_h32.npz,checkpoints/beijing_48h_12h_station1013_seed2049_center_lstm_h32.pt,training_logs/beijing_48h_12h_station1013_seed2049_center_lstm_h32.csv,0.4656224548816681,0.6823653382768413,0.4440721273422241,50.810752868652344,33.066795349121094,45.51194763183594,False,
beijing_48h_12h_station1013_seed2049_center_lstm_h40,beijing,48,12,1013,2049,lstm,40,center_lstm_h40,completed,19,0.8031115531921387,4.180681750000076,0.012204197999380995,test,1,9,7372,7372,7372,predictions/beijing_48h_12h_station1013_seed2049_center_lstm_h40.npz,checkpoints/beijing_48h_12h_station1013_seed2049_center_lstm_h40.pt,training_logs/beijing_48h_12h_station1013_seed2049_center_lstm_h40.csv,0.4574184715747833,0.6763271926921047,0.44295793771743774,50.361141204833984,32.98383712768555,45.80537796020508,False,
beijing_48h_12h_station1013_seed2049_center_lstm_h48,beijing,48,12,1013,2049,lstm,48,center_lstm_h48,completed,19,0.8062047362327576,4.282932081998297,0.011980310000581085,test,1,9,10380,10380,10380,predictions/beijing_48h_12h_station1013_seed2049_center_lstm_h48.npz,checkpoints/beijing_48h_12h_station1013_seed2049_center_lstm_h48.pt,training_logs/beijing_48h_12h_station1013_seed2049_center_lstm_h48.csv,0.5033532977104187,0.7094739584441551,0.45612892508506775,52.8293342590332,33.96458435058594,45.9480094909668,False,
beijing_48h_12h_station1013_seed2049_center_lstm_h64,beijing,48,12,1013,2049,lstm,64,center_lstm_h64,completed,13,0.8143213987350464,3.50848398800008,0.012223658999573672,test,1,9,17932,17932,17932,predictions/beijing_48h_12h_station1013_seed2049_center_lstm_h64.npz,checkpoints/beijing_48h_12h_station1013_seed2049_center_lstm_h64.pt,training_logs/beijing_48h_12h_station1013_seed2049_center_lstm_h64.csv,0.524243175983429,0.7240463907674901,0.4622286856174469,53.91443634033203,34.41878890991211,45.56297302246094,False,
beijing_48h_24h_station1013_seed2047_center_gru_h8,beijing,48,24,1013,2047,gru,8,center_gru_h8,completed,40,1.2211264371871948,6.836373766000179,0.012920733999635559,test,1,9,480,480,480,predictions/beijing_48h_24h_station1013_seed2047_center_gru_h8.npz,checkpoints/beijing_48h_24h_station1013_seed2047_center_gru_h8.pt,training_logs/beijing_48h_24h_station1013_seed2047_center_gru_h8.csv,0.6388773322105408,0.7992980246507186,0.5515041947364807,59.49930953979492,41.053672790527344,54.29780578613281,False,
beijing_48h_24h_station1013_seed2047_center_gru_h16,beijing,48,24,1013,2047,gru,16,center_gru_h16,completed,34,1.2171976566314697,6.913959649999015,0.013156593000530847,test,1,9,1320,1320,1320,predictions/beijing_48h_24h_station1013_seed2047_center_gru_h16.npz,checkpoints/beijing_48h_24h_station1013_seed2047_center_gru_h16.pt,training_logs/beijing_48h_24h_station1013_seed2047_center_gru_h16.csv,0.6376010179519653,0.7984992285230872,0.5518850088119507,59.43984603881836,41.0820198059082,54.39500045776367,False,
beijing_48h_24h_station1013_seed2047_center_gru_h32,beijing,48,24,1013,2047,gru,32,center_gru_h32,completed,23,1.2114486694335938,5.663338753998687,0.013835699000992463,test,1,9,4152,4152,4152,predictions/beijing_48h_24h_station1013_seed2047_center_gru_h32.npz,checkpoints/beijing_48h_24h_station1013_seed2047_center_gru_h32.pt,training_logs/beijing_48h_24h_station1013_seed2047_center_gru_h32.csv,0.6379988193511963,0.7987482828471034,0.5536775588989258,59.4583854675293,41.2154541015625,54.65189743041992,False,
beijing_48h_24h_station1013_seed2047_center_gru_h40,beijing,48,24,1013,2047,gru,40,center_gru_h40,completed,23,1.218306303024292,5.667252905999703,0.013931058998423396,test,1,9,6144,6144,6144,predictions/beijing_48h_24h_station1013_seed2047_center_gru_h40.npz,checkpoints/beijing_48h_24h_station1013_seed2047_center_gru_h40.pt,training_logs/beijing_48h_24h_station1013_seed2047_center_gru_h40.csv,0.6406967043876648,0.8004353218016211,0.5543588995933533,59.58396911621094,41.26617431640625,54.51548767089844,False,
beijing_48h_24h_station1013_seed2047_center_gru_h48,beijing,48,24,1013,2047,gru,48,center_gru_h48,completed,23,1.2124568223953247,5.7981026339984965,0.014251057000365108,test,1,9,8520,8520,8520,predictions/beijing_48h_24h_station1013_seed2047_center_gru_h48.npz,checkpoints/beijing_48h_24h_station1013_seed2047_center_gru_h48.pt,training_logs/beijing_48h_24h_station1013_seed2047_center_gru_h48.csv,0.6400302648544312,0.8000189153104014,0.5543814897537231,59.55297088623047,41.267852783203125,54.58867645263672,False,
beijing_48h_24h_station1013_seed2047_center_gru_h64,beijing,48,24,1013,2047,gru,64,center_gru_h64,completed,23,1.2158068418502808,6.593049777999113,0.014949022999644512,test,1,9,14424,14424,14424,predictions/beijing_48h_24h_station1013_seed2047_center_gru_h64.npz,checkpoints/beijing_48h_24h_station1013_seed2047_center_gru_h64.pt,training_logs/beijing_48h_24h_station1013_seed2047_center_gru_h64.csv,0.6367464661598206,0.7979639504136892,0.5508434176445007,59.39999771118164,41.00448226928711,54.23860549926758,False,
beijing_48h_24h_station1013_seed2047_center_lstm_h8,beijing,48,24,1013,2047,lstm,8,center_lstm_h8,completed,39,1.2263849973678589,6.034161398998549,0.012211316001412342,test,1,9,568,568,568,predictions/beijing_48h_24h_station1013_seed2047_center_lstm_h8.npz,checkpoints/beijing_48h_24h_station1013_seed2047_center_lstm_h8.pt,training_logs/beijing_48h_24h_station1013_seed2047_center_lstm_h8.csv,0.6403908729553223,0.8002442583082507,0.5548422932624817,59.56974792480469,41.302154541015625,54.52916717529297,False,
beijing_48h_24h_station1013_seed2047_center_lstm_h16,beijing,48,24,1013,2047,lstm,16,center_lstm_h16,completed,39,1.2044962644577026,6.020207641000525,0.012497244999394752,test,1,9,1624,1624,1624,predictions/beijing_48h_24h_station1013_seed2047_center_lstm_h16.npz,checkpoints/beijing_48h_24h_station1013_seed2047_center_lstm_h16.pt,training_logs/beijing_48h_24h_station1013_seed2047_center_lstm_h16.csv,0.6774091124534607,0.8230486695533021,0.5682252049446106,61.26729202270508,42.29837417602539,55.29623031616211,False,
beijing_48h_24h_station1013_seed2047_center_lstm_h32,beijing,48,24,1013,2047,lstm,32,center_lstm_h32,completed,21,1.1974711418151855,5.6882883090002,0.012336706000496633,test,1,9,5272,5272,5272,predictions/beijing_48h_24h_station1013_seed2047_center_lstm_h32.npz,checkpoints/beijing_48h_24h_station1013_seed2047_center_lstm_h32.pt,training_logs/beijing_48h_24h_station1013_seed2047_center_lstm_h32.csv,0.6567656993865967,0.8104108213656803,0.5588259696960449,60.3265380859375,41.59870147705078,54.883216857910156,False,
beijing_48h_24h_station1013_seed2047_center_lstm_h40,beijing,48,24,1013,2047,lstm,40,center_lstm_h40,completed,16,1.1829710006713867,4.96499910700004,0.012192576999950688,test,1,9,7864,7864,7864,predictions/beijing_48h_24h_station1013_seed2047_center_lstm_h40.npz,checkpoints/beijing_48h_24h_station1013_seed2047_center_lstm_h40.pt,training_logs/beijing_48h_24h_station1013_seed2047_center_lstm_h40.csv,0.7147818803787231,0.845447739590522,0.5808603763580322,62.93466567993164,43.23892593383789,56.51011657714844,False,
beijing_48h_24h_station1013_seed2047_center_lstm_h48,beijing,48,24,1013,2047,lstm,48,center_lstm_h48,completed,14,1.2039740085601807,5.219401430000289,0.4946352789993398,test,1,9,10968,10968,10968,predictions/beijing_48h_24h_station1013_seed2047_center_lstm_h48.npz,checkpoints/beijing_48h_24h_station1013_seed2047_center_lstm_h48.pt,training_logs/beijing_48h_24h_station1013_seed2047_center_lstm_h48.csv,0.6739202737808228,0.8209264728225194,0.5663661956787109,61.109317779541016,42.15998840332031,55.26792526245117,False,
beijing_48h_24h_station1013_seed2047_center_lstm_h64,beijing,48,24,1013,2047,lstm,64,center_lstm_h64,completed,14,1.1652401685714722,4.9381955999997444,0.018682311001612106,test,1,9,18712,18712,18712,predictions/beijing_48h_24h_station1013_seed2047_center_lstm_h64.npz,checkpoints/beijing_48h_24h_station1013_seed2047_center_lstm_h64.pt,training_logs/beijing_48h_24h_station1013_seed2047_center_lstm_h64.csv,0.6997016668319702,0.8364817193650859,0.5811417698860168,62.267242431640625,43.2598762512207,57.739227294921875,False,
beijing_48h_24h_station1013_seed2048_center_gru_h8,beijing,48,24,1013,2048,gru,8,center_gru_h8,completed,38,1.2159390449523926,6.695797366999614,0.012956624999787891,test,1,9,480,480,480,predictions/beijing_48h_24h_station1013_seed2048_center_gru_h8.npz,checkpoints/beijing_48h_24h_station1013_seed2048_center_gru_h8.pt,training_logs/beijing_48h_24h_station1013_seed2048_center_gru_h8.csv,0.6392726302146912,0.7995452646440295,0.5522676110267639,59.5177116394043,41.11050033569336,54.1630973815918,False,
beijing_48h_24h_station1013_seed2048_center_gru_h16,beijing,48,24,1013,2048,gru,16,center_gru_h16,completed,38,1.2157738208770752,6.896385648000432,0.013216803999966942,test,1,9,1320,1320,1320,predictions/beijing_48h_24h_station1013_seed2048_center_gru_h16.npz,checkpoints/beijing_48h_24h_station1013_seed2048_center_gru_h16.pt,training_logs/beijing_48h_24h_station1013_seed2048_center_gru_h16.csv,0.640995979309082,0.8006222450750928,0.5533327460289001,59.597877502441406,41.189788818359375,54.40428924560547,False,
beijing_48h_24h_station1013_seed2048_center_gru_h32,beijing,48,24,1013,2048,gru,32,center_gru_h32,completed,38,1.2115914821624756,7.288788018999185,0.013901299998906325,test,1,9,4152,4152,4152,predictions/beijing_48h_24h_station1013_seed2048_center_gru_h32.npz,checkpoints/beijing_48h_24h_station1013_seed2048_center_gru_h32.pt,training_logs/beijing_48h_24h_station1013_seed2048_center_gru_h32.csv,0.6357394456863403,0.7973327070215672,0.5500965118408203,59.3530158996582,40.948883056640625,54.207801818847656,False,
beijing_48h_24h_station1013_seed2048_center_gru_h40,beijing,48,24,1013,2048,gru,40,center_gru_h40,completed,25,1.2143495082855225,6.027463696998893,0.013931461000538548,test,1,9,6144,6144,6144,predictions/beijing_48h_24h_station1013_seed2048_center_gru_h40.npz,checkpoints/beijing_48h_24h_station1013_seed2048_center_gru_h40.pt,training_logs/beijing_48h_24h_station1013_seed2048_center_gru_h40.csv,0.6371524333953857,0.7982182868084304,0.5541678667068481,59.4189338684082,41.251949310302734,54.67145919799805,False,
beijing_48h_24h_station1013_seed2048_center_gru_h48,beijing,48,24,1013,2048,gru,48,center_gru_h48,completed,38,1.2102488279342651,7.470172932000423,0.014138909000394051,test,1,9,8520,8520,8520,predictions/beijing_48h_24h_station1013_seed2048_center_gru_h48.npz,checkpoints/beijing_48h_24h_station1013_seed2048_center_gru_h48.pt,training_logs/beijing_48h_24h_station1013_seed2048_center_gru_h48.csv,0.6372478008270264,0.7982780222623108,0.5491407513618469,59.423377990722656,40.87773895263672,53.95223617553711,False,
beijing_48h_24h_station1013_seed2048_center_gru_h64,beijing,48,24,1013,2048,gru,64,center_gru_h64,completed,38,1.2042959928512573,8.49153569200098,0.014914036000845954,test,1,9,14424,14424,14424,predictions/beijing_48h_24h_station1013_seed2048_center_gru_h64.npz,checkpoints/beijing_48h_24h_station1013_seed2048_center_gru_h64.pt,training_logs/beijing_48h_24h_station1013_seed2048_center_gru_h64.csv,0.6378076672554016,0.7986286166018606,0.5486520528793335,59.44947814941406,40.84135818481445,53.905277252197266,False,
beijing_48h_24h_station1013_seed2048_center_lstm_h8,beijing,48,24,1013,2048,lstm,8,center_lstm_h8,completed,40,1.2142765522003174,6.0066258999995625,0.012382524000713602,test,1,9,568,568,568,predictions/beijing_48h_24h_station1013_seed2048_center_lstm_h8.npz,checkpoints/beijing_48h_24h_station1013_seed2048_center_lstm_h8.pt,training_logs/beijing_48h_24h_station1013_seed2048_center_lstm_h8.csv,0.6421331763267517,0.8013321261042463,0.5542184114456177,59.65073013305664,41.25571060180664,54.4947509765625,False,
beijing_48h_24h_station1013_seed2048_center_lstm_h16,beijing,48,24,1013,2048,lstm,16,center_lstm_h16,completed,36,1.1567257642745972,6.032470836000357,0.012218674999530776,test,1,9,1624,1624,1624,predictions/beijing_48h_24h_station1013_seed2048_center_lstm_h16.npz,checkpoints/beijing_48h_24h_station1013_seed2048_center_lstm_h16.pt,training_logs/beijing_48h_24h_station1013_seed2048_center_lstm_h16.csv,0.6667330861091614,0.8165372533504894,0.5645897388458252,60.782588958740234,42.02775573730469,55.43043518066406,False,
beijing_48h_24h_station1013_seed2048_center_lstm_h32,beijing,48,24,1013,2048,lstm,32,center_lstm_h32,completed,17,1.199560523033142,3.8383411430004344,0.012270245999388862,test,1,9,5272,5272,5272,predictions/beijing_48h_24h_station1013_seed2048_center_lstm_h32.npz,checkpoints/beijing_48h_24h_station1013_seed2048_center_lstm_h32.pt,training_logs/beijing_48h_24h_station1013_seed2048_center_lstm_h32.csv,0.6565144658088684,0.8102558026999056,0.563930869102478,60.314998626708984,41.97870635986328,55.36359405517578,False,
beijing_48h_24h_station1013_seed2048_center_lstm_h40,beijing,48,24,1013,2048,lstm,40,center_lstm_h40,completed,17,1.170699119567871,3.8613141699988773,0.012233256999024889,test,1,9,7864,7864,7864,predictions/beijing_48h_24h_station1013_seed2048_center_lstm_h40.npz,checkpoints/beijing_48h_24h_station1013_seed2048_center_lstm_h40.pt,training_logs/beijing_48h_24h_station1013_seed2048_center_lstm_h40.csv,0.6784125566482544,0.8236580338030185,0.5717430710792542,61.31265640258789,42.56024169921875,55.97957992553711,False,
beijing_48h_24h_station1013_seed2048_center_lstm_h48,beijing,48,24,1013,2048,lstm,48,center_lstm_h48,completed,20,1.136893630027771,4.455088663000424,0.012227105999045307,test,1,9,10968,10968,10968,predictions/beijing_48h_24h_station1013_seed2048_center_lstm_h48.npz,checkpoints/beijing_48h_24h_station1013_seed2048_center_lstm_h48.pt,training_logs/beijing_48h_24h_station1013_seed2048_center_lstm_h48.csv,0.7226877212524414,0.8501104170944157,0.5870130658149719,63.2817497253418,43.69693374633789,57.19218444824219,False,
beijing_48h_24h_station1013_seed2048_center_lstm_h64,beijing,48,24,1013,2048,lstm,64,center_lstm_h64,completed,16,1.1681283712387085,4.029449255000145,0.012337717000264092,test,1,9,18712,18712,18712,predictions/beijing_48h_24h_station1013_seed2048_center_lstm_h64.npz,checkpoints/beijing_48h_24h_station1013_seed2048_center_lstm_h64.pt,training_logs/beijing_48h_24h_station1013_seed2048_center_lstm_h64.csv,0.6636250019073486,0.8146318198470697,0.5622984766960144,60.6407470703125,41.85719299316406,55.64746856689453,False,
beijing_48h_24h_station1013_seed2049_center_gru_h8,beijing,48,24,1013,2049,gru,8,center_gru_h8,completed,40,1.2211555242538452,6.739418356999522,0.012835464000090724,test,1,9,480,480,480,predictions/beijing_48h_24h_station1013_seed2049_center_gru_h8.npz,checkpoints/beijing_48h_24h_station1013_seed2049_center_gru_h8.pt,training_logs/beijing_48h_24h_station1013_seed2049_center_gru_h8.csv,0.6393274068832397,0.7995795187992497,0.552935004234314,59.520263671875,41.16017532348633,54.22242736816406,False,
beijing_48h_24h_station1013_seed2049_center_gru_h16,beijing,48,24,1013,2049,gru,16,center_gru_h16,completed,31,1.2120314836502075,6.723576309001146,0.0131226939993212,test,1,9,1320,1320,1320,predictions/beijing_48h_24h_station1013_seed2049_center_gru_h16.npz,checkpoints/beijing_48h_24h_station1013_seed2049_center_gru_h16.pt,training_logs/beijing_48h_24h_station1013_seed2049_center_gru_h16.csv,0.6407469511032104,0.8004667083041058,0.552918553352356,59.586307525634766,41.158958435058594,54.18269729614258,False,
beijing_48h_24h_station1013_seed2049_center_gru_h32,beijing,48,24,1013,2049,gru,32,center_gru_h32,completed,38,1.214885950088501,7.286024049999469,0.013880199001505389,test,1,9,4152,4152,4152,predictions/beijing_48h_24h_station1013_seed2049_center_gru_h32.npz,checkpoints/beijing_48h_24h_station1013_seed2049_center_gru_h32.pt,training_logs/beijing_48h_24h_station1013_seed2049_center_gru_h32.csv,0.635603129863739,0.7972472200413991,0.5484620332717896,59.346649169921875,40.827213287353516,53.9008903503418,False,
beijing_48h_24h_station1013_seed2049_center_gru_h40,beijing,48,24,1013,2049,gru,40,center_gru_h40,completed,15,1.2168097496032715,4.279057968000416,0.013876470000468544,test,1,9,6144,6144,6144,predictions/beijing_48h_24h_station1013_seed2049_center_gru_h40.npz,checkpoints/beijing_48h_24h_station1013_seed2049_center_gru_h40.pt,training_logs/beijing_48h_24h_station1013_seed2049_center_gru_h40.csv,0.644849956035614,0.8030255014852355,0.5591703057289124,59.77677917480469,41.62432861328125,55.044979095458984,False,
beijing_48h_24h_station1013_seed2049_center_gru_h48,beijing,48,24,1013,2049,gru,48,center_gru_h48,completed,40,1.2054662704467773,7.466372254000817,0.014253878998715663,test,1,9,8520,8520,8520,predictions/beijing_48h_24h_station1013_seed2049_center_gru_h48.npz,checkpoints/beijing_48h_24h_station1013_seed2049_center_gru_h48.pt,training_logs/beijing_48h_24h_station1013_seed2049_center_gru_h48.csv,0.6360927820205688,0.7975542502053191,0.5484257936477661,59.369503021240234,40.82451629638672,54.007511138916016,False,
beijing_48h_24h_station1013_seed2049_center_gru_h64,beijing,48,24,1013,2049,gru,64,center_gru_h64,completed,18,1.210026741027832,5.545650284999283,0.01483891499992751,test,1,9,14424,14424,14424,predictions/beijing_48h_24h_station1013_seed2049_center_gru_h64.npz,checkpoints/beijing_48h_24h_station1013_seed2049_center_gru_h64.pt,training_logs/beijing_48h_24h_station1013_seed2049_center_gru_h64.csv,0.6408008933067322,0.800500401815472,0.5547765493392944,59.588809967041016,41.297264099121094,54.458255767822266,False,
beijing_48h_24h_station1013_seed2049_center_lstm_h8,beijing,48,24,1013,2049,lstm,8,center_lstm_h8,completed,40,1.2229081392288208,6.016756834998887,0.01224474199989345,test,1,9,568,568,568,predictions/beijing_48h_24h_station1013_seed2049_center_lstm_h8.npz,checkpoints/beijing_48h_24h_station1013_seed2049_center_lstm_h8.pt,training_logs/beijing_48h_24h_station1013_seed2049_center_lstm_h8.csv,0.6444492340087891,0.8027759550514634,0.5552921891212463,59.75820541381836,41.33565139770508,54.46553039550781,False,
beijing_48h_24h_station1013_seed2049_center_lstm_h16,beijing,48,24,1013,2049,lstm,16,center_lstm_h16,completed,29,1.2153677940368652,5.594717488998867,0.012364632000753772,test,1,9,1624,1624,1624,predictions/beijing_48h_24h_station1013_seed2049_center_lstm_h16.npz,checkpoints/beijing_48h_24h_station1013_seed2049_center_lstm_h16.pt,training_logs/beijing_48h_24h_station1013_seed2049_center_lstm_h16.csv,0.6413218379020691,0.8008257225527095,0.5583619475364685,59.61302947998047,41.56415939331055,55.128868103027344,False,
beijing_48h_24h_station1013_seed2049_center_lstm_h32,beijing,48,24,1013,2049,lstm,32,center_lstm_h32,completed,22,1.1793596744537354,4.622708424998564,0.01216313399891078,test,1,9,5272,5272,5272,predictions/beijing_48h_24h_station1013_seed2049_center_lstm_h32.npz,checkpoints/beijing_48h_24h_station1013_seed2049_center_lstm_h32.pt,training_logs/beijing_48h_24h_station1013_seed2049_center_lstm_h32.csv,0.709032416343689,0.8420406263023709,0.5782168507575989,62.68104553222656,43.042152404785156,56.000633239746094,False,
beijing_48h_24h_station1013_seed2049_center_lstm_h40,beijing,48,24,1013,2049,lstm,40,center_lstm_h40,completed,16,1.2095019817352295,3.7414385310003127,0.01239922300010221,test,1,9,7864,7864,7864,predictions/beijing_48h_24h_station1013_seed2049_center_lstm_h40.npz,checkpoints/beijing_48h_24h_station1013_seed2049_center_lstm_h40.pt,training_logs/beijing_48h_24h_station1013_seed2049_center_lstm_h40.csv,0.6462780833244324,0.8039142263478315,0.5586256980895996,59.842933654785156,41.58378982543945,54.97899627685547,False,
beijing_48h_24h_station1013_seed2049_center_lstm_h48,beijing,48,24,1013,2049,lstm,48,center_lstm_h48,completed,21,1.1908689737319946,4.634960125000362,0.012246424999830197,test,1,9,10968,10968,10968,predictions/beijing_48h_24h_station1013_seed2049_center_lstm_h48.npz,checkpoints/beijing_48h_24h_station1013_seed2049_center_lstm_h48.pt,training_logs/beijing_48h_24h_station1013_seed2049_center_lstm_h48.csv,0.7141544818878174,0.845076613028557,0.5858040452003479,62.907039642333984,43.606929779052734,57.03602981567383,False,
beijing_48h_24h_station1013_seed2049_center_lstm_h64,beijing,48,24,1013,2049,lstm,64,center_lstm_h64,completed,15,1.2056057453155518,3.876488504000008,0.012149494999903254,test,1,9,18712,18712,18712,predictions/beijing_48h_24h_station1013_seed2049_center_lstm_h64.npz,checkpoints/beijing_48h_24h_station1013_seed2049_center_lstm_h64.pt,training_logs/beijing_48h_24h_station1013_seed2049_center_lstm_h64.csv,0.7295433282852173,0.8541330858157979,0.5910562872886658,63.581199645996094,43.99790954589844,57.33332061767578,False,
beijing_72h_1h_station1013_seed2047_center_gru_h8,beijing,72,1,1013,2047,gru,8,center_gru_h8,completed,30,0.23054127395153046,5.723223168999539,0.013838995999321924,test,1,9,273,273,273,predictions/beijing_72h_1h_station1013_seed2047_center_gru_h8.npz,checkpoints/beijing_72h_1h_station1013_seed2047_center_gru_h8.pt,training_logs/beijing_72h_1h_station1013_seed2047_center_gru_h8.csv,0.10471013933420181,0.32358946109878456,0.1774461418390274,24.08782386779785,13.208992958068848,20.511201858520508,False,
beijing_72h_1h_station1013_seed2047_center_gru_h16,beijing,72,1,1013,2047,gru,16,center_gru_h16,completed,30,0.17105385661125183,5.921482784999171,0.013780066999970586,test,1,9,929,929,929,predictions/beijing_72h_1h_station1013_seed2047_center_gru_h16.npz,checkpoints/beijing_72h_1h_station1013_seed2047_center_gru_h16.pt,training_logs/beijing_72h_1h_station1013_seed2047_center_gru_h16.csv,0.09426549822092056,0.30702686889085223,0.16307345032691956,22.85491371154785,12.13909912109375,19.432697296142578,False,
beijing_72h_1h_station1013_seed2047_center_gru_h32,beijing,72,1,1013,2047,gru,32,center_gru_h32,completed,30,0.12316638976335526,6.410385410999879,0.014216184999895631,test,1,9,3393,3393,3393,predictions/beijing_72h_1h_station1013_seed2047_center_gru_h32.npz,checkpoints/beijing_72h_1h_station1013_seed2047_center_gru_h32.pt,training_logs/beijing_72h_1h_station1013_seed2047_center_gru_h32.csv,0.08572465181350708,0.2927877248340632,0.14732392132282257,21.79495620727539,10.966712951660156,18.099348068237305,False,
beijing_72h_1h_station1013_seed2047_center_gru_h40,beijing,72,1,1013,2047,gru,40,center_gru_h40,completed,30,0.11427368223667145,7.692460143000062,0.014769542000067304,test,1,9,5201,5201,5201,predictions/beijing_72h_1h_station1013_seed2047_center_gru_h40.npz,checkpoints/beijing_72h_1h_station1013_seed2047_center_gru_h40.pt,training_logs/beijing_72h_1h_station1013_seed2047_center_gru_h40.csv,0.08533812314271927,0.292126895616818,0.14497530460357666,21.745765686035156,10.791882514953613,16.473960876464844,False,
beijing_72h_1h_station1013_seed2047_center_gru_h48,beijing,72,1,1013,2047,gru,48,center_gru_h48,completed,30,0.11612026393413544,7.727729362999526,0.015060321000419208,test,1,9,7393,7393,7393,predictions/beijing_72h_1h_station1013_seed2047_center_gru_h48.npz,checkpoints/beijing_72h_1h_station1013_seed2047_center_gru_h48.pt,training_logs/beijing_72h_1h_station1013_seed2047_center_gru_h48.csv,0.08570308983325958,0.29275090065319964,0.14601664245128632,21.79221534729004,10.869399070739746,16.463911056518555,False,
beijing_72h_1h_station1013_seed2047_center_gru_h64,beijing,72,1,1013,2047,gru,64,center_gru_h64,completed,29,0.10492219775915146,9.777818926000691,0.018745301000308245,test,1,9,12929,12929,12929,predictions/beijing_72h_1h_station1013_seed2047_center_gru_h64.npz,checkpoints/beijing_72h_1h_station1013_seed2047_center_gru_h64.pt,training_logs/beijing_72h_1h_station1013_seed2047_center_gru_h64.csv,0.08151083439588547,0.28550102345856043,0.13712933659553528,21.252540588378906,10.207832336425781,16.30929183959961,False,
beijing_72h_1h_station1013_seed2047_center_lstm_h8,beijing,72,1,1013,2047,lstm,8,center_lstm_h8,completed,30,0.3372214436531067,4.379999798999052,0.011219084999538609,test,1,9,361,361,361,predictions/beijing_72h_1h_station1013_seed2047_center_lstm_h8.npz,checkpoints/beijing_72h_1h_station1013_seed2047_center_lstm_h8.pt,training_logs/beijing_72h_1h_station1013_seed2047_center_lstm_h8.csv,0.14254005253314972,0.37754476891244265,0.21787789463996887,28.10422706604004,16.21870994567871,25.884780883789062,False,
beijing_72h_1h_station1013_seed2047_center_lstm_h16,beijing,72,1,1013,2047,lstm,16,center_lstm_h16,completed,30,0.1789882630109787,4.40261292499963,0.011331165000228793,test,1,9,1233,1233,1233,predictions/beijing_72h_1h_station1013_seed2047_center_lstm_h16.npz,checkpoints/beijing_72h_1h_station1013_seed2047_center_lstm_h16.pt,training_logs/beijing_72h_1h_station1013_seed2047_center_lstm_h16.csv,0.09239999204874039,0.30397366999255115,0.158356174826622,22.62763214111328,11.787945747375488,18.326030731201172,False,
beijing_72h_1h_station1013_seed2047_center_lstm_h32,beijing,72,1,1013,2047,lstm,32,center_lstm_h32,completed,30,0.13720844686031342,4.637632906000363,0.0110189579991129,test,1,9,4513,4513,4513,predictions/beijing_72h_1h_station1013_seed2047_center_lstm_h32.npz,checkpoints/beijing_72h_1h_station1013_seed2047_center_lstm_h32.pt,training_logs/beijing_72h_1h_station1013_seed2047_center_lstm_h32.csv,0.09010525047779083,0.30017536620747354,0.15461823344230652,22.344890594482422,11.509696006774902,17.24845314025879,False,
beijing_72h_1h_station1013_seed2047_center_lstm_h40,beijing,72,1,1013,2047,lstm,40,center_lstm_h40,completed,30,0.1258501261472702,4.74080561899973,0.01110577699910209,test,1,9,6921,6921,6921,predictions/beijing_72h_1h_station1013_seed2047_center_lstm_h40.npz,checkpoints/beijing_72h_1h_station1013_seed2047_center_lstm_h40.pt,training_logs/beijing_72h_1h_station1013_seed2047_center_lstm_h40.csv,0.08732534199953079,0.29550861577884796,0.15007862448692322,21.997499465942383,11.171769142150879,16.76102066040039,False,
beijing_72h_1h_station1013_seed2047_center_lstm_h48,beijing,72,1,1013,2047,lstm,48,center_lstm_h48,completed,30,0.112101711332798,4.330880603998594,0.011003408000760828,test,1,9,9841,9841,9841,predictions/beijing_72h_1h_station1013_seed2047_center_lstm_h48.npz,checkpoints/beijing_72h_1h_station1013_seed2047_center_lstm_h48.pt,training_logs/beijing_72h_1h_station1013_seed2047_center_lstm_h48.csv,0.08147648721933365,0.2854408646626016,0.14126524329185486,21.248064041137695,10.515707969665527,16.346662521362305,False,
beijing_72h_1h_station1013_seed2047_center_lstm_h64,beijing,72,1,1013,2047,lstm,64,center_lstm_h64,completed,30,0.11009042710065842,5.112192980001055,0.011496196000734926,test,1,9,17217,17217,17217,predictions/beijing_72h_1h_station1013_seed2047_center_lstm_h64.npz,checkpoints/beijing_72h_1h_station1013_seed2047_center_lstm_h64.pt,training_logs/beijing_72h_1h_station1013_seed2047_center_lstm_h64.csv,0.08312708884477615,0.288317687360273,0.1407393217086792,21.462209701538086,10.476557731628418,16.766191482543945,False,
beijing_72h_1h_station1013_seed2048_center_gru_h8,beijing,72,1,1013,2048,gru,8,center_gru_h8,completed,30,0.2901047468185425,5.468440022999857,0.013456945998768788,test,1,9,273,273,273,predictions/beijing_72h_1h_station1013_seed2048_center_gru_h8.npz,checkpoints/beijing_72h_1h_station1013_seed2048_center_gru_h8.pt,training_logs/beijing_72h_1h_station1013_seed2048_center_gru_h8.csv,0.12558919191360474,0.35438565421529794,0.19961833953857422,26.380273818969727,14.859480857849121,22.5655517578125,False,
beijing_72h_1h_station1013_seed2048_center_gru_h16,beijing,72,1,1013,2048,gru,16,center_gru_h16,completed,30,0.15505869686603546,5.68631128800007,0.01379489299870329,test,1,9,929,929,929,predictions/beijing_72h_1h_station1013_seed2048_center_gru_h16.npz,checkpoints/beijing_72h_1h_station1013_seed2048_center_gru_h16.pt,training_logs/beijing_72h_1h_station1013_seed2048_center_gru_h16.csv,0.09136483818292618,0.3022661710858927,0.1609068512916565,22.50052833557129,11.97781753540039,20.309192657470703,False,
beijing_72h_1h_station1013_seed2048_center_gru_h32,beijing,72,1,1013,2048,gru,32,center_gru_h32,completed,30,0.12192239612340927,6.17186435000076,0.014104353000220726,test,1,9,3393,3393,3393,predictions/beijing_72h_1h_station1013_seed2048_center_gru_h32.npz,checkpoints/beijing_72h_1h_station1013_seed2048_center_gru_h32.pt,training_logs/beijing_72h_1h_station1013_seed2048_center_gru_h32.csv,0.08442829549312592,0.2905654753977594,0.14662277698516846,21.629533767700195,10.914518356323242,17.74542999267578,False,
beijing_72h_1h_station1013_seed2048_center_gru_h40,beijing,72,1,1013,2048,gru,40,center_gru_h40,completed,30,0.11398512870073318,7.417807505999008,0.01497421900057816,test,1,9,5201,5201,5201,predictions/beijing_72h_1h_station1013_seed2048_center_gru_h40.npz,checkpoints/beijing_72h_1h_station1013_seed2048_center_gru_h40.pt,training_logs/beijing_72h_1h_station1013_seed2048_center_gru_h40.csv,0.08155910670757294,0.2855855505931155,0.14296455681324005,21.258831024169922,10.642202377319336,16.691669464111328,False,
beijing_72h_1h_station1013_seed2048_center_gru_h48,beijing,72,1,1013,2048,gru,48,center_gru_h48,completed,29,0.10326772928237915,7.721431231000679,0.015133079001316219,test,1,9,7393,7393,7393,predictions/beijing_72h_1h_station1013_seed2048_center_gru_h48.npz,checkpoints/beijing_72h_1h_station1013_seed2048_center_gru_h48.pt,training_logs/beijing_72h_1h_station1013_seed2048_center_gru_h48.csv,0.07897717505693436,0.28102877976629786,0.13538193702697754,20.91963005065918,10.0777587890625,15.9655179977417,False,
beijing_72h_1h_station1013_seed2048_center_gru_h64,beijing,72,1,1013,2048,gru,64,center_gru_h64,completed,30,0.10547048598527908,9.781785844999831,0.018701700000747223,test,1,9,12929,12929,12929,predictions/beijing_72h_1h_station1013_seed2048_center_gru_h64.npz,checkpoints/beijing_72h_1h_station1013_seed2048_center_gru_h64.pt,training_logs/beijing_72h_1h_station1013_seed2048_center_gru_h64.csv,0.08172587305307388,0.2858773741538037,0.1378420889377594,21.280553817749023,10.26088809967041,16.077011108398438,False,
beijing_72h_1h_station1013_seed2048_center_lstm_h8,beijing,72,1,1013,2048,lstm,8,center_lstm_h8,completed,30,0.45320725440979004,3.8231338290006533,0.011058321999371401,test,1,9,361,361,361,predictions/beijing_72h_1h_station1013_seed2048_center_lstm_h8.npz,checkpoints/beijing_72h_1h_station1013_seed2048_center_lstm_h8.pt,training_logs/beijing_72h_1h_station1013_seed2048_center_lstm_h8.csv,0.17806082963943481,0.42197254607312407,0.2497682422399521,31.41140365600586,18.59261131286621,28.517658233642578,False,
beijing_72h_1h_station1013_seed2048_center_lstm_h16,beijing,72,1,1013,2048,lstm,16,center_lstm_h16,completed,30,0.20397482812404633,3.874771681999846,0.01118497099923843,test,1,9,1233,1233,1233,predictions/beijing_72h_1h_station1013_seed2048_center_lstm_h16.npz,checkpoints/beijing_72h_1h_station1013_seed2048_center_lstm_h16.pt,training_logs/beijing_72h_1h_station1013_seed2048_center_lstm_h16.csv,0.09830424934625626,0.31353508471342767,0.16776667535305023,23.339378356933594,12.488459587097168,19.98080825805664,False,
beijing_72h_1h_station1013_seed2048_center_lstm_h32,beijing,72,1,1013,2048,lstm,32,center_lstm_h32,completed,30,0.13298872113227844,4.154504553998777,0.011249481000049855,test,1,9,4513,4513,4513,predictions/beijing_72h_1h_station1013_seed2048_center_lstm_h32.npz,checkpoints/beijing_72h_1h_station1013_seed2048_center_lstm_h32.pt,training_logs/beijing_72h_1h_station1013_seed2048_center_lstm_h32.csv,0.08723700791597366,0.2953591168661866,0.15091609954833984,21.986371994018555,11.234111785888672,16.874784469604492,False,
beijing_72h_1h_station1013_seed2048_center_lstm_h40,beijing,72,1,1013,2048,lstm,40,center_lstm_h40,completed,30,0.11894882470369339,4.257075149998855,0.011303970999506419,test,1,9,6921,6921,6921,predictions/beijing_72h_1h_station1013_seed2048_center_lstm_h40.npz,checkpoints/beijing_72h_1h_station1013_seed2048_center_lstm_h40.pt,training_logs/beijing_72h_1h_station1013_seed2048_center_lstm_h40.csv,0.08380983769893646,0.28949928790747737,0.1446228176355362,21.550167083740234,10.765643119812012,16.316362380981445,False,
beijing_72h_1h_station1013_seed2048_center_lstm_h48,beijing,72,1,1013,2048,lstm,48,center_lstm_h48,completed,30,0.11426833271980286,4.337990506999631,0.011168402001203503,test,1,9,9841,9841,9841,predictions/beijing_72h_1h_station1013_seed2048_center_lstm_h48.npz,checkpoints/beijing_72h_1h_station1013_seed2048_center_lstm_h48.pt,training_logs/beijing_72h_1h_station1013_seed2048_center_lstm_h48.csv,0.08353547751903534,0.2890250465254445,0.14191575348377228,21.514867782592773,10.564130783081055,16.453609466552734,False,
beijing_72h_1h_station1013_seed2048_center_lstm_h64,beijing,72,1,1013,2048,lstm,64,center_lstm_h64,completed,30,0.11048176884651184,5.117112538000583,0.011476801000753767,test,1,9,17217,17217,17217,predictions/beijing_72h_1h_station1013_seed2048_center_lstm_h64.npz,checkpoints/beijing_72h_1h_station1013_seed2048_center_lstm_h64.pt,training_logs/beijing_72h_1h_station1013_seed2048_center_lstm_h64.csv,0.08256259560585022,0.2873370766292617,0.1405945122241974,21.38921546936035,10.465778350830078,16.670122146606445,False,
beijing_72h_1h_station1013_seed2049_center_gru_h8,beijing,72,1,1013,2049,gru,8,center_gru_h8,completed,30,0.25334882736206055,5.460889189998852,0.013571931000115,test,1,9,273,273,273,predictions/beijing_72h_1h_station1013_seed2049_center_gru_h8.npz,checkpoints/beijing_72h_1h_station1013_seed2049_center_gru_h8.pt,training_logs/beijing_72h_1h_station1013_seed2049_center_gru_h8.csv,0.11230871081352234,0.3351249182223285,0.1875441074371338,24.946514129638672,13.960680961608887,22.402536392211914,False,
beijing_72h_1h_station1013_seed2049_center_gru_h16,beijing,72,1,1013,2049,gru,16,center_gru_h16,completed,30,0.17869460582733154,5.661775530999876,0.013751070000580512,test,1,9,929,929,929,predictions/beijing_72h_1h_station1013_seed2049_center_gru_h16.npz,checkpoints/beijing_72h_1h_station1013_seed2049_center_gru_h16.pt,training_logs/beijing_72h_1h_station1013_seed2049_center_gru_h16.csv,0.09867586940526962,0.3141271548358556,0.17020931839942932,23.383451461791992,12.6702880859375,21.017715454101562,False,
beijing_72h_1h_station1013_seed2049_center_gru_h32,beijing,72,1,1013,2049,gru,32,center_gru_h32,completed,30,0.12122617661952972,6.163342312000168,0.014119548999588005,test,1,9,3393,3393,3393,predictions/beijing_72h_1h_station1013_seed2049_center_gru_h32.npz,checkpoints/beijing_72h_1h_station1013_seed2049_center_gru_h32.pt,training_logs/beijing_72h_1h_station1013_seed2049_center_gru_h32.csv,0.08336140215396881,0.2887237471251175,0.1457434743642807,21.49243927001953,10.849065780639648,17.513011932373047,False,
beijing_72h_1h_station1013_seed2049_center_gru_h40,beijing,72,1,1013,2049,gru,40,center_gru_h40,completed,30,0.11786302924156189,7.414531181999337,0.014635106999776326,test,1,9,5201,5201,5201,predictions/beijing_72h_1h_station1013_seed2049_center_gru_h40.npz,checkpoints/beijing_72h_1h_station1013_seed2049_center_gru_h40.pt,training_logs/beijing_72h_1h_station1013_seed2049_center_gru_h40.csv,0.08419562876224518,0.2901648303331146,0.14583489298820496,21.59971046447754,10.855868339538574,16.827167510986328,False,
beijing_72h_1h_station1013_seed2049_center_gru_h48,beijing,72,1,1013,2049,gru,48,center_gru_h48,completed,30,0.11098575592041016,7.719903410999905,0.015078185000675148,test,1,9,7393,7393,7393,predictions/beijing_72h_1h_station1013_seed2049_center_gru_h48.npz,checkpoints/beijing_72h_1h_station1013_seed2049_center_gru_h48.pt,training_logs/beijing_72h_1h_station1013_seed2049_center_gru_h48.csv,0.08266709744930267,0.2875188645103181,0.1409885436296463,21.402748107910156,10.495109558105469,16.453670501708984,False,
beijing_72h_1h_station1013_seed2049_center_gru_h64,beijing,72,1,1013,2049,gru,64,center_gru_h64,completed,30,0.10560953617095947,9.776703196001108,0.018779367999741226,test,1,9,12929,12929,12929,predictions/beijing_72h_1h_station1013_seed2049_center_gru_h64.npz,checkpoints/beijing_72h_1h_station1013_seed2049_center_gru_h64.pt,training_logs/beijing_72h_1h_station1013_seed2049_center_gru_h64.csv,0.08204726129770279,0.28643893118377395,0.13795533776283264,21.322357177734375,10.26932144165039,16.427078247070312,False,
beijing_72h_1h_station1013_seed2049_center_lstm_h8,beijing,72,1,1013,2049,lstm,8,center_lstm_h8,completed,30,0.2973603904247284,3.8289447560000553,0.011270435001279111,test,1,9,361,361,361,predictions/beijing_72h_1h_station1013_seed2049_center_lstm_h8.npz,checkpoints/beijing_72h_1h_station1013_seed2049_center_lstm_h8.pt,training_logs/beijing_72h_1h_station1013_seed2049_center_lstm_h8.csv,0.13500477373600006,0.36742995759191993,0.21521396934986115,27.351285934448242,16.020408630371094,26.58190155029297,False,
beijing_72h_1h_station1013_seed2049_center_lstm_h16,beijing,72,1,1013,2049,lstm,16,center_lstm_h16,completed,30,0.1807490885257721,3.8747866670000803,0.01134447500044189,test,1,9,1233,1233,1233,predictions/beijing_72h_1h_station1013_seed2049_center_lstm_h16.npz,checkpoints/beijing_72h_1h_station1013_seed2049_center_lstm_h16.pt,training_logs/beijing_72h_1h_station1013_seed2049_center_lstm_h16.csv,0.10269259661436081,0.320456856088867,0.17313893139362335,23.854631423950195,12.888367652893066,20.637468338012695,False,
beijing_72h_1h_station1013_seed2049_center_lstm_h32,beijing,72,1,1013,2049,lstm,32,center_lstm_h32,completed,30,0.1305447220802307,4.143822919999366,0.011003466999682132,test,1,9,4513,4513,4513,predictions/beijing_72h_1h_station1013_seed2049_center_lstm_h32.npz,checkpoints/beijing_72h_1h_station1013_seed2049_center_lstm_h32.pt,training_logs/beijing_72h_1h_station1013_seed2049_center_lstm_h32.csv,0.08834479749202728,0.2972285273859615,0.1498115211725235,22.125530242919922,11.151885986328125,17.528026580810547,False,
beijing_72h_1h_station1013_seed2049_center_lstm_h40,beijing,72,1,1013,2049,lstm,40,center_lstm_h40,completed,30,0.1288268268108368,4.242063343999689,0.01114710600086255,test,1,9,6921,6921,6921,predictions/beijing_72h_1h_station1013_seed2049_center_lstm_h40.npz,checkpoints/beijing_72h_1h_station1013_seed2049_center_lstm_h40.pt,training_logs/beijing_72h_1h_station1013_seed2049_center_lstm_h40.csv,0.08815460652112961,0.29690841436565857,0.1497187465429306,22.101699829101562,11.14498233795166,17.368501663208008,False,
beijing_72h_1h_station1013_seed2049_center_lstm_h48,beijing,72,1,1013,2049,lstm,48,center_lstm_h48,completed,30,0.11970649659633636,4.336362371999712,0.011180726000020513,test,1,9,9841,9841,9841,predictions/beijing_72h_1h_station1013_seed2049_center_lstm_h48.npz,checkpoints/beijing_72h_1h_station1013_seed2049_center_lstm_h48.pt,training_logs/beijing_72h_1h_station1013_seed2049_center_lstm_h48.csv,0.08613235503435135,0.29348314267492664,0.147070974111557,21.846725463867188,10.947882652282715,17.81098175048828,False,
beijing_72h_1h_station1013_seed2049_center_lstm_h64,beijing,72,1,1013,2049,lstm,64,center_lstm_h64,completed,30,0.11073274910449982,5.139619679999669,0.011586843998884433,test,1,9,17217,17217,17217,predictions/beijing_72h_1h_station1013_seed2049_center_lstm_h64.npz,checkpoints/beijing_72h_1h_station1013_seed2049_center_lstm_h64.pt,training_logs/beijing_72h_1h_station1013_seed2049_center_lstm_h64.csv,0.08281980454921722,0.2877843021243814,0.14291299879550934,21.42250633239746,10.638364791870117,17.518939971923828,False,
beijing_72h_3h_station1013_seed2047_center_gru_h8,beijing,72,3,1013,2047,gru,8,center_gru_h8,completed,30,0.48894214630126953,5.495562123000127,0.013630776000354672,test,1,9,291,291,291,predictions/beijing_72h_3h_station1013_seed2047_center_gru_h8.npz,checkpoints/beijing_72h_3h_station1013_seed2047_center_gru_h8.pt,training_logs/beijing_72h_3h_station1013_seed2047_center_gru_h8.csv,0.23004072904586792,0.47962561341724436,0.2885781228542328,35.70066833496094,21.48015594482422,31.105541229248047,False,
beijing_72h_3h_station1013_seed2047_center_gru_h16,beijing,72,3,1013,2047,gru,16,center_gru_h16,completed,30,0.3425542414188385,5.691278347001571,0.01372337599968887,test,1,9,963,963,963,predictions/beijing_72h_3h_station1013_seed2047_center_gru_h16.npz,checkpoints/beijing_72h_3h_station1013_seed2047_center_gru_h16.pt,training_logs/beijing_72h_3h_station1013_seed2047_center_gru_h16.csv,0.190728560090065,0.43672481048145756,0.251029372215271,32.50737380981445,18.68523406982422,28.062755584716797,False,
beijing_72h_3h_station1013_seed2047_center_gru_h32,beijing,72,3,1013,2047,gru,32,center_gru_h32,completed,30,0.28755274415016174,6.1734255159990425,0.014009574999363394,test,1,9,3459,3459,3459,predictions/beijing_72h_3h_station1013_seed2047_center_gru_h32.npz,checkpoints/beijing_72h_3h_station1013_seed2047_center_gru_h32.pt,training_logs/beijing_72h_3h_station1013_seed2047_center_gru_h32.csv,0.17983515560626984,0.4240697532320241,0.23620010912418365,31.565401077270508,17.5814266204834,27.044736862182617,False,
beijing_72h_3h_station1013_seed2047_center_gru_h40,beijing,72,3,1013,2047,gru,40,center_gru_h40,completed,30,0.281818687915802,7.428753958000016,0.01466456200068933,test,1,9,5283,5283,5283,predictions/beijing_72h_3h_station1013_seed2047_center_gru_h40.npz,checkpoints/beijing_72h_3h_station1013_seed2047_center_gru_h40.pt,training_logs/beijing_72h_3h_station1013_seed2047_center_gru_h40.csv,0.17869427800178528,0.42272245977920936,0.23137152194976807,31.465116500854492,17.222013473510742,25.546281814575195,False,
beijing_72h_3h_station1013_seed2047_center_gru_h48,beijing,72,3,1013,2047,gru,48,center_gru_h48,completed,30,0.2778737545013428,7.727564179998808,0.015070321000166587,test,1,9,7491,7491,7491,predictions/beijing_72h_3h_station1013_seed2047_center_gru_h48.npz,checkpoints/beijing_72h_3h_station1013_seed2047_center_gru_h48.pt,training_logs/beijing_72h_3h_station1013_seed2047_center_gru_h48.csv,0.17581063508987427,0.4192977880813042,0.22741010785102844,31.210201263427734,16.927148818969727,24.808151245117188,False,
beijing_72h_3h_station1013_seed2047_center_gru_h64,beijing,72,3,1013,2047,gru,64,center_gru_h64,completed,28,0.2677302062511444,9.784615046999534,0.018775763999656192,test,1,9,13059,13059,13059,predictions/beijing_72h_3h_station1013_seed2047_center_gru_h64.npz,checkpoints/beijing_72h_3h_station1013_seed2047_center_gru_h64.pt,training_logs/beijing_72h_3h_station1013_seed2047_center_gru_h64.csv,0.17581987380981445,0.4193088048322077,0.22937598824501038,31.211023330688477,17.073476791381836,27.00581932067871,False,
beijing_72h_3h_station1013_seed2047_center_lstm_h8,beijing,72,3,1013,2047,lstm,8,center_lstm_h8,completed,30,0.5767667293548584,3.840252017000239,0.011111210000308347,test,1,9,379,379,379,predictions/beijing_72h_3h_station1013_seed2047_center_lstm_h8.npz,checkpoints/beijing_72h_3h_station1013_seed2047_center_lstm_h8.pt,training_logs/beijing_72h_3h_station1013_seed2047_center_lstm_h8.csv,0.25682976841926575,0.5067837491665116,0.3127613663673401,37.722171783447266,23.280223846435547,34.217586517333984,False,
beijing_72h_3h_station1013_seed2047_center_lstm_h16,beijing,72,3,1013,2047,lstm,16,center_lstm_h16,completed,30,0.3750075697898865,3.885281147999194,0.011422707999372506,test,1,9,1267,1267,1267,predictions/beijing_72h_3h_station1013_seed2047_center_lstm_h16.npz,checkpoints/beijing_72h_3h_station1013_seed2047_center_lstm_h16.pt,training_logs/beijing_72h_3h_station1013_seed2047_center_lstm_h16.csv,0.19870340824127197,0.445761604718567,0.25865522027015686,33.180023193359375,19.25286102294922,28.177257537841797,False,
beijing_72h_3h_station1013_seed2047_center_lstm_h32,beijing,72,3,1013,2047,lstm,32,center_lstm_h32,completed,30,0.2936312258243561,4.189960866000547,0.011218829999052105,test,1,9,4579,4579,4579,predictions/beijing_72h_3h_station1013_seed2047_center_lstm_h32.npz,checkpoints/beijing_72h_3h_station1013_seed2047_center_lstm_h32.pt,training_logs/beijing_72h_3h_station1013_seed2047_center_lstm_h32.csv,0.18029972910881042,0.42461715592850274,0.23404386639595032,31.60614585876465,17.420927047729492,25.408632278442383,False,
beijing_72h_3h_station1013_seed2047_center_lstm_h40,beijing,72,3,1013,2047,lstm,40,center_lstm_h40,completed,30,0.29022935032844543,4.271848377000424,0.01103632100057439,test,1,9,7003,7003,7003,predictions/beijing_72h_3h_station1013_seed2047_center_lstm_h40.npz,checkpoints/beijing_72h_3h_station1013_seed2047_center_lstm_h40.pt,training_logs/beijing_72h_3h_station1013_seed2047_center_lstm_h40.csv,0.17973625659942627,0.42395313019180114,0.23275169730186462,31.556718826293945,17.324745178222656,25.494400024414062,False,
beijing_72h_3h_station1013_seed2047_center_lstm_h48,beijing,72,3,1013,2047,lstm,48,center_lstm_h48,completed,30,0.2772461175918579,4.3077145959996415,0.01114095099910628,test,1,9,9939,9939,9939,predictions/beijing_72h_3h_station1013_seed2047_center_lstm_h48.npz,checkpoints/beijing_72h_3h_station1013_seed2047_center_lstm_h48.pt,training_logs/beijing_72h_3h_station1013_seed2047_center_lstm_h48.csv,0.17811675369739532,0.4220388059140952,0.22978198528289795,31.414226531982422,17.103696823120117,25.664567947387695,False,
beijing_72h_3h_station1013_seed2047_center_lstm_h64,beijing,72,3,1013,2047,lstm,64,center_lstm_h64,completed,28,0.28447118401527405,5.146436268998514,0.011530849000337184,test,1,9,17347,17347,17347,predictions/beijing_72h_3h_station1013_seed2047_center_lstm_h64.npz,checkpoints/beijing_72h_3h_station1013_seed2047_center_lstm_h64.pt,training_logs/beijing_72h_3h_station1013_seed2047_center_lstm_h64.csv,0.18805812299251556,0.4336566879370311,0.2385229617357254,32.27899932861328,17.75432777404785,26.92469024658203,False,
beijing_72h_3h_station1013_seed2048_center_gru_h8,beijing,72,3,1013,2048,gru,8,center_gru_h8,completed,30,0.5024884939193726,5.50646442300058,0.013582310000856523,test,1,9,291,291,291,predictions/beijing_72h_3h_station1013_seed2048_center_gru_h8.npz,checkpoints/beijing_72h_3h_station1013_seed2048_center_gru_h8.pt,training_logs/beijing_72h_3h_station1013_seed2048_center_gru_h8.csv,0.23417922854423523,0.4839206841458993,0.29309719800949097,36.02037048339844,21.816530227661133,33.2316780090332,False,
beijing_72h_3h_station1013_seed2048_center_gru_h16,beijing,72,3,1013,2048,gru,16,center_gru_h16,completed,30,0.3443438410758972,5.7009439670000575,0.013617651000458864,test,1,9,963,963,963,predictions/beijing_72h_3h_station1013_seed2048_center_gru_h16.npz,checkpoints/beijing_72h_3h_station1013_seed2048_center_gru_h16.pt,training_logs/beijing_72h_3h_station1013_seed2048_center_gru_h16.csv,0.19112606346607208,0.43717966954796983,0.252287358045578,32.541229248046875,18.778871536254883,28.51540184020996,False,
beijing_72h_3h_station1013_seed2048_center_gru_h32,beijing,72,3,1013,2048,gru,32,center_gru_h32,completed,30,0.29374217987060547,6.199977721998948,0.01409403900106554,test,1,9,3459,3459,3459,predictions/beijing_72h_3h_station1013_seed2048_center_gru_h32.npz,checkpoints/beijing_72h_3h_station1013_seed2048_center_gru_h32.pt,training_logs/beijing_72h_3h_station1013_seed2048_center_gru_h32.csv,0.18227511644363403,0.42693689983841177,0.23749098181724548,31.7788143157959,17.67751121520996,26.8131046295166,False,
beijing_72h_3h_station1013_seed2048_center_gru_h40,beijing,72,3,1013,2048,gru,40,center_gru_h40,completed,30,0.28739720582962036,7.435484719000669,0.01455336700018961,test,1,9,5283,5283,5283,predictions/beijing_72h_3h_station1013_seed2048_center_gru_h40.npz,checkpoints/beijing_72h_3h_station1013_seed2048_center_gru_h40.pt,training_logs/beijing_72h_3h_station1013_seed2048_center_gru_h40.csv,0.1814083755016327,0.42592062112749685,0.2367483675479889,31.703168869018555,17.622236251831055,27.080968856811523,False,
beijing_72h_3h_station1013_seed2048_center_gru_h48,beijing,72,3,1013,2048,gru,48,center_gru_h48,completed,28,0.2795538604259491,7.726791232000323,0.015094086000317475,test,1,9,7491,7491,7491,predictions/beijing_72h_3h_station1013_seed2048_center_gru_h48.npz,checkpoints/beijing_72h_3h_station1013_seed2048_center_gru_h48.pt,training_logs/beijing_72h_3h_station1013_seed2048_center_gru_h48.csv,0.17902012169361115,0.423107695148187,0.23011943697929382,31.493789672851562,17.128814697265625,25.78474235534668,False,
beijing_72h_3h_station1013_seed2048_center_gru_h64,beijing,72,3,1013,2048,gru,64,center_gru_h64,completed,28,0.2715489864349365,9.800418132001141,0.018824451000909903,test,1,9,13059,13059,13059,predictions/beijing_72h_3h_station1013_seed2048_center_gru_h64.npz,checkpoints/beijing_72h_3h_station1013_seed2048_center_gru_h64.pt,training_logs/beijing_72h_3h_station1013_seed2048_center_gru_h64.csv,0.17629285156726837,0.41987242296591515,0.22599704563617706,31.252973556518555,16.82196617126465,25.344606399536133,False,
beijing_72h_3h_station1013_seed2048_center_lstm_h8,beijing,72,3,1013,2048,lstm,8,center_lstm_h8,completed,30,0.48227477073669434,3.8823802690003504,0.011041843999919365,test,1,9,379,379,379,predictions/beijing_72h_3h_station1013_seed2048_center_lstm_h8.npz,checkpoints/beijing_72h_3h_station1013_seed2048_center_lstm_h8.pt,training_logs/beijing_72h_3h_station1013_seed2048_center_lstm_h8.csv,0.22120362520217896,0.4703228946183451,0.2855823040008545,35.00822830200195,21.25716209411621,32.65857696533203,False,
beijing_72h_3h_station1013_seed2048_center_lstm_h16,beijing,72,3,1013,2048,lstm,16,center_lstm_h16,completed,30,0.374654084444046,3.884448095001062,0.01097930399919278,test,1,9,1267,1267,1267,predictions/beijing_72h_3h_station1013_seed2048_center_lstm_h16.npz,checkpoints/beijing_72h_3h_station1013_seed2048_center_lstm_h16.pt,training_logs/beijing_72h_3h_station1013_seed2048_center_lstm_h16.csv,0.1942145973443985,0.4406978526659717,0.25443822145462036,32.803104400634766,18.9389705657959,27.903345108032227,False,
beijing_72h_3h_station1013_seed2048_center_lstm_h32,beijing,72,3,1013,2048,lstm,32,center_lstm_h32,completed,30,0.2969873547554016,4.1452633409990085,0.010946603999400395,test,1,9,4579,4579,4579,predictions/beijing_72h_3h_station1013_seed2048_center_lstm_h32.npz,checkpoints/beijing_72h_3h_station1013_seed2048_center_lstm_h32.pt,training_logs/beijing_72h_3h_station1013_seed2048_center_lstm_h32.csv,0.1782691478729248,0.4222193125295488,0.23213006556034088,31.42766571044922,17.278474807739258,24.699901580810547,False,
beijing_72h_3h_station1013_seed2048_center_lstm_h40,beijing,72,3,1013,2048,lstm,40,center_lstm_h40,completed,30,0.2923298478126526,4.245270408999204,0.011218743999052094,test,1,9,7003,7003,7003,predictions/beijing_72h_3h_station1013_seed2048_center_lstm_h40.npz,checkpoints/beijing_72h_3h_station1013_seed2048_center_lstm_h40.pt,training_logs/beijing_72h_3h_station1013_seed2048_center_lstm_h40.csv,0.18410976231098175,0.42908013506917536,0.23656819760799408,31.938343048095703,17.60882568359375,25.596389770507812,False,
beijing_72h_3h_station1013_seed2048_center_lstm_h48,beijing,72,3,1013,2048,lstm,48,center_lstm_h48,completed,30,0.28313854336738586,4.350334070999452,0.011051654000766575,test,1,9,9939,9939,9939,predictions/beijing_72h_3h_station1013_seed2048_center_lstm_h48.npz,checkpoints/beijing_72h_3h_station1013_seed2048_center_lstm_h48.pt,training_logs/beijing_72h_3h_station1013_seed2048_center_lstm_h48.csv,0.18113172054290771,0.4255957243005476,0.23360362648963928,31.678985595703125,17.38815689086914,25.72658348083496,False,
beijing_72h_3h_station1013_seed2048_center_lstm_h64,beijing,72,3,1013,2048,lstm,64,center_lstm_h64,completed,30,0.27391865849494934,5.147080729000663,0.011633262000032119,test,1,9,17347,17347,17347,predictions/beijing_72h_3h_station1013_seed2048_center_lstm_h64.npz,checkpoints/beijing_72h_3h_station1013_seed2048_center_lstm_h64.pt,training_logs/beijing_72h_3h_station1013_seed2048_center_lstm_h64.csv,0.18175160884857178,0.42632336183766867,0.23158030211925507,31.73314666748047,17.2375545501709,25.56409454345703,False,
beijing_72h_3h_station1013_seed2049_center_gru_h8,beijing,72,3,1013,2049,gru,8,center_gru_h8,completed,30,0.41019970178604126,5.487870642999042,0.013497143998392858,test,1,9,291,291,291,predictions/beijing_72h_3h_station1013_seed2049_center_gru_h8.npz,checkpoints/beijing_72h_3h_station1013_seed2049_center_gru_h8.pt,training_logs/beijing_72h_3h_station1013_seed2049_center_gru_h8.csv,0.20535120368003845,0.4531569305219092,0.26464197039604187,33.73048782348633,19.6984806060791,29.356420516967773,False,
beijing_72h_3h_station1013_seed2049_center_gru_h16,beijing,72,3,1013,2049,gru,16,center_gru_h16,completed,30,0.33101555705070496,5.690811299999041,0.013719853999646148,test,1,9,963,963,963,predictions/beijing_72h_3h_station1013_seed2049_center_gru_h16.npz,checkpoints/beijing_72h_3h_station1013_seed2049_center_gru_h16.pt,training_logs/beijing_72h_3h_station1013_seed2049_center_gru_h16.csv,0.18899567425251007,0.43473632727494727,0.24922047555446625,32.3593635559082,18.550588607788086,28.543468475341797,False,
beijing_72h_3h_station1013_seed2049_center_gru_h32,beijing,72,3,1013,2049,gru,32,center_gru_h32,completed,30,0.2905937135219574,6.176667503999852,0.01411775300039153,test,1,9,3459,3459,3459,predictions/beijing_72h_3h_station1013_seed2049_center_gru_h32.npz,checkpoints/beijing_72h_3h_station1013_seed2049_center_gru_h32.pt,training_logs/beijing_72h_3h_station1013_seed2049_center_gru_h32.csv,0.18165725469589233,0.42621268715970007,0.23620036244392395,31.72490692138672,17.581445693969727,26.54965591430664,False,
beijing_72h_3h_station1013_seed2049_center_gru_h40,beijing,72,3,1013,2049,gru,40,center_gru_h40,completed,30,0.28661710023880005,7.427967605999584,0.014792731000852655,test,1,9,5283,5283,5283,predictions/beijing_72h_3h_station1013_seed2049_center_gru_h40.npz,checkpoints/beijing_72h_3h_station1013_seed2049_center_gru_h40.pt,training_logs/beijing_72h_3h_station1013_seed2049_center_gru_h40.csv,0.18030895292758942,0.42462801712509435,0.23191699385643005,31.60695457458496,17.26261329650879,25.65533447265625,False,
beijing_72h_3h_station1013_seed2049_center_gru_h48,beijing,72,3,1013,2049,gru,48,center_gru_h48,completed,30,0.27900275588035583,7.721953618000043,0.015110309999727178,test,1,9,7491,7491,7491,predictions/beijing_72h_3h_station1013_seed2049_center_gru_h48.npz,checkpoints/beijing_72h_3h_station1013_seed2049_center_gru_h48.pt,training_logs/beijing_72h_3h_station1013_seed2049_center_gru_h48.csv,0.17787908017635345,0.42175713411435434,0.22835908830165863,31.39326286315918,16.99778175354004,24.983062744140625,False,
beijing_72h_3h_station1013_seed2049_center_gru_h64,beijing,72,3,1013,2049,gru,64,center_gru_h64,completed,30,0.27202966809272766,9.78847006399883,0.01872100699984003,test,1,9,13059,13059,13059,predictions/beijing_72h_3h_station1013_seed2049_center_gru_h64.npz,checkpoints/beijing_72h_3h_station1013_seed2049_center_gru_h64.pt,training_logs/beijing_72h_3h_station1013_seed2049_center_gru_h64.csv,0.17704728245735168,0.4207698687612407,0.22545361518859863,31.319774627685547,16.781517028808594,24.816099166870117,False,
beijing_72h_3h_station1013_seed2049_center_lstm_h8,beijing,72,3,1013,2049,lstm,8,center_lstm_h8,completed,30,0.45590323209762573,3.843085078000513,0.011005746999217081,test,1,9,379,379,379,predictions/beijing_72h_3h_station1013_seed2049_center_lstm_h8.npz,checkpoints/beijing_72h_3h_station1013_seed2049_center_lstm_h8.pt,training_logs/beijing_72h_3h_station1013_seed2049_center_lstm_h8.csv,0.21134594082832336,0.45972376578585034,0.2730996608734131,34.21929168701172,20.32802391052246,30.87359619140625,False,
beijing_72h_3h_station1013_seed2049_center_lstm_h16,beijing,72,3,1013,2049,lstm,16,center_lstm_h16,completed,30,0.3490888178348541,3.888302397001098,0.011199525999472826,test,1,9,1267,1267,1267,predictions/beijing_72h_3h_station1013_seed2049_center_lstm_h16.npz,checkpoints/beijing_72h_3h_station1013_seed2049_center_lstm_h16.pt,training_logs/beijing_72h_3h_station1013_seed2049_center_lstm_h16.csv,0.18984945118427277,0.43571716879676975,0.24691738188266754,32.432369232177734,18.379161834716797,26.781654357910156,False,
beijing_72h_3h_station1013_seed2049_center_lstm_h32,beijing,72,3,1013,2049,lstm,32,center_lstm_h32,completed,30,0.2987905442714691,4.152816339999845,0.011129725999126094,test,1,9,4579,4579,4579,predictions/beijing_72h_3h_station1013_seed2049_center_lstm_h32.npz,checkpoints/beijing_72h_3h_station1013_seed2049_center_lstm_h32.pt,training_logs/beijing_72h_3h_station1013_seed2049_center_lstm_h32.csv,0.1846402883529663,0.42969790359386945,0.23892952501773834,31.98432731628418,17.784587860107422,26.100502014160156,False,
beijing_72h_3h_station1013_seed2049_center_lstm_h40,beijing,72,3,1013,2049,lstm,40,center_lstm_h40,completed,28,0.28858494758605957,4.255974994001008,0.011140676999275456,test,1,9,7003,7003,7003,predictions/beijing_72h_3h_station1013_seed2049_center_lstm_h40.npz,checkpoints/beijing_72h_3h_station1013_seed2049_center_lstm_h40.pt,training_logs/beijing_72h_3h_station1013_seed2049_center_lstm_h40.csv,0.18420225381851196,0.42918790036359594,0.23473550379276276,31.946367263793945,17.472408294677734,26.2873477935791,False,
beijing_72h_3h_station1013_seed2049_center_lstm_h48,beijing,72,3,1013,2049,lstm,48,center_lstm_h48,completed,30,0.2790496051311493,4.314482974001294,0.011202236999451998,test,1,9,9939,9939,9939,predictions/beijing_72h_3h_station1013_seed2049_center_lstm_h48.npz,checkpoints/beijing_72h_3h_station1013_seed2049_center_lstm_h48.pt,training_logs/beijing_72h_3h_station1013_seed2049_center_lstm_h48.csv,0.17783425748348236,0.42170399272888365,0.2323341965675354,31.389307022094727,17.293670654296875,25.600454330444336,False,
beijing_72h_3h_station1013_seed2049_center_lstm_h64,beijing,72,3,1013,2049,lstm,64,center_lstm_h64,completed,29,0.2798319458961487,5.108034422000856,0.011483514999781619,test,1,9,17347,17347,17347,predictions/beijing_72h_3h_station1013_seed2049_center_lstm_h64.npz,checkpoints/beijing_72h_3h_station1013_seed2049_center_lstm_h64.pt,training_logs/beijing_72h_3h_station1013_seed2049_center_lstm_h64.csv,0.18019169569015503,0.42448992413266423,0.23425902426242828,31.596677780151367,17.43694496154785,26.266029357910156,False,
beijing_72h_6h_station1013_seed2047_center_gru_h8,beijing,72,6,1013,2047,gru,8,center_gru_h8,completed,30,0.6295405626296997,5.49434128699977,0.013549408000471885,test,1,9,318,318,318,predictions/beijing_72h_6h_station1013_seed2047_center_gru_h8.npz,checkpoints/beijing_72h_6h_station1013_seed2047_center_gru_h8.pt,training_logs/beijing_72h_6h_station1013_seed2047_center_gru_h8.csv,0.3207437992095947,0.5663424751946429,0.3548378646373749,42.1525993347168,26.410411834716797,38.07560729980469,False,
beijing_72h_6h_station1013_seed2047_center_gru_h16,beijing,72,6,1013,2047,gru,16,center_gru_h16,completed,30,0.5446987152099609,5.670119283999156,0.013783958000203711,test,1,9,1014,1014,1014,predictions/beijing_72h_6h_station1013_seed2047_center_gru_h16.npz,checkpoints/beijing_72h_6h_station1013_seed2047_center_gru_h16.pt,training_logs/beijing_72h_6h_station1013_seed2047_center_gru_h16.csv,0.3001081049442291,0.5478212344772966,0.3340129256248474,40.77407455444336,24.860422134399414,35.98782730102539,False,
beijing_72h_6h_station1013_seed2047_center_gru_h32,beijing,72,6,1013,2047,gru,32,center_gru_h32,completed,30,0.4967931807041168,6.173451476999617,0.014118466999207158,test,1,9,3558,3558,3558,predictions/beijing_72h_6h_station1013_seed2047_center_gru_h32.npz,checkpoints/beijing_72h_6h_station1013_seed2047_center_gru_h32.pt,training_logs/beijing_72h_6h_station1013_seed2047_center_gru_h32.csv,0.28998732566833496,0.5385047127633471,0.32187187671661377,40.08064651489258,23.956768035888672,34.68076705932617,False,
beijing_72h_6h_station1013_seed2047_center_gru_h40,beijing,72,6,1013,2047,gru,40,center_gru_h40,completed,30,0.49601510167121887,7.42209671099954,0.014710534000187181,test,1,9,5406,5406,5406,predictions/beijing_72h_6h_station1013_seed2047_center_gru_h40.npz,checkpoints/beijing_72h_6h_station1013_seed2047_center_gru_h40.pt,training_logs/beijing_72h_6h_station1013_seed2047_center_gru_h40.csv,0.29160740971565247,0.5400068608042424,0.31904855370521545,40.19245147705078,23.74662971496582,33.659725189208984,False,
beijing_72h_6h_station1013_seed2047_center_gru_h48,beijing,72,6,1013,2047,gru,48,center_gru_h48,completed,30,0.48549842834472656,7.735189475999505,0.015082443000210333,test,1,9,7638,7638,7638,predictions/beijing_72h_6h_station1013_seed2047_center_gru_h48.npz,checkpoints/beijing_72h_6h_station1013_seed2047_center_gru_h48.pt,training_logs/beijing_72h_6h_station1013_seed2047_center_gru_h48.csv,0.28882431983947754,0.537423780493083,0.3153327405452728,40.00019454956055,23.470064163208008,33.47774124145508,False,
beijing_72h_6h_station1013_seed2047_center_gru_h64,beijing,72,6,1013,2047,gru,64,center_gru_h64,completed,28,0.4883590340614319,9.812249804999738,0.018725260999417515,test,1,9,13254,13254,13254,predictions/beijing_72h_6h_station1013_seed2047_center_gru_h64.npz,checkpoints/beijing_72h_6h_station1013_seed2047_center_gru_h64.pt,training_logs/beijing_72h_6h_station1013_seed2047_center_gru_h64.csv,0.28983986377716064,0.5383677774320828,0.31623730063438416,40.07045364379883,23.537391662597656,33.31033706665039,False,
beijing_72h_6h_station1013_seed2047_center_lstm_h8,beijing,72,6,1013,2047,lstm,8,center_lstm_h8,completed,30,0.7133787870407104,3.8942150009988836,0.011146898999868426,test,1,9,406,406,406,predictions/beijing_72h_6h_station1013_seed2047_center_lstm_h8.npz,checkpoints/beijing_72h_6h_station1013_seed2047_center_lstm_h8.pt,training_logs/beijing_72h_6h_station1013_seed2047_center_lstm_h8.csv,0.348153680562973,0.5900454902488222,0.37993040680885315,43.916805267333984,28.278038024902344,40.48545837402344,False,
beijing_72h_6h_station1013_seed2047_center_lstm_h16,beijing,72,6,1013,2047,lstm,16,center_lstm_h16,completed,30,0.5527631640434265,3.963485984999352,0.011293277999357088,test,1,9,1318,1318,1318,predictions/beijing_72h_6h_station1013_seed2047_center_lstm_h16.npz,checkpoints/beijing_72h_6h_station1013_seed2047_center_lstm_h16.pt,training_logs/beijing_72h_6h_station1013_seed2047_center_lstm_h16.csv,0.3032829165458679,0.550711282384761,0.3360002040863037,40.98917770385742,25.00833511352539,35.588382720947266,False,
beijing_72h_6h_station1013_seed2047_center_lstm_h32,beijing,72,6,1013,2047,lstm,32,center_lstm_h32,completed,30,0.5095555186271667,4.1882216519989015,0.011244609000641503,test,1,9,4678,4678,4678,predictions/beijing_72h_6h_station1013_seed2047_center_lstm_h32.npz,checkpoints/beijing_72h_6h_station1013_seed2047_center_lstm_h32.pt,training_logs/beijing_72h_6h_station1013_seed2047_center_lstm_h32.csv,0.30189746618270874,0.549451968949706,0.32762542366981506,40.895442962646484,24.3850040435791,33.777015686035156,False,
beijing_72h_6h_station1013_seed2047_center_lstm_h40,beijing,72,6,1013,2047,lstm,40,center_lstm_h40,completed,30,0.48828190565109253,4.28794370399919,0.010999369000273873,test,1,9,7126,7126,7126,predictions/beijing_72h_6h_station1013_seed2047_center_lstm_h40.npz,checkpoints/beijing_72h_6h_station1013_seed2047_center_lstm_h40.pt,training_logs/beijing_72h_6h_station1013_seed2047_center_lstm_h40.csv,0.30865544080734253,0.5555676743722069,0.3407749533653259,41.35063552856445,25.363719940185547,35.962371826171875,False,
beijing_72h_6h_station1013_seed2047_center_lstm_h48,beijing,72,6,1013,2047,lstm,48,center_lstm_h48,completed,27,0.5071384906768799,4.317622415999722,0.01108215900057985,test,1,9,10086,10086,10086,predictions/beijing_72h_6h_station1013_seed2047_center_lstm_h48.npz,checkpoints/beijing_72h_6h_station1013_seed2047_center_lstm_h48.pt,training_logs/beijing_72h_6h_station1013_seed2047_center_lstm_h48.csv,0.3024887442588806,0.5499897674128862,0.3263590931892395,40.93547821044922,24.290748596191406,34.17430114746094,False,
beijing_72h_6h_station1013_seed2047_center_lstm_h64,beijing,72,6,1013,2047,lstm,64,center_lstm_h64,completed,25,0.4836549460887909,5.12653187000069,0.011592418000873295,test,1,9,17542,17542,17542,predictions/beijing_72h_6h_station1013_seed2047_center_lstm_h64.npz,checkpoints/beijing_72h_6h_station1013_seed2047_center_lstm_h64.pt,training_logs/beijing_72h_6h_station1013_seed2047_center_lstm_h64.csv,0.3063177168369293,0.5534597698450442,0.33604633808135986,41.193748474121094,25.01176643371582,37.42604064941406,False,
beijing_72h_6h_station1013_seed2048_center_gru_h8,beijing,72,6,1013,2048,gru,8,center_gru_h8,completed,30,0.6157138347625732,5.4715104890001385,0.013484121000146843,test,1,9,318,318,318,predictions/beijing_72h_6h_station1013_seed2048_center_gru_h8.npz,checkpoints/beijing_72h_6h_station1013_seed2048_center_gru_h8.pt,training_logs/beijing_72h_6h_station1013_seed2048_center_gru_h8.csv,0.31382158398628235,0.5601978079092084,0.34952253103256226,41.695255279541016,26.014795303344727,37.60064697265625,False,
beijing_72h_6h_station1013_seed2048_center_gru_h16,beijing,72,6,1013,2048,gru,16,center_gru_h16,completed,30,0.5503346920013428,5.677582921000067,0.013665951000803034,test,1,9,1014,1014,1014,predictions/beijing_72h_6h_station1013_seed2048_center_gru_h16.npz,checkpoints/beijing_72h_6h_station1013_seed2048_center_gru_h16.pt,training_logs/beijing_72h_6h_station1013_seed2048_center_gru_h16.csv,0.3015815019607544,0.5491643669801914,0.33779093623161316,40.87404251098633,25.141616821289062,36.528907775878906,False,
beijing_72h_6h_station1013_seed2048_center_gru_h32,beijing,72,6,1013,2048,gru,32,center_gru_h32,completed,30,0.4912871718406677,6.177220894000129,0.0139875300010317,test,1,9,3558,3558,3558,predictions/beijing_72h_6h_station1013_seed2048_center_gru_h32.npz,checkpoints/beijing_72h_6h_station1013_seed2048_center_gru_h32.pt,training_logs/beijing_72h_6h_station1013_seed2048_center_gru_h32.csv,0.28953227400779724,0.5380820327866349,0.3181968629360199,40.04918670654297,23.683238983154297,34.05531311035156,False,
beijing_72h_6h_station1013_seed2048_center_gru_h40,beijing,72,6,1013,2048,gru,40,center_gru_h40,completed,30,0.4870074391365051,7.412011802998677,0.014591757999369293,test,1,9,5406,5406,5406,predictions/beijing_72h_6h_station1013_seed2048_center_gru_h40.npz,checkpoints/beijing_72h_6h_station1013_seed2048_center_gru_h40.pt,training_logs/beijing_72h_6h_station1013_seed2048_center_gru_h40.csv,0.2896813154220581,0.5382205081767677,0.3162232041358948,40.05949401855469,23.536340713500977,33.60896682739258,False,
beijing_72h_6h_station1013_seed2048_center_gru_h48,beijing,72,6,1013,2048,gru,48,center_gru_h48,completed,30,0.4890234172344208,7.733679761000531,0.015111516000615666,test,1,9,7638,7638,7638,predictions/beijing_72h_6h_station1013_seed2048_center_gru_h48.npz,checkpoints/beijing_72h_6h_station1013_seed2048_center_gru_h48.pt,training_logs/beijing_72h_6h_station1013_seed2048_center_gru_h48.csv,0.2909519672393799,0.5393996359281121,0.31799763441085815,40.147254943847656,23.66840934753418,33.917991638183594,False,
beijing_72h_6h_station1013_seed2048_center_gru_h64,beijing,72,6,1013,2048,gru,64,center_gru_h64,completed,30,0.4794539213180542,9.801142303000233,0.018713323999691056,test,1,9,13254,13254,13254,predictions/beijing_72h_6h_station1013_seed2048_center_gru_h64.npz,checkpoints/beijing_72h_6h_station1013_seed2048_center_gru_h64.pt,training_logs/beijing_72h_6h_station1013_seed2048_center_gru_h64.csv,0.2887917459011078,0.5373934740030881,0.31367427110671997,39.99794006347656,23.34662628173828,33.65129089355469,False,
beijing_72h_6h_station1013_seed2048_center_lstm_h8,beijing,72,6,1013,2048,lstm,8,center_lstm_h8,completed,30,0.7030560374259949,3.8468273199996474,0.01098154200008139,test,1,9,406,406,406,predictions/beijing_72h_6h_station1013_seed2048_center_lstm_h8.npz,checkpoints/beijing_72h_6h_station1013_seed2048_center_lstm_h8.pt,training_logs/beijing_72h_6h_station1013_seed2048_center_lstm_h8.csv,0.3434731364250183,0.5860658123666815,0.37620195746421814,43.62059783935547,28.000530242919922,40.71023178100586,False,
beijing_72h_6h_station1013_seed2048_center_lstm_h16,beijing,72,6,1013,2048,lstm,16,center_lstm_h16,completed,30,0.5598064661026001,3.8857482170005824,0.011091940999904182,test,1,9,1318,1318,1318,predictions/beijing_72h_6h_station1013_seed2048_center_lstm_h16.npz,checkpoints/beijing_72h_6h_station1013_seed2048_center_lstm_h16.pt,training_logs/beijing_72h_6h_station1013_seed2048_center_lstm_h16.csv,0.3024498522281647,0.5499544092269509,0.335750013589859,40.93284225463867,24.989709854125977,35.65486526489258,False,
beijing_72h_6h_station1013_seed2048_center_lstm_h32,beijing,72,6,1013,2048,lstm,32,center_lstm_h32,completed,29,0.4993697702884674,4.145991408000555,0.010947442000542651,test,1,9,4678,4678,4678,predictions/beijing_72h_6h_station1013_seed2048_center_lstm_h32.npz,checkpoints/beijing_72h_6h_station1013_seed2048_center_lstm_h32.pt,training_logs/beijing_72h_6h_station1013_seed2048_center_lstm_h32.csv,0.2936911880970001,0.541932826185128,0.3257172405719757,40.33580017089844,24.242979049682617,35.209590911865234,False,
beijing_72h_6h_station1013_seed2048_center_lstm_h40,beijing,72,6,1013,2048,lstm,40,center_lstm_h40,completed,28,0.5047948956489563,4.237395060999916,0.011104261999207665,test,1,9,7126,7126,7126,predictions/beijing_72h_6h_station1013_seed2048_center_lstm_h40.npz,checkpoints/beijing_72h_6h_station1013_seed2048_center_lstm_h40.pt,training_logs/beijing_72h_6h_station1013_seed2048_center_lstm_h40.csv,0.30559247732162476,0.5528041943777423,0.33313435316085815,41.14495086669922,24.79503059387207,36.04300308227539,False,
beijing_72h_6h_station1013_seed2048_center_lstm_h48,beijing,72,6,1013,2048,lstm,48,center_lstm_h48,completed,28,0.5010331869125366,4.315700753000783,0.011022422000678489,test,1,9,10086,10086,10086,predictions/beijing_72h_6h_station1013_seed2048_center_lstm_h48.npz,checkpoints/beijing_72h_6h_station1013_seed2048_center_lstm_h48.pt,training_logs/beijing_72h_6h_station1013_seed2048_center_lstm_h48.csv,0.2992975413799286,0.5470809276331323,0.3321526348590851,40.718971252441406,24.72196388244629,35.74589920043945,False,
beijing_72h_6h_station1013_seed2048_center_lstm_h64,beijing,72,6,1013,2048,lstm,64,center_lstm_h64,completed,28,0.49268200993537903,5.130068481999842,0.011552291000043624,test,1,9,17542,17542,17542,predictions/beijing_72h_6h_station1013_seed2048_center_lstm_h64.npz,checkpoints/beijing_72h_6h_station1013_seed2048_center_lstm_h64.pt,training_logs/beijing_72h_6h_station1013_seed2048_center_lstm_h64.csv,0.3161565363407135,0.5622779884903139,0.33849379420280457,41.85007858276367,25.193927764892578,36.29153823852539,False,
beijing_72h_6h_station1013_seed2049_center_gru_h8,beijing,72,6,1013,2049,gru,8,center_gru_h8,completed,30,0.6687852740287781,5.486176209000405,0.01358886400157644,test,1,9,318,318,318,predictions/beijing_72h_6h_station1013_seed2049_center_gru_h8.npz,checkpoints/beijing_72h_6h_station1013_seed2049_center_gru_h8.pt,training_logs/beijing_72h_6h_station1013_seed2049_center_gru_h8.csv,0.3393781781196594,0.5825617376035431,0.3712038993835449,43.35979080200195,27.62852668762207,39.55409240722656,False,
beijing_72h_6h_station1013_seed2049_center_gru_h16,beijing,72,6,1013,2049,gru,16,center_gru_h16,completed,30,0.5416690707206726,5.684472707000168,0.01362351299940201,test,1,9,1014,1014,1014,predictions/beijing_72h_6h_station1013_seed2049_center_gru_h16.npz,checkpoints/beijing_72h_6h_station1013_seed2049_center_gru_h16.pt,training_logs/beijing_72h_6h_station1013_seed2049_center_gru_h16.csv,0.3003518581390381,0.54804366444567,0.3349913954734802,40.790626525878906,24.933250427246094,36.07050323486328,False,
beijing_72h_6h_station1013_seed2049_center_gru_h32,beijing,72,6,1013,2049,gru,32,center_gru_h32,completed,30,0.49982330203056335,6.170712488999925,0.014203131999238394,test,1,9,3558,3558,3558,predictions/beijing_72h_6h_station1013_seed2049_center_gru_h32.npz,checkpoints/beijing_72h_6h_station1013_seed2049_center_gru_h32.pt,training_logs/beijing_72h_6h_station1013_seed2049_center_gru_h32.csv,0.2928987443447113,0.5412012050473569,0.32471388578414917,40.28134536743164,24.16830062866211,35.10564422607422,False,
beijing_72h_6h_station1013_seed2049_center_gru_h40,beijing,72,6,1013,2049,gru,40,center_gru_h40,completed,30,0.4890689551830292,7.419478371000878,0.014712281001266092,test,1,9,5406,5406,5406,predictions/beijing_72h_6h_station1013_seed2049_center_gru_h40.npz,checkpoints/beijing_72h_6h_station1013_seed2049_center_gru_h40.pt,training_logs/beijing_72h_6h_station1013_seed2049_center_gru_h40.csv,0.28810054063796997,0.536749979634811,0.3166952133178711,39.95004653930664,23.571475982666016,33.858577728271484,False,
beijing_72h_6h_station1013_seed2049_center_gru_h48,beijing,72,6,1013,2049,gru,48,center_gru_h48,completed,30,0.49383750557899475,7.726491015999272,0.015102060000572237,test,1,9,7638,7638,7638,predictions/beijing_72h_6h_station1013_seed2049_center_gru_h48.npz,checkpoints/beijing_72h_6h_station1013_seed2049_center_gru_h48.pt,training_logs/beijing_72h_6h_station1013_seed2049_center_gru_h48.csv,0.29178160429000854,0.5401681259478465,0.3188086748123169,40.2044563293457,23.728776931762695,33.540950775146484,False,
beijing_72h_6h_station1013_seed2049_center_gru_h64,beijing,72,6,1013,2049,gru,64,center_gru_h64,completed,26,0.48402827978134155,9.800205174000439,0.01881437699921662,test,1,9,13254,13254,13254,predictions/beijing_72h_6h_station1013_seed2049_center_gru_h64.npz,checkpoints/beijing_72h_6h_station1013_seed2049_center_gru_h64.pt,training_logs/beijing_72h_6h_station1013_seed2049_center_gru_h64.csv,0.28824982047080994,0.5368890206279227,0.3178325295448303,39.960391998291016,23.65612030029297,34.442962646484375,False,
beijing_72h_6h_station1013_seed2049_center_lstm_h8,beijing,72,6,1013,2049,lstm,8,center_lstm_h8,completed,30,0.6884505748748779,3.845656883999254,0.011006512999301776,test,1,9,406,406,406,predictions/beijing_72h_6h_station1013_seed2049_center_lstm_h8.npz,checkpoints/beijing_72h_6h_station1013_seed2049_center_lstm_h8.pt,training_logs/beijing_72h_6h_station1013_seed2049_center_lstm_h8.csv,0.3303425908088684,0.574754374327737,0.3618937134742737,42.77869415283203,26.935575485229492,38.50416564941406,False,
beijing_72h_6h_station1013_seed2049_center_lstm_h16,beijing,72,6,1013,2049,lstm,16,center_lstm_h16,completed,30,0.5425124168395996,3.8816347219999443,0.011185113000465208,test,1,9,1318,1318,1318,predictions/beijing_72h_6h_station1013_seed2049_center_lstm_h16.npz,checkpoints/beijing_72h_6h_station1013_seed2049_center_lstm_h16.pt,training_logs/beijing_72h_6h_station1013_seed2049_center_lstm_h16.csv,0.30086442828178406,0.5485111013295757,0.33437874913215637,40.825416564941406,24.887651443481445,35.81007385253906,False,
beijing_72h_6h_station1013_seed2049_center_lstm_h32,beijing,72,6,1013,2049,lstm,32,center_lstm_h32,completed,30,0.5025765895843506,4.151119854001081,0.011059833001127117,test,1,9,4678,4678,4678,predictions/beijing_72h_6h_station1013_seed2049_center_lstm_h32.npz,checkpoints/beijing_72h_6h_station1013_seed2049_center_lstm_h32.pt,training_logs/beijing_72h_6h_station1013_seed2049_center_lstm_h32.csv,0.2923751175403595,0.5407172251189706,0.32536551356315613,40.245323181152344,24.216798782348633,34.71996307373047,False,
beijing_72h_6h_station1013_seed2049_center_lstm_h40,beijing,72,6,1013,2049,lstm,40,center_lstm_h40,completed,29,0.4987887144088745,4.250931879001655,0.01103711299947463,test,1,9,7126,7126,7126,predictions/beijing_72h_6h_station1013_seed2049_center_lstm_h40.npz,checkpoints/beijing_72h_6h_station1013_seed2049_center_lstm_h40.pt,training_logs/beijing_72h_6h_station1013_seed2049_center_lstm_h40.csv,0.3007274270057678,0.5483862024210382,0.3290625512599945,40.81612014770508,24.491968154907227,34.565120697021484,False,
beijing_72h_6h_station1013_seed2049_center_lstm_h48,beijing,72,6,1013,2049,lstm,48,center_lstm_h48,completed,27,0.4931902289390564,4.319049731000632,0.011069684000176494,test,1,9,10086,10086,10086,predictions/beijing_72h_6h_station1013_seed2049_center_lstm_h48.npz,checkpoints/beijing_72h_6h_station1013_seed2049_center_lstm_h48.pt,training_logs/beijing_72h_6h_station1013_seed2049_center_lstm_h48.csv,0.313747376203537,0.560131570439961,0.33847200870513916,41.69032287597656,25.192310333251953,35.65239334106445,False,
beijing_72h_6h_station1013_seed2049_center_lstm_h64,beijing,72,6,1013,2049,lstm,64,center_lstm_h64,completed,28,0.4867769479751587,5.112803502001043,0.011460811998404097,test,1,9,17542,17542,17542,predictions/beijing_72h_6h_station1013_seed2049_center_lstm_h64.npz,checkpoints/beijing_72h_6h_station1013_seed2049_center_lstm_h64.pt,training_logs/beijing_72h_6h_station1013_seed2049_center_lstm_h64.csv,0.3048880100250244,0.5521666505911276,0.33332085609436035,41.09749984741211,24.808910369873047,35.58797836303711,False,
beijing_72h_12h_station1013_seed2047_center_gru_h8,beijing,72,12,1013,2047,gru,8,center_gru_h8,completed,30,0.8988380432128906,5.495764776000215,0.013808664998578024,test,1,9,372,372,372,predictions/beijing_72h_12h_station1013_seed2047_center_gru_h8.npz,checkpoints/beijing_72h_12h_station1013_seed2047_center_gru_h8.pt,training_logs/beijing_72h_12h_station1013_seed2047_center_gru_h8.csv,0.47556260228157043,0.689610471412355,0.45771947503089905,51.325828552246094,34.06681442260742,46.8280029296875,False,
beijing_72h_12h_station1013_seed2047_center_gru_h16,beijing,72,12,1013,2047,gru,16,center_gru_h16,completed,30,0.8400188684463501,5.6822512750004535,0.013801364999380894,test,1,9,1116,1116,1116,predictions/beijing_72h_12h_station1013_seed2047_center_gru_h16.npz,checkpoints/beijing_72h_12h_station1013_seed2047_center_gru_h16.pt,training_logs/beijing_72h_12h_station1013_seed2047_center_gru_h16.csv,0.4607256054878235,0.6787677109938447,0.4421076476573944,50.51883316040039,32.90486526489258,45.35831832885742,False,
beijing_72h_12h_station1013_seed2047_center_gru_h32,beijing,72,12,1013,2047,gru,32,center_gru_h32,completed,30,0.8186405301094055,6.1746593289990415,0.014164363999952911,test,1,9,3756,3756,3756,predictions/beijing_72h_12h_station1013_seed2047_center_gru_h32.npz,checkpoints/beijing_72h_12h_station1013_seed2047_center_gru_h32.pt,training_logs/beijing_72h_12h_station1013_seed2047_center_gru_h32.csv,0.45635488629341125,0.6755404401613654,0.43720850348472595,50.27863693237305,32.54023742675781,44.82809066772461,False,
beijing_72h_12h_station1013_seed2047_center_gru_h40,beijing,72,12,1013,2047,gru,40,center_gru_h40,completed,29,0.8195986151695251,7.420571922000818,0.014728262000062387,test,1,9,5652,5652,5652,predictions/beijing_72h_12h_station1013_seed2047_center_gru_h40.npz,checkpoints/beijing_72h_12h_station1013_seed2047_center_gru_h40.pt,training_logs/beijing_72h_12h_station1013_seed2047_center_gru_h40.csv,0.454385370016098,0.6740811301439152,0.4364781975746155,50.170021057128906,32.48588180541992,44.82484817504883,False,
beijing_72h_12h_station1013_seed2047_center_gru_h48,beijing,72,12,1013,2047,gru,48,center_gru_h48,completed,29,0.8108640313148499,7.719504535998567,0.015123400999073056,test,1,9,7932,7932,7932,predictions/beijing_72h_12h_station1013_seed2047_center_gru_h48.npz,checkpoints/beijing_72h_12h_station1013_seed2047_center_gru_h48.pt,training_logs/beijing_72h_12h_station1013_seed2047_center_gru_h48.csv,0.45133453607559204,0.6718143613198456,0.43284791707992554,50.001312255859375,32.21569061279297,44.42601776123047,False,
beijing_72h_12h_station1013_seed2047_center_gru_h64,beijing,72,12,1013,2047,gru,64,center_gru_h64,completed,29,0.8049054145812988,9.822071516000506,0.01883246000033978,test,1,9,13644,13644,13644,predictions/beijing_72h_12h_station1013_seed2047_center_gru_h64.npz,checkpoints/beijing_72h_12h_station1013_seed2047_center_gru_h64.pt,training_logs/beijing_72h_12h_station1013_seed2047_center_gru_h64.csv,0.45425838232040405,0.6739869303780334,0.43113264441490173,50.16300964355469,32.08802795410156,44.13473129272461,False,
beijing_72h_12h_station1013_seed2047_center_lstm_h8,beijing,72,12,1013,2047,lstm,8,center_lstm_h8,completed,30,0.9533827304840088,3.8939037139989523,0.011096035999798914,test,1,9,460,460,460,predictions/beijing_72h_12h_station1013_seed2047_center_lstm_h8.npz,checkpoints/beijing_72h_12h_station1013_seed2047_center_lstm_h8.pt,training_logs/beijing_72h_12h_station1013_seed2047_center_lstm_h8.csv,0.4918329119682312,0.7013080007872655,0.4726842939853668,52.196441650390625,35.180606842041016,48.73693084716797,False,
beijing_72h_12h_station1013_seed2047_center_lstm_h16,beijing,72,12,1013,2047,lstm,16,center_lstm_h16,completed,30,0.8543751835823059,3.8966863280002144,0.011218715000723023,test,1,9,1420,1420,1420,predictions/beijing_72h_12h_station1013_seed2047_center_lstm_h16.npz,checkpoints/beijing_72h_12h_station1013_seed2047_center_lstm_h16.pt,training_logs/beijing_72h_12h_station1013_seed2047_center_lstm_h16.csv,0.4606693685054779,0.6787262839359309,0.44245389103889465,50.5157470703125,32.93063735961914,45.29259490966797,False,
beijing_72h_12h_station1013_seed2047_center_lstm_h32,beijing,72,12,1013,2047,lstm,32,center_lstm_h32,completed,30,0.805199384689331,4.164824081999541,0.49889095700018515,test,1,9,4876,4876,4876,predictions/beijing_72h_12h_station1013_seed2047_center_lstm_h32.npz,checkpoints/beijing_72h_12h_station1013_seed2047_center_lstm_h32.pt,training_logs/beijing_72h_12h_station1013_seed2047_center_lstm_h32.csv,0.46909624338150024,0.6849060106186106,0.44426557421684265,50.97569274902344,33.06547546386719,45.25822448730469,False,
beijing_72h_12h_station1013_seed2047_center_lstm_h40,beijing,72,12,1013,2047,lstm,40,center_lstm_h40,completed,28,0.8077894449234009,4.259291968999605,0.011284215001069242,test,1,9,7372,7372,7372,predictions/beijing_72h_12h_station1013_seed2047_center_lstm_h40.npz,checkpoints/beijing_72h_12h_station1013_seed2047_center_lstm_h40.pt,training_logs/beijing_72h_12h_station1013_seed2047_center_lstm_h40.csv,0.5092190504074097,0.7135958592981112,0.4605776071548462,53.11099624633789,34.279537200927734,46.14693069458008,False,
beijing_72h_12h_station1013_seed2047_center_lstm_h48,beijing,72,12,1013,2047,lstm,48,center_lstm_h48,completed,28,0.8032495379447937,4.302791011999943,0.011320835001242813,test,1,9,10380,10380,10380,predictions/beijing_72h_12h_station1013_seed2047_center_lstm_h48.npz,checkpoints/beijing_72h_12h_station1013_seed2047_center_lstm_h48.pt,training_logs/beijing_72h_12h_station1013_seed2047_center_lstm_h48.csv,0.4922807812690735,0.7016272381179863,0.45361870527267456,52.22020721435547,33.7616081237793,45.972251892089844,False,
beijing_72h_12h_station1013_seed2047_center_lstm_h64,beijing,72,12,1013,2047,lstm,64,center_lstm_h64,completed,18,0.8164772391319275,4.075668796000173,0.49977543900058663,test,1,9,17932,17932,17932,predictions/beijing_72h_12h_station1013_seed2047_center_lstm_h64.npz,checkpoints/beijing_72h_12h_station1013_seed2047_center_lstm_h64.pt,training_logs/beijing_72h_12h_station1013_seed2047_center_lstm_h64.csv,0.519784688949585,0.7209609482833207,0.4722227156162262,53.65916061401367,35.1462516784668,47.14026641845703,False,
beijing_72h_12h_station1013_seed2048_center_gru_h8,beijing,72,12,1013,2048,gru,8,center_gru_h8,completed,30,0.9326956868171692,5.500839937998535,0.013596778000646736,test,1,9,372,372,372,predictions/beijing_72h_12h_station1013_seed2048_center_gru_h8.npz,checkpoints/beijing_72h_12h_station1013_seed2048_center_gru_h8.pt,training_logs/beijing_72h_12h_station1013_seed2048_center_gru_h8.csv,0.4844209849834442,0.6960035811570543,0.4651757776737213,51.80165100097656,34.62176513671875,47.666534423828125,False,
beijing_72h_12h_station1013_seed2048_center_gru_h16,beijing,72,12,1013,2048,gru,16,center_gru_h16,completed,30,0.8441327214241028,5.683210807999785,0.013733036999838077,test,1,9,1116,1116,1116,predictions/beijing_72h_12h_station1013_seed2048_center_gru_h16.npz,checkpoints/beijing_72h_12h_station1013_seed2048_center_gru_h16.pt,training_logs/beijing_72h_12h_station1013_seed2048_center_gru_h16.csv,0.462094247341156,0.679775144692093,0.4460621178150177,50.59381103515625,33.199188232421875,45.85038757324219,False,
beijing_72h_12h_station1013_seed2048_center_gru_h32,beijing,72,12,1013,2048,gru,32,center_gru_h32,completed,30,0.8245161175727844,6.1687416859986115,0.0140808369997103,test,1,9,3756,3756,3756,predictions/beijing_72h_12h_station1013_seed2048_center_gru_h32.npz,checkpoints/beijing_72h_12h_station1013_seed2048_center_gru_h32.pt,training_logs/beijing_72h_12h_station1013_seed2048_center_gru_h32.csv,0.454562783241272,0.6742127136455319,0.43625304102897644,50.17981719970703,32.4691276550293,44.74726486206055,False,
beijing_72h_12h_station1013_seed2048_center_gru_h40,beijing,72,12,1013,2048,gru,40,center_gru_h40,completed,30,0.8176373839378357,7.405786794999585,0.014584205000574002,test,1,9,5652,5652,5652,predictions/beijing_72h_12h_station1013_seed2048_center_gru_h40.npz,checkpoints/beijing_72h_12h_station1013_seed2048_center_gru_h40.pt,training_logs/beijing_72h_12h_station1013_seed2048_center_gru_h40.csv,0.4554443359375,0.6748661614998192,0.4349552392959595,50.22845458984375,32.372535705566406,44.54255676269531,False,
beijing_72h_12h_station1013_seed2048_center_gru_h48,beijing,72,12,1013,2048,gru,48,center_gru_h48,completed,28,0.8126922249794006,7.713132578999648,0.015023833999293856,test,1,9,7932,7932,7932,predictions/beijing_72h_12h_station1013_seed2048_center_gru_h48.npz,checkpoints/beijing_72h_12h_station1013_seed2048_center_gru_h48.pt,training_logs/beijing_72h_12h_station1013_seed2048_center_gru_h48.csv,0.45224276185035706,0.6724899715611803,0.43167924880981445,50.05159378051758,32.12870788574219,44.046783447265625,False,
beijing_72h_12h_station1013_seed2048_center_gru_h64,beijing,72,12,1013,2048,gru,64,center_gru_h64,completed,25,0.811486005783081,9.78198479599996,0.018718643001193414,test,1,9,13644,13644,13644,predictions/beijing_72h_12h_station1013_seed2048_center_gru_h64.npz,checkpoints/beijing_72h_12h_station1013_seed2048_center_gru_h64.pt,training_logs/beijing_72h_12h_station1013_seed2048_center_gru_h64.csv,0.45603519678115845,0.6753037811097746,0.4367629289627075,50.261024475097656,32.507076263427734,45.03227996826172,False,
beijing_72h_12h_station1013_seed2048_center_lstm_h8,beijing,72,12,1013,2048,lstm,8,center_lstm_h8,completed,30,0.9869657754898071,3.8400332250002975,0.011095217001638957,test,1,9,460,460,460,predictions/beijing_72h_12h_station1013_seed2048_center_lstm_h8.npz,checkpoints/beijing_72h_12h_station1013_seed2048_center_lstm_h8.pt,training_logs/beijing_72h_12h_station1013_seed2048_center_lstm_h8.csv,0.5005777478218079,0.7075151926438102,0.47576501965522766,52.65842819213867,35.40989303588867,48.35369110107422,False,
beijing_72h_12h_station1013_seed2048_center_lstm_h16,beijing,72,12,1013,2048,lstm,16,center_lstm_h16,completed,30,0.8663454055786133,3.882772644999932,0.011330706000080681,test,1,9,1420,1420,1420,predictions/beijing_72h_12h_station1013_seed2048_center_lstm_h16.npz,checkpoints/beijing_72h_12h_station1013_seed2048_center_lstm_h16.pt,training_logs/beijing_72h_12h_station1013_seed2048_center_lstm_h16.csv,0.4693875014781952,0.6851186039498528,0.44733926653862,50.99150848388672,33.29423904418945,45.55514907836914,False,
beijing_72h_12h_station1013_seed2048_center_lstm_h32,beijing,72,12,1013,2048,lstm,32,center_lstm_h32,completed,24,0.8175326585769653,4.145582846000252,0.011357026000041515,test,1,9,4876,4876,4876,predictions/beijing_72h_12h_station1013_seed2048_center_lstm_h32.npz,checkpoints/beijing_72h_12h_station1013_seed2048_center_lstm_h32.pt,training_logs/beijing_72h_12h_station1013_seed2048_center_lstm_h32.csv,0.48841673135757446,0.6988681788131252,0.46287408471107483,52.01485824584961,34.45045852661133,47.28620910644531,False,
beijing_72h_12h_station1013_seed2048_center_lstm_h40,beijing,72,12,1013,2048,lstm,40,center_lstm_h40,completed,27,0.8187592625617981,4.240679615000772,0.011024838000594173,test,1,9,7372,7372,7372,predictions/beijing_72h_12h_station1013_seed2048_center_lstm_h40.npz,checkpoints/beijing_72h_12h_station1013_seed2048_center_lstm_h40.pt,training_logs/beijing_72h_12h_station1013_seed2048_center_lstm_h40.csv,0.48803237080574036,0.6985931368155146,0.4506020247936249,51.994384765625,33.537078857421875,45.235069274902344,False,
beijing_72h_12h_station1013_seed2048_center_lstm_h48,beijing,72,12,1013,2048,lstm,48,center_lstm_h48,completed,23,0.8102877140045166,4.172637839999879,0.011207265999473748,test,1,9,10380,10380,10380,predictions/beijing_72h_12h_station1013_seed2048_center_lstm_h48.npz,checkpoints/beijing_72h_12h_station1013_seed2048_center_lstm_h48.pt,training_logs/beijing_72h_12h_station1013_seed2048_center_lstm_h48.csv,0.5003818869590759,0.7073767645032426,0.46207669377326965,52.648128509521484,34.391109466552734,46.29171371459961,False,
beijing_72h_12h_station1013_seed2048_center_lstm_h64,beijing,72,12,1013,2048,lstm,64,center_lstm_h64,completed,19,0.8110233545303345,4.260016043001087,0.011599375000514556,test,1,9,17932,17932,17932,predictions/beijing_72h_12h_station1013_seed2048_center_lstm_h64.npz,checkpoints/beijing_72h_12h_station1013_seed2048_center_lstm_h64.pt,training_logs/beijing_72h_12h_station1013_seed2048_center_lstm_h64.csv,0.4961337745189667,0.7043676415899347,0.45922616124153137,52.424163818359375,34.178951263427734,46.038230895996094,False,
beijing_72h_12h_station1013_seed2049_center_gru_h8,beijing,72,12,1013,2049,gru,8,center_gru_h8,completed,30,0.9686845541000366,5.473219081000934,0.013519490001272061,test,1,9,372,372,372,predictions/beijing_72h_12h_station1013_seed2049_center_gru_h8.npz,checkpoints/beijing_72h_12h_station1013_seed2049_center_gru_h8.pt,training_logs/beijing_72h_12h_station1013_seed2049_center_gru_h8.csv,0.49139928817749023,0.7009987790128384,0.46653613448143005,52.173431396484375,34.72301483154297,47.109798431396484,False,
beijing_72h_12h_station1013_seed2049_center_gru_h16,beijing,72,12,1013,2049,gru,16,center_gru_h16,completed,30,0.8422249555587769,5.68097550299899,0.013957339000626234,test,1,9,1116,1116,1116,predictions/beijing_72h_12h_station1013_seed2049_center_gru_h16.npz,checkpoints/beijing_72h_12h_station1013_seed2049_center_gru_h16.pt,training_logs/beijing_72h_12h_station1013_seed2049_center_gru_h16.csv,0.4626380503177643,0.6801750144762481,0.44534701108932495,50.623573303222656,33.14596176147461,45.69689178466797,False,
beijing_72h_12h_station1013_seed2049_center_gru_h32,beijing,72,12,1013,2049,gru,32,center_gru_h32,completed,29,0.8188793659210205,6.18020972100021,0.014064899000004516,test,1,9,3756,3756,3756,predictions/beijing_72h_12h_station1013_seed2049_center_gru_h32.npz,checkpoints/beijing_72h_12h_station1013_seed2049_center_gru_h32.pt,training_logs/beijing_72h_12h_station1013_seed2049_center_gru_h32.csv,0.4557773470878601,0.675112840262915,0.4361437261104584,50.24681091308594,32.46099090576172,44.55593490600586,False,
beijing_72h_12h_station1013_seed2049_center_gru_h40,beijing,72,12,1013,2049,gru,40,center_gru_h40,completed,29,0.8186365365982056,7.40986917599912,0.01462784700015618,test,1,9,5652,5652,5652,predictions/beijing_72h_12h_station1013_seed2049_center_gru_h40.npz,checkpoints/beijing_72h_12h_station1013_seed2049_center_gru_h40.pt,training_logs/beijing_72h_12h_station1013_seed2049_center_gru_h40.csv,0.4566328823566437,0.6757461671046634,0.4366205632686615,50.2939453125,32.49647903442383,44.79341506958008,False,
beijing_72h_12h_station1013_seed2049_center_gru_h48,beijing,72,12,1013,2049,gru,48,center_gru_h48,completed,29,0.8121911883354187,7.719001688999924,0.015044395999211702,test,1,9,7932,7932,7932,predictions/beijing_72h_12h_station1013_seed2049_center_gru_h48.npz,checkpoints/beijing_72h_12h_station1013_seed2049_center_gru_h48.pt,training_logs/beijing_72h_12h_station1013_seed2049_center_gru_h48.csv,0.45300301909446716,0.673054989651267,0.43388059735298157,50.093650817871094,32.29254913330078,44.307369232177734,False,
beijing_72h_12h_station1013_seed2049_center_gru_h64,beijing,72,12,1013,2049,gru,64,center_gru_h64,completed,29,0.8038682341575623,9.783969931999309,0.0187451260007947,test,1,9,13644,13644,13644,predictions/beijing_72h_12h_station1013_seed2049_center_gru_h64.npz,checkpoints/beijing_72h_12h_station1013_seed2049_center_gru_h64.pt,training_logs/beijing_72h_12h_station1013_seed2049_center_gru_h64.csv,0.4522705078125,0.672510600520542,0.42989808320999146,50.05313491821289,31.996145248413086,43.89835739135742,False,
beijing_72h_12h_station1013_seed2049_center_lstm_h8,beijing,72,12,1013,2049,lstm,8,center_lstm_h8,completed,30,0.9644520282745361,3.852943634999974,0.011263617998338304,test,1,9,460,460,460,predictions/beijing_72h_12h_station1013_seed2049_center_lstm_h8.npz,checkpoints/beijing_72h_12h_station1013_seed2049_center_lstm_h8.pt,training_logs/beijing_72h_12h_station1013_seed2049_center_lstm_h8.csv,0.48976147174835205,0.6998296019377518,0.46770036220550537,52.08640670776367,34.80966567993164,47.59345245361328,False,
beijing_72h_12h_station1013_seed2049_center_lstm_h16,beijing,72,12,1013,2049,lstm,16,center_lstm_h16,completed,30,0.8657957911491394,3.889709792998474,0.011175387000548653,test,1,9,1420,1420,1420,predictions/beijing_72h_12h_station1013_seed2049_center_lstm_h16.npz,checkpoints/beijing_72h_12h_station1013_seed2049_center_lstm_h16.pt,training_logs/beijing_72h_12h_station1013_seed2049_center_lstm_h16.csv,0.46636977791786194,0.6829127161781818,0.4477141201496124,50.82733154296875,33.3221435546875,46.012210845947266,False,
beijing_72h_12h_station1013_seed2049_center_lstm_h32,beijing,72,12,1013,2049,lstm,32,center_lstm_h32,completed,28,0.8137763142585754,4.157484187999216,0.011151887998494203,test,1,9,4876,4876,4876,predictions/beijing_72h_12h_station1013_seed2049_center_lstm_h32.npz,checkpoints/beijing_72h_12h_station1013_seed2049_center_lstm_h32.pt,training_logs/beijing_72h_12h_station1013_seed2049_center_lstm_h32.csv,0.483489990234375,0.695334444878416,0.4484867453575134,51.75185012817383,33.379642486572266,45.21027374267578,False,
beijing_72h_12h_station1013_seed2049_center_lstm_h40,beijing,72,12,1013,2049,lstm,40,center_lstm_h40,completed,30,0.8142260313034058,4.24077153700091,0.011207027999262209,test,1,9,7372,7372,7372,predictions/beijing_72h_12h_station1013_seed2049_center_lstm_h40.npz,checkpoints/beijing_72h_12h_station1013_seed2049_center_lstm_h40.pt,training_logs/beijing_72h_12h_station1013_seed2049_center_lstm_h40.csv,0.46465322375297546,0.6816547687451291,0.43733030557632446,50.73371124267578,32.5493049621582,44.5670280456543,False,
beijing_72h_12h_station1013_seed2049_center_lstm_h48,beijing,72,12,1013,2049,lstm,48,center_lstm_h48,completed,29,0.7968674898147583,4.3094541399987065,0.011284698000963544,test,1,9,10380,10380,10380,predictions/beijing_72h_12h_station1013_seed2049_center_lstm_h48.npz,checkpoints/beijing_72h_12h_station1013_seed2049_center_lstm_h48.pt,training_logs/beijing_72h_12h_station1013_seed2049_center_lstm_h48.csv,0.5000953078269958,0.7071741707860913,0.4629579484462738,52.63304901123047,34.456695556640625,46.982791900634766,False,
beijing_72h_12h_station1013_seed2049_center_lstm_h64,beijing,72,12,1013,2049,lstm,64,center_lstm_h64,completed,19,0.788821280002594,4.259011583999381,0.011599806999583961,test,1,9,17932,17932,17932,predictions/beijing_72h_12h_station1013_seed2049_center_lstm_h64.npz,checkpoints/beijing_72h_12h_station1013_seed2049_center_lstm_h64.pt,training_logs/beijing_72h_12h_station1013_seed2049_center_lstm_h64.csv,0.5086439251899719,0.7131927686046543,0.4577011466026306,53.08100128173828,34.06544876098633,45.85350036621094,False,
beijing_72h_24h_station1013_seed2047_center_gru_h8,beijing,72,24,1013,2047,gru,8,center_gru_h8,completed,30,1.2848501205444336,5.487210593000782,0.01375062100123614,test,1,9,480,480,480,predictions/beijing_72h_24h_station1013_seed2047_center_gru_h8.npz,checkpoints/beijing_72h_24h_station1013_seed2047_center_gru_h8.pt,training_logs/beijing_72h_24h_station1013_seed2047_center_gru_h8.csv,0.6568896174430847,0.810487271610779,0.5691267848014832,60.30904769897461,42.34920883178711,56.09273910522461,False,
beijing_72h_24h_station1013_seed2047_center_gru_h16,beijing,72,24,1013,2047,gru,16,center_gru_h16,completed,30,1.241496205329895,5.696396207000362,0.013976719999845955,test,1,9,1320,1320,1320,predictions/beijing_72h_24h_station1013_seed2047_center_gru_h16.npz,checkpoints/beijing_72h_24h_station1013_seed2047_center_gru_h16.pt,training_logs/beijing_72h_24h_station1013_seed2047_center_gru_h16.csv,0.6491295695304871,0.8056857759266246,0.5626205205917358,59.95176315307617,41.86507034301758,55.308677673339844,False,
beijing_72h_24h_station1013_seed2047_center_gru_h32,beijing,72,24,1013,2047,gru,32,center_gru_h32,completed,29,1.2260860204696655,6.175884860000224,0.014105750000453554,test,1,9,4152,4152,4152,predictions/beijing_72h_24h_station1013_seed2047_center_gru_h32.npz,checkpoints/beijing_72h_24h_station1013_seed2047_center_gru_h32.pt,training_logs/beijing_72h_24h_station1013_seed2047_center_gru_h32.csv,0.6458767056465149,0.8036645479592309,0.5589079856872559,59.801361083984375,41.58882141113281,54.94984817504883,False,
beijing_72h_24h_station1013_seed2047_center_gru_h40,beijing,72,24,1013,2047,gru,40,center_gru_h40,completed,27,1.2241692543029785,7.405309472000226,0.014686507998703746,test,1,9,6144,6144,6144,predictions/beijing_72h_24h_station1013_seed2047_center_gru_h40.npz,checkpoints/beijing_72h_24h_station1013_seed2047_center_gru_h40.pt,training_logs/beijing_72h_24h_station1013_seed2047_center_gru_h40.csv,0.646335244178772,0.8039497771495256,0.5578894019126892,59.82258605957031,41.51301956176758,54.88652038574219,False,
beijing_72h_24h_station1013_seed2047_center_gru_h48,beijing,72,24,1013,2047,gru,48,center_gru_h48,completed,30,1.2178527116775513,7.699972386999434,0.015173066998613649,test,1,9,8520,8520,8520,predictions/beijing_72h_24h_station1013_seed2047_center_gru_h48.npz,checkpoints/beijing_72h_24h_station1013_seed2047_center_gru_h48.pt,training_logs/beijing_72h_24h_station1013_seed2047_center_gru_h48.csv,0.6423596143722534,0.8014734021614526,0.557044506072998,59.6383171081543,41.450157165527344,54.84269332885742,False,
beijing_72h_24h_station1013_seed2047_center_gru_h64,beijing,72,24,1013,2047,gru,64,center_gru_h64,completed,30,1.2125895023345947,9.7612456629995,0.018779657999402843,test,1,9,14424,14424,14424,predictions/beijing_72h_24h_station1013_seed2047_center_gru_h64.npz,checkpoints/beijing_72h_24h_station1013_seed2047_center_gru_h64.pt,training_logs/beijing_72h_24h_station1013_seed2047_center_gru_h64.csv,0.6312168836593628,0.7944915881614876,0.5479555130004883,59.118797302246094,40.77383804321289,53.79568862915039,False,
beijing_72h_24h_station1013_seed2047_center_lstm_h8,beijing,72,24,1013,2047,lstm,8,center_lstm_h8,completed,30,1.3461236953735352,3.8485680199992203,0.011120049000965082,test,1,9,568,568,568,predictions/beijing_72h_24h_station1013_seed2047_center_lstm_h8.npz,checkpoints/beijing_72h_24h_station1013_seed2047_center_lstm_h8.pt,training_logs/beijing_72h_24h_station1013_seed2047_center_lstm_h8.csv,0.6794052124023438,0.8242604032721357,0.5876836776733398,61.33391571044922,43.73004150390625,57.96046447753906,False,
beijing_72h_24h_station1013_seed2047_center_lstm_h16,beijing,72,24,1013,2047,lstm,16,center_lstm_h16,completed,29,1.226973533630371,3.8787459089999174,0.011268268999629072,test,1,9,1624,1624,1624,predictions/beijing_72h_24h_station1013_seed2047_center_lstm_h16.npz,checkpoints/beijing_72h_24h_station1013_seed2047_center_lstm_h16.pt,training_logs/beijing_72h_24h_station1013_seed2047_center_lstm_h16.csv,0.6751198172569275,0.821656751482593,0.57355797290802,61.140174865722656,42.678932189941406,56.25080490112305,False,
beijing_72h_24h_station1013_seed2047_center_lstm_h32,beijing,72,24,1013,2047,lstm,32,center_lstm_h32,completed,28,1.209672451019287,4.152027480999095,0.011100029001681833,test,1,9,5272,5272,5272,predictions/beijing_72h_24h_station1013_seed2047_center_lstm_h32.npz,checkpoints/beijing_72h_24h_station1013_seed2047_center_lstm_h32.pt,training_logs/beijing_72h_24h_station1013_seed2047_center_lstm_h32.csv,0.6796189546585083,0.8243900500724813,0.5773311853408813,61.343563079833984,42.95970153808594,56.60173416137695,False,
beijing_72h_24h_station1013_seed2047_center_lstm_h40,beijing,72,24,1013,2047,lstm,40,center_lstm_h40,completed,21,1.1818064451217651,3.818244701000367,0.49798844099859707,test,1,9,7864,7864,7864,predictions/beijing_72h_24h_station1013_seed2047_center_lstm_h40.npz,checkpoints/beijing_72h_24h_station1013_seed2047_center_lstm_h40.pt,training_logs/beijing_72h_24h_station1013_seed2047_center_lstm_h40.csv,0.7263588905334473,0.8522669127294848,0.5863472819328308,63.417911529541016,43.6306037902832,56.166194915771484,False,
beijing_72h_24h_station1013_seed2047_center_lstm_h48,beijing,72,24,1013,2047,lstm,48,center_lstm_h48,completed,20,1.1959073543548584,3.781399596000483,0.011283709000053932,test,1,9,10968,10968,10968,predictions/beijing_72h_24h_station1013_seed2047_center_lstm_h48.npz,checkpoints/beijing_72h_24h_station1013_seed2047_center_lstm_h48.pt,training_logs/beijing_72h_24h_station1013_seed2047_center_lstm_h48.csv,0.6995730400085449,0.8364048302159337,0.5809939503669739,62.23759460449219,43.23225784301758,55.67359924316406,False,
beijing_72h_24h_station1013_seed2047_center_lstm_h64,beijing,72,24,1013,2047,lstm,64,center_lstm_h64,completed,13,1.1997144222259521,3.245854924000014,0.011844028000268736,test,1,9,18712,18712,18712,predictions/beijing_72h_24h_station1013_seed2047_center_lstm_h64.npz,checkpoints/beijing_72h_24h_station1013_seed2047_center_lstm_h64.pt,training_logs/beijing_72h_24h_station1013_seed2047_center_lstm_h64.csv,0.6860783100128174,0.8282984425995363,0.575232744216919,61.63439178466797,42.80356216430664,55.832489013671875,False,
beijing_72h_24h_station1013_seed2048_center_gru_h8,beijing,72,24,1013,2048,gru,8,center_gru_h8,completed,30,1.3005530834197998,5.480446526000378,0.013621623000290128,test,1,9,480,480,480,predictions/beijing_72h_24h_station1013_seed2048_center_gru_h8.npz,checkpoints/beijing_72h_24h_station1013_seed2048_center_gru_h8.pt,training_logs/beijing_72h_24h_station1013_seed2048_center_gru_h8.csv,0.6627923846244812,0.8141206204393064,0.5730612277984619,60.57940673828125,42.641971588134766,56.11334991455078,False,
beijing_72h_24h_station1013_seed2048_center_gru_h16,beijing,72,24,1013,2048,gru,16,center_gru_h16,completed,30,1.2414051294326782,5.70239341800152,0.013754641999184969,test,1,9,1320,1320,1320,predictions/beijing_72h_24h_station1013_seed2048_center_gru_h16.npz,checkpoints/beijing_72h_24h_station1013_seed2048_center_gru_h16.pt,training_logs/beijing_72h_24h_station1013_seed2048_center_gru_h16.csv,0.6536400318145752,0.8084800750881713,0.564780592918396,60.15969467163086,42.02580261230469,55.44453430175781,False,
beijing_72h_24h_station1013_seed2048_center_gru_h32,beijing,72,24,1013,2048,gru,32,center_gru_h32,completed,30,1.2254526615142822,6.1946340960003,0.014061081999898306,test,1,9,4152,4152,4152,predictions/beijing_72h_24h_station1013_seed2048_center_gru_h32.npz,checkpoints/beijing_72h_24h_station1013_seed2048_center_gru_h32.pt,training_logs/beijing_72h_24h_station1013_seed2048_center_gru_h32.csv,0.6450805068016052,0.8031690399919591,0.5586910843849182,59.764488220214844,41.57267379760742,54.87763977050781,False,
beijing_72h_24h_station1013_seed2048_center_gru_h40,beijing,72,24,1013,2048,gru,40,center_gru_h40,completed,21,1.2288262844085693,6.670284888999959,0.014657149999038666,test,1,9,6144,6144,6144,predictions/beijing_72h_24h_station1013_seed2048_center_gru_h40.npz,checkpoints/beijing_72h_24h_station1013_seed2048_center_gru_h40.pt,training_logs/beijing_72h_24h_station1013_seed2048_center_gru_h40.csv,0.6487154364585876,0.8054287283544012,0.563652515411377,59.93263626098633,41.941864013671875,55.45351028442383,False,
beijing_72h_24h_station1013_seed2048_center_gru_h48,beijing,72,24,1013,2048,gru,48,center_gru_h48,completed,30,1.220062255859375,7.708829115001208,0.01510703799976909,test,1,9,8520,8520,8520,predictions/beijing_72h_24h_station1013_seed2048_center_gru_h48.npz,checkpoints/beijing_72h_24h_station1013_seed2048_center_gru_h48.pt,training_logs/beijing_72h_24h_station1013_seed2048_center_gru_h48.csv,0.6414899826049805,0.8009306977541693,0.5549881458282471,59.59793472290039,41.29713821411133,54.45418930053711,False,
beijing_72h_24h_station1013_seed2048_center_gru_h64,beijing,72,24,1013,2048,gru,64,center_gru_h64,completed,21,1.2241657972335815,8.79267691899986,0.01877836799940269,test,1,9,14424,14424,14424,predictions/beijing_72h_24h_station1013_seed2048_center_gru_h64.npz,checkpoints/beijing_72h_24h_station1013_seed2048_center_gru_h64.pt,training_logs/beijing_72h_24h_station1013_seed2048_center_gru_h64.csv,0.645626425743103,0.8035088211980644,0.5596008896827698,59.789772033691406,41.640377044677734,55.06808853149414,False,
beijing_72h_24h_station1013_seed2048_center_lstm_h8,beijing,72,24,1013,2048,lstm,8,center_lstm_h8,completed,30,1.3086963891983032,3.829544808000719,0.011283616000582697,test,1,9,568,568,568,predictions/beijing_72h_24h_station1013_seed2048_center_lstm_h8.npz,checkpoints/beijing_72h_24h_station1013_seed2048_center_lstm_h8.pt,training_logs/beijing_72h_24h_station1013_seed2048_center_lstm_h8.csv,0.6678467392921448,0.8172189053687786,0.578055739402771,60.80995178222656,43.01362228393555,56.99828338623047,False,
beijing_72h_24h_station1013_seed2048_center_lstm_h16,beijing,72,24,1013,2048,lstm,16,center_lstm_h16,completed,30,1.2444016933441162,3.933102697999857,0.011280549999355571,test,1,9,1624,1624,1624,predictions/beijing_72h_24h_station1013_seed2048_center_lstm_h16.npz,checkpoints/beijing_72h_24h_station1013_seed2048_center_lstm_h16.pt,training_logs/beijing_72h_24h_station1013_seed2048_center_lstm_h16.csv,0.6576030254364014,0.8109272627285393,0.5648723840713501,60.3417854309082,42.032630920410156,55.54009246826172,False,
beijing_72h_24h_station1013_seed2048_center_lstm_h32,beijing,72,24,1013,2048,lstm,32,center_lstm_h32,completed,25,1.210880994796753,4.149992480999572,0.01109632500083535,test,1,9,5272,5272,5272,predictions/beijing_72h_24h_station1013_seed2048_center_lstm_h32.npz,checkpoints/beijing_72h_24h_station1013_seed2048_center_lstm_h32.pt,training_logs/beijing_72h_24h_station1013_seed2048_center_lstm_h32.csv,0.6726478934288025,0.8201511406008056,0.5697533488273621,61.02814483642578,42.39583206176758,56.60951232910156,False,
beijing_72h_24h_station1013_seed2048_center_lstm_h40,beijing,72,24,1013,2048,lstm,40,center_lstm_h40,completed,21,1.2003638744354248,3.83680232199913,0.011174015000506188,test,1,9,7864,7864,7864,predictions/beijing_72h_24h_station1013_seed2048_center_lstm_h40.npz,checkpoints/beijing_72h_24h_station1013_seed2048_center_lstm_h40.pt,training_logs/beijing_72h_24h_station1013_seed2048_center_lstm_h40.csv,0.7040722370147705,0.8390901244888838,0.5770108699798584,62.437408447265625,42.93587112426758,56.0414924621582,False,
beijing_72h_24h_station1013_seed2048_center_lstm_h48,beijing,72,24,1013,2048,lstm,48,center_lstm_h48,completed,20,1.230700969696045,3.7486784100001387,0.011348448000717326,test,1,9,10968,10968,10968,predictions/beijing_72h_24h_station1013_seed2048_center_lstm_h48.npz,checkpoints/beijing_72h_24h_station1013_seed2048_center_lstm_h48.pt,training_logs/beijing_72h_24h_station1013_seed2048_center_lstm_h48.csv,0.6906168460845947,0.8310336010562959,0.5815864205360413,61.83791732788086,43.27634048461914,56.64045715332031,False,
beijing_72h_24h_station1013_seed2048_center_lstm_h64,beijing,72,24,1013,2048,lstm,64,center_lstm_h64,completed,18,1.1642987728118896,4.098841918999824,0.011555391000001691,test,1,9,18712,18712,18712,predictions/beijing_72h_24h_station1013_seed2048_center_lstm_h64.npz,checkpoints/beijing_72h_24h_station1013_seed2048_center_lstm_h64.pt,training_logs/beijing_72h_24h_station1013_seed2048_center_lstm_h64.csv,0.7095186114311218,0.8423292773204086,0.5803951025009155,62.67844009399414,43.18769073486328,56.23554992675781,False,
beijing_72h_24h_station1013_seed2049_center_gru_h8,beijing,72,24,1013,2049,gru,8,center_gru_h8,completed,30,1.2912300825119019,5.468855060000351,0.013562682999690878,test,1,9,480,480,480,predictions/beijing_72h_24h_station1013_seed2049_center_gru_h8.npz,checkpoints/beijing_72h_24h_station1013_seed2049_center_gru_h8.pt,training_logs/beijing_72h_24h_station1013_seed2049_center_gru_h8.csv,0.6604655981063843,0.8126903457691522,0.571247398853302,60.47298049926758,42.50700378417969,56.15761947631836,False,
beijing_72h_24h_station1013_seed2049_center_gru_h16,beijing,72,24,1013,2049,gru,16,center_gru_h16,completed,30,1.2398195266723633,5.6760529360017244,0.013791208000839106,test,1,9,1320,1320,1320,predictions/beijing_72h_24h_station1013_seed2049_center_gru_h16.npz,checkpoints/beijing_72h_24h_station1013_seed2049_center_gru_h16.pt,training_logs/beijing_72h_24h_station1013_seed2049_center_gru_h16.csv,0.6512160897254944,0.8069796092377393,0.5629814267158508,60.04803466796875,41.891929626464844,55.25701141357422,False,
beijing_72h_24h_station1013_seed2049_center_gru_h32,beijing,72,24,1013,2049,gru,32,center_gru_h32,completed,30,1.2244586944580078,6.17488566800057,0.014096438000706257,test,1,9,4152,4152,4152,predictions/beijing_72h_24h_station1013_seed2049_center_gru_h32.npz,checkpoints/beijing_72h_24h_station1013_seed2049_center_gru_h32.pt,training_logs/beijing_72h_24h_station1013_seed2049_center_gru_h32.csv,0.6444902420043945,0.8028014960152943,0.5568546652793884,59.737144470214844,41.43602752685547,54.777381896972656,False,
beijing_72h_24h_station1013_seed2049_center_gru_h40,beijing,72,24,1013,2049,gru,40,center_gru_h40,completed,30,1.2255253791809082,7.420184350999989,0.014681005999591434,test,1,9,6144,6144,6144,predictions/beijing_72h_24h_station1013_seed2049_center_gru_h40.npz,checkpoints/beijing_72h_24h_station1013_seed2049_center_gru_h40.pt,training_logs/beijing_72h_24h_station1013_seed2049_center_gru_h40.csv,0.6429570317268372,0.8018460149722246,0.5565856099128723,59.666046142578125,41.416011810302734,54.68903350830078,False,
beijing_72h_24h_station1013_seed2049_center_gru_h48,beijing,72,24,1013,2049,gru,48,center_gru_h48,completed,24,1.2229597568511963,7.691260992000025,0.015050124000481446,test,1,9,8520,8520,8520,predictions/beijing_72h_24h_station1013_seed2049_center_gru_h48.npz,checkpoints/beijing_72h_24h_station1013_seed2049_center_gru_h48.pt,training_logs/beijing_72h_24h_station1013_seed2049_center_gru_h48.csv,0.6446129083633423,0.8028778913155737,0.5581388473510742,59.74283218383789,41.53158187866211,54.80842590332031,False,
beijing_72h_24h_station1013_seed2049_center_gru_h64,beijing,72,24,1013,2049,gru,64,center_gru_h64,completed,30,1.2212368249893188,9.75592275300005,0.018746149999060435,test,1,9,14424,14424,14424,predictions/beijing_72h_24h_station1013_seed2049_center_gru_h64.npz,checkpoints/beijing_72h_24h_station1013_seed2049_center_gru_h64.pt,training_logs/beijing_72h_24h_station1013_seed2049_center_gru_h64.csv,0.642453670501709,0.8015320770260596,0.5545599460601807,59.64268112182617,41.26527786254883,54.50661849975586,False,
beijing_72h_24h_station1013_seed2049_center_lstm_h8,beijing,72,24,1013,2049,lstm,8,center_lstm_h8,completed,30,1.330297827720642,3.8330269519992726,0.010965688999931444,test,1,9,568,568,568,predictions/beijing_72h_24h_station1013_seed2049_center_lstm_h8.npz,checkpoints/beijing_72h_24h_station1013_seed2049_center_lstm_h8.pt,training_logs/beijing_72h_24h_station1013_seed2049_center_lstm_h8.csv,0.6715925931930542,0.8195075308946552,0.5795581340789795,60.980255126953125,43.12541580200195,57.03688430786133,False,
beijing_72h_24h_station1013_seed2049_center_lstm_h16,beijing,72,24,1013,2049,lstm,16,center_lstm_h16,completed,30,1.2444483041763306,3.873518331000014,0.011219030000575003,test,1,9,1624,1624,1624,predictions/beijing_72h_24h_station1013_seed2049_center_lstm_h16.npz,checkpoints/beijing_72h_24h_station1013_seed2049_center_lstm_h16.pt,training_logs/beijing_72h_24h_station1013_seed2049_center_lstm_h16.csv,0.6520464420318604,0.807493926931875,0.5639607906341553,60.086307525634766,41.964805603027344,55.663299560546875,False,
beijing_72h_24h_station1013_seed2049_center_lstm_h32,beijing,72,24,1013,2049,lstm,32,center_lstm_h32,completed,23,1.2140817642211914,4.023858849001044,0.011158937000800506,test,1,9,5272,5272,5272,predictions/beijing_72h_24h_station1013_seed2049_center_lstm_h32.npz,checkpoints/beijing_72h_24h_station1013_seed2049_center_lstm_h32.pt,training_logs/beijing_72h_24h_station1013_seed2049_center_lstm_h32.csv,0.6704332232475281,0.8187998676401506,0.5656953454017639,60.92759704589844,42.093875885009766,55.44770812988281,False,
beijing_72h_24h_station1013_seed2049_center_lstm_h40,beijing,72,24,1013,2049,lstm,40,center_lstm_h40,completed,28,1.218778133392334,4.239363957000023,0.011159560001033242,test,1,9,7864,7864,7864,predictions/beijing_72h_24h_station1013_seed2049_center_lstm_h40.npz,checkpoints/beijing_72h_24h_station1013_seed2049_center_lstm_h40.pt,training_logs/beijing_72h_24h_station1013_seed2049_center_lstm_h40.csv,0.6880100965499878,0.8294637403467302,0.569908857345581,61.721099853515625,42.40740203857422,55.132694244384766,False,
beijing_72h_24h_station1013_seed2049_center_lstm_h48,beijing,72,24,1013,2049,lstm,48,center_lstm_h48,completed,20,1.198952078819275,3.7382311609999306,0.011248409000472748,test,1,9,10968,10968,10968,predictions/beijing_72h_24h_station1013_seed2049_center_lstm_h48.npz,checkpoints/beijing_72h_24h_station1013_seed2049_center_lstm_h48.pt,training_logs/beijing_72h_24h_station1013_seed2049_center_lstm_h48.csv,0.7035319209098816,0.8387680972175096,0.5803963541984558,62.41344451904297,43.18778610229492,57.20820999145508,False,
beijing_72h_24h_station1013_seed2049_center_lstm_h64,beijing,72,24,1013,2049,lstm,64,center_lstm_h64,completed,17,1.2152808904647827,3.9043598369989923,0.011761616000512731,test,1,9,18712,18712,18712,predictions/beijing_72h_24h_station1013_seed2049_center_lstm_h64.npz,checkpoints/beijing_72h_24h_station1013_seed2049_center_lstm_h64.pt,training_logs/beijing_72h_24h_station1013_seed2049_center_lstm_h64.csv,0.7270060777664185,0.8526465139589902,0.5795188546180725,63.44615173339844,43.122493743896484,56.05500793457031,False,
beijing_168h_1h_station1013_seed2047_center_gru_h8,beijing,168,1,1013,2047,gru,8,center_gru_h8,completed,30,0.22738736867904663,11.470443647000138,0.03049982300035481,test,1,9,273,273,273,predictions/beijing_168h_1h_station1013_seed2047_center_gru_h8.npz,checkpoints/beijing_168h_1h_station1013_seed2047_center_gru_h8.pt,training_logs/beijing_168h_1h_station1013_seed2047_center_gru_h8.csv,0.10579640418291092,0.3252635918496119,0.17909874022006989,24.17740249633789,13.312719345092773,20.68406105041504,False,
beijing_168h_1h_station1013_seed2047_center_gru_h16,beijing,168,1,1013,2047,gru,16,center_gru_h16,completed,30,0.16856467723846436,12.279590199999802,0.030064431999562657,test,1,9,929,929,929,predictions/beijing_168h_1h_station1013_seed2047_center_gru_h16.npz,checkpoints/beijing_168h_1h_station1013_seed2047_center_gru_h16.pt,training_logs/beijing_168h_1h_station1013_seed2047_center_gru_h16.csv,0.09539861232042313,0.30886665783218353,0.16504840552806854,22.95859146118164,12.268333435058594,19.62424087524414,False,
beijing_168h_1h_station1013_seed2047_center_gru_h32,beijing,168,1,1013,2047,gru,32,center_gru_h32,completed,30,0.11975832283496857,14.238703607999923,0.03493107000031159,test,1,9,3393,3393,3393,predictions/beijing_168h_1h_station1013_seed2047_center_gru_h32.npz,checkpoints/beijing_168h_1h_station1013_seed2047_center_gru_h32.pt,training_logs/beijing_168h_1h_station1013_seed2047_center_gru_h32.csv,0.08663342148065567,0.2943355593207448,0.1486547291278839,21.87847137451172,11.049761772155762,18.047290802001953,False,
beijing_168h_1h_station1013_seed2047_center_gru_h40,beijing,168,1,1013,2047,gru,40,center_gru_h40,completed,30,0.10912655293941498,17.00412385400159,0.03655204599999706,test,1,9,5201,5201,5201,predictions/beijing_168h_1h_station1013_seed2047_center_gru_h40.npz,checkpoints/beijing_168h_1h_station1013_seed2047_center_gru_h40.pt,training_logs/beijing_168h_1h_station1013_seed2047_center_gru_h40.csv,0.0852447897195816,0.29196710383120494,0.14414700865745544,21.70241928100586,10.714695930480957,17.518972396850586,False,
beijing_168h_1h_station1013_seed2047_center_gru_h48,beijing,168,1,1013,2047,gru,48,center_gru_h48,completed,30,0.11110701411962509,17.44083154100008,0.038327618000039365,test,1,9,7393,7393,7393,predictions/beijing_168h_1h_station1013_seed2047_center_gru_h48.npz,checkpoints/beijing_168h_1h_station1013_seed2047_center_gru_h48.pt,training_logs/beijing_168h_1h_station1013_seed2047_center_gru_h48.csv,0.08560709655284882,0.29258690427435197,0.14404161274433136,21.748489379882812,10.706860542297363,17.034690856933594,False,
beijing_168h_1h_station1013_seed2047_center_gru_h64,beijing,168,1,1013,2047,gru,64,center_gru_h64,completed,30,0.10047708451747894,24.87882134999927,0.04624984200017934,test,1,9,12929,12929,12929,predictions/beijing_168h_1h_station1013_seed2047_center_gru_h64.npz,checkpoints/beijing_168h_1h_station1013_seed2047_center_gru_h64.pt,training_logs/beijing_168h_1h_station1013_seed2047_center_gru_h64.csv,0.08206924051046371,0.2864772949300934,0.13879525661468506,21.294353485107422,10.316890716552734,17.277040481567383,False,
beijing_168h_1h_station1013_seed2047_center_lstm_h8,beijing,168,1,1013,2047,lstm,8,center_lstm_h8,completed,30,0.3357919752597809,9.624786734000736,0.5101219289990695,test,1,9,361,361,361,predictions/beijing_168h_1h_station1013_seed2047_center_lstm_h8.npz,checkpoints/beijing_168h_1h_station1013_seed2047_center_lstm_h8.pt,training_logs/beijing_168h_1h_station1013_seed2047_center_lstm_h8.csv,0.14431577920913696,0.37988916700682185,0.21993917226791382,28.237817764282227,16.348459243774414,26.060209274291992,False,
beijing_168h_1h_station1013_seed2047_center_lstm_h16,beijing,168,1,1013,2047,lstm,16,center_lstm_h16,completed,30,0.17650221288204193,9.929576763999648,0.024515155999324634,test,1,9,1233,1233,1233,predictions/beijing_168h_1h_station1013_seed2047_center_lstm_h16.npz,checkpoints/beijing_168h_1h_station1013_seed2047_center_lstm_h16.pt,training_logs/beijing_168h_1h_station1013_seed2047_center_lstm_h16.csv,0.0935613214969635,0.30587795196281065,0.1609979271888733,22.736434936523438,11.967254638671875,18.83597755432129,False,
beijing_168h_1h_station1013_seed2047_center_lstm_h32,beijing,168,1,1013,2047,lstm,32,center_lstm_h32,completed,30,0.1355944126844406,9.443352858999788,0.02442147500005376,test,1,9,4513,4513,4513,predictions/beijing_168h_1h_station1013_seed2047_center_lstm_h32.npz,checkpoints/beijing_168h_1h_station1013_seed2047_center_lstm_h32.pt,training_logs/beijing_168h_1h_station1013_seed2047_center_lstm_h32.csv,0.09065905958414078,0.3010964290458138,0.15352143347263336,22.381017684936523,11.411513328552246,17.65753173828125,False,
beijing_168h_1h_station1013_seed2047_center_lstm_h40,beijing,168,1,1013,2047,lstm,40,center_lstm_h40,completed,30,0.12062039971351624,10.967232895000052,0.5132849519995943,test,1,9,6921,6921,6921,predictions/beijing_168h_1h_station1013_seed2047_center_lstm_h40.npz,checkpoints/beijing_168h_1h_station1013_seed2047_center_lstm_h40.pt,training_logs/beijing_168h_1h_station1013_seed2047_center_lstm_h40.csv,0.08775584399700165,0.29623612878411987,0.14945869147777557,22.019742965698242,11.10952377319336,17.961381912231445,False,
beijing_168h_1h_station1013_seed2047_center_lstm_h48,beijing,168,1,1013,2047,lstm,48,center_lstm_h48,completed,30,0.10773713141679764,9.384573450999596,0.512643553000089,test,1,9,9841,9841,9841,predictions/beijing_168h_1h_station1013_seed2047_center_lstm_h48.npz,checkpoints/beijing_168h_1h_station1013_seed2047_center_lstm_h48.pt,training_logs/beijing_168h_1h_station1013_seed2047_center_lstm_h48.csv,0.08204247057437897,0.2864305685054913,0.14178121089935303,21.290878295898438,10.53884220123291,16.961862564086914,False,
beijing_168h_1h_station1013_seed2047_center_lstm_h64,beijing,168,1,1013,2047,lstm,64,center_lstm_h64,completed,30,0.1066865548491478,10.987820218000707,0.5086350710007537,test,1,9,17217,17217,17217,predictions/beijing_168h_1h_station1013_seed2047_center_lstm_h64.npz,checkpoints/beijing_168h_1h_station1013_seed2047_center_lstm_h64.pt,training_logs/beijing_168h_1h_station1013_seed2047_center_lstm_h64.csv,0.08430991321802139,0.2903616937855636,0.1440257728099823,21.583086013793945,10.705683708190918,17.51169776916504,False,
beijing_168h_1h_station1013_seed2048_center_gru_h8,beijing,168,1,1013,2048,gru,8,center_gru_h8,completed,30,0.2884703278541565,11.492395244000363,0.02999052599989227,test,1,9,273,273,273,predictions/beijing_168h_1h_station1013_seed2048_center_gru_h8.npz,checkpoints/beijing_168h_1h_station1013_seed2048_center_gru_h8.pt,training_logs/beijing_168h_1h_station1013_seed2048_center_gru_h8.csv,0.12726746499538422,0.35674565869171304,0.20203787088394165,26.517520904541016,15.017822265625,22.87375259399414,False,
beijing_168h_1h_station1013_seed2048_center_gru_h16,beijing,168,1,1013,2048,gru,16,center_gru_h16,completed,30,0.15189294517040253,12.290968622999571,0.030155581998769776,test,1,9,929,929,929,predictions/beijing_168h_1h_station1013_seed2048_center_gru_h16.npz,checkpoints/beijing_168h_1h_station1013_seed2048_center_gru_h16.pt,training_logs/beijing_168h_1h_station1013_seed2048_center_gru_h16.csv,0.09239539504051208,0.3039661083747859,0.16185332834720612,22.59432601928711,12.030838012695312,20.25975799560547,False,
beijing_168h_1h_station1013_seed2048_center_gru_h32,beijing,168,1,1013,2048,gru,32,center_gru_h32,completed,30,0.11856028437614441,14.303500674999668,0.0352284000000509,test,1,9,3393,3393,3393,predictions/beijing_168h_1h_station1013_seed2048_center_gru_h32.npz,checkpoints/beijing_168h_1h_station1013_seed2048_center_gru_h32.pt,training_logs/beijing_168h_1h_station1013_seed2048_center_gru_h32.csv,0.08561846613883972,0.2926063330463641,0.14935672283172607,21.74993324279785,11.101943016052246,18.833627700805664,False,
beijing_168h_1h_station1013_seed2048_center_gru_h40,beijing,168,1,1013,2048,gru,40,center_gru_h40,completed,30,0.10942159593105316,17.02237041999979,0.03684875199905946,test,1,9,5201,5201,5201,predictions/beijing_168h_1h_station1013_seed2048_center_gru_h40.npz,checkpoints/beijing_168h_1h_station1013_seed2048_center_gru_h40.pt,training_logs/beijing_168h_1h_station1013_seed2048_center_gru_h40.csv,0.08181104063987732,0.28602629361629905,0.14340780675411224,21.260828018188477,10.659749031066895,17.138086318969727,False,
beijing_168h_1h_station1013_seed2048_center_gru_h48,beijing,168,1,1013,2048,gru,48,center_gru_h48,completed,30,0.10057736933231354,17.468274339000345,0.038577580999117345,test,1,9,7393,7393,7393,predictions/beijing_168h_1h_station1013_seed2048_center_gru_h48.npz,checkpoints/beijing_168h_1h_station1013_seed2048_center_gru_h48.pt,training_logs/beijing_168h_1h_station1013_seed2048_center_gru_h48.csv,0.08062130212783813,0.2839389056255555,0.13867205381393433,21.105670928955078,10.307732582092285,15.830784797668457,False,
beijing_168h_1h_station1013_seed2048_center_gru_h64,beijing,168,1,1013,2048,gru,64,center_gru_h64,completed,30,0.1046554371714592,24.71037782499843,0.04612287199961429,test,1,9,12929,12929,12929,predictions/beijing_168h_1h_station1013_seed2048_center_gru_h64.npz,checkpoints/beijing_168h_1h_station1013_seed2048_center_gru_h64.pt,training_logs/beijing_168h_1h_station1013_seed2048_center_gru_h64.csv,0.08351592719554901,0.2889912233884431,0.1420707255601883,21.481216430664062,10.560361862182617,16.37503433227539,False,
beijing_168h_1h_station1013_seed2048_center_lstm_h8,beijing,168,1,1013,2048,lstm,8,center_lstm_h8,completed,30,0.4519732892513275,7.889651572999355,0.02417103500010853,test,1,9,361,361,361,predictions/beijing_168h_1h_station1013_seed2048_center_lstm_h8.npz,checkpoints/beijing_168h_1h_station1013_seed2048_center_lstm_h8.pt,training_logs/beijing_168h_1h_station1013_seed2048_center_lstm_h8.csv,0.18002234399318695,0.42429040054329176,0.25142398476600647,31.538236618041992,18.688779830932617,28.595849990844727,False,
beijing_168h_1h_station1013_seed2048_center_lstm_h16,beijing,168,1,1013,2048,lstm,16,center_lstm_h16,completed,30,0.20017577707767487,8.199849761000223,0.024244943000667263,test,1,9,1233,1233,1233,predictions/beijing_168h_1h_station1013_seed2048_center_lstm_h16.npz,checkpoints/beijing_168h_1h_station1013_seed2048_center_lstm_h16.pt,training_logs/beijing_168h_1h_station1013_seed2048_center_lstm_h16.csv,0.09938667714595795,0.31525652593714526,0.1702689528465271,23.433561325073242,12.656386375427246,20.59951400756836,False,
beijing_168h_1h_station1013_seed2048_center_lstm_h32,beijing,168,1,1013,2048,lstm,32,center_lstm_h32,completed,30,0.12897372245788574,8.900094048000028,0.024361239000427304,test,1,9,4513,4513,4513,predictions/beijing_168h_1h_station1013_seed2048_center_lstm_h32.npz,checkpoints/beijing_168h_1h_station1013_seed2048_center_lstm_h32.pt,training_logs/beijing_168h_1h_station1013_seed2048_center_lstm_h32.csv,0.0877317413687706,0.29619544454425795,0.15192799270153046,22.016719818115234,11.293068885803223,16.998762130737305,False,
beijing_168h_1h_station1013_seed2048_center_lstm_h40,beijing,168,1,1013,2048,lstm,40,center_lstm_h40,completed,30,0.11553008109331131,9.212362799000402,0.024488074999680975,test,1,9,6921,6921,6921,predictions/beijing_168h_1h_station1013_seed2048_center_lstm_h40.npz,checkpoints/beijing_168h_1h_station1013_seed2048_center_lstm_h40.pt,training_logs/beijing_168h_1h_station1013_seed2048_center_lstm_h40.csv,0.08457901328802109,0.2908247123062638,0.14670661091804504,21.617502212524414,10.904955863952637,16.411128997802734,False,
beijing_168h_1h_station1013_seed2048_center_lstm_h48,beijing,168,1,1013,2048,lstm,48,center_lstm_h48,completed,30,0.11185334622859955,9.393602037000164,0.02468968799985305,test,1,9,9841,9841,9841,predictions/beijing_168h_1h_station1013_seed2048_center_lstm_h48.npz,checkpoints/beijing_168h_1h_station1013_seed2048_center_lstm_h48.pt,training_logs/beijing_168h_1h_station1013_seed2048_center_lstm_h48.csv,0.08474266529083252,0.29110593482585084,0.14576642215251923,21.63840675354004,10.835070610046387,16.450775146484375,False,
beijing_168h_1h_station1013_seed2048_center_lstm_h64,beijing,168,1,1013,2048,lstm,64,center_lstm_h64,completed,30,0.10678926855325699,10.985640282000531,0.026967415000399342,test,1,9,17217,17217,17217,predictions/beijing_168h_1h_station1013_seed2048_center_lstm_h64.npz,checkpoints/beijing_168h_1h_station1013_seed2048_center_lstm_h64.pt,training_logs/beijing_168h_1h_station1013_seed2048_center_lstm_h64.csv,0.08305055648088455,0.28818493451407995,0.14322015643119812,21.421283721923828,10.64580249786377,17.316638946533203,False,
beijing_168h_1h_station1013_seed2049_center_gru_h8,beijing,168,1,1013,2049,gru,8,center_gru_h8,completed,30,0.2523033618927002,11.461806375999004,0.02974817699941923,test,1,9,273,273,273,predictions/beijing_168h_1h_station1013_seed2049_center_gru_h8.npz,checkpoints/beijing_168h_1h_station1013_seed2049_center_gru_h8.pt,training_logs/beijing_168h_1h_station1013_seed2049_center_gru_h8.csv,0.11404003202915192,0.33769813743808524,0.18993808329105377,25.1016845703125,14.118426322937012,22.616519927978516,False,
beijing_168h_1h_station1013_seed2049_center_gru_h16,beijing,168,1,1013,2049,gru,16,center_gru_h16,completed,30,0.17471343278884888,12.285214395000366,0.029954556999655324,test,1,9,929,929,929,predictions/beijing_168h_1h_station1013_seed2049_center_gru_h16.npz,checkpoints/beijing_168h_1h_station1013_seed2049_center_gru_h16.pt,training_logs/beijing_168h_1h_station1013_seed2049_center_gru_h16.csv,0.09993506968021393,0.31612508549657037,0.17164349555969238,23.498123168945312,12.75855827331543,20.904857635498047,False,
beijing_168h_1h_station1013_seed2049_center_gru_h32,beijing,168,1,1013,2049,gru,32,center_gru_h32,completed,30,0.1172943040728569,14.238424447999932,0.03530391599997529,test,1,9,3393,3393,3393,predictions/beijing_168h_1h_station1013_seed2049_center_gru_h32.npz,checkpoints/beijing_168h_1h_station1013_seed2049_center_gru_h32.pt,training_logs/beijing_168h_1h_station1013_seed2049_center_gru_h32.csv,0.0842139795422554,0.29019644991325344,0.14638565480709076,21.570802688598633,10.881098747253418,17.384977340698242,False,
beijing_168h_1h_station1013_seed2049_center_gru_h40,beijing,168,1,1013,2049,gru,40,center_gru_h40,completed,30,0.1127309799194336,17.015193201999864,0.03664612000102352,test,1,9,5201,5201,5201,predictions/beijing_168h_1h_station1013_seed2049_center_gru_h40.npz,checkpoints/beijing_168h_1h_station1013_seed2049_center_gru_h40.pt,training_logs/beijing_168h_1h_station1013_seed2049_center_gru_h40.csv,0.08436917513608932,0.29046372430320677,0.14602158963680267,21.590667724609375,10.854036331176758,17.18642234802246,False,
beijing_168h_1h_station1013_seed2049_center_gru_h48,beijing,168,1,1013,2049,gru,48,center_gru_h48,completed,30,0.10783682763576508,17.44385392500044,0.03849008799988951,test,1,9,7393,7393,7393,predictions/beijing_168h_1h_station1013_seed2049_center_gru_h48.npz,checkpoints/beijing_168h_1h_station1013_seed2049_center_gru_h48.pt,training_logs/beijing_168h_1h_station1013_seed2049_center_gru_h48.csv,0.08366402238607407,0.2892473377337708,0.14337502419948578,21.500253677368164,10.657313346862793,16.508838653564453,False,
beijing_168h_1h_station1013_seed2049_center_gru_h64,beijing,168,1,1013,2049,gru,64,center_gru_h64,completed,30,0.10271430760622025,24.72666165999908,0.04641355199964892,test,1,9,12929,12929,12929,predictions/beijing_168h_1h_station1013_seed2049_center_gru_h64.npz,checkpoints/beijing_168h_1h_station1013_seed2049_center_gru_h64.pt,training_logs/beijing_168h_1h_station1013_seed2049_center_gru_h64.csv,0.0829821228981018,0.28806617798363937,0.14023485779762268,21.412456512451172,10.42389965057373,16.699323654174805,False,
beijing_168h_1h_station1013_seed2049_center_lstm_h8,beijing,168,1,1013,2049,lstm,8,center_lstm_h8,completed,30,0.2955087721347809,7.896526630000153,0.024302270001498982,test,1,9,361,361,361,predictions/beijing_168h_1h_station1013_seed2049_center_lstm_h8.npz,checkpoints/beijing_168h_1h_station1013_seed2049_center_lstm_h8.pt,training_logs/beijing_168h_1h_station1013_seed2049_center_lstm_h8.csv,0.1370406150817871,0.37018997161158634,0.21721342206001282,27.51685905456543,16.14584732055664,26.729202270507812,False,
beijing_168h_1h_station1013_seed2049_center_lstm_h16,beijing,168,1,1013,2049,lstm,16,center_lstm_h16,completed,30,0.17615541815757751,8.262299268999413,0.02451174300040293,test,1,9,1233,1233,1233,predictions/beijing_168h_1h_station1013_seed2049_center_lstm_h16.npz,checkpoints/beijing_168h_1h_station1013_seed2049_center_lstm_h16.pt,training_logs/beijing_168h_1h_station1013_seed2049_center_lstm_h16.csv,0.10324570536613464,0.32131869750472764,0.17455607652664185,23.88417625427246,12.975054740905762,21.080440521240234,False,
beijing_168h_1h_station1013_seed2049_center_lstm_h32,beijing,168,1,1013,2049,lstm,32,center_lstm_h32,completed,30,0.12898607552051544,9.000863048999236,0.024635417001263704,test,1,9,4513,4513,4513,predictions/beijing_168h_1h_station1013_seed2049_center_lstm_h32.npz,checkpoints/beijing_168h_1h_station1013_seed2049_center_lstm_h32.pt,training_logs/beijing_168h_1h_station1013_seed2049_center_lstm_h32.csv,0.08977685868740082,0.2996278670073944,0.1532263308763504,22.2718563079834,11.389577865600586,17.528257369995117,False,
beijing_168h_1h_station1013_seed2049_center_lstm_h40,beijing,168,1,1013,2049,lstm,40,center_lstm_h40,completed,30,0.12500731647014618,9.231199869998818,0.024699682999198558,test,1,9,6921,6921,6921,predictions/beijing_168h_1h_station1013_seed2049_center_lstm_h40.npz,checkpoints/beijing_168h_1h_station1013_seed2049_center_lstm_h40.pt,training_logs/beijing_168h_1h_station1013_seed2049_center_lstm_h40.csv,0.08863719552755356,0.2977199951759263,0.1524720937013626,22.130041122436523,11.333514213562012,17.995128631591797,False,
beijing_168h_1h_station1013_seed2049_center_lstm_h48,beijing,168,1,1013,2049,lstm,48,center_lstm_h48,completed,30,0.1159137487411499,9.363443242000358,0.024951543000497622,test,1,9,9841,9841,9841,predictions/beijing_168h_1h_station1013_seed2049_center_lstm_h48.npz,checkpoints/beijing_168h_1h_station1013_seed2049_center_lstm_h48.pt,training_logs/beijing_168h_1h_station1013_seed2049_center_lstm_h48.csv,0.0863165482878685,0.2937967805947991,0.15008379518985748,21.838420867919922,11.155988693237305,18.46215057373047,False,
beijing_168h_1h_station1013_seed2049_center_lstm_h64,beijing,168,1,1013,2049,lstm,64,center_lstm_h64,completed,30,0.1075245663523674,11.012719807000394,0.027161240999703296,test,1,9,17217,17217,17217,predictions/beijing_168h_1h_station1013_seed2049_center_lstm_h64.npz,checkpoints/beijing_168h_1h_station1013_seed2049_center_lstm_h64.pt,training_logs/beijing_168h_1h_station1013_seed2049_center_lstm_h64.csv,0.08330018818378448,0.28861771980213635,0.1451636552810669,21.453454971313477,10.790264129638672,17.707855224609375,False,
beijing_168h_3h_station1013_seed2047_center_gru_h8,beijing,168,3,1013,2047,gru,8,center_gru_h8,completed,30,0.48788633942604065,11.508555848999094,0.029760292998616933,test,1,9,291,291,291,predictions/beijing_168h_3h_station1013_seed2047_center_gru_h8.npz,checkpoints/beijing_168h_3h_station1013_seed2047_center_gru_h8.pt,training_logs/beijing_168h_3h_station1013_seed2047_center_gru_h8.csv,0.23314416408538818,0.48285004306242757,0.2920219600200653,35.89054870605469,21.7061767578125,31.50344467163086,False,
beijing_168h_3h_station1013_seed2047_center_gru_h16,beijing,168,3,1013,2047,gru,16,center_gru_h16,completed,30,0.3380938768386841,12.279519611000069,0.029757383999822196,test,1,9,963,963,963,predictions/beijing_168h_3h_station1013_seed2047_center_gru_h16.npz,checkpoints/beijing_168h_3h_station1013_seed2047_center_gru_h16.pt,training_logs/beijing_168h_3h_station1013_seed2047_center_gru_h16.csv,0.19309911131858826,0.4394304396813997,0.2531782388687134,32.663143157958984,18.818899154663086,28.271202087402344,False,
beijing_168h_3h_station1013_seed2047_center_gru_h32,beijing,168,3,1013,2047,gru,32,center_gru_h32,completed,30,0.2826691269874573,14.2728849060004,0.03504269900076906,test,1,9,3459,3459,3459,predictions/beijing_168h_3h_station1013_seed2047_center_gru_h32.npz,checkpoints/beijing_168h_3h_station1013_seed2047_center_gru_h32.pt,training_logs/beijing_168h_3h_station1013_seed2047_center_gru_h32.csv,0.18229389190673828,0.4269588878413685,0.2379750907421112,31.73612403869629,17.688838958740234,27.092166900634766,False,
beijing_168h_3h_station1013_seed2047_center_gru_h40,beijing,168,3,1013,2047,gru,40,center_gru_h40,completed,30,0.27356529235839844,17.033763112000088,0.03646234999905573,test,1,9,5283,5283,5283,predictions/beijing_168h_3h_station1013_seed2047_center_gru_h40.npz,checkpoints/beijing_168h_3h_station1013_seed2047_center_gru_h40.pt,training_logs/beijing_168h_3h_station1013_seed2047_center_gru_h40.csv,0.18034404516220093,0.4246693362631695,0.23444348573684692,31.565940856933594,17.426332473754883,27.117252349853516,False,
beijing_168h_3h_station1013_seed2047_center_gru_h48,beijing,168,3,1013,2047,gru,48,center_gru_h48,completed,30,0.27096793055534363,17.5079817299993,0.038329761000568396,test,1,9,7491,7491,7491,predictions/beijing_168h_3h_station1013_seed2047_center_gru_h48.npz,checkpoints/beijing_168h_3h_station1013_seed2047_center_gru_h48.pt,training_logs/beijing_168h_3h_station1013_seed2047_center_gru_h48.csv,0.17725308239459991,0.42101434939274923,0.22888831794261932,31.29426383972168,17.013416290283203,25.46866226196289,False,
beijing_168h_3h_station1013_seed2047_center_gru_h64,beijing,168,3,1013,2047,gru,64,center_gru_h64,completed,30,0.26234200596809387,24.71769672100163,0.04622917300002882,test,1,9,13059,13059,13059,predictions/beijing_168h_3h_station1013_seed2047_center_gru_h64.npz,checkpoints/beijing_168h_3h_station1013_seed2047_center_gru_h64.pt,training_logs/beijing_168h_3h_station1013_seed2047_center_gru_h64.csv,0.17743489146232605,0.4212302119534235,0.22527559101581573,31.3103084564209,16.744876861572266,24.58144187927246,False,
beijing_168h_3h_station1013_seed2047_center_lstm_h8,beijing,168,3,1013,2047,lstm,8,center_lstm_h8,completed,30,0.5773604512214661,7.901664997998523,0.024287913000080152,test,1,9,379,379,379,predictions/beijing_168h_3h_station1013_seed2047_center_lstm_h8.npz,checkpoints/beijing_168h_3h_station1013_seed2047_center_lstm_h8.pt,training_logs/beijing_168h_3h_station1013_seed2047_center_lstm_h8.csv,0.26060912013053894,0.5104988933685742,0.3167077600955963,37.945709228515625,23.54109001159668,34.688167572021484,False,
beijing_168h_3h_station1013_seed2047_center_lstm_h16,beijing,168,3,1013,2047,lstm,16,center_lstm_h16,completed,30,0.36997124552726746,8.235196065001219,0.024398256000495167,test,1,9,1267,1267,1267,predictions/beijing_168h_3h_station1013_seed2047_center_lstm_h16.npz,checkpoints/beijing_168h_3h_station1013_seed2047_center_lstm_h16.pt,training_logs/beijing_168h_3h_station1013_seed2047_center_lstm_h16.csv,0.2002611607313156,0.4475054868169949,0.26176726818084717,33.26336669921875,19.457326889038086,29.12594985961914,False,
beijing_168h_3h_station1013_seed2047_center_lstm_h32,beijing,168,3,1013,2047,lstm,32,center_lstm_h32,completed,30,0.2875797748565674,8.894723438001165,0.02437097099937091,test,1,9,4579,4579,4579,predictions/beijing_168h_3h_station1013_seed2047_center_lstm_h32.npz,checkpoints/beijing_168h_3h_station1013_seed2047_center_lstm_h32.pt,training_logs/beijing_168h_3h_station1013_seed2047_center_lstm_h32.csv,0.1822931319475174,0.42695799787276195,0.23514531552791595,31.736059188842773,17.478500366210938,25.630935668945312,False,
beijing_168h_3h_station1013_seed2047_center_lstm_h40,beijing,168,3,1013,2047,lstm,40,center_lstm_h40,completed,30,0.28394418954849243,9.240142123000624,0.02475673899971298,test,1,9,7003,7003,7003,predictions/beijing_168h_3h_station1013_seed2047_center_lstm_h40.npz,checkpoints/beijing_168h_3h_station1013_seed2047_center_lstm_h40.pt,training_logs/beijing_168h_3h_station1013_seed2047_center_lstm_h40.csv,0.18323437869548798,0.42805884957034585,0.23649604618549347,31.817886352539062,17.578901290893555,26.305177688598633,False,
beijing_168h_3h_station1013_seed2047_center_lstm_h48,beijing,168,3,1013,2047,lstm,48,center_lstm_h48,completed,30,0.27089425921440125,9.405598858000303,0.024654946000737255,test,1,9,9939,9939,9939,predictions/beijing_168h_3h_station1013_seed2047_center_lstm_h48.npz,checkpoints/beijing_168h_3h_station1013_seed2047_center_lstm_h48.pt,training_logs/beijing_168h_3h_station1013_seed2047_center_lstm_h48.csv,0.17962585389614105,0.42382290393056987,0.23090627789497375,31.503026962280273,17.163410186767578,25.728458404541016,False,
beijing_168h_3h_station1013_seed2047_center_lstm_h64,beijing,168,3,1013,2047,lstm,64,center_lstm_h64,completed,30,0.27827805280685425,11.00670932399953,0.02695289000075718,test,1,9,17347,17347,17347,predictions/beijing_168h_3h_station1013_seed2047_center_lstm_h64.npz,checkpoints/beijing_168h_3h_station1013_seed2047_center_lstm_h64.pt,training_logs/beijing_168h_3h_station1013_seed2047_center_lstm_h64.csv,0.1862972229719162,0.43162162013958033,0.23883399367332458,32.082706451416016,17.752681732177734,26.57967185974121,False,
beijing_168h_3h_station1013_seed2048_center_gru_h8,beijing,168,3,1013,2048,gru,8,center_gru_h8,completed,30,0.4996364414691925,11.476020977999724,0.029729023999607307,test,1,9,291,291,291,predictions/beijing_168h_3h_station1013_seed2048_center_gru_h8.npz,checkpoints/beijing_168h_3h_station1013_seed2048_center_gru_h8.pt,training_logs/beijing_168h_3h_station1013_seed2048_center_gru_h8.csv,0.23704393208026886,0.48687157657874097,0.29624488949775696,36.18947219848633,22.020071029663086,33.59838104248047,False,
beijing_168h_3h_station1013_seed2048_center_gru_h16,beijing,168,3,1013,2048,gru,16,center_gru_h16,completed,30,0.33876872062683105,12.279933697998786,0.02978233100111538,test,1,9,963,963,963,predictions/beijing_168h_3h_station1013_seed2048_center_gru_h16.npz,checkpoints/beijing_168h_3h_station1013_seed2048_center_gru_h16.pt,training_logs/beijing_168h_3h_station1013_seed2048_center_gru_h16.csv,0.19323238730430603,0.4395820598071605,0.2539639174938202,32.67441177368164,18.877296447753906,28.7409610748291,False,
beijing_168h_3h_station1013_seed2048_center_gru_h32,beijing,168,3,1013,2048,gru,32,center_gru_h32,completed,30,0.2888544797897339,14.294408333998945,0.035175461000108044,test,1,9,3459,3459,3459,predictions/beijing_168h_3h_station1013_seed2048_center_gru_h32.npz,checkpoints/beijing_168h_3h_station1013_seed2048_center_gru_h32.pt,training_logs/beijing_168h_3h_station1013_seed2048_center_gru_h32.csv,0.1847636103630066,0.4298413781419916,0.2380661815404892,31.950382232666016,17.69561004638672,26.279821395874023,False,
beijing_168h_3h_station1013_seed2048_center_gru_h40,beijing,168,3,1013,2048,gru,40,center_gru_h40,completed,30,0.28189876675605774,17.064527735999945,0.036903367001286824,test,1,9,5283,5283,5283,predictions/beijing_168h_3h_station1013_seed2048_center_gru_h40.npz,checkpoints/beijing_168h_3h_station1013_seed2048_center_gru_h40.pt,training_logs/beijing_168h_3h_station1013_seed2048_center_gru_h40.csv,0.1833057999610901,0.42814226602975103,0.23746797442436218,31.824085235595703,17.65114402770996,26.86273956298828,False,
beijing_168h_3h_station1013_seed2048_center_gru_h48,beijing,168,3,1013,2048,gru,48,center_gru_h48,completed,30,0.2721892297267914,17.72373324900036,0.038384777999453945,test,1,9,7491,7491,7491,predictions/beijing_168h_3h_station1013_seed2048_center_gru_h48.npz,checkpoints/beijing_168h_3h_station1013_seed2048_center_gru_h48.pt,training_logs/beijing_168h_3h_station1013_seed2048_center_gru_h48.csv,0.1798892468214035,0.42413352475535754,0.2299751192331314,31.526113510131836,17.094196319580078,25.108177185058594,False,
beijing_168h_3h_station1013_seed2048_center_gru_h64,beijing,168,3,1013,2048,gru,64,center_gru_h64,completed,30,0.2631237804889679,24.72869061900019,0.046222393999414635,test,1,9,13059,13059,13059,predictions/beijing_168h_3h_station1013_seed2048_center_gru_h64.npz,checkpoints/beijing_168h_3h_station1013_seed2048_center_gru_h64.pt,training_logs/beijing_168h_3h_station1013_seed2048_center_gru_h64.csv,0.17673267424106598,0.42039585421488873,0.22556284070014954,31.248291015625,16.766231536865234,24.92355728149414,False,
beijing_168h_3h_station1013_seed2048_center_lstm_h8,beijing,168,3,1013,2048,lstm,8,center_lstm_h8,completed,30,0.47980162501335144,7.8961212070007605,0.024073759999737376,test,1,9,379,379,379,predictions/beijing_168h_3h_station1013_seed2048_center_lstm_h8.npz,checkpoints/beijing_168h_3h_station1013_seed2048_center_lstm_h8.pt,training_logs/beijing_168h_3h_station1013_seed2048_center_lstm_h8.csv,0.2235661745071411,0.4728278487009211,0.2881850302219391,35.14559555053711,21.420974731445312,32.98828887939453,False,
beijing_168h_3h_station1013_seed2048_center_lstm_h16,beijing,168,3,1013,2048,lstm,16,center_lstm_h16,completed,30,0.37037476897239685,8.228104454001368,0.024355397999897832,test,1,9,1267,1267,1267,predictions/beijing_168h_3h_station1013_seed2048_center_lstm_h16.npz,checkpoints/beijing_168h_3h_station1013_seed2048_center_lstm_h16.pt,training_logs/beijing_168h_3h_station1013_seed2048_center_lstm_h16.csv,0.19639408588409424,0.44316372356511113,0.2551864981651306,32.94063949584961,18.968175888061523,27.85550308227539,False,
beijing_168h_3h_station1013_seed2048_center_lstm_h32,beijing,168,3,1013,2048,lstm,32,center_lstm_h32,completed,30,0.28984302282333374,8.936186816001282,0.02463612599967746,test,1,9,4579,4579,4579,predictions/beijing_168h_3h_station1013_seed2048_center_lstm_h32.npz,checkpoints/beijing_168h_3h_station1013_seed2048_center_lstm_h32.pt,training_logs/beijing_168h_3h_station1013_seed2048_center_lstm_h32.csv,0.1791660338640213,0.4232800891419549,0.23271746933460236,31.462677001953125,17.298036575317383,25.025352478027344,False,
beijing_168h_3h_station1013_seed2048_center_lstm_h40,beijing,168,3,1013,2048,lstm,40,center_lstm_h40,completed,29,0.28649991750717163,9.226482551001027,0.024707578999368707,test,1,9,7003,7003,7003,predictions/beijing_168h_3h_station1013_seed2048_center_lstm_h40.npz,checkpoints/beijing_168h_3h_station1013_seed2048_center_lstm_h40.pt,training_logs/beijing_168h_3h_station1013_seed2048_center_lstm_h40.csv,0.18712306022644043,0.4325772303605917,0.24034316837787628,32.153743743896484,17.86486053466797,27.08977699279785,False,
beijing_168h_3h_station1013_seed2048_center_lstm_h48,beijing,168,3,1013,2048,lstm,48,center_lstm_h48,completed,29,0.2799397110939026,9.409771172000546,0.024750712000241037,test,1,9,9939,9939,9939,predictions/beijing_168h_3h_station1013_seed2048_center_lstm_h48.npz,checkpoints/beijing_168h_3h_station1013_seed2048_center_lstm_h48.pt,training_logs/beijing_168h_3h_station1013_seed2048_center_lstm_h48.csv,0.18846070766448975,0.43412061418975456,0.2439224272966385,32.268463134765625,18.130908966064453,27.817291259765625,False,
beijing_168h_3h_station1013_seed2048_center_lstm_h64,beijing,168,3,1013,2048,lstm,64,center_lstm_h64,completed,30,0.26930272579193115,10.970266743001048,0.026821306000783807,test,1,9,17347,17347,17347,predictions/beijing_168h_3h_station1013_seed2048_center_lstm_h64.npz,checkpoints/beijing_168h_3h_station1013_seed2048_center_lstm_h64.pt,training_logs/beijing_168h_3h_station1013_seed2048_center_lstm_h64.csv,0.18391041457653046,0.42884777552941844,0.23628650605678558,31.876527786254883,17.56332778930664,26.443246841430664,False,
beijing_168h_3h_station1013_seed2049_center_gru_h8,beijing,168,3,1013,2049,gru,8,center_gru_h8,completed,30,0.41076329350471497,11.482814544000576,0.02962229600052524,test,1,9,291,291,291,predictions/beijing_168h_3h_station1013_seed2049_center_gru_h8.npz,checkpoints/beijing_168h_3h_station1013_seed2049_center_gru_h8.pt,training_logs/beijing_168h_3h_station1013_seed2049_center_gru_h8.csv,0.20849786698818207,0.45661566660396363,0.26824915409088135,33.94053268432617,19.939128875732422,29.699525833129883,False,
beijing_168h_3h_station1013_seed2049_center_gru_h16,beijing,168,3,1013,2049,gru,16,center_gru_h16,completed,30,0.32873380184173584,12.276172788000622,0.029813609000484576,test,1,9,963,963,963,predictions/beijing_168h_3h_station1013_seed2049_center_gru_h16.npz,checkpoints/beijing_168h_3h_station1013_seed2049_center_gru_h16.pt,training_logs/beijing_168h_3h_station1013_seed2049_center_gru_h16.csv,0.19154110550880432,0.43765409344458817,0.2526819109916687,32.53110885620117,18.782005310058594,28.848834991455078,False,
beijing_168h_3h_station1013_seed2049_center_gru_h32,beijing,168,3,1013,2049,gru,32,center_gru_h32,completed,30,0.28545820713043213,14.250453145999927,0.03499425500012876,test,1,9,3459,3459,3459,predictions/beijing_168h_3h_station1013_seed2049_center_gru_h32.npz,checkpoints/beijing_168h_3h_station1013_seed2049_center_gru_h32.pt,training_logs/beijing_168h_3h_station1013_seed2049_center_gru_h32.csv,0.18381018936634064,0.42873090554139043,0.24200083315372467,31.867843627929688,17.988075256347656,28.128299713134766,False,
beijing_168h_3h_station1013_seed2049_center_gru_h40,beijing,168,3,1013,2049,gru,40,center_gru_h40,completed,30,0.28118595480918884,17.032724343000154,0.036344219000966405,test,1,9,5283,5283,5283,predictions/beijing_168h_3h_station1013_seed2049_center_gru_h40.npz,checkpoints/beijing_168h_3h_station1013_seed2049_center_gru_h40.pt,training_logs/beijing_168h_3h_station1013_seed2049_center_gru_h40.csv,0.18236619234085083,0.42704354852971477,0.23757685720920563,31.74241828918457,17.659238815307617,27.38117790222168,False,
beijing_168h_3h_station1013_seed2049_center_gru_h48,beijing,168,3,1013,2049,gru,48,center_gru_h48,completed,30,0.27163830399513245,17.474988175999897,0.03842257999895082,test,1,9,7491,7491,7491,predictions/beijing_168h_3h_station1013_seed2049_center_gru_h48.npz,checkpoints/beijing_168h_3h_station1013_seed2049_center_gru_h48.pt,training_logs/beijing_168h_3h_station1013_seed2049_center_gru_h48.csv,0.17932957410812378,0.4234732271444368,0.23332780599594116,31.477033615112305,17.34340476989746,26.921802520751953,False,
beijing_168h_3h_station1013_seed2049_center_gru_h64,beijing,168,3,1013,2049,gru,64,center_gru_h64,completed,30,0.2640846371650696,24.74046494399954,0.04639221800061932,test,1,9,13059,13059,13059,predictions/beijing_168h_3h_station1013_seed2049_center_gru_h64.npz,checkpoints/beijing_168h_3h_station1013_seed2049_center_gru_h64.pt,training_logs/beijing_168h_3h_station1013_seed2049_center_gru_h64.csv,0.1782839596271515,0.422236852521368,0.22848942875862122,31.385133743286133,16.983762741088867,26.164424896240234,False,
beijing_168h_3h_station1013_seed2049_center_lstm_h8,beijing,168,3,1013,2049,lstm,8,center_lstm_h8,completed,30,0.45742860436439514,7.9139920079996955,0.024351865000426187,test,1,9,379,379,379,predictions/beijing_168h_3h_station1013_seed2049_center_lstm_h8.npz,checkpoints/beijing_168h_3h_station1013_seed2049_center_lstm_h8.pt,training_logs/beijing_168h_3h_station1013_seed2049_center_lstm_h8.csv,0.21468082070350647,0.4633366170544979,0.2770499885082245,34.44010543823242,20.593303680419922,31.127845764160156,False,
beijing_168h_3h_station1013_seed2049_center_lstm_h16,beijing,168,3,1013,2049,lstm,16,center_lstm_h16,completed,30,0.34412407875061035,8.243021426000269,0.024337789000128396,test,1,9,1267,1267,1267,predictions/beijing_168h_3h_station1013_seed2049_center_lstm_h16.npz,checkpoints/beijing_168h_3h_station1013_seed2049_center_lstm_h16.pt,training_logs/beijing_168h_3h_station1013_seed2049_center_lstm_h16.csv,0.19098210334777832,0.43701499213159534,0.2516911029815674,32.483604431152344,18.70836067199707,28.28152084350586,False,
beijing_168h_3h_station1013_seed2049_center_lstm_h32,beijing,168,3,1013,2049,lstm,32,center_lstm_h32,completed,30,0.29133662581443787,8.981543474001228,0.02446142000007967,test,1,9,4579,4579,4579,predictions/beijing_168h_3h_station1013_seed2049_center_lstm_h32.npz,checkpoints/beijing_168h_3h_station1013_seed2049_center_lstm_h32.pt,training_logs/beijing_168h_3h_station1013_seed2049_center_lstm_h32.csv,0.18621554970741272,0.43152699765763525,0.24200932681560516,32.07567596435547,17.988706588745117,27.521259307861328,False,
beijing_168h_3h_station1013_seed2049_center_lstm_h40,beijing,168,3,1013,2049,lstm,40,center_lstm_h40,completed,30,0.27706775069236755,9.260068506000607,0.024966992999907234,test,1,9,7003,7003,7003,predictions/beijing_168h_3h_station1013_seed2049_center_lstm_h40.npz,checkpoints/beijing_168h_3h_station1013_seed2049_center_lstm_h40.pt,training_logs/beijing_168h_3h_station1013_seed2049_center_lstm_h40.csv,0.18491911888122559,0.4300222306825841,0.24071408808231354,31.963823318481445,17.892431259155273,27.5458984375,False,
beijing_168h_3h_station1013_seed2049_center_lstm_h48,beijing,168,3,1013,2049,lstm,48,center_lstm_h48,completed,30,0.27249932289123535,9.399558170000091,0.02472884100097872,test,1,9,9939,9939,9939,predictions/beijing_168h_3h_station1013_seed2049_center_lstm_h48.npz,checkpoints/beijing_168h_3h_station1013_seed2049_center_lstm_h48.pt,training_logs/beijing_168h_3h_station1013_seed2049_center_lstm_h48.csv,0.18369784951210022,0.4285998711060238,0.23691485822200775,31.85810089111328,17.610031127929688,26.21906089782715,False,
beijing_168h_3h_station1013_seed2049_center_lstm_h64,beijing,168,3,1013,2049,lstm,64,center_lstm_h64,completed,29,0.26985830068588257,10.971458013000301,0.02680826700088801,test,1,9,17347,17347,17347,predictions/beijing_168h_3h_station1013_seed2049_center_lstm_h64.npz,checkpoints/beijing_168h_3h_station1013_seed2049_center_lstm_h64.pt,training_logs/beijing_168h_3h_station1013_seed2049_center_lstm_h64.csv,0.18260253965854645,0.42732018400556093,0.23236198723316193,31.762981414794922,17.271615982055664,25.2590274810791,False,
beijing_168h_6h_station1013_seed2047_center_gru_h8,beijing,168,6,1013,2047,gru,8,center_gru_h8,completed,30,0.627875804901123,11.507624244000908,0.029827828000634327,test,1,9,318,318,318,predictions/beijing_168h_6h_station1013_seed2047_center_gru_h8.npz,checkpoints/beijing_168h_6h_station1013_seed2047_center_gru_h8.pt,training_logs/beijing_168h_6h_station1013_seed2047_center_gru_h8.csv,0.3250410854816437,0.5701237457619562,0.3587900996208191,42.37765884399414,26.669097900390625,38.47098922729492,False,
beijing_168h_6h_station1013_seed2047_center_gru_h16,beijing,168,6,1013,2047,gru,16,center_gru_h16,completed,30,0.5400869846343994,12.290702301999772,0.02990215200043167,test,1,9,1014,1014,1014,predictions/beijing_168h_6h_station1013_seed2047_center_gru_h16.npz,checkpoints/beijing_168h_6h_station1013_seed2047_center_gru_h16.pt,training_logs/beijing_168h_6h_station1013_seed2047_center_gru_h16.csv,0.30384814739227295,0.5512242260571218,0.3375954329967499,40.97284698486328,25.09368324279785,36.52925491333008,False,
beijing_168h_6h_station1013_seed2047_center_gru_h32,beijing,168,6,1013,2047,gru,32,center_gru_h32,completed,30,0.4936157763004303,14.269785731999946,0.0348122430004878,test,1,9,3558,3558,3558,predictions/beijing_168h_6h_station1013_seed2047_center_gru_h32.npz,checkpoints/beijing_168h_6h_station1013_seed2047_center_gru_h32.pt,training_logs/beijing_168h_6h_station1013_seed2047_center_gru_h32.csv,0.29355230927467346,0.5418046781587194,0.3249438405036926,40.27268600463867,24.153282165527344,34.925018310546875,False,
beijing_168h_6h_station1013_seed2047_center_gru_h40,beijing,168,6,1013,2047,gru,40,center_gru_h40,completed,29,0.4899473190307617,17.04365864600004,0.03701985199950286,test,1,9,5406,5406,5406,predictions/beijing_168h_6h_station1013_seed2047_center_gru_h40.npz,checkpoints/beijing_168h_6h_station1013_seed2047_center_gru_h40.pt,training_logs/beijing_168h_6h_station1013_seed2047_center_gru_h40.csv,0.29531824588775635,0.5434319146753863,0.32390904426574707,40.393638610839844,24.076366424560547,34.881229400634766,False,
beijing_168h_6h_station1013_seed2047_center_gru_h48,beijing,168,6,1013,2047,gru,48,center_gru_h48,completed,29,0.47897496819496155,17.50233747600032,0.038299747999190004,test,1,9,7638,7638,7638,predictions/beijing_168h_6h_station1013_seed2047_center_gru_h48.npz,checkpoints/beijing_168h_6h_station1013_seed2047_center_gru_h48.pt,training_logs/beijing_168h_6h_station1013_seed2047_center_gru_h48.csv,0.29167476296424866,0.5400692205303397,0.3199770450592041,40.1436882019043,23.784095764160156,34.726444244384766,False,
beijing_168h_6h_station1013_seed2047_center_gru_h64,beijing,168,6,1013,2047,gru,64,center_gru_h64,completed,28,0.47764337062835693,24.76982554499955,0.04621931799920276,test,1,9,13254,13254,13254,predictions/beijing_168h_6h_station1013_seed2047_center_gru_h64.npz,checkpoints/beijing_168h_6h_station1013_seed2047_center_gru_h64.pt,training_logs/beijing_168h_6h_station1013_seed2047_center_gru_h64.csv,0.2924824059009552,0.5408164253246708,0.3160554766654968,40.1992301940918,23.492605209350586,33.39552307128906,False,
beijing_168h_6h_station1013_seed2047_center_lstm_h8,beijing,168,6,1013,2047,lstm,8,center_lstm_h8,completed,30,0.7129759192466736,7.879940795000948,0.024437678999674972,test,1,9,406,406,406,predictions/beijing_168h_6h_station1013_seed2047_center_lstm_h8.npz,checkpoints/beijing_168h_6h_station1013_seed2047_center_lstm_h8.pt,training_logs/beijing_168h_6h_station1013_seed2047_center_lstm_h8.csv,0.352521687746048,0.593735368447971,0.38377952575683594,44.13272476196289,28.526575088500977,40.87176513671875,False,
beijing_168h_6h_station1013_seed2047_center_lstm_h16,beijing,168,6,1013,2047,lstm,16,center_lstm_h16,completed,30,0.547497034072876,8.222658575999958,0.024539699001252302,test,1,9,1318,1318,1318,predictions/beijing_168h_6h_station1013_seed2047_center_lstm_h16.npz,checkpoints/beijing_168h_6h_station1013_seed2047_center_lstm_h16.pt,training_logs/beijing_168h_6h_station1013_seed2047_center_lstm_h16.csv,0.30616918206214905,0.5533255660659003,0.3411291241645813,41.12904357910156,25.35634422302246,36.739131927490234,False,
beijing_168h_6h_station1013_seed2047_center_lstm_h32,beijing,168,6,1013,2047,lstm,32,center_lstm_h32,completed,28,0.5015602111816406,8.986917070000345,0.024311436000061803,test,1,9,4678,4678,4678,predictions/beijing_168h_6h_station1013_seed2047_center_lstm_h32.npz,checkpoints/beijing_168h_6h_station1013_seed2047_center_lstm_h32.pt,training_logs/beijing_168h_6h_station1013_seed2047_center_lstm_h32.csv,0.30248281359672546,0.5499843757750992,0.3280096650123596,40.88068771362305,24.381162643432617,34.203575134277344,False,
beijing_168h_6h_station1013_seed2047_center_lstm_h40,beijing,168,6,1013,2047,lstm,40,center_lstm_h40,completed,27,0.5029119849205017,9.241619618000186,0.024911918000725564,test,1,9,7126,7126,7126,predictions/beijing_168h_6h_station1013_seed2047_center_lstm_h40.npz,checkpoints/beijing_168h_6h_station1013_seed2047_center_lstm_h40.pt,training_logs/beijing_168h_6h_station1013_seed2047_center_lstm_h40.csv,0.31672072410583496,0.5627794631166235,0.3437248170375824,41.831756591796875,25.54928207397461,36.69780349731445,False,
beijing_168h_6h_station1013_seed2047_center_lstm_h48,beijing,168,6,1013,2047,lstm,48,center_lstm_h48,completed,28,0.4937947392463684,9.397087744999226,0.024669383999935235,test,1,9,10086,10086,10086,predictions/beijing_168h_6h_station1013_seed2047_center_lstm_h48.npz,checkpoints/beijing_168h_6h_station1013_seed2047_center_lstm_h48.pt,training_logs/beijing_168h_6h_station1013_seed2047_center_lstm_h48.csv,0.30138781666755676,0.5489879931907042,0.32619696855545044,40.80662536621094,24.246427536010742,34.51070022583008,False,
beijing_168h_6h_station1013_seed2047_center_lstm_h64,beijing,168,6,1013,2047,lstm,64,center_lstm_h64,completed,24,0.4865839183330536,11.032822696999574,0.026835881999431876,test,1,9,17542,17542,17542,predictions/beijing_168h_6h_station1013_seed2047_center_lstm_h64.npz,checkpoints/beijing_168h_6h_station1013_seed2047_center_lstm_h64.pt,training_logs/beijing_168h_6h_station1013_seed2047_center_lstm_h64.csv,0.3038201332092285,0.5511988145934537,0.330413818359375,40.9709587097168,24.55986785888672,34.924476623535156,False,
beijing_168h_6h_station1013_seed2048_center_gru_h8,beijing,168,6,1013,2048,gru,8,center_gru_h8,completed,30,0.6145776510238647,11.565370497000913,0.02963525100130937,test,1,9,318,318,318,predictions/beijing_168h_6h_station1013_seed2048_center_gru_h8.npz,checkpoints/beijing_168h_6h_station1013_seed2048_center_gru_h8.pt,training_logs/beijing_168h_6h_station1013_seed2048_center_gru_h8.csv,0.31816595792770386,0.5640620160298899,0.3533967435359955,41.927085876464844,26.268205642700195,37.959014892578125,False,
beijing_168h_6h_station1013_seed2048_center_gru_h16,beijing,168,6,1013,2048,gru,16,center_gru_h16,completed,30,0.5469933748245239,12.279671023999981,0.029660573998626205,test,1,9,1014,1014,1014,predictions/beijing_168h_6h_station1013_seed2048_center_gru_h16.npz,checkpoints/beijing_168h_6h_station1013_seed2048_center_gru_h16.pt,training_logs/beijing_168h_6h_station1013_seed2048_center_gru_h16.csv,0.30567243695259094,0.5528765114856942,0.3403968811035156,41.09566116333008,25.30191421508789,36.631046295166016,False,
beijing_168h_6h_station1013_seed2048_center_gru_h32,beijing,168,6,1013,2048,gru,32,center_gru_h32,completed,30,0.48825803399086,14.264563359000022,0.03490451600009692,test,1,9,3558,3558,3558,predictions/beijing_168h_6h_station1013_seed2048_center_gru_h32.npz,checkpoints/beijing_168h_6h_station1013_seed2048_center_gru_h32.pt,training_logs/beijing_168h_6h_station1013_seed2048_center_gru_h32.csv,0.29312917590141296,0.5414140521831816,0.3221062123775482,40.243648529052734,23.942358016967773,34.47223663330078,False,
beijing_168h_6h_station1013_seed2048_center_gru_h40,beijing,168,6,1013,2048,gru,40,center_gru_h40,completed,29,0.4843028485774994,17.016846812999574,0.03615243099920917,test,1,9,5406,5406,5406,predictions/beijing_168h_6h_station1013_seed2048_center_gru_h40.npz,checkpoints/beijing_168h_6h_station1013_seed2048_center_gru_h40.pt,training_logs/beijing_168h_6h_station1013_seed2048_center_gru_h40.csv,0.29406166076660156,0.5422745252790339,0.3205925524234772,40.30760955810547,23.82984733581543,34.12278747558594,False,
beijing_168h_6h_station1013_seed2048_center_gru_h48,beijing,168,6,1013,2048,gru,48,center_gru_h48,completed,29,0.48436400294303894,17.465590620000512,0.03841572199962684,test,1,9,7638,7638,7638,predictions/beijing_168h_6h_station1013_seed2048_center_gru_h48.npz,checkpoints/beijing_168h_6h_station1013_seed2048_center_gru_h48.pt,training_logs/beijing_168h_6h_station1013_seed2048_center_gru_h48.csv,0.29675620794296265,0.5447533459676615,0.3281390070915222,40.49186325073242,24.39078140258789,36.24277877807617,False,
beijing_168h_6h_station1013_seed2048_center_gru_h64,beijing,168,6,1013,2048,gru,64,center_gru_h64,completed,29,0.4740868806838989,24.762227406999955,0.04652693799835106,test,1,9,13254,13254,13254,predictions/beijing_168h_6h_station1013_seed2048_center_gru_h64.npz,checkpoints/beijing_168h_6h_station1013_seed2048_center_gru_h64.pt,training_logs/beijing_168h_6h_station1013_seed2048_center_gru_h64.csv,0.2945733964443207,0.5427461620724007,0.3231299817562103,40.34267044067383,24.018457412719727,35.69780349731445,False,
beijing_168h_6h_station1013_seed2048_center_lstm_h8,beijing,168,6,1013,2048,lstm,8,center_lstm_h8,completed,30,0.7038539052009583,7.904372228000284,0.024344014000234893,test,1,9,406,406,406,predictions/beijing_168h_6h_station1013_seed2048_center_lstm_h8.npz,checkpoints/beijing_168h_6h_station1013_seed2048_center_lstm_h8.pt,training_logs/beijing_168h_6h_station1013_seed2048_center_lstm_h8.csv,0.3488468825817108,0.590632612189431,0.3803364336490631,43.902095794677734,28.270648956298828,40.98708724975586,False,
beijing_168h_6h_station1013_seed2048_center_lstm_h16,beijing,168,6,1013,2048,lstm,16,center_lstm_h16,completed,30,0.5584653615951538,8.256605340000533,0.024626570999316755,test,1,9,1318,1318,1318,predictions/beijing_168h_6h_station1013_seed2048_center_lstm_h16.npz,checkpoints/beijing_168h_6h_station1013_seed2048_center_lstm_h16.pt,training_logs/beijing_168h_6h_station1013_seed2048_center_lstm_h16.csv,0.3075595498085022,0.5545805169752199,0.3378180265426636,41.222320556640625,25.1102294921875,35.39263153076172,False,
beijing_168h_6h_station1013_seed2048_center_lstm_h32,beijing,168,6,1013,2048,lstm,32,center_lstm_h32,completed,29,0.4951835870742798,8.925121058000514,0.02430832799836935,test,1,9,4678,4678,4678,predictions/beijing_168h_6h_station1013_seed2048_center_lstm_h32.npz,checkpoints/beijing_168h_6h_station1013_seed2048_center_lstm_h32.pt,training_logs/beijing_168h_6h_station1013_seed2048_center_lstm_h32.csv,0.2990036606788635,0.5468122718802712,0.33385372161865234,40.64490509033203,24.815561294555664,36.55537796020508,False,
beijing_168h_6h_station1013_seed2048_center_lstm_h40,beijing,168,6,1013,2048,lstm,40,center_lstm_h40,completed,29,0.49166595935821533,9.22740782099936,0.025092268000662443,test,1,9,7126,7126,7126,predictions/beijing_168h_6h_station1013_seed2048_center_lstm_h40.npz,checkpoints/beijing_168h_6h_station1013_seed2048_center_lstm_h40.pt,training_logs/beijing_168h_6h_station1013_seed2048_center_lstm_h40.csv,0.3135872781276703,0.5599886410702187,0.3421880900859833,41.62430953979492,25.435056686401367,36.789459228515625,False,
beijing_168h_6h_station1013_seed2048_center_lstm_h48,beijing,168,6,1013,2048,lstm,48,center_lstm_h48,completed,28,0.48146316409111023,9.418558244000451,0.024836673999743653,test,1,9,10086,10086,10086,predictions/beijing_168h_6h_station1013_seed2048_center_lstm_h48.npz,checkpoints/beijing_168h_6h_station1013_seed2048_center_lstm_h48.pt,training_logs/beijing_168h_6h_station1013_seed2048_center_lstm_h48.csv,0.3125879764556885,0.5590956773716718,0.3344822824001312,41.55793762207031,24.862279891967773,35.38797378540039,False,
beijing_168h_6h_station1013_seed2048_center_lstm_h64,beijing,168,6,1013,2048,lstm,64,center_lstm_h64,completed,24,0.4822973906993866,11.036740700999871,0.027256378998572472,test,1,9,17542,17542,17542,predictions/beijing_168h_6h_station1013_seed2048_center_lstm_h64.npz,checkpoints/beijing_168h_6h_station1013_seed2048_center_lstm_h64.pt,training_logs/beijing_168h_6h_station1013_seed2048_center_lstm_h64.csv,0.3174639642238617,0.563439405991329,0.3387739658355713,41.88080596923828,25.181285858154297,35.39055633544922,False,
beijing_168h_6h_station1013_seed2049_center_gru_h8,beijing,168,6,1013,2049,gru,8,center_gru_h8,completed,30,0.6683303713798523,11.454472938001345,0.029684095999982674,test,1,9,318,318,318,predictions/beijing_168h_6h_station1013_seed2049_center_gru_h8.npz,checkpoints/beijing_168h_6h_station1013_seed2049_center_gru_h8.pt,training_logs/beijing_168h_6h_station1013_seed2049_center_gru_h8.csv,0.34374696016311646,0.5862993775905928,0.37517911195755005,43.58000564575195,27.88730239868164,39.932228088378906,False,
beijing_168h_6h_station1013_seed2049_center_gru_h16,beijing,168,6,1013,2049,gru,16,center_gru_h16,completed,30,0.5369877219200134,12.308371787999931,0.029833085998689057,test,1,9,1014,1014,1014,predictions/beijing_168h_6h_station1013_seed2049_center_gru_h16.npz,checkpoints/beijing_168h_6h_station1013_seed2049_center_gru_h16.pt,training_logs/beijing_168h_6h_station1013_seed2049_center_gru_h16.csv,0.3039485514163971,0.5513152922025627,0.337420254945755,40.979618072509766,25.080663681030273,36.24822235107422,False,
beijing_168h_6h_station1013_seed2049_center_gru_h32,beijing,168,6,1013,2049,gru,32,center_gru_h32,completed,30,0.49487242102622986,14.241901882998718,0.03517690200169454,test,1,9,3558,3558,3558,predictions/beijing_168h_6h_station1013_seed2049_center_gru_h32.npz,checkpoints/beijing_168h_6h_station1013_seed2049_center_gru_h32.pt,training_logs/beijing_168h_6h_station1013_seed2049_center_gru_h32.csv,0.29681989550590515,0.5448117982440406,0.3264772593975067,40.4962043762207,24.267263412475586,35.02913284301758,False,
beijing_168h_6h_station1013_seed2049_center_gru_h40,beijing,168,6,1013,2049,gru,40,center_gru_h40,completed,29,0.4836374521255493,17.041558648999853,0.03693117100010568,test,1,9,5406,5406,5406,predictions/beijing_168h_6h_station1013_seed2049_center_gru_h40.npz,checkpoints/beijing_168h_6h_station1013_seed2049_center_gru_h40.pt,training_logs/beijing_168h_6h_station1013_seed2049_center_gru_h40.csv,0.29223698377609253,0.5405894780478923,0.32247135043144226,40.1823616027832,23.969499588012695,35.08779525756836,False,
beijing_168h_6h_station1013_seed2049_center_gru_h48,beijing,168,6,1013,2049,gru,48,center_gru_h48,completed,29,0.4856518805027008,17.488276136999048,0.03837122400000226,test,1,9,7638,7638,7638,predictions/beijing_168h_6h_station1013_seed2049_center_gru_h48.npz,checkpoints/beijing_168h_6h_station1013_seed2049_center_gru_h48.pt,training_logs/beijing_168h_6h_station1013_seed2049_center_gru_h48.csv,0.2957126200199127,0.5437946487599089,0.3253593146800995,40.42060089111328,24.184165954589844,35.380550384521484,False,
beijing_168h_6h_station1013_seed2049_center_gru_h64,beijing,168,6,1013,2049,gru,64,center_gru_h64,completed,29,0.4733196198940277,24.78799677400093,0.046112411000649445,test,1,9,13254,13254,13254,predictions/beijing_168h_6h_station1013_seed2049_center_gru_h64.npz,checkpoints/beijing_168h_6h_station1013_seed2049_center_gru_h64.pt,training_logs/beijing_168h_6h_station1013_seed2049_center_gru_h64.csv,0.29054149985313416,0.5390190162258973,0.31559932231903076,40.06562423706055,23.458698272705078,33.62299346923828,False,
beijing_168h_6h_station1013_seed2049_center_lstm_h8,beijing,168,6,1013,2049,lstm,8,center_lstm_h8,completed,30,0.6880072951316833,7.896891251000852,0.024343798999325372,test,1,9,406,406,406,predictions/beijing_168h_6h_station1013_seed2049_center_lstm_h8.npz,checkpoints/beijing_168h_6h_station1013_seed2049_center_lstm_h8.pt,training_logs/beijing_168h_6h_station1013_seed2049_center_lstm_h8.csv,0.3346865177154541,0.5785209743090168,0.36593303084373474,43.0018310546875,27.200035095214844,38.89999008178711,False,
beijing_168h_6h_station1013_seed2049_center_lstm_h16,beijing,168,6,1013,2049,lstm,16,center_lstm_h16,completed,30,0.5375233292579651,8.218265258999963,0.024267201000839123,test,1,9,1318,1318,1318,predictions/beijing_168h_6h_station1013_seed2049_center_lstm_h16.npz,checkpoints/beijing_168h_6h_station1013_seed2049_center_lstm_h16.pt,training_logs/beijing_168h_6h_station1013_seed2049_center_lstm_h16.csv,0.30418869853019714,0.551533043915047,0.33971360325813293,40.99580001831055,25.25112533569336,36.838836669921875,False,
beijing_168h_6h_station1013_seed2049_center_lstm_h32,beijing,168,6,1013,2049,lstm,32,center_lstm_h32,completed,30,0.4942200481891632,8.970905031999791,0.02434562099915638,test,1,9,4678,4678,4678,predictions/beijing_168h_6h_station1013_seed2049_center_lstm_h32.npz,checkpoints/beijing_168h_6h_station1013_seed2049_center_lstm_h32.pt,training_logs/beijing_168h_6h_station1013_seed2049_center_lstm_h32.csv,0.2966212332248688,0.544629445793072,0.33256596326828003,40.4826545715332,24.719839096069336,35.869773864746094,False,
beijing_168h_6h_station1013_seed2049_center_lstm_h40,beijing,168,6,1013,2049,lstm,40,center_lstm_h40,completed,30,0.4908757507801056,9.263693826000235,0.02482682499976363,test,1,9,7126,7126,7126,predictions/beijing_168h_6h_station1013_seed2049_center_lstm_h40.npz,checkpoints/beijing_168h_6h_station1013_seed2049_center_lstm_h40.pt,training_logs/beijing_168h_6h_station1013_seed2049_center_lstm_h40.csv,0.3007734417915344,0.5484281555423047,0.33205610513687134,40.765010833740234,24.68194007873535,36.01141357421875,False,
beijing_168h_6h_station1013_seed2049_center_lstm_h48,beijing,168,6,1013,2049,lstm,48,center_lstm_h48,completed,29,0.4791755676269531,9.396027485001468,0.024671899000168196,test,1,9,10086,10086,10086,predictions/beijing_168h_6h_station1013_seed2049_center_lstm_h48.npz,checkpoints/beijing_168h_6h_station1013_seed2049_center_lstm_h48.pt,training_logs/beijing_168h_6h_station1013_seed2049_center_lstm_h48.csv,0.3135143518447876,0.5599235232107931,0.33757126331329346,41.61947250366211,25.091888427734375,35.63063430786133,False,
beijing_168h_6h_station1013_seed2049_center_lstm_h64,beijing,168,6,1013,2049,lstm,64,center_lstm_h64,completed,25,0.4895908236503601,11.024376158999075,0.026924498999505886,test,1,9,17542,17542,17542,predictions/beijing_168h_6h_station1013_seed2049_center_lstm_h64.npz,checkpoints/beijing_168h_6h_station1013_seed2049_center_lstm_h64.pt,training_logs/beijing_168h_6h_station1013_seed2049_center_lstm_h64.csv,0.31156691908836365,0.5581817975251107,0.3388384282588959,41.49000549316406,25.18607521057129,35.6428337097168,False,
beijing_168h_6h_station1013_seed2050_center_gru_h8,beijing,168,6,1013,2050,gru,8,center_gru_h8,completed,30,0.6511473655700684,11.4829883959992,0.02953753499969025,test,1,9,318,318,318,predictions/beijing_168h_6h_station1013_seed2050_center_gru_h8.npz,checkpoints/beijing_168h_6h_station1013_seed2050_center_gru_h8.pt,training_logs/beijing_168h_6h_station1013_seed2050_center_gru_h8.csv,0.33520469069480896,0.5789686439651192,0.36888644099235535,43.03510665893555,27.419565200805664,39.446231842041016,False,
beijing_168h_6h_station1013_seed2050_center_gru_h16,beijing,168,6,1013,2050,gru,16,center_gru_h16,completed,30,0.5370240807533264,12.294853791001515,0.029668884999409784,test,1,9,1014,1014,1014,predictions/beijing_168h_6h_station1013_seed2050_center_gru_h16.npz,checkpoints/beijing_168h_6h_station1013_seed2050_center_gru_h16.pt,training_logs/beijing_168h_6h_station1013_seed2050_center_gru_h16.csv,0.3028099238872528,0.5502816768594543,0.337624728679657,40.90279006958008,25.09585952758789,36.28274154663086,False,
beijing_168h_6h_station1013_seed2050_center_gru_h32,beijing,168,6,1013,2050,gru,32,center_gru_h32,completed,29,0.5059559345245361,14.263253817000077,0.034581229998366325,test,1,9,3558,3558,3558,predictions/beijing_168h_6h_station1013_seed2050_center_gru_h32.npz,checkpoints/beijing_168h_6h_station1013_seed2050_center_gru_h32.pt,training_logs/beijing_168h_6h_station1013_seed2050_center_gru_h32.csv,0.29983988404273987,0.5475763727944623,0.3304261863231659,40.70170211791992,24.560791015625,35.456321716308594,False,
beijing_168h_6h_station1013_seed2050_center_gru_h40,beijing,168,6,1013,2050,gru,40,center_gru_h40,completed,29,0.48688679933547974,17.02469603299869,0.036671125000793836,test,1,9,5406,5406,5406,predictions/beijing_168h_6h_station1013_seed2050_center_gru_h40.npz,checkpoints/beijing_168h_6h_station1013_seed2050_center_gru_h40.pt,training_logs/beijing_168h_6h_station1013_seed2050_center_gru_h40.csv,0.2935936450958252,0.5418428232391984,0.3200884461402893,40.27552032470703,23.792377471923828,33.746551513671875,False,
beijing_168h_6h_station1013_seed2050_center_gru_h48,beijing,168,6,1013,2050,gru,48,center_gru_h48,completed,29,0.4869404137134552,17.4745963259993,0.038424914000643184,test,1,9,7638,7638,7638,predictions/beijing_168h_6h_station1013_seed2050_center_gru_h48.npz,checkpoints/beijing_168h_6h_station1013_seed2050_center_gru_h48.pt,training_logs/beijing_168h_6h_station1013_seed2050_center_gru_h48.csv,0.29294928908348083,0.5412478998420972,0.3201114237308502,40.23130416870117,23.794082641601562,33.96634292602539,False,
beijing_168h_6h_station1013_seed2050_center_gru_h64,beijing,168,6,1013,2050,gru,64,center_gru_h64,completed,29,0.4764440655708313,24.775091382000028,0.046193254998797784,test,1,9,13254,13254,13254,predictions/beijing_168h_6h_station1013_seed2050_center_gru_h64.npz,checkpoints/beijing_168h_6h_station1013_seed2050_center_gru_h64.pt,training_logs/beijing_168h_6h_station1013_seed2050_center_gru_h64.csv,0.29106271266937256,0.5395022823578901,0.31610745191574097,40.10154724121094,23.49646759033203,33.715003967285156,False,
beijing_168h_6h_station1013_seed2050_center_lstm_h8,beijing,168,6,1013,2050,lstm,8,center_lstm_h8,completed,30,0.6683845520019531,7.939118960999622,0.02452477400038333,test,1,9,406,406,406,predictions/beijing_168h_6h_station1013_seed2050_center_lstm_h8.npz,checkpoints/beijing_168h_6h_station1013_seed2050_center_lstm_h8.pt,training_logs/beijing_168h_6h_station1013_seed2050_center_lstm_h8.csv,0.3324442207813263,0.576579760988301,0.36346518993377686,42.857540130615234,27.0165958404541,38.5054931640625,False,
beijing_168h_6h_station1013_seed2050_center_lstm_h16,beijing,168,6,1013,2050,lstm,16,center_lstm_h16,completed,30,0.5652746558189392,8.252546930998506,0.024453226000332506,test,1,9,1318,1318,1318,predictions/beijing_168h_6h_station1013_seed2050_center_lstm_h16.npz,checkpoints/beijing_168h_6h_station1013_seed2050_center_lstm_h16.pt,training_logs/beijing_168h_6h_station1013_seed2050_center_lstm_h16.csv,0.30695879459381104,0.554038621933355,0.3399573266506195,41.18204116821289,25.269245147705078,35.92488479614258,False,
beijing_168h_6h_station1013_seed2050_center_lstm_h32,beijing,168,6,1013,2050,lstm,32,center_lstm_h32,completed,29,0.49574199318885803,8.969839837998734,0.024389738000536454,test,1,9,4678,4678,4678,predictions/beijing_168h_6h_station1013_seed2050_center_lstm_h32.npz,checkpoints/beijing_168h_6h_station1013_seed2050_center_lstm_h32.pt,training_logs/beijing_168h_6h_station1013_seed2050_center_lstm_h32.csv,0.2958575487136841,0.5439278892589385,0.33144456148147583,40.430503845214844,24.636486053466797,36.00908660888672,False,
beijing_168h_6h_station1013_seed2050_center_lstm_h40,beijing,168,6,1013,2050,lstm,40,center_lstm_h40,completed,28,0.49052920937538147,9.26306031799868,0.02513539900064643,test,1,9,7126,7126,7126,predictions/beijing_168h_6h_station1013_seed2050_center_lstm_h40.npz,checkpoints/beijing_168h_6h_station1013_seed2050_center_lstm_h40.pt,training_logs/beijing_168h_6h_station1013_seed2050_center_lstm_h40.csv,0.3104081451892853,0.5571428409207869,0.33552563190460205,41.41278076171875,24.939830780029297,35.38157653808594,False,
beijing_168h_6h_station1013_seed2050_center_lstm_h48,beijing,168,6,1013,2050,lstm,48,center_lstm_h48,completed,28,0.492161363363266,9.437930609999967,0.024806434999845806,test,1,9,10086,10086,10086,predictions/beijing_168h_6h_station1013_seed2050_center_lstm_h48.npz,checkpoints/beijing_168h_6h_station1013_seed2050_center_lstm_h48.pt,training_logs/beijing_168h_6h_station1013_seed2050_center_lstm_h48.csv,0.3047243058681488,0.5520183926900886,0.3301840126514435,41.03187942504883,24.542789459228516,34.874595642089844,False,
beijing_168h_6h_station1013_seed2050_center_lstm_h64,beijing,168,6,1013,2050,lstm,64,center_lstm_h64,completed,28,0.4807230234146118,11.047308995999629,0.02728508300060639,test,1,9,17542,17542,17542,predictions/beijing_168h_6h_station1013_seed2050_center_lstm_h64.npz,checkpoints/beijing_168h_6h_station1013_seed2050_center_lstm_h64.pt,training_logs/beijing_168h_6h_station1013_seed2050_center_lstm_h64.csv,0.30414435267448425,0.5514928400935811,0.33069661259651184,40.9928092956543,24.580890655517578,34.96996307373047,False,
beijing_168h_6h_station1013_seed2051_center_gru_h8,beijing,168,6,1013,2051,gru,8,center_gru_h8,completed,30,0.6602634787559509,11.510956882000755,0.029885100999308634,test,1,9,318,318,318,predictions/beijing_168h_6h_station1013_seed2051_center_gru_h8.npz,checkpoints/beijing_168h_6h_station1013_seed2051_center_gru_h8.pt,training_logs/beijing_168h_6h_station1013_seed2051_center_gru_h8.csv,0.3359365463256836,0.5796003332691274,0.37089213728904724,43.082061767578125,27.568647384643555,39.68028259277344,False,
beijing_168h_6h_station1013_seed2051_center_gru_h16,beijing,168,6,1013,2051,gru,16,center_gru_h16,completed,30,0.5459712743759155,12.330965158998879,0.02980831399872841,test,1,9,1014,1014,1014,predictions/beijing_168h_6h_station1013_seed2051_center_gru_h16.npz,checkpoints/beijing_168h_6h_station1013_seed2051_center_gru_h16.pt,training_logs/beijing_168h_6h_station1013_seed2051_center_gru_h16.csv,0.3099106550216675,0.5566961963420152,0.34493380784988403,41.379581451416016,25.639148712158203,37.265663146972656,False,
beijing_168h_6h_station1013_seed2051_center_gru_h32,beijing,168,6,1013,2051,gru,32,center_gru_h32,completed,30,0.49460265040397644,14.247459354999592,0.034680721000768244,test,1,9,3558,3558,3558,predictions/beijing_168h_6h_station1013_seed2051_center_gru_h32.npz,checkpoints/beijing_168h_6h_station1013_seed2051_center_gru_h32.pt,training_logs/beijing_168h_6h_station1013_seed2051_center_gru_h32.csv,0.2948969602584839,0.5430441605049113,0.32297056913375854,40.36481475830078,24.00660514831543,34.17522048950195,False,
beijing_168h_6h_station1013_seed2051_center_gru_h40,beijing,168,6,1013,2051,gru,40,center_gru_h40,completed,30,0.49199533462524414,17.009650152000177,0.03681454599973222,test,1,9,5406,5406,5406,predictions/beijing_168h_6h_station1013_seed2051_center_gru_h40.npz,checkpoints/beijing_168h_6h_station1013_seed2051_center_gru_h40.pt,training_logs/beijing_168h_6h_station1013_seed2051_center_gru_h40.csv,0.2953493297100067,0.5434605134782164,0.3232354521751404,40.39576721191406,24.026296615600586,34.295448303222656,False,
beijing_168h_6h_station1013_seed2051_center_gru_h48,beijing,168,6,1013,2051,gru,48,center_gru_h48,completed,30,0.48704349994659424,17.4678112040001,0.038138971000080346,test,1,9,7638,7638,7638,predictions/beijing_168h_6h_station1013_seed2051_center_gru_h48.npz,checkpoints/beijing_168h_6h_station1013_seed2051_center_gru_h48.pt,training_logs/beijing_168h_6h_station1013_seed2051_center_gru_h48.csv,0.2939593195915222,0.5421801541844945,0.32038772106170654,40.30059814453125,23.814620971679688,33.70603942871094,False,
beijing_168h_6h_station1013_seed2051_center_gru_h64,beijing,168,6,1013,2051,gru,64,center_gru_h64,completed,30,0.477328360080719,24.768708162999246,0.04608605300018098,test,1,9,13254,13254,13254,predictions/beijing_168h_6h_station1013_seed2051_center_gru_h64.npz,checkpoints/beijing_168h_6h_station1013_seed2051_center_gru_h64.pt,training_logs/beijing_168h_6h_station1013_seed2051_center_gru_h64.csv,0.29144179821014404,0.5398534969879736,0.31596803665161133,40.12765121459961,23.486103057861328,33.317195892333984,False,
beijing_168h_6h_station1013_seed2051_center_lstm_h8,beijing,168,6,1013,2051,lstm,8,center_lstm_h8,completed,30,0.6477218866348267,7.88938913399943,0.02428877099919191,test,1,9,406,406,406,predictions/beijing_168h_6h_station1013_seed2051_center_lstm_h8.npz,checkpoints/beijing_168h_6h_station1013_seed2051_center_lstm_h8.pt,training_logs/beijing_168h_6h_station1013_seed2051_center_lstm_h8.csv,0.3383338451385498,0.5816647188359887,0.37344855070114136,43.235511779785156,27.758665084838867,40.4852409362793,False,
beijing_168h_6h_station1013_seed2051_center_lstm_h16,beijing,168,6,1013,2051,lstm,16,center_lstm_h16,completed,30,0.5625326633453369,8.227311202999772,0.024270002000776003,test,1,9,1318,1318,1318,predictions/beijing_168h_6h_station1013_seed2051_center_lstm_h16.npz,checkpoints/beijing_168h_6h_station1013_seed2051_center_lstm_h16.pt,training_logs/beijing_168h_6h_station1013_seed2051_center_lstm_h16.csv,0.30857908725738525,0.5554989534260035,0.34232163429260254,41.29058837890625,25.444982528686523,36.57273864746094,False,
beijing_168h_6h_station1013_seed2051_center_lstm_h32,beijing,168,6,1013,2051,lstm,32,center_lstm_h32,completed,30,0.5050126314163208,8.934209070999714,0.024424110999461845,test,1,9,4678,4678,4678,predictions/beijing_168h_6h_station1013_seed2051_center_lstm_h32.npz,checkpoints/beijing_168h_6h_station1013_seed2051_center_lstm_h32.pt,training_logs/beijing_168h_6h_station1013_seed2051_center_lstm_h32.csv,0.2981266677379608,0.5460097689034151,0.3283255100250244,40.58525466918945,24.404644012451172,34.77018356323242,False,
beijing_168h_6h_station1013_seed2051_center_lstm_h40,beijing,168,6,1013,2051,lstm,40,center_lstm_h40,completed,29,0.4926225244998932,9.227769404000355,0.025250050999602536,test,1,9,7126,7126,7126,predictions/beijing_168h_6h_station1013_seed2051_center_lstm_h40.npz,checkpoints/beijing_168h_6h_station1013_seed2051_center_lstm_h40.pt,training_logs/beijing_168h_6h_station1013_seed2051_center_lstm_h40.csv,0.30182862281799316,0.5493893180778028,0.3318357467651367,40.836456298828125,24.665559768676758,35.490264892578125,False,
beijing_168h_6h_station1013_seed2051_center_lstm_h48,beijing,168,6,1013,2051,lstm,48,center_lstm_h48,completed,30,0.4839445650577545,9.400206684000295,0.024888666999686393,test,1,9,10086,10086,10086,predictions/beijing_168h_6h_station1013_seed2051_center_lstm_h48.npz,checkpoints/beijing_168h_6h_station1013_seed2051_center_lstm_h48.pt,training_logs/beijing_168h_6h_station1013_seed2051_center_lstm_h48.csv,0.29646673798561096,0.5444875921319153,0.3292009234428406,40.47210693359375,24.46971321105957,35.66569519042969,False,
beijing_168h_6h_station1013_seed2051_center_lstm_h64,beijing,168,6,1013,2051,lstm,64,center_lstm_h64,completed,27,0.48946869373321533,11.03693643799852,0.02682152199849952,test,1,9,17542,17542,17542,predictions/beijing_168h_6h_station1013_seed2051_center_lstm_h64.npz,checkpoints/beijing_168h_6h_station1013_seed2051_center_lstm_h64.pt,training_logs/beijing_168h_6h_station1013_seed2051_center_lstm_h64.csv,0.309891015291214,0.5566785565218172,0.33398720622062683,41.37826919555664,24.825481414794922,35.2232780456543,False,
beijing_168h_12h_station1013_seed2047_center_gru_h8,beijing,168,12,1013,2047,gru,8,center_gru_h8,completed,30,0.9031765460968018,11.512777373000063,0.029805935999320354,test,1,9,372,372,372,predictions/beijing_168h_12h_station1013_seed2047_center_gru_h8.npz,checkpoints/beijing_168h_12h_station1013_seed2047_center_gru_h8.pt,training_logs/beijing_168h_12h_station1013_seed2047_center_gru_h8.csv,0.48267701268196106,0.694749604305005,0.4620192348957062,51.647491455078125,34.34638214111328,47.04753875732422,False,
beijing_168h_12h_station1013_seed2047_center_gru_h16,beijing,168,12,1013,2047,gru,16,center_gru_h16,completed,29,0.8458664417266846,12.273022592000416,0.029813097000442212,test,1,9,1116,1116,1116,predictions/beijing_168h_12h_station1013_seed2047_center_gru_h16.npz,checkpoints/beijing_168h_12h_station1013_seed2047_center_gru_h16.pt,training_logs/beijing_168h_12h_station1013_seed2047_center_gru_h16.csv,0.46819227933883667,0.6842457740745183,0.4481204152107239,50.866641998291016,33.31314468383789,45.8792839050293,False,
beijing_168h_12h_station1013_seed2047_center_gru_h32,beijing,168,12,1013,2047,gru,32,center_gru_h32,completed,29,0.8220405578613281,14.244966476999252,0.03476021699862031,test,1,9,3756,3756,3756,predictions/beijing_168h_12h_station1013_seed2047_center_gru_h32.npz,checkpoints/beijing_168h_12h_station1013_seed2047_center_gru_h32.pt,training_logs/beijing_168h_12h_station1013_seed2047_center_gru_h32.csv,0.4634009897708893,0.6807356239913476,0.4422539472579956,50.605690002441406,32.877037048339844,45.194393157958984,False,
beijing_168h_12h_station1013_seed2047_center_gru_h40,beijing,168,12,1013,2047,gru,40,center_gru_h40,completed,29,0.8196553587913513,17.01575600400065,0.03600935299982666,test,1,9,5652,5652,5652,predictions/beijing_168h_12h_station1013_seed2047_center_gru_h40.npz,checkpoints/beijing_168h_12h_station1013_seed2047_center_gru_h40.pt,training_logs/beijing_168h_12h_station1013_seed2047_center_gru_h40.csv,0.4608861804008484,0.6788859848316566,0.4387263357639313,50.46819305419922,32.61479187011719,44.76587677001953,False,
beijing_168h_12h_station1013_seed2047_center_gru_h48,beijing,168,12,1013,2047,gru,48,center_gru_h48,completed,29,0.8153629302978516,17.44494221700006,0.038674050998452,test,1,9,7932,7932,7932,predictions/beijing_168h_12h_station1013_seed2047_center_gru_h48.npz,checkpoints/beijing_168h_12h_station1013_seed2047_center_gru_h48.pt,training_logs/beijing_168h_12h_station1013_seed2047_center_gru_h48.csv,0.45890873670578003,0.6774280306466363,0.43516334891319275,50.35980987548828,32.349918365478516,44.11162567138672,False,
beijing_168h_12h_station1013_seed2047_center_gru_h64,beijing,168,12,1013,2047,gru,64,center_gru_h64,completed,30,1.0456260442733765,24.872013619000427,0.04591336500016041,test,1,9,13644,13644,13644,predictions/beijing_168h_12h_station1013_seed2047_center_gru_h64.npz,checkpoints/beijing_168h_12h_station1013_seed2047_center_gru_h64.pt,training_logs/beijing_168h_12h_station1013_seed2047_center_gru_h64.csv,0.5555727481842041,0.7453675255766139,0.5286185145378113,55.41041564941406,39.2973518371582,54.23896408081055,True,beijing_168h_12h_station1013_seed2047_center_gru_h64 出现非有限训练损失
beijing_168h_12h_station1013_seed2047_center_lstm_h8,beijing,168,12,1013,2047,lstm,8,center_lstm_h8,completed,30,0.9584203958511353,7.903550188000736,0.02447707899955276,test,1,9,460,460,460,predictions/beijing_168h_12h_station1013_seed2047_center_lstm_h8.npz,checkpoints/beijing_168h_12h_station1013_seed2047_center_lstm_h8.pt,training_logs/beijing_168h_12h_station1013_seed2047_center_lstm_h8.csv,0.499567449092865,0.7068008553283344,0.47771432995796204,52.54338073730469,35.513153076171875,49.12200927734375,False,
beijing_168h_12h_station1013_seed2047_center_lstm_h16,beijing,168,12,1013,2047,lstm,16,center_lstm_h16,completed,30,0.8546519875526428,8.238593367001158,0.024571248000938795,test,1,9,1420,1420,1420,predictions/beijing_168h_12h_station1013_seed2047_center_lstm_h16.npz,checkpoints/beijing_168h_12h_station1013_seed2047_center_lstm_h16.pt,training_logs/beijing_168h_12h_station1013_seed2047_center_lstm_h16.csv,0.4647864103317261,0.6817524553177099,0.4479910731315613,50.6812858581543,33.303531646728516,45.961753845214844,False,
beijing_168h_12h_station1013_seed2047_center_lstm_h32,beijing,168,12,1013,2047,lstm,32,center_lstm_h32,completed,30,0.8065929412841797,10.166592577999836,0.02452267900116567,test,1,9,4876,4876,4876,predictions/beijing_168h_12h_station1013_seed2047_center_lstm_h32.npz,checkpoints/beijing_168h_12h_station1013_seed2047_center_lstm_h32.pt,training_logs/beijing_168h_12h_station1013_seed2047_center_lstm_h32.csv,0.47862207889556885,0.6918251794316024,0.44830721616744995,51.430091857910156,33.32703399658203,45.60468292236328,False,
beijing_168h_12h_station1013_seed2047_center_lstm_h40,beijing,168,12,1013,2047,lstm,40,center_lstm_h40,completed,25,0.8117298483848572,10.476154640000459,0.02510507299848541,test,1,9,7372,7372,7372,predictions/beijing_168h_12h_station1013_seed2047_center_lstm_h40.npz,checkpoints/beijing_168h_12h_station1013_seed2047_center_lstm_h40.pt,training_logs/beijing_168h_12h_station1013_seed2047_center_lstm_h40.csv,0.5012157559394836,0.7079659285159728,0.46102896332740784,52.62998962402344,34.272769927978516,46.31373596191406,False,
beijing_168h_12h_station1013_seed2047_center_lstm_h48,beijing,168,12,1013,2047,lstm,48,center_lstm_h48,completed,20,0.8380321264266968,8.164969939000002,0.025063564000447514,test,1,9,10380,10380,10380,predictions/beijing_168h_12h_station1013_seed2047_center_lstm_h48.npz,checkpoints/beijing_168h_12h_station1013_seed2047_center_lstm_h48.pt,training_logs/beijing_168h_12h_station1013_seed2047_center_lstm_h48.csv,0.5090571641921997,0.7134824203806284,0.4707242548465729,53.04008102416992,34.993507385253906,47.2855339050293,False,
beijing_168h_12h_station1013_seed2047_center_lstm_h64,beijing,168,12,1013,2047,lstm,64,center_lstm_h64,completed,12,0.8444929718971252,6.5849558869995235,0.02720068800044828,test,1,9,17932,17932,17932,predictions/beijing_168h_12h_station1013_seed2047_center_lstm_h64.npz,checkpoints/beijing_168h_12h_station1013_seed2047_center_lstm_h64.pt,training_logs/beijing_168h_12h_station1013_seed2047_center_lstm_h64.csv,0.5081999897956848,0.7128814696677735,0.477174311876297,52.99541091918945,35.47300338745117,48.5309944152832,False,
beijing_168h_12h_station1013_seed2048_center_gru_h8,beijing,168,12,1013,2048,gru,8,center_gru_h8,completed,30,0.9366017580032349,11.451253980998445,0.029774296999676153,test,1,9,372,372,372,predictions/beijing_168h_12h_station1013_seed2048_center_gru_h8.npz,checkpoints/beijing_168h_12h_station1013_seed2048_center_gru_h8.pt,training_logs/beijing_168h_12h_station1013_seed2048_center_gru_h8.csv,0.49157002568244934,0.7011205500357619,0.46987003087997437,52.12110900878906,34.93000793457031,47.94921875,False,
beijing_168h_12h_station1013_seed2048_center_gru_h16,beijing,168,12,1013,2048,gru,16,center_gru_h16,completed,30,0.8442740440368652,12.308944106000126,0.02974680800070928,test,1,9,1116,1116,1116,predictions/beijing_168h_12h_station1013_seed2048_center_gru_h16.npz,checkpoints/beijing_168h_12h_station1013_seed2048_center_gru_h16.pt,training_logs/beijing_168h_12h_station1013_seed2048_center_gru_h16.csv,0.4685101807117462,0.6844780352295801,0.44959717988967896,50.883907318115234,33.42292785644531,46.015377044677734,False,
beijing_168h_12h_station1013_seed2048_center_gru_h32,beijing,168,12,1013,2048,gru,32,center_gru_h32,completed,30,0.8257302641868591,14.23861817299985,0.034642149999854155,test,1,9,3756,3756,3756,predictions/beijing_168h_12h_station1013_seed2048_center_gru_h32.npz,checkpoints/beijing_168h_12h_station1013_seed2048_center_gru_h32.pt,training_logs/beijing_168h_12h_station1013_seed2048_center_gru_h32.csv,0.46092304587364197,0.678913135735082,0.44001254439353943,50.47021484375,32.710411071777344,44.968143463134766,False,
beijing_168h_12h_station1013_seed2048_center_gru_h40,beijing,168,12,1013,2048,gru,40,center_gru_h40,completed,29,0.8199681043624878,17.00524317899908,0.03675393600133248,test,1,9,5652,5652,5652,predictions/beijing_168h_12h_station1013_seed2048_center_gru_h40.npz,checkpoints/beijing_168h_12h_station1013_seed2048_center_gru_h40.pt,training_logs/beijing_168h_12h_station1013_seed2048_center_gru_h40.csv,0.4624691605567932,0.6800508514492083,0.44150060415267944,50.55479431152344,32.8210334777832,45.1423454284668,False,
beijing_168h_12h_station1013_seed2048_center_gru_h48,beijing,168,12,1013,2048,gru,48,center_gru_h48,completed,29,0.8118407726287842,17.43449900700034,0.03863241399994877,test,1,9,7932,7932,7932,predictions/beijing_168h_12h_station1013_seed2048_center_gru_h48.npz,checkpoints/beijing_168h_12h_station1013_seed2048_center_gru_h48.pt,training_logs/beijing_168h_12h_station1013_seed2048_center_gru_h48.csv,0.4576319456100464,0.6764849928934465,0.4360705018043518,50.289703369140625,32.417362213134766,44.448097229003906,False,
beijing_168h_12h_station1013_seed2048_center_gru_h64,beijing,168,12,1013,2048,gru,64,center_gru_h64,completed,29,0.8099468350410461,24.794349006999255,0.04609850099950563,test,1,9,13644,13644,13644,predictions/beijing_168h_12h_station1013_seed2048_center_gru_h64.npz,checkpoints/beijing_168h_12h_station1013_seed2048_center_gru_h64.pt,training_logs/beijing_168h_12h_station1013_seed2048_center_gru_h64.csv,0.45969200134277344,0.6780059006695838,0.4368375837802887,50.40277099609375,32.47438430786133,44.629966735839844,False,
beijing_168h_12h_station1013_seed2048_center_lstm_h8,beijing,168,12,1013,2048,lstm,8,center_lstm_h8,completed,30,0.9897098541259766,7.896000032000302,0.02447639300044102,test,1,9,460,460,460,predictions/beijing_168h_12h_station1013_seed2048_center_lstm_h8.npz,checkpoints/beijing_168h_12h_station1013_seed2048_center_lstm_h8.pt,training_logs/beijing_168h_12h_station1013_seed2048_center_lstm_h8.csv,0.503241777420044,0.7093953604444027,0.47676005959510803,52.73625183105469,35.44220733642578,48.62696838378906,False,
beijing_168h_12h_station1013_seed2048_center_lstm_h16,beijing,168,12,1013,2048,lstm,16,center_lstm_h16,completed,30,0.8635314702987671,8.241652768998392,0.024724868999328464,test,1,9,1420,1420,1420,predictions/beijing_168h_12h_station1013_seed2048_center_lstm_h16.npz,checkpoints/beijing_168h_12h_station1013_seed2048_center_lstm_h16.pt,training_logs/beijing_168h_12h_station1013_seed2048_center_lstm_h16.csv,0.473493367433548,0.6881085433516634,0.45220091938972473,51.15380096435547,33.61648941040039,45.897438049316406,False,
beijing_168h_12h_station1013_seed2048_center_lstm_h32,beijing,168,12,1013,2048,lstm,32,center_lstm_h32,completed,25,0.8213492035865784,8.925445602999389,0.02467044500008342,test,1,9,4876,4876,4876,predictions/beijing_168h_12h_station1013_seed2048_center_lstm_h32.npz,checkpoints/beijing_168h_12h_station1013_seed2048_center_lstm_h32.pt,training_logs/beijing_168h_12h_station1013_seed2048_center_lstm_h32.csv,0.48763465881347656,0.6983084267094852,0.4602154493331909,51.91205596923828,34.2122917175293,46.64127731323242,False,
beijing_168h_12h_station1013_seed2048_center_lstm_h40,beijing,168,12,1013,2048,lstm,40,center_lstm_h40,completed,29,0.8148547410964966,9.224066823999237,0.0250772710005549,test,1,9,7372,7372,7372,predictions/beijing_168h_12h_station1013_seed2048_center_lstm_h40.npz,checkpoints/beijing_168h_12h_station1013_seed2048_center_lstm_h40.pt,training_logs/beijing_168h_12h_station1013_seed2048_center_lstm_h40.csv,0.507752001285553,0.7125671907164636,0.46458300948143005,52.9720458984375,34.53697204589844,46.95601272583008,False,
beijing_168h_12h_station1013_seed2048_center_lstm_h48,beijing,168,12,1013,2048,lstm,48,center_lstm_h48,completed,24,0.808219313621521,9.388265380999655,0.02514264599994931,test,1,9,10380,10380,10380,predictions/beijing_168h_12h_station1013_seed2048_center_lstm_h48.npz,checkpoints/beijing_168h_12h_station1013_seed2048_center_lstm_h48.pt,training_logs/beijing_168h_12h_station1013_seed2048_center_lstm_h48.csv,0.49536868929862976,0.7038243312777911,0.4655540883541107,52.322105407714844,34.609161376953125,47.34170913696289,False,
beijing_168h_12h_station1013_seed2048_center_lstm_h64,beijing,168,12,1013,2048,lstm,64,center_lstm_h64,completed,16,0.8514602780342102,8.022882946999744,0.0269945430009102,test,1,9,17932,17932,17932,predictions/beijing_168h_12h_station1013_seed2048_center_lstm_h64.npz,checkpoints/beijing_168h_12h_station1013_seed2048_center_lstm_h64.pt,training_logs/beijing_168h_12h_station1013_seed2048_center_lstm_h64.csv,0.48845577239990234,0.698896109876069,0.46095502376556396,51.95574188232422,34.267269134521484,46.444034576416016,False,
beijing_168h_12h_station1013_seed2049_center_gru_h8,beijing,168,12,1013,2049,gru,8,center_gru_h8,completed,30,0.973430871963501,11.462075491999713,0.029951456999697257,test,1,9,372,372,372,predictions/beijing_168h_12h_station1013_seed2049_center_gru_h8.npz,checkpoints/beijing_168h_12h_station1013_seed2049_center_gru_h8.pt,training_logs/beijing_168h_12h_station1013_seed2049_center_gru_h8.csv,0.4978242516517639,0.7055666174442807,0.4715978801250458,52.45162582397461,35.05845642089844,47.532630920410156,False,
beijing_168h_12h_station1013_seed2049_center_gru_h16,beijing,168,12,1013,2049,gru,16,center_gru_h16,completed,30,0.84693443775177,12.268996165999852,0.02994654000031005,test,1,9,1116,1116,1116,predictions/beijing_168h_12h_station1013_seed2049_center_gru_h16.npz,checkpoints/beijing_168h_12h_station1013_seed2049_center_gru_h16.pt,training_logs/beijing_168h_12h_station1013_seed2049_center_gru_h16.csv,0.4684177041053772,0.6844104792486576,0.45051780343055725,50.87888717651367,33.49136734008789,46.18980026245117,False,
beijing_168h_12h_station1013_seed2049_center_gru_h32,beijing,168,12,1013,2049,gru,32,center_gru_h32,completed,30,0.8214258551597595,14.209285029999592,0.03496975999951246,test,1,9,3756,3756,3756,predictions/beijing_168h_12h_station1013_seed2049_center_gru_h32.npz,checkpoints/beijing_168h_12h_station1013_seed2049_center_gru_h32.pt,training_logs/beijing_168h_12h_station1013_seed2049_center_gru_h32.csv,0.4604523479938507,0.678566391736174,0.44029971957206726,50.444435119628906,32.73175811767578,44.914794921875,False,
beijing_168h_12h_station1013_seed2049_center_gru_h40,beijing,168,12,1013,2049,gru,40,center_gru_h40,completed,30,0.8223572373390198,17.009927357999914,0.03622400899985223,test,1,9,5652,5652,5652,predictions/beijing_168h_12h_station1013_seed2049_center_gru_h40.npz,checkpoints/beijing_168h_12h_station1013_seed2049_center_gru_h40.pt,training_logs/beijing_168h_12h_station1013_seed2049_center_gru_h40.csv,0.4614112675189972,0.6792726017726589,0.43930089473724365,50.4969367980957,32.65750503540039,44.83000183105469,False,
beijing_168h_12h_station1013_seed2049_center_gru_h48,beijing,168,12,1013,2049,gru,48,center_gru_h48,completed,30,0.8167120218276978,17.444083831998796,0.03848514600031194,test,1,9,7932,7932,7932,predictions/beijing_168h_12h_station1013_seed2049_center_gru_h48.npz,checkpoints/beijing_168h_12h_station1013_seed2049_center_gru_h48.pt,training_logs/beijing_168h_12h_station1013_seed2049_center_gru_h48.csv,0.4585147202014923,0.6771371502151483,0.4364716708660126,50.33818817138672,32.447181701660156,44.373435974121094,False,
beijing_168h_12h_station1013_seed2049_center_gru_h64,beijing,168,12,1013,2049,gru,64,center_gru_h64,completed,27,0.8096292018890381,24.780313612998725,0.046140290000039386,test,1,9,13644,13644,13644,predictions/beijing_168h_12h_station1013_seed2049_center_gru_h64.npz,checkpoints/beijing_168h_12h_station1013_seed2049_center_gru_h64.pt,training_logs/beijing_168h_12h_station1013_seed2049_center_gru_h64.csv,0.45849892497062683,0.6771254868712496,0.4337705373764038,50.33732223510742,32.24638366699219,44.16511917114258,False,
beijing_168h_12h_station1013_seed2049_center_lstm_h8,beijing,168,12,1013,2049,lstm,8,center_lstm_h8,completed,30,0.9707252979278564,7.916032945999177,0.024798819000352523,test,1,9,460,460,460,predictions/beijing_168h_12h_station1013_seed2049_center_lstm_h8.npz,checkpoints/beijing_168h_12h_station1013_seed2049_center_lstm_h8.pt,training_logs/beijing_168h_12h_station1013_seed2049_center_lstm_h8.csv,0.4966883063316345,0.7047611697104449,0.4731348156929016,52.391746520996094,35.17271041870117,48.048439025878906,False,
beijing_168h_12h_station1013_seed2049_center_lstm_h16,beijing,168,12,1013,2049,lstm,16,center_lstm_h16,completed,30,0.8688191771507263,8.230909250998593,0.024668215999554377,test,1,9,1420,1420,1420,predictions/beijing_168h_12h_station1013_seed2049_center_lstm_h16.npz,checkpoints/beijing_168h_12h_station1013_seed2049_center_lstm_h16.pt,training_logs/beijing_168h_12h_station1013_seed2049_center_lstm_h16.csv,0.47245898842811584,0.6873565220670536,0.45383167266845703,51.097896575927734,33.73772048950195,46.59407043457031,False,
beijing_168h_12h_station1013_seed2049_center_lstm_h32,beijing,168,12,1013,2049,lstm,32,center_lstm_h32,completed,29,0.8223716616630554,8.945894059999773,0.02465383300113899,test,1,9,4876,4876,4876,predictions/beijing_168h_12h_station1013_seed2049_center_lstm_h32.npz,checkpoints/beijing_168h_12h_station1013_seed2049_center_lstm_h32.pt,training_logs/beijing_168h_12h_station1013_seed2049_center_lstm_h32.csv,0.4724256098270416,0.6873322412247527,0.45011261105537415,51.09608840942383,33.461246490478516,45.79508972167969,False,
beijing_168h_12h_station1013_seed2049_center_lstm_h40,beijing,168,12,1013,2049,lstm,40,center_lstm_h40,completed,29,0.8060359358787537,9.223974308999459,0.024976740000056452,test,1,9,7372,7372,7372,predictions/beijing_168h_12h_station1013_seed2049_center_lstm_h40.npz,checkpoints/beijing_168h_12h_station1013_seed2049_center_lstm_h40.pt,training_logs/beijing_168h_12h_station1013_seed2049_center_lstm_h40.csv,0.4775964021682739,0.6910834986948204,0.4497866928577423,51.37495803833008,33.43701934814453,45.77562713623047,False,
beijing_168h_12h_station1013_seed2049_center_lstm_h48,beijing,168,12,1013,2049,lstm,48,center_lstm_h48,completed,21,0.8208843469619751,8.442560283001512,0.025023686001077294,test,1,9,10380,10380,10380,predictions/beijing_168h_12h_station1013_seed2049_center_lstm_h48.npz,checkpoints/beijing_168h_12h_station1013_seed2049_center_lstm_h48.pt,training_logs/beijing_168h_12h_station1013_seed2049_center_lstm_h48.csv,0.49219080805778503,0.7015631176578377,0.4562593400478363,52.15400695800781,33.91819381713867,45.54951858520508,False,
beijing_168h_12h_station1013_seed2049_center_lstm_h64,beijing,168,12,1013,2049,lstm,64,center_lstm_h64,completed,16,0.8241851925849915,8.025897678000547,0.026876199000980705,test,1,9,17932,17932,17932,predictions/beijing_168h_12h_station1013_seed2049_center_lstm_h64.npz,checkpoints/beijing_168h_12h_station1013_seed2049_center_lstm_h64.pt,training_logs/beijing_168h_12h_station1013_seed2049_center_lstm_h64.csv,0.49591174721717834,0.7042100164135543,0.46689024567604065,52.35077667236328,34.708492279052734,47.45724105834961,False,
beijing_168h_24h_station1013_seed2047_center_gru_h8,beijing,168,24,1013,2047,gru,8,center_gru_h8,completed,30,1.287514090538025,11.463879708000604,0.030135937000522972,test,1,9,480,480,480,predictions/beijing_168h_24h_station1013_seed2047_center_gru_h8.npz,checkpoints/beijing_168h_24h_station1013_seed2047_center_gru_h8.pt,training_logs/beijing_168h_24h_station1013_seed2047_center_gru_h8.csv,0.6645752787590027,0.8152148666204528,0.5740599036216736,60.63669204711914,42.699283599853516,56.382423400878906,False,
beijing_168h_24h_station1013_seed2047_center_gru_h16,beijing,168,24,1013,2047,gru,16,center_gru_h16,completed,29,1.2436158657073975,12.266637093998725,0.02984466299858468,test,1,9,1320,1320,1320,predictions/beijing_168h_24h_station1013_seed2047_center_gru_h16.npz,checkpoints/beijing_168h_24h_station1013_seed2047_center_gru_h16.pt,training_logs/beijing_168h_24h_station1013_seed2047_center_gru_h16.csv,0.6571634411811829,0.8106561793887609,0.5682368874549866,60.297607421875,42.26615905761719,55.63414001464844,False,
beijing_168h_24h_station1013_seed2047_center_gru_h32,beijing,168,24,1013,2047,gru,32,center_gru_h32,completed,28,1.2274571657180786,14.231891669998731,0.03458675399997446,test,1,9,4152,4152,4152,predictions/beijing_168h_24h_station1013_seed2047_center_gru_h32.npz,checkpoints/beijing_168h_24h_station1013_seed2047_center_gru_h32.pt,training_logs/beijing_168h_24h_station1013_seed2047_center_gru_h32.csv,0.6541182398796082,0.8087757661302718,0.5639507174491882,60.157737731933594,41.94735336303711,55.21159744262695,False,
beijing_168h_24h_station1013_seed2047_center_gru_h40,beijing,168,24,1013,2047,gru,40,center_gru_h40,completed,25,1.2271429300308228,17.012976680000065,0.03611542199905671,test,1,9,6144,6144,6144,predictions/beijing_168h_24h_station1013_seed2047_center_gru_h40.npz,checkpoints/beijing_168h_24h_station1013_seed2047_center_gru_h40.pt,training_logs/beijing_168h_24h_station1013_seed2047_center_gru_h40.csv,0.6544616222381592,0.8089880235443286,0.5648563504219055,60.173526763916016,42.014705657958984,55.352455139160156,False,
beijing_168h_24h_station1013_seed2047_center_gru_h48,beijing,168,24,1013,2047,gru,48,center_gru_h48,completed,22,1.2201168537139893,16.28520185399975,0.03832068900010199,test,1,9,8520,8520,8520,predictions/beijing_168h_24h_station1013_seed2047_center_gru_h48.npz,checkpoints/beijing_168h_24h_station1013_seed2047_center_gru_h48.pt,training_logs/beijing_168h_24h_station1013_seed2047_center_gru_h48.csv,0.6538997888565063,0.8086407044271926,0.5699486136436462,60.1476936340332,42.39347457885742,56.00393295288086,False,
beijing_168h_24h_station1013_seed2047_center_gru_h64,beijing,168,24,1013,2047,gru,64,center_gru_h64,completed,22,1.2188094854354858,23.15097491400047,0.0461327210014133,test,1,9,14424,14424,14424,predictions/beijing_168h_24h_station1013_seed2047_center_gru_h64.npz,checkpoints/beijing_168h_24h_station1013_seed2047_center_gru_h64.pt,training_logs/beijing_168h_24h_station1013_seed2047_center_gru_h64.csv,0.651482880115509,0.8071448941271382,0.5680891871452332,60.03643798828125,42.25517272949219,55.8955192565918,False,
beijing_168h_24h_station1013_seed2047_center_lstm_h8,beijing,168,24,1013,2047,lstm,8,center_lstm_h8,completed,30,1.3499823808670044,7.864983809000478,0.024752143001023796,test,1,9,568,568,568,predictions/beijing_168h_24h_station1013_seed2047_center_lstm_h8.npz,checkpoints/beijing_168h_24h_station1013_seed2047_center_lstm_h8.pt,training_logs/beijing_168h_24h_station1013_seed2047_center_lstm_h8.csv,0.6884065866470337,0.829702709798536,0.5930508971214294,61.71431350708008,44.11186218261719,58.29172134399414,False,
beijing_168h_24h_station1013_seed2047_center_lstm_h16,beijing,168,24,1013,2047,lstm,16,center_lstm_h16,completed,30,1.2335212230682373,9.476865791999444,0.02483276000020851,test,1,9,1624,1624,1624,predictions/beijing_168h_24h_station1013_seed2047_center_lstm_h16.npz,checkpoints/beijing_168h_24h_station1013_seed2047_center_lstm_h16.pt,training_logs/beijing_168h_24h_station1013_seed2047_center_lstm_h16.csv,0.682848334312439,0.8263463767164705,0.5809862017631531,61.46466064453125,43.21446990966797,56.779300689697266,False,
beijing_168h_24h_station1013_seed2047_center_lstm_h32,beijing,168,24,1013,2047,lstm,32,center_lstm_h32,completed,30,1.1931523084640503,10.145790222999494,0.024850636998962727,test,1,9,5272,5272,5272,predictions/beijing_168h_24h_station1013_seed2047_center_lstm_h32.npz,checkpoints/beijing_168h_24h_station1013_seed2047_center_lstm_h32.pt,training_logs/beijing_168h_24h_station1013_seed2047_center_lstm_h32.csv,0.705302357673645,0.8398228132610146,0.6076685786247253,62.46705627441406,45.19914245605469,58.73552703857422,False,
beijing_168h_24h_station1013_seed2047_center_lstm_h40,beijing,168,24,1013,2047,lstm,40,center_lstm_h40,completed,17,1.25253427028656,8.798729390000517,0.5154629819990078,test,1,9,7864,7864,7864,predictions/beijing_168h_24h_station1013_seed2047_center_lstm_h40.npz,checkpoints/beijing_168h_24h_station1013_seed2047_center_lstm_h40.pt,training_logs/beijing_168h_24h_station1013_seed2047_center_lstm_h40.csv,0.6816022396087646,0.8255920539883875,0.5759549140930176,61.40855407714844,42.840232849121094,56.22617721557617,False,
beijing_168h_24h_station1013_seed2047_center_lstm_h48,beijing,168,24,1013,2047,lstm,48,center_lstm_h48,completed,17,1.2162508964538574,7.184843535000255,0.025156890000289422,test,1,9,10968,10968,10968,predictions/beijing_168h_24h_station1013_seed2047_center_lstm_h48.npz,checkpoints/beijing_168h_24h_station1013_seed2047_center_lstm_h48.pt,training_logs/beijing_168h_24h_station1013_seed2047_center_lstm_h48.csv,0.6944788694381714,0.8333539880735985,0.5713702440261841,61.98590087890625,42.49922180175781,55.531734466552734,False,
beijing_168h_24h_station1013_seed2047_center_lstm_h64,beijing,168,24,1013,2047,lstm,64,center_lstm_h64,completed,16,1.1598976850509644,8.020376955000756,0.027121720000650384,test,1,9,18712,18712,18712,predictions/beijing_168h_24h_station1013_seed2047_center_lstm_h64.npz,checkpoints/beijing_168h_24h_station1013_seed2047_center_lstm_h64.pt,training_logs/beijing_168h_24h_station1013_seed2047_center_lstm_h64.csv,0.6576173305511475,0.8109360829012034,0.5742939114570618,60.31842803955078,42.7166862487793,56.49095153808594,False,
beijing_168h_24h_station1013_seed2048_center_gru_h8,beijing,168,24,1013,2048,gru,8,center_gru_h8,completed,30,1.3038967847824097,11.481171999999788,0.03014710599927639,test,1,9,480,480,480,predictions/beijing_168h_24h_station1013_seed2048_center_gru_h8.npz,checkpoints/beijing_168h_24h_station1013_seed2048_center_gru_h8.pt,training_logs/beijing_168h_24h_station1013_seed2048_center_gru_h8.csv,0.670570969581604,0.8188839780955566,0.5782302021980286,60.90959930419922,43.00947570800781,56.43791580200195,False,
beijing_168h_24h_station1013_seed2048_center_gru_h16,beijing,168,24,1013,2048,gru,16,center_gru_h16,completed,30,1.2451690435409546,12.262879784999313,0.02973907299929124,test,1,9,1320,1320,1320,predictions/beijing_168h_24h_station1013_seed2048_center_gru_h16.npz,checkpoints/beijing_168h_24h_station1013_seed2048_center_gru_h16.pt,training_logs/beijing_168h_24h_station1013_seed2048_center_gru_h16.csv,0.6608835458755493,0.8129474434891528,0.5696527361869812,60.46803665161133,42.37146759033203,55.74378967285156,False,
beijing_168h_24h_station1013_seed2048_center_gru_h32,beijing,168,24,1013,2048,gru,32,center_gru_h32,completed,30,1.2293692827224731,14.218795168000725,0.034950856999785174,test,1,9,4152,4152,4152,predictions/beijing_168h_24h_station1013_seed2048_center_gru_h32.npz,checkpoints/beijing_168h_24h_station1013_seed2048_center_gru_h32.pt,training_logs/beijing_168h_24h_station1013_seed2048_center_gru_h32.csv,0.6518814563751221,0.8073917613990882,0.5630007982254028,60.05479049682617,41.87669372558594,55.118072509765625,False,
beijing_168h_24h_station1013_seed2048_center_gru_h40,beijing,168,24,1013,2048,gru,40,center_gru_h40,completed,30,1.2270251512527466,16.977550730000075,0.036589883000488044,test,1,9,6144,6144,6144,predictions/beijing_168h_24h_station1013_seed2048_center_gru_h40.npz,checkpoints/beijing_168h_24h_station1013_seed2048_center_gru_h40.pt,training_logs/beijing_168h_24h_station1013_seed2048_center_gru_h40.csv,0.6502912640571594,0.8064063888990212,0.5624411106109619,59.981502532958984,41.83506774902344,55.11445236206055,False,
beijing_168h_24h_station1013_seed2048_center_gru_h48,beijing,168,24,1013,2048,gru,48,center_gru_h48,completed,30,1.2247751951217651,17.41892019199986,0.03844958899935591,test,1,9,8520,8520,8520,predictions/beijing_168h_24h_station1013_seed2048_center_gru_h48.npz,checkpoints/beijing_168h_24h_station1013_seed2048_center_gru_h48.pt,training_logs/beijing_168h_24h_station1013_seed2048_center_gru_h48.csv,0.6474496126174927,0.8046425371663448,0.5614919066429138,59.85030746459961,41.764461517333984,55.21403121948242,False,
beijing_168h_24h_station1013_seed2048_center_gru_h64,beijing,168,24,1013,2048,gru,64,center_gru_h64,completed,21,1.2269201278686523,22.29640338900026,0.04623883400017803,test,1,9,14424,14424,14424,predictions/beijing_168h_24h_station1013_seed2048_center_gru_h64.npz,checkpoints/beijing_168h_24h_station1013_seed2048_center_gru_h64.pt,training_logs/beijing_168h_24h_station1013_seed2048_center_gru_h64.csv,0.6521244645118713,0.8075422369832251,0.5625324249267578,60.06599044799805,41.841861724853516,55.073909759521484,False,
beijing_168h_24h_station1013_seed2048_center_lstm_h8,beijing,168,24,1013,2048,lstm,8,center_lstm_h8,completed,30,1.3127546310424805,7.886426478999056,0.024653446998854633,test,1,9,568,568,568,predictions/beijing_168h_24h_station1013_seed2048_center_lstm_h8.npz,checkpoints/beijing_168h_24h_station1013_seed2048_center_lstm_h8.pt,training_logs/beijing_168h_24h_station1013_seed2048_center_lstm_h8.csv,0.6754032969474792,0.8218292383138235,0.5833568572998047,61.1286735534668,43.39080047607422,57.37660598754883,False,
beijing_168h_24h_station1013_seed2048_center_lstm_h16,beijing,168,24,1013,2048,lstm,16,center_lstm_h16,completed,30,1.2459346055984497,8.207227655000679,0.024756975999480346,test,1,9,1624,1624,1624,predictions/beijing_168h_24h_station1013_seed2048_center_lstm_h16.npz,checkpoints/beijing_168h_24h_station1013_seed2048_center_lstm_h16.pt,training_logs/beijing_168h_24h_station1013_seed2048_center_lstm_h16.csv,0.6613680124282837,0.8132453580736159,0.5695330500602722,60.49018859863281,42.36256408691406,55.82887649536133,False,
beijing_168h_24h_station1013_seed2048_center_lstm_h32,beijing,168,24,1013,2048,lstm,32,center_lstm_h32,completed,20,1.229628562927246,7.703060779000225,0.024715183000807883,test,1,9,5272,5272,5272,predictions/beijing_168h_24h_station1013_seed2048_center_lstm_h32.npz,checkpoints/beijing_168h_24h_station1013_seed2048_center_lstm_h32.pt,training_logs/beijing_168h_24h_station1013_seed2048_center_lstm_h32.csv,0.6576919555664062,0.8109820932464578,0.5695608258247375,60.32184600830078,42.36463165283203,56.137168884277344,False,
beijing_168h_24h_station1013_seed2048_center_lstm_h40,beijing,168,24,1013,2048,lstm,40,center_lstm_h40,completed,25,1.2071775197982788,9.191707359999782,0.0250246799987508,test,1,9,7864,7864,7864,predictions/beijing_168h_24h_station1013_seed2048_center_lstm_h40.npz,checkpoints/beijing_168h_24h_station1013_seed2048_center_lstm_h40.pt,training_logs/beijing_168h_24h_station1013_seed2048_center_lstm_h40.csv,0.6834101676940918,0.8266862571097283,0.5694245100021362,61.48994445800781,42.354496002197266,56.17265701293945,False,
beijing_168h_24h_station1013_seed2048_center_lstm_h48,beijing,168,24,1013,2048,lstm,48,center_lstm_h48,completed,19,1.12370765209198,7.804295253999953,0.024864550001439056,test,1,9,10968,10968,10968,predictions/beijing_168h_24h_station1013_seed2048_center_lstm_h48.npz,checkpoints/beijing_168h_24h_station1013_seed2048_center_lstm_h48.pt,training_logs/beijing_168h_24h_station1013_seed2048_center_lstm_h48.csv,0.6982157826423645,0.8355930723996965,0.5817694067955017,62.152442932128906,43.272727966308594,56.19318389892578,False,
beijing_168h_24h_station1013_seed2048_center_lstm_h64,beijing,168,24,1013,2048,lstm,64,center_lstm_h64,completed,17,1.116041898727417,8.38032097299947,0.02707417700003134,test,1,9,18712,18712,18712,predictions/beijing_168h_24h_station1013_seed2048_center_lstm_h64.npz,checkpoints/beijing_168h_24h_station1013_seed2048_center_lstm_h64.pt,training_logs/beijing_168h_24h_station1013_seed2048_center_lstm_h64.csv,0.6543700695037842,0.8089314368373776,0.5591877102851868,60.169315338134766,41.59307098388672,55.542362213134766,False,
beijing_168h_24h_station1013_seed2049_center_gru_h8,beijing,168,24,1013,2049,gru,8,center_gru_h8,completed,30,1.2928314208984375,11.424482675000036,0.030018667999684112,test,1,9,480,480,480,predictions/beijing_168h_24h_station1013_seed2049_center_gru_h8.npz,checkpoints/beijing_168h_24h_station1013_seed2049_center_gru_h8.pt,training_logs/beijing_168h_24h_station1013_seed2049_center_gru_h8.csv,0.6678177118301392,0.8172011452697182,0.5764520168304443,60.784427642822266,42.87720489501953,56.494361877441406,False,
beijing_168h_24h_station1013_seed2049_center_gru_h16,beijing,168,24,1013,2049,gru,16,center_gru_h16,completed,30,1.2411249876022339,12.254213285999867,0.030164394000166794,test,1,9,1320,1320,1320,predictions/beijing_168h_24h_station1013_seed2049_center_gru_h16.npz,checkpoints/beijing_168h_24h_station1013_seed2049_center_gru_h16.pt,training_logs/beijing_168h_24h_station1013_seed2049_center_gru_h16.csv,0.6583322882652283,0.8113767856336711,0.5680028796195984,60.3512077331543,42.248748779296875,55.5702018737793,False,
beijing_168h_24h_station1013_seed2049_center_gru_h32,beijing,168,24,1013,2049,gru,32,center_gru_h32,completed,28,1.2267743349075317,14.208521696999014,0.034903955000118,test,1,9,4152,4152,4152,predictions/beijing_168h_24h_station1013_seed2049_center_gru_h32.npz,checkpoints/beijing_168h_24h_station1013_seed2049_center_gru_h32.pt,training_logs/beijing_168h_24h_station1013_seed2049_center_gru_h32.csv,0.6523093581199646,0.8076567080882598,0.5631352663040161,60.07450485229492,41.88669967651367,55.203975677490234,False,
beijing_168h_24h_station1013_seed2049_center_gru_h40,beijing,168,24,1013,2049,gru,40,center_gru_h40,completed,28,1.222996473312378,16.9663947680001,0.03617950300031225,test,1,9,6144,6144,6144,predictions/beijing_168h_24h_station1013_seed2049_center_gru_h40.npz,checkpoints/beijing_168h_24h_station1013_seed2049_center_gru_h40.pt,training_logs/beijing_168h_24h_station1013_seed2049_center_gru_h40.csv,0.6511147022247314,0.8069167876706566,0.5628683567047119,60.019466400146484,41.866844177246094,55.11796569824219,False,
beijing_168h_24h_station1013_seed2049_center_gru_h48,beijing,168,24,1013,2049,gru,48,center_gru_h48,completed,28,1.2206798791885376,17.42158957799984,0.03803874799996265,test,1,9,8520,8520,8520,predictions/beijing_168h_24h_station1013_seed2049_center_gru_h48.npz,checkpoints/beijing_168h_24h_station1013_seed2049_center_gru_h48.pt,training_logs/beijing_168h_24h_station1013_seed2049_center_gru_h48.csv,0.6482374668121338,0.8051319561488873,0.5616125464439392,59.8867073059082,41.7734375,55.17803955078125,False,
beijing_168h_24h_station1013_seed2049_center_gru_h64,beijing,168,24,1013,2049,gru,64,center_gru_h64,completed,30,1.218189001083374,24.787042101001134,0.046286463000797085,test,1,9,14424,14424,14424,predictions/beijing_168h_24h_station1013_seed2049_center_gru_h64.npz,checkpoints/beijing_168h_24h_station1013_seed2049_center_gru_h64.pt,training_logs/beijing_168h_24h_station1013_seed2049_center_gru_h64.csv,0.6480370759963989,0.805007500583938,0.5626504421234131,59.877445220947266,41.85062789916992,55.39567947387695,False,
beijing_168h_24h_station1013_seed2049_center_lstm_h8,beijing,168,24,1013,2049,lstm,8,center_lstm_h8,completed,30,1.3333897590637207,7.866540752998844,0.024728719999984605,test,1,9,568,568,568,predictions/beijing_168h_24h_station1013_seed2049_center_lstm_h8.npz,checkpoints/beijing_168h_24h_station1013_seed2049_center_lstm_h8.pt,training_logs/beijing_168h_24h_station1013_seed2049_center_lstm_h8.csv,0.6796654462814331,0.8244182471788413,0.5845446586608887,61.32124328613281,43.47915267944336,57.3369026184082,False,
beijing_168h_24h_station1013_seed2049_center_lstm_h16,beijing,168,24,1013,2049,lstm,16,center_lstm_h16,completed,30,1.2459361553192139,8.1892458659986,0.024401710999882198,test,1,9,1624,1624,1624,predictions/beijing_168h_24h_station1013_seed2049_center_lstm_h16.npz,checkpoints/beijing_168h_24h_station1013_seed2049_center_lstm_h16.pt,training_logs/beijing_168h_24h_station1013_seed2049_center_lstm_h16.csv,0.6669204235076904,0.8166519598382719,0.5742746591567993,60.74358367919922,42.71525955200195,56.4156608581543,False,
beijing_168h_24h_station1013_seed2049_center_lstm_h32,beijing,168,24,1013,2049,lstm,32,center_lstm_h32,completed,20,1.207908034324646,7.7061774659996445,0.024636048001411837,test,1,9,5272,5272,5272,predictions/beijing_168h_24h_station1013_seed2049_center_lstm_h32.npz,checkpoints/beijing_168h_24h_station1013_seed2049_center_lstm_h32.pt,training_logs/beijing_168h_24h_station1013_seed2049_center_lstm_h32.csv,0.6823058128356934,0.8260180463135738,0.5734868049621582,61.44023895263672,42.65665817260742,56.332801818847656,False,
beijing_168h_24h_station1013_seed2049_center_lstm_h40,beijing,168,24,1013,2049,lstm,40,center_lstm_h40,completed,20,1.211944341659546,7.97581110200008,0.025094774999161018,test,1,9,7864,7864,7864,predictions/beijing_168h_24h_station1013_seed2049_center_lstm_h40.npz,checkpoints/beijing_168h_24h_station1013_seed2049_center_lstm_h40.pt,training_logs/beijing_168h_24h_station1013_seed2049_center_lstm_h40.csv,0.675066351890564,0.821624215740118,0.5741571187973022,61.11342239379883,42.70652389526367,56.539798736572266,False,
beijing_168h_24h_station1013_seed2049_center_lstm_h48,beijing,168,24,1013,2049,lstm,48,center_lstm_h48,completed,24,1.1515244245529175,9.336689498999476,0.02511832299933303,test,1,9,10968,10968,10968,predictions/beijing_168h_24h_station1013_seed2049_center_lstm_h48.npz,checkpoints/beijing_168h_24h_station1013_seed2049_center_lstm_h48.pt,training_logs/beijing_168h_24h_station1013_seed2049_center_lstm_h48.csv,0.7474811673164368,0.8645699319988157,0.6026794910430908,64.30777740478516,44.828041076660156,57.47445297241211,False,
beijing_168h_24h_station1013_seed2049_center_lstm_h64,beijing,168,24,1013,2049,lstm,64,center_lstm_h64,completed,14,1.2176622152328491,7.312561726999775,0.026794972000061534,test,1,9,18712,18712,18712,predictions/beijing_168h_24h_station1013_seed2049_center_lstm_h64.npz,checkpoints/beijing_168h_24h_station1013_seed2049_center_lstm_h64.pt,training_logs/beijing_168h_24h_station1013_seed2049_center_lstm_h64.csv,0.680644690990448,0.8250119338472917,0.5724606513977051,61.36540603637695,42.58032989501953,55.76416778564453,False,
