source_file,arm,reason,input_channels,count
/home/hansel/Documents/ITProject/Python/PatchTST/experiments/results/baselines/beijing/168h_12h/raw_metrics.csv,trad_spatial_linear,excluded_non_single_station_input,18,1
/home/hansel/Documents/ITProject/Python/PatchTST/experiments/results/baselines/beijing/168h_12h/raw_metrics.csv,plain_mix_patchtst_all,not_registered_single_station_arm,18,1
/home/hansel/Documents/ITProject/Python/PatchTST/experiments/results/baselines/beijing/168h_12h/raw_metrics.csv,plain_mix_patchtst_all,not_registered_single_station_arm,18,1
/home/hansel/Documents/ITProject/Python/PatchTST/experiments/results/baselines/beijing/168h_12h/raw_metrics.csv,plain_mix_patchtst_all,not_registered_single_station_arm,18,1
/home/hansel/Documents/ITProject/Python/PatchTST/experiments/results/baselines/beijing/168h_12h/raw_metrics.csv,plain_mix_patchtst_top5,not_registered_single_station_arm,6,1
/home/hansel/Documents/ITProject/Python/PatchTST/experiments/results/baselines/beijing/168h_12h/raw_metrics.csv,plain_mix_patchtst_top5,not_registered_single_station_arm,6,1
/home/hansel/Documents/ITProject/Python/PatchTST/experiments/results/baselines/beijing/168h_12h/raw_metrics.csv,plain_mix_patchtst_top5,not_registered_single_station_arm,6,1
/home/hansel/Documents/ITProject/Python/PatchTST/experiments/results/baselines/beijing/168h_12h/raw_metrics.csv,patchtst_ci_top5,not_registered_single_station_arm,6,1
/home/hansel/Documents/ITProject/Python/PatchTST/experiments/results/baselines/beijing/168h_12h/raw_metrics.csv,patchtst_ci_top5,not_registered_single_station_arm,6,1
/home/hansel/Documents/ITProject/Python/PatchTST/experiments/results/baselines/beijing/168h_12h/raw_metrics.csv,patchtst_ci_top5,not_registered_single_station_arm,6,1
/home/hansel/Documents/ITProject/Python/PatchTST/experiments/results/baselines/beijing/168h_12h/raw_metrics.csv,multi_gru,not_registered_single_station_arm,18,1
/home/hansel/Documents/ITProject/Python/PatchTST/experiments/results/baselines/beijing/168h_12h/raw_metrics.csv,multi_gru,not_registered_single_station_arm,18,1
/home/hansel/Documents/ITProject/Python/PatchTST/experiments/results/baselines/beijing/168h_12h/raw_metrics.csv,multi_gru,not_registered_single_station_arm,18,1
/home/hansel/Documents/ITProject/Python/PatchTST/experiments/results/baselines/beijing/168h_1h/raw_metrics.csv,trad_spatial_linear,excluded_non_single_station_input,18,1
/home/hansel/Documents/ITProject/Python/PatchTST/experiments/results/baselines/beijing/168h_1h/raw_metrics.csv,plain_mix_patchtst_all,not_registered_single_station_arm,18,1
/home/hansel/Documents/ITProject/Python/PatchTST/experiments/results/baselines/beijing/168h_1h/raw_metrics.csv,plain_mix_patchtst_all,not_registered_single_station_arm,18,1
/home/hansel/Documents/ITProject/Python/PatchTST/experiments/results/baselines/beijing/168h_1h/raw_metrics.csv,plain_mix_patchtst_all,not_registered_single_station_arm,18,1
/home/hansel/Documents/ITProject/Python/PatchTST/experiments/results/baselines/beijing/168h_1h/raw_metrics.csv,plain_mix_patchtst_top5,not_registered_single_station_arm,6,1
/home/hansel/Documents/ITProject/Python/PatchTST/experiments/results/baselines/beijing/168h_1h/raw_metrics.csv,plain_mix_patchtst_top5,not_registered_single_station_arm,6,1
/home/hansel/Documents/ITProject/Python/PatchTST/experiments/results/baselines/beijing/168h_1h/raw_metrics.csv,plain_mix_patchtst_top5,not_registered_single_station_arm,6,1
/home/hansel/Documents/ITProject/Python/PatchTST/experiments/results/baselines/beijing/168h_1h/raw_metrics.csv,patchtst_ci_all,not_registered_single_station_arm,18,1
/home/hansel/Documents/ITProject/Python/PatchTST/experiments/results/baselines/beijing/168h_1h/raw_metrics.csv,patchtst_ci_all,not_registered_single_station_arm,18,1
/home/hansel/Documents/ITProject/Python/PatchTST/experiments/results/baselines/beijing/168h_1h/raw_metrics.csv,patchtst_ci_all,not_registered_single_station_arm,18,1
/home/hansel/Documents/ITProject/Python/PatchTST/experiments/results/baselines/beijing/168h_1h/raw_metrics.csv,patchtst_ci_top5,not_registered_single_station_arm,6,1
/home/hansel/Documents/ITProject/Python/PatchTST/experiments/results/baselines/beijing/168h_1h/raw_metrics.csv,patchtst_ci_top5,not_registered_single_station_arm,6,1
/home/hansel/Documents/ITProject/Python/PatchTST/experiments/results/baselines/beijing/168h_1h/raw_metrics.csv,patchtst_ci_top5,not_registered_single_station_arm,6,1
/home/hansel/Documents/ITProject/Python/PatchTST/experiments/results/baselines/beijing/168h_1h/raw_metrics.csv,multi_gru,not_registered_single_station_arm,18,1
/home/hansel/Documents/ITProject/Python/PatchTST/experiments/results/baselines/beijing/168h_1h/raw_metrics.csv,multi_gru,not_registered_single_station_arm,18,1
/home/hansel/Documents/ITProject/Python/PatchTST/experiments/results/baselines/beijing/168h_1h/raw_metrics.csv,multi_gru,not_registered_single_station_arm,18,1
/home/hansel/Documents/ITProject/Python/PatchTST/experiments/results/baselines/beijing/168h_24h/raw_metrics.csv,trad_spatial_linear,excluded_non_single_station_input,18,1
/home/hansel/Documents/ITProject/Python/PatchTST/experiments/results/baselines/beijing/168h_24h/raw_metrics.csv,plain_mix_patchtst_all,not_registered_single_station_arm,18,1
/home/hansel/Documents/ITProject/Python/PatchTST/experiments/results/baselines/beijing/168h_24h/raw_metrics.csv,plain_mix_patchtst_all,not_registered_single_station_arm,18,1
/home/hansel/Documents/ITProject/Python/PatchTST/experiments/results/baselines/beijing/168h_24h/raw_metrics.csv,plain_mix_patchtst_all,not_registered_single_station_arm,18,1
/home/hansel/Documents/ITProject/Python/PatchTST/experiments/results/baselines/beijing/168h_24h/raw_metrics.csv,plain_mix_patchtst_top5,not_registered_single_station_arm,6,1
/home/hansel/Documents/ITProject/Python/PatchTST/experiments/results/baselines/beijing/168h_24h/raw_metrics.csv,plain_mix_patchtst_top5,not_registered_single_station_arm,6,1
/home/hansel/Documents/ITProject/Python/PatchTST/experiments/results/baselines/beijing/168h_24h/raw_metrics.csv,plain_mix_patchtst_top5,not_registered_single_station_arm,6,1
/home/hansel/Documents/ITProject/Python/PatchTST/experiments/results/baselines/beijing/168h_24h/raw_metrics.csv,patchtst_ci_top5,not_registered_single_station_arm,6,1
/home/hansel/Documents/ITProject/Python/PatchTST/experiments/results/baselines/beijing/168h_24h/raw_metrics.csv,patchtst_ci_top5,not_registered_single_station_arm,6,1
/home/hansel/Documents/ITProject/Python/PatchTST/experiments/results/baselines/beijing/168h_24h/raw_metrics.csv,patchtst_ci_top5,not_registered_single_station_arm,6,1
/home/hansel/Documents/ITProject/Python/PatchTST/experiments/results/baselines/beijing/168h_24h/raw_metrics.csv,multi_gru,not_registered_single_station_arm,18,1
/home/hansel/Documents/ITProject/Python/PatchTST/experiments/results/baselines/beijing/168h_24h/raw_metrics.csv,multi_gru,not_registered_single_station_arm,18,1
/home/hansel/Documents/ITProject/Python/PatchTST/experiments/results/baselines/beijing/168h_24h/raw_metrics.csv,multi_gru,not_registered_single_station_arm,18,1
/home/hansel/Documents/ITProject/Python/PatchTST/experiments/results/baselines/beijing/168h_3h/raw_metrics.csv,trad_spatial_linear,excluded_non_single_station_input,18,1
/home/hansel/Documents/ITProject/Python/PatchTST/experiments/results/baselines/beijing/168h_3h/raw_metrics.csv,plain_mix_patchtst_all,not_registered_single_station_arm,18,1
/home/hansel/Documents/ITProject/Python/PatchTST/experiments/results/baselines/beijing/168h_3h/raw_metrics.csv,plain_mix_patchtst_all,not_registered_single_station_arm,18,1
/home/hansel/Documents/ITProject/Python/PatchTST/experiments/results/baselines/beijing/168h_3h/raw_metrics.csv,plain_mix_patchtst_all,not_registered_single_station_arm,18,1
/home/hansel/Documents/ITProject/Python/PatchTST/experiments/results/baselines/beijing/168h_3h/raw_metrics.csv,plain_mix_patchtst_top5,not_registered_single_station_arm,6,1
/home/hansel/Documents/ITProject/Python/PatchTST/experiments/results/baselines/beijing/168h_3h/raw_metrics.csv,plain_mix_patchtst_top5,not_registered_single_station_arm,6,1
/home/hansel/Documents/ITProject/Python/PatchTST/experiments/results/baselines/beijing/168h_3h/raw_metrics.csv,plain_mix_patchtst_top5,not_registered_single_station_arm,6,1
/home/hansel/Documents/ITProject/Python/PatchTST/experiments/results/baselines/beijing/168h_3h/raw_metrics.csv,patchtst_ci_all,not_registered_single_station_arm,18,1
/home/hansel/Documents/ITProject/Python/PatchTST/experiments/results/baselines/beijing/168h_3h/raw_metrics.csv,patchtst_ci_all,not_registered_single_station_arm,18,1
/home/hansel/Documents/ITProject/Python/PatchTST/experiments/results/baselines/beijing/168h_3h/raw_metrics.csv,patchtst_ci_top5,not_registered_single_station_arm,6,1
/home/hansel/Documents/ITProject/Python/PatchTST/experiments/results/baselines/beijing/168h_3h/raw_metrics.csv,patchtst_ci_top5,not_registered_single_station_arm,6,1
/home/hansel/Documents/ITProject/Python/PatchTST/experiments/results/baselines/beijing/168h_3h/raw_metrics.csv,patchtst_ci_top5,not_registered_single_station_arm,6,1
/home/hansel/Documents/ITProject/Python/PatchTST/experiments/results/baselines/beijing/168h_3h/raw_metrics.csv,multi_gru,not_registered_single_station_arm,18,1
/home/hansel/Documents/ITProject/Python/PatchTST/experiments/results/baselines/beijing/168h_3h/raw_metrics.csv,multi_gru,not_registered_single_station_arm,18,1
/home/hansel/Documents/ITProject/Python/PatchTST/experiments/results/baselines/beijing/168h_3h/raw_metrics.csv,multi_gru,not_registered_single_station_arm,18,1
/home/hansel/Documents/ITProject/Python/PatchTST/experiments/results/baselines/beijing/168h_6h/raw_metrics.csv,trad_spatial_linear,excluded_non_single_station_input,18,1
/home/hansel/Documents/ITProject/Python/PatchTST/experiments/results/baselines/beijing/168h_6h/raw_metrics.csv,plain_mix_patchtst_all,not_registered_single_station_arm,18,1
/home/hansel/Documents/ITProject/Python/PatchTST/experiments/results/baselines/beijing/168h_6h/raw_metrics.csv,plain_mix_patchtst_all,not_registered_single_station_arm,18,1
/home/hansel/Documents/ITProject/Python/PatchTST/experiments/results/baselines/beijing/168h_6h/raw_metrics.csv,plain_mix_patchtst_all,not_registered_single_station_arm,18,1
/home/hansel/Documents/ITProject/Python/PatchTST/experiments/results/baselines/beijing/168h_6h/raw_metrics.csv,plain_mix_patchtst_all,not_registered_single_station_arm,18,1
/home/hansel/Documents/ITProject/Python/PatchTST/experiments/results/baselines/beijing/168h_6h/raw_metrics.csv,plain_mix_patchtst_all,not_registered_single_station_arm,18,1
/home/hansel/Documents/ITProject/Python/PatchTST/experiments/results/baselines/beijing/168h_6h/raw_metrics.csv,plain_mix_patchtst_top5,not_registered_single_station_arm,6,1
/home/hansel/Documents/ITProject/Python/PatchTST/experiments/results/baselines/beijing/168h_6h/raw_metrics.csv,plain_mix_patchtst_top5,not_registered_single_station_arm,6,1
/home/hansel/Documents/ITProject/Python/PatchTST/experiments/results/baselines/beijing/168h_6h/raw_metrics.csv,plain_mix_patchtst_top5,not_registered_single_station_arm,6,1
/home/hansel/Documents/ITProject/Python/PatchTST/experiments/results/baselines/beijing/168h_6h/raw_metrics.csv,plain_mix_patchtst_top5,not_registered_single_station_arm,6,1
/home/hansel/Documents/ITProject/Python/PatchTST/experiments/results/baselines/beijing/168h_6h/raw_metrics.csv,plain_mix_patchtst_top5,not_registered_single_station_arm,6,1
/home/hansel/Documents/ITProject/Python/PatchTST/experiments/results/baselines/beijing/168h_6h/raw_metrics.csv,patchtst_ci_top5,not_registered_single_station_arm,6,1
/home/hansel/Documents/ITProject/Python/PatchTST/experiments/results/baselines/beijing/168h_6h/raw_metrics.csv,patchtst_ci_top5,not_registered_single_station_arm,6,1
/home/hansel/Documents/ITProject/Python/PatchTST/experiments/results/baselines/beijing/168h_6h/raw_metrics.csv,patchtst_ci_top5,not_registered_single_station_arm,6,1
/home/hansel/Documents/ITProject/Python/PatchTST/experiments/results/baselines/beijing/168h_6h/raw_metrics.csv,patchtst_ci_top5,not_registered_single_station_arm,6,1
/home/hansel/Documents/ITProject/Python/PatchTST/experiments/results/baselines/beijing/168h_6h/raw_metrics.csv,patchtst_ci_top5,not_registered_single_station_arm,6,1
/home/hansel/Documents/ITProject/Python/PatchTST/experiments/results/baselines/beijing/168h_6h/raw_metrics.csv,multi_tst,not_registered_single_station_arm,18,1
/home/hansel/Documents/ITProject/Python/PatchTST/experiments/results/baselines/beijing/168h_6h/raw_metrics.csv,multi_tst,not_registered_single_station_arm,18,1
/home/hansel/Documents/ITProject/Python/PatchTST/experiments/results/baselines/beijing/168h_6h/raw_metrics.csv,multi_tst,not_registered_single_station_arm,18,1
/home/hansel/Documents/ITProject/Python/PatchTST/experiments/results/baselines/beijing/168h_6h/raw_metrics.csv,multi_tst,not_registered_single_station_arm,18,1
/home/hansel/Documents/ITProject/Python/PatchTST/experiments/results/baselines/beijing/168h_6h/raw_metrics.csv,multi_tst,not_registered_single_station_arm,18,1
/home/hansel/Documents/ITProject/Python/PatchTST/experiments/results/baselines/beijing/168h_6h/raw_metrics.csv,multi_gru,not_registered_single_station_arm,18,1
/home/hansel/Documents/ITProject/Python/PatchTST/experiments/results/baselines/beijing/168h_6h/raw_metrics.csv,multi_gru,not_registered_single_station_arm,18,1
/home/hansel/Documents/ITProject/Python/PatchTST/experiments/results/baselines/beijing/168h_6h/raw_metrics.csv,multi_gru,not_registered_single_station_arm,18,1
/home/hansel/Documents/ITProject/Python/PatchTST/experiments/results/baselines/beijing/168h_6h/raw_metrics.csv,multi_gru,not_registered_single_station_arm,18,1
/home/hansel/Documents/ITProject/Python/PatchTST/experiments/results/baselines/beijing/168h_6h/raw_metrics.csv,multi_gru,not_registered_single_station_arm,18,1
/home/hansel/Documents/ITProject/Python/PatchTST/experiments/results/baselines/beijing/168h_6h/raw_metrics.csv,plain_mix_patchtst_all,not_registered_single_station_arm,18,1
/home/hansel/Documents/ITProject/Python/PatchTST/experiments/results/baselines/beijing/168h_6h/raw_metrics.csv,plain_mix_patchtst_all,not_registered_single_station_arm,18,1
/home/hansel/Documents/ITProject/Python/PatchTST/experiments/results/baselines/beijing/168h_6h/raw_metrics.csv,plain_mix_patchtst_all,not_registered_single_station_arm,18,1
/home/hansel/Documents/ITProject/Python/PatchTST/experiments/results/baselines/beijing/168h_6h/raw_metrics.csv,plain_mix_patchtst_all,not_registered_single_station_arm,18,1
/home/hansel/Documents/ITProject/Python/PatchTST/experiments/results/baselines/beijing/168h_6h/raw_metrics.csv,plain_mix_patchtst_all,not_registered_single_station_arm,18,1
/home/hansel/Documents/ITProject/Python/PatchTST/experiments/results/baselines/beijing/168h_6h/raw_metrics.csv,plain_mix_patchtst_top5,not_registered_single_station_arm,6,1
/home/hansel/Documents/ITProject/Python/PatchTST/experiments/results/baselines/beijing/168h_6h/raw_metrics.csv,plain_mix_patchtst_top5,not_registered_single_station_arm,6,1
/home/hansel/Documents/ITProject/Python/PatchTST/experiments/results/baselines/beijing/168h_6h/raw_metrics.csv,plain_mix_patchtst_top5,not_registered_single_station_arm,6,1
/home/hansel/Documents/ITProject/Python/PatchTST/experiments/results/baselines/beijing/168h_6h/raw_metrics.csv,plain_mix_patchtst_top5,not_registered_single_station_arm,6,1
/home/hansel/Documents/ITProject/Python/PatchTST/experiments/results/baselines/beijing/168h_6h/raw_metrics.csv,plain_mix_patchtst_top5,not_registered_single_station_arm,6,1
/home/hansel/Documents/ITProject/Python/PatchTST/experiments/results/baselines/beijing/168h_6h/raw_metrics.csv,patchtst_ci_top5,not_registered_single_station_arm,6,1
/home/hansel/Documents/ITProject/Python/PatchTST/experiments/results/baselines/beijing/168h_6h/raw_metrics.csv,patchtst_ci_top5,not_registered_single_station_arm,6,1
/home/hansel/Documents/ITProject/Python/PatchTST/experiments/results/baselines/beijing/168h_6h/raw_metrics.csv,patchtst_ci_top5,not_registered_single_station_arm,6,1
/home/hansel/Documents/ITProject/Python/PatchTST/experiments/results/baselines/beijing/168h_6h/raw_metrics.csv,patchtst_ci_top5,not_registered_single_station_arm,6,1
/home/hansel/Documents/ITProject/Python/PatchTST/experiments/results/baselines/beijing/168h_6h/raw_metrics.csv,patchtst_ci_top5,not_registered_single_station_arm,6,1
/home/hansel/Documents/ITProject/Python/PatchTST/experiments/results/baselines/beijing/168h_6h/raw_metrics.csv,multi_tst,not_registered_single_station_arm,18,1
/home/hansel/Documents/ITProject/Python/PatchTST/experiments/results/baselines/beijing/168h_6h/raw_metrics.csv,multi_tst,not_registered_single_station_arm,18,1
/home/hansel/Documents/ITProject/Python/PatchTST/experiments/results/baselines/beijing/168h_6h/raw_metrics.csv,multi_tst,not_registered_single_station_arm,18,1
/home/hansel/Documents/ITProject/Python/PatchTST/experiments/results/baselines/beijing/168h_6h/raw_metrics.csv,multi_tst,not_registered_single_station_arm,18,1
/home/hansel/Documents/ITProject/Python/PatchTST/experiments/results/baselines/beijing/168h_6h/raw_metrics.csv,multi_tst,not_registered_single_station_arm,18,1
/home/hansel/Documents/ITProject/Python/PatchTST/experiments/results/baselines/beijing/168h_6h/raw_metrics.csv,multi_gru,not_registered_single_station_arm,18,1
/home/hansel/Documents/ITProject/Python/PatchTST/experiments/results/baselines/beijing/168h_6h/raw_metrics.csv,multi_gru,not_registered_single_station_arm,18,1
/home/hansel/Documents/ITProject/Python/PatchTST/experiments/results/baselines/beijing/168h_6h/raw_metrics.csv,multi_gru,not_registered_single_station_arm,18,1
/home/hansel/Documents/ITProject/Python/PatchTST/experiments/results/baselines/beijing/168h_6h/raw_metrics.csv,multi_gru,not_registered_single_station_arm,18,1
/home/hansel/Documents/ITProject/Python/PatchTST/experiments/results/baselines/beijing/168h_6h/raw_metrics.csv,multi_gru,not_registered_single_station_arm,18,1
/home/hansel/Documents/ITProject/Python/PatchTST/experiments/results/baselines/beijing/24h_12h/raw_metrics.csv,trad_spatial_linear,excluded_non_single_station_input,18,1
/home/hansel/Documents/ITProject/Python/PatchTST/experiments/results/baselines/beijing/24h_12h/raw_metrics.csv,plain_mix_patchtst_all,not_registered_single_station_arm,18,1
/home/hansel/Documents/ITProject/Python/PatchTST/experiments/results/baselines/beijing/24h_12h/raw_metrics.csv,plain_mix_patchtst_all,not_registered_single_station_arm,18,1
/home/hansel/Documents/ITProject/Python/PatchTST/experiments/results/baselines/beijing/24h_12h/raw_metrics.csv,plain_mix_patchtst_all,not_registered_single_station_arm,18,1
/home/hansel/Documents/ITProject/Python/PatchTST/experiments/results/baselines/beijing/24h_12h/raw_metrics.csv,plain_mix_patchtst_top5,not_registered_single_station_arm,6,1
/home/hansel/Documents/ITProject/Python/PatchTST/experiments/results/baselines/beijing/24h_12h/raw_metrics.csv,plain_mix_patchtst_top5,not_registered_single_station_arm,6,1
/home/hansel/Documents/ITProject/Python/PatchTST/experiments/results/baselines/beijing/24h_12h/raw_metrics.csv,plain_mix_patchtst_top5,not_registered_single_station_arm,6,1
/home/hansel/Documents/ITProject/Python/PatchTST/experiments/results/baselines/beijing/24h_12h/raw_metrics.csv,patchtst_ci_all,not_registered_single_station_arm,18,1
/home/hansel/Documents/ITProject/Python/PatchTST/experiments/results/baselines/beijing/24h_12h/raw_metrics.csv,patchtst_ci_all,not_registered_single_station_arm,18,1
/home/hansel/Documents/ITProject/Python/PatchTST/experiments/results/baselines/beijing/24h_12h/raw_metrics.csv,patchtst_ci_all,not_registered_single_station_arm,18,1
/home/hansel/Documents/ITProject/Python/PatchTST/experiments/results/baselines/beijing/24h_12h/raw_metrics.csv,patchtst_ci_top5,not_registered_single_station_arm,6,1
/home/hansel/Documents/ITProject/Python/PatchTST/experiments/results/baselines/beijing/24h_12h/raw_metrics.csv,patchtst_ci_top5,not_registered_single_station_arm,6,1
/home/hansel/Documents/ITProject/Python/PatchTST/experiments/results/baselines/beijing/24h_12h/raw_metrics.csv,patchtst_ci_top5,not_registered_single_station_arm,6,1
/home/hansel/Documents/ITProject/Python/PatchTST/experiments/results/baselines/beijing/24h_12h/raw_metrics.csv,multi_gru,not_registered_single_station_arm,18,1
/home/hansel/Documents/ITProject/Python/PatchTST/experiments/results/baselines/beijing/24h_12h/raw_metrics.csv,multi_gru,not_registered_single_station_arm,18,1
/home/hansel/Documents/ITProject/Python/PatchTST/experiments/results/baselines/beijing/24h_12h/raw_metrics.csv,multi_gru,not_registered_single_station_arm,18,1
/home/hansel/Documents/ITProject/Python/PatchTST/experiments/results/baselines/beijing/24h_1h/raw_metrics.csv,trad_spatial_linear,excluded_non_single_station_input,18,1
/home/hansel/Documents/ITProject/Python/PatchTST/experiments/results/baselines/beijing/24h_1h/raw_metrics.csv,plain_mix_patchtst_all,not_registered_single_station_arm,18,1
/home/hansel/Documents/ITProject/Python/PatchTST/experiments/results/baselines/beijing/24h_1h/raw_metrics.csv,plain_mix_patchtst_all,not_registered_single_station_arm,18,1
/home/hansel/Documents/ITProject/Python/PatchTST/experiments/results/baselines/beijing/24h_1h/raw_metrics.csv,plain_mix_patchtst_all,not_registered_single_station_arm,18,1
/home/hansel/Documents/ITProject/Python/PatchTST/experiments/results/baselines/beijing/24h_1h/raw_metrics.csv,plain_mix_patchtst_all,not_registered_single_station_arm,18,1
/home/hansel/Documents/ITProject/Python/PatchTST/experiments/results/baselines/beijing/24h_1h/raw_metrics.csv,plain_mix_patchtst_all,not_registered_single_station_arm,18,1
/home/hansel/Documents/ITProject/Python/PatchTST/experiments/results/baselines/beijing/24h_1h/raw_metrics.csv,plain_mix_patchtst_top5,not_registered_single_station_arm,6,1
/home/hansel/Documents/ITProject/Python/PatchTST/experiments/results/baselines/beijing/24h_1h/raw_metrics.csv,plain_mix_patchtst_top5,not_registered_single_station_arm,6,1
/home/hansel/Documents/ITProject/Python/PatchTST/experiments/results/baselines/beijing/24h_1h/raw_metrics.csv,plain_mix_patchtst_top5,not_registered_single_station_arm,6,1
/home/hansel/Documents/ITProject/Python/PatchTST/experiments/results/baselines/beijing/24h_1h/raw_metrics.csv,plain_mix_patchtst_top5,not_registered_single_station_arm,6,1
/home/hansel/Documents/ITProject/Python/PatchTST/experiments/results/baselines/beijing/24h_1h/raw_metrics.csv,plain_mix_patchtst_top5,not_registered_single_station_arm,6,1
/home/hansel/Documents/ITProject/Python/PatchTST/experiments/results/baselines/beijing/24h_1h/raw_metrics.csv,patchtst_ci_all,not_registered_single_station_arm,18,1
/home/hansel/Documents/ITProject/Python/PatchTST/experiments/results/baselines/beijing/24h_1h/raw_metrics.csv,patchtst_ci_all,not_registered_single_station_arm,18,1
/home/hansel/Documents/ITProject/Python/PatchTST/experiments/results/baselines/beijing/24h_1h/raw_metrics.csv,patchtst_ci_all,not_registered_single_station_arm,18,1
/home/hansel/Documents/ITProject/Python/PatchTST/experiments/results/baselines/beijing/24h_1h/raw_metrics.csv,patchtst_ci_all,not_registered_single_station_arm,18,1
/home/hansel/Documents/ITProject/Python/PatchTST/experiments/results/baselines/beijing/24h_1h/raw_metrics.csv,patchtst_ci_all,not_registered_single_station_arm,18,1
/home/hansel/Documents/ITProject/Python/PatchTST/experiments/results/baselines/beijing/24h_1h/raw_metrics.csv,patchtst_ci_top5,not_registered_single_station_arm,6,1
/home/hansel/Documents/ITProject/Python/PatchTST/experiments/results/baselines/beijing/24h_1h/raw_metrics.csv,patchtst_ci_top5,not_registered_single_station_arm,6,1
/home/hansel/Documents/ITProject/Python/PatchTST/experiments/results/baselines/beijing/24h_1h/raw_metrics.csv,patchtst_ci_top5,not_registered_single_station_arm,6,1
/home/hansel/Documents/ITProject/Python/PatchTST/experiments/results/baselines/beijing/24h_1h/raw_metrics.csv,patchtst_ci_top5,not_registered_single_station_arm,6,1
/home/hansel/Documents/ITProject/Python/PatchTST/experiments/results/baselines/beijing/24h_1h/raw_metrics.csv,patchtst_ci_top5,not_registered_single_station_arm,6,1
/home/hansel/Documents/ITProject/Python/PatchTST/experiments/results/baselines/beijing/24h_1h/raw_metrics.csv,multi_tst,not_registered_single_station_arm,18,1
/home/hansel/Documents/ITProject/Python/PatchTST/experiments/results/baselines/beijing/24h_1h/raw_metrics.csv,multi_tst,not_registered_single_station_arm,18,1
/home/hansel/Documents/ITProject/Python/PatchTST/experiments/results/baselines/beijing/24h_1h/raw_metrics.csv,multi_tst,not_registered_single_station_arm,18,1
/home/hansel/Documents/ITProject/Python/PatchTST/experiments/results/baselines/beijing/24h_1h/raw_metrics.csv,multi_tst,not_registered_single_station_arm,18,1
/home/hansel/Documents/ITProject/Python/PatchTST/experiments/results/baselines/beijing/24h_1h/raw_metrics.csv,multi_tst,not_registered_single_station_arm,18,1
/home/hansel/Documents/ITProject/Python/PatchTST/experiments/results/baselines/beijing/24h_1h/raw_metrics.csv,multi_gru,not_registered_single_station_arm,18,1
/home/hansel/Documents/ITProject/Python/PatchTST/experiments/results/baselines/beijing/24h_1h/raw_metrics.csv,multi_gru,not_registered_single_station_arm,18,1
/home/hansel/Documents/ITProject/Python/PatchTST/experiments/results/baselines/beijing/24h_1h/raw_metrics.csv,multi_gru,not_registered_single_station_arm,18,1
/home/hansel/Documents/ITProject/Python/PatchTST/experiments/results/baselines/beijing/24h_1h/raw_metrics.csv,multi_gru,not_registered_single_station_arm,18,1
/home/hansel/Documents/ITProject/Python/PatchTST/experiments/results/baselines/beijing/24h_1h/raw_metrics.csv,multi_gru,not_registered_single_station_arm,18,1
/home/hansel/Documents/ITProject/Python/PatchTST/experiments/results/baselines/beijing/24h_1h/raw_metrics.csv,plain_mix_patchtst_all,not_registered_single_station_arm,18,1
/home/hansel/Documents/ITProject/Python/PatchTST/experiments/results/baselines/beijing/24h_1h/raw_metrics.csv,plain_mix_patchtst_all,not_registered_single_station_arm,18,1
/home/hansel/Documents/ITProject/Python/PatchTST/experiments/results/baselines/beijing/24h_1h/raw_metrics.csv,plain_mix_patchtst_all,not_registered_single_station_arm,18,1
/home/hansel/Documents/ITProject/Python/PatchTST/experiments/results/baselines/beijing/24h_1h/raw_metrics.csv,plain_mix_patchtst_all,not_registered_single_station_arm,18,1
/home/hansel/Documents/ITProject/Python/PatchTST/experiments/results/baselines/beijing/24h_1h/raw_metrics.csv,plain_mix_patchtst_all,not_registered_single_station_arm,18,1
/home/hansel/Documents/ITProject/Python/PatchTST/experiments/results/baselines/beijing/24h_1h/raw_metrics.csv,plain_mix_patchtst_top5,not_registered_single_station_arm,6,1
/home/hansel/Documents/ITProject/Python/PatchTST/experiments/results/baselines/beijing/24h_1h/raw_metrics.csv,plain_mix_patchtst_top5,not_registered_single_station_arm,6,1
/home/hansel/Documents/ITProject/Python/PatchTST/experiments/results/baselines/beijing/24h_1h/raw_metrics.csv,plain_mix_patchtst_top5,not_registered_single_station_arm,6,1
/home/hansel/Documents/ITProject/Python/PatchTST/experiments/results/baselines/beijing/24h_1h/raw_metrics.csv,plain_mix_patchtst_top5,not_registered_single_station_arm,6,1
/home/hansel/Documents/ITProject/Python/PatchTST/experiments/results/baselines/beijing/24h_1h/raw_metrics.csv,plain_mix_patchtst_top5,not_registered_single_station_arm,6,1
/home/hansel/Documents/ITProject/Python/PatchTST/experiments/results/baselines/beijing/24h_1h/raw_metrics.csv,patchtst_ci_all,not_registered_single_station_arm,18,1
/home/hansel/Documents/ITProject/Python/PatchTST/experiments/results/baselines/beijing/24h_1h/raw_metrics.csv,patchtst_ci_all,not_registered_single_station_arm,18,1
/home/hansel/Documents/ITProject/Python/PatchTST/experiments/results/baselines/beijing/24h_1h/raw_metrics.csv,patchtst_ci_all,not_registered_single_station_arm,18,1
/home/hansel/Documents/ITProject/Python/PatchTST/experiments/results/baselines/beijing/24h_1h/raw_metrics.csv,patchtst_ci_all,not_registered_single_station_arm,18,1
/home/hansel/Documents/ITProject/Python/PatchTST/experiments/results/baselines/beijing/24h_1h/raw_metrics.csv,patchtst_ci_all,not_registered_single_station_arm,18,1
/home/hansel/Documents/ITProject/Python/PatchTST/experiments/results/baselines/beijing/24h_1h/raw_metrics.csv,patchtst_ci_top5,not_registered_single_station_arm,6,1
/home/hansel/Documents/ITProject/Python/PatchTST/experiments/results/baselines/beijing/24h_1h/raw_metrics.csv,patchtst_ci_top5,not_registered_single_station_arm,6,1
/home/hansel/Documents/ITProject/Python/PatchTST/experiments/results/baselines/beijing/24h_1h/raw_metrics.csv,patchtst_ci_top5,not_registered_single_station_arm,6,1
/home/hansel/Documents/ITProject/Python/PatchTST/experiments/results/baselines/beijing/24h_1h/raw_metrics.csv,patchtst_ci_top5,not_registered_single_station_arm,6,1
/home/hansel/Documents/ITProject/Python/PatchTST/experiments/results/baselines/beijing/24h_1h/raw_metrics.csv,patchtst_ci_top5,not_registered_single_station_arm,6,1
/home/hansel/Documents/ITProject/Python/PatchTST/experiments/results/baselines/beijing/24h_1h/raw_metrics.csv,multi_tst,not_registered_single_station_arm,18,1
/home/hansel/Documents/ITProject/Python/PatchTST/experiments/results/baselines/beijing/24h_1h/raw_metrics.csv,multi_tst,not_registered_single_station_arm,18,1
/home/hansel/Documents/ITProject/Python/PatchTST/experiments/results/baselines/beijing/24h_1h/raw_metrics.csv,multi_tst,not_registered_single_station_arm,18,1
/home/hansel/Documents/ITProject/Python/PatchTST/experiments/results/baselines/beijing/24h_1h/raw_metrics.csv,multi_tst,not_registered_single_station_arm,18,1
/home/hansel/Documents/ITProject/Python/PatchTST/experiments/results/baselines/beijing/24h_1h/raw_metrics.csv,multi_tst,not_registered_single_station_arm,18,1
/home/hansel/Documents/ITProject/Python/PatchTST/experiments/results/baselines/beijing/24h_1h/raw_metrics.csv,multi_gru,not_registered_single_station_arm,18,1
/home/hansel/Documents/ITProject/Python/PatchTST/experiments/results/baselines/beijing/24h_1h/raw_metrics.csv,multi_gru,not_registered_single_station_arm,18,1
/home/hansel/Documents/ITProject/Python/PatchTST/experiments/results/baselines/beijing/24h_1h/raw_metrics.csv,multi_gru,not_registered_single_station_arm,18,1
/home/hansel/Documents/ITProject/Python/PatchTST/experiments/results/baselines/beijing/24h_1h/raw_metrics.csv,multi_gru,not_registered_single_station_arm,18,1
/home/hansel/Documents/ITProject/Python/PatchTST/experiments/results/baselines/beijing/24h_1h/raw_metrics.csv,multi_gru,not_registered_single_station_arm,18,1
/home/hansel/Documents/ITProject/Python/PatchTST/experiments/results/baselines/beijing/24h_1h/raw_metrics.csv,concat_patchtst_all,not_registered_single_station_arm,18,1
/home/hansel/Documents/ITProject/Python/PatchTST/experiments/results/baselines/beijing/24h_1h/raw_metrics.csv,concat_patchtst_all,not_registered_single_station_arm,18,1
/home/hansel/Documents/ITProject/Python/PatchTST/experiments/results/baselines/beijing/24h_1h/raw_metrics.csv,concat_patchtst_all,not_registered_single_station_arm,18,1
/home/hansel/Documents/ITProject/Python/PatchTST/experiments/results/baselines/beijing/24h_1h/raw_metrics.csv,concat_patchtst_all,not_registered_single_station_arm,18,1
/home/hansel/Documents/ITProject/Python/PatchTST/experiments/results/baselines/beijing/24h_1h/raw_metrics.csv,concat_patchtst_all,not_registered_single_station_arm,18,1
/home/hansel/Documents/ITProject/Python/PatchTST/experiments/results/baselines/beijing/24h_1h/raw_metrics.csv,concat_patchtst_all,not_registered_single_station_arm,18,1
/home/hansel/Documents/ITProject/Python/PatchTST/experiments/results/baselines/beijing/24h_24h/raw_metrics.csv,trad_spatial_linear,excluded_non_single_station_input,18,1
/home/hansel/Documents/ITProject/Python/PatchTST/experiments/results/baselines/beijing/24h_24h/raw_metrics.csv,plain_mix_patchtst_all,not_registered_single_station_arm,18,1
/home/hansel/Documents/ITProject/Python/PatchTST/experiments/results/baselines/beijing/24h_24h/raw_metrics.csv,plain_mix_patchtst_all,not_registered_single_station_arm,18,1
/home/hansel/Documents/ITProject/Python/PatchTST/experiments/results/baselines/beijing/24h_24h/raw_metrics.csv,plain_mix_patchtst_all,not_registered_single_station_arm,18,1
/home/hansel/Documents/ITProject/Python/PatchTST/experiments/results/baselines/beijing/24h_24h/raw_metrics.csv,plain_mix_patchtst_top5,not_registered_single_station_arm,6,1
/home/hansel/Documents/ITProject/Python/PatchTST/experiments/results/baselines/beijing/24h_24h/raw_metrics.csv,plain_mix_patchtst_top5,not_registered_single_station_arm,6,1
/home/hansel/Documents/ITProject/Python/PatchTST/experiments/results/baselines/beijing/24h_24h/raw_metrics.csv,plain_mix_patchtst_top5,not_registered_single_station_arm,6,1
/home/hansel/Documents/ITProject/Python/PatchTST/experiments/results/baselines/beijing/24h_24h/raw_metrics.csv,patchtst_ci_all,not_registered_single_station_arm,18,1
/home/hansel/Documents/ITProject/Python/PatchTST/experiments/results/baselines/beijing/24h_24h/raw_metrics.csv,patchtst_ci_all,not_registered_single_station_arm,18,1
/home/hansel/Documents/ITProject/Python/PatchTST/experiments/results/baselines/beijing/24h_24h/raw_metrics.csv,patchtst_ci_all,not_registered_single_station_arm,18,1
/home/hansel/Documents/ITProject/Python/PatchTST/experiments/results/baselines/beijing/24h_24h/raw_metrics.csv,patchtst_ci_top5,not_registered_single_station_arm,6,1
/home/hansel/Documents/ITProject/Python/PatchTST/experiments/results/baselines/beijing/24h_24h/raw_metrics.csv,patchtst_ci_top5,not_registered_single_station_arm,6,1
/home/hansel/Documents/ITProject/Python/PatchTST/experiments/results/baselines/beijing/24h_24h/raw_metrics.csv,patchtst_ci_top5,not_registered_single_station_arm,6,1
/home/hansel/Documents/ITProject/Python/PatchTST/experiments/results/baselines/beijing/24h_24h/raw_metrics.csv,multi_gru,not_registered_single_station_arm,18,1
/home/hansel/Documents/ITProject/Python/PatchTST/experiments/results/baselines/beijing/24h_24h/raw_metrics.csv,multi_gru,not_registered_single_station_arm,18,1
/home/hansel/Documents/ITProject/Python/PatchTST/experiments/results/baselines/beijing/24h_24h/raw_metrics.csv,multi_gru,not_registered_single_station_arm,18,1
/home/hansel/Documents/ITProject/Python/PatchTST/experiments/results/baselines/beijing/24h_3h/raw_metrics.csv,trad_spatial_linear,excluded_non_single_station_input,18,1
/home/hansel/Documents/ITProject/Python/PatchTST/experiments/results/baselines/beijing/24h_3h/raw_metrics.csv,plain_mix_patchtst_all,not_registered_single_station_arm,18,1
/home/hansel/Documents/ITProject/Python/PatchTST/experiments/results/baselines/beijing/24h_3h/raw_metrics.csv,plain_mix_patchtst_all,not_registered_single_station_arm,18,1
/home/hansel/Documents/ITProject/Python/PatchTST/experiments/results/baselines/beijing/24h_3h/raw_metrics.csv,plain_mix_patchtst_all,not_registered_single_station_arm,18,1
/home/hansel/Documents/ITProject/Python/PatchTST/experiments/results/baselines/beijing/24h_3h/raw_metrics.csv,plain_mix_patchtst_top5,not_registered_single_station_arm,6,1
/home/hansel/Documents/ITProject/Python/PatchTST/experiments/results/baselines/beijing/24h_3h/raw_metrics.csv,plain_mix_patchtst_top5,not_registered_single_station_arm,6,1
/home/hansel/Documents/ITProject/Python/PatchTST/experiments/results/baselines/beijing/24h_3h/raw_metrics.csv,plain_mix_patchtst_top5,not_registered_single_station_arm,6,1
/home/hansel/Documents/ITProject/Python/PatchTST/experiments/results/baselines/beijing/24h_3h/raw_metrics.csv,patchtst_ci_all,not_registered_single_station_arm,18,1
/home/hansel/Documents/ITProject/Python/PatchTST/experiments/results/baselines/beijing/24h_3h/raw_metrics.csv,patchtst_ci_all,not_registered_single_station_arm,18,1
/home/hansel/Documents/ITProject/Python/PatchTST/experiments/results/baselines/beijing/24h_3h/raw_metrics.csv,patchtst_ci_all,not_registered_single_station_arm,18,1
/home/hansel/Documents/ITProject/Python/PatchTST/experiments/results/baselines/beijing/24h_3h/raw_metrics.csv,patchtst_ci_top5,not_registered_single_station_arm,6,1
/home/hansel/Documents/ITProject/Python/PatchTST/experiments/results/baselines/beijing/24h_3h/raw_metrics.csv,patchtst_ci_top5,not_registered_single_station_arm,6,1
/home/hansel/Documents/ITProject/Python/PatchTST/experiments/results/baselines/beijing/24h_3h/raw_metrics.csv,patchtst_ci_top5,not_registered_single_station_arm,6,1
/home/hansel/Documents/ITProject/Python/PatchTST/experiments/results/baselines/beijing/24h_3h/raw_metrics.csv,multi_gru,not_registered_single_station_arm,18,1
/home/hansel/Documents/ITProject/Python/PatchTST/experiments/results/baselines/beijing/24h_3h/raw_metrics.csv,multi_gru,not_registered_single_station_arm,18,1
/home/hansel/Documents/ITProject/Python/PatchTST/experiments/results/baselines/beijing/24h_3h/raw_metrics.csv,multi_gru,not_registered_single_station_arm,18,1
/home/hansel/Documents/ITProject/Python/PatchTST/experiments/results/baselines/beijing/24h_6h/raw_metrics.csv,trad_spatial_linear,excluded_non_single_station_input,18,1
/home/hansel/Documents/ITProject/Python/PatchTST/experiments/results/baselines/beijing/24h_6h/raw_metrics.csv,plain_mix_patchtst_all,not_registered_single_station_arm,18,1
/home/hansel/Documents/ITProject/Python/PatchTST/experiments/results/baselines/beijing/24h_6h/raw_metrics.csv,plain_mix_patchtst_all,not_registered_single_station_arm,18,1
/home/hansel/Documents/ITProject/Python/PatchTST/experiments/results/baselines/beijing/24h_6h/raw_metrics.csv,plain_mix_patchtst_all,not_registered_single_station_arm,18,1
/home/hansel/Documents/ITProject/Python/PatchTST/experiments/results/baselines/beijing/24h_6h/raw_metrics.csv,plain_mix_patchtst_top5,not_registered_single_station_arm,6,1
/home/hansel/Documents/ITProject/Python/PatchTST/experiments/results/baselines/beijing/24h_6h/raw_metrics.csv,plain_mix_patchtst_top5,not_registered_single_station_arm,6,1
/home/hansel/Documents/ITProject/Python/PatchTST/experiments/results/baselines/beijing/24h_6h/raw_metrics.csv,plain_mix_patchtst_top5,not_registered_single_station_arm,6,1
/home/hansel/Documents/ITProject/Python/PatchTST/experiments/results/baselines/beijing/24h_6h/raw_metrics.csv,patchtst_ci_all,not_registered_single_station_arm,18,1
/home/hansel/Documents/ITProject/Python/PatchTST/experiments/results/baselines/beijing/24h_6h/raw_metrics.csv,patchtst_ci_all,not_registered_single_station_arm,18,1
/home/hansel/Documents/ITProject/Python/PatchTST/experiments/results/baselines/beijing/24h_6h/raw_metrics.csv,patchtst_ci_all,not_registered_single_station_arm,18,1
/home/hansel/Documents/ITProject/Python/PatchTST/experiments/results/baselines/beijing/24h_6h/raw_metrics.csv,patchtst_ci_top5,not_registered_single_station_arm,6,1
/home/hansel/Documents/ITProject/Python/PatchTST/experiments/results/baselines/beijing/24h_6h/raw_metrics.csv,patchtst_ci_top5,not_registered_single_station_arm,6,1
/home/hansel/Documents/ITProject/Python/PatchTST/experiments/results/baselines/beijing/24h_6h/raw_metrics.csv,patchtst_ci_top5,not_registered_single_station_arm,6,1
/home/hansel/Documents/ITProject/Python/PatchTST/experiments/results/baselines/beijing/24h_6h/raw_metrics.csv,multi_gru,not_registered_single_station_arm,18,1
/home/hansel/Documents/ITProject/Python/PatchTST/experiments/results/baselines/beijing/24h_6h/raw_metrics.csv,multi_gru,not_registered_single_station_arm,18,1
/home/hansel/Documents/ITProject/Python/PatchTST/experiments/results/baselines/beijing/24h_6h/raw_metrics.csv,multi_gru,not_registered_single_station_arm,18,1
/home/hansel/Documents/ITProject/Python/PatchTST/experiments/results/baselines/beijing/24h_6h/raw_metrics.csv,concat_patchtst_all,not_registered_single_station_arm,18,1
/home/hansel/Documents/ITProject/Python/PatchTST/experiments/results/baselines/beijing/24h_6h/raw_metrics.csv,concat_patchtst_all,not_registered_single_station_arm,18,1
/home/hansel/Documents/ITProject/Python/PatchTST/experiments/results/baselines/beijing/24h_6h/raw_metrics.csv,concat_patchtst_all,not_registered_single_station_arm,18,1
/home/hansel/Documents/ITProject/Python/PatchTST/experiments/results/baselines/beijing/48h_12h/raw_metrics.csv,trad_spatial_linear,excluded_non_single_station_input,18,1
/home/hansel/Documents/ITProject/Python/PatchTST/experiments/results/baselines/beijing/48h_12h/raw_metrics.csv,plain_mix_patchtst_all,not_registered_single_station_arm,18,1
/home/hansel/Documents/ITProject/Python/PatchTST/experiments/results/baselines/beijing/48h_12h/raw_metrics.csv,plain_mix_patchtst_all,not_registered_single_station_arm,18,1
/home/hansel/Documents/ITProject/Python/PatchTST/experiments/results/baselines/beijing/48h_12h/raw_metrics.csv,plain_mix_patchtst_all,not_registered_single_station_arm,18,1
/home/hansel/Documents/ITProject/Python/PatchTST/experiments/results/baselines/beijing/48h_12h/raw_metrics.csv,plain_mix_patchtst_top5,not_registered_single_station_arm,6,1
/home/hansel/Documents/ITProject/Python/PatchTST/experiments/results/baselines/beijing/48h_12h/raw_metrics.csv,plain_mix_patchtst_top5,not_registered_single_station_arm,6,1
/home/hansel/Documents/ITProject/Python/PatchTST/experiments/results/baselines/beijing/48h_12h/raw_metrics.csv,plain_mix_patchtst_top5,not_registered_single_station_arm,6,1
/home/hansel/Documents/ITProject/Python/PatchTST/experiments/results/baselines/beijing/48h_12h/raw_metrics.csv,patchtst_ci_all,not_registered_single_station_arm,18,1
/home/hansel/Documents/ITProject/Python/PatchTST/experiments/results/baselines/beijing/48h_12h/raw_metrics.csv,patchtst_ci_all,not_registered_single_station_arm,18,1
/home/hansel/Documents/ITProject/Python/PatchTST/experiments/results/baselines/beijing/48h_12h/raw_metrics.csv,patchtst_ci_all,not_registered_single_station_arm,18,1
/home/hansel/Documents/ITProject/Python/PatchTST/experiments/results/baselines/beijing/48h_12h/raw_metrics.csv,patchtst_ci_top5,not_registered_single_station_arm,6,1
/home/hansel/Documents/ITProject/Python/PatchTST/experiments/results/baselines/beijing/48h_12h/raw_metrics.csv,patchtst_ci_top5,not_registered_single_station_arm,6,1
/home/hansel/Documents/ITProject/Python/PatchTST/experiments/results/baselines/beijing/48h_12h/raw_metrics.csv,patchtst_ci_top5,not_registered_single_station_arm,6,1
/home/hansel/Documents/ITProject/Python/PatchTST/experiments/results/baselines/beijing/48h_12h/raw_metrics.csv,multi_gru,not_registered_single_station_arm,18,1
/home/hansel/Documents/ITProject/Python/PatchTST/experiments/results/baselines/beijing/48h_12h/raw_metrics.csv,multi_gru,not_registered_single_station_arm,18,1
/home/hansel/Documents/ITProject/Python/PatchTST/experiments/results/baselines/beijing/48h_12h/raw_metrics.csv,multi_gru,not_registered_single_station_arm,18,1
/home/hansel/Documents/ITProject/Python/PatchTST/experiments/results/baselines/beijing/48h_1h/raw_metrics.csv,trad_spatial_linear,excluded_non_single_station_input,18,1
/home/hansel/Documents/ITProject/Python/PatchTST/experiments/results/baselines/beijing/48h_1h/raw_metrics.csv,plain_mix_patchtst_all,not_registered_single_station_arm,18,1
/home/hansel/Documents/ITProject/Python/PatchTST/experiments/results/baselines/beijing/48h_1h/raw_metrics.csv,plain_mix_patchtst_all,not_registered_single_station_arm,18,1
/home/hansel/Documents/ITProject/Python/PatchTST/experiments/results/baselines/beijing/48h_1h/raw_metrics.csv,plain_mix_patchtst_all,not_registered_single_station_arm,18,1
/home/hansel/Documents/ITProject/Python/PatchTST/experiments/results/baselines/beijing/48h_1h/raw_metrics.csv,plain_mix_patchtst_top5,not_registered_single_station_arm,6,1
/home/hansel/Documents/ITProject/Python/PatchTST/experiments/results/baselines/beijing/48h_1h/raw_metrics.csv,plain_mix_patchtst_top5,not_registered_single_station_arm,6,1
/home/hansel/Documents/ITProject/Python/PatchTST/experiments/results/baselines/beijing/48h_1h/raw_metrics.csv,plain_mix_patchtst_top5,not_registered_single_station_arm,6,1
/home/hansel/Documents/ITProject/Python/PatchTST/experiments/results/baselines/beijing/48h_1h/raw_metrics.csv,patchtst_ci_all,not_registered_single_station_arm,18,1
/home/hansel/Documents/ITProject/Python/PatchTST/experiments/results/baselines/beijing/48h_1h/raw_metrics.csv,patchtst_ci_all,not_registered_single_station_arm,18,1
/home/hansel/Documents/ITProject/Python/PatchTST/experiments/results/baselines/beijing/48h_1h/raw_metrics.csv,patchtst_ci_all,not_registered_single_station_arm,18,1
/home/hansel/Documents/ITProject/Python/PatchTST/experiments/results/baselines/beijing/48h_1h/raw_metrics.csv,patchtst_ci_top5,not_registered_single_station_arm,6,1
/home/hansel/Documents/ITProject/Python/PatchTST/experiments/results/baselines/beijing/48h_1h/raw_metrics.csv,patchtst_ci_top5,not_registered_single_station_arm,6,1
/home/hansel/Documents/ITProject/Python/PatchTST/experiments/results/baselines/beijing/48h_1h/raw_metrics.csv,patchtst_ci_top5,not_registered_single_station_arm,6,1
/home/hansel/Documents/ITProject/Python/PatchTST/experiments/results/baselines/beijing/48h_1h/raw_metrics.csv,multi_gru,not_registered_single_station_arm,18,1
/home/hansel/Documents/ITProject/Python/PatchTST/experiments/results/baselines/beijing/48h_1h/raw_metrics.csv,multi_gru,not_registered_single_station_arm,18,1
/home/hansel/Documents/ITProject/Python/PatchTST/experiments/results/baselines/beijing/48h_1h/raw_metrics.csv,multi_gru,not_registered_single_station_arm,18,1
/home/hansel/Documents/ITProject/Python/PatchTST/experiments/results/baselines/beijing/48h_24h/raw_metrics.csv,trad_spatial_linear,excluded_non_single_station_input,18,1
/home/hansel/Documents/ITProject/Python/PatchTST/experiments/results/baselines/beijing/48h_24h/raw_metrics.csv,plain_mix_patchtst_all,not_registered_single_station_arm,18,1
/home/hansel/Documents/ITProject/Python/PatchTST/experiments/results/baselines/beijing/48h_24h/raw_metrics.csv,plain_mix_patchtst_all,not_registered_single_station_arm,18,1
/home/hansel/Documents/ITProject/Python/PatchTST/experiments/results/baselines/beijing/48h_24h/raw_metrics.csv,plain_mix_patchtst_all,not_registered_single_station_arm,18,1
/home/hansel/Documents/ITProject/Python/PatchTST/experiments/results/baselines/beijing/48h_24h/raw_metrics.csv,plain_mix_patchtst_top5,not_registered_single_station_arm,6,1
/home/hansel/Documents/ITProject/Python/PatchTST/experiments/results/baselines/beijing/48h_24h/raw_metrics.csv,plain_mix_patchtst_top5,not_registered_single_station_arm,6,1
/home/hansel/Documents/ITProject/Python/PatchTST/experiments/results/baselines/beijing/48h_24h/raw_metrics.csv,plain_mix_patchtst_top5,not_registered_single_station_arm,6,1
/home/hansel/Documents/ITProject/Python/PatchTST/experiments/results/baselines/beijing/48h_24h/raw_metrics.csv,patchtst_ci_all,not_registered_single_station_arm,18,1
/home/hansel/Documents/ITProject/Python/PatchTST/experiments/results/baselines/beijing/48h_24h/raw_metrics.csv,patchtst_ci_all,not_registered_single_station_arm,18,1
/home/hansel/Documents/ITProject/Python/PatchTST/experiments/results/baselines/beijing/48h_24h/raw_metrics.csv,patchtst_ci_all,not_registered_single_station_arm,18,1
/home/hansel/Documents/ITProject/Python/PatchTST/experiments/results/baselines/beijing/48h_24h/raw_metrics.csv,patchtst_ci_top5,not_registered_single_station_arm,6,1
/home/hansel/Documents/ITProject/Python/PatchTST/experiments/results/baselines/beijing/48h_24h/raw_metrics.csv,patchtst_ci_top5,not_registered_single_station_arm,6,1
/home/hansel/Documents/ITProject/Python/PatchTST/experiments/results/baselines/beijing/48h_24h/raw_metrics.csv,patchtst_ci_top5,not_registered_single_station_arm,6,1
/home/hansel/Documents/ITProject/Python/PatchTST/experiments/results/baselines/beijing/48h_24h/raw_metrics.csv,multi_gru,not_registered_single_station_arm,18,1
/home/hansel/Documents/ITProject/Python/PatchTST/experiments/results/baselines/beijing/48h_24h/raw_metrics.csv,multi_gru,not_registered_single_station_arm,18,1
/home/hansel/Documents/ITProject/Python/PatchTST/experiments/results/baselines/beijing/48h_24h/raw_metrics.csv,multi_gru,not_registered_single_station_arm,18,1
/home/hansel/Documents/ITProject/Python/PatchTST/experiments/results/baselines/beijing/48h_3h/raw_metrics.csv,trad_spatial_linear,excluded_non_single_station_input,18,1
/home/hansel/Documents/ITProject/Python/PatchTST/experiments/results/baselines/beijing/48h_3h/raw_metrics.csv,plain_mix_patchtst_all,not_registered_single_station_arm,18,1
/home/hansel/Documents/ITProject/Python/PatchTST/experiments/results/baselines/beijing/48h_3h/raw_metrics.csv,plain_mix_patchtst_all,not_registered_single_station_arm,18,1
/home/hansel/Documents/ITProject/Python/PatchTST/experiments/results/baselines/beijing/48h_3h/raw_metrics.csv,plain_mix_patchtst_all,not_registered_single_station_arm,18,1
/home/hansel/Documents/ITProject/Python/PatchTST/experiments/results/baselines/beijing/48h_3h/raw_metrics.csv,plain_mix_patchtst_top5,not_registered_single_station_arm,6,1
/home/hansel/Documents/ITProject/Python/PatchTST/experiments/results/baselines/beijing/48h_3h/raw_metrics.csv,plain_mix_patchtst_top5,not_registered_single_station_arm,6,1
/home/hansel/Documents/ITProject/Python/PatchTST/experiments/results/baselines/beijing/48h_3h/raw_metrics.csv,plain_mix_patchtst_top5,not_registered_single_station_arm,6,1
/home/hansel/Documents/ITProject/Python/PatchTST/experiments/results/baselines/beijing/48h_3h/raw_metrics.csv,patchtst_ci_all,not_registered_single_station_arm,18,1
/home/hansel/Documents/ITProject/Python/PatchTST/experiments/results/baselines/beijing/48h_3h/raw_metrics.csv,patchtst_ci_all,not_registered_single_station_arm,18,1
/home/hansel/Documents/ITProject/Python/PatchTST/experiments/results/baselines/beijing/48h_3h/raw_metrics.csv,patchtst_ci_all,not_registered_single_station_arm,18,1
/home/hansel/Documents/ITProject/Python/PatchTST/experiments/results/baselines/beijing/48h_3h/raw_metrics.csv,patchtst_ci_top5,not_registered_single_station_arm,6,1
/home/hansel/Documents/ITProject/Python/PatchTST/experiments/results/baselines/beijing/48h_3h/raw_metrics.csv,patchtst_ci_top5,not_registered_single_station_arm,6,1
/home/hansel/Documents/ITProject/Python/PatchTST/experiments/results/baselines/beijing/48h_3h/raw_metrics.csv,patchtst_ci_top5,not_registered_single_station_arm,6,1
/home/hansel/Documents/ITProject/Python/PatchTST/experiments/results/baselines/beijing/48h_3h/raw_metrics.csv,multi_gru,not_registered_single_station_arm,18,1
/home/hansel/Documents/ITProject/Python/PatchTST/experiments/results/baselines/beijing/48h_3h/raw_metrics.csv,multi_gru,not_registered_single_station_arm,18,1
/home/hansel/Documents/ITProject/Python/PatchTST/experiments/results/baselines/beijing/48h_3h/raw_metrics.csv,multi_gru,not_registered_single_station_arm,18,1
/home/hansel/Documents/ITProject/Python/PatchTST/experiments/results/baselines/beijing/48h_6h/raw_metrics.csv,trad_spatial_linear,excluded_non_single_station_input,18,1
/home/hansel/Documents/ITProject/Python/PatchTST/experiments/results/baselines/beijing/48h_6h/raw_metrics.csv,plain_mix_patchtst_all,not_registered_single_station_arm,18,1
/home/hansel/Documents/ITProject/Python/PatchTST/experiments/results/baselines/beijing/48h_6h/raw_metrics.csv,plain_mix_patchtst_all,not_registered_single_station_arm,18,1
/home/hansel/Documents/ITProject/Python/PatchTST/experiments/results/baselines/beijing/48h_6h/raw_metrics.csv,plain_mix_patchtst_all,not_registered_single_station_arm,18,1
/home/hansel/Documents/ITProject/Python/PatchTST/experiments/results/baselines/beijing/48h_6h/raw_metrics.csv,plain_mix_patchtst_top5,not_registered_single_station_arm,6,1
/home/hansel/Documents/ITProject/Python/PatchTST/experiments/results/baselines/beijing/48h_6h/raw_metrics.csv,plain_mix_patchtst_top5,not_registered_single_station_arm,6,1
/home/hansel/Documents/ITProject/Python/PatchTST/experiments/results/baselines/beijing/48h_6h/raw_metrics.csv,plain_mix_patchtst_top5,not_registered_single_station_arm,6,1
/home/hansel/Documents/ITProject/Python/PatchTST/experiments/results/baselines/beijing/48h_6h/raw_metrics.csv,patchtst_ci_all,not_registered_single_station_arm,18,1
/home/hansel/Documents/ITProject/Python/PatchTST/experiments/results/baselines/beijing/48h_6h/raw_metrics.csv,patchtst_ci_all,not_registered_single_station_arm,18,1
/home/hansel/Documents/ITProject/Python/PatchTST/experiments/results/baselines/beijing/48h_6h/raw_metrics.csv,patchtst_ci_all,not_registered_single_station_arm,18,1
/home/hansel/Documents/ITProject/Python/PatchTST/experiments/results/baselines/beijing/48h_6h/raw_metrics.csv,patchtst_ci_top5,not_registered_single_station_arm,6,1
/home/hansel/Documents/ITProject/Python/PatchTST/experiments/results/baselines/beijing/48h_6h/raw_metrics.csv,patchtst_ci_top5,not_registered_single_station_arm,6,1
/home/hansel/Documents/ITProject/Python/PatchTST/experiments/results/baselines/beijing/48h_6h/raw_metrics.csv,patchtst_ci_top5,not_registered_single_station_arm,6,1
/home/hansel/Documents/ITProject/Python/PatchTST/experiments/results/baselines/beijing/48h_6h/raw_metrics.csv,multi_gru,not_registered_single_station_arm,18,1
/home/hansel/Documents/ITProject/Python/PatchTST/experiments/results/baselines/beijing/48h_6h/raw_metrics.csv,multi_gru,not_registered_single_station_arm,18,1
/home/hansel/Documents/ITProject/Python/PatchTST/experiments/results/baselines/beijing/48h_6h/raw_metrics.csv,multi_gru,not_registered_single_station_arm,18,1
/home/hansel/Documents/ITProject/Python/PatchTST/experiments/results/baselines/beijing/72h_12h/raw_metrics.csv,trad_spatial_linear,excluded_non_single_station_input,18,1
/home/hansel/Documents/ITProject/Python/PatchTST/experiments/results/baselines/beijing/72h_12h/raw_metrics.csv,plain_mix_patchtst_all,not_registered_single_station_arm,18,1
/home/hansel/Documents/ITProject/Python/PatchTST/experiments/results/baselines/beijing/72h_12h/raw_metrics.csv,plain_mix_patchtst_all,not_registered_single_station_arm,18,1
/home/hansel/Documents/ITProject/Python/PatchTST/experiments/results/baselines/beijing/72h_12h/raw_metrics.csv,plain_mix_patchtst_all,not_registered_single_station_arm,18,1
/home/hansel/Documents/ITProject/Python/PatchTST/experiments/results/baselines/beijing/72h_12h/raw_metrics.csv,plain_mix_patchtst_top5,not_registered_single_station_arm,6,1
/home/hansel/Documents/ITProject/Python/PatchTST/experiments/results/baselines/beijing/72h_12h/raw_metrics.csv,plain_mix_patchtst_top5,not_registered_single_station_arm,6,1
/home/hansel/Documents/ITProject/Python/PatchTST/experiments/results/baselines/beijing/72h_12h/raw_metrics.csv,plain_mix_patchtst_top5,not_registered_single_station_arm,6,1
/home/hansel/Documents/ITProject/Python/PatchTST/experiments/results/baselines/beijing/72h_12h/raw_metrics.csv,patchtst_ci_all,not_registered_single_station_arm,18,1
/home/hansel/Documents/ITProject/Python/PatchTST/experiments/results/baselines/beijing/72h_12h/raw_metrics.csv,patchtst_ci_all,not_registered_single_station_arm,18,1
/home/hansel/Documents/ITProject/Python/PatchTST/experiments/results/baselines/beijing/72h_12h/raw_metrics.csv,patchtst_ci_all,not_registered_single_station_arm,18,1
/home/hansel/Documents/ITProject/Python/PatchTST/experiments/results/baselines/beijing/72h_12h/raw_metrics.csv,patchtst_ci_top5,not_registered_single_station_arm,6,1
/home/hansel/Documents/ITProject/Python/PatchTST/experiments/results/baselines/beijing/72h_12h/raw_metrics.csv,patchtst_ci_top5,not_registered_single_station_arm,6,1
/home/hansel/Documents/ITProject/Python/PatchTST/experiments/results/baselines/beijing/72h_12h/raw_metrics.csv,patchtst_ci_top5,not_registered_single_station_arm,6,1
/home/hansel/Documents/ITProject/Python/PatchTST/experiments/results/baselines/beijing/72h_12h/raw_metrics.csv,multi_gru,not_registered_single_station_arm,18,1
/home/hansel/Documents/ITProject/Python/PatchTST/experiments/results/baselines/beijing/72h_12h/raw_metrics.csv,multi_gru,not_registered_single_station_arm,18,1
/home/hansel/Documents/ITProject/Python/PatchTST/experiments/results/baselines/beijing/72h_12h/raw_metrics.csv,multi_gru,not_registered_single_station_arm,18,1
/home/hansel/Documents/ITProject/Python/PatchTST/experiments/results/baselines/beijing/72h_1h/raw_metrics.csv,trad_spatial_linear,excluded_non_single_station_input,18,1
/home/hansel/Documents/ITProject/Python/PatchTST/experiments/results/baselines/beijing/72h_1h/raw_metrics.csv,plain_mix_patchtst_all,not_registered_single_station_arm,18,1
/home/hansel/Documents/ITProject/Python/PatchTST/experiments/results/baselines/beijing/72h_1h/raw_metrics.csv,plain_mix_patchtst_all,not_registered_single_station_arm,18,1
/home/hansel/Documents/ITProject/Python/PatchTST/experiments/results/baselines/beijing/72h_1h/raw_metrics.csv,plain_mix_patchtst_all,not_registered_single_station_arm,18,1
/home/hansel/Documents/ITProject/Python/PatchTST/experiments/results/baselines/beijing/72h_1h/raw_metrics.csv,plain_mix_patchtst_top5,not_registered_single_station_arm,6,1
/home/hansel/Documents/ITProject/Python/PatchTST/experiments/results/baselines/beijing/72h_1h/raw_metrics.csv,plain_mix_patchtst_top5,not_registered_single_station_arm,6,1
/home/hansel/Documents/ITProject/Python/PatchTST/experiments/results/baselines/beijing/72h_1h/raw_metrics.csv,plain_mix_patchtst_top5,not_registered_single_station_arm,6,1
/home/hansel/Documents/ITProject/Python/PatchTST/experiments/results/baselines/beijing/72h_1h/raw_metrics.csv,patchtst_ci_all,not_registered_single_station_arm,18,1
/home/hansel/Documents/ITProject/Python/PatchTST/experiments/results/baselines/beijing/72h_1h/raw_metrics.csv,patchtst_ci_all,not_registered_single_station_arm,18,1
/home/hansel/Documents/ITProject/Python/PatchTST/experiments/results/baselines/beijing/72h_1h/raw_metrics.csv,patchtst_ci_all,not_registered_single_station_arm,18,1
/home/hansel/Documents/ITProject/Python/PatchTST/experiments/results/baselines/beijing/72h_1h/raw_metrics.csv,patchtst_ci_top5,not_registered_single_station_arm,6,1
/home/hansel/Documents/ITProject/Python/PatchTST/experiments/results/baselines/beijing/72h_1h/raw_metrics.csv,patchtst_ci_top5,not_registered_single_station_arm,6,1
/home/hansel/Documents/ITProject/Python/PatchTST/experiments/results/baselines/beijing/72h_1h/raw_metrics.csv,patchtst_ci_top5,not_registered_single_station_arm,6,1
/home/hansel/Documents/ITProject/Python/PatchTST/experiments/results/baselines/beijing/72h_1h/raw_metrics.csv,multi_gru,not_registered_single_station_arm,18,1
/home/hansel/Documents/ITProject/Python/PatchTST/experiments/results/baselines/beijing/72h_1h/raw_metrics.csv,multi_gru,not_registered_single_station_arm,18,1
/home/hansel/Documents/ITProject/Python/PatchTST/experiments/results/baselines/beijing/72h_1h/raw_metrics.csv,multi_gru,not_registered_single_station_arm,18,1
/home/hansel/Documents/ITProject/Python/PatchTST/experiments/results/baselines/beijing/72h_24h/raw_metrics.csv,trad_spatial_linear,excluded_non_single_station_input,18,1
/home/hansel/Documents/ITProject/Python/PatchTST/experiments/results/baselines/beijing/72h_24h/raw_metrics.csv,plain_mix_patchtst_all,not_registered_single_station_arm,18,1
/home/hansel/Documents/ITProject/Python/PatchTST/experiments/results/baselines/beijing/72h_24h/raw_metrics.csv,plain_mix_patchtst_all,not_registered_single_station_arm,18,1
/home/hansel/Documents/ITProject/Python/PatchTST/experiments/results/baselines/beijing/72h_24h/raw_metrics.csv,plain_mix_patchtst_all,not_registered_single_station_arm,18,1
/home/hansel/Documents/ITProject/Python/PatchTST/experiments/results/baselines/beijing/72h_24h/raw_metrics.csv,plain_mix_patchtst_top5,not_registered_single_station_arm,6,1
/home/hansel/Documents/ITProject/Python/PatchTST/experiments/results/baselines/beijing/72h_24h/raw_metrics.csv,plain_mix_patchtst_top5,not_registered_single_station_arm,6,1
/home/hansel/Documents/ITProject/Python/PatchTST/experiments/results/baselines/beijing/72h_24h/raw_metrics.csv,plain_mix_patchtst_top5,not_registered_single_station_arm,6,1
/home/hansel/Documents/ITProject/Python/PatchTST/experiments/results/baselines/beijing/72h_24h/raw_metrics.csv,patchtst_ci_all,not_registered_single_station_arm,18,1
/home/hansel/Documents/ITProject/Python/PatchTST/experiments/results/baselines/beijing/72h_24h/raw_metrics.csv,patchtst_ci_all,not_registered_single_station_arm,18,1
/home/hansel/Documents/ITProject/Python/PatchTST/experiments/results/baselines/beijing/72h_24h/raw_metrics.csv,patchtst_ci_all,not_registered_single_station_arm,18,1
/home/hansel/Documents/ITProject/Python/PatchTST/experiments/results/baselines/beijing/72h_24h/raw_metrics.csv,patchtst_ci_top5,not_registered_single_station_arm,6,1
/home/hansel/Documents/ITProject/Python/PatchTST/experiments/results/baselines/beijing/72h_24h/raw_metrics.csv,patchtst_ci_top5,not_registered_single_station_arm,6,1
/home/hansel/Documents/ITProject/Python/PatchTST/experiments/results/baselines/beijing/72h_24h/raw_metrics.csv,patchtst_ci_top5,not_registered_single_station_arm,6,1
/home/hansel/Documents/ITProject/Python/PatchTST/experiments/results/baselines/beijing/72h_24h/raw_metrics.csv,multi_gru,not_registered_single_station_arm,18,1
/home/hansel/Documents/ITProject/Python/PatchTST/experiments/results/baselines/beijing/72h_24h/raw_metrics.csv,multi_gru,not_registered_single_station_arm,18,1
/home/hansel/Documents/ITProject/Python/PatchTST/experiments/results/baselines/beijing/72h_24h/raw_metrics.csv,multi_gru,not_registered_single_station_arm,18,1
/home/hansel/Documents/ITProject/Python/PatchTST/experiments/results/baselines/beijing/72h_3h/raw_metrics.csv,trad_spatial_linear,excluded_non_single_station_input,18,1
/home/hansel/Documents/ITProject/Python/PatchTST/experiments/results/baselines/beijing/72h_3h/raw_metrics.csv,plain_mix_patchtst_all,not_registered_single_station_arm,18,1
/home/hansel/Documents/ITProject/Python/PatchTST/experiments/results/baselines/beijing/72h_3h/raw_metrics.csv,plain_mix_patchtst_all,not_registered_single_station_arm,18,1
/home/hansel/Documents/ITProject/Python/PatchTST/experiments/results/baselines/beijing/72h_3h/raw_metrics.csv,plain_mix_patchtst_all,not_registered_single_station_arm,18,1
/home/hansel/Documents/ITProject/Python/PatchTST/experiments/results/baselines/beijing/72h_3h/raw_metrics.csv,plain_mix_patchtst_top5,not_registered_single_station_arm,6,1
/home/hansel/Documents/ITProject/Python/PatchTST/experiments/results/baselines/beijing/72h_3h/raw_metrics.csv,plain_mix_patchtst_top5,not_registered_single_station_arm,6,1
/home/hansel/Documents/ITProject/Python/PatchTST/experiments/results/baselines/beijing/72h_3h/raw_metrics.csv,plain_mix_patchtst_top5,not_registered_single_station_arm,6,1
/home/hansel/Documents/ITProject/Python/PatchTST/experiments/results/baselines/beijing/72h_3h/raw_metrics.csv,patchtst_ci_all,not_registered_single_station_arm,18,1
/home/hansel/Documents/ITProject/Python/PatchTST/experiments/results/baselines/beijing/72h_3h/raw_metrics.csv,patchtst_ci_all,not_registered_single_station_arm,18,1
/home/hansel/Documents/ITProject/Python/PatchTST/experiments/results/baselines/beijing/72h_3h/raw_metrics.csv,patchtst_ci_all,not_registered_single_station_arm,18,1
/home/hansel/Documents/ITProject/Python/PatchTST/experiments/results/baselines/beijing/72h_3h/raw_metrics.csv,patchtst_ci_top5,not_registered_single_station_arm,6,1
/home/hansel/Documents/ITProject/Python/PatchTST/experiments/results/baselines/beijing/72h_3h/raw_metrics.csv,patchtst_ci_top5,not_registered_single_station_arm,6,1
/home/hansel/Documents/ITProject/Python/PatchTST/experiments/results/baselines/beijing/72h_3h/raw_metrics.csv,patchtst_ci_top5,not_registered_single_station_arm,6,1
/home/hansel/Documents/ITProject/Python/PatchTST/experiments/results/baselines/beijing/72h_3h/raw_metrics.csv,multi_gru,not_registered_single_station_arm,18,1
/home/hansel/Documents/ITProject/Python/PatchTST/experiments/results/baselines/beijing/72h_3h/raw_metrics.csv,multi_gru,not_registered_single_station_arm,18,1
/home/hansel/Documents/ITProject/Python/PatchTST/experiments/results/baselines/beijing/72h_3h/raw_metrics.csv,multi_gru,not_registered_single_station_arm,18,1
/home/hansel/Documents/ITProject/Python/PatchTST/experiments/results/baselines/beijing/72h_6h/raw_metrics.csv,trad_spatial_linear,excluded_non_single_station_input,18,1
/home/hansel/Documents/ITProject/Python/PatchTST/experiments/results/baselines/beijing/72h_6h/raw_metrics.csv,plain_mix_patchtst_all,not_registered_single_station_arm,18,1
/home/hansel/Documents/ITProject/Python/PatchTST/experiments/results/baselines/beijing/72h_6h/raw_metrics.csv,plain_mix_patchtst_all,not_registered_single_station_arm,18,1
/home/hansel/Documents/ITProject/Python/PatchTST/experiments/results/baselines/beijing/72h_6h/raw_metrics.csv,plain_mix_patchtst_all,not_registered_single_station_arm,18,1
/home/hansel/Documents/ITProject/Python/PatchTST/experiments/results/baselines/beijing/72h_6h/raw_metrics.csv,plain_mix_patchtst_top5,not_registered_single_station_arm,6,1
/home/hansel/Documents/ITProject/Python/PatchTST/experiments/results/baselines/beijing/72h_6h/raw_metrics.csv,plain_mix_patchtst_top5,not_registered_single_station_arm,6,1
/home/hansel/Documents/ITProject/Python/PatchTST/experiments/results/baselines/beijing/72h_6h/raw_metrics.csv,plain_mix_patchtst_top5,not_registered_single_station_arm,6,1
/home/hansel/Documents/ITProject/Python/PatchTST/experiments/results/baselines/beijing/72h_6h/raw_metrics.csv,patchtst_ci_all,not_registered_single_station_arm,18,1
/home/hansel/Documents/ITProject/Python/PatchTST/experiments/results/baselines/beijing/72h_6h/raw_metrics.csv,patchtst_ci_all,not_registered_single_station_arm,18,1
/home/hansel/Documents/ITProject/Python/PatchTST/experiments/results/baselines/beijing/72h_6h/raw_metrics.csv,patchtst_ci_all,not_registered_single_station_arm,18,1
/home/hansel/Documents/ITProject/Python/PatchTST/experiments/results/baselines/beijing/72h_6h/raw_metrics.csv,patchtst_ci_top5,not_registered_single_station_arm,6,1
/home/hansel/Documents/ITProject/Python/PatchTST/experiments/results/baselines/beijing/72h_6h/raw_metrics.csv,patchtst_ci_top5,not_registered_single_station_arm,6,1
/home/hansel/Documents/ITProject/Python/PatchTST/experiments/results/baselines/beijing/72h_6h/raw_metrics.csv,patchtst_ci_top5,not_registered_single_station_arm,6,1
/home/hansel/Documents/ITProject/Python/PatchTST/experiments/results/baselines/beijing/72h_6h/raw_metrics.csv,multi_gru,not_registered_single_station_arm,18,1
/home/hansel/Documents/ITProject/Python/PatchTST/experiments/results/baselines/beijing/72h_6h/raw_metrics.csv,multi_gru,not_registered_single_station_arm,18,1
/home/hansel/Documents/ITProject/Python/PatchTST/experiments/results/baselines/beijing/72h_6h/raw_metrics.csv,multi_gru,not_registered_single_station_arm,18,1
/home/hansel/Documents/ITProject/Python/PatchTST/experiments/results/baselines/guangzhou/168h_6h/station_9020/raw_metrics.csv,trad_spatial_linear,excluded_non_single_station_input,6,1
/home/hansel/Documents/ITProject/Python/PatchTST/experiments/results/baselines/guangzhou/168h_6h/station_9020/raw_metrics.csv,plain_mix_patchtst_all,not_registered_single_station_arm,6,1
/home/hansel/Documents/ITProject/Python/PatchTST/experiments/results/baselines/guangzhou/168h_6h/station_9020/raw_metrics.csv,plain_mix_patchtst_all,not_registered_single_station_arm,6,1
/home/hansel/Documents/ITProject/Python/PatchTST/experiments/results/baselines/guangzhou/168h_6h/station_9020/raw_metrics.csv,plain_mix_patchtst_all,not_registered_single_station_arm,6,1
/home/hansel/Documents/ITProject/Python/PatchTST/experiments/results/baselines/guangzhou/168h_6h/station_9020/raw_metrics.csv,plain_mix_patchtst_top5,not_registered_single_station_arm,6,1
/home/hansel/Documents/ITProject/Python/PatchTST/experiments/results/baselines/guangzhou/168h_6h/station_9020/raw_metrics.csv,plain_mix_patchtst_top5,not_registered_single_station_arm,6,1
/home/hansel/Documents/ITProject/Python/PatchTST/experiments/results/baselines/guangzhou/168h_6h/station_9020/raw_metrics.csv,plain_mix_patchtst_top5,not_registered_single_station_arm,6,1
/home/hansel/Documents/ITProject/Python/PatchTST/experiments/results/baselines/guangzhou/168h_6h/station_9020/raw_metrics.csv,multi_gru,not_registered_single_station_arm,6,1
/home/hansel/Documents/ITProject/Python/PatchTST/experiments/results/baselines/guangzhou/168h_6h/station_9020/raw_metrics.csv,multi_gru,not_registered_single_station_arm,6,1
/home/hansel/Documents/ITProject/Python/PatchTST/experiments/results/baselines/guangzhou/168h_6h/station_9020/raw_metrics.csv,multi_gru,not_registered_single_station_arm,6,1
/home/hansel/Documents/ITProject/Python/PatchTST/experiments/results/baselines/guangzhou/168h_6h/station_9020/raw_metrics.csv,plain_mix_patchtst_all,not_registered_single_station_arm,6,1
/home/hansel/Documents/ITProject/Python/PatchTST/experiments/results/baselines/guangzhou/168h_6h/station_9020/raw_metrics.csv,plain_mix_patchtst_all,not_registered_single_station_arm,6,1
/home/hansel/Documents/ITProject/Python/PatchTST/experiments/results/baselines/guangzhou/168h_6h/station_9020/raw_metrics.csv,plain_mix_patchtst_all,not_registered_single_station_arm,6,1
/home/hansel/Documents/ITProject/Python/PatchTST/experiments/results/baselines/guangzhou/168h_6h/station_9020/raw_metrics.csv,plain_mix_patchtst_top5,not_registered_single_station_arm,6,1
/home/hansel/Documents/ITProject/Python/PatchTST/experiments/results/baselines/guangzhou/168h_6h/station_9020/raw_metrics.csv,plain_mix_patchtst_top5,not_registered_single_station_arm,6,1
/home/hansel/Documents/ITProject/Python/PatchTST/experiments/results/baselines/guangzhou/168h_6h/station_9020/raw_metrics.csv,plain_mix_patchtst_top5,not_registered_single_station_arm,6,1
/home/hansel/Documents/ITProject/Python/PatchTST/experiments/results/baselines/guangzhou/168h_6h/station_9020/raw_metrics.csv,multi_gru,not_registered_single_station_arm,6,1
/home/hansel/Documents/ITProject/Python/PatchTST/experiments/results/baselines/guangzhou/168h_6h/station_9020/raw_metrics.csv,multi_gru,not_registered_single_station_arm,6,1
/home/hansel/Documents/ITProject/Python/PatchTST/experiments/results/baselines/guangzhou/168h_6h/station_9020/raw_metrics.csv,multi_gru,not_registered_single_station_arm,6,1
/home/hansel/Documents/ITProject/Python/PatchTST/experiments/results/baselines/guangzhou/168h_6h/station_9026/raw_metrics.csv,trad_spatial_linear,excluded_non_single_station_input,6,1
/home/hansel/Documents/ITProject/Python/PatchTST/experiments/results/baselines/guangzhou/168h_6h/station_9026/raw_metrics.csv,plain_mix_patchtst_all,not_registered_single_station_arm,6,1
/home/hansel/Documents/ITProject/Python/PatchTST/experiments/results/baselines/guangzhou/168h_6h/station_9026/raw_metrics.csv,plain_mix_patchtst_all,not_registered_single_station_arm,6,1
/home/hansel/Documents/ITProject/Python/PatchTST/experiments/results/baselines/guangzhou/168h_6h/station_9026/raw_metrics.csv,plain_mix_patchtst_all,not_registered_single_station_arm,6,1
/home/hansel/Documents/ITProject/Python/PatchTST/experiments/results/baselines/guangzhou/168h_6h/station_9026/raw_metrics.csv,plain_mix_patchtst_top5,not_registered_single_station_arm,6,1
/home/hansel/Documents/ITProject/Python/PatchTST/experiments/results/baselines/guangzhou/168h_6h/station_9026/raw_metrics.csv,plain_mix_patchtst_top5,not_registered_single_station_arm,6,1
/home/hansel/Documents/ITProject/Python/PatchTST/experiments/results/baselines/guangzhou/168h_6h/station_9026/raw_metrics.csv,plain_mix_patchtst_top5,not_registered_single_station_arm,6,1
/home/hansel/Documents/ITProject/Python/PatchTST/experiments/results/baselines/guangzhou/168h_6h/station_9026/raw_metrics.csv,multi_gru,not_registered_single_station_arm,6,1
/home/hansel/Documents/ITProject/Python/PatchTST/experiments/results/baselines/guangzhou/168h_6h/station_9026/raw_metrics.csv,multi_gru,not_registered_single_station_arm,6,1
/home/hansel/Documents/ITProject/Python/PatchTST/experiments/results/baselines/guangzhou/168h_6h/station_9026/raw_metrics.csv,multi_gru,not_registered_single_station_arm,6,1
/home/hansel/Documents/ITProject/Python/PatchTST/experiments/results/baselines/guangzhou/168h_6h/station_9026/raw_metrics.csv,plain_mix_patchtst_all,not_registered_single_station_arm,6,1
/home/hansel/Documents/ITProject/Python/PatchTST/experiments/results/baselines/guangzhou/168h_6h/station_9026/raw_metrics.csv,plain_mix_patchtst_all,not_registered_single_station_arm,6,1
/home/hansel/Documents/ITProject/Python/PatchTST/experiments/results/baselines/guangzhou/168h_6h/station_9026/raw_metrics.csv,plain_mix_patchtst_all,not_registered_single_station_arm,6,1
/home/hansel/Documents/ITProject/Python/PatchTST/experiments/results/baselines/guangzhou/168h_6h/station_9026/raw_metrics.csv,plain_mix_patchtst_top5,not_registered_single_station_arm,6,1
/home/hansel/Documents/ITProject/Python/PatchTST/experiments/results/baselines/guangzhou/168h_6h/station_9026/raw_metrics.csv,plain_mix_patchtst_top5,not_registered_single_station_arm,6,1
/home/hansel/Documents/ITProject/Python/PatchTST/experiments/results/baselines/guangzhou/168h_6h/station_9026/raw_metrics.csv,plain_mix_patchtst_top5,not_registered_single_station_arm,6,1
/home/hansel/Documents/ITProject/Python/PatchTST/experiments/results/baselines/guangzhou/168h_6h/station_9026/raw_metrics.csv,multi_gru,not_registered_single_station_arm,6,1
/home/hansel/Documents/ITProject/Python/PatchTST/experiments/results/baselines/guangzhou/168h_6h/station_9026/raw_metrics.csv,multi_gru,not_registered_single_station_arm,6,1
/home/hansel/Documents/ITProject/Python/PatchTST/experiments/results/baselines/guangzhou/168h_6h/station_9026/raw_metrics.csv,multi_gru,not_registered_single_station_arm,6,1
/home/hansel/Documents/ITProject/Python/PatchTST/experiments/results/baselines/guangzhou/168h_6h/station_9032/raw_metrics.csv,trad_spatial_linear,excluded_non_single_station_input,6,1
/home/hansel/Documents/ITProject/Python/PatchTST/experiments/results/baselines/guangzhou/168h_6h/station_9032/raw_metrics.csv,plain_mix_patchtst_all,not_registered_single_station_arm,6,1
/home/hansel/Documents/ITProject/Python/PatchTST/experiments/results/baselines/guangzhou/168h_6h/station_9032/raw_metrics.csv,plain_mix_patchtst_all,not_registered_single_station_arm,6,1
/home/hansel/Documents/ITProject/Python/PatchTST/experiments/results/baselines/guangzhou/168h_6h/station_9032/raw_metrics.csv,plain_mix_patchtst_all,not_registered_single_station_arm,6,1
/home/hansel/Documents/ITProject/Python/PatchTST/experiments/results/baselines/guangzhou/168h_6h/station_9032/raw_metrics.csv,plain_mix_patchtst_top5,not_registered_single_station_arm,6,1
/home/hansel/Documents/ITProject/Python/PatchTST/experiments/results/baselines/guangzhou/168h_6h/station_9032/raw_metrics.csv,plain_mix_patchtst_top5,not_registered_single_station_arm,6,1
/home/hansel/Documents/ITProject/Python/PatchTST/experiments/results/baselines/guangzhou/168h_6h/station_9032/raw_metrics.csv,plain_mix_patchtst_top5,not_registered_single_station_arm,6,1
/home/hansel/Documents/ITProject/Python/PatchTST/experiments/results/baselines/guangzhou/168h_6h/station_9032/raw_metrics.csv,multi_gru,not_registered_single_station_arm,6,1
/home/hansel/Documents/ITProject/Python/PatchTST/experiments/results/baselines/guangzhou/168h_6h/station_9032/raw_metrics.csv,multi_gru,not_registered_single_station_arm,6,1
/home/hansel/Documents/ITProject/Python/PatchTST/experiments/results/baselines/guangzhou/168h_6h/station_9032/raw_metrics.csv,multi_gru,not_registered_single_station_arm,6,1
/home/hansel/Documents/ITProject/Python/PatchTST/experiments/results/baselines/guangzhou/168h_6h/station_9032/raw_metrics.csv,plain_mix_patchtst_all,not_registered_single_station_arm,6,1
/home/hansel/Documents/ITProject/Python/PatchTST/experiments/results/baselines/guangzhou/168h_6h/station_9032/raw_metrics.csv,plain_mix_patchtst_all,not_registered_single_station_arm,6,1
/home/hansel/Documents/ITProject/Python/PatchTST/experiments/results/baselines/guangzhou/168h_6h/station_9032/raw_metrics.csv,plain_mix_patchtst_all,not_registered_single_station_arm,6,1
/home/hansel/Documents/ITProject/Python/PatchTST/experiments/results/baselines/guangzhou/168h_6h/station_9032/raw_metrics.csv,plain_mix_patchtst_top5,not_registered_single_station_arm,6,1
/home/hansel/Documents/ITProject/Python/PatchTST/experiments/results/baselines/guangzhou/168h_6h/station_9032/raw_metrics.csv,plain_mix_patchtst_top5,not_registered_single_station_arm,6,1
/home/hansel/Documents/ITProject/Python/PatchTST/experiments/results/baselines/guangzhou/168h_6h/station_9032/raw_metrics.csv,plain_mix_patchtst_top5,not_registered_single_station_arm,6,1
/home/hansel/Documents/ITProject/Python/PatchTST/experiments/results/baselines/guangzhou/168h_6h/station_9032/raw_metrics.csv,multi_gru,not_registered_single_station_arm,6,1
/home/hansel/Documents/ITProject/Python/PatchTST/experiments/results/baselines/guangzhou/168h_6h/station_9032/raw_metrics.csv,multi_gru,not_registered_single_station_arm,6,1
/home/hansel/Documents/ITProject/Python/PatchTST/experiments/results/baselines/guangzhou/168h_6h/station_9032/raw_metrics.csv,multi_gru,not_registered_single_station_arm,6,1
/home/hansel/Documents/ITProject/Python/PatchTST/experiments/results/baselines/guangzhou/168h_6h/station_9033/raw_metrics.csv,trad_spatial_linear,excluded_non_single_station_input,6,1
/home/hansel/Documents/ITProject/Python/PatchTST/experiments/results/baselines/guangzhou/168h_6h/station_9033/raw_metrics.csv,plain_mix_patchtst_all,not_registered_single_station_arm,6,1
/home/hansel/Documents/ITProject/Python/PatchTST/experiments/results/baselines/guangzhou/168h_6h/station_9033/raw_metrics.csv,plain_mix_patchtst_all,not_registered_single_station_arm,6,1
/home/hansel/Documents/ITProject/Python/PatchTST/experiments/results/baselines/guangzhou/168h_6h/station_9033/raw_metrics.csv,plain_mix_patchtst_all,not_registered_single_station_arm,6,1
/home/hansel/Documents/ITProject/Python/PatchTST/experiments/results/baselines/guangzhou/168h_6h/station_9033/raw_metrics.csv,plain_mix_patchtst_top5,not_registered_single_station_arm,6,1
/home/hansel/Documents/ITProject/Python/PatchTST/experiments/results/baselines/guangzhou/168h_6h/station_9033/raw_metrics.csv,plain_mix_patchtst_top5,not_registered_single_station_arm,6,1
/home/hansel/Documents/ITProject/Python/PatchTST/experiments/results/baselines/guangzhou/168h_6h/station_9033/raw_metrics.csv,plain_mix_patchtst_top5,not_registered_single_station_arm,6,1
/home/hansel/Documents/ITProject/Python/PatchTST/experiments/results/baselines/guangzhou/168h_6h/station_9033/raw_metrics.csv,multi_gru,not_registered_single_station_arm,6,1
/home/hansel/Documents/ITProject/Python/PatchTST/experiments/results/baselines/guangzhou/168h_6h/station_9033/raw_metrics.csv,multi_gru,not_registered_single_station_arm,6,1
/home/hansel/Documents/ITProject/Python/PatchTST/experiments/results/baselines/guangzhou/168h_6h/station_9033/raw_metrics.csv,multi_gru,not_registered_single_station_arm,6,1
/home/hansel/Documents/ITProject/Python/PatchTST/experiments/results/baselines/guangzhou/168h_6h/station_9033/raw_metrics.csv,plain_mix_patchtst_all,not_registered_single_station_arm,6,1
/home/hansel/Documents/ITProject/Python/PatchTST/experiments/results/baselines/guangzhou/168h_6h/station_9033/raw_metrics.csv,plain_mix_patchtst_all,not_registered_single_station_arm,6,1
/home/hansel/Documents/ITProject/Python/PatchTST/experiments/results/baselines/guangzhou/168h_6h/station_9033/raw_metrics.csv,plain_mix_patchtst_all,not_registered_single_station_arm,6,1
/home/hansel/Documents/ITProject/Python/PatchTST/experiments/results/baselines/guangzhou/168h_6h/station_9033/raw_metrics.csv,plain_mix_patchtst_top5,not_registered_single_station_arm,6,1
/home/hansel/Documents/ITProject/Python/PatchTST/experiments/results/baselines/guangzhou/168h_6h/station_9033/raw_metrics.csv,plain_mix_patchtst_top5,not_registered_single_station_arm,6,1
/home/hansel/Documents/ITProject/Python/PatchTST/experiments/results/baselines/guangzhou/168h_6h/station_9033/raw_metrics.csv,plain_mix_patchtst_top5,not_registered_single_station_arm,6,1
/home/hansel/Documents/ITProject/Python/PatchTST/experiments/results/baselines/guangzhou/168h_6h/station_9033/raw_metrics.csv,multi_gru,not_registered_single_station_arm,6,1
/home/hansel/Documents/ITProject/Python/PatchTST/experiments/results/baselines/guangzhou/168h_6h/station_9033/raw_metrics.csv,multi_gru,not_registered_single_station_arm,6,1
/home/hansel/Documents/ITProject/Python/PatchTST/experiments/results/baselines/guangzhou/168h_6h/station_9033/raw_metrics.csv,multi_gru,not_registered_single_station_arm,6,1
/home/hansel/Documents/ITProject/Python/PatchTST/experiments/results/baselines/guangzhou/168h_6h/station_9038/raw_metrics.csv,trad_spatial_linear,excluded_non_single_station_input,6,1
/home/hansel/Documents/ITProject/Python/PatchTST/experiments/results/baselines/guangzhou/168h_6h/station_9038/raw_metrics.csv,plain_mix_patchtst_all,not_registered_single_station_arm,6,1
/home/hansel/Documents/ITProject/Python/PatchTST/experiments/results/baselines/guangzhou/168h_6h/station_9038/raw_metrics.csv,plain_mix_patchtst_all,not_registered_single_station_arm,6,1
/home/hansel/Documents/ITProject/Python/PatchTST/experiments/results/baselines/guangzhou/168h_6h/station_9038/raw_metrics.csv,plain_mix_patchtst_all,not_registered_single_station_arm,6,1
/home/hansel/Documents/ITProject/Python/PatchTST/experiments/results/baselines/guangzhou/168h_6h/station_9038/raw_metrics.csv,plain_mix_patchtst_top5,not_registered_single_station_arm,6,1
/home/hansel/Documents/ITProject/Python/PatchTST/experiments/results/baselines/guangzhou/168h_6h/station_9038/raw_metrics.csv,plain_mix_patchtst_top5,not_registered_single_station_arm,6,1
/home/hansel/Documents/ITProject/Python/PatchTST/experiments/results/baselines/guangzhou/168h_6h/station_9038/raw_metrics.csv,plain_mix_patchtst_top5,not_registered_single_station_arm,6,1
/home/hansel/Documents/ITProject/Python/PatchTST/experiments/results/baselines/guangzhou/168h_6h/station_9038/raw_metrics.csv,multi_gru,not_registered_single_station_arm,6,1
/home/hansel/Documents/ITProject/Python/PatchTST/experiments/results/baselines/guangzhou/168h_6h/station_9038/raw_metrics.csv,multi_gru,not_registered_single_station_arm,6,1
/home/hansel/Documents/ITProject/Python/PatchTST/experiments/results/baselines/guangzhou/168h_6h/station_9038/raw_metrics.csv,multi_gru,not_registered_single_station_arm,6,1
/home/hansel/Documents/ITProject/Python/PatchTST/experiments/results/baselines/guangzhou/168h_6h/station_9038/raw_metrics.csv,plain_mix_patchtst_all,not_registered_single_station_arm,6,1
/home/hansel/Documents/ITProject/Python/PatchTST/experiments/results/baselines/guangzhou/168h_6h/station_9038/raw_metrics.csv,plain_mix_patchtst_all,not_registered_single_station_arm,6,1
/home/hansel/Documents/ITProject/Python/PatchTST/experiments/results/baselines/guangzhou/168h_6h/station_9038/raw_metrics.csv,plain_mix_patchtst_all,not_registered_single_station_arm,6,1
/home/hansel/Documents/ITProject/Python/PatchTST/experiments/results/baselines/guangzhou/168h_6h/station_9038/raw_metrics.csv,plain_mix_patchtst_top5,not_registered_single_station_arm,6,1
/home/hansel/Documents/ITProject/Python/PatchTST/experiments/results/baselines/guangzhou/168h_6h/station_9038/raw_metrics.csv,plain_mix_patchtst_top5,not_registered_single_station_arm,6,1
/home/hansel/Documents/ITProject/Python/PatchTST/experiments/results/baselines/guangzhou/168h_6h/station_9038/raw_metrics.csv,plain_mix_patchtst_top5,not_registered_single_station_arm,6,1
/home/hansel/Documents/ITProject/Python/PatchTST/experiments/results/baselines/guangzhou/168h_6h/station_9038/raw_metrics.csv,multi_gru,not_registered_single_station_arm,6,1
/home/hansel/Documents/ITProject/Python/PatchTST/experiments/results/baselines/guangzhou/168h_6h/station_9038/raw_metrics.csv,multi_gru,not_registered_single_station_arm,6,1
/home/hansel/Documents/ITProject/Python/PatchTST/experiments/results/baselines/guangzhou/168h_6h/station_9038/raw_metrics.csv,multi_gru,not_registered_single_station_arm,6,1
/home/hansel/Documents/ITProject/Python/PatchTST/experiments/results/baselines/guangzhou/168h_6h/station_9039/raw_metrics.csv,trad_spatial_linear,excluded_non_single_station_input,6,1
/home/hansel/Documents/ITProject/Python/PatchTST/experiments/results/baselines/guangzhou/168h_6h/station_9039/raw_metrics.csv,plain_mix_patchtst_all,not_registered_single_station_arm,6,1
/home/hansel/Documents/ITProject/Python/PatchTST/experiments/results/baselines/guangzhou/168h_6h/station_9039/raw_metrics.csv,plain_mix_patchtst_all,not_registered_single_station_arm,6,1
/home/hansel/Documents/ITProject/Python/PatchTST/experiments/results/baselines/guangzhou/168h_6h/station_9039/raw_metrics.csv,plain_mix_patchtst_all,not_registered_single_station_arm,6,1
/home/hansel/Documents/ITProject/Python/PatchTST/experiments/results/baselines/guangzhou/168h_6h/station_9039/raw_metrics.csv,plain_mix_patchtst_top5,not_registered_single_station_arm,6,1
/home/hansel/Documents/ITProject/Python/PatchTST/experiments/results/baselines/guangzhou/168h_6h/station_9039/raw_metrics.csv,plain_mix_patchtst_top5,not_registered_single_station_arm,6,1
/home/hansel/Documents/ITProject/Python/PatchTST/experiments/results/baselines/guangzhou/168h_6h/station_9039/raw_metrics.csv,plain_mix_patchtst_top5,not_registered_single_station_arm,6,1
/home/hansel/Documents/ITProject/Python/PatchTST/experiments/results/baselines/guangzhou/168h_6h/station_9039/raw_metrics.csv,multi_gru,not_registered_single_station_arm,6,1
/home/hansel/Documents/ITProject/Python/PatchTST/experiments/results/baselines/guangzhou/168h_6h/station_9039/raw_metrics.csv,multi_gru,not_registered_single_station_arm,6,1
/home/hansel/Documents/ITProject/Python/PatchTST/experiments/results/baselines/guangzhou/168h_6h/station_9039/raw_metrics.csv,multi_gru,not_registered_single_station_arm,6,1
/home/hansel/Documents/ITProject/Python/PatchTST/experiments/results/baselines/guangzhou/168h_6h/station_9039/raw_metrics.csv,plain_mix_patchtst_all,not_registered_single_station_arm,6,1
/home/hansel/Documents/ITProject/Python/PatchTST/experiments/results/baselines/guangzhou/168h_6h/station_9039/raw_metrics.csv,plain_mix_patchtst_all,not_registered_single_station_arm,6,1
/home/hansel/Documents/ITProject/Python/PatchTST/experiments/results/baselines/guangzhou/168h_6h/station_9039/raw_metrics.csv,plain_mix_patchtst_all,not_registered_single_station_arm,6,1
/home/hansel/Documents/ITProject/Python/PatchTST/experiments/results/baselines/guangzhou/168h_6h/station_9039/raw_metrics.csv,plain_mix_patchtst_top5,not_registered_single_station_arm,6,1
/home/hansel/Documents/ITProject/Python/PatchTST/experiments/results/baselines/guangzhou/168h_6h/station_9039/raw_metrics.csv,plain_mix_patchtst_top5,not_registered_single_station_arm,6,1
/home/hansel/Documents/ITProject/Python/PatchTST/experiments/results/baselines/guangzhou/168h_6h/station_9039/raw_metrics.csv,plain_mix_patchtst_top5,not_registered_single_station_arm,6,1
/home/hansel/Documents/ITProject/Python/PatchTST/experiments/results/baselines/guangzhou/168h_6h/station_9039/raw_metrics.csv,multi_gru,not_registered_single_station_arm,6,1
/home/hansel/Documents/ITProject/Python/PatchTST/experiments/results/baselines/guangzhou/168h_6h/station_9039/raw_metrics.csv,multi_gru,not_registered_single_station_arm,6,1
/home/hansel/Documents/ITProject/Python/PatchTST/experiments/results/baselines/guangzhou/168h_6h/station_9039/raw_metrics.csv,multi_gru,not_registered_single_station_arm,6,1
/home/hansel/Documents/ITProject/Python/PatchTST/experiments/results/baselines/guangzhou/168h_6h/station_9045/raw_metrics.csv,trad_spatial_linear,excluded_non_single_station_input,6,1
/home/hansel/Documents/ITProject/Python/PatchTST/experiments/results/baselines/guangzhou/168h_6h/station_9045/raw_metrics.csv,plain_mix_patchtst_all,not_registered_single_station_arm,6,1
/home/hansel/Documents/ITProject/Python/PatchTST/experiments/results/baselines/guangzhou/168h_6h/station_9045/raw_metrics.csv,plain_mix_patchtst_all,not_registered_single_station_arm,6,1
/home/hansel/Documents/ITProject/Python/PatchTST/experiments/results/baselines/guangzhou/168h_6h/station_9045/raw_metrics.csv,plain_mix_patchtst_all,not_registered_single_station_arm,6,1
/home/hansel/Documents/ITProject/Python/PatchTST/experiments/results/baselines/guangzhou/168h_6h/station_9045/raw_metrics.csv,plain_mix_patchtst_top5,not_registered_single_station_arm,6,1
/home/hansel/Documents/ITProject/Python/PatchTST/experiments/results/baselines/guangzhou/168h_6h/station_9045/raw_metrics.csv,plain_mix_patchtst_top5,not_registered_single_station_arm,6,1
/home/hansel/Documents/ITProject/Python/PatchTST/experiments/results/baselines/guangzhou/168h_6h/station_9045/raw_metrics.csv,plain_mix_patchtst_top5,not_registered_single_station_arm,6,1
/home/hansel/Documents/ITProject/Python/PatchTST/experiments/results/baselines/guangzhou/168h_6h/station_9045/raw_metrics.csv,multi_gru,not_registered_single_station_arm,6,1
/home/hansel/Documents/ITProject/Python/PatchTST/experiments/results/baselines/guangzhou/168h_6h/station_9045/raw_metrics.csv,multi_gru,not_registered_single_station_arm,6,1
/home/hansel/Documents/ITProject/Python/PatchTST/experiments/results/baselines/guangzhou/168h_6h/station_9045/raw_metrics.csv,multi_gru,not_registered_single_station_arm,6,1
/home/hansel/Documents/ITProject/Python/PatchTST/experiments/results/baselines/guangzhou/168h_6h/station_9045/raw_metrics.csv,plain_mix_patchtst_all,not_registered_single_station_arm,6,1
/home/hansel/Documents/ITProject/Python/PatchTST/experiments/results/baselines/guangzhou/168h_6h/station_9045/raw_metrics.csv,plain_mix_patchtst_all,not_registered_single_station_arm,6,1
/home/hansel/Documents/ITProject/Python/PatchTST/experiments/results/baselines/guangzhou/168h_6h/station_9045/raw_metrics.csv,plain_mix_patchtst_all,not_registered_single_station_arm,6,1
/home/hansel/Documents/ITProject/Python/PatchTST/experiments/results/baselines/guangzhou/168h_6h/station_9045/raw_metrics.csv,plain_mix_patchtst_top5,not_registered_single_station_arm,6,1
/home/hansel/Documents/ITProject/Python/PatchTST/experiments/results/baselines/guangzhou/168h_6h/station_9045/raw_metrics.csv,plain_mix_patchtst_top5,not_registered_single_station_arm,6,1
/home/hansel/Documents/ITProject/Python/PatchTST/experiments/results/baselines/guangzhou/168h_6h/station_9045/raw_metrics.csv,plain_mix_patchtst_top5,not_registered_single_station_arm,6,1
/home/hansel/Documents/ITProject/Python/PatchTST/experiments/results/baselines/guangzhou/168h_6h/station_9045/raw_metrics.csv,multi_gru,not_registered_single_station_arm,6,1
/home/hansel/Documents/ITProject/Python/PatchTST/experiments/results/baselines/guangzhou/168h_6h/station_9045/raw_metrics.csv,multi_gru,not_registered_single_station_arm,6,1
/home/hansel/Documents/ITProject/Python/PatchTST/experiments/results/baselines/guangzhou/168h_6h/station_9045/raw_metrics.csv,multi_gru,not_registered_single_station_arm,6,1
/home/hansel/Documents/ITProject/Python/PatchTST/experiments/results/baselines/guangzhou/168h_6h/station_9046/raw_metrics.csv,trad_spatial_linear,excluded_non_single_station_input,6,1
/home/hansel/Documents/ITProject/Python/PatchTST/experiments/results/baselines/guangzhou/168h_6h/station_9046/raw_metrics.csv,plain_mix_patchtst_all,not_registered_single_station_arm,6,1
/home/hansel/Documents/ITProject/Python/PatchTST/experiments/results/baselines/guangzhou/168h_6h/station_9046/raw_metrics.csv,plain_mix_patchtst_all,not_registered_single_station_arm,6,1
/home/hansel/Documents/ITProject/Python/PatchTST/experiments/results/baselines/guangzhou/168h_6h/station_9046/raw_metrics.csv,plain_mix_patchtst_all,not_registered_single_station_arm,6,1
/home/hansel/Documents/ITProject/Python/PatchTST/experiments/results/baselines/guangzhou/168h_6h/station_9046/raw_metrics.csv,plain_mix_patchtst_top5,not_registered_single_station_arm,6,1
/home/hansel/Documents/ITProject/Python/PatchTST/experiments/results/baselines/guangzhou/168h_6h/station_9046/raw_metrics.csv,plain_mix_patchtst_top5,not_registered_single_station_arm,6,1
/home/hansel/Documents/ITProject/Python/PatchTST/experiments/results/baselines/guangzhou/168h_6h/station_9046/raw_metrics.csv,plain_mix_patchtst_top5,not_registered_single_station_arm,6,1
/home/hansel/Documents/ITProject/Python/PatchTST/experiments/results/baselines/guangzhou/168h_6h/station_9046/raw_metrics.csv,multi_gru,not_registered_single_station_arm,6,1
/home/hansel/Documents/ITProject/Python/PatchTST/experiments/results/baselines/guangzhou/168h_6h/station_9046/raw_metrics.csv,multi_gru,not_registered_single_station_arm,6,1
/home/hansel/Documents/ITProject/Python/PatchTST/experiments/results/baselines/guangzhou/168h_6h/station_9046/raw_metrics.csv,multi_gru,not_registered_single_station_arm,6,1
/home/hansel/Documents/ITProject/Python/PatchTST/experiments/results/baselines/guangzhou/168h_6h/station_9046/raw_metrics.csv,plain_mix_patchtst_all,not_registered_single_station_arm,6,1
/home/hansel/Documents/ITProject/Python/PatchTST/experiments/results/baselines/guangzhou/168h_6h/station_9046/raw_metrics.csv,plain_mix_patchtst_all,not_registered_single_station_arm,6,1
/home/hansel/Documents/ITProject/Python/PatchTST/experiments/results/baselines/guangzhou/168h_6h/station_9046/raw_metrics.csv,plain_mix_patchtst_all,not_registered_single_station_arm,6,1
/home/hansel/Documents/ITProject/Python/PatchTST/experiments/results/baselines/guangzhou/168h_6h/station_9046/raw_metrics.csv,plain_mix_patchtst_top5,not_registered_single_station_arm,6,1
/home/hansel/Documents/ITProject/Python/PatchTST/experiments/results/baselines/guangzhou/168h_6h/station_9046/raw_metrics.csv,plain_mix_patchtst_top5,not_registered_single_station_arm,6,1
/home/hansel/Documents/ITProject/Python/PatchTST/experiments/results/baselines/guangzhou/168h_6h/station_9046/raw_metrics.csv,plain_mix_patchtst_top5,not_registered_single_station_arm,6,1
/home/hansel/Documents/ITProject/Python/PatchTST/experiments/results/baselines/guangzhou/168h_6h/station_9046/raw_metrics.csv,multi_gru,not_registered_single_station_arm,6,1
/home/hansel/Documents/ITProject/Python/PatchTST/experiments/results/baselines/guangzhou/168h_6h/station_9046/raw_metrics.csv,multi_gru,not_registered_single_station_arm,6,1
/home/hansel/Documents/ITProject/Python/PatchTST/experiments/results/baselines/guangzhou/168h_6h/station_9046/raw_metrics.csv,multi_gru,not_registered_single_station_arm,6,1
/home/hansel/Documents/ITProject/Python/PatchTST/experiments/results/baselines/guangzhou/24h_1h/station_9020/raw_metrics.csv,trad_spatial_linear,excluded_non_single_station_input,6,1
/home/hansel/Documents/ITProject/Python/PatchTST/experiments/results/baselines/guangzhou/24h_1h/station_9020/raw_metrics.csv,plain_mix_patchtst_all,not_registered_single_station_arm,6,1
/home/hansel/Documents/ITProject/Python/PatchTST/experiments/results/baselines/guangzhou/24h_1h/station_9020/raw_metrics.csv,plain_mix_patchtst_all,not_registered_single_station_arm,6,1
/home/hansel/Documents/ITProject/Python/PatchTST/experiments/results/baselines/guangzhou/24h_1h/station_9020/raw_metrics.csv,plain_mix_patchtst_all,not_registered_single_station_arm,6,1
/home/hansel/Documents/ITProject/Python/PatchTST/experiments/results/baselines/guangzhou/24h_1h/station_9020/raw_metrics.csv,plain_mix_patchtst_top5,not_registered_single_station_arm,6,1
/home/hansel/Documents/ITProject/Python/PatchTST/experiments/results/baselines/guangzhou/24h_1h/station_9020/raw_metrics.csv,plain_mix_patchtst_top5,not_registered_single_station_arm,6,1
/home/hansel/Documents/ITProject/Python/PatchTST/experiments/results/baselines/guangzhou/24h_1h/station_9020/raw_metrics.csv,plain_mix_patchtst_top5,not_registered_single_station_arm,6,1
/home/hansel/Documents/ITProject/Python/PatchTST/experiments/results/baselines/guangzhou/24h_1h/station_9020/raw_metrics.csv,multi_gru,not_registered_single_station_arm,6,1
/home/hansel/Documents/ITProject/Python/PatchTST/experiments/results/baselines/guangzhou/24h_1h/station_9020/raw_metrics.csv,multi_gru,not_registered_single_station_arm,6,1
/home/hansel/Documents/ITProject/Python/PatchTST/experiments/results/baselines/guangzhou/24h_1h/station_9020/raw_metrics.csv,multi_gru,not_registered_single_station_arm,6,1
/home/hansel/Documents/ITProject/Python/PatchTST/experiments/results/baselines/guangzhou/24h_1h/station_9020/raw_metrics.csv,plain_mix_patchtst_all,not_registered_single_station_arm,6,1
/home/hansel/Documents/ITProject/Python/PatchTST/experiments/results/baselines/guangzhou/24h_1h/station_9020/raw_metrics.csv,plain_mix_patchtst_all,not_registered_single_station_arm,6,1
/home/hansel/Documents/ITProject/Python/PatchTST/experiments/results/baselines/guangzhou/24h_1h/station_9020/raw_metrics.csv,plain_mix_patchtst_all,not_registered_single_station_arm,6,1
/home/hansel/Documents/ITProject/Python/PatchTST/experiments/results/baselines/guangzhou/24h_1h/station_9020/raw_metrics.csv,plain_mix_patchtst_top5,not_registered_single_station_arm,6,1
/home/hansel/Documents/ITProject/Python/PatchTST/experiments/results/baselines/guangzhou/24h_1h/station_9020/raw_metrics.csv,plain_mix_patchtst_top5,not_registered_single_station_arm,6,1
/home/hansel/Documents/ITProject/Python/PatchTST/experiments/results/baselines/guangzhou/24h_1h/station_9020/raw_metrics.csv,plain_mix_patchtst_top5,not_registered_single_station_arm,6,1
/home/hansel/Documents/ITProject/Python/PatchTST/experiments/results/baselines/guangzhou/24h_1h/station_9020/raw_metrics.csv,multi_gru,not_registered_single_station_arm,6,1
/home/hansel/Documents/ITProject/Python/PatchTST/experiments/results/baselines/guangzhou/24h_1h/station_9020/raw_metrics.csv,multi_gru,not_registered_single_station_arm,6,1
/home/hansel/Documents/ITProject/Python/PatchTST/experiments/results/baselines/guangzhou/24h_1h/station_9020/raw_metrics.csv,multi_gru,not_registered_single_station_arm,6,1
/home/hansel/Documents/ITProject/Python/PatchTST/experiments/results/baselines/guangzhou/24h_1h/station_9026/raw_metrics.csv,trad_spatial_linear,excluded_non_single_station_input,6,1
/home/hansel/Documents/ITProject/Python/PatchTST/experiments/results/baselines/guangzhou/24h_1h/station_9026/raw_metrics.csv,plain_mix_patchtst_all,not_registered_single_station_arm,6,1
/home/hansel/Documents/ITProject/Python/PatchTST/experiments/results/baselines/guangzhou/24h_1h/station_9026/raw_metrics.csv,plain_mix_patchtst_all,not_registered_single_station_arm,6,1
/home/hansel/Documents/ITProject/Python/PatchTST/experiments/results/baselines/guangzhou/24h_1h/station_9026/raw_metrics.csv,plain_mix_patchtst_all,not_registered_single_station_arm,6,1
/home/hansel/Documents/ITProject/Python/PatchTST/experiments/results/baselines/guangzhou/24h_1h/station_9026/raw_metrics.csv,plain_mix_patchtst_top5,not_registered_single_station_arm,6,1
/home/hansel/Documents/ITProject/Python/PatchTST/experiments/results/baselines/guangzhou/24h_1h/station_9026/raw_metrics.csv,plain_mix_patchtst_top5,not_registered_single_station_arm,6,1
/home/hansel/Documents/ITProject/Python/PatchTST/experiments/results/baselines/guangzhou/24h_1h/station_9026/raw_metrics.csv,plain_mix_patchtst_top5,not_registered_single_station_arm,6,1
/home/hansel/Documents/ITProject/Python/PatchTST/experiments/results/baselines/guangzhou/24h_1h/station_9026/raw_metrics.csv,multi_gru,not_registered_single_station_arm,6,1
/home/hansel/Documents/ITProject/Python/PatchTST/experiments/results/baselines/guangzhou/24h_1h/station_9026/raw_metrics.csv,multi_gru,not_registered_single_station_arm,6,1
/home/hansel/Documents/ITProject/Python/PatchTST/experiments/results/baselines/guangzhou/24h_1h/station_9026/raw_metrics.csv,multi_gru,not_registered_single_station_arm,6,1
/home/hansel/Documents/ITProject/Python/PatchTST/experiments/results/baselines/guangzhou/24h_1h/station_9026/raw_metrics.csv,plain_mix_patchtst_all,not_registered_single_station_arm,6,1
/home/hansel/Documents/ITProject/Python/PatchTST/experiments/results/baselines/guangzhou/24h_1h/station_9026/raw_metrics.csv,plain_mix_patchtst_all,not_registered_single_station_arm,6,1
/home/hansel/Documents/ITProject/Python/PatchTST/experiments/results/baselines/guangzhou/24h_1h/station_9026/raw_metrics.csv,plain_mix_patchtst_all,not_registered_single_station_arm,6,1
/home/hansel/Documents/ITProject/Python/PatchTST/experiments/results/baselines/guangzhou/24h_1h/station_9026/raw_metrics.csv,plain_mix_patchtst_top5,not_registered_single_station_arm,6,1
/home/hansel/Documents/ITProject/Python/PatchTST/experiments/results/baselines/guangzhou/24h_1h/station_9026/raw_metrics.csv,plain_mix_patchtst_top5,not_registered_single_station_arm,6,1
/home/hansel/Documents/ITProject/Python/PatchTST/experiments/results/baselines/guangzhou/24h_1h/station_9026/raw_metrics.csv,plain_mix_patchtst_top5,not_registered_single_station_arm,6,1
/home/hansel/Documents/ITProject/Python/PatchTST/experiments/results/baselines/guangzhou/24h_1h/station_9026/raw_metrics.csv,multi_gru,not_registered_single_station_arm,6,1
/home/hansel/Documents/ITProject/Python/PatchTST/experiments/results/baselines/guangzhou/24h_1h/station_9026/raw_metrics.csv,multi_gru,not_registered_single_station_arm,6,1
/home/hansel/Documents/ITProject/Python/PatchTST/experiments/results/baselines/guangzhou/24h_1h/station_9026/raw_metrics.csv,multi_gru,not_registered_single_station_arm,6,1
/home/hansel/Documents/ITProject/Python/PatchTST/experiments/results/baselines/guangzhou/24h_1h/station_9032/raw_metrics.csv,trad_spatial_linear,excluded_non_single_station_input,6,1
/home/hansel/Documents/ITProject/Python/PatchTST/experiments/results/baselines/guangzhou/24h_1h/station_9032/raw_metrics.csv,plain_mix_patchtst_all,not_registered_single_station_arm,6,1
/home/hansel/Documents/ITProject/Python/PatchTST/experiments/results/baselines/guangzhou/24h_1h/station_9032/raw_metrics.csv,plain_mix_patchtst_all,not_registered_single_station_arm,6,1
/home/hansel/Documents/ITProject/Python/PatchTST/experiments/results/baselines/guangzhou/24h_1h/station_9032/raw_metrics.csv,plain_mix_patchtst_all,not_registered_single_station_arm,6,1
/home/hansel/Documents/ITProject/Python/PatchTST/experiments/results/baselines/guangzhou/24h_1h/station_9032/raw_metrics.csv,plain_mix_patchtst_top5,not_registered_single_station_arm,6,1
/home/hansel/Documents/ITProject/Python/PatchTST/experiments/results/baselines/guangzhou/24h_1h/station_9032/raw_metrics.csv,plain_mix_patchtst_top5,not_registered_single_station_arm,6,1
/home/hansel/Documents/ITProject/Python/PatchTST/experiments/results/baselines/guangzhou/24h_1h/station_9032/raw_metrics.csv,plain_mix_patchtst_top5,not_registered_single_station_arm,6,1
/home/hansel/Documents/ITProject/Python/PatchTST/experiments/results/baselines/guangzhou/24h_1h/station_9032/raw_metrics.csv,multi_gru,not_registered_single_station_arm,6,1
/home/hansel/Documents/ITProject/Python/PatchTST/experiments/results/baselines/guangzhou/24h_1h/station_9032/raw_metrics.csv,multi_gru,not_registered_single_station_arm,6,1
/home/hansel/Documents/ITProject/Python/PatchTST/experiments/results/baselines/guangzhou/24h_1h/station_9032/raw_metrics.csv,multi_gru,not_registered_single_station_arm,6,1
/home/hansel/Documents/ITProject/Python/PatchTST/experiments/results/baselines/guangzhou/24h_1h/station_9032/raw_metrics.csv,plain_mix_patchtst_all,not_registered_single_station_arm,6,1
/home/hansel/Documents/ITProject/Python/PatchTST/experiments/results/baselines/guangzhou/24h_1h/station_9032/raw_metrics.csv,plain_mix_patchtst_all,not_registered_single_station_arm,6,1
/home/hansel/Documents/ITProject/Python/PatchTST/experiments/results/baselines/guangzhou/24h_1h/station_9032/raw_metrics.csv,plain_mix_patchtst_all,not_registered_single_station_arm,6,1
/home/hansel/Documents/ITProject/Python/PatchTST/experiments/results/baselines/guangzhou/24h_1h/station_9032/raw_metrics.csv,plain_mix_patchtst_top5,not_registered_single_station_arm,6,1
/home/hansel/Documents/ITProject/Python/PatchTST/experiments/results/baselines/guangzhou/24h_1h/station_9032/raw_metrics.csv,plain_mix_patchtst_top5,not_registered_single_station_arm,6,1
/home/hansel/Documents/ITProject/Python/PatchTST/experiments/results/baselines/guangzhou/24h_1h/station_9032/raw_metrics.csv,plain_mix_patchtst_top5,not_registered_single_station_arm,6,1
/home/hansel/Documents/ITProject/Python/PatchTST/experiments/results/baselines/guangzhou/24h_1h/station_9032/raw_metrics.csv,multi_gru,not_registered_single_station_arm,6,1
/home/hansel/Documents/ITProject/Python/PatchTST/experiments/results/baselines/guangzhou/24h_1h/station_9032/raw_metrics.csv,multi_gru,not_registered_single_station_arm,6,1
/home/hansel/Documents/ITProject/Python/PatchTST/experiments/results/baselines/guangzhou/24h_1h/station_9032/raw_metrics.csv,multi_gru,not_registered_single_station_arm,6,1
/home/hansel/Documents/ITProject/Python/PatchTST/experiments/results/baselines/guangzhou/24h_1h/station_9033/raw_metrics.csv,trad_spatial_linear,excluded_non_single_station_input,6,1
/home/hansel/Documents/ITProject/Python/PatchTST/experiments/results/baselines/guangzhou/24h_1h/station_9033/raw_metrics.csv,plain_mix_patchtst_all,not_registered_single_station_arm,6,1
/home/hansel/Documents/ITProject/Python/PatchTST/experiments/results/baselines/guangzhou/24h_1h/station_9033/raw_metrics.csv,plain_mix_patchtst_all,not_registered_single_station_arm,6,1
/home/hansel/Documents/ITProject/Python/PatchTST/experiments/results/baselines/guangzhou/24h_1h/station_9033/raw_metrics.csv,plain_mix_patchtst_all,not_registered_single_station_arm,6,1
/home/hansel/Documents/ITProject/Python/PatchTST/experiments/results/baselines/guangzhou/24h_1h/station_9033/raw_metrics.csv,plain_mix_patchtst_top5,not_registered_single_station_arm,6,1
/home/hansel/Documents/ITProject/Python/PatchTST/experiments/results/baselines/guangzhou/24h_1h/station_9033/raw_metrics.csv,plain_mix_patchtst_top5,not_registered_single_station_arm,6,1
/home/hansel/Documents/ITProject/Python/PatchTST/experiments/results/baselines/guangzhou/24h_1h/station_9033/raw_metrics.csv,plain_mix_patchtst_top5,not_registered_single_station_arm,6,1
/home/hansel/Documents/ITProject/Python/PatchTST/experiments/results/baselines/guangzhou/24h_1h/station_9033/raw_metrics.csv,multi_gru,not_registered_single_station_arm,6,1
/home/hansel/Documents/ITProject/Python/PatchTST/experiments/results/baselines/guangzhou/24h_1h/station_9033/raw_metrics.csv,multi_gru,not_registered_single_station_arm,6,1
/home/hansel/Documents/ITProject/Python/PatchTST/experiments/results/baselines/guangzhou/24h_1h/station_9033/raw_metrics.csv,multi_gru,not_registered_single_station_arm,6,1
/home/hansel/Documents/ITProject/Python/PatchTST/experiments/results/baselines/guangzhou/24h_1h/station_9033/raw_metrics.csv,plain_mix_patchtst_all,not_registered_single_station_arm,6,1
/home/hansel/Documents/ITProject/Python/PatchTST/experiments/results/baselines/guangzhou/24h_1h/station_9033/raw_metrics.csv,plain_mix_patchtst_all,not_registered_single_station_arm,6,1
/home/hansel/Documents/ITProject/Python/PatchTST/experiments/results/baselines/guangzhou/24h_1h/station_9033/raw_metrics.csv,plain_mix_patchtst_all,not_registered_single_station_arm,6,1
/home/hansel/Documents/ITProject/Python/PatchTST/experiments/results/baselines/guangzhou/24h_1h/station_9033/raw_metrics.csv,plain_mix_patchtst_top5,not_registered_single_station_arm,6,1
/home/hansel/Documents/ITProject/Python/PatchTST/experiments/results/baselines/guangzhou/24h_1h/station_9033/raw_metrics.csv,plain_mix_patchtst_top5,not_registered_single_station_arm,6,1
/home/hansel/Documents/ITProject/Python/PatchTST/experiments/results/baselines/guangzhou/24h_1h/station_9033/raw_metrics.csv,plain_mix_patchtst_top5,not_registered_single_station_arm,6,1
/home/hansel/Documents/ITProject/Python/PatchTST/experiments/results/baselines/guangzhou/24h_1h/station_9033/raw_metrics.csv,multi_gru,not_registered_single_station_arm,6,1
/home/hansel/Documents/ITProject/Python/PatchTST/experiments/results/baselines/guangzhou/24h_1h/station_9033/raw_metrics.csv,multi_gru,not_registered_single_station_arm,6,1
/home/hansel/Documents/ITProject/Python/PatchTST/experiments/results/baselines/guangzhou/24h_1h/station_9033/raw_metrics.csv,multi_gru,not_registered_single_station_arm,6,1
/home/hansel/Documents/ITProject/Python/PatchTST/experiments/results/baselines/guangzhou/24h_1h/station_9038/raw_metrics.csv,trad_spatial_linear,excluded_non_single_station_input,6,1
/home/hansel/Documents/ITProject/Python/PatchTST/experiments/results/baselines/guangzhou/24h_1h/station_9038/raw_metrics.csv,plain_mix_patchtst_all,not_registered_single_station_arm,6,1
/home/hansel/Documents/ITProject/Python/PatchTST/experiments/results/baselines/guangzhou/24h_1h/station_9038/raw_metrics.csv,plain_mix_patchtst_all,not_registered_single_station_arm,6,1
/home/hansel/Documents/ITProject/Python/PatchTST/experiments/results/baselines/guangzhou/24h_1h/station_9038/raw_metrics.csv,plain_mix_patchtst_all,not_registered_single_station_arm,6,1
/home/hansel/Documents/ITProject/Python/PatchTST/experiments/results/baselines/guangzhou/24h_1h/station_9038/raw_metrics.csv,plain_mix_patchtst_top5,not_registered_single_station_arm,6,1
/home/hansel/Documents/ITProject/Python/PatchTST/experiments/results/baselines/guangzhou/24h_1h/station_9038/raw_metrics.csv,plain_mix_patchtst_top5,not_registered_single_station_arm,6,1
/home/hansel/Documents/ITProject/Python/PatchTST/experiments/results/baselines/guangzhou/24h_1h/station_9038/raw_metrics.csv,plain_mix_patchtst_top5,not_registered_single_station_arm,6,1
/home/hansel/Documents/ITProject/Python/PatchTST/experiments/results/baselines/guangzhou/24h_1h/station_9038/raw_metrics.csv,multi_gru,not_registered_single_station_arm,6,1
/home/hansel/Documents/ITProject/Python/PatchTST/experiments/results/baselines/guangzhou/24h_1h/station_9038/raw_metrics.csv,multi_gru,not_registered_single_station_arm,6,1
/home/hansel/Documents/ITProject/Python/PatchTST/experiments/results/baselines/guangzhou/24h_1h/station_9038/raw_metrics.csv,multi_gru,not_registered_single_station_arm,6,1
/home/hansel/Documents/ITProject/Python/PatchTST/experiments/results/baselines/guangzhou/24h_1h/station_9038/raw_metrics.csv,plain_mix_patchtst_all,not_registered_single_station_arm,6,1
/home/hansel/Documents/ITProject/Python/PatchTST/experiments/results/baselines/guangzhou/24h_1h/station_9038/raw_metrics.csv,plain_mix_patchtst_all,not_registered_single_station_arm,6,1
/home/hansel/Documents/ITProject/Python/PatchTST/experiments/results/baselines/guangzhou/24h_1h/station_9038/raw_metrics.csv,plain_mix_patchtst_all,not_registered_single_station_arm,6,1
/home/hansel/Documents/ITProject/Python/PatchTST/experiments/results/baselines/guangzhou/24h_1h/station_9038/raw_metrics.csv,plain_mix_patchtst_top5,not_registered_single_station_arm,6,1
/home/hansel/Documents/ITProject/Python/PatchTST/experiments/results/baselines/guangzhou/24h_1h/station_9038/raw_metrics.csv,plain_mix_patchtst_top5,not_registered_single_station_arm,6,1
/home/hansel/Documents/ITProject/Python/PatchTST/experiments/results/baselines/guangzhou/24h_1h/station_9038/raw_metrics.csv,plain_mix_patchtst_top5,not_registered_single_station_arm,6,1
/home/hansel/Documents/ITProject/Python/PatchTST/experiments/results/baselines/guangzhou/24h_1h/station_9038/raw_metrics.csv,multi_gru,not_registered_single_station_arm,6,1
/home/hansel/Documents/ITProject/Python/PatchTST/experiments/results/baselines/guangzhou/24h_1h/station_9038/raw_metrics.csv,multi_gru,not_registered_single_station_arm,6,1
/home/hansel/Documents/ITProject/Python/PatchTST/experiments/results/baselines/guangzhou/24h_1h/station_9038/raw_metrics.csv,multi_gru,not_registered_single_station_arm,6,1
/home/hansel/Documents/ITProject/Python/PatchTST/experiments/results/baselines/guangzhou/24h_1h/station_9039/raw_metrics.csv,trad_spatial_linear,excluded_non_single_station_input,6,1
/home/hansel/Documents/ITProject/Python/PatchTST/experiments/results/baselines/guangzhou/24h_1h/station_9039/raw_metrics.csv,plain_mix_patchtst_all,not_registered_single_station_arm,6,1
/home/hansel/Documents/ITProject/Python/PatchTST/experiments/results/baselines/guangzhou/24h_1h/station_9039/raw_metrics.csv,plain_mix_patchtst_all,not_registered_single_station_arm,6,1
/home/hansel/Documents/ITProject/Python/PatchTST/experiments/results/baselines/guangzhou/24h_1h/station_9039/raw_metrics.csv,plain_mix_patchtst_all,not_registered_single_station_arm,6,1
/home/hansel/Documents/ITProject/Python/PatchTST/experiments/results/baselines/guangzhou/24h_1h/station_9039/raw_metrics.csv,plain_mix_patchtst_top5,not_registered_single_station_arm,6,1
/home/hansel/Documents/ITProject/Python/PatchTST/experiments/results/baselines/guangzhou/24h_1h/station_9039/raw_metrics.csv,plain_mix_patchtst_top5,not_registered_single_station_arm,6,1
/home/hansel/Documents/ITProject/Python/PatchTST/experiments/results/baselines/guangzhou/24h_1h/station_9039/raw_metrics.csv,plain_mix_patchtst_top5,not_registered_single_station_arm,6,1
/home/hansel/Documents/ITProject/Python/PatchTST/experiments/results/baselines/guangzhou/24h_1h/station_9039/raw_metrics.csv,multi_gru,not_registered_single_station_arm,6,1
/home/hansel/Documents/ITProject/Python/PatchTST/experiments/results/baselines/guangzhou/24h_1h/station_9039/raw_metrics.csv,multi_gru,not_registered_single_station_arm,6,1
/home/hansel/Documents/ITProject/Python/PatchTST/experiments/results/baselines/guangzhou/24h_1h/station_9039/raw_metrics.csv,multi_gru,not_registered_single_station_arm,6,1
/home/hansel/Documents/ITProject/Python/PatchTST/experiments/results/baselines/guangzhou/24h_1h/station_9039/raw_metrics.csv,plain_mix_patchtst_all,not_registered_single_station_arm,6,1
/home/hansel/Documents/ITProject/Python/PatchTST/experiments/results/baselines/guangzhou/24h_1h/station_9039/raw_metrics.csv,plain_mix_patchtst_all,not_registered_single_station_arm,6,1
/home/hansel/Documents/ITProject/Python/PatchTST/experiments/results/baselines/guangzhou/24h_1h/station_9039/raw_metrics.csv,plain_mix_patchtst_all,not_registered_single_station_arm,6,1
/home/hansel/Documents/ITProject/Python/PatchTST/experiments/results/baselines/guangzhou/24h_1h/station_9039/raw_metrics.csv,plain_mix_patchtst_top5,not_registered_single_station_arm,6,1
/home/hansel/Documents/ITProject/Python/PatchTST/experiments/results/baselines/guangzhou/24h_1h/station_9039/raw_metrics.csv,plain_mix_patchtst_top5,not_registered_single_station_arm,6,1
/home/hansel/Documents/ITProject/Python/PatchTST/experiments/results/baselines/guangzhou/24h_1h/station_9039/raw_metrics.csv,plain_mix_patchtst_top5,not_registered_single_station_arm,6,1
/home/hansel/Documents/ITProject/Python/PatchTST/experiments/results/baselines/guangzhou/24h_1h/station_9039/raw_metrics.csv,multi_gru,not_registered_single_station_arm,6,1
/home/hansel/Documents/ITProject/Python/PatchTST/experiments/results/baselines/guangzhou/24h_1h/station_9039/raw_metrics.csv,multi_gru,not_registered_single_station_arm,6,1
/home/hansel/Documents/ITProject/Python/PatchTST/experiments/results/baselines/guangzhou/24h_1h/station_9039/raw_metrics.csv,multi_gru,not_registered_single_station_arm,6,1
/home/hansel/Documents/ITProject/Python/PatchTST/experiments/results/baselines/guangzhou/24h_1h/station_9045/raw_metrics.csv,trad_spatial_linear,excluded_non_single_station_input,6,1
/home/hansel/Documents/ITProject/Python/PatchTST/experiments/results/baselines/guangzhou/24h_1h/station_9045/raw_metrics.csv,plain_mix_patchtst_all,not_registered_single_station_arm,6,1
/home/hansel/Documents/ITProject/Python/PatchTST/experiments/results/baselines/guangzhou/24h_1h/station_9045/raw_metrics.csv,plain_mix_patchtst_all,not_registered_single_station_arm,6,1
/home/hansel/Documents/ITProject/Python/PatchTST/experiments/results/baselines/guangzhou/24h_1h/station_9045/raw_metrics.csv,plain_mix_patchtst_all,not_registered_single_station_arm,6,1
/home/hansel/Documents/ITProject/Python/PatchTST/experiments/results/baselines/guangzhou/24h_1h/station_9045/raw_metrics.csv,plain_mix_patchtst_top5,not_registered_single_station_arm,6,1
/home/hansel/Documents/ITProject/Python/PatchTST/experiments/results/baselines/guangzhou/24h_1h/station_9045/raw_metrics.csv,plain_mix_patchtst_top5,not_registered_single_station_arm,6,1
/home/hansel/Documents/ITProject/Python/PatchTST/experiments/results/baselines/guangzhou/24h_1h/station_9045/raw_metrics.csv,plain_mix_patchtst_top5,not_registered_single_station_arm,6,1
/home/hansel/Documents/ITProject/Python/PatchTST/experiments/results/baselines/guangzhou/24h_1h/station_9045/raw_metrics.csv,multi_gru,not_registered_single_station_arm,6,1
/home/hansel/Documents/ITProject/Python/PatchTST/experiments/results/baselines/guangzhou/24h_1h/station_9045/raw_metrics.csv,multi_gru,not_registered_single_station_arm,6,1
/home/hansel/Documents/ITProject/Python/PatchTST/experiments/results/baselines/guangzhou/24h_1h/station_9045/raw_metrics.csv,multi_gru,not_registered_single_station_arm,6,1
/home/hansel/Documents/ITProject/Python/PatchTST/experiments/results/baselines/guangzhou/24h_1h/station_9045/raw_metrics.csv,plain_mix_patchtst_all,not_registered_single_station_arm,6,1
/home/hansel/Documents/ITProject/Python/PatchTST/experiments/results/baselines/guangzhou/24h_1h/station_9045/raw_metrics.csv,plain_mix_patchtst_all,not_registered_single_station_arm,6,1
/home/hansel/Documents/ITProject/Python/PatchTST/experiments/results/baselines/guangzhou/24h_1h/station_9045/raw_metrics.csv,plain_mix_patchtst_all,not_registered_single_station_arm,6,1
/home/hansel/Documents/ITProject/Python/PatchTST/experiments/results/baselines/guangzhou/24h_1h/station_9045/raw_metrics.csv,plain_mix_patchtst_top5,not_registered_single_station_arm,6,1
/home/hansel/Documents/ITProject/Python/PatchTST/experiments/results/baselines/guangzhou/24h_1h/station_9045/raw_metrics.csv,plain_mix_patchtst_top5,not_registered_single_station_arm,6,1
/home/hansel/Documents/ITProject/Python/PatchTST/experiments/results/baselines/guangzhou/24h_1h/station_9045/raw_metrics.csv,plain_mix_patchtst_top5,not_registered_single_station_arm,6,1
/home/hansel/Documents/ITProject/Python/PatchTST/experiments/results/baselines/guangzhou/24h_1h/station_9045/raw_metrics.csv,multi_gru,not_registered_single_station_arm,6,1
/home/hansel/Documents/ITProject/Python/PatchTST/experiments/results/baselines/guangzhou/24h_1h/station_9045/raw_metrics.csv,multi_gru,not_registered_single_station_arm,6,1
/home/hansel/Documents/ITProject/Python/PatchTST/experiments/results/baselines/guangzhou/24h_1h/station_9045/raw_metrics.csv,multi_gru,not_registered_single_station_arm,6,1
/home/hansel/Documents/ITProject/Python/PatchTST/experiments/results/baselines/guangzhou/24h_1h/station_9046/raw_metrics.csv,trad_spatial_linear,excluded_non_single_station_input,6,1
/home/hansel/Documents/ITProject/Python/PatchTST/experiments/results/baselines/guangzhou/24h_1h/station_9046/raw_metrics.csv,plain_mix_patchtst_all,not_registered_single_station_arm,6,1
/home/hansel/Documents/ITProject/Python/PatchTST/experiments/results/baselines/guangzhou/24h_1h/station_9046/raw_metrics.csv,plain_mix_patchtst_all,not_registered_single_station_arm,6,1
/home/hansel/Documents/ITProject/Python/PatchTST/experiments/results/baselines/guangzhou/24h_1h/station_9046/raw_metrics.csv,plain_mix_patchtst_all,not_registered_single_station_arm,6,1
/home/hansel/Documents/ITProject/Python/PatchTST/experiments/results/baselines/guangzhou/24h_1h/station_9046/raw_metrics.csv,plain_mix_patchtst_top5,not_registered_single_station_arm,6,1
/home/hansel/Documents/ITProject/Python/PatchTST/experiments/results/baselines/guangzhou/24h_1h/station_9046/raw_metrics.csv,plain_mix_patchtst_top5,not_registered_single_station_arm,6,1
/home/hansel/Documents/ITProject/Python/PatchTST/experiments/results/baselines/guangzhou/24h_1h/station_9046/raw_metrics.csv,plain_mix_patchtst_top5,not_registered_single_station_arm,6,1
/home/hansel/Documents/ITProject/Python/PatchTST/experiments/results/baselines/guangzhou/24h_1h/station_9046/raw_metrics.csv,multi_gru,not_registered_single_station_arm,6,1
/home/hansel/Documents/ITProject/Python/PatchTST/experiments/results/baselines/guangzhou/24h_1h/station_9046/raw_metrics.csv,multi_gru,not_registered_single_station_arm,6,1
/home/hansel/Documents/ITProject/Python/PatchTST/experiments/results/baselines/guangzhou/24h_1h/station_9046/raw_metrics.csv,multi_gru,not_registered_single_station_arm,6,1
/home/hansel/Documents/ITProject/Python/PatchTST/experiments/results/baselines/guangzhou/24h_1h/station_9046/raw_metrics.csv,plain_mix_patchtst_all,not_registered_single_station_arm,6,1
/home/hansel/Documents/ITProject/Python/PatchTST/experiments/results/baselines/guangzhou/24h_1h/station_9046/raw_metrics.csv,plain_mix_patchtst_all,not_registered_single_station_arm,6,1
/home/hansel/Documents/ITProject/Python/PatchTST/experiments/results/baselines/guangzhou/24h_1h/station_9046/raw_metrics.csv,plain_mix_patchtst_all,not_registered_single_station_arm,6,1
/home/hansel/Documents/ITProject/Python/PatchTST/experiments/results/baselines/guangzhou/24h_1h/station_9046/raw_metrics.csv,plain_mix_patchtst_top5,not_registered_single_station_arm,6,1
/home/hansel/Documents/ITProject/Python/PatchTST/experiments/results/baselines/guangzhou/24h_1h/station_9046/raw_metrics.csv,plain_mix_patchtst_top5,not_registered_single_station_arm,6,1
/home/hansel/Documents/ITProject/Python/PatchTST/experiments/results/baselines/guangzhou/24h_1h/station_9046/raw_metrics.csv,plain_mix_patchtst_top5,not_registered_single_station_arm,6,1
/home/hansel/Documents/ITProject/Python/PatchTST/experiments/results/baselines/guangzhou/24h_1h/station_9046/raw_metrics.csv,multi_gru,not_registered_single_station_arm,6,1
/home/hansel/Documents/ITProject/Python/PatchTST/experiments/results/baselines/guangzhou/24h_1h/station_9046/raw_metrics.csv,multi_gru,not_registered_single_station_arm,6,1
/home/hansel/Documents/ITProject/Python/PatchTST/experiments/results/baselines/guangzhou/24h_1h/station_9046/raw_metrics.csv,multi_gru,not_registered_single_station_arm,6,1
