history,horizon,seed,family,hidden_size,run_id_b,status_b,rmse_ugm3_b,mae_ugm3_b,best_valid_loss_b,trainable_parameter_count_b,prediction_file_b,run_id_o,status_o,rmse_ugm3_o,mae_ugm3_o,best_valid_loss_o,trainable_parameter_count_o,backbone_parameter_count,spatial_head_parameter_count,prediction_file_o,_merge,backbone,pair_completed,rmse_difference_ugm3,relative_change_percent,o_better
24,1,2047,gru,8,beijing_24h_1h_station1013_seed2047_center_gru_h8,completed,19.866003036499023,9.915629386901855,0.1189857572317123,273,predictions/beijing_24h_1h_station1013_seed2047_center_gru_h8.npz,beijing_24h_1h_station1013_seed2047_endtoend_gru_h8,completed,20.283950805664062,10.395102500915527,0.1262767761945724,4861.0,273.0,4588.0,predictions/beijing_24h_1h_station1013_seed2047_endtoend_gru_h8.npz,both,gru_h8,True,0.41794776916503906,2.1038342156555645,False
24,1,2047,gru,16,beijing_24h_1h_station1013_seed2047_center_gru_h16,completed,20.28444099426269,9.838013648986816,0.106395199894905,929,predictions/beijing_24h_1h_station1013_seed2047_center_gru_h16.npz,beijing_24h_1h_station1013_seed2047_endtoend_gru_h16,completed,20.13995742797852,9.819657325744627,0.103041686117649,5517.0,929.0,4588.0,predictions/beijing_24h_1h_station1013_seed2047_endtoend_gru_h16.npz,both,gru_h16,True,-0.14448356628417258,-0.7122876411779777,True
24,1,2047,gru,32,beijing_24h_1h_station1013_seed2047_center_gru_h32,completed,20.72820472717285,9.805323600769045,0.0980875194072723,3393,predictions/beijing_24h_1h_station1013_seed2047_center_gru_h32.npz,beijing_24h_1h_station1013_seed2047_endtoend_gru_h32,completed,20.42346572875977,9.793549537658691,0.093848593533039,7981.0,3393.0,4588.0,predictions/beijing_24h_1h_station1013_seed2047_endtoend_gru_h32.npz,both,gru_h32,True,-0.3047389984130824,-1.4701659040138537,True
24,1,2047,gru,64,beijing_24h_1h_station1013_seed2047_center_gru_h64,completed,21.22441673278809,9.948420524597168,0.0987364575266838,12929,predictions/beijing_24h_1h_station1013_seed2047_center_gru_h64.npz,beijing_24h_1h_station1013_seed2047_endtoend_gru_h64,completed,20.88882064819336,9.609288215637209,0.0934511870145797,17517.0,12929.0,4588.0,predictions/beijing_24h_1h_station1013_seed2047_endtoend_gru_h64.npz,both,gru_h64,True,-0.3355960845947301,-1.5811793031574428,True
24,1,2047,lstm,16,beijing_24h_1h_station1013_seed2047_center_lstm_h16,completed,20.126163482666016,9.885808944702148,0.1073389202356338,1233,predictions/beijing_24h_1h_station1013_seed2047_center_lstm_h16.npz,beijing_24h_1h_station1013_seed2047_endtoend_lstm_h16,completed,20.16925048828125,9.93711757659912,0.1062617599964141,5821.0,1233.0,4588.0,predictions/beijing_24h_1h_station1013_seed2047_endtoend_lstm_h16.npz,both,lstm_h16,True,0.043087005615234375,0.21408454548401679,False
24,1,2047,lstm,32,beijing_24h_1h_station1013_seed2047_center_lstm_h32,completed,20.482105255126957,9.753207206726074,0.0982301384210586,4513,predictions/beijing_24h_1h_station1013_seed2047_center_lstm_h32.npz,beijing_24h_1h_station1013_seed2047_endtoend_lstm_h32,completed,20.145931243896484,9.825132369995115,0.0947732627391815,9101.0,4513.0,4588.0,predictions/beijing_24h_1h_station1013_seed2047_endtoend_lstm_h32.npz,both,lstm_h32,True,-0.3361740112304723,-1.641305945082594,True
24,1,2048,gru,8,beijing_24h_1h_station1013_seed2048_center_gru_h8,completed,20.38644218444824,10.0953369140625,0.1318299323320388,273,predictions/beijing_24h_1h_station1013_seed2048_center_gru_h8.npz,beijing_24h_1h_station1013_seed2048_endtoend_gru_h8,completed,20.23999214172364,10.08429718017578,0.1242636069655418,4861.0,273.0,4588.0,predictions/beijing_24h_1h_station1013_seed2048_endtoend_gru_h8.npz,both,gru_h8,True,-0.14645004272459872,-0.7183697940012168,True
24,1,2048,gru,16,beijing_24h_1h_station1013_seed2048_center_gru_h16,completed,20.419723510742188,9.854613304138184,0.1037159040570259,929,predictions/beijing_24h_1h_station1013_seed2048_center_gru_h16.npz,beijing_24h_1h_station1013_seed2048_endtoend_gru_h16,completed,20.411725997924805,10.122273445129396,0.1042449623346328,5517.0,929.0,4588.0,predictions/beijing_24h_1h_station1013_seed2048_endtoend_gru_h16.npz,both,gru_h16,True,-0.007997512817382812,-0.039165627356196886,True
24,1,2048,gru,32,beijing_24h_1h_station1013_seed2048_center_gru_h32,completed,20.74701690673828,9.82017421722412,0.0983603075146675,3393,predictions/beijing_24h_1h_station1013_seed2048_center_gru_h32.npz,beijing_24h_1h_station1013_seed2048_endtoend_gru_h32,completed,20.458192825317383,9.805148124694824,0.0937706306576728,7981.0,3393.0,4588.0,predictions/beijing_24h_1h_station1013_seed2048_endtoend_gru_h32.npz,both,gru_h32,True,-0.28882408142089844,-1.3921234205342192,True
24,1,2048,gru,64,beijing_24h_1h_station1013_seed2048_center_gru_h64,completed,21.177051544189453,9.89687728881836,0.0982843786478042,12929,predictions/beijing_24h_1h_station1013_seed2048_center_gru_h64.npz,beijing_24h_1h_station1013_seed2048_endtoend_gru_h64,completed,20.86809539794922,9.641404151916504,0.0936218649148941,17517.0,12929.0,4588.0,predictions/beijing_24h_1h_station1013_seed2048_endtoend_gru_h64.npz,both,gru_h64,True,-0.3089561462402344,-1.4589195554232215,True
24,1,2048,lstm,16,beijing_24h_1h_station1013_seed2048_center_lstm_h16,completed,20.04152107238769,9.882550239562988,0.1093765050172805,1233,predictions/beijing_24h_1h_station1013_seed2048_center_lstm_h16.npz,beijing_24h_1h_station1013_seed2048_endtoend_lstm_h16,completed,19.981306076049805,9.988369941711426,0.1087145581841468,5821.0,1233.0,4588.0,predictions/beijing_24h_1h_station1013_seed2048_endtoend_lstm_h16.npz,both,lstm_h16,True,-0.06021499633788707,-0.30045122882838005,True
24,1,2048,lstm,32,beijing_24h_1h_station1013_seed2048_center_lstm_h32,completed,20.331098556518555,9.76877784729004,0.0990133211016655,4513,predictions/beijing_24h_1h_station1013_seed2048_center_lstm_h32.npz,beijing_24h_1h_station1013_seed2048_endtoend_lstm_h32,completed,20.07022476196289,9.807199478149414,0.0944403037428855,9101.0,4513.0,4588.0,predictions/beijing_24h_1h_station1013_seed2048_endtoend_lstm_h32.npz,both,lstm_h32,True,-0.26087379455566406,-1.283126899564524,True
24,1,2049,gru,8,beijing_24h_1h_station1013_seed2049_center_gru_h8,completed,20.228662490844727,10.018624305725098,0.1235373318195343,273,predictions/beijing_24h_1h_station1013_seed2049_center_gru_h8.npz,beijing_24h_1h_station1013_seed2049_endtoend_gru_h8,completed,20.44502830505371,10.474164962768556,0.1240779012441635,4861.0,273.0,4588.0,predictions/beijing_24h_1h_station1013_seed2049_endtoend_gru_h8.npz,both,gru_h8,True,0.21636581420898438,1.0696001987620773,False
24,1,2049,gru,16,beijing_24h_1h_station1013_seed2049_center_gru_h16,completed,20.303335189819336,9.88038158416748,0.1045783907175064,929,predictions/beijing_24h_1h_station1013_seed2049_center_gru_h16.npz,beijing_24h_1h_station1013_seed2049_endtoend_gru_h16,completed,20.481170654296875,10.149778366088867,0.1053210720419883,5517.0,929.0,4588.0,predictions/beijing_24h_1h_station1013_seed2049_endtoend_gru_h16.npz,both,gru_h16,True,0.17783546447753906,0.8758928659499787,False
24,1,2049,gru,32,beijing_24h_1h_station1013_seed2049_center_gru_h32,completed,20.74907684326172,10.028242111206056,0.0978072360157966,3393,predictions/beijing_24h_1h_station1013_seed2049_center_gru_h32.npz,beijing_24h_1h_station1013_seed2049_endtoend_gru_h32,completed,20.31475257873535,9.751066207885742,0.0930463746190071,7981.0,3393.0,4588.0,predictions/beijing_24h_1h_station1013_seed2049_endtoend_gru_h32.npz,both,gru_h32,True,-0.4343242645263672,-2.0932221120353867,True
24,1,2049,gru,64,beijing_24h_1h_station1013_seed2049_center_gru_h64,completed,21.180152893066406,10.155792236328123,0.0989792346954345,12929,predictions/beijing_24h_1h_station1013_seed2049_center_gru_h64.npz,beijing_24h_1h_station1013_seed2049_endtoend_gru_h64,completed,20.98301124572754,9.932992935180664,0.095731995999813,17517.0,12929.0,4588.0,predictions/beijing_24h_1h_station1013_seed2049_endtoend_gru_h64.npz,both,gru_h64,True,-0.1971416473388672,-0.9307848169660904,True
24,1,2049,lstm,16,beijing_24h_1h_station1013_seed2049_center_lstm_h16,completed,20.07543563842773,9.843493461608888,0.1030094251036644,1233,predictions/beijing_24h_1h_station1013_seed2049_center_lstm_h16.npz,beijing_24h_1h_station1013_seed2049_endtoend_lstm_h16,completed,19.85287475585937,9.964828491210938,0.099866010248661,5821.0,1233.0,4588.0,predictions/beijing_24h_1h_station1013_seed2049_endtoend_lstm_h16.npz,both,lstm_h16,True,-0.22256088256835938,-1.108622928920855,True
24,1,2049,lstm,32,beijing_24h_1h_station1013_seed2049_center_lstm_h32,completed,20.380857467651367,9.86938190460205,0.0976170003414154,4513,predictions/beijing_24h_1h_station1013_seed2049_center_lstm_h32.npz,beijing_24h_1h_station1013_seed2049_endtoend_lstm_h32,completed,20.47461128234864,9.920886993408203,0.0974787920713424,9101.0,4513.0,4588.0,predictions/beijing_24h_1h_station1013_seed2049_endtoend_lstm_h32.npz,both,lstm_h32,True,0.09375381469727273,0.46000917697441857,False
24,1,2050,gru,8,beijing_24h_1h_station1013_seed2050_center_gru_h8,completed,20.77500534057617,10.25599479675293,0.1365953832864761,273,predictions/beijing_24h_1h_station1013_seed2050_center_gru_h8.npz,beijing_24h_1h_station1013_seed2050_endtoend_gru_h8,completed,20.89347648620605,10.714457511901855,0.1398786008358001,4861.0,273.0,4588.0,predictions/beijing_24h_1h_station1013_seed2050_endtoend_gru_h8.npz,both,gru_h8,True,0.11847114562988281,0.5702580754503694,False
24,1,2050,gru,16,beijing_24h_1h_station1013_seed2050_center_gru_h16,completed,20.46200561523437,9.899361610412598,0.1029166728258133,929,predictions/beijing_24h_1h_station1013_seed2050_center_gru_h16.npz,beijing_24h_1h_station1013_seed2050_endtoend_gru_h16,completed,20.454740524291992,10.031740188598633,0.1050265952944755,5517.0,929.0,4588.0,predictions/beijing_24h_1h_station1013_seed2050_endtoend_gru_h16.npz,both,gru_h16,True,-0.00726509094237926,-0.03550527293849637,True
24,1,2050,gru,32,beijing_24h_1h_station1013_seed2050_center_gru_h32,completed,20.885496139526367,9.941106796264648,0.0986086279153823,3393,predictions/beijing_24h_1h_station1013_seed2050_center_gru_h32.npz,beijing_24h_1h_station1013_seed2050_endtoend_gru_h32,completed,20.61356735229492,9.918190002441406,0.0961124151945114,7981.0,3393.0,4588.0,predictions/beijing_24h_1h_station1013_seed2050_endtoend_gru_h32.npz,both,gru_h32,True,-0.27192878723144887,-1.301998216440814,True
24,1,2050,gru,64,beijing_24h_1h_station1013_seed2050_center_gru_h64,completed,21.18916702270508,9.77578067779541,0.0983395054936409,12929,predictions/beijing_24h_1h_station1013_seed2050_center_gru_h64.npz,beijing_24h_1h_station1013_seed2050_endtoend_gru_h64,completed,21.01004219055176,9.81284999847412,0.0947970524430275,17517.0,12929.0,4588.0,predictions/beijing_24h_1h_station1013_seed2050_endtoend_gru_h64.npz,both,gru_h64,True,-0.1791248321533203,-0.845360423849506,True
24,1,2050,lstm,16,beijing_24h_1h_station1013_seed2050_center_lstm_h16,completed,20.268802642822266,9.884264945983888,0.1082209423184394,1233,predictions/beijing_24h_1h_station1013_seed2050_center_lstm_h16.npz,beijing_24h_1h_station1013_seed2050_endtoend_lstm_h16,completed,20.58994674682617,10.247332572937012,0.1104149743914604,5821.0,1233.0,4588.0,predictions/beijing_24h_1h_station1013_seed2050_endtoend_lstm_h16.npz,both,lstm_h16,True,0.3211441040039027,1.584425630182107,False
24,1,2050,lstm,32,beijing_24h_1h_station1013_seed2050_center_lstm_h32,completed,20.187475204467773,9.740447998046877,0.0980426743626594,4513,predictions/beijing_24h_1h_station1013_seed2050_center_lstm_h32.npz,beijing_24h_1h_station1013_seed2050_endtoend_lstm_h32,completed,19.925098419189453,9.694856643676758,0.0950415581464767,9101.0,4513.0,4588.0,predictions/beijing_24h_1h_station1013_seed2050_endtoend_lstm_h32.npz,both,lstm_h32,True,-0.2623767852783203,-1.2997008423334289,True
24,1,2051,gru,8,beijing_24h_1h_station1013_seed2051_center_gru_h8,completed,20.774072647094727,10.464613914489746,0.129112958908081,273,predictions/beijing_24h_1h_station1013_seed2051_center_gru_h8.npz,beijing_24h_1h_station1013_seed2051_endtoend_gru_h8,completed,20.63167381286621,10.597784042358398,0.1255309432744979,4861.0,273.0,4588.0,predictions/beijing_24h_1h_station1013_seed2051_endtoend_gru_h8.npz,both,gru_h8,True,-0.14239883422851562,-0.6854642161291835,True
24,1,2051,gru,16,beijing_24h_1h_station1013_seed2051_center_gru_h16,completed,20.435562133789062,9.75352382659912,0.1026011407375335,929,predictions/beijing_24h_1h_station1013_seed2051_center_gru_h16.npz,beijing_24h_1h_station1013_seed2051_endtoend_gru_h16,completed,20.5749568939209,9.910659790039062,0.1025882959365844,5517.0,929.0,4588.0,predictions/beijing_24h_1h_station1013_seed2051_endtoend_gru_h16.npz,both,gru_h16,True,0.13939476013183594,0.6821185501002525,False
24,1,2051,gru,32,beijing_24h_1h_station1013_seed2051_center_gru_h32,completed,20.65508270263672,9.813034057617188,0.0989977270364761,3393,predictions/beijing_24h_1h_station1013_seed2051_center_gru_h32.npz,beijing_24h_1h_station1013_seed2051_endtoend_gru_h32,completed,20.4597396850586,9.752362251281738,0.0958128347992897,7981.0,3393.0,4588.0,predictions/beijing_24h_1h_station1013_seed2051_endtoend_gru_h32.npz,both,gru_h32,True,-0.1953430175781179,-0.9457382494681643,True
24,1,2051,gru,64,beijing_24h_1h_station1013_seed2051_center_gru_h64,completed,21.296749114990234,9.91261100769043,0.0990713313221931,12929,predictions/beijing_24h_1h_station1013_seed2051_center_gru_h64.npz,beijing_24h_1h_station1013_seed2051_endtoend_gru_h64,completed,20.91252517700196,9.878132820129396,0.0946165770292282,17517.0,12929.0,4588.0,predictions/beijing_24h_1h_station1013_seed2051_endtoend_gru_h64.npz,both,gru_h64,True,-0.38422393798827414,-1.8041436085558638,True
24,1,2051,lstm,16,beijing_24h_1h_station1013_seed2051_center_lstm_h16,completed,20.205570220947266,10.097908020019531,0.1075792163610458,1233,predictions/beijing_24h_1h_station1013_seed2051_center_lstm_h16.npz,beijing_24h_1h_station1013_seed2051_endtoend_lstm_h16,completed,19.841665267944336,10.051397323608398,0.1031949892640113,5821.0,1233.0,4588.0,predictions/beijing_24h_1h_station1013_seed2051_endtoend_lstm_h16.npz,both,lstm_h16,True,-0.3639049530029297,-1.801013032661991,True
24,1,2051,lstm,32,beijing_24h_1h_station1013_seed2051_center_lstm_h32,completed,20.2669677734375,9.732758522033691,0.0979805141687393,4513,predictions/beijing_24h_1h_station1013_seed2051_center_lstm_h32.npz,beijing_24h_1h_station1013_seed2051_endtoend_lstm_h32,completed,19.916120529174805,9.83524227142334,0.0932129696011543,9101.0,4513.0,4588.0,predictions/beijing_24h_1h_station1013_seed2051_endtoend_lstm_h32.npz,both,lstm_h32,True,-0.3508472442626953,-1.7311284459756493,True
24,3,2047,gru,8,beijing_24h_3h_station1013_seed2047_center_gru_h8,completed,30.62565422058105,16.774927139282227,0.3033697307109833,291,predictions/beijing_24h_3h_station1013_seed2047_center_gru_h8.npz,beijing_24h_3h_station1013_seed2047_endtoend_gru_h8,completed,30.324275970458984,16.591777801513672,0.2933601438999176,5211.0,291.0,4920.0,predictions/beijing_24h_3h_station1013_seed2047_endtoend_gru_h8.npz,both,gru_h8,True,-0.30137825012206676,-0.9840712232672355,True
24,3,2047,gru,16,beijing_24h_3h_station1013_seed2047_center_gru_h16,completed,30.13510131835937,16.026851654052734,0.2638692259788513,963,predictions/beijing_24h_3h_station1013_seed2047_center_gru_h16.npz,beijing_24h_3h_station1013_seed2047_endtoend_gru_h16,completed,29.816064834594727,15.955581665039062,0.256736546754837,5883.0,963.0,4920.0,predictions/beijing_24h_3h_station1013_seed2047_endtoend_gru_h16.npz,both,gru_h16,True,-0.3190364837646449,-1.0586872776507827,True
24,3,2047,gru,32,beijing_24h_3h_station1013_seed2047_center_gru_h32,completed,30.58489418029785,16.048086166381836,0.2561128139495849,3459,predictions/beijing_24h_3h_station1013_seed2047_center_gru_h32.npz,beijing_24h_3h_station1013_seed2047_endtoend_gru_h32,completed,30.052677154541016,16.039478302001953,0.24610036611557,8379.0,3459.0,4920.0,predictions/beijing_24h_3h_station1013_seed2047_endtoend_gru_h32.npz,both,gru_h32,True,-0.5322170257568359,-1.7401303487251552,True
24,3,2047,gru,64,beijing_24h_3h_station1013_seed2047_center_gru_h64,completed,31.07174301147461,16.284467697143555,0.2571019530296325,13059,predictions/beijing_24h_3h_station1013_seed2047_center_gru_h64.npz,beijing_24h_3h_station1013_seed2047_endtoend_gru_h64,completed,30.75794219970703,15.945304870605469,0.2425595819950103,17979.0,13059.0,4920.0,predictions/beijing_24h_3h_station1013_seed2047_endtoend_gru_h64.npz,both,gru_h64,True,-0.3138008117675781,-1.0099234267343604,True
24,3,2047,lstm,16,beijing_24h_3h_station1013_seed2047_center_lstm_h16,completed,30.18950653076172,16.241727828979492,0.2708815336227417,1267,predictions/beijing_24h_3h_station1013_seed2047_center_lstm_h16.npz,beijing_24h_3h_station1013_seed2047_endtoend_lstm_h16,completed,29.729951858520508,16.044673919677734,0.2615727484226227,6187.0,1267.0,4920.0,predictions/beijing_24h_3h_station1013_seed2047_endtoend_lstm_h16.npz,both,lstm_h16,True,-0.45955467224121094,-1.5222331367786501,True
24,3,2047,lstm,32,beijing_24h_3h_station1013_seed2047_center_lstm_h32,completed,30.36873817443848,16.223543167114258,0.260592371225357,4579,predictions/beijing_24h_3h_station1013_seed2047_center_lstm_h32.npz,beijing_24h_3h_station1013_seed2047_endtoend_lstm_h32,completed,30.640199661254883,16.990188598632812,0.2554138600826263,9499.0,4579.0,4920.0,predictions/beijing_24h_3h_station1013_seed2047_endtoend_lstm_h32.npz,both,lstm_h32,True,0.2714614868164027,0.8938846430073033,False
24,3,2048,gru,8,beijing_24h_3h_station1013_seed2048_center_gru_h8,completed,30.594865798950195,16.75864028930664,0.3089901208877563,291,predictions/beijing_24h_3h_station1013_seed2048_center_gru_h8.npz,beijing_24h_3h_station1013_seed2048_endtoend_gru_h8,completed,30.21912002563477,16.625816345214844,0.2926196455955505,5211.0,291.0,4920.0,predictions/beijing_24h_3h_station1013_seed2048_endtoend_gru_h8.npz,both,gru_h8,True,-0.37574577331542613,-1.2281334253419707,True
24,3,2048,gru,16,beijing_24h_3h_station1013_seed2048_center_gru_h16,completed,30.08813095092773,16.118255615234375,0.265844464302063,963,predictions/beijing_24h_3h_station1013_seed2048_center_gru_h16.npz,beijing_24h_3h_station1013_seed2048_endtoend_gru_h16,completed,29.988609313964844,16.07881736755371,0.2597329914569855,5883.0,963.0,4920.0,predictions/beijing_24h_3h_station1013_seed2048_endtoend_gru_h16.npz,both,gru_h16,True,-0.09952163696288707,-0.3307670959196596,True
24,3,2048,gru,32,beijing_24h_3h_station1013_seed2048_center_gru_h32,completed,30.51982879638672,16.061248779296875,0.2578230202198028,3459,predictions/beijing_24h_3h_station1013_seed2048_center_gru_h32.npz,beijing_24h_3h_station1013_seed2048_endtoend_gru_h32,completed,30.056474685668945,15.937386512756348,0.2474107295274734,8379.0,3459.0,4920.0,predictions/beijing_24h_3h_station1013_seed2048_endtoend_gru_h32.npz,both,gru_h32,True,-0.46335411071777344,-1.518206782249809,True
24,3,2048,gru,64,beijing_24h_3h_station1013_seed2048_center_gru_h64,completed,31.01631546020508,16.15772819519043,0.2570405602455139,13059,predictions/beijing_24h_3h_station1013_seed2048_center_gru_h64.npz,beijing_24h_3h_station1013_seed2048_endtoend_gru_h64,completed,30.592086791992188,15.929893493652344,0.2448486238718032,17979.0,13059.0,4920.0,predictions/beijing_24h_3h_station1013_seed2048_endtoend_gru_h64.npz,both,gru_h64,True,-0.4242286682128942,-1.3677597158733845,True
24,3,2048,lstm,16,beijing_24h_3h_station1013_seed2048_center_lstm_h16,completed,30.06389617919922,16.0578670501709,0.2718414962291717,1267,predictions/beijing_24h_3h_station1013_seed2048_center_lstm_h16.npz,beijing_24h_3h_station1013_seed2048_endtoend_lstm_h16,completed,29.691761016845703,16.060340881347656,0.2627404034137726,6187.0,1267.0,4920.0,predictions/beijing_24h_3h_station1013_seed2048_endtoend_lstm_h16.npz,both,lstm_h16,True,-0.3721351623535156,-1.2378141546769639,True
24,3,2048,lstm,32,beijing_24h_3h_station1013_seed2048_center_lstm_h32,completed,30.32789421081543,16.061002731323242,0.2590322196483612,4579,predictions/beijing_24h_3h_station1013_seed2048_center_lstm_h32.npz,beijing_24h_3h_station1013_seed2048_endtoend_lstm_h32,completed,30.051876068115234,16.191617965698242,0.256430447101593,9499.0,4579.0,4920.0,predictions/beijing_24h_3h_station1013_seed2048_endtoend_lstm_h32.npz,both,lstm_h32,True,-0.2760181427001953,-0.9101131149480302,True
24,3,2049,gru,8,beijing_24h_3h_station1013_seed2049_center_gru_h8,completed,30.26791000366211,16.44607925415039,0.2872862517833709,291,predictions/beijing_24h_3h_station1013_seed2049_center_gru_h8.npz,beijing_24h_3h_station1013_seed2049_endtoend_gru_h8,completed,30.29776763916016,16.423297882080078,0.2844672501087188,5211.0,291.0,4920.0,predictions/beijing_24h_3h_station1013_seed2049_endtoend_gru_h8.npz,both,gru_h8,True,0.029857635498050428,0.09864452317467354,False
24,3,2049,gru,16,beijing_24h_3h_station1013_seed2049_center_gru_h16,completed,30.27104377746582,16.15183448791504,0.2637033462524414,963,predictions/beijing_24h_3h_station1013_seed2049_center_gru_h16.npz,beijing_24h_3h_station1013_seed2049_endtoend_gru_h16,completed,29.88532829284668,15.914533615112305,0.2570345103740692,5883.0,963.0,4920.0,predictions/beijing_24h_3h_station1013_seed2049_endtoend_gru_h16.npz,both,gru_h16,True,-0.3857154846191406,-1.274206094294883,True
24,3,2049,gru,32,beijing_24h_3h_station1013_seed2049_center_gru_h32,completed,30.546010971069336,16.21719741821289,0.2568307816982269,3459,predictions/beijing_24h_3h_station1013_seed2049_center_gru_h32.npz,beijing_24h_3h_station1013_seed2049_endtoend_gru_h32,completed,30.25702667236328,15.69162654876709,0.2494458258152008,8379.0,3459.0,4920.0,predictions/beijing_24h_3h_station1013_seed2049_endtoend_gru_h32.npz,both,gru_h32,True,-0.2889842987060547,-0.946062315566365,True
24,3,2049,gru,64,beijing_24h_3h_station1013_seed2049_center_gru_h64,completed,31.05468368530273,16.195024490356445,0.2571846842765808,13059,predictions/beijing_24h_3h_station1013_seed2049_center_gru_h64.npz,beijing_24h_3h_station1013_seed2049_endtoend_gru_h64,completed,30.5869197845459,15.832842826843262,0.2470704466104507,17979.0,13059.0,4920.0,predictions/beijing_24h_3h_station1013_seed2049_endtoend_gru_h64.npz,both,gru_h64,True,-0.4677639007568324,-1.506258783689407,True
24,3,2049,lstm,16,beijing_24h_3h_station1013_seed2049_center_lstm_h16,completed,30.05480194091797,16.123659133911133,0.2658337950706482,1267,predictions/beijing_24h_3h_station1013_seed2049_center_lstm_h16.npz,beijing_24h_3h_station1013_seed2049_endtoend_lstm_h16,completed,29.69064140319824,15.997562408447266,0.2566421627998352,6187.0,1267.0,4920.0,predictions/beijing_24h_3h_station1013_seed2049_endtoend_lstm_h16.npz,both,lstm_h16,True,-0.3641605377197301,-1.211655090709296,True
24,3,2049,lstm,32,beijing_24h_3h_station1013_seed2049_center_lstm_h32,completed,30.51737594604492,15.850622177124023,0.257730096578598,4579,predictions/beijing_24h_3h_station1013_seed2049_center_lstm_h32.npz,beijing_24h_3h_station1013_seed2049_endtoend_lstm_h32,completed,30.51284408569336,16.216754913330078,0.2538473010063171,9499.0,4579.0,4920.0,predictions/beijing_24h_3h_station1013_seed2049_endtoend_lstm_h32.npz,both,lstm_h32,True,-0.004531860351558947,-0.014850098381891108,True
24,6,2047,gru,8,beijing_24h_6h_station1013_seed2047_center_gru_h8,completed,39.38686752319336,23.29209518432617,0.5032510161399841,318,predictions/beijing_24h_6h_station1013_seed2047_center_gru_h8.npz,beijing_24h_6h_station1013_seed2047_endtoend_gru_h8,completed,39.745792388916016,23.61294746398925,0.4972395896911621,5736.0,318.0,5418.0,predictions/beijing_24h_6h_station1013_seed2047_endtoend_gru_h8.npz,both,gru_h8,True,0.35892486572265625,0.9112805569300386,False
24,6,2047,gru,16,beijing_24h_6h_station1013_seed2047_center_gru_h16,completed,39.3686408996582,22.94499015808105,0.47865891456604,1014,predictions/beijing_24h_6h_station1013_seed2047_center_gru_h16.npz,beijing_24h_6h_station1013_seed2047_endtoend_gru_h16,completed,39.33599090576172,23.22746467590332,0.4707869291305542,6432.0,1014.0,5418.0,predictions/beijing_24h_6h_station1013_seed2047_endtoend_gru_h16.npz,both,gru_h16,True,-0.032649993896484375,-0.08293401334250605,True
24,6,2047,gru,32,beijing_24h_6h_station1013_seed2047_center_gru_h32,completed,39.49423599243164,22.798545837402344,0.4681286513805389,3558,predictions/beijing_24h_6h_station1013_seed2047_center_gru_h32.npz,beijing_24h_6h_station1013_seed2047_endtoend_gru_h32,completed,39.257362365722656,23.07603073120117,0.4592848718166351,8976.0,3558.0,5418.0,predictions/beijing_24h_6h_station1013_seed2047_endtoend_gru_h32.npz,both,gru_h32,True,-0.23687362670898438,-0.5997675882485121,True
24,6,2047,gru,64,beijing_24h_6h_station1013_seed2047_center_gru_h64,completed,40.17165756225586,23.38669204711914,0.4634554386138916,13254,predictions/beijing_24h_6h_station1013_seed2047_center_gru_h64.npz,beijing_24h_6h_station1013_seed2047_endtoend_gru_h64,completed,39.642826080322266,22.79863166809082,0.4548656344413757,18672.0,13254.0,5418.0,predictions/beijing_24h_6h_station1013_seed2047_endtoend_gru_h64.npz,both,gru_h64,True,-0.5288314819335938,-1.3164293285982565,True
24,6,2047,lstm,16,beijing_24h_6h_station1013_seed2047_center_lstm_h16,completed,39.24651336669922,22.85591506958008,0.4783873558044433,1318,predictions/beijing_24h_6h_station1013_seed2047_center_lstm_h16.npz,beijing_24h_6h_station1013_seed2047_endtoend_lstm_h16,completed,38.914817810058594,22.744760513305664,0.4671963155269623,6736.0,1318.0,5418.0,predictions/beijing_24h_6h_station1013_seed2047_endtoend_lstm_h16.npz,both,lstm_h16,True,-0.331695556640625,-0.8451592974423772,True
24,6,2047,lstm,32,beijing_24h_6h_station1013_seed2047_center_lstm_h32,completed,40.00751876831055,23.230632781982425,0.4732638597488403,4678,predictions/beijing_24h_6h_station1013_seed2047_center_lstm_h32.npz,beijing_24h_6h_station1013_seed2047_endtoend_lstm_h32,completed,39.85496139526367,23.39908027648925,0.4654770791530609,10096.0,4678.0,5418.0,predictions/beijing_24h_6h_station1013_seed2047_endtoend_lstm_h32.npz,both,lstm_h32,True,-0.152557373046875,-0.3813217558688353,True
24,6,2048,gru,8,beijing_24h_6h_station1013_seed2048_center_gru_h8,completed,39.16203308105469,23.005754470825195,0.4966197311878204,318,predictions/beijing_24h_6h_station1013_seed2048_center_gru_h8.npz,beijing_24h_6h_station1013_seed2048_endtoend_gru_h8,completed,39.08641815185547,22.97591018676757,0.4940698742866516,5736.0,318.0,5418.0,predictions/beijing_24h_6h_station1013_seed2048_endtoend_gru_h8.npz,both,gru_h8,True,-0.07561492919921875,-0.19308223616153475,True
24,6,2048,gru,16,beijing_24h_6h_station1013_seed2048_center_gru_h16,completed,39.16720199584961,22.77746963500977,0.4756548404693603,1014,predictions/beijing_24h_6h_station1013_seed2048_center_gru_h16.npz,beijing_24h_6h_station1013_seed2048_endtoend_gru_h16,completed,39.36923599243164,23.07863998413086,0.4713418483734131,6432.0,1014.0,5418.0,predictions/beijing_24h_6h_station1013_seed2048_endtoend_gru_h16.npz,both,gru_h16,True,0.20203399658203125,0.5158244303574255,False
24,6,2048,gru,32,beijing_24h_6h_station1013_seed2048_center_gru_h32,completed,39.48675537109375,22.75035858154297,0.4669647514820099,3558,predictions/beijing_24h_6h_station1013_seed2048_center_gru_h32.npz,beijing_24h_6h_station1013_seed2048_endtoend_gru_h32,completed,39.506309509277344,23.038827896118164,0.4593640565872192,8976.0,3558.0,5418.0,predictions/beijing_24h_6h_station1013_seed2048_endtoend_gru_h32.npz,both,gru_h32,True,0.01955413818359375,0.04952075195803207,False
24,6,2048,gru,64,beijing_24h_6h_station1013_seed2048_center_gru_h64,completed,40.04659271240234,23.261625289916992,0.467036634683609,13254,predictions/beijing_24h_6h_station1013_seed2048_center_gru_h64.npz,beijing_24h_6h_station1013_seed2048_endtoend_gru_h64,completed,39.69830322265625,22.955041885375977,0.4519044756889343,18672.0,13254.0,5418.0,predictions/beijing_24h_6h_station1013_seed2048_endtoend_gru_h64.npz,both,gru_h64,True,-0.34828948974608664,-0.8697106698873358,True
24,6,2048,lstm,16,beijing_24h_6h_station1013_seed2048_center_lstm_h16,completed,39.27251052856445,22.79801750183105,0.4768654704093933,1318,predictions/beijing_24h_6h_station1013_seed2048_center_lstm_h16.npz,beijing_24h_6h_station1013_seed2048_endtoend_lstm_h16,completed,39.08660125732422,22.853233337402344,0.4650335013866424,6736.0,1318.0,5418.0,predictions/beijing_24h_6h_station1013_seed2048_endtoend_lstm_h16.npz,both,lstm_h16,True,-0.18590927124023438,-0.4733827013809422,True
24,6,2048,lstm,32,beijing_24h_6h_station1013_seed2048_center_lstm_h32,completed,39.59102249145508,23.189912796020508,0.4713867008686065,4678,predictions/beijing_24h_6h_station1013_seed2048_center_lstm_h32.npz,beijing_24h_6h_station1013_seed2048_endtoend_lstm_h32,completed,39.4079704284668,23.13343620300293,0.4693046510219574,10096.0,4678.0,5418.0,predictions/beijing_24h_6h_station1013_seed2048_endtoend_lstm_h32.npz,both,lstm_h32,True,-0.18305206298828125,-0.46235750296115263,True
24,6,2049,gru,8,beijing_24h_6h_station1013_seed2049_center_gru_h8,completed,39.55599212646485,23.290733337402344,0.5091990232467651,318,predictions/beijing_24h_6h_station1013_seed2049_center_gru_h8.npz,beijing_24h_6h_station1013_seed2049_endtoend_gru_h8,completed,39.79844665527344,23.726884841918945,0.5111523270606995,5736.0,318.0,5418.0,predictions/beijing_24h_6h_station1013_seed2049_endtoend_gru_h8.npz,both,gru_h8,True,0.24245452880858664,0.6129400775322091,False
24,6,2049,gru,16,beijing_24h_6h_station1013_seed2049_center_gru_h16,completed,39.236698150634766,22.889705657958984,0.474910020828247,1014,predictions/beijing_24h_6h_station1013_seed2049_center_gru_h16.npz,beijing_24h_6h_station1013_seed2049_endtoend_gru_h16,completed,39.06782150268555,22.68732643127441,0.4674302041530609,6432.0,1014.0,5418.0,predictions/beijing_24h_6h_station1013_seed2049_endtoend_gru_h16.npz,both,gru_h16,True,-0.16887664794921875,-0.4304048401343019,True
24,6,2049,gru,32,beijing_24h_6h_station1013_seed2049_center_gru_h32,completed,39.58393478393555,22.633020401000977,0.4682398736476898,3558,predictions/beijing_24h_6h_station1013_seed2049_center_gru_h32.npz,beijing_24h_6h_station1013_seed2049_endtoend_gru_h32,completed,38.79114532470703,22.313770294189453,0.4515599310398102,8976.0,3558.0,5418.0,predictions/beijing_24h_6h_station1013_seed2049_endtoend_gru_h32.npz,both,gru_h32,True,-0.7927894592285156,-2.0028060968568906,True
24,6,2049,gru,64,beijing_24h_6h_station1013_seed2049_center_gru_h64,completed,39.7849235534668,22.888357162475582,0.4683715403079986,13254,predictions/beijing_24h_6h_station1013_seed2049_center_gru_h64.npz,beijing_24h_6h_station1013_seed2049_endtoend_gru_h64,completed,39.8288688659668,22.88454818725586,0.4543158710002899,18672.0,13254.0,5418.0,predictions/beijing_24h_6h_station1013_seed2049_endtoend_gru_h64.npz,both,gru_h64,True,0.0439453125,0.11045719980067314,False
24,6,2049,lstm,16,beijing_24h_6h_station1013_seed2049_center_lstm_h16,completed,39.41688919067383,22.93878555297852,0.4789846539497375,1318,predictions/beijing_24h_6h_station1013_seed2049_center_lstm_h16.npz,beijing_24h_6h_station1013_seed2049_endtoend_lstm_h16,completed,39.28324508666992,23.431108474731445,0.4765247404575348,6736.0,1318.0,5418.0,predictions/beijing_24h_6h_station1013_seed2049_endtoend_lstm_h16.npz,both,lstm_h16,True,-0.13364410400390625,-0.3390528952130656,True
24,6,2049,lstm,32,beijing_24h_6h_station1013_seed2049_center_lstm_h32,completed,40.01264953613281,23.528867721557617,0.4657918810844421,4678,predictions/beijing_24h_6h_station1013_seed2049_center_lstm_h32.npz,beijing_24h_6h_station1013_seed2049_endtoend_lstm_h32,completed,39.61352157592773,23.204240798950195,0.4638881683349609,10096.0,4678.0,5418.0,predictions/beijing_24h_6h_station1013_seed2049_endtoend_lstm_h32.npz,both,lstm_h32,True,-0.39912796020508523,-0.997504451297726,True
24,12,2047,gru,8,beijing_24h_12h_station1013_seed2047_center_gru_h8,completed,49.641845703125,31.883621215820312,0.8086478114128113,372,predictions/beijing_24h_12h_station1013_seed2047_center_gru_h8.npz,beijing_24h_12h_station1013_seed2047_endtoend_gru_h8,completed,50.003536224365234,32.309669494628906,0.8091988563537598,6786.0,372.0,6414.0,predictions/beijing_24h_12h_station1013_seed2047_endtoend_gru_h8.npz,both,gru_h8,True,0.3616905212402344,0.7286000673771609,False
24,12,2047,gru,16,beijing_24h_12h_station1013_seed2047_center_gru_h16,completed,49.590240478515625,31.614917755126957,0.800176203250885,1116,predictions/beijing_24h_12h_station1013_seed2047_center_gru_h16.npz,beijing_24h_12h_station1013_seed2047_endtoend_gru_h16,completed,49.90855026245117,32.24754333496094,0.8019952178001404,7530.0,1116.0,6414.0,predictions/beijing_24h_12h_station1013_seed2047_endtoend_gru_h16.npz,both,gru_h16,True,0.3183097839355469,0.6418798958505834,False
24,12,2047,gru,32,beijing_24h_12h_station1013_seed2047_center_gru_h32,completed,49.68776321411133,31.792633056640625,0.801666796207428,3756,predictions/beijing_24h_12h_station1013_seed2047_center_gru_h32.npz,beijing_24h_12h_station1013_seed2047_endtoend_gru_h32,completed,49.97034454345703,32.134674072265625,0.8006248474121094,10170.0,3756.0,6414.0,predictions/beijing_24h_12h_station1013_seed2047_endtoend_gru_h32.npz,both,gru_h32,True,0.2825813293457031,0.5687141281204733,False
24,12,2047,gru,64,beijing_24h_12h_station1013_seed2047_center_gru_h64,completed,50.33211135864258,31.830341339111328,0.8003624081611633,13644,predictions/beijing_24h_12h_station1013_seed2047_center_gru_h64.npz,beijing_24h_12h_station1013_seed2047_endtoend_gru_h64,completed,50.2452278137207,32.27927017211914,0.7940797209739685,20058.0,13644.0,6414.0,predictions/beijing_24h_12h_station1013_seed2047_endtoend_gru_h64.npz,both,gru_h64,True,-0.086883544921875,-0.17262050523330075,True
24,12,2047,lstm,16,beijing_24h_12h_station1013_seed2047_center_lstm_h16,completed,49.59591674804688,31.63310813903809,0.804794430732727,1420,predictions/beijing_24h_12h_station1013_seed2047_center_lstm_h16.npz,beijing_24h_12h_station1013_seed2047_endtoend_lstm_h16,completed,49.87139892578125,31.643112182617188,0.8063905239105225,7834.0,1420.0,6414.0,predictions/beijing_24h_12h_station1013_seed2047_endtoend_lstm_h16.npz,both,lstm_h16,True,0.2754821777343679,0.5554533433344,False
24,12,2047,lstm,32,beijing_24h_12h_station1013_seed2047_center_lstm_h32,completed,50.23648071289063,31.917875289916992,0.8023719787597656,4876,predictions/beijing_24h_12h_station1013_seed2047_center_lstm_h32.npz,beijing_24h_12h_station1013_seed2047_endtoend_lstm_h32,completed,50.5774040222168,32.43497085571289,0.7961621880531311,11290.0,4876.0,6414.0,predictions/beijing_24h_12h_station1013_seed2047_endtoend_lstm_h32.npz,both,lstm_h32,True,0.34092330932616477,0.6786369277629101,False
24,12,2048,gru,8,beijing_24h_12h_station1013_seed2048_center_gru_h8,completed,49.6767807006836,31.888547897338867,0.818716824054718,372,predictions/beijing_24h_12h_station1013_seed2048_center_gru_h8.npz,beijing_24h_12h_station1013_seed2048_endtoend_gru_h8,completed,49.51212310791016,31.62018585205078,0.8057340383529663,6786.0,372.0,6414.0,predictions/beijing_24h_12h_station1013_seed2048_endtoend_gru_h8.npz,both,gru_h8,True,-0.1646575927734375,-0.33145785707319186,True
24,12,2048,gru,16,beijing_24h_12h_station1013_seed2048_center_gru_h16,completed,49.589603424072266,31.594633102416992,0.8023205399513245,1116,predictions/beijing_24h_12h_station1013_seed2048_center_gru_h16.npz,beijing_24h_12h_station1013_seed2048_endtoend_gru_h16,completed,49.6463737487793,31.449892044067383,0.7746099233627319,7530.0,1116.0,6414.0,predictions/beijing_24h_12h_station1013_seed2048_endtoend_gru_h16.npz,both,gru_h16,True,0.05677032470703125,0.11448029584255615,False
24,12,2048,gru,32,beijing_24h_12h_station1013_seed2048_center_gru_h32,completed,49.4965934753418,31.553842544555664,0.8023297190666199,3756,predictions/beijing_24h_12h_station1013_seed2048_center_gru_h32.npz,beijing_24h_12h_station1013_seed2048_endtoend_gru_h32,completed,49.56135177612305,31.433162689208984,0.7767366766929626,10170.0,3756.0,6414.0,predictions/beijing_24h_12h_station1013_seed2048_endtoend_gru_h32.npz,both,gru_h32,True,0.06475830078125,0.13083385387624435,False
24,12,2048,gru,64,beijing_24h_12h_station1013_seed2048_center_gru_h64,completed,50.08837890625,31.658159255981445,0.7967467904090881,13644,predictions/beijing_24h_12h_station1013_seed2048_center_gru_h64.npz,beijing_24h_12h_station1013_seed2048_endtoend_gru_h64,completed,50.111473083496094,31.584169387817383,0.7726215124130249,20058.0,13644.0,6414.0,predictions/beijing_24h_12h_station1013_seed2048_endtoend_gru_h64.npz,both,gru_h64,True,0.02309417724609375,0.04610685702031159,False
24,12,2048,lstm,16,beijing_24h_12h_station1013_seed2048_center_lstm_h16,completed,49.70088195800781,31.57262420654297,0.8063682913780212,1420,predictions/beijing_24h_12h_station1013_seed2048_center_lstm_h16.npz,beijing_24h_12h_station1013_seed2048_endtoend_lstm_h16,completed,49.60609817504883,31.793569564819336,0.8000196814537048,7834.0,1420.0,6414.0,predictions/beijing_24h_12h_station1013_seed2048_endtoend_lstm_h16.npz,both,lstm_h16,True,-0.09478378295898438,-0.19070845269720804,True
24,12,2048,lstm,32,beijing_24h_12h_station1013_seed2048_center_lstm_h32,completed,50.82537078857422,32.84188461303711,0.7892007827758789,4876,predictions/beijing_24h_12h_station1013_seed2048_center_lstm_h32.npz,beijing_24h_12h_station1013_seed2048_endtoend_lstm_h32,completed,50.4928092956543,32.163455963134766,0.7732082009315491,11290.0,4876.0,6414.0,predictions/beijing_24h_12h_station1013_seed2048_endtoend_lstm_h32.npz,both,lstm_h32,True,-0.3325614929199219,-0.6543218234517645,True
24,12,2049,gru,8,beijing_24h_12h_station1013_seed2049_center_gru_h8,completed,49.64041519165039,31.859041213989254,0.8280912041664124,372,predictions/beijing_24h_12h_station1013_seed2049_center_gru_h8.npz,beijing_24h_12h_station1013_seed2049_endtoend_gru_h8,completed,49.47550201416016,31.85883140563965,0.8152079582214355,6786.0,372.0,6414.0,predictions/beijing_24h_12h_station1013_seed2049_endtoend_gru_h8.npz,both,gru_h8,True,-0.16491317749022727,-0.33221554826553534,True
24,12,2049,gru,16,beijing_24h_12h_station1013_seed2049_center_gru_h16,completed,49.63439178466797,31.657724380493164,0.8008840680122375,1116,predictions/beijing_24h_12h_station1013_seed2049_center_gru_h16.npz,beijing_24h_12h_station1013_seed2049_endtoend_gru_h16,completed,49.63769912719727,31.5151424407959,0.7782714366912842,7530.0,1116.0,6414.0,predictions/beijing_24h_12h_station1013_seed2049_endtoend_gru_h16.npz,both,gru_h16,True,0.0033073425293039804,0.006663409000062792,False
24,12,2049,gru,32,beijing_24h_12h_station1013_seed2049_center_gru_h32,completed,49.73295211791992,31.87858009338379,0.7937943339347839,3756,predictions/beijing_24h_12h_station1013_seed2049_center_gru_h32.npz,beijing_24h_12h_station1013_seed2049_endtoend_gru_h32,completed,49.52339553833008,31.660808563232425,0.7822221517562866,10170.0,3756.0,6414.0,predictions/beijing_24h_12h_station1013_seed2049_endtoend_gru_h32.npz,both,gru_h32,True,-0.20955657958984375,-0.4213636445569824,True
24,12,2049,gru,64,beijing_24h_12h_station1013_seed2049_center_gru_h64,completed,50.525821685791016,32.10297393798828,0.7698105573654175,13644,predictions/beijing_24h_12h_station1013_seed2049_center_gru_h64.npz,beijing_24h_12h_station1013_seed2049_endtoend_gru_h64,completed,50.06719970703125,31.87446022033692,0.7817686200141907,20058.0,13644.0,6414.0,predictions/beijing_24h_12h_station1013_seed2049_endtoend_gru_h64.npz,both,gru_h64,True,-0.4586219787597656,-0.9076982094657127,True
24,12,2049,lstm,16,beijing_24h_12h_station1013_seed2049_center_lstm_h16,completed,49.71718597412109,32.27756118774414,0.8118017315864563,1420,predictions/beijing_24h_12h_station1013_seed2049_center_lstm_h16.npz,beijing_24h_12h_station1013_seed2049_endtoend_lstm_h16,completed,49.4744758605957,31.81634521484375,0.7955967783927917,7834.0,1420.0,6414.0,predictions/beijing_24h_12h_station1013_seed2049_endtoend_lstm_h16.npz,both,lstm_h16,True,-0.24271011352538352,-0.48818151866382165,True
24,12,2049,lstm,32,beijing_24h_12h_station1013_seed2049_center_lstm_h32,completed,50.91132354736328,32.48948287963867,0.7895280122756958,4876,predictions/beijing_24h_12h_station1013_seed2049_center_lstm_h32.npz,beijing_24h_12h_station1013_seed2049_endtoend_lstm_h32,completed,50.70640563964844,32.06745910644531,0.7845504879951477,11290.0,4876.0,6414.0,predictions/beijing_24h_12h_station1013_seed2049_endtoend_lstm_h32.npz,both,lstm_h32,True,-0.20491790771484375,-0.4024996669438563,True
24,24,2047,gru,8,beijing_24h_24h_station1013_seed2047_center_gru_h8,completed,59.61714553833008,41.1345329284668,1.2111473083496094,480,predictions/beijing_24h_24h_station1013_seed2047_center_gru_h8.npz,beijing_24h_24h_station1013_seed2047_endtoend_gru_h8,completed,60.1279411315918,41.556339263916016,1.2162187099456787,8886.0,480.0,8406.0,predictions/beijing_24h_24h_station1013_seed2047_endtoend_gru_h8.npz,both,gru_h8,True,0.5107955932617188,0.8567931064953571,False
24,24,2047,gru,16,beijing_24h_24h_station1013_seed2047_center_gru_h16,completed,59.50938415527344,41.252708435058594,1.2024952173233032,1320,predictions/beijing_24h_24h_station1013_seed2047_center_gru_h16.npz,beijing_24h_24h_station1013_seed2047_endtoend_gru_h16,nonfinite,,,,,,,,both,gru_h16,False,,,False
24,24,2047,gru,32,beijing_24h_24h_station1013_seed2047_center_gru_h32,completed,59.91958236694336,41.87066650390625,1.209261775016785,4152,predictions/beijing_24h_24h_station1013_seed2047_center_gru_h32.npz,beijing_24h_24h_station1013_seed2047_endtoend_gru_h32,completed,60.369102478027344,42.33144378662109,1.2160524129867554,12558.0,4152.0,8406.0,predictions/beijing_24h_24h_station1013_seed2047_endtoend_gru_h32.npz,both,gru_h32,True,0.4495201110839844,0.750205681226479,False
24,24,2047,gru,64,beijing_24h_24h_station1013_seed2047_center_gru_h64,completed,59.97663116455078,41.828857421875,1.207899808883667,14424,predictions/beijing_24h_24h_station1013_seed2047_center_gru_h64.npz,beijing_24h_24h_station1013_seed2047_endtoend_gru_h64,completed,60.30615615844727,42.13364028930664,1.2134140729904177,22830.0,14424.0,8406.0,predictions/beijing_24h_24h_station1013_seed2047_endtoend_gru_h64.npz,both,gru_h64,True,0.3295249938964915,0.5494223124876907,False
24,24,2047,lstm,16,beijing_24h_24h_station1013_seed2047_center_lstm_h16,completed,60.4175033569336,41.67105865478516,1.1848814487457275,1624,predictions/beijing_24h_24h_station1013_seed2047_center_lstm_h16.npz,beijing_24h_24h_station1013_seed2047_endtoend_lstm_h16,completed,60.6246452331543,42.24177169799805,1.2243732213974,10030.0,1624.0,8406.0,predictions/beijing_24h_24h_station1013_seed2047_endtoend_lstm_h16.npz,both,lstm_h16,True,0.20714187622069602,0.3428507712358586,False
24,24,2047,lstm,32,beijing_24h_24h_station1013_seed2047_center_lstm_h32,completed,59.97614669799805,40.92617034912109,1.176397442817688,5272,predictions/beijing_24h_24h_station1013_seed2047_center_lstm_h32.npz,beijing_24h_24h_station1013_seed2047_endtoend_lstm_h32,completed,60.6464729309082,41.68813705444336,1.1834660768508911,13678.0,5272.0,8406.0,predictions/beijing_24h_24h_station1013_seed2047_endtoend_lstm_h32.npz,both,lstm_h32,True,0.6703262329101562,1.1176547174420737,False
24,24,2048,gru,8,beijing_24h_24h_station1013_seed2048_center_gru_h8,completed,59.70851135253906,41.06124496459961,1.2052723169326782,480,predictions/beijing_24h_24h_station1013_seed2048_center_gru_h8.npz,beijing_24h_24h_station1013_seed2048_endtoend_gru_h8,completed,59.66194534301758,40.858192443847656,1.1903072595596311,8886.0,480.0,8406.0,predictions/beijing_24h_24h_station1013_seed2048_endtoend_gru_h8.npz,both,gru_h8,True,-0.046566009521484375,-0.0779888971716991,True
24,24,2048,gru,16,beijing_24h_24h_station1013_seed2048_center_gru_h16,completed,59.65392303466797,41.06898880004883,1.2036848068237305,1320,predictions/beijing_24h_24h_station1013_seed2048_center_gru_h16.npz,beijing_24h_24h_station1013_seed2048_endtoend_gru_h16,completed,63.08148956298828,45.91731643676758,1.414275884628296,9726.0,1320.0,8406.0,predictions/beijing_24h_24h_station1013_seed2048_endtoend_gru_h16.npz,both,gru_h16,True,3.4275665283203125,5.745752087969769,False
24,24,2048,gru,32,beijing_24h_24h_station1013_seed2048_center_gru_h32,completed,59.58254623413086,41.10014343261719,1.2114650011062622,4152,predictions/beijing_24h_24h_station1013_seed2048_center_gru_h32.npz,beijing_24h_24h_station1013_seed2048_endtoend_gru_h32,completed,60.117149353027344,41.09347534179688,1.1952272653579712,12558.0,4152.0,8406.0,predictions/beijing_24h_24h_station1013_seed2048_endtoend_gru_h32.npz,both,gru_h32,True,0.5346031188964844,0.8972478564372777,False
24,24,2048,gru,64,beijing_24h_24h_station1013_seed2048_center_gru_h64,completed,59.58458709716797,41.13483810424805,1.190237045288086,14424,predictions/beijing_24h_24h_station1013_seed2048_center_gru_h64.npz,beijing_24h_24h_station1013_seed2048_endtoend_gru_h64,completed,59.941551208496094,41.45771026611328,1.2052773237228394,22830.0,14424.0,8406.0,predictions/beijing_24h_24h_station1013_seed2048_endtoend_gru_h64.npz,both,gru_h64,True,0.356964111328125,0.5990880003011512,False
24,24,2048,lstm,16,beijing_24h_24h_station1013_seed2048_center_lstm_h16,completed,60.2568473815918,41.39687347412109,1.193045973777771,1624,predictions/beijing_24h_24h_station1013_seed2048_center_lstm_h16.npz,beijing_24h_24h_station1013_seed2048_endtoend_lstm_h16,completed,60.58967590332031,41.58311080932617,1.1994562149047852,10030.0,1624.0,8406.0,predictions/beijing_24h_24h_station1013_seed2048_endtoend_lstm_h16.npz,both,lstm_h16,True,0.3328285217285156,0.5523497099355179,False
24,24,2048,lstm,32,beijing_24h_24h_station1013_seed2048_center_lstm_h32,completed,60.16029357910156,41.50163269042969,1.1571624279022217,5272,predictions/beijing_24h_24h_station1013_seed2048_center_lstm_h32.npz,beijing_24h_24h_station1013_seed2048_endtoend_lstm_h32,completed,60.73765182495117,41.72858428955078,1.177951097488403,13678.0,5272.0,8406.0,predictions/beijing_24h_24h_station1013_seed2048_endtoend_lstm_h32.npz,both,lstm_h32,True,0.5773582458496094,0.9596998476918639,False
24,24,2049,gru,8,beijing_24h_24h_station1013_seed2049_center_gru_h8,completed,59.61150741577149,41.213897705078125,1.2119368314743042,480,predictions/beijing_24h_24h_station1013_seed2049_center_gru_h8.npz,beijing_24h_24h_station1013_seed2049_endtoend_gru_h8,completed,59.94549179077149,41.572513580322266,1.219107151031494,8886.0,480.0,8406.0,predictions/beijing_24h_24h_station1013_seed2049_endtoend_gru_h8.npz,both,gru_h8,True,0.333984375,0.5602682929498171,False
24,24,2049,gru,16,beijing_24h_24h_station1013_seed2049_center_gru_h16,completed,59.59184646606445,41.12873077392578,1.2029255628585815,1320,predictions/beijing_24h_24h_station1013_seed2049_center_gru_h16.npz,beijing_24h_24h_station1013_seed2049_endtoend_gru_h16,nonfinite,,,,,,,,both,gru_h16,False,,,False
24,24,2049,gru,32,beijing_24h_24h_station1013_seed2049_center_gru_h32,completed,59.7168197631836,41.46489715576172,1.206128478050232,4152,predictions/beijing_24h_24h_station1013_seed2049_center_gru_h32.npz,beijing_24h_24h_station1013_seed2049_endtoend_gru_h32,completed,59.77850341796875,41.303321838378906,1.2055608034133911,12558.0,4152.0,8406.0,predictions/beijing_24h_24h_station1013_seed2049_endtoend_gru_h32.npz,both,gru_h32,True,0.061683654785149145,0.1032936030916698,False
24,24,2049,gru,64,beijing_24h_24h_station1013_seed2049_center_gru_h64,completed,59.80893707275391,41.2634162902832,1.200013518333435,14424,predictions/beijing_24h_24h_station1013_seed2049_center_gru_h64.npz,beijing_24h_24h_station1013_seed2049_endtoend_gru_h64,completed,59.88882446289063,41.61981201171875,1.205731987953186,22830.0,14424.0,8406.0,predictions/beijing_24h_24h_station1013_seed2049_endtoend_gru_h64.npz,both,gru_h64,True,0.07988739013671875,0.1335709913044214,False
24,24,2049,lstm,16,beijing_24h_24h_station1013_seed2049_center_lstm_h16,completed,60.02793884277344,41.37799072265625,1.1968172788619995,1624,predictions/beijing_24h_24h_station1013_seed2049_center_lstm_h16.npz,beijing_24h_24h_station1013_seed2049_endtoend_lstm_h16,completed,60.05968475341797,41.66094970703125,1.2109792232513428,10030.0,1624.0,8406.0,predictions/beijing_24h_24h_station1013_seed2049_endtoend_lstm_h16.npz,both,lstm_h16,True,0.03174591064453125,0.052885225207677244,False
24,24,2049,lstm,32,beijing_24h_24h_station1013_seed2049_center_lstm_h32,completed,60.25818634033203,41.7120361328125,1.1675939559936523,5272,predictions/beijing_24h_24h_station1013_seed2049_center_lstm_h32.npz,beijing_24h_24h_station1013_seed2049_endtoend_lstm_h32,completed,60.64464569091797,41.79598617553711,1.179493427276611,13678.0,5272.0,8406.0,predictions/beijing_24h_24h_station1013_seed2049_endtoend_lstm_h32.npz,both,lstm_h32,True,0.3864593505859375,0.6413391674340296,False
48,1,2047,gru,8,beijing_48h_1h_station1013_seed2047_center_gru_h8,completed,19.8933162689209,9.914934158325195,0.1187528073787689,273,predictions/beijing_48h_1h_station1013_seed2047_center_gru_h8.npz,beijing_48h_1h_station1013_seed2047_endtoend_gru_h8,completed,19.987483978271484,10.356069564819336,0.1217100173234939,4861.0,273.0,4588.0,predictions/beijing_48h_1h_station1013_seed2047_endtoend_gru_h8.npz,both,gru_h8,True,0.09416770935058594,0.47336355626992344,False
48,1,2047,gru,16,beijing_48h_1h_station1013_seed2047_center_gru_h16,completed,20.32415580749512,9.943659782409668,0.106682687997818,929,predictions/beijing_48h_1h_station1013_seed2047_center_gru_h16.npz,beijing_48h_1h_station1013_seed2047_endtoend_gru_h16,completed,20.125507354736328,9.883241653442385,0.1033192202448844,5517.0,929.0,4588.0,predictions/beijing_48h_1h_station1013_seed2047_endtoend_gru_h16.npz,both,gru_h16,True,-0.19864845275879262,-0.9774007572089904,True
48,1,2047,gru,32,beijing_48h_1h_station1013_seed2047_center_gru_h32,completed,20.83422088623047,10.065110206604004,0.0987192243337631,3393,predictions/beijing_48h_1h_station1013_seed2047_center_gru_h32.npz,beijing_48h_1h_station1013_seed2047_endtoend_gru_h32,completed,20.74103736877441,9.86009120941162,0.0988082811236381,7981.0,3393.0,4588.0,predictions/beijing_48h_1h_station1013_seed2047_endtoend_gru_h32.npz,both,gru_h32,True,-0.09318351745605824,-0.44726182929952785,True
48,1,2047,gru,64,beijing_48h_1h_station1013_seed2047_center_gru_h64,completed,21.21710205078125,10.093172073364258,0.0987127423286438,12929,predictions/beijing_48h_1h_station1013_seed2047_center_gru_h64.npz,beijing_48h_1h_station1013_seed2047_endtoend_gru_h64,completed,20.901029586791992,10.053568840026855,0.0942048132419586,17517.0,12929.0,4588.0,predictions/beijing_48h_1h_station1013_seed2047_endtoend_gru_h64.npz,both,gru_h64,True,-0.3160724639892578,-1.4897061023355862,True
48,1,2047,lstm,16,beijing_48h_1h_station1013_seed2047_center_lstm_h16,completed,20.20436286926269,10.025431632995604,0.108208566904068,1233,predictions/beijing_48h_1h_station1013_seed2047_center_lstm_h16.npz,beijing_48h_1h_station1013_seed2047_endtoend_lstm_h16,completed,20.292802810668945,10.165335655212402,0.1082651764154434,5821.0,1233.0,4588.0,predictions/beijing_48h_1h_station1013_seed2047_endtoend_lstm_h16.npz,both,lstm_h16,True,0.08843994140625355,0.43772695025587893,False
48,1,2047,lstm,32,beijing_48h_1h_station1013_seed2047_center_lstm_h32,completed,20.442703247070312,9.769685745239258,0.0983716249465942,4513,predictions/beijing_48h_1h_station1013_seed2047_center_lstm_h32.npz,beijing_48h_1h_station1013_seed2047_endtoend_lstm_h32,completed,20.18432235717773,10.078516960144045,0.0951960459351539,9101.0,4513.0,4588.0,predictions/beijing_48h_1h_station1013_seed2047_endtoend_lstm_h32.npz,both,lstm_h32,True,-0.2583808898925817,-1.2639272153481484,True
48,1,2048,gru,8,beijing_48h_1h_station1013_seed2048_center_gru_h8,completed,20.42927360534668,10.087717056274414,0.1334331184625625,273,predictions/beijing_48h_1h_station1013_seed2048_center_gru_h8.npz,beijing_48h_1h_station1013_seed2048_endtoend_gru_h8,completed,20.583953857421875,10.38138484954834,0.1277742683887481,4861.0,273.0,4588.0,predictions/beijing_48h_1h_station1013_seed2048_endtoend_gru_h8.npz,both,gru_h8,True,0.1546802520751953,0.7571500341290394,False
48,1,2048,gru,16,beijing_48h_1h_station1013_seed2048_center_gru_h16,completed,20.44131088256836,9.98186492919922,0.1033397391438484,929,predictions/beijing_48h_1h_station1013_seed2048_center_gru_h16.npz,beijing_48h_1h_station1013_seed2048_endtoend_gru_h16,completed,20.33673858642578,10.070671081542969,0.1032046005129814,5517.0,929.0,4588.0,predictions/beijing_48h_1h_station1013_seed2048_endtoend_gru_h16.npz,both,gru_h16,True,-0.10457229614257812,-0.5115733366775066,True
48,1,2048,gru,32,beijing_48h_1h_station1013_seed2048_center_gru_h32,completed,20.77253150939941,9.937143325805664,0.0984599292278289,3393,predictions/beijing_48h_1h_station1013_seed2048_center_gru_h32.npz,beijing_48h_1h_station1013_seed2048_endtoend_gru_h32,completed,20.72042655944824,9.934133529663086,0.0968025997281074,7981.0,3393.0,4588.0,predictions/beijing_48h_1h_station1013_seed2048_endtoend_gru_h32.npz,both,gru_h32,True,-0.052104949951171875,-0.2508358209859729,True
48,1,2048,gru,64,beijing_48h_1h_station1013_seed2048_center_gru_h64,completed,21.18109893798828,10.050692558288574,0.0985671207308769,12929,predictions/beijing_48h_1h_station1013_seed2048_center_gru_h64.npz,beijing_48h_1h_station1013_seed2048_endtoend_gru_h64,completed,20.767343521118164,10.094508171081545,0.0934839621186256,17517.0,12929.0,4588.0,predictions/beijing_48h_1h_station1013_seed2048_endtoend_gru_h64.npz,both,gru_h64,True,-0.4137554168701172,-1.9534180831762615,True
48,1,2048,lstm,16,beijing_48h_1h_station1013_seed2048_center_lstm_h16,completed,20.026439666748047,9.946948051452637,0.1095586344599723,1233,predictions/beijing_48h_1h_station1013_seed2048_center_lstm_h16.npz,beijing_48h_1h_station1013_seed2048_endtoend_lstm_h16,completed,19.9858455657959,10.060203552246094,0.1109003499150276,5821.0,1233.0,4588.0,predictions/beijing_48h_1h_station1013_seed2048_endtoend_lstm_h16.npz,both,lstm_h16,True,-0.04059410095214844,-0.20270253538651195,True
48,1,2048,lstm,32,beijing_48h_1h_station1013_seed2048_center_lstm_h32,completed,20.35712432861328,9.95504093170166,0.0988593846559524,4513,predictions/beijing_48h_1h_station1013_seed2048_center_lstm_h32.npz,beijing_48h_1h_station1013_seed2048_endtoend_lstm_h32,completed,20.722631454467773,10.292591094970703,0.1019267588853836,9101.0,4513.0,4588.0,predictions/beijing_48h_1h_station1013_seed2048_endtoend_lstm_h32.npz,both,lstm_h32,True,0.3655071258544922,1.7954752348825043,False
48,1,2049,gru,8,beijing_48h_1h_station1013_seed2049_center_gru_h8,completed,20.23124122619629,10.046624183654783,0.1248388215899467,273,predictions/beijing_48h_1h_station1013_seed2049_center_gru_h8.npz,beijing_48h_1h_station1013_seed2049_endtoend_gru_h8,completed,20.324207305908203,10.269264221191406,0.1274944245815277,4861.0,273.0,4588.0,predictions/beijing_48h_1h_station1013_seed2049_endtoend_gru_h8.npz,both,gru_h8,True,0.09296607971191406,0.45951742986256594,False
48,1,2049,gru,16,beijing_48h_1h_station1013_seed2049_center_gru_h16,completed,20.33798217773437,9.850184440612791,0.1040259450674057,929,predictions/beijing_48h_1h_station1013_seed2049_center_gru_h16.npz,beijing_48h_1h_station1013_seed2049_endtoend_gru_h16,completed,20.38732147216797,10.029022216796877,0.1032178327441215,5517.0,929.0,4588.0,predictions/beijing_48h_1h_station1013_seed2049_endtoend_gru_h16.npz,both,gru_h16,True,0.0493392944335973,0.24259680238885029,False
48,1,2049,gru,32,beijing_48h_1h_station1013_seed2049_center_gru_h32,completed,20.762470245361328,9.91260814666748,0.0983267277479171,3393,predictions/beijing_48h_1h_station1013_seed2049_center_gru_h32.npz,beijing_48h_1h_station1013_seed2049_endtoend_gru_h32,completed,20.359294891357425,9.7628755569458,0.0959435552358627,7981.0,3393.0,4588.0,predictions/beijing_48h_1h_station1013_seed2049_endtoend_gru_h32.npz,both,gru_h32,True,-0.4031753540039027,-1.9418467515635696,True
48,1,2049,gru,64,beijing_48h_1h_station1013_seed2049_center_gru_h64,completed,21.20433807373047,9.922289848327637,0.0988998711109161,12929,predictions/beijing_48h_1h_station1013_seed2049_center_gru_h64.npz,beijing_48h_1h_station1013_seed2049_endtoend_gru_h64,completed,20.82980728149414,9.764461517333984,0.0954935327172279,17517.0,12929.0,4588.0,predictions/beijing_48h_1h_station1013_seed2049_endtoend_gru_h64.npz,both,gru_h64,True,-0.3745307922363281,-1.766293250626505,True
48,1,2049,lstm,16,beijing_48h_1h_station1013_seed2049_center_lstm_h16,completed,20.13192176818848,9.781630516052246,0.1025045067071914,1233,predictions/beijing_48h_1h_station1013_seed2049_center_lstm_h16.npz,beijing_48h_1h_station1013_seed2049_endtoend_lstm_h16,completed,19.85737419128418,9.96081829071045,0.098660334944725,5821.0,1233.0,4588.0,predictions/beijing_48h_1h_station1013_seed2049_endtoend_lstm_h16.npz,both,lstm_h16,True,-0.2745475769043004,-1.3637425183030794,True
48,1,2049,lstm,32,beijing_48h_1h_station1013_seed2049_center_lstm_h32,completed,20.512357711791992,9.759778022766112,0.0979946553707122,4513,predictions/beijing_48h_1h_station1013_seed2049_center_lstm_h32.npz,beijing_48h_1h_station1013_seed2049_endtoend_lstm_h32,completed,46.975093841552734,32.04729461669922,0.7901929616928101,9101.0,4513.0,4588.0,predictions/beijing_48h_1h_station1013_seed2049_endtoend_lstm_h32.npz,both,lstm_h32,True,26.462736129760742,129.0087492699488,False
48,3,2047,gru,8,beijing_48h_3h_station1013_seed2047_center_gru_h8,completed,30.67397689819336,16.780189514160156,0.3045123517513275,291,predictions/beijing_48h_3h_station1013_seed2047_center_gru_h8.npz,beijing_48h_3h_station1013_seed2047_endtoend_gru_h8,completed,30.41692543029785,16.643461227416992,0.2940894067287445,5211.0,291.0,4920.0,predictions/beijing_48h_3h_station1013_seed2047_endtoend_gru_h8.npz,both,gru_h8,True,-0.2570514678955078,-0.8380115455803416,True
48,3,2047,gru,16,beijing_48h_3h_station1013_seed2047_center_gru_h16,completed,30.16673469543457,16.12220001220703,0.2652356922626495,963,predictions/beijing_48h_3h_station1013_seed2047_center_gru_h16.npz,beijing_48h_3h_station1013_seed2047_endtoend_gru_h16,completed,30.37728500366211,16.73564338684082,0.2657722234725952,5883.0,963.0,4920.0,predictions/beijing_48h_3h_station1013_seed2047_endtoend_gru_h16.npz,both,gru_h16,True,0.21055030822753906,0.6979552488967311,False
48,3,2047,gru,32,beijing_48h_3h_station1013_seed2047_center_gru_h32,completed,30.61086082458496,15.998847007751465,0.256599873304367,3459,predictions/beijing_48h_3h_station1013_seed2047_center_gru_h32.npz,beijing_48h_3h_station1013_seed2047_endtoend_gru_h32,completed,30.501893997192383,16.12639808654785,0.252416044473648,8379.0,3459.0,4920.0,predictions/beijing_48h_3h_station1013_seed2047_endtoend_gru_h32.npz,both,gru_h32,True,-0.10896682739257812,-0.3559743975088181,True
48,3,2047,gru,64,beijing_48h_3h_station1013_seed2047_center_gru_h64,completed,31.091188430786133,16.061935424804688,0.2574421763420105,13059,predictions/beijing_48h_3h_station1013_seed2047_center_gru_h64.npz,beijing_48h_3h_station1013_seed2047_endtoend_gru_h64,completed,30.672304153442383,15.835890769958496,0.2476186007261276,17979.0,13059.0,4920.0,predictions/beijing_48h_3h_station1013_seed2047_endtoend_gru_h64.npz,both,gru_h64,True,-0.41888427734375,-1.3472765065775882,True
48,3,2047,lstm,16,beijing_48h_3h_station1013_seed2047_center_lstm_h16,completed,30.25362968444824,16.353116989135742,0.2715393900871277,1267,predictions/beijing_48h_3h_station1013_seed2047_center_lstm_h16.npz,beijing_48h_3h_station1013_seed2047_endtoend_lstm_h16,completed,29.777326583862305,16.305233001708984,0.2626393437385559,6187.0,1267.0,4920.0,predictions/beijing_48h_3h_station1013_seed2047_endtoend_lstm_h16.npz,both,lstm_h16,True,-0.47630310058593395,-1.5743667968236452,True
48,3,2047,lstm,32,beijing_48h_3h_station1013_seed2047_center_lstm_h32,completed,30.406721115112305,16.0384578704834,0.2579346895217895,4579,predictions/beijing_48h_3h_station1013_seed2047_center_lstm_h32.npz,beijing_48h_3h_station1013_seed2047_endtoend_lstm_h32,completed,52.76187133789063,38.224727630615234,1.0979315042495728,9499.0,4579.0,4920.0,predictions/beijing_48h_3h_station1013_seed2047_endtoend_lstm_h32.npz,both,lstm_h32,True,22.355150222778327,73.52042378442343,False
48,3,2048,gru,8,beijing_48h_3h_station1013_seed2048_center_gru_h8,completed,30.606603622436523,16.806249618530273,0.308853805065155,291,predictions/beijing_48h_3h_station1013_seed2048_center_gru_h8.npz,beijing_48h_3h_station1013_seed2048_endtoend_gru_h8,completed,30.37332534790039,16.656661987304688,0.2957112193107605,5211.0,291.0,4920.0,predictions/beijing_48h_3h_station1013_seed2048_endtoend_gru_h8.npz,both,gru_h8,True,-0.2332782745361328,-0.762182819805346,True
48,3,2048,gru,16,beijing_48h_3h_station1013_seed2048_center_gru_h16,completed,30.14202308654785,16.070810317993164,0.2667730152606964,963,predictions/beijing_48h_3h_station1013_seed2048_center_gru_h16.npz,beijing_48h_3h_station1013_seed2048_endtoend_gru_h16,nonfinite,,,,,,,,both,gru_h16,False,,,False
48,3,2048,gru,32,beijing_48h_3h_station1013_seed2048_center_gru_h32,completed,30.566743850708008,16.01288414001465,0.2575033009052276,3459,predictions/beijing_48h_3h_station1013_seed2048_center_gru_h32.npz,beijing_48h_3h_station1013_seed2048_endtoend_gru_h32,completed,30.09531211853028,16.25572967529297,0.2485437095165252,8379.0,3459.0,4920.0,predictions/beijing_48h_3h_station1013_seed2048_endtoend_gru_h32.npz,both,gru_h32,True,-0.47143173217772727,-1.5423027538695733,True
48,3,2048,gru,64,beijing_48h_3h_station1013_seed2048_center_gru_h64,completed,31.01352310180664,16.144380569458008,0.2567522823810577,13059,predictions/beijing_48h_3h_station1013_seed2048_center_gru_h64.npz,beijing_48h_3h_station1013_seed2048_endtoend_gru_h64,completed,30.484203338623047,15.708294868469238,0.244374006986618,17979.0,13059.0,4920.0,predictions/beijing_48h_3h_station1013_seed2048_endtoend_gru_h64.npz,both,gru_h64,True,-0.5293197631835938,-1.706738578026179,True
48,3,2048,lstm,16,beijing_48h_3h_station1013_seed2048_center_lstm_h16,completed,30.03182029724121,16.09690284729004,0.2713360786437988,1267,predictions/beijing_48h_3h_station1013_seed2048_center_lstm_h16.npz,beijing_48h_3h_station1013_seed2048_endtoend_lstm_h16,completed,29.86093711853028,16.16434097290039,0.2629622220993042,6187.0,1267.0,4920.0,predictions/beijing_48h_3h_station1013_seed2048_endtoend_lstm_h16.npz,both,lstm_h16,True,-0.1708831787109304,-0.5690070632402788,True
48,3,2048,lstm,32,beijing_48h_3h_station1013_seed2048_center_lstm_h32,completed,30.397388458251957,16.217195510864258,0.2592288553714752,4579,predictions/beijing_48h_3h_station1013_seed2048_center_lstm_h32.npz,beijing_48h_3h_station1013_seed2048_endtoend_lstm_h32,completed,39.4899787902832,25.467559814453125,0.6306921243667603,9499.0,4579.0,4920.0,predictions/beijing_48h_3h_station1013_seed2048_endtoend_lstm_h32.npz,both,lstm_h32,True,9.092590332031246,29.912406273055623,False
48,3,2049,gru,8,beijing_48h_3h_station1013_seed2049_center_gru_h8,completed,30.284374237060547,16.466474533081055,0.2870379686355591,291,predictions/beijing_48h_3h_station1013_seed2049_center_gru_h8.npz,beijing_48h_3h_station1013_seed2049_endtoend_gru_h8,completed,29.88359260559082,16.070514678955078,0.2773294746875763,5211.0,291.0,4920.0,predictions/beijing_48h_3h_station1013_seed2049_endtoend_gru_h8.npz,both,gru_h8,True,-0.40078163146972656,-1.32339413168151,True
48,3,2049,gru,16,beijing_48h_3h_station1013_seed2049_center_gru_h16,completed,30.33458709716797,16.127216339111328,0.2643889188766479,963,predictions/beijing_48h_3h_station1013_seed2049_center_gru_h16.npz,beijing_48h_3h_station1013_seed2049_endtoend_gru_h16,completed,29.6982650756836,15.69642734527588,0.252421885728836,5883.0,963.0,4920.0,predictions/beijing_48h_3h_station1013_seed2049_endtoend_gru_h16.npz,both,gru_h16,True,-0.6363220214843679,-2.097678202924258,True
48,3,2049,gru,32,beijing_48h_3h_station1013_seed2049_center_gru_h32,completed,30.561656951904297,16.07579231262207,0.2573405504226684,3459,predictions/beijing_48h_3h_station1013_seed2049_center_gru_h32.npz,beijing_48h_3h_station1013_seed2049_endtoend_gru_h32,completed,30.4570426940918,16.151763916015625,0.2526223361492157,8379.0,3459.0,4920.0,predictions/beijing_48h_3h_station1013_seed2049_endtoend_gru_h32.npz,both,gru_h32,True,-0.10461425781249645,-0.34230558237444697,True
48,3,2049,gru,64,beijing_48h_3h_station1013_seed2049_center_gru_h64,completed,31.08709526062012,16.425771713256836,0.257601648569107,13059,predictions/beijing_48h_3h_station1013_seed2049_center_gru_h64.npz,beijing_48h_3h_station1013_seed2049_endtoend_gru_h64,completed,30.609336853027344,15.824204444885254,0.2456582188606262,17979.0,13059.0,4920.0,predictions/beijing_48h_3h_station1013_seed2049_endtoend_gru_h64.npz,both,gru_h64,True,-0.477758407592777,-1.5368383684209341,True
48,3,2049,lstm,16,beijing_48h_3h_station1013_seed2049_center_lstm_h16,completed,30.144020080566406,15.953256607055664,0.266798198223114,1267,predictions/beijing_48h_3h_station1013_seed2049_center_lstm_h16.npz,beijing_48h_3h_station1013_seed2049_endtoend_lstm_h16,completed,30.05626678466797,16.026708602905273,0.2631156742572784,6187.0,1267.0,4920.0,predictions/beijing_48h_3h_station1013_seed2049_endtoend_lstm_h16.npz,both,lstm_h16,True,-0.0877532958984375,-0.2911134469254506,True
48,3,2049,lstm,32,beijing_48h_3h_station1013_seed2049_center_lstm_h32,completed,30.455114364624023,16.051816940307617,0.2583915591239929,4579,predictions/beijing_48h_3h_station1013_seed2049_center_lstm_h32.npz,beijing_48h_3h_station1013_seed2049_endtoend_lstm_h32,completed,30.1782455444336,16.114999771118164,0.2527987658977508,9499.0,4579.0,4920.0,predictions/beijing_48h_3h_station1013_seed2049_endtoend_lstm_h32.npz,both,lstm_h32,True,-0.2768688201904226,-0.9091045164881351,True
48,6,2047,gru,8,beijing_48h_6h_station1013_seed2047_center_gru_h8,completed,39.40507888793945,23.389923095703125,0.5034818053245544,318,predictions/beijing_48h_6h_station1013_seed2047_center_gru_h8.npz,beijing_48h_6h_station1013_seed2047_endtoend_gru_h8,completed,39.68835067749024,23.366474151611328,0.4895589351654053,5736.0,318.0,5418.0,predictions/beijing_48h_6h_station1013_seed2047_endtoend_gru_h8.npz,both,gru_h8,True,0.28327178955078836,0.7188712662049568,False
48,6,2047,gru,16,beijing_48h_6h_station1013_seed2047_center_gru_h16,completed,39.391639709472656,22.93445587158203,0.4781861007213592,1014,predictions/beijing_48h_6h_station1013_seed2047_center_gru_h16.npz,beijing_48h_6h_station1013_seed2047_endtoend_gru_h16,completed,38.99401473999024,22.6008415222168,0.4644505977630615,6432.0,1014.0,5418.0,predictions/beijing_48h_6h_station1013_seed2047_endtoend_gru_h16.npz,both,gru_h16,True,-0.39762496948241477,-1.00941461796219,True
48,6,2047,gru,32,beijing_48h_6h_station1013_seed2047_center_gru_h32,completed,39.44609451293945,22.84691047668457,0.4700239598751068,3558,predictions/beijing_48h_6h_station1013_seed2047_center_gru_h32.npz,beijing_48h_6h_station1013_seed2047_endtoend_gru_h32,completed,39.34596633911133,23.04254913330078,0.4595698118209839,8976.0,3558.0,5418.0,predictions/beijing_48h_6h_station1013_seed2047_endtoend_gru_h32.npz,both,gru_h32,True,-0.100128173828125,-0.2538354558656808,True
48,6,2047,gru,64,beijing_48h_6h_station1013_seed2047_center_gru_h64,completed,39.94505310058594,22.769359588623047,0.46759232878685,13254,predictions/beijing_48h_6h_station1013_seed2047_center_gru_h64.npz,beijing_48h_6h_station1013_seed2047_endtoend_gru_h64,completed,39.4954833984375,22.566383361816406,0.4494018852710724,18672.0,13254.0,5418.0,predictions/beijing_48h_6h_station1013_seed2047_endtoend_gru_h64.npz,both,gru_h64,True,-0.4495697021484375,-1.1254702829318397,True
48,6,2047,lstm,16,beijing_48h_6h_station1013_seed2047_center_lstm_h16,completed,39.28160858154297,23.00516891479492,0.4753204584121704,1318,predictions/beijing_48h_6h_station1013_seed2047_center_lstm_h16.npz,beijing_48h_6h_station1013_seed2047_endtoend_lstm_h16,completed,38.85480880737305,22.73171043395996,0.4630241990089416,6736.0,1318.0,5418.0,predictions/beijing_48h_6h_station1013_seed2047_endtoend_lstm_h16.npz,both,lstm_h16,True,-0.4267997741699219,-1.086512975363385,True
48,6,2047,lstm,32,beijing_48h_6h_station1013_seed2047_center_lstm_h32,completed,39.88545608520508,23.5589542388916,0.4802006781101227,4678,predictions/beijing_48h_6h_station1013_seed2047_center_lstm_h32.npz,beijing_48h_6h_station1013_seed2047_endtoend_lstm_h32,completed,40.61460876464844,24.40822029113769,0.5204888582229614,10096.0,4678.0,5418.0,predictions/beijing_48h_6h_station1013_seed2047_endtoend_lstm_h32.npz,both,lstm_h32,True,0.7291526794433594,1.8281166896668033,False
48,6,2048,gru,8,beijing_48h_6h_station1013_seed2048_center_gru_h8,completed,39.20009231567383,23.02444839477539,0.4968703985214233,318,predictions/beijing_48h_6h_station1013_seed2048_center_gru_h8.npz,beijing_48h_6h_station1013_seed2048_endtoend_gru_h8,completed,39.40351867675781,23.1567497253418,0.4961957931518554,5736.0,318.0,5418.0,predictions/beijing_48h_6h_station1013_seed2048_endtoend_gru_h8.npz,both,gru_h8,True,0.20342636108398438,0.5189435765758255,False
48,6,2048,gru,16,beijing_48h_6h_station1013_seed2048_center_gru_h16,completed,39.18125534057617,22.806108474731445,0.473351389169693,1014,predictions/beijing_48h_6h_station1013_seed2048_center_gru_h16.npz,beijing_48h_6h_station1013_seed2048_endtoend_gru_h16,completed,39.04792404174805,22.691274642944336,0.4661278128623962,6432.0,1014.0,5418.0,predictions/beijing_48h_6h_station1013_seed2048_endtoend_gru_h16.npz,both,gru_h16,True,-0.133331298828125,-0.3402935859741274,True
48,6,2048,gru,32,beijing_48h_6h_station1013_seed2048_center_gru_h32,completed,39.58538818359375,22.639820098876957,0.4649896025657654,3558,predictions/beijing_48h_6h_station1013_seed2048_center_gru_h32.npz,beijing_48h_6h_station1013_seed2048_endtoend_gru_h32,completed,38.94774627685547,22.37691879272461,0.4446474313735962,8976.0,3558.0,5418.0,predictions/beijing_48h_6h_station1013_seed2048_endtoend_gru_h32.npz,both,gru_h32,True,-0.6376419067382812,-1.6108011971006864,True
48,6,2048,gru,64,beijing_48h_6h_station1013_seed2048_center_gru_h64,completed,39.96208190917969,22.84066200256348,0.4672638475894928,13254,predictions/beijing_48h_6h_station1013_seed2048_center_gru_h64.npz,beijing_48h_6h_station1013_seed2048_endtoend_gru_h64,completed,39.88589859008789,22.51213455200196,0.4516083002090454,18672.0,13254.0,5418.0,predictions/beijing_48h_6h_station1013_seed2048_endtoend_gru_h64.npz,both,gru_h64,True,-0.07618331909179688,-0.1906390144160608,True
48,6,2048,lstm,16,beijing_48h_6h_station1013_seed2048_center_lstm_h16,completed,39.362422943115234,22.934371948242188,0.4757540225982666,1318,predictions/beijing_48h_6h_station1013_seed2048_center_lstm_h16.npz,beijing_48h_6h_station1013_seed2048_endtoend_lstm_h16,completed,38.94659805297852,22.90987777709961,0.4626939594745636,6736.0,1318.0,5418.0,predictions/beijing_48h_6h_station1013_seed2048_endtoend_lstm_h16.npz,both,lstm_h16,True,-0.41582489013671164,-1.0564006457062902,True
48,6,2048,lstm,32,beijing_48h_6h_station1013_seed2048_center_lstm_h32,completed,39.78401184082031,23.569169998168945,0.4817438423633575,4678,predictions/beijing_48h_6h_station1013_seed2048_center_lstm_h32.npz,beijing_48h_6h_station1013_seed2048_endtoend_lstm_h32,completed,41.75834274291992,26.006654739379883,0.57965087890625,10096.0,4678.0,5418.0,predictions/beijing_48h_6h_station1013_seed2048_endtoend_lstm_h32.npz,both,lstm_h32,True,1.9743309020996094,4.962623955570633,False
48,6,2049,gru,8,beijing_48h_6h_station1013_seed2049_center_gru_h8,completed,39.60575866699219,23.33370018005371,0.5101868510246277,318,predictions/beijing_48h_6h_station1013_seed2049_center_gru_h8.npz,beijing_48h_6h_station1013_seed2049_endtoend_gru_h8,completed,39.70153427124024,23.65087509155273,0.5086904168128967,5736.0,318.0,5418.0,predictions/beijing_48h_6h_station1013_seed2049_endtoend_gru_h8.npz,both,gru_h8,True,0.09577560424805398,0.24182242045491797,False
48,6,2049,gru,16,beijing_48h_6h_station1013_seed2049_center_gru_h16,completed,39.264122009277344,22.94828224182129,0.4754357039928436,1014,predictions/beijing_48h_6h_station1013_seed2049_center_gru_h16.npz,beijing_48h_6h_station1013_seed2049_endtoend_gru_h16,nonfinite,,,,,,,,both,gru_h16,False,,,False
48,6,2049,gru,32,beijing_48h_6h_station1013_seed2049_center_gru_h32,completed,39.54444885253906,22.915475845336918,0.4687158167362213,3558,predictions/beijing_48h_6h_station1013_seed2049_center_gru_h32.npz,beijing_48h_6h_station1013_seed2049_endtoend_gru_h32,completed,38.65711212158203,22.17393493652344,0.4461786150932312,8976.0,3558.0,5418.0,predictions/beijing_48h_6h_station1013_seed2049_endtoend_gru_h32.npz,both,gru_h32,True,-0.8873367309570312,-2.2438970745702003,True
48,6,2049,gru,64,beijing_48h_6h_station1013_seed2049_center_gru_h64,completed,39.86400604248047,23.01189422607422,0.4639710485935211,13254,predictions/beijing_48h_6h_station1013_seed2049_center_gru_h64.npz,beijing_48h_6h_station1013_seed2049_endtoend_gru_h64,completed,39.56364440917969,22.69417190551757,0.4474771022796631,18672.0,13254.0,5418.0,predictions/beijing_48h_6h_station1013_seed2049_endtoend_gru_h64.npz,both,gru_h64,True,-0.30036163330078125,-0.7534657529920774,True
48,6,2049,lstm,16,beijing_48h_6h_station1013_seed2049_center_lstm_h16,completed,39.8564682006836,23.463401794433597,0.4699735045433044,1318,predictions/beijing_48h_6h_station1013_seed2049_center_lstm_h16.npz,beijing_48h_6h_station1013_seed2049_endtoend_lstm_h16,completed,39.50634002685547,23.36282157897949,0.4669995307922363,6736.0,1318.0,5418.0,predictions/beijing_48h_6h_station1013_seed2049_endtoend_lstm_h16.npz,both,lstm_h16,True,-0.3501281738281321,-0.8784726535858156,True
48,6,2049,lstm,32,beijing_48h_6h_station1013_seed2049_center_lstm_h32,completed,41.075626373291016,24.43524742126465,0.4757661819458008,4678,predictions/beijing_48h_6h_station1013_seed2049_center_lstm_h32.npz,beijing_48h_6h_station1013_seed2049_endtoend_lstm_h32,completed,43.71068572998047,28.00202751159668,0.6101810336112976,10096.0,4678.0,5418.0,predictions/beijing_48h_6h_station1013_seed2049_endtoend_lstm_h32.npz,both,lstm_h32,True,2.635059356689453,6.415141019986659,False
48,12,2047,gru,8,beijing_48h_12h_station1013_seed2047_center_gru_h8,completed,49.69930267333984,31.96983337402344,0.8096737861633301,372,predictions/beijing_48h_12h_station1013_seed2047_center_gru_h8.npz,beijing_48h_12h_station1013_seed2047_endtoend_gru_h8,completed,49.65179443359375,31.65727996826172,0.7884175181388855,6786.0,372.0,6414.0,predictions/beijing_48h_12h_station1013_seed2047_endtoend_gru_h8.npz,both,gru_h8,True,-0.047508239746086645,-0.09559136082520903,True
48,12,2047,gru,16,beijing_48h_12h_station1013_seed2047_center_gru_h16,completed,49.65015411376953,31.81056785583496,0.7979118824005127,1116,predictions/beijing_48h_12h_station1013_seed2047_center_gru_h16.npz,beijing_48h_12h_station1013_seed2047_endtoend_gru_h16,completed,49.54336166381836,31.59994506835937,0.7913744449615479,7530.0,1116.0,6414.0,predictions/beijing_48h_12h_station1013_seed2047_endtoend_gru_h16.npz,both,gru_h16,True,-0.10679244995117188,-0.2150898659981304,True
48,12,2047,gru,32,beijing_48h_12h_station1013_seed2047_center_gru_h32,completed,49.6683464050293,31.732385635375977,0.7978377938270569,3756,predictions/beijing_48h_12h_station1013_seed2047_center_gru_h32.npz,beijing_48h_12h_station1013_seed2047_endtoend_gru_h32,completed,49.45671463012695,31.912139892578125,0.7914861440658569,10170.0,3756.0,6414.0,predictions/beijing_48h_12h_station1013_seed2047_endtoend_gru_h32.npz,both,gru_h32,True,-0.21163177490234375,-0.4260898343112829,True
48,12,2047,gru,64,beijing_48h_12h_station1013_seed2047_center_gru_h64,completed,50.334434509277344,31.65264129638672,0.7909989953041077,13644,predictions/beijing_48h_12h_station1013_seed2047_center_gru_h64.npz,beijing_48h_12h_station1013_seed2047_endtoend_gru_h64,completed,50.04896926879883,31.41226959228516,0.7868717908859253,20058.0,13644.0,6414.0,predictions/beijing_48h_12h_station1013_seed2047_endtoend_gru_h64.npz,both,gru_h64,True,-0.2854652404785156,-0.5671370767578621,True
48,12,2047,lstm,16,beijing_48h_12h_station1013_seed2047_center_lstm_h16,completed,50.8162956237793,32.60506820678711,0.8037176728248596,1420,predictions/beijing_48h_12h_station1013_seed2047_center_lstm_h16.npz,beijing_48h_12h_station1013_seed2047_endtoend_lstm_h16,completed,50.34053802490234,32.464969635009766,0.8014094829559326,7834.0,1420.0,6414.0,predictions/beijing_48h_12h_station1013_seed2047_endtoend_lstm_h16.npz,both,lstm_h16,True,-0.47575759887696023,-0.9362303824726914,True
48,12,2047,lstm,32,beijing_48h_12h_station1013_seed2047_center_lstm_h32,completed,52.574501037597656,33.56479263305664,0.7705841660499573,4876,predictions/beijing_48h_12h_station1013_seed2047_center_lstm_h32.npz,beijing_48h_12h_station1013_seed2047_endtoend_lstm_h32,completed,50.65306091308594,32.48497772216797,0.8127794861793518,11290.0,4876.0,6414.0,predictions/beijing_48h_12h_station1013_seed2047_endtoend_lstm_h32.npz,both,lstm_h32,True,-1.9214401245117188,-3.6546996863320413,True
48,12,2048,gru,8,beijing_48h_12h_station1013_seed2048_center_gru_h8,completed,49.76577758789063,31.99030113220215,0.8189248442649841,372,predictions/beijing_48h_12h_station1013_seed2048_center_gru_h8.npz,beijing_48h_12h_station1013_seed2048_endtoend_gru_h8,completed,49.63677978515625,31.755762100219727,0.814359188079834,6786.0,372.0,6414.0,predictions/beijing_48h_12h_station1013_seed2048_endtoend_gru_h8.npz,both,gru_h8,True,-0.1289978027343821,-0.25920986064481566,True
48,12,2048,gru,16,beijing_48h_12h_station1013_seed2048_center_gru_h16,completed,49.64944839477539,31.707935333251957,0.801171600818634,1116,predictions/beijing_48h_12h_station1013_seed2048_center_gru_h16.npz,beijing_48h_12h_station1013_seed2048_endtoend_gru_h16,completed,49.6219482421875,31.42740058898925,0.7975816130638123,7530.0,1116.0,6414.0,predictions/beijing_48h_12h_station1013_seed2048_endtoend_gru_h16.npz,both,gru_h16,True,-0.027500152587890625,-0.05538863668580474,True
48,12,2048,gru,32,beijing_48h_12h_station1013_seed2048_center_gru_h32,completed,49.76568222045898,31.758100509643555,0.8002665638923645,3756,predictions/beijing_48h_12h_station1013_seed2048_center_gru_h32.npz,beijing_48h_12h_station1013_seed2048_endtoend_gru_h32,completed,49.716705322265625,31.6827335357666,0.801837146282196,10170.0,3756.0,6414.0,predictions/beijing_48h_12h_station1013_seed2048_endtoend_gru_h32.npz,both,gru_h32,True,-0.04897689819335227,-0.09841500409134563,True
48,12,2048,gru,64,beijing_48h_12h_station1013_seed2048_center_gru_h64,completed,50.005279541015625,32.03873062133789,0.8010598421096802,13644,predictions/beijing_48h_12h_station1013_seed2048_center_gru_h64.npz,beijing_48h_12h_station1013_seed2048_endtoend_gru_h64,completed,50.04637145996094,31.65425682067871,0.7948545217514038,20058.0,13644.0,6414.0,predictions/beijing_48h_12h_station1013_seed2048_endtoend_gru_h64.npz,both,gru_h64,True,0.0410919189453125,0.08217516094797261,False
48,12,2048,lstm,16,beijing_48h_12h_station1013_seed2048_center_lstm_h16,completed,49.77388381958008,31.943016052246094,0.812493085861206,1420,predictions/beijing_48h_12h_station1013_seed2048_center_lstm_h16.npz,beijing_48h_12h_station1013_seed2048_endtoend_lstm_h16,completed,49.5732307434082,31.45574188232422,0.8134175539016724,7834.0,1420.0,6414.0,predictions/beijing_48h_12h_station1013_seed2048_endtoend_lstm_h16.npz,both,lstm_h16,True,-0.200653076171875,-0.40312923319224536,True
48,12,2048,lstm,32,beijing_48h_12h_station1013_seed2048_center_lstm_h32,completed,52.71922302246094,33.909542083740234,0.7999698519706726,4876,predictions/beijing_48h_12h_station1013_seed2048_center_lstm_h32.npz,beijing_48h_12h_station1013_seed2048_endtoend_lstm_h32,completed,52.98590469360352,34.08705139160156,0.7874637842178345,11290.0,4876.0,6414.0,predictions/beijing_48h_12h_station1013_seed2048_endtoend_lstm_h32.npz,both,lstm_h32,True,0.26668167114258523,0.5058528101390403,False
48,12,2049,gru,8,beijing_48h_12h_station1013_seed2049_center_gru_h8,completed,49.70449447631836,31.9736270904541,0.8281235098838806,372,predictions/beijing_48h_12h_station1013_seed2049_center_gru_h8.npz,beijing_48h_12h_station1013_seed2049_endtoend_gru_h8,completed,49.43020248413086,31.70949935913086,0.828251302242279,6786.0,372.0,6414.0,predictions/beijing_48h_12h_station1013_seed2049_endtoend_gru_h8.npz,both,gru_h8,True,-0.2742919921875,-0.5518454519604532,True
48,12,2049,gru,16,beijing_48h_12h_station1013_seed2049_center_gru_h16,completed,49.71736526489258,31.71045684814453,0.7998054623603821,1116,predictions/beijing_48h_12h_station1013_seed2049_center_gru_h16.npz,beijing_48h_12h_station1013_seed2049_endtoend_gru_h16,completed,49.732940673828125,31.426485061645508,0.7895331978797913,7530.0,1116.0,6414.0,predictions/beijing_48h_12h_station1013_seed2049_endtoend_gru_h16.npz,both,gru_h16,True,0.015575408935546875,0.03132790495345983,False
48,12,2049,gru,32,beijing_48h_12h_station1013_seed2049_center_gru_h32,completed,49.72664642333984,31.6106014251709,0.7945226430892944,3756,predictions/beijing_48h_12h_station1013_seed2049_center_gru_h32.npz,beijing_48h_12h_station1013_seed2049_endtoend_gru_h32,completed,48.72768020629883,30.65284538269043,0.7628571391105652,10170.0,3756.0,6414.0,predictions/beijing_48h_12h_station1013_seed2049_endtoend_gru_h32.npz,both,gru_h32,True,-0.9989662170410085,-2.00891531782873,True
48,12,2049,gru,64,beijing_48h_12h_station1013_seed2049_center_gru_h64,completed,50.19697189331055,31.914276123046875,0.7829984426498413,13644,predictions/beijing_48h_12h_station1013_seed2049_center_gru_h64.npz,beijing_48h_12h_station1013_seed2049_endtoend_gru_h64,completed,49.26346969604492,30.911529541015625,0.7683785557746887,20058.0,13644.0,6414.0,predictions/beijing_48h_12h_station1013_seed2049_endtoend_gru_h64.npz,both,gru_h64,True,-0.933502197265625,-1.8596783073881573,True
48,12,2049,lstm,16,beijing_48h_12h_station1013_seed2049_center_lstm_h16,completed,49.89422225952149,32.046417236328125,0.803987979888916,1420,predictions/beijing_48h_12h_station1013_seed2049_center_lstm_h16.npz,beijing_48h_12h_station1013_seed2049_endtoend_lstm_h16,completed,49.286434173583984,31.94785690307617,0.7895588278770447,7834.0,1420.0,6414.0,predictions/beijing_48h_12h_station1013_seed2049_endtoend_lstm_h16.npz,both,lstm_h16,True,-0.6077880859375071,-1.2181532418245489,True
48,12,2049,lstm,32,beijing_48h_12h_station1013_seed2049_center_lstm_h32,completed,50.81075286865234,33.066795349121094,0.7941458821296692,4876,predictions/beijing_48h_12h_station1013_seed2049_center_lstm_h32.npz,beijing_48h_12h_station1013_seed2049_endtoend_lstm_h32,completed,50.47964477539063,32.440364837646484,0.7768633961677551,11290.0,4876.0,6414.0,predictions/beijing_48h_12h_station1013_seed2049_endtoend_lstm_h32.npz,both,lstm_h32,True,-0.33110809326170454,-0.6516496500605484,True
48,24,2047,gru,8,beijing_48h_24h_station1013_seed2047_center_gru_h8,completed,59.49930953979492,41.053672790527344,1.2211264371871948,480,predictions/beijing_48h_24h_station1013_seed2047_center_gru_h8.npz,beijing_48h_24h_station1013_seed2047_endtoend_gru_h8,completed,59.65426635742188,41.3101921081543,1.2204477787017822,8886.0,480.0,8406.0,predictions/beijing_48h_24h_station1013_seed2047_endtoend_gru_h8.npz,both,gru_h8,True,0.15495681762696023,0.2604346484446518,False
48,24,2047,gru,16,beijing_48h_24h_station1013_seed2047_center_gru_h16,completed,59.43984603881836,41.0820198059082,1.2171976566314695,1320,predictions/beijing_48h_24h_station1013_seed2047_center_gru_h16.npz,beijing_48h_24h_station1013_seed2047_endtoend_gru_h16,completed,59.653263092041016,41.380638122558594,1.2176880836486816,9726.0,1320.0,8406.0,predictions/beijing_48h_24h_station1013_seed2047_endtoend_gru_h16.npz,both,gru_h16,True,0.21341705322265625,0.35904711644656473,False
48,24,2047,gru,32,beijing_48h_24h_station1013_seed2047_center_gru_h32,completed,59.4583854675293,41.2154541015625,1.2114486694335938,4152,predictions/beijing_48h_24h_station1013_seed2047_center_gru_h32.npz,beijing_48h_24h_station1013_seed2047_endtoend_gru_h32,completed,59.91484069824219,41.55953598022461,1.2263778448104858,12558.0,4152.0,8406.0,predictions/beijing_48h_24h_station1013_seed2047_endtoend_gru_h32.npz,both,gru_h32,True,0.4564552307128906,0.7676885726440874,False
48,24,2047,gru,64,beijing_48h_24h_station1013_seed2047_center_gru_h64,completed,59.39999771118164,41.00448226928711,1.2158068418502808,14424,predictions/beijing_48h_24h_station1013_seed2047_center_gru_h64.npz,beijing_48h_24h_station1013_seed2047_endtoend_gru_h64,completed,59.47418975830078,41.010162353515625,1.2197120189666748,22830.0,14424.0,8406.0,predictions/beijing_48h_24h_station1013_seed2047_endtoend_gru_h64.npz,both,gru_h64,True,0.07419204711914062,0.12490244104028658,False
48,24,2047,lstm,16,beijing_48h_24h_station1013_seed2047_center_lstm_h16,completed,61.26729202270508,42.29837417602539,1.2044962644577026,1624,predictions/beijing_48h_24h_station1013_seed2047_center_lstm_h16.npz,beijing_48h_24h_station1013_seed2047_endtoend_lstm_h16,completed,60.55609130859375,42.54121398925781,1.237054705619812,10030.0,1624.0,8406.0,predictions/beijing_48h_24h_station1013_seed2047_endtoend_lstm_h16.npz,both,lstm_h16,True,-0.7112007141113281,-1.1608163028451801,True
48,24,2047,lstm,32,beijing_48h_24h_station1013_seed2047_center_lstm_h32,completed,60.3265380859375,41.59870147705078,1.1974711418151855,5272,predictions/beijing_48h_24h_station1013_seed2047_center_lstm_h32.npz,beijing_48h_24h_station1013_seed2047_endtoend_lstm_h32,completed,62.53578567504883,43.326202392578125,1.214114546775818,13678.0,5272.0,8406.0,predictions/beijing_48h_24h_station1013_seed2047_endtoend_lstm_h32.npz,both,lstm_h32,True,2.209247589111328,3.662148797539433,False
48,24,2048,gru,8,beijing_48h_24h_station1013_seed2048_center_gru_h8,completed,59.5177116394043,41.11050033569336,1.2159390449523926,480,predictions/beijing_48h_24h_station1013_seed2048_center_gru_h8.npz,beijing_48h_24h_station1013_seed2048_endtoend_gru_h8,completed,59.44837188720703,40.64495086669922,1.219681978225708,8886.0,480.0,8406.0,predictions/beijing_48h_24h_station1013_seed2048_endtoend_gru_h8.npz,both,gru_h8,True,-0.06933975219726562,-0.11650271874928952,True
48,24,2048,gru,16,beijing_48h_24h_station1013_seed2048_center_gru_h16,completed,59.597877502441406,41.189788818359375,1.2157738208770752,1320,predictions/beijing_48h_24h_station1013_seed2048_center_gru_h16.npz,beijing_48h_24h_station1013_seed2048_endtoend_gru_h16,completed,58.997196197509766,40.5191535949707,1.196982502937317,9726.0,1320.0,8406.0,predictions/beijing_48h_24h_station1013_seed2048_endtoend_gru_h16.npz,both,gru_h16,True,-0.6006813049316406,-1.0078904318480686,True
48,24,2048,gru,32,beijing_48h_24h_station1013_seed2048_center_gru_h32,completed,59.3530158996582,40.94888305664063,1.2115914821624756,4152,predictions/beijing_48h_24h_station1013_seed2048_center_gru_h32.npz,beijing_48h_24h_station1013_seed2048_endtoend_gru_h32,completed,59.169898986816406,40.45696640014648,1.1942126750946045,12558.0,4152.0,8406.0,predictions/beijing_48h_24h_station1013_seed2048_endtoend_gru_h32.npz,both,gru_h32,True,-0.18311691284179688,-0.30852166493338107,True
48,24,2048,gru,64,beijing_48h_24h_station1013_seed2048_center_gru_h64,completed,59.44947814941406,40.84135818481445,1.204295992851257,14424,predictions/beijing_48h_24h_station1013_seed2048_center_gru_h64.npz,beijing_48h_24h_station1013_seed2048_endtoend_gru_h64,completed,59.67181396484375,40.40253829956055,1.1730903387069702,22830.0,14424.0,8406.0,predictions/beijing_48h_24h_station1013_seed2048_endtoend_gru_h64.npz,both,gru_h64,True,0.2223358154296875,0.3739911978215993,False
48,24,2048,lstm,16,beijing_48h_24h_station1013_seed2048_center_lstm_h16,completed,60.78258895874024,42.02775573730469,1.1567257642745972,1624,predictions/beijing_48h_24h_station1013_seed2048_center_lstm_h16.npz,beijing_48h_24h_station1013_seed2048_endtoend_lstm_h16,completed,61.58601760864258,43.03614807128906,1.1834787130355835,10030.0,1624.0,8406.0,predictions/beijing_48h_24h_station1013_seed2048_endtoend_lstm_h16.npz,both,lstm_h16,True,0.8034286499023366,1.3218072208929899,False
48,24,2048,lstm,32,beijing_48h_24h_station1013_seed2048_center_lstm_h32,completed,60.31499862670898,41.97870635986328,1.199560523033142,5272,predictions/beijing_48h_24h_station1013_seed2048_center_lstm_h32.npz,beijing_48h_24h_station1013_seed2048_endtoend_lstm_h32,completed,61.45204925537109,41.9958381652832,1.185239315032959,13678.0,5272.0,8406.0,predictions/beijing_48h_24h_station1013_seed2048_endtoend_lstm_h32.npz,both,lstm_h32,True,1.1370506286621094,1.8851871914966623,False
48,24,2049,gru,8,beijing_48h_24h_station1013_seed2049_center_gru_h8,completed,59.520263671875,41.16017532348633,1.2211555242538452,480,predictions/beijing_48h_24h_station1013_seed2049_center_gru_h8.npz,beijing_48h_24h_station1013_seed2049_endtoend_gru_h8,completed,59.29533767700195,40.70659255981445,1.206040382385254,8886.0,480.0,8406.0,predictions/beijing_48h_24h_station1013_seed2049_endtoend_gru_h8.npz,both,gru_h8,True,-0.22492599487304688,-0.377898182899572,True
48,24,2049,gru,16,beijing_48h_24h_station1013_seed2049_center_gru_h16,completed,59.586307525634766,41.158958435058594,1.2120314836502075,1320,predictions/beijing_48h_24h_station1013_seed2049_center_gru_h16.npz,beijing_48h_24h_station1013_seed2049_endtoend_gru_h16,completed,59.31705093383789,40.77651977539063,1.2046160697937012,9726.0,1320.0,8406.0,predictions/beijing_48h_24h_station1013_seed2049_endtoend_gru_h16.npz,both,gru_h16,True,-0.269256591796875,-0.45187661893806297,True
48,24,2049,gru,32,beijing_48h_24h_station1013_seed2049_center_gru_h32,completed,59.34664916992188,40.82721328735352,1.214885950088501,4152,predictions/beijing_48h_24h_station1013_seed2049_center_gru_h32.npz,beijing_48h_24h_station1013_seed2049_endtoend_gru_h32,completed,59.24700164794922,40.46305084228516,1.1849631071090698,12558.0,4152.0,8406.0,predictions/beijing_48h_24h_station1013_seed2049_endtoend_gru_h32.npz,both,gru_h32,True,-0.09964752197266336,-0.16790757922549027,True
48,24,2049,gru,64,beijing_48h_24h_station1013_seed2049_center_gru_h64,completed,59.588809967041016,41.29726409912109,1.210026741027832,14424,predictions/beijing_48h_24h_station1013_seed2049_center_gru_h64.npz,beijing_48h_24h_station1013_seed2049_endtoend_gru_h64,completed,59.252716064453125,40.62030029296875,1.175878405570984,22830.0,14424.0,8406.0,predictions/beijing_48h_24h_station1013_seed2049_endtoend_gru_h64.npz,both,gru_h64,True,-0.3360939025878906,-0.5640218402981789,True
48,24,2049,lstm,16,beijing_48h_24h_station1013_seed2049_center_lstm_h16,completed,59.61302947998047,41.56415939331055,1.2153677940368652,1624,predictions/beijing_48h_24h_station1013_seed2049_center_lstm_h16.npz,beijing_48h_24h_station1013_seed2049_endtoend_lstm_h16,completed,60.22316360473633,41.39531326293945,1.1945598125457764,10030.0,1624.0,8406.0,predictions/beijing_48h_24h_station1013_seed2049_endtoend_lstm_h16.npz,both,lstm_h16,True,0.6101341247558594,1.0234912234426075,False
48,24,2049,lstm,32,beijing_48h_24h_station1013_seed2049_center_lstm_h32,completed,62.68104553222656,43.04215240478516,1.1793596744537354,5272,predictions/beijing_48h_24h_station1013_seed2049_center_lstm_h32.npz,beijing_48h_24h_station1013_seed2049_endtoend_lstm_h32,completed,62.19068908691406,42.97926712036133,1.1835616827011108,13678.0,5272.0,8406.0,predictions/beijing_48h_24h_station1013_seed2049_endtoend_lstm_h32.npz,both,lstm_h32,True,-0.4903564453125,-0.7823041896459548,True
72,1,2047,gru,8,beijing_72h_1h_station1013_seed2047_center_gru_h8,completed,24.08782386779785,13.208992958068848,0.2305412739515304,273,predictions/beijing_72h_1h_station1013_seed2047_center_gru_h8.npz,beijing_72h_1h_station1013_seed2047_endtoend_gru_h8,completed,29.7324275970459,17.688940048217773,0.3380264043807983,4861.0,273.0,4588.0,predictions/beijing_72h_1h_station1013_seed2047_endtoend_gru_h8.npz,both,gru_h8,True,5.644603729248047,23.433431596924436,False
72,1,2047,gru,16,beijing_72h_1h_station1013_seed2047_center_gru_h16,completed,22.85491371154785,12.13909912109375,0.1710538566112518,929,predictions/beijing_72h_1h_station1013_seed2047_center_gru_h16.npz,beijing_72h_1h_station1013_seed2047_endtoend_gru_h16,completed,23.196006774902344,12.650101661682127,0.1722843647003173,5517.0,929.0,4588.0,predictions/beijing_72h_1h_station1013_seed2047_endtoend_gru_h16.npz,both,gru_h16,True,0.3410930633544922,1.492427701366239,False
72,1,2047,gru,32,beijing_72h_1h_station1013_seed2047_center_gru_h32,completed,21.79495620727539,10.966712951660156,0.1231663897633552,3393,predictions/beijing_72h_1h_station1013_seed2047_center_gru_h32.npz,beijing_72h_1h_station1013_seed2047_endtoend_gru_h32,completed,41.33184051513672,28.665407180786133,0.6303033828735352,7981.0,3393.0,4588.0,predictions/beijing_72h_1h_station1013_seed2047_endtoend_gru_h32.npz,both,gru_h32,True,19.536884307861328,89.63947494117794,False
72,1,2047,gru,64,beijing_72h_1h_station1013_seed2047_center_gru_h64,completed,21.252540588378903,10.20783233642578,0.1049221977591514,12929,predictions/beijing_72h_1h_station1013_seed2047_center_gru_h64.npz,beijing_72h_1h_station1013_seed2047_endtoend_gru_h64,completed,45.97507858276367,32.781681060791016,0.7837656736373901,17517.0,12929.0,4588.0,predictions/beijing_72h_1h_station1013_seed2047_endtoend_gru_h64.npz,both,gru_h64,True,24.72253799438477,116.32744749539872,False
72,1,2047,lstm,16,beijing_72h_1h_station1013_seed2047_center_lstm_h16,completed,22.62763214111328,11.787945747375488,0.1789882630109787,1233,predictions/beijing_72h_1h_station1013_seed2047_center_lstm_h16.npz,beijing_72h_1h_station1013_seed2047_endtoend_lstm_h16,completed,23.042892456054688,12.300660133361816,0.1824468970298767,5821.0,1233.0,4588.0,predictions/beijing_72h_1h_station1013_seed2047_endtoend_lstm_h16.npz,both,lstm_h16,True,0.41526031494140625,1.8351912049467067,False
72,1,2047,lstm,32,beijing_72h_1h_station1013_seed2047_center_lstm_h32,completed,22.344890594482425,11.509696006774902,0.1372084468603134,4513,predictions/beijing_72h_1h_station1013_seed2047_center_lstm_h32.npz,beijing_72h_1h_station1013_seed2047_endtoend_lstm_h32,completed,22.30190658569336,11.483530044555664,0.1354231238365173,9101.0,4513.0,4588.0,predictions/beijing_72h_1h_station1013_seed2047_endtoend_lstm_h32.npz,both,lstm_h32,True,-0.04298400878906605,-0.19236616356349545,True
72,1,2048,gru,8,beijing_72h_1h_station1013_seed2048_center_gru_h8,completed,26.380273818969727,14.85948085784912,0.2901047468185425,273,predictions/beijing_72h_1h_station1013_seed2048_center_gru_h8.npz,beijing_72h_1h_station1013_seed2048_endtoend_gru_h8,completed,31.53657341003418,19.58085823059082,0.4012313485145569,4861.0,273.0,4588.0,predictions/beijing_72h_1h_station1013_seed2048_endtoend_gru_h8.npz,both,gru_h8,True,5.156299591064453,19.546042722864463,False
72,1,2048,gru,16,beijing_72h_1h_station1013_seed2048_center_gru_h16,completed,22.50052833557129,11.97781753540039,0.1550586968660354,929,predictions/beijing_72h_1h_station1013_seed2048_center_gru_h16.npz,beijing_72h_1h_station1013_seed2048_endtoend_gru_h16,completed,22.240367889404297,11.784759521484377,0.1582613438367843,5517.0,929.0,4588.0,predictions/beijing_72h_1h_station1013_seed2048_endtoend_gru_h16.npz,both,gru_h16,True,-0.2601604461669922,-1.1562414992527192,True
72,1,2048,gru,32,beijing_72h_1h_station1013_seed2048_center_gru_h32,completed,21.629533767700195,10.914518356323242,0.1219223961234092,3393,predictions/beijing_72h_1h_station1013_seed2048_center_gru_h32.npz,beijing_72h_1h_station1013_seed2048_endtoend_gru_h32,completed,44.88980102539063,31.430212020874023,0.7585609555244446,7981.0,3393.0,4588.0,predictions/beijing_72h_1h_station1013_seed2048_endtoend_gru_h32.npz,both,gru_h32,True,23.260267257690437,107.53938345368059,False
72,1,2048,gru,64,beijing_72h_1h_station1013_seed2048_center_gru_h64,completed,21.280553817749023,10.26088809967041,0.105470485985279,12929,predictions/beijing_72h_1h_station1013_seed2048_center_gru_h64.npz,beijing_72h_1h_station1013_seed2048_endtoend_gru_h64,completed,59.57992172241211,44.20808029174805,1.341563105583191,17517.0,12929.0,4588.0,predictions/beijing_72h_1h_station1013_seed2048_endtoend_gru_h64.npz,both,gru_h64,True,38.299367904663086,179.9735487744663,False
72,1,2048,lstm,16,beijing_72h_1h_station1013_seed2048_center_lstm_h16,completed,23.339378356933597,12.488459587097168,0.2039748281240463,1233,predictions/beijing_72h_1h_station1013_seed2048_center_lstm_h16.npz,beijing_72h_1h_station1013_seed2048_endtoend_lstm_h16,completed,23.18868637084961,12.49977207183838,0.2056678980588913,5821.0,1233.0,4588.0,predictions/beijing_72h_1h_station1013_seed2048_endtoend_lstm_h16.npz,both,lstm_h16,True,-0.15069198608398793,-0.645655525950295,True
72,1,2048,lstm,32,beijing_72h_1h_station1013_seed2048_center_lstm_h32,completed,21.986371994018555,11.234111785888672,0.1329887211322784,4513,predictions/beijing_72h_1h_station1013_seed2048_center_lstm_h32.npz,beijing_72h_1h_station1013_seed2048_endtoend_lstm_h32,completed,73.9616470336914,56.03066635131836,2.1045384407043457,9101.0,4513.0,4588.0,predictions/beijing_72h_1h_station1013_seed2048_endtoend_lstm_h32.npz,both,lstm_h32,True,51.97527503967285,236.39768786688796,False
72,1,2049,gru,8,beijing_72h_1h_station1013_seed2049_center_gru_h8,completed,24.946514129638672,13.960680961608888,0.2533488273620605,273,predictions/beijing_72h_1h_station1013_seed2049_center_gru_h8.npz,beijing_72h_1h_station1013_seed2049_endtoend_gru_h8,completed,25.101152420043945,14.430482864379885,0.2477429509162902,4861.0,273.0,4588.0,predictions/beijing_72h_1h_station1013_seed2049_endtoend_gru_h8.npz,both,gru_h8,True,0.15463829040527344,0.6198793530898472,False
72,1,2049,gru,16,beijing_72h_1h_station1013_seed2049_center_gru_h16,completed,23.383451461791992,12.6702880859375,0.1786946058273315,929,predictions/beijing_72h_1h_station1013_seed2049_center_gru_h16.npz,beijing_72h_1h_station1013_seed2049_endtoend_gru_h16,completed,23.402448654174805,12.601881980895996,0.1805437356233596,5517.0,929.0,4588.0,predictions/beijing_72h_1h_station1013_seed2049_endtoend_gru_h16.npz,both,gru_h16,True,0.0189971923828125,0.0812420374034728,False
72,1,2049,gru,32,beijing_72h_1h_station1013_seed2049_center_gru_h32,completed,21.49243927001953,10.849065780639648,0.1212261766195297,3393,predictions/beijing_72h_1h_station1013_seed2049_center_gru_h32.npz,beijing_72h_1h_station1013_seed2049_endtoend_gru_h32,completed,43.95967864990234,31.155303955078125,0.7022767066955566,7981.0,3393.0,4588.0,predictions/beijing_72h_1h_station1013_seed2049_endtoend_gru_h32.npz,both,gru_h32,True,22.467239379882805,104.53554897895212,False
72,1,2049,gru,64,beijing_72h_1h_station1013_seed2049_center_gru_h64,completed,21.32235717773437,10.26932144165039,0.1056095361709594,12929,predictions/beijing_72h_1h_station1013_seed2049_center_gru_h64.npz,beijing_72h_1h_station1013_seed2049_endtoend_gru_h64,completed,36.113746643066406,23.770427703857425,0.4025060534477234,17517.0,12929.0,4588.0,predictions/beijing_72h_1h_station1013_seed2049_endtoend_gru_h64.npz,both,gru_h64,True,14.791389465332035,69.3703296593201,False
72,1,2049,lstm,16,beijing_72h_1h_station1013_seed2049_center_lstm_h16,completed,23.854631423950195,12.888367652893066,0.1807490885257721,1233,predictions/beijing_72h_1h_station1013_seed2049_center_lstm_h16.npz,beijing_72h_1h_station1013_seed2049_endtoend_lstm_h16,completed,52.69847106933594,39.31635665893555,1.0913804769515991,5821.0,1233.0,4588.0,predictions/beijing_72h_1h_station1013_seed2049_endtoend_lstm_h16.npz,both,lstm_h16,True,28.843839645385742,120.91505055251596,False
72,1,2049,lstm,32,beijing_72h_1h_station1013_seed2049_center_lstm_h32,completed,22.12553024291992,11.151885986328123,0.1305447220802307,4513,predictions/beijing_72h_1h_station1013_seed2049_center_lstm_h32.npz,beijing_72h_1h_station1013_seed2049_endtoend_lstm_h32,completed,43.5984992980957,29.615947723388672,0.6879570484161377,9101.0,4513.0,4588.0,predictions/beijing_72h_1h_station1013_seed2049_endtoend_lstm_h32.npz,both,lstm_h32,True,21.472969055175785,97.05064158653126,False
72,3,2047,gru,8,beijing_72h_3h_station1013_seed2047_center_gru_h8,completed,35.70066833496094,21.48015594482422,0.4889421463012695,291,predictions/beijing_72h_3h_station1013_seed2047_center_gru_h8.npz,beijing_72h_3h_station1013_seed2047_endtoend_gru_h8,completed,42.45402526855469,27.4931755065918,0.7198885083198547,5211.0,291.0,4920.0,predictions/beijing_72h_3h_station1013_seed2047_endtoend_gru_h8.npz,both,gru_h8,True,6.75335693359375,18.916612065159356,False
72,3,2047,gru,16,beijing_72h_3h_station1013_seed2047_center_gru_h16,completed,32.50737380981445,18.68523406982422,0.3425542414188385,963,predictions/beijing_72h_3h_station1013_seed2047_center_gru_h16.npz,beijing_72h_3h_station1013_seed2047_endtoend_gru_h16,completed,32.760467529296875,18.975187301635746,0.3452270925045013,5883.0,963.0,4920.0,predictions/beijing_72h_3h_station1013_seed2047_endtoend_gru_h16.npz,both,gru_h16,True,0.2530937194824219,0.7785732583725613,False
72,3,2047,gru,32,beijing_72h_3h_station1013_seed2047_center_gru_h32,completed,31.565401077270508,17.5814266204834,0.2875527441501617,3459,predictions/beijing_72h_3h_station1013_seed2047_center_gru_h32.npz,beijing_72h_3h_station1013_seed2047_endtoend_gru_h32,completed,31.86656379699707,18.0899715423584,0.2906419932842254,8379.0,3459.0,4920.0,predictions/beijing_72h_3h_station1013_seed2047_endtoend_gru_h32.npz,both,gru_h32,True,0.3011627197265625,0.9540912183860106,False
72,3,2047,gru,64,beijing_72h_3h_station1013_seed2047_center_gru_h64,completed,31.21102333068848,17.073476791381836,0.2677302062511444,13059,predictions/beijing_72h_3h_station1013_seed2047_center_gru_h64.npz,beijing_72h_3h_station1013_seed2047_endtoend_gru_h64,completed,31.17033576965332,16.939075469970703,0.2676639258861542,17979.0,13059.0,4920.0,predictions/beijing_72h_3h_station1013_seed2047_endtoend_gru_h64.npz,both,gru_h64,True,-0.0406875610351598,-0.13036279074885027,True
72,3,2047,lstm,16,beijing_72h_3h_station1013_seed2047_center_lstm_h16,completed,33.180023193359375,19.25286102294922,0.3750075697898865,1267,predictions/beijing_72h_3h_station1013_seed2047_center_lstm_h16.npz,beijing_72h_3h_station1013_seed2047_endtoend_lstm_h16,completed,62.02277755737305,47.237911224365234,1.5029277801513672,6187.0,1267.0,4920.0,predictions/beijing_72h_3h_station1013_seed2047_endtoend_lstm_h16.npz,both,lstm_h16,True,28.842754364013672,86.92807173741288,False
72,3,2047,lstm,32,beijing_72h_3h_station1013_seed2047_center_lstm_h32,completed,31.60614585876465,17.420927047729492,0.2936312258243561,4579,predictions/beijing_72h_3h_station1013_seed2047_center_lstm_h32.npz,beijing_72h_3h_station1013_seed2047_endtoend_lstm_h32,completed,52.937744140625,38.5828971862793,1.089635729789734,9499.0,4579.0,4920.0,predictions/beijing_72h_3h_station1013_seed2047_endtoend_lstm_h32.npz,both,lstm_h32,True,21.33159828186035,67.49193140214824,False
72,3,2048,gru,8,beijing_72h_3h_station1013_seed2048_center_gru_h8,completed,36.02037048339844,21.816530227661133,0.5024884939193726,291,predictions/beijing_72h_3h_station1013_seed2048_center_gru_h8.npz,beijing_72h_3h_station1013_seed2048_endtoend_gru_h8,completed,68.7637939453125,50.014198303222656,1.8122401237487795,5211.0,291.0,4920.0,predictions/beijing_72h_3h_station1013_seed2048_endtoend_gru_h8.npz,both,gru_h8,True,32.74342346191406,90.90251716596114,False
72,3,2048,gru,16,beijing_72h_3h_station1013_seed2048_center_gru_h16,completed,32.541229248046875,18.778871536254883,0.3443438410758972,963,predictions/beijing_72h_3h_station1013_seed2048_center_gru_h16.npz,beijing_72h_3h_station1013_seed2048_endtoend_gru_h16,completed,62.79329681396485,47.22299957275391,1.5334782600402832,5883.0,963.0,4920.0,predictions/beijing_72h_3h_station1013_seed2048_endtoend_gru_h16.npz,both,gru_h16,True,30.252067565917976,92.96534969628938,False
72,3,2048,gru,32,beijing_72h_3h_station1013_seed2048_center_gru_h32,completed,31.7788143157959,17.67751121520996,0.2937421798706054,3459,predictions/beijing_72h_3h_station1013_seed2048_center_gru_h32.npz,beijing_72h_3h_station1013_seed2048_endtoend_gru_h32,completed,48.70825958251953,35.149078369140625,0.8825997710227966,8379.0,3459.0,4920.0,predictions/beijing_72h_3h_station1013_seed2048_endtoend_gru_h32.npz,both,gru_h32,True,16.929445266723633,53.27274044427996,False
72,3,2048,gru,64,beijing_72h_3h_station1013_seed2048_center_gru_h64,completed,31.252973556518555,16.82196617126465,0.2715489864349365,13059,predictions/beijing_72h_3h_station1013_seed2048_center_gru_h64.npz,beijing_72h_3h_station1013_seed2048_endtoend_gru_h64,completed,43.01531982421875,29.33756446838379,0.6167370676994324,17979.0,13059.0,4920.0,predictions/beijing_72h_3h_station1013_seed2048_endtoend_gru_h64.npz,both,gru_h64,True,11.762346267700195,37.635926854860436,False
72,3,2048,lstm,16,beijing_72h_3h_station1013_seed2048_center_lstm_h16,completed,32.803104400634766,18.9389705657959,0.374654084444046,1267,predictions/beijing_72h_3h_station1013_seed2048_center_lstm_h16.npz,beijing_72h_3h_station1013_seed2048_endtoend_lstm_h16,completed,63.11874771118164,46.569583892822266,1.5888315439224243,6187.0,1267.0,4920.0,predictions/beijing_72h_3h_station1013_seed2048_endtoend_lstm_h16.npz,both,lstm_h16,True,30.315643310546875,92.41699486820596,False
72,3,2048,lstm,32,beijing_72h_3h_station1013_seed2048_center_lstm_h32,completed,31.42766571044922,17.278474807739258,0.2969873547554016,4579,predictions/beijing_72h_3h_station1013_seed2048_center_lstm_h32.npz,beijing_72h_3h_station1013_seed2048_endtoend_lstm_h32,completed,56.29939651489258,38.96812438964844,1.2869118452072144,9499.0,4579.0,4920.0,predictions/beijing_72h_3h_station1013_seed2048_endtoend_lstm_h32.npz,both,lstm_h32,True,24.87173080444336,79.1396059560793,False
72,3,2049,gru,8,beijing_72h_3h_station1013_seed2049_center_gru_h8,completed,33.73048782348633,19.6984806060791,0.4101997017860412,291,predictions/beijing_72h_3h_station1013_seed2049_center_gru_h8.npz,beijing_72h_3h_station1013_seed2049_endtoend_gru_h8,completed,59.00846862792969,42.10477828979492,1.3779233694076538,5211.0,291.0,4920.0,predictions/beijing_72h_3h_station1013_seed2049_endtoend_gru_h8.npz,both,gru_h8,True,25.27798080444336,74.94104721142651,False
72,3,2049,gru,16,beijing_72h_3h_station1013_seed2049_center_gru_h16,completed,32.3593635559082,18.55058860778809,0.3310155570507049,963,predictions/beijing_72h_3h_station1013_seed2049_center_gru_h16.npz,beijing_72h_3h_station1013_seed2049_endtoend_gru_h16,completed,62.8060417175293,46.48000717163086,1.5382920503616333,5883.0,963.0,4920.0,predictions/beijing_72h_3h_station1013_seed2049_endtoend_gru_h16.npz,both,gru_h16,True,30.446678161621094,94.08923667184459,False
72,3,2049,gru,32,beijing_72h_3h_station1013_seed2049_center_gru_h32,completed,31.72490692138672,17.581445693969727,0.2905937135219574,3459,predictions/beijing_72h_3h_station1013_seed2049_center_gru_h32.npz,beijing_72h_3h_station1013_seed2049_endtoend_gru_h32,completed,51.075958251953125,36.8728141784668,0.9805176854133606,8379.0,3459.0,4920.0,predictions/beijing_72h_3h_station1013_seed2049_endtoend_gru_h32.npz,both,gru_h32,True,19.351051330566406,60.99640064671483,False
72,3,2049,gru,64,beijing_72h_3h_station1013_seed2049_center_gru_h64,completed,31.319774627685547,16.781517028808594,0.2720296680927276,13059,predictions/beijing_72h_3h_station1013_seed2049_center_gru_h64.npz,beijing_72h_3h_station1013_seed2049_endtoend_gru_h64,completed,44.000823974609375,30.277780532836918,0.6327783465385437,17979.0,13059.0,4920.0,predictions/beijing_72h_3h_station1013_seed2049_endtoend_gru_h64.npz,both,gru_h64,True,12.681049346923828,40.48895465459141,False
72,3,2049,lstm,16,beijing_72h_3h_station1013_seed2049_center_lstm_h16,completed,32.432369232177734,18.3791618347168,0.3490888178348541,1267,predictions/beijing_72h_3h_station1013_seed2049_center_lstm_h16.npz,beijing_72h_3h_station1013_seed2049_endtoend_lstm_h16,completed,59.88883209228516,43.449462890625,1.4387301206588743,6187.0,1267.0,4920.0,predictions/beijing_72h_3h_station1013_seed2049_endtoend_lstm_h16.npz,both,lstm_h16,True,27.45646286010743,84.65759212209059,False
72,3,2049,lstm,32,beijing_72h_3h_station1013_seed2049_center_lstm_h32,completed,31.98432731628418,17.784587860107422,0.2987905442714691,4579,predictions/beijing_72h_3h_station1013_seed2049_center_lstm_h32.npz,beijing_72h_3h_station1013_seed2049_endtoend_lstm_h32,completed,52.92592239379883,37.90039825439453,1.0468660593032837,9499.0,4579.0,4920.0,predictions/beijing_72h_3h_station1013_seed2049_endtoend_lstm_h32.npz,both,lstm_h32,True,20.94159507751465,65.47455217809961,False
72,6,2047,gru,8,beijing_72h_6h_station1013_seed2047_center_gru_h8,completed,42.1525993347168,26.4104118347168,0.6295405626296997,318,predictions/beijing_72h_6h_station1013_seed2047_center_gru_h8.npz,beijing_72h_6h_station1013_seed2047_endtoend_gru_h8,completed,42.26855850219727,26.762083053588867,0.6249860525131226,5736.0,318.0,5418.0,predictions/beijing_72h_6h_station1013_seed2047_endtoend_gru_h8.npz,both,gru_h8,True,0.11595916748047586,0.2750937529609754,False
72,6,2047,gru,16,beijing_72h_6h_station1013_seed2047_center_gru_h16,completed,40.77407455444336,24.86042213439941,0.5446987152099609,1014,predictions/beijing_72h_6h_station1013_seed2047_center_gru_h16.npz,beijing_72h_6h_station1013_seed2047_endtoend_gru_h16,completed,40.79590225219727,24.961620330810547,0.5437792539596558,6432.0,1014.0,5418.0,predictions/beijing_72h_6h_station1013_seed2047_endtoend_gru_h16.npz,both,gru_h16,True,0.021827697753913355,0.05353327572099609,False
72,6,2047,gru,32,beijing_72h_6h_station1013_seed2047_center_gru_h32,completed,40.08064651489258,23.956768035888672,0.4967931807041168,3558,predictions/beijing_72h_6h_station1013_seed2047_center_gru_h32.npz,beijing_72h_6h_station1013_seed2047_endtoend_gru_h32,completed,53.63820266723633,38.73603439331055,1.060413122177124,8976.0,3558.0,5418.0,predictions/beijing_72h_6h_station1013_seed2047_endtoend_gru_h32.npz,both,gru_h32,True,13.55755615234375,33.82569227596224,False
72,6,2047,gru,64,beijing_72h_6h_station1013_seed2047_center_gru_h64,completed,40.07045364379883,23.537391662597656,0.4883590340614319,13254,predictions/beijing_72h_6h_station1013_seed2047_center_gru_h64.npz,beijing_72h_6h_station1013_seed2047_endtoend_gru_h64,completed,48.69096374511719,33.85581970214844,0.7936033010482788,18672.0,13254.0,5418.0,predictions/beijing_72h_6h_station1013_seed2047_endtoend_gru_h64.npz,both,gru_h64,True,8.62051010131836,21.51338284799389,False
72,6,2047,lstm,16,beijing_72h_6h_station1013_seed2047_center_lstm_h16,completed,40.98917770385742,25.00833511352539,0.5527631640434265,1318,predictions/beijing_72h_6h_station1013_seed2047_center_lstm_h16.npz,beijing_72h_6h_station1013_seed2047_endtoend_lstm_h16,completed,61.70577621459961,45.796348571777344,1.4950802326202393,6736.0,1318.0,5418.0,predictions/beijing_72h_6h_station1013_seed2047_endtoend_lstm_h16.npz,both,lstm_h16,True,20.716598510742188,50.5416299405113,False
72,6,2047,lstm,32,beijing_72h_6h_station1013_seed2047_center_lstm_h32,completed,40.89544296264648,24.3850040435791,0.5095555186271667,4678,predictions/beijing_72h_6h_station1013_seed2047_center_lstm_h32.npz,beijing_72h_6h_station1013_seed2047_endtoend_lstm_h32,completed,56.75957107543945,40.724308013916016,1.2329480648040771,10096.0,4678.0,5418.0,predictions/beijing_72h_6h_station1013_seed2047_endtoend_lstm_h32.npz,both,lstm_h32,True,15.864128112792976,38.79192145511941,False
72,6,2048,gru,8,beijing_72h_6h_station1013_seed2048_center_gru_h8,completed,41.695255279541016,26.014795303344727,0.6157138347625732,318,predictions/beijing_72h_6h_station1013_seed2048_center_gru_h8.npz,beijing_72h_6h_station1013_seed2048_endtoend_gru_h8,completed,66.75308990478516,49.49942398071289,1.7264165878295898,5736.0,318.0,5418.0,predictions/beijing_72h_6h_station1013_seed2048_endtoend_gru_h8.npz,both,gru_h8,True,25.05783462524414,60.097568553656245,False
72,6,2048,gru,16,beijing_72h_6h_station1013_seed2048_center_gru_h16,completed,40.87404251098633,25.141616821289062,0.5503346920013428,1014,predictions/beijing_72h_6h_station1013_seed2048_center_gru_h16.npz,beijing_72h_6h_station1013_seed2048_endtoend_gru_h16,completed,68.0634994506836,51.41655731201172,1.7824300527572632,6432.0,1014.0,5418.0,predictions/beijing_72h_6h_station1013_seed2048_endtoend_gru_h16.npz,both,gru_h16,True,27.189456939697266,66.52010730866454,False
72,6,2048,gru,32,beijing_72h_6h_station1013_seed2048_center_gru_h32,completed,40.04918670654297,23.683238983154297,0.4912871718406677,3558,predictions/beijing_72h_6h_station1013_seed2048_center_gru_h32.npz,beijing_72h_6h_station1013_seed2048_endtoend_gru_h32,completed,52.99536895751953,38.27658081054688,1.0478159189224243,8976.0,3558.0,5418.0,predictions/beijing_72h_6h_station1013_seed2048_endtoend_gru_h32.npz,both,gru_h32,True,12.946182250976562,32.3257057523755,False
72,6,2048,gru,64,beijing_72h_6h_station1013_seed2048_center_gru_h64,completed,39.99794006347656,23.34662628173828,0.4794539213180542,13254,predictions/beijing_72h_6h_station1013_seed2048_center_gru_h64.npz,beijing_72h_6h_station1013_seed2048_endtoend_gru_h64,completed,49.31429672241211,34.41383743286133,0.8180990219116211,18672.0,13254.0,5418.0,predictions/beijing_72h_6h_station1013_seed2048_endtoend_gru_h64.npz,both,gru_h64,True,9.316356658935547,23.292091153070693,False
72,6,2048,lstm,16,beijing_72h_6h_station1013_seed2048_center_lstm_h16,completed,40.93284225463867,24.989709854125977,0.5598064661026001,1318,predictions/beijing_72h_6h_station1013_seed2048_center_lstm_h16.npz,beijing_72h_6h_station1013_seed2048_endtoend_lstm_h16,completed,67.03456115722656,49.9499626159668,1.7549679279327393,6736.0,1318.0,5418.0,predictions/beijing_72h_6h_station1013_seed2048_endtoend_lstm_h16.npz,both,lstm_h16,True,26.10171890258789,63.76717927431472,False
72,6,2048,lstm,32,beijing_72h_6h_station1013_seed2048_center_lstm_h32,completed,40.33580017089844,24.242979049682617,0.4993697702884674,4678,predictions/beijing_72h_6h_station1013_seed2048_center_lstm_h32.npz,beijing_72h_6h_station1013_seed2048_endtoend_lstm_h32,completed,55.59447860717773,40.26586151123047,1.1663243770599363,10096.0,4678.0,5418.0,predictions/beijing_72h_6h_station1013_seed2048_endtoend_lstm_h32.npz,both,lstm_h32,True,15.25867843627929,37.82912046278965,False
72,6,2049,gru,8,beijing_72h_6h_station1013_seed2049_center_gru_h8,completed,43.35979080200195,27.62852668762207,0.6687852740287781,318,predictions/beijing_72h_6h_station1013_seed2049_center_gru_h8.npz,beijing_72h_6h_station1013_seed2049_endtoend_gru_h8,completed,70.58246612548828,53.07501983642578,1.9035981893539429,5736.0,318.0,5418.0,predictions/beijing_72h_6h_station1013_seed2049_endtoend_gru_h8.npz,both,gru_h8,True,27.222675323486328,62.783225702808146,False
72,6,2049,gru,16,beijing_72h_6h_station1013_seed2049_center_gru_h16,completed,40.790626525878906,24.933250427246094,0.5416690707206726,1014,predictions/beijing_72h_6h_station1013_seed2049_center_gru_h16.npz,beijing_72h_6h_station1013_seed2049_endtoend_gru_h16,completed,66.0431137084961,50.45956802368164,1.6588695049285889,6432.0,1014.0,5418.0,predictions/beijing_72h_6h_station1013_seed2049_endtoend_gru_h16.npz,both,gru_h16,True,25.252487182617188,61.90757370837681,False
72,6,2049,gru,32,beijing_72h_6h_station1013_seed2049_center_gru_h32,completed,40.28134536743164,24.16830062866211,0.4998233020305633,3558,predictions/beijing_72h_6h_station1013_seed2049_center_gru_h32.npz,beijing_72h_6h_station1013_seed2049_endtoend_gru_h32,completed,53.67974090576172,38.60224151611328,1.0550636053085327,8976.0,3558.0,5418.0,predictions/beijing_72h_6h_station1013_seed2049_endtoend_gru_h32.npz,both,gru_h32,True,13.398395538330078,33.26203585335801,False
72,6,2049,gru,64,beijing_72h_6h_station1013_seed2049_center_gru_h64,completed,39.960391998291016,23.65612030029297,0.4840282797813415,13254,predictions/beijing_72h_6h_station1013_seed2049_center_gru_h64.npz,beijing_72h_6h_station1013_seed2049_endtoend_gru_h64,completed,48.92513275146485,34.02153015136719,0.8088221549987793,18672.0,13254.0,5418.0,predictions/beijing_72h_6h_station1013_seed2049_endtoend_gru_h64.npz,both,gru_h64,True,8.964740753173835,22.43406609614147,False
72,6,2049,lstm,16,beijing_72h_6h_station1013_seed2049_center_lstm_h16,completed,40.825416564941406,24.887651443481445,0.5425124168395996,1318,predictions/beijing_72h_6h_station1013_seed2049_center_lstm_h16.npz,beijing_72h_6h_station1013_seed2049_endtoend_lstm_h16,completed,61.279483795166016,45.98273468017578,1.4438568353652954,6736.0,1318.0,5418.0,predictions/beijing_72h_6h_station1013_seed2049_endtoend_lstm_h16.npz,both,lstm_h16,True,20.45406723022461,50.101306860367536,False
72,6,2049,lstm,32,beijing_72h_6h_station1013_seed2049_center_lstm_h32,completed,40.24532318115234,24.216798782348636,0.5025765895843506,4678,predictions/beijing_72h_6h_station1013_seed2049_center_lstm_h32.npz,beijing_72h_6h_station1013_seed2049_endtoend_lstm_h32,completed,54.97391891479492,40.04378509521485,1.1022868156433103,10096.0,4678.0,5418.0,predictions/beijing_72h_6h_station1013_seed2049_endtoend_lstm_h32.npz,both,lstm_h32,True,14.728595733642585,36.59703679691226,False
72,12,2047,gru,8,beijing_72h_12h_station1013_seed2047_center_gru_h8,completed,51.325828552246094,34.06681442260742,0.8988380432128906,372,predictions/beijing_72h_12h_station1013_seed2047_center_gru_h8.npz,beijing_72h_12h_station1013_seed2047_endtoend_gru_h8,completed,51.551002502441406,34.28817367553711,0.9017813801765442,6786.0,372.0,6414.0,predictions/beijing_72h_12h_station1013_seed2047_endtoend_gru_h8.npz,both,gru_h8,True,0.2251739501953125,0.4387146911152273,False
72,12,2047,gru,16,beijing_72h_12h_station1013_seed2047_center_gru_h16,completed,50.51883316040039,32.90486526489258,0.8400188684463501,1116,predictions/beijing_72h_12h_station1013_seed2047_center_gru_h16.npz,beijing_72h_12h_station1013_seed2047_endtoend_gru_h16,completed,50.778770446777344,33.16251373291016,0.8475186228752136,7530.0,1116.0,6414.0,predictions/beijing_72h_12h_station1013_seed2047_endtoend_gru_h16.npz,both,gru_h16,True,0.2599372863769531,0.514535412074224,False
72,12,2047,gru,32,beijing_72h_12h_station1013_seed2047_center_gru_h32,completed,50.27863693237305,32.54023742675781,0.8186405301094055,3756,predictions/beijing_72h_12h_station1013_seed2047_center_gru_h32.npz,beijing_72h_12h_station1013_seed2047_endtoend_gru_h32,completed,59.61056518554688,43.72469711303711,1.3137104511260986,10170.0,3756.0,6414.0,predictions/beijing_72h_12h_station1013_seed2047_endtoend_gru_h32.npz,both,gru_h32,True,9.331928253173835,18.56042411357668,False
72,12,2047,gru,64,beijing_72h_12h_station1013_seed2047_center_gru_h64,completed,50.16300964355469,32.08802795410156,0.8049054145812988,13644,predictions/beijing_72h_12h_station1013_seed2047_center_gru_h64.npz,beijing_72h_12h_station1013_seed2047_endtoend_gru_h64,completed,55.06105041503906,38.95069885253906,1.034508466720581,20058.0,13644.0,6414.0,predictions/beijing_72h_12h_station1013_seed2047_endtoend_gru_h64.npz,both,gru_h64,True,4.898040771484375,9.7642482105611,False
72,12,2047,lstm,16,beijing_72h_12h_station1013_seed2047_center_lstm_h16,completed,50.5157470703125,32.93063735961914,0.8543751835823059,1420,predictions/beijing_72h_12h_station1013_seed2047_center_lstm_h16.npz,beijing_72h_12h_station1013_seed2047_endtoend_lstm_h16,completed,65.97260284423828,48.878326416015625,1.6912611722946167,7834.0,1420.0,6414.0,predictions/beijing_72h_12h_station1013_seed2047_endtoend_lstm_h16.npz,both,lstm_h16,True,15.456855773925781,30.598094001087418,False
72,12,2047,lstm,32,beijing_72h_12h_station1013_seed2047_center_lstm_h32,completed,50.97569274902344,33.06547546386719,0.805199384689331,4876,predictions/beijing_72h_12h_station1013_seed2047_center_lstm_h32.npz,beijing_72h_12h_station1013_seed2047_endtoend_lstm_h32,completed,59.95809173583984,44.12500762939453,1.3343961238861084,11290.0,4876.0,6414.0,predictions/beijing_72h_12h_station1013_seed2047_endtoend_lstm_h32.npz,both,lstm_h32,True,8.9823989868164,17.620945400469278,False
72,12,2048,gru,8,beijing_72h_12h_station1013_seed2048_center_gru_h8,completed,51.80165100097656,34.62176513671875,0.9326956868171692,372,predictions/beijing_72h_12h_station1013_seed2048_center_gru_h8.npz,beijing_72h_12h_station1013_seed2048_endtoend_gru_h8,completed,69.7080307006836,52.28129196166992,1.8604984283447263,6786.0,372.0,6414.0,predictions/beijing_72h_12h_station1013_seed2048_endtoend_gru_h8.npz,both,gru_h8,True,17.90637969970703,34.56719883188561,False
72,12,2048,gru,16,beijing_72h_12h_station1013_seed2048_center_gru_h16,completed,50.59381103515625,33.199188232421875,0.8441327214241028,1116,predictions/beijing_72h_12h_station1013_seed2048_center_gru_h16.npz,beijing_72h_12h_station1013_seed2048_endtoend_gru_h16,completed,64.83238983154297,48.30973815917969,1.5955287218093872,7530.0,1116.0,6414.0,predictions/beijing_72h_12h_station1013_seed2048_endtoend_gru_h16.npz,both,gru_h16,True,14.238578796386719,28.142925992455314,False
72,12,2048,gru,32,beijing_72h_12h_station1013_seed2048_center_gru_h32,completed,50.17981719970703,32.4691276550293,0.8245161175727844,3756,predictions/beijing_72h_12h_station1013_seed2048_center_gru_h32.npz,beijing_72h_12h_station1013_seed2048_endtoend_gru_h32,completed,60.68611145019531,44.74580001831055,1.3858438730239868,10170.0,3756.0,6414.0,predictions/beijing_72h_12h_station1013_seed2048_endtoend_gru_h32.npz,both,gru_h32,True,10.506294250488281,20.93729080095099,False
72,12,2048,gru,64,beijing_72h_12h_station1013_seed2048_center_gru_h64,completed,50.261024475097656,32.507076263427734,0.811486005783081,13644,predictions/beijing_72h_12h_station1013_seed2048_center_gru_h64.npz,beijing_72h_12h_station1013_seed2048_endtoend_gru_h64,completed,55.82093811035156,39.931278228759766,1.0741771459579468,20058.0,13644.0,6414.0,predictions/beijing_72h_12h_station1013_seed2048_endtoend_gru_h64.npz,both,gru_h64,True,5.559913635253906,11.062077809433868,False
72,12,2048,lstm,16,beijing_72h_12h_station1013_seed2048_center_lstm_h16,completed,50.99150848388672,33.29423904418945,0.8663454055786133,1420,predictions/beijing_72h_12h_station1013_seed2048_center_lstm_h16.npz,beijing_72h_12h_station1013_seed2048_endtoend_lstm_h16,completed,51.30279159545898,34.06297302246094,0.875108003616333,7834.0,1420.0,6414.0,predictions/beijing_72h_12h_station1013_seed2048_endtoend_lstm_h16.npz,both,lstm_h16,True,0.3112831115722585,0.6104606841953464,False
72,12,2048,lstm,32,beijing_72h_12h_station1013_seed2048_center_lstm_h32,completed,52.01485824584961,34.45045852661133,0.8175326585769653,4876,predictions/beijing_72h_12h_station1013_seed2048_center_lstm_h32.npz,beijing_72h_12h_station1013_seed2048_endtoend_lstm_h32,completed,51.62701034545898,33.44219970703125,0.8321012854576111,11290.0,4876.0,6414.0,predictions/beijing_72h_12h_station1013_seed2048_endtoend_lstm_h32.npz,both,lstm_h32,True,-0.3878479003906321,-0.7456482887206128,True
72,12,2049,gru,8,beijing_72h_12h_station1013_seed2049_center_gru_h8,completed,52.173431396484375,34.72301483154297,0.9686845541000366,372,predictions/beijing_72h_12h_station1013_seed2049_center_gru_h8.npz,beijing_72h_12h_station1013_seed2049_endtoend_gru_h8,completed,52.11004257202149,34.620948791503906,0.962242305278778,6786.0,372.0,6414.0,predictions/beijing_72h_12h_station1013_seed2049_endtoend_gru_h8.npz,both,gru_h8,True,-0.06338882446288352,-0.12149636848910461,True
72,12,2049,gru,16,beijing_72h_12h_station1013_seed2049_center_gru_h16,completed,50.623573303222656,33.14596176147461,0.8422249555587769,1116,predictions/beijing_72h_12h_station1013_seed2049_center_gru_h16.npz,beijing_72h_12h_station1013_seed2049_endtoend_gru_h16,completed,65.52497863769531,48.64296340942383,1.628725290298462,7530.0,1116.0,6414.0,predictions/beijing_72h_12h_station1013_seed2049_endtoend_gru_h16.npz,both,gru_h16,True,14.901405334472656,29.4357042819102,False
72,12,2049,gru,32,beijing_72h_12h_station1013_seed2049_center_gru_h32,completed,50.24681091308594,32.46099090576172,0.8188793659210205,3756,predictions/beijing_72h_12h_station1013_seed2049_center_gru_h32.npz,beijing_72h_12h_station1013_seed2049_endtoend_gru_h32,completed,58.913856506347656,42.89704132080078,1.2605690956115725,10170.0,3756.0,6414.0,predictions/beijing_72h_12h_station1013_seed2049_endtoend_gru_h32.npz,both,gru_h32,True,8.667045593261719,17.248946621216387,False
72,12,2049,gru,64,beijing_72h_12h_station1013_seed2049_center_gru_h64,completed,50.05313491821289,31.99614524841309,0.8038682341575623,13644,predictions/beijing_72h_12h_station1013_seed2049_center_gru_h64.npz,beijing_72h_12h_station1013_seed2049_endtoend_gru_h64,completed,55.39266586303711,39.326847076416016,1.0583614110946655,20058.0,13644.0,6414.0,predictions/beijing_72h_12h_station1013_seed2049_endtoend_gru_h64.npz,both,gru_h64,True,5.339530944824219,10.667725315405407,False
72,12,2049,lstm,16,beijing_72h_12h_station1013_seed2049_center_lstm_h16,completed,50.82733154296875,33.3221435546875,0.8657957911491394,1420,predictions/beijing_72h_12h_station1013_seed2049_center_lstm_h16.npz,beijing_72h_12h_station1013_seed2049_endtoend_lstm_h16,completed,67.53760528564453,51.14845657348633,1.7521079778671265,7834.0,1420.0,6414.0,predictions/beijing_72h_12h_station1013_seed2049_endtoend_lstm_h16.npz,both,lstm_h16,True,16.71027374267578,32.876551326620685,False
72,12,2049,lstm,32,beijing_72h_12h_station1013_seed2049_center_lstm_h32,completed,51.75185012817383,33.379642486572266,0.8137763142585754,4876,predictions/beijing_72h_12h_station1013_seed2049_center_lstm_h32.npz,beijing_72h_12h_station1013_seed2049_endtoend_lstm_h32,completed,61.04578399658203,44.38533020019531,1.405341863632202,11290.0,4876.0,6414.0,predictions/beijing_72h_12h_station1013_seed2049_endtoend_lstm_h32.npz,both,lstm_h32,True,9.293933868408203,17.958650454795166,False
72,24,2047,gru,8,beijing_72h_24h_station1013_seed2047_center_gru_h8,completed,60.30904769897461,42.34920883178711,1.2848501205444336,480,predictions/beijing_72h_24h_station1013_seed2047_center_gru_h8.npz,beijing_72h_24h_station1013_seed2047_endtoend_gru_h8,completed,72.9669189453125,54.7640266418457,2.0224850177764893,8886.0,480.0,8406.0,predictions/beijing_72h_24h_station1013_seed2047_endtoend_gru_h8.npz,both,gru_h8,True,12.65787124633789,20.988345412977072,False
72,24,2047,gru,16,beijing_72h_24h_station1013_seed2047_center_gru_h16,completed,59.95176315307617,41.86507034301758,1.241496205329895,1320,predictions/beijing_72h_24h_station1013_seed2047_center_gru_h16.npz,beijing_72h_24h_station1013_seed2047_endtoend_gru_h16,completed,60.44010925292969,42.08877182006836,1.2487610578536987,9726.0,1320.0,8406.0,predictions/beijing_72h_24h_station1013_seed2047_endtoend_gru_h16.npz,both,gru_h16,True,0.4883460998535156,0.8145650339033583,False
72,24,2047,gru,32,beijing_72h_24h_station1013_seed2047_center_gru_h32,completed,59.801361083984375,41.58882141113281,1.2260860204696655,4152,predictions/beijing_72h_24h_station1013_seed2047_center_gru_h32.npz,beijing_72h_24h_station1013_seed2047_endtoend_gru_h32,completed,60.56037902832031,41.98378372192383,1.241672396659851,12558.0,4152.0,8406.0,predictions/beijing_72h_24h_station1013_seed2047_endtoend_gru_h32.npz,both,gru_h32,True,0.7590179443359375,1.2692318879999664,False
72,24,2047,gru,64,beijing_72h_24h_station1013_seed2047_center_gru_h64,completed,59.118797302246094,40.77383804321289,1.2125895023345947,14424,predictions/beijing_72h_24h_station1013_seed2047_center_gru_h64.npz,beijing_72h_24h_station1013_seed2047_endtoend_gru_h64,completed,62.93717193603516,46.17511749267578,1.3911824226379397,22830.0,14424.0,8406.0,predictions/beijing_72h_24h_station1013_seed2047_endtoend_gru_h64.npz,both,gru_h64,True,3.8183746337890696,6.45881649835931,False
72,24,2047,lstm,16,beijing_72h_24h_station1013_seed2047_center_lstm_h16,completed,61.140174865722656,42.678932189941406,1.226973533630371,1624,predictions/beijing_72h_24h_station1013_seed2047_center_lstm_h16.npz,beijing_72h_24h_station1013_seed2047_endtoend_lstm_h16,completed,68.98532104492188,52.24625778198242,1.8059221506118772,10030.0,1624.0,8406.0,predictions/beijing_72h_24h_station1013_seed2047_endtoend_lstm_h16.npz,both,lstm_h16,True,7.845146179199219,12.831409456104591,False
72,24,2047,lstm,32,beijing_72h_24h_station1013_seed2047_center_lstm_h32,completed,61.343563079833984,42.95970153808594,1.209672451019287,5272,predictions/beijing_72h_24h_station1013_seed2047_center_lstm_h32.npz,beijing_72h_24h_station1013_seed2047_endtoend_lstm_h32,completed,66.65072631835938,49.92969512939453,1.662353754043579,13678.0,5272.0,8406.0,predictions/beijing_72h_24h_station1013_seed2047_endtoend_lstm_h32.npz,both,lstm_h32,True,5.307163238525391,8.65154055629036,False
72,24,2048,gru,8,beijing_72h_24h_station1013_seed2048_center_gru_h8,completed,60.57940673828125,42.641971588134766,1.3005530834197998,480,predictions/beijing_72h_24h_station1013_seed2048_center_gru_h8.npz,beijing_72h_24h_station1013_seed2048_endtoend_gru_h8,completed,72.33858489990234,54.39859771728516,1.9921848773956297,8886.0,480.0,8406.0,predictions/beijing_72h_24h_station1013_seed2048_endtoend_gru_h8.npz,both,gru_h8,True,11.759178161621094,19.411180786936043,False
72,24,2048,gru,16,beijing_72h_24h_station1013_seed2048_center_gru_h16,completed,60.15969467163086,42.02580261230469,1.2414051294326782,1320,predictions/beijing_72h_24h_station1013_seed2048_center_gru_h16.npz,beijing_72h_24h_station1013_seed2048_endtoend_gru_h16,completed,68.69002532958984,51.38908767700195,1.7867090702056885,9726.0,1320.0,8406.0,predictions/beijing_72h_24h_station1013_seed2048_endtoend_gru_h16.npz,both,gru_h16,True,8.530330657958984,14.179477978603483,False
72,24,2048,gru,32,beijing_72h_24h_station1013_seed2048_center_gru_h32,completed,59.76448822021485,41.57267379760742,1.2254526615142822,4152,predictions/beijing_72h_24h_station1013_seed2048_center_gru_h32.npz,beijing_72h_24h_station1013_seed2048_endtoend_gru_h32,completed,65.69981384277344,48.98233413696289,1.5933592319488523,12558.0,4152.0,8406.0,predictions/beijing_72h_24h_station1013_seed2048_endtoend_gru_h32.npz,both,gru_h32,True,5.935325622558587,9.931191246361259,False
72,24,2048,gru,64,beijing_72h_24h_station1013_seed2048_center_gru_h64,completed,59.789772033691406,41.64037704467773,1.2241657972335815,14424,predictions/beijing_72h_24h_station1013_seed2048_center_gru_h64.npz,beijing_72h_24h_station1013_seed2048_endtoend_gru_h64,completed,63.023921966552734,46.237342834472656,1.4114450216293335,22830.0,14424.0,8406.0,predictions/beijing_72h_24h_station1013_seed2048_endtoend_gru_h64.npz,both,gru_h64,True,3.234149932861328,5.409202649307465,False
72,24,2048,lstm,16,beijing_72h_24h_station1013_seed2048_center_lstm_h16,completed,60.3417854309082,42.03263092041016,1.2444016933441162,1624,predictions/beijing_72h_24h_station1013_seed2048_center_lstm_h16.npz,beijing_72h_24h_station1013_seed2048_endtoend_lstm_h16,completed,68.39115142822266,51.77468490600586,1.7648769617080688,10030.0,1624.0,8406.0,predictions/beijing_72h_24h_station1013_seed2048_endtoend_lstm_h16.npz,both,lstm_h16,True,8.049365997314453,13.339621855457096,False
72,24,2048,lstm,32,beijing_72h_24h_station1013_seed2048_center_lstm_h32,completed,61.02814483642578,42.39583206176758,1.210880994796753,5272,predictions/beijing_72h_24h_station1013_seed2048_center_lstm_h32.npz,beijing_72h_24h_station1013_seed2048_endtoend_lstm_h32,completed,65.87577819824219,49.09458160400391,1.6049067974090576,13678.0,5272.0,8406.0,predictions/beijing_72h_24h_station1013_seed2048_endtoend_lstm_h32.npz,both,lstm_h32,True,4.847633361816406,7.943274983713744,False
72,24,2049,gru,8,beijing_72h_24h_station1013_seed2049_center_gru_h8,completed,60.47298049926758,42.50700378417969,1.291230082511902,480,predictions/beijing_72h_24h_station1013_seed2049_center_gru_h8.npz,beijing_72h_24h_station1013_seed2049_endtoend_gru_h8,completed,73.07989501953125,55.26660537719727,2.0297648906707764,8886.0,480.0,8406.0,predictions/beijing_72h_24h_station1013_seed2049_endtoend_gru_h8.npz,both,gru_h8,True,12.606914520263672,20.847185662390764,False
72,24,2049,gru,16,beijing_72h_24h_station1013_seed2049_center_gru_h16,completed,60.04803466796875,41.89192962646485,1.2398195266723633,1320,predictions/beijing_72h_24h_station1013_seed2049_center_gru_h16.npz,beijing_72h_24h_station1013_seed2049_endtoend_gru_h16,completed,69.39887237548828,51.795223236083984,1.8342170715332031,9726.0,1320.0,8406.0,predictions/beijing_72h_24h_station1013_seed2049_endtoend_gru_h16.npz,both,gru_h16,True,9.350837707519531,15.572262704723494,False
72,24,2049,gru,32,beijing_72h_24h_station1013_seed2049_center_gru_h32,completed,59.73714447021485,41.43602752685547,1.2244586944580078,4152,predictions/beijing_72h_24h_station1013_seed2049_center_gru_h32.npz,beijing_72h_24h_station1013_seed2049_endtoend_gru_h32,completed,65.58311462402344,49.359073638916016,1.5844361782073977,12558.0,4152.0,8406.0,predictions/beijing_72h_24h_station1013_seed2049_endtoend_gru_h32.npz,both,gru_h32,True,5.845970153808587,9.786156010057368,False
72,24,2049,gru,64,beijing_72h_24h_station1013_seed2049_center_gru_h64,completed,59.64268112182617,41.26527786254883,1.2212368249893188,14424,predictions/beijing_72h_24h_station1013_seed2049_center_gru_h64.npz,beijing_72h_24h_station1013_seed2049_endtoend_gru_h64,completed,62.900333404541016,46.01056289672852,1.3982245922088623,22830.0,14424.0,8406.0,predictions/beijing_72h_24h_station1013_seed2049_endtoend_gru_h64.npz,both,gru_h64,True,3.2576522827148438,5.461948090597679,False
72,24,2049,lstm,16,beijing_72h_24h_station1013_seed2049_center_lstm_h16,completed,60.086307525634766,41.964805603027344,1.2444483041763306,1624,predictions/beijing_72h_24h_station1013_seed2049_center_lstm_h16.npz,beijing_72h_24h_station1013_seed2049_endtoend_lstm_h16,completed,70.73519134521484,53.50221252441406,1.914379358291626,10030.0,1624.0,8406.0,predictions/beijing_72h_24h_station1013_seed2049_endtoend_lstm_h16.npz,both,lstm_h16,True,10.648883819580078,17.722646403320617,False
72,24,2049,lstm,32,beijing_72h_24h_station1013_seed2049_center_lstm_h32,completed,60.92759704589844,42.093875885009766,1.2140817642211914,5272,predictions/beijing_72h_24h_station1013_seed2049_center_lstm_h32.npz,beijing_72h_24h_station1013_seed2049_endtoend_lstm_h32,completed,66.6882553100586,49.98963928222656,1.6810171604156494,13678.0,5272.0,8406.0,predictions/beijing_72h_24h_station1013_seed2049_endtoend_lstm_h32.npz,both,lstm_h32,True,5.760658264160156,9.454924440595436,False
168,1,2047,gru,8,beijing_168h_1h_station1013_seed2047_center_gru_h8,completed,24.17740249633789,13.312719345092772,0.2273873686790466,273,predictions/beijing_168h_1h_station1013_seed2047_center_gru_h8.npz,beijing_168h_1h_station1013_seed2047_endtoend_gru_h8,completed,43.39439010620117,28.13568878173828,0.8487196564674377,4861.0,273.0,4588.0,predictions/beijing_168h_1h_station1013_seed2047_endtoend_gru_h8.npz,both,gru_h8,True,19.21698760986328,79.48325967925646,False
168,1,2047,gru,16,beijing_168h_1h_station1013_seed2047_center_gru_h16,completed,22.95859146118164,12.268333435058594,0.1685646772384643,929,predictions/beijing_168h_1h_station1013_seed2047_center_gru_h16.npz,beijing_168h_1h_station1013_seed2047_endtoend_gru_h16,completed,79.10521697998047,61.0584716796875,2.3839187622070312,5517.0,929.0,4588.0,predictions/beijing_168h_1h_station1013_seed2047_endtoend_gru_h16.npz,both,gru_h16,True,56.14662551879883,244.5560548160434,False
168,1,2047,gru,32,beijing_168h_1h_station1013_seed2047_center_gru_h32,completed,21.87847137451172,11.049761772155762,0.1197583228349685,3393,predictions/beijing_168h_1h_station1013_seed2047_center_gru_h32.npz,beijing_168h_1h_station1013_seed2047_endtoend_gru_h32,completed,41.3073616027832,28.64677619934082,0.6274210810661316,7981.0,3393.0,4588.0,predictions/beijing_168h_1h_station1013_seed2047_endtoend_gru_h32.npz,both,gru_h32,True,19.428890228271484,88.80369151798246,False
168,1,2047,gru,64,beijing_168h_1h_station1013_seed2047_center_gru_h64,completed,21.294353485107425,10.316890716552734,0.1004770845174789,12929,predictions/beijing_168h_1h_station1013_seed2047_center_gru_h64.npz,beijing_168h_1h_station1013_seed2047_endtoend_gru_h64,completed,35.58810806274414,23.4051570892334,0.3805251717567444,17517.0,12929.0,4588.0,predictions/beijing_168h_1h_station1013_seed2047_endtoend_gru_h64.npz,both,gru_h64,True,14.293754577636715,67.12462337789829,False
168,1,2047,lstm,16,beijing_168h_1h_station1013_seed2047_center_lstm_h16,completed,22.73643493652344,11.967254638671877,0.1765022128820419,1233,predictions/beijing_168h_1h_station1013_seed2047_center_lstm_h16.npz,beijing_168h_1h_station1013_seed2047_endtoend_lstm_h16,completed,50.21826934814453,35.58819580078125,1.0342649221420288,5821.0,1233.0,4588.0,predictions/beijing_168h_1h_station1013_seed2047_endtoend_lstm_h16.npz,both,lstm_h16,True,27.48183441162109,120.87134367523342,False
168,1,2047,lstm,32,beijing_168h_1h_station1013_seed2047_center_lstm_h32,completed,22.381017684936523,11.411513328552246,0.1355944126844406,4513,predictions/beijing_168h_1h_station1013_seed2047_center_lstm_h32.npz,beijing_168h_1h_station1013_seed2047_endtoend_lstm_h32,completed,47.14997863769531,33.3603401184082,0.8396048545837402,9101.0,4513.0,4588.0,predictions/beijing_168h_1h_station1013_seed2047_endtoend_lstm_h32.npz,both,lstm_h32,True,24.76896095275879,110.66950261796835,False
168,1,2048,gru,8,beijing_168h_1h_station1013_seed2048_center_gru_h8,completed,26.517520904541016,15.017822265625,0.2884703278541565,273,predictions/beijing_168h_1h_station1013_seed2048_center_gru_h8.npz,beijing_168h_1h_station1013_seed2048_endtoend_gru_h8,completed,68.98761749267578,53.81998062133789,1.8089542388916016,4861.0,273.0,4588.0,predictions/beijing_168h_1h_station1013_seed2048_endtoend_gru_h8.npz,both,gru_h8,True,42.470096588134766,160.15862395666835,False
168,1,2048,gru,16,beijing_168h_1h_station1013_seed2048_center_gru_h16,completed,22.59432601928711,12.030838012695312,0.1518929451704025,929,predictions/beijing_168h_1h_station1013_seed2048_center_gru_h16.npz,beijing_168h_1h_station1013_seed2048_endtoend_gru_h16,completed,56.22135925292969,41.9906120300293,1.2165956497192385,5517.0,929.0,4588.0,predictions/beijing_168h_1h_station1013_seed2048_endtoend_gru_h16.npz,both,gru_h16,True,33.62703323364258,148.82954775874998,False
168,1,2048,gru,32,beijing_168h_1h_station1013_seed2048_center_gru_h32,completed,21.74993324279785,11.101943016052246,0.1185602843761444,3393,predictions/beijing_168h_1h_station1013_seed2048_center_gru_h32.npz,beijing_168h_1h_station1013_seed2048_endtoend_gru_h32,completed,45.08987808227539,31.62744903564453,0.7627384662628174,7981.0,3393.0,4588.0,predictions/beijing_168h_1h_station1013_seed2048_endtoend_gru_h32.npz,both,gru_h32,True,23.33994483947754,107.31042058350315,False
168,1,2048,gru,64,beijing_168h_1h_station1013_seed2048_center_gru_h64,completed,21.481216430664062,10.560361862182615,0.1046554371714592,12929,predictions/beijing_168h_1h_station1013_seed2048_center_gru_h64.npz,beijing_168h_1h_station1013_seed2048_endtoend_gru_h64,completed,37.97117614746094,25.503328323364254,0.4444500505924225,17517.0,12929.0,4588.0,predictions/beijing_168h_1h_station1013_seed2048_endtoend_gru_h64.npz,both,gru_h64,True,16.489959716796875,76.76455274319449,False
168,1,2048,lstm,16,beijing_168h_1h_station1013_seed2048_center_lstm_h16,completed,23.43356132507324,12.656386375427246,0.2001757770776748,1233,predictions/beijing_168h_1h_station1013_seed2048_center_lstm_h16.npz,beijing_168h_1h_station1013_seed2048_endtoend_lstm_h16,completed,61.40202713012695,43.7676887512207,1.5495156049728394,5821.0,1233.0,4588.0,predictions/beijing_168h_1h_station1013_seed2048_endtoend_lstm_h16.npz,both,lstm_h16,True,37.96846580505371,162.0260159279697,False
168,1,2048,lstm,32,beijing_168h_1h_station1013_seed2048_center_lstm_h32,completed,22.016719818115234,11.293068885803224,0.1289737224578857,4513,predictions/beijing_168h_1h_station1013_seed2048_center_lstm_h32.npz,beijing_168h_1h_station1013_seed2048_endtoend_lstm_h32,nonfinite,,,,,,,,both,lstm_h32,False,,,False
168,1,2049,gru,8,beijing_168h_1h_station1013_seed2049_center_gru_h8,completed,25.1016845703125,14.118426322937012,0.2523033618927002,273,predictions/beijing_168h_1h_station1013_seed2049_center_gru_h8.npz,beijing_168h_1h_station1013_seed2049_endtoend_gru_h8,completed,60.26913070678711,44.69696044921875,1.4540624618530271,4861.0,273.0,4588.0,predictions/beijing_168h_1h_station1013_seed2049_endtoend_gru_h8.npz,both,gru_h8,True,35.16744613647461,140.09994443985158,False
168,1,2049,gru,16,beijing_168h_1h_station1013_seed2049_center_gru_h16,completed,23.498123168945312,12.75855827331543,0.1747134327888488,929,predictions/beijing_168h_1h_station1013_seed2049_center_gru_h16.npz,beijing_168h_1h_station1013_seed2049_endtoend_gru_h16,completed,63.81660461425781,47.23297500610352,1.6336517333984375,5517.0,929.0,4588.0,predictions/beijing_168h_1h_station1013_seed2049_endtoend_gru_h16.npz,both,gru_h16,True,40.3184814453125,171.58170954945314,False
168,1,2049,gru,32,beijing_168h_1h_station1013_seed2049_center_gru_h32,completed,21.570802688598636,10.881098747253418,0.1172943040728569,3393,predictions/beijing_168h_1h_station1013_seed2049_center_gru_h32.npz,beijing_168h_1h_station1013_seed2049_endtoend_gru_h32,completed,44.20380783081055,31.443994522094727,0.7064287662506104,7981.0,3393.0,4588.0,predictions/beijing_168h_1h_station1013_seed2049_endtoend_gru_h32.npz,both,gru_h32,True,22.63300514221191,104.92426020926291,False
168,1,2049,gru,64,beijing_168h_1h_station1013_seed2049_center_gru_h64,completed,21.41245651245117,10.42389965057373,0.1027143076062202,12929,predictions/beijing_168h_1h_station1013_seed2049_center_gru_h64.npz,beijing_168h_1h_station1013_seed2049_endtoend_gru_h64,completed,36.30901718139648,24.014724731445312,0.3989426791667938,17517.0,12929.0,4588.0,predictions/beijing_168h_1h_station1013_seed2049_endtoend_gru_h64.npz,both,gru_h64,True,14.896560668945309,69.56960150874367,False
168,1,2049,lstm,16,beijing_168h_1h_station1013_seed2049_center_lstm_h16,completed,23.88417625427246,12.975054740905762,0.1761554181575775,1233,predictions/beijing_168h_1h_station1013_seed2049_center_lstm_h16.npz,beijing_168h_1h_station1013_seed2049_endtoend_lstm_h16,completed,52.80706024169922,39.3704719543457,1.0975894927978516,5821.0,1233.0,4588.0,predictions/beijing_168h_1h_station1013_seed2049_endtoend_lstm_h16.npz,both,lstm_h16,True,28.922883987426758,121.09642668648854,False
168,1,2049,lstm,32,beijing_168h_1h_station1013_seed2049_center_lstm_h32,completed,22.2718563079834,11.389577865600586,0.1289860755205154,4513,predictions/beijing_168h_1h_station1013_seed2049_center_lstm_h32.npz,beijing_168h_1h_station1013_seed2049_endtoend_lstm_h32,completed,43.83930969238281,29.89069938659668,0.6902510523796082,9101.0,4513.0,4588.0,predictions/beijing_168h_1h_station1013_seed2049_endtoend_lstm_h32.npz,both,lstm_h32,True,21.567453384399414,96.83725095096143,False
168,3,2047,gru,8,beijing_168h_3h_station1013_seed2047_center_gru_h8,completed,35.89054870605469,21.7061767578125,0.4878863394260406,291,predictions/beijing_168h_3h_station1013_seed2047_center_gru_h8.npz,beijing_168h_3h_station1013_seed2047_endtoend_gru_h8,completed,36.0566635131836,22.09952735900879,0.4828430116176605,5211.0,291.0,4920.0,predictions/beijing_168h_3h_station1013_seed2047_endtoend_gru_h8.npz,both,gru_h8,True,0.16611480712891336,0.4628371900619266,False
168,3,2047,gru,16,beijing_168h_3h_station1013_seed2047_center_gru_h16,completed,32.663143157958984,18.81889915466309,0.3380938768386841,963,predictions/beijing_168h_3h_station1013_seed2047_center_gru_h16.npz,beijing_168h_3h_station1013_seed2047_endtoend_gru_h16,completed,61.58742904663086,45.27146530151367,1.4972590208053589,5883.0,963.0,4920.0,predictions/beijing_168h_3h_station1013_seed2047_endtoend_gru_h16.npz,both,gru_h16,True,28.924285888671875,88.55328389185941,False
168,3,2047,gru,32,beijing_168h_3h_station1013_seed2047_center_gru_h32,completed,31.73612403869629,17.688838958740234,0.2826691269874573,3459,predictions/beijing_168h_3h_station1013_seed2047_center_gru_h32.npz,beijing_168h_3h_station1013_seed2047_endtoend_gru_h32,completed,49.26700210571289,35.29740524291992,0.9026628136634828,8379.0,3459.0,4920.0,predictions/beijing_168h_3h_station1013_seed2047_endtoend_gru_h32.npz,both,gru_h32,True,17.5308780670166,55.23950576208034,False
168,3,2047,gru,64,beijing_168h_3h_station1013_seed2047_center_gru_h64,completed,31.3103084564209,16.744876861572266,0.2623420059680938,13059,predictions/beijing_168h_3h_station1013_seed2047_center_gru_h64.npz,beijing_168h_3h_station1013_seed2047_endtoend_gru_h64,completed,42.944580078125,29.26408576965332,0.5944806933403015,17979.0,13059.0,4920.0,predictions/beijing_168h_3h_station1013_seed2047_endtoend_gru_h64.npz,both,gru_h64,True,11.634271621704102,37.157959136356666,False
168,3,2047,lstm,16,beijing_168h_3h_station1013_seed2047_center_lstm_h16,completed,33.26336669921875,19.45732688903809,0.3699712455272674,1267,predictions/beijing_168h_3h_station1013_seed2047_center_lstm_h16.npz,beijing_168h_3h_station1013_seed2047_endtoend_lstm_h16,completed,62.084693908691406,47.22126007080078,1.5165170431137085,6187.0,1267.0,4920.0,predictions/beijing_168h_3h_station1013_seed2047_endtoend_lstm_h16.npz,both,lstm_h16,True,28.821327209472656,86.64585118544113,False
168,3,2047,lstm,32,beijing_168h_3h_station1013_seed2047_center_lstm_h32,completed,31.736059188842773,17.478500366210938,0.2875797748565674,4579,predictions/beijing_168h_3h_station1013_seed2047_center_lstm_h32.npz,beijing_168h_3h_station1013_seed2047_endtoend_lstm_h32,completed,53.16314697265625,38.746212005615234,1.0944782495498655,9499.0,4579.0,4920.0,predictions/beijing_168h_3h_station1013_seed2047_endtoend_lstm_h32.npz,both,lstm_h32,True,21.427087783813477,67.51653586323802,False
168,3,2048,gru,8,beijing_168h_3h_station1013_seed2048_center_gru_h8,completed,36.18947219848633,22.02007102966309,0.4996364414691925,291,predictions/beijing_168h_3h_station1013_seed2048_center_gru_h8.npz,beijing_168h_3h_station1013_seed2048_endtoend_gru_h8,completed,69.14501953125,50.33431625366211,1.837158203125,5211.0,291.0,4920.0,predictions/beijing_168h_3h_station1013_seed2048_endtoend_gru_h8.npz,both,gru_h8,True,32.95554733276367,91.06390707223986,False
168,3,2048,gru,16,beijing_168h_3h_station1013_seed2048_center_gru_h16,completed,32.67441177368164,18.877296447753903,0.338768720626831,963,predictions/beijing_168h_3h_station1013_seed2048_center_gru_h16.npz,beijing_168h_3h_station1013_seed2048_endtoend_gru_h16,completed,63.13386535644531,47.63466644287109,1.5530153512954712,5883.0,963.0,4920.0,predictions/beijing_168h_3h_station1013_seed2048_endtoend_gru_h16.npz,both,gru_h16,True,30.459453582763672,93.22112298069874,False
168,3,2048,gru,32,beijing_168h_3h_station1013_seed2048_center_gru_h32,completed,31.950382232666016,17.69561004638672,0.2888544797897339,3459,predictions/beijing_168h_3h_station1013_seed2048_center_gru_h32.npz,beijing_168h_3h_station1013_seed2048_endtoend_gru_h32,completed,48.91797637939453,35.41263198852539,0.8865910172462463,8379.0,3459.0,4920.0,predictions/beijing_168h_3h_station1013_seed2048_endtoend_gru_h32.npz,both,gru_h32,True,16.967594146728516,53.106075611768034,False
168,3,2048,gru,64,beijing_168h_3h_station1013_seed2048_center_gru_h64,completed,31.248291015625,16.766231536865234,0.2631237804889679,13059,predictions/beijing_168h_3h_station1013_seed2048_center_gru_h64.npz,beijing_168h_3h_station1013_seed2048_endtoend_gru_h64,completed,43.27688980102539,29.58333969116211,0.6190513968467712,17979.0,13059.0,4920.0,predictions/beijing_168h_3h_station1013_seed2048_endtoend_gru_h64.npz,both,gru_h64,True,12.02859878540039,38.49362123319244,False
168,3,2048,lstm,16,beijing_168h_3h_station1013_seed2048_center_lstm_h16,completed,32.94063949584961,18.968175888061523,0.3703747689723968,1267,predictions/beijing_168h_3h_station1013_seed2048_center_lstm_h16.npz,beijing_168h_3h_station1013_seed2048_endtoend_lstm_h16,completed,63.3854866027832,46.781646728515625,1.6036313772201538,6187.0,1267.0,4920.0,predictions/beijing_168h_3h_station1013_seed2048_endtoend_lstm_h16.npz,both,lstm_h16,True,30.444847106933594,92.42336388390251,False
168,3,2048,lstm,32,beijing_168h_3h_station1013_seed2048_center_lstm_h32,completed,31.462677001953125,17.298036575317383,0.2898430228233337,4579,predictions/beijing_168h_3h_station1013_seed2048_center_lstm_h32.npz,beijing_168h_3h_station1013_seed2048_endtoend_lstm_h32,completed,56.5501823425293,39.29903411865234,1.296235203742981,9499.0,4579.0,4920.0,predictions/beijing_168h_3h_station1013_seed2048_endtoend_lstm_h32.npz,both,lstm_h32,True,25.087505340576172,79.73735146255609,False
168,3,2049,gru,8,beijing_168h_3h_station1013_seed2049_center_gru_h8,completed,33.94053268432617,19.939128875732425,0.4107632935047149,291,predictions/beijing_168h_3h_station1013_seed2049_center_gru_h8.npz,beijing_168h_3h_station1013_seed2049_endtoend_gru_h8,completed,59.25915145874024,42.35971832275391,1.3872545957565308,5211.0,291.0,4920.0,predictions/beijing_168h_3h_station1013_seed2049_endtoend_gru_h8.npz,both,gru_h8,True,25.31861877441407,74.59699884470663,False
168,3,2049,gru,16,beijing_168h_3h_station1013_seed2049_center_gru_h16,completed,32.53110885620117,18.782005310058597,0.3287338018417358,963,predictions/beijing_168h_3h_station1013_seed2049_center_gru_h16.npz,beijing_168h_3h_station1013_seed2049_endtoend_gru_h16,completed,63.271934509277344,46.91637420654297,1.5611696243286133,5883.0,963.0,4920.0,predictions/beijing_168h_3h_station1013_seed2049_endtoend_gru_h16.npz,both,gru_h16,True,30.740825653076172,94.49670402863094,False
168,3,2049,gru,32,beijing_168h_3h_station1013_seed2049_center_gru_h32,completed,31.867843627929688,17.988075256347656,0.2854582071304321,3459,predictions/beijing_168h_3h_station1013_seed2049_center_gru_h32.npz,beijing_168h_3h_station1013_seed2049_endtoend_gru_h32,completed,51.44282531738281,37.22407531738281,0.9927481412887572,8379.0,3459.0,4920.0,predictions/beijing_168h_3h_station1013_seed2049_endtoend_gru_h32.npz,both,gru_h32,True,19.574981689453125,61.42549812280733,False
168,3,2049,gru,64,beijing_168h_3h_station1013_seed2049_center_gru_h64,completed,31.385133743286133,16.983762741088867,0.2640846371650696,13059,predictions/beijing_168h_3h_station1013_seed2049_center_gru_h64.npz,beijing_168h_3h_station1013_seed2049_endtoend_gru_h64,completed,44.20662689208984,30.526020050048828,0.6366640329360962,17979.0,13059.0,4920.0,predictions/beijing_168h_3h_station1013_seed2049_endtoend_gru_h64.npz,both,gru_h64,True,12.821493148803704,40.85212207052156,False
168,3,2049,lstm,16,beijing_168h_3h_station1013_seed2049_center_lstm_h16,completed,32.483604431152344,18.70836067199707,0.3441240787506103,1267,predictions/beijing_168h_3h_station1013_seed2049_center_lstm_h16.npz,beijing_168h_3h_station1013_seed2049_endtoend_lstm_h16,completed,60.32456207275391,43.80304336547852,1.45735502243042,6187.0,1267.0,4920.0,predictions/beijing_168h_3h_station1013_seed2049_endtoend_lstm_h16.npz,both,lstm_h16,True,27.84095764160157,85.70772280092662,False
168,3,2049,lstm,32,beijing_168h_3h_station1013_seed2049_center_lstm_h32,completed,32.07567596435547,17.988706588745117,0.2913366258144378,4579,predictions/beijing_168h_3h_station1013_seed2049_center_lstm_h32.npz,beijing_168h_3h_station1013_seed2049_endtoend_lstm_h32,completed,53.21131896972656,38.21722412109375,1.055843949317932,9499.0,4579.0,4920.0,predictions/beijing_168h_3h_station1013_seed2049_endtoend_lstm_h32.npz,both,lstm_h32,True,21.135643005371094,65.8930556252606,False
168,6,2047,gru,8,beijing_168h_6h_station1013_seed2047_center_gru_h8,completed,42.37765884399414,26.669097900390625,0.627875804901123,318,predictions/beijing_168h_6h_station1013_seed2047_center_gru_h8.npz,beijing_168h_6h_station1013_seed2047_endtoend_gru_h8,completed,71.63633728027344,53.43701553344727,1.9528608322143557,5736.0,318.0,5418.0,predictions/beijing_168h_6h_station1013_seed2047_endtoend_gru_h8.npz,both,gru_h8,True,29.258678436279297,69.04269663406832,False
168,6,2047,gru,16,beijing_168h_6h_station1013_seed2047_center_gru_h16,completed,40.97284698486328,25.09368324279785,0.5400869846343994,1014,predictions/beijing_168h_6h_station1013_seed2047_center_gru_h16.npz,beijing_168h_6h_station1013_seed2047_endtoend_gru_h16,completed,64.61018371582031,48.63082504272461,1.6078420877456665,6432.0,1014.0,5418.0,predictions/beijing_168h_6h_station1013_seed2047_endtoend_gru_h16.npz,both,gru_h16,True,23.63733673095703,57.690247250061574,False
168,6,2047,gru,32,beijing_168h_6h_station1013_seed2047_center_gru_h32,completed,40.27268600463867,24.153282165527344,0.4936157763004303,3558,predictions/beijing_168h_6h_station1013_seed2047_center_gru_h32.npz,beijing_168h_6h_station1013_seed2047_endtoend_gru_h32,completed,53.96753692626953,39.00836563110352,1.0670373439788818,8976.0,3558.0,5418.0,predictions/beijing_168h_6h_station1013_seed2047_endtoend_gru_h32.npz,both,gru_h32,True,13.69485092163086,34.00530801460191,False
168,6,2047,gru,64,beijing_168h_6h_station1013_seed2047_center_gru_h64,completed,40.1992301940918,23.492605209350582,0.4776433706283569,13254,predictions/beijing_168h_6h_station1013_seed2047_center_gru_h64.npz,beijing_168h_6h_station1013_seed2047_endtoend_gru_h64,completed,48.92868423461914,34.02393341064453,0.7943876385688782,18672.0,13254.0,5418.0,predictions/beijing_168h_6h_station1013_seed2047_endtoend_gru_h64.npz,both,gru_h64,True,8.729454040527344,21.715475640651285,False
168,6,2047,lstm,16,beijing_168h_6h_station1013_seed2047_center_lstm_h16,completed,41.12904357910156,25.35634422302246,0.547497034072876,1318,predictions/beijing_168h_6h_station1013_seed2047_center_lstm_h16.npz,beijing_168h_6h_station1013_seed2047_endtoend_lstm_h16,completed,61.91020584106445,45.90495300292969,1.5034209489822388,6736.0,1318.0,5418.0,predictions/beijing_168h_6h_station1013_seed2047_endtoend_lstm_h16.npz,both,lstm_h16,True,20.78116226196289,50.52673355264257,False
168,6,2047,lstm,32,beijing_168h_6h_station1013_seed2047_center_lstm_h32,completed,40.88068771362305,24.381162643432617,0.5015602111816406,4678,predictions/beijing_168h_6h_station1013_seed2047_center_lstm_h32.npz,beijing_168h_6h_station1013_seed2047_endtoend_lstm_h32,completed,57.03065872192383,40.96407699584961,1.2382858991622925,10096.0,4678.0,5418.0,predictions/beijing_168h_6h_station1013_seed2047_endtoend_lstm_h32.npz,both,lstm_h32,True,16.14997100830078,39.50513533782598,False
168,6,2048,gru,8,beijing_168h_6h_station1013_seed2048_center_gru_h8,completed,41.92708587646485,26.268205642700195,0.6145776510238647,318,predictions/beijing_168h_6h_station1013_seed2048_center_gru_h8.npz,beijing_168h_6h_station1013_seed2048_endtoend_gru_h8,completed,66.99398040771484,49.71735763549805,1.7395063638687134,5736.0,318.0,5418.0,predictions/beijing_168h_6h_station1013_seed2048_endtoend_gru_h8.npz,both,gru_h8,True,25.066894531249993,59.78687525555151,False
168,6,2048,gru,16,beijing_168h_6h_station1013_seed2048_center_gru_h16,completed,41.09566116333008,25.30191421508789,0.5469933748245239,1014,predictions/beijing_168h_6h_station1013_seed2048_center_gru_h16.npz,beijing_168h_6h_station1013_seed2048_endtoend_gru_h16,completed,68.40482330322266,51.597599029541016,1.80525004863739,6432.0,1014.0,5418.0,predictions/beijing_168h_6h_station1013_seed2048_endtoend_gru_h16.npz,both,gru_h16,True,27.309162139892578,66.45266523722636,False
168,6,2048,gru,32,beijing_168h_6h_station1013_seed2048_center_gru_h32,completed,40.243648529052734,23.942358016967773,0.48825803399086,3558,predictions/beijing_168h_6h_station1013_seed2048_center_gru_h32.npz,beijing_168h_6h_station1013_seed2048_endtoend_gru_h32,completed,53.38357925415039,38.65061569213867,1.059376835823059,8976.0,3558.0,5418.0,predictions/beijing_168h_6h_station1013_seed2048_endtoend_gru_h32.npz,both,gru_h32,True,13.139930725097656,32.65094295715176,False
168,6,2048,gru,64,beijing_168h_6h_station1013_seed2048_center_gru_h64,completed,40.34267044067383,24.018457412719727,0.4740868806838989,13254,predictions/beijing_168h_6h_station1013_seed2048_center_gru_h64.npz,beijing_168h_6h_station1013_seed2048_endtoend_gru_h64,completed,49.62225341796875,34.73175430297852,0.8218679428100586,18672.0,13254.0,5418.0,predictions/beijing_168h_6h_station1013_seed2048_endtoend_gru_h64.npz,both,gru_h64,True,9.279582977294922,23.001905614902384,False
168,6,2048,lstm,16,beijing_168h_6h_station1013_seed2048_center_lstm_h16,completed,41.22232055664063,25.1102294921875,0.5584653615951538,1318,predictions/beijing_168h_6h_station1013_seed2048_center_lstm_h16.npz,beijing_168h_6h_station1013_seed2048_endtoend_lstm_h16,completed,67.84785461425781,50.59306716918945,1.7988088130950928,6736.0,1318.0,5418.0,predictions/beijing_168h_6h_station1013_seed2048_endtoend_lstm_h16.npz,both,lstm_h16,True,26.62553405761718,64.59009026683238,False
168,6,2048,lstm,32,beijing_168h_6h_station1013_seed2048_center_lstm_h32,completed,40.64490509033203,24.815561294555664,0.4951835870742798,4678,predictions/beijing_168h_6h_station1013_seed2048_center_lstm_h32.npz,beijing_168h_6h_station1013_seed2048_endtoend_lstm_h32,completed,55.90779495239258,40.59511947631836,1.1755149364471436,10096.0,4678.0,5418.0,predictions/beijing_168h_6h_station1013_seed2048_endtoend_lstm_h32.npz,both,lstm_h32,True,15.262889862060547,37.55179112397791,False
168,6,2049,gru,8,beijing_168h_6h_station1013_seed2049_center_gru_h8,completed,43.58000564575195,27.88730239868164,0.6683303713798523,318,predictions/beijing_168h_6h_station1013_seed2049_center_gru_h8.npz,beijing_168h_6h_station1013_seed2049_endtoend_gru_h8,completed,70.83892059326172,53.3006477355957,1.9195497035980225,5736.0,318.0,5418.0,predictions/beijing_168h_6h_station1013_seed2049_endtoend_gru_h8.npz,both,gru_h8,True,27.258914947509766,62.549131289905844,False
168,6,2049,gru,16,beijing_168h_6h_station1013_seed2049_center_gru_h16,completed,40.979618072509766,25.080663681030277,0.5369877219200134,1014,predictions/beijing_168h_6h_station1013_seed2049_center_gru_h16.npz,beijing_168h_6h_station1013_seed2049_endtoend_gru_h16,completed,66.41404724121094,50.670555114746094,1.6835076808929443,6432.0,1014.0,5418.0,predictions/beijing_168h_6h_station1013_seed2049_endtoend_gru_h16.npz,both,gru_h16,True,25.434429168701172,62.066047379205024,False
168,6,2049,gru,32,beijing_168h_6h_station1013_seed2049_center_gru_h32,completed,40.4962043762207,24.267263412475582,0.4948724210262298,3558,predictions/beijing_168h_6h_station1013_seed2049_center_gru_h32.npz,beijing_168h_6h_station1013_seed2049_endtoend_gru_h32,completed,54.01851272583008,38.91596221923828,1.0639175176620483,8976.0,3558.0,5418.0,predictions/beijing_168h_6h_station1013_seed2049_endtoend_gru_h32.npz,both,gru_h32,True,13.522308349609375,33.39154510379163,False
168,6,2049,gru,64,beijing_168h_6h_station1013_seed2049_center_gru_h64,completed,40.06562423706055,23.45869827270508,0.4733196198940277,13254,predictions/beijing_168h_6h_station1013_seed2049_center_gru_h64.npz,beijing_168h_6h_station1013_seed2049_endtoend_gru_h64,completed,49.30290985107422,34.40558624267578,0.8162230253219604,18672.0,13254.0,5418.0,predictions/beijing_168h_6h_station1013_seed2049_endtoend_gru_h64.npz,both,gru_h64,True,9.237285614013672,23.05538922683057,False
168,6,2049,lstm,16,beijing_168h_6h_station1013_seed2049_center_lstm_h16,completed,40.99580001831055,25.25112533569336,0.5375233292579651,1318,predictions/beijing_168h_6h_station1013_seed2049_center_lstm_h16.npz,beijing_168h_6h_station1013_seed2049_endtoend_lstm_h16,completed,61.5517578125,46.23017501831055,1.45524263381958,6736.0,1318.0,5418.0,predictions/beijing_168h_6h_station1013_seed2049_endtoend_lstm_h16.npz,both,lstm_h16,True,20.555957794189453,50.141618860976614,False
168,6,2049,lstm,32,beijing_168h_6h_station1013_seed2049_center_lstm_h32,completed,40.4826545715332,24.719839096069336,0.4942200481891632,4678,predictions/beijing_168h_6h_station1013_seed2049_center_lstm_h32.npz,beijing_168h_6h_station1013_seed2049_endtoend_lstm_h32,completed,55.69397735595703,40.659793853759766,1.126964449882507,10096.0,4678.0,5418.0,predictions/beijing_168h_6h_station1013_seed2049_endtoend_lstm_h32.npz,both,lstm_h32,True,15.211322784423828,37.574914356333245,False
168,6,2050,gru,8,beijing_168h_6h_station1013_seed2050_center_gru_h8,completed,43.03510665893555,27.419565200805664,0.6511473655700684,318,predictions/beijing_168h_6h_station1013_seed2050_center_gru_h8.npz,beijing_168h_6h_station1013_seed2050_endtoend_gru_h8,completed,69.809326171875,52.806884765625,1.8662558794021609,5736.0,318.0,5418.0,predictions/beijing_168h_6h_station1013_seed2050_endtoend_gru_h8.npz,both,gru_h8,True,26.774219512939453,62.21483247417541,False
168,6,2050,gru,16,beijing_168h_6h_station1013_seed2050_center_gru_h16,completed,40.90279006958008,25.09585952758789,0.5370240807533264,1014,predictions/beijing_168h_6h_station1013_seed2050_center_gru_h16.npz,beijing_168h_6h_station1013_seed2050_endtoend_gru_h16,completed,63.84922790527344,47.82080841064453,1.5659862756729126,6432.0,1014.0,5418.0,predictions/beijing_168h_6h_station1013_seed2050_endtoend_gru_h16.npz,both,gru_h16,True,22.94643783569336,56.09993302818459,False
168,6,2050,gru,32,beijing_168h_6h_station1013_seed2050_center_gru_h32,completed,40.70170211791992,24.560791015625,0.5059559345245361,3558,predictions/beijing_168h_6h_station1013_seed2050_center_gru_h32.npz,beijing_168h_6h_station1013_seed2050_endtoend_gru_h32,completed,57.1995964050293,41.95591354370117,1.2365490198135376,8976.0,3558.0,5418.0,predictions/beijing_168h_6h_station1013_seed2050_endtoend_gru_h32.npz,both,gru_h32,True,16.497894287109375,40.53367163690624,False
168,6,2050,gru,64,beijing_168h_6h_station1013_seed2050_center_gru_h64,completed,40.10154724121094,23.49646759033203,0.4764440655708313,13254,predictions/beijing_168h_6h_station1013_seed2050_center_gru_h64.npz,beijing_168h_6h_station1013_seed2050_endtoend_gru_h64,completed,49.217041015625,34.44401931762695,0.8175422549247742,18672.0,13254.0,5418.0,predictions/beijing_168h_6h_station1013_seed2050_endtoend_gru_h64.npz,both,gru_h64,True,9.115493774414062,22.731027607449494,False
168,6,2050,lstm,16,beijing_168h_6h_station1013_seed2050_center_lstm_h16,completed,41.18204116821289,25.26924514770508,0.5652746558189392,1318,predictions/beijing_168h_6h_station1013_seed2050_center_lstm_h16.npz,beijing_168h_6h_station1013_seed2050_endtoend_lstm_h16,completed,67.60989379882812,50.12444686889648,1.796802282333374,6736.0,1318.0,5418.0,predictions/beijing_168h_6h_station1013_seed2050_endtoend_lstm_h16.npz,both,lstm_h16,True,26.427852630615234,64.17324610664042,False
168,6,2050,lstm,32,beijing_168h_6h_station1013_seed2050_center_lstm_h32,completed,40.43050384521485,24.6364860534668,0.495741993188858,4678,predictions/beijing_168h_6h_station1013_seed2050_center_lstm_h32.npz,beijing_168h_6h_station1013_seed2050_endtoend_lstm_h32,completed,54.585147857666016,39.22161102294922,1.1095012426376345,10096.0,4678.0,5418.0,predictions/beijing_168h_6h_station1013_seed2050_endtoend_lstm_h32.npz,both,lstm_h32,True,14.154644012451165,35.009813547318515,False
168,6,2051,gru,8,beijing_168h_6h_station1013_seed2051_center_gru_h8,completed,43.082061767578125,27.568647384643555,0.6602634787559509,318,predictions/beijing_168h_6h_station1013_seed2051_center_gru_h8.npz,beijing_168h_6h_station1013_seed2051_endtoend_gru_h8,completed,72.34193420410156,54.06679153442383,2.020727634429932,5736.0,318.0,5418.0,predictions/beijing_168h_6h_station1013_seed2051_endtoend_gru_h8.npz,both,gru_h8,True,29.259872436523438,67.91660202888264,False
168,6,2051,gru,16,beijing_168h_6h_station1013_seed2051_center_gru_h16,completed,41.379581451416016,25.639148712158203,0.5459712743759155,1014,predictions/beijing_168h_6h_station1013_seed2051_center_gru_h16.npz,beijing_168h_6h_station1013_seed2051_endtoend_gru_h16,completed,65.71231079101562,49.51968002319336,1.6446772813796997,6432.0,1014.0,5418.0,predictions/beijing_168h_6h_station1013_seed2051_endtoend_gru_h16.npz,both,gru_h16,True,24.33272933959961,58.80371063725909,False
168,6,2051,gru,32,beijing_168h_6h_station1013_seed2051_center_gru_h32,completed,40.36481475830078,24.00660514831543,0.4946026504039764,3558,predictions/beijing_168h_6h_station1013_seed2051_center_gru_h32.npz,beijing_168h_6h_station1013_seed2051_endtoend_gru_h32,completed,54.744754791259766,39.87269592285156,1.1000251770019531,8976.0,3558.0,5418.0,predictions/beijing_168h_6h_station1013_seed2051_endtoend_gru_h32.npz,both,gru_h32,True,14.379940032958984,35.62493750823379,False
168,6,2051,gru,64,beijing_168h_6h_station1013_seed2051_center_gru_h64,completed,40.12765121459961,23.486103057861328,0.477328360080719,13254,predictions/beijing_168h_6h_station1013_seed2051_center_gru_h64.npz,beijing_168h_6h_station1013_seed2051_endtoend_gru_h64,completed,48.656856536865234,33.84632110595703,0.7859841585159302,18672.0,13254.0,5418.0,predictions/beijing_168h_6h_station1013_seed2051_endtoend_gru_h64.npz,both,gru_h64,True,8.529205322265625,21.2551820605001,False
168,6,2051,lstm,16,beijing_168h_6h_station1013_seed2051_center_lstm_h16,completed,41.29058837890625,25.444982528686523,0.5625326633453369,1318,predictions/beijing_168h_6h_station1013_seed2051_center_lstm_h16.npz,beijing_168h_6h_station1013_seed2051_endtoend_lstm_h16,completed,64.3903579711914,46.94472122192383,1.6361855268478394,6736.0,1318.0,5418.0,predictions/beijing_168h_6h_station1013_seed2051_endtoend_lstm_h16.npz,both,lstm_h16,True,23.099769592285156,55.94439435037435,False
168,6,2051,lstm,32,beijing_168h_6h_station1013_seed2051_center_lstm_h32,completed,40.58525466918945,24.40464401245117,0.5050126314163208,4678,predictions/beijing_168h_6h_station1013_seed2051_center_lstm_h32.npz,beijing_168h_6h_station1013_seed2051_endtoend_lstm_h32,completed,57.70170593261719,42.00987243652344,1.2709085941314695,10096.0,4678.0,5418.0,predictions/beijing_168h_6h_station1013_seed2051_endtoend_lstm_h32.npz,both,lstm_h32,True,17.116451263427734,42.17406396225422,False
168,12,2047,gru,8,beijing_168h_12h_station1013_seed2047_center_gru_h8,completed,51.647491455078125,34.34638214111328,0.9031765460968018,372,predictions/beijing_168h_12h_station1013_seed2047_center_gru_h8.npz,beijing_168h_12h_station1013_seed2047_endtoend_gru_h8,completed,72.61576843261719,55.408477783203125,2.004392147064209,6786.0,372.0,6414.0,predictions/beijing_168h_12h_station1013_seed2047_endtoend_gru_h8.npz,both,gru_h8,True,20.968276977539062,40.59882946256319,False
168,12,2047,gru,16,beijing_168h_12h_station1013_seed2047_center_gru_h16,completed,50.866641998291016,33.31314468383789,0.8458664417266846,1116,predictions/beijing_168h_12h_station1013_seed2047_center_gru_h16.npz,beijing_168h_12h_station1013_seed2047_endtoend_gru_h16,completed,68.29962158203125,51.1873779296875,1.792764663696289,7530.0,1116.0,6414.0,predictions/beijing_168h_12h_station1013_seed2047_endtoend_gru_h16.npz,both,gru_h16,True,17.432979583740234,34.27192930157634,False
168,12,2047,gru,32,beijing_168h_12h_station1013_seed2047_center_gru_h32,completed,50.605690002441406,32.877037048339844,0.8220405578613281,3756,predictions/beijing_168h_12h_station1013_seed2047_center_gru_h32.npz,beijing_168h_12h_station1013_seed2047_endtoend_gru_h32,completed,59.84282302856445,43.856101989746094,1.3183205127716064,10170.0,3756.0,6414.0,predictions/beijing_168h_12h_station1013_seed2047_endtoend_gru_h32.npz,both,gru_h32,True,9.237133026123047,18.253151030402726,False
168,12,2047,gru,64,beijing_168h_12h_station1013_seed2047_center_gru_h64,completed,55.41041564941406,39.2973518371582,1.0456260442733765,13644,predictions/beijing_168h_12h_station1013_seed2047_center_gru_h64.npz,beijing_168h_12h_station1013_seed2047_endtoend_gru_h64,completed,55.341094970703125,39.14784240722656,1.0397611856460571,20058.0,13644.0,6414.0,predictions/beijing_168h_12h_station1013_seed2047_endtoend_gru_h64.npz,both,gru_h64,True,-0.0693206787109375,-0.12510405832277804,True
168,12,2047,lstm,16,beijing_168h_12h_station1013_seed2047_center_lstm_h16,completed,50.6812858581543,33.30353164672852,0.8546519875526428,1420,predictions/beijing_168h_12h_station1013_seed2047_center_lstm_h16.npz,beijing_168h_12h_station1013_seed2047_endtoend_lstm_h16,completed,66.28575897216797,49.208492279052734,1.7067444324493408,7834.0,1420.0,6414.0,predictions/beijing_168h_12h_station1013_seed2047_endtoend_lstm_h16.npz,both,lstm_h16,True,15.604473114013672,30.789418322351047,False
168,12,2047,lstm,32,beijing_168h_12h_station1013_seed2047_center_lstm_h32,completed,51.43009185791016,33.32703399658203,0.8065929412841797,4876,predictions/beijing_168h_12h_station1013_seed2047_center_lstm_h32.npz,beijing_168h_12h_station1013_seed2047_endtoend_lstm_h32,completed,60.31413269042969,44.45671463012695,1.345242619514465,11290.0,4876.0,6414.0,predictions/beijing_168h_12h_station1013_seed2047_endtoend_lstm_h32.npz,both,lstm_h32,True,8.884040832519524,17.274013153746925,False
168,12,2048,gru,8,beijing_168h_12h_station1013_seed2048_center_gru_h8,completed,52.12110900878906,34.93000793457031,0.9366017580032348,372,predictions/beijing_168h_12h_station1013_seed2048_center_gru_h8.npz,beijing_168h_12h_station1013_seed2048_endtoend_gru_h8,completed,69.91496276855469,52.47715377807617,1.8778815269470213,6786.0,372.0,6414.0,predictions/beijing_168h_12h_station1013_seed2048_endtoend_gru_h8.npz,both,gru_h8,True,17.793853759765625,34.139438124321366,False
168,12,2048,gru,16,beijing_168h_12h_station1013_seed2048_center_gru_h16,completed,50.883907318115234,33.42292785644531,0.8442740440368652,1116,predictions/beijing_168h_12h_station1013_seed2048_center_gru_h16.npz,beijing_168h_12h_station1013_seed2048_endtoend_gru_h16,completed,65.074462890625,48.56774139404297,1.6083699464797974,7530.0,1116.0,6414.0,predictions/beijing_168h_12h_station1013_seed2048_endtoend_gru_h16.npz,both,gru_h16,True,14.190555572509766,27.88810121006131,False
168,12,2048,gru,32,beijing_168h_12h_station1013_seed2048_center_gru_h32,completed,50.47021484375,32.710411071777344,0.8257302641868591,3756,predictions/beijing_168h_12h_station1013_seed2048_center_gru_h32.npz,beijing_168h_12h_station1013_seed2048_endtoend_gru_h32,completed,60.93675231933594,45.00270080566406,1.395430564880371,10170.0,3756.0,6414.0,predictions/beijing_168h_12h_station1013_seed2048_endtoend_gru_h32.npz,both,gru_h32,True,10.466537475585938,20.738048189390778,False
168,12,2048,gru,64,beijing_168h_12h_station1013_seed2048_center_gru_h64,completed,50.40277099609375,32.47438430786133,0.8099468350410461,13644,predictions/beijing_168h_12h_station1013_seed2048_center_gru_h64.npz,beijing_168h_12h_station1013_seed2048_endtoend_gru_h64,completed,56.11874771118164,40.242183685302734,1.079891324043274,20058.0,13644.0,6414.0,predictions/beijing_168h_12h_station1013_seed2048_endtoend_gru_h64.npz,both,gru_h64,True,5.715976715087891,11.3406001339309,False
168,12,2048,lstm,16,beijing_168h_12h_station1013_seed2048_center_lstm_h16,completed,51.15380096435547,33.61648941040039,0.8635314702987671,1420,predictions/beijing_168h_12h_station1013_seed2048_center_lstm_h16.npz,beijing_168h_12h_station1013_seed2048_endtoend_lstm_h16,completed,68.69718933105469,50.18233871459961,1.850329041481018,7834.0,1420.0,6414.0,predictions/beijing_168h_12h_station1013_seed2048_endtoend_lstm_h16.npz,both,lstm_h16,True,17.54338836669922,34.29537597591945,False
168,12,2048,lstm,32,beijing_168h_12h_station1013_seed2048_center_lstm_h32,completed,51.91205596923828,34.2122917175293,0.8213492035865784,4876,predictions/beijing_168h_12h_station1013_seed2048_center_lstm_h32.npz,beijing_168h_12h_station1013_seed2048_endtoend_lstm_h32,completed,61.60581588745117,45.81336212158203,1.4208180904388428,11290.0,4876.0,6414.0,predictions/beijing_168h_12h_station1013_seed2048_endtoend_lstm_h32.npz,both,lstm_h32,True,9.69375991821289,18.67342708205808,False
168,12,2049,gru,8,beijing_168h_12h_station1013_seed2049_center_gru_h8,completed,52.45162582397461,35.05845642089844,0.973430871963501,372,predictions/beijing_168h_12h_station1013_seed2049_center_gru_h8.npz,beijing_168h_12h_station1013_seed2049_endtoend_gru_h8,completed,74.01763916015625,55.343658447265625,2.102529764175415,6786.0,372.0,6414.0,predictions/beijing_168h_12h_station1013_seed2049_endtoend_gru_h8.npz,both,gru_h8,True,21.56601333618164,41.11600545721166,False
168,12,2049,gru,16,beijing_168h_12h_station1013_seed2049_center_gru_h16,completed,50.87888717651367,33.49136734008789,0.84693443775177,1116,predictions/beijing_168h_12h_station1013_seed2049_center_gru_h16.npz,beijing_168h_12h_station1013_seed2049_endtoend_gru_h16,completed,65.7779769897461,48.89644241333008,1.641303300857544,7530.0,1116.0,6414.0,predictions/beijing_168h_12h_station1013_seed2049_endtoend_gru_h16.npz,both,gru_h16,True,14.899089813232422,29.283442779601575,False
168,12,2049,gru,32,beijing_168h_12h_station1013_seed2049_center_gru_h32,completed,50.444435119628906,32.73175811767578,0.8214258551597595,3756,predictions/beijing_168h_12h_station1013_seed2049_center_gru_h32.npz,beijing_168h_12h_station1013_seed2049_endtoend_gru_h32,completed,59.20211410522461,43.20821762084961,1.2699673175811768,10170.0,3756.0,6414.0,predictions/beijing_168h_12h_station1013_seed2049_endtoend_gru_h32.npz,both,gru_h32,True,8.757678985595703,17.361040845886922,False
168,12,2049,gru,64,beijing_168h_12h_station1013_seed2049_center_gru_h64,completed,50.33732223510742,32.24638366699219,0.8096292018890381,13644,predictions/beijing_168h_12h_station1013_seed2049_center_gru_h64.npz,beijing_168h_12h_station1013_seed2049_endtoend_gru_h64,completed,55.70646286010742,39.65056610107422,1.0644384622573853,20058.0,13644.0,6414.0,predictions/beijing_168h_12h_station1013_seed2049_endtoend_gru_h64.npz,both,gru_h64,True,5.369140625,10.666321501812682,False
168,12,2049,lstm,16,beijing_168h_12h_station1013_seed2049_center_lstm_h16,completed,51.09789657592773,33.73772048950195,0.8688191771507263,1420,predictions/beijing_168h_12h_station1013_seed2049_center_lstm_h16.npz,beijing_168h_12h_station1013_seed2049_endtoend_lstm_h16,completed,67.78388214111328,51.38053894042969,1.7676196098327637,7834.0,1420.0,6414.0,predictions/beijing_168h_12h_station1013_seed2049_endtoend_lstm_h16.npz,both,lstm_h16,True,16.685985565185554,32.65493627588252,False
168,12,2049,lstm,32,beijing_168h_12h_station1013_seed2049_center_lstm_h32,completed,51.09608840942383,33.46124649047852,0.8223716616630554,4876,predictions/beijing_168h_12h_station1013_seed2049_center_lstm_h32.npz,beijing_168h_12h_station1013_seed2049_endtoend_lstm_h32,completed,61.53018569946289,44.89579772949219,1.4262897968292236,11290.0,4876.0,6414.0,predictions/beijing_168h_12h_station1013_seed2049_endtoend_lstm_h32.npz,both,lstm_h32,True,10.434097290039062,20.420540230853888,False
168,24,2047,gru,8,beijing_168h_24h_station1013_seed2047_center_gru_h8,completed,60.63669204711914,42.69928359985352,1.287514090538025,480,predictions/beijing_168h_24h_station1013_seed2047_center_gru_h8.npz,beijing_168h_24h_station1013_seed2047_endtoend_gru_h8,completed,76.18601989746094,57.09022521972656,2.179948329925537,8886.0,480.0,8406.0,predictions/beijing_168h_24h_station1013_seed2047_endtoend_gru_h8.npz,both,gru_h8,True,15.549327850341797,25.643430281880875,False
168,24,2047,gru,16,beijing_168h_24h_station1013_seed2047_center_gru_h16,completed,60.297607421875,42.26615905761719,1.2436158657073977,1320,predictions/beijing_168h_24h_station1013_seed2047_center_gru_h16.npz,beijing_168h_24h_station1013_seed2047_endtoend_gru_h16,completed,70.48262023925781,53.01781463623047,1.8767757415771484,9726.0,1320.0,8406.0,predictions/beijing_168h_24h_station1013_seed2047_endtoend_gru_h16.npz,both,gru_h16,True,10.185012817382812,16.891238728798808,False
168,24,2047,gru,32,beijing_168h_24h_station1013_seed2047_center_gru_h32,completed,60.1577377319336,41.94735336303711,1.2274571657180786,4152,predictions/beijing_168h_24h_station1013_seed2047_center_gru_h32.npz,beijing_168h_24h_station1013_seed2047_endtoend_gru_h32,completed,65.55859375,49.07060241699219,1.568848967552185,12558.0,4152.0,8406.0,predictions/beijing_168h_24h_station1013_seed2047_endtoend_gru_h32.npz,both,gru_h32,True,5.400856018066399,8.977824335969764,False
168,24,2047,gru,64,beijing_168h_24h_station1013_seed2047_center_gru_h64,completed,60.03643798828125,42.25517272949219,1.2188094854354858,14424,predictions/beijing_168h_24h_station1013_seed2047_center_gru_h64.npz,beijing_168h_24h_station1013_seed2047_endtoend_gru_h64,completed,63.24644088745117,46.4527702331543,1.393342137336731,22830.0,14424.0,8406.0,predictions/beijing_168h_24h_station1013_seed2047_endtoend_gru_h64.npz,both,gru_h64,True,3.210002899169922,5.346757747014386,False
168,24,2047,lstm,16,beijing_168h_24h_station1013_seed2047_center_lstm_h16,completed,61.46466064453125,43.21446990966797,1.2335212230682373,1624,predictions/beijing_168h_24h_station1013_seed2047_center_lstm_h16.npz,beijing_168h_24h_station1013_seed2047_endtoend_lstm_h16,completed,69.24776458740234,52.464168548583984,1.8207837343215945,10030.0,1624.0,8406.0,predictions/beijing_168h_24h_station1013_seed2047_endtoend_lstm_h16.npz,both,lstm_h16,True,7.783103942871094,12.662729869905466,False
168,24,2047,lstm,32,beijing_168h_24h_station1013_seed2047_center_lstm_h32,completed,62.46705627441406,45.19914245605469,1.1931523084640503,5272,predictions/beijing_168h_24h_station1013_seed2047_center_lstm_h32.npz,beijing_168h_24h_station1013_seed2047_endtoend_lstm_h32,completed,66.8536376953125,50.107364654541016,1.669769048690796,13678.0,5272.0,8406.0,predictions/beijing_168h_24h_station1013_seed2047_endtoend_lstm_h32.npz,both,lstm_h32,True,4.3865814208984375,7.022231689017722,False
168,24,2048,gru,8,beijing_168h_24h_station1013_seed2048_center_gru_h8,completed,60.90959930419922,43.00947570800781,1.3038967847824097,480,predictions/beijing_168h_24h_station1013_seed2048_center_gru_h8.npz,beijing_168h_24h_station1013_seed2048_endtoend_gru_h8,completed,72.59515380859375,54.63287734985352,2.0055596828460693,8886.0,480.0,8406.0,predictions/beijing_168h_24h_station1013_seed2048_endtoend_gru_h8.npz,both,gru_h8,True,11.685554504394531,19.185078604824945,False
168,24,2048,gru,16,beijing_168h_24h_station1013_seed2048_center_gru_h16,completed,60.46803665161133,42.37146759033203,1.2451690435409546,1320,predictions/beijing_168h_24h_station1013_seed2048_center_gru_h16.npz,beijing_168h_24h_station1013_seed2048_endtoend_gru_h16,completed,68.95616149902344,51.64702987670898,1.7969597578048706,9726.0,1320.0,8406.0,predictions/beijing_168h_24h_station1013_seed2048_endtoend_gru_h16.npz,both,gru_h16,True,8.48812484741211,14.03737464855479,False
168,24,2048,gru,32,beijing_168h_24h_station1013_seed2048_center_gru_h32,completed,60.05479049682617,41.87669372558594,1.2293692827224731,4152,predictions/beijing_168h_24h_station1013_seed2048_center_gru_h32.npz,beijing_168h_24h_station1013_seed2048_endtoend_gru_h32,completed,65.98460388183594,49.27009201049805,1.6000685691833496,12558.0,4152.0,8406.0,predictions/beijing_168h_24h_station1013_seed2048_endtoend_gru_h32.npz,both,gru_h32,True,5.929813385009766,9.874005613795545,False
168,24,2048,gru,64,beijing_168h_24h_station1013_seed2048_center_gru_h64,completed,60.06599044799805,41.84186172485352,1.2269201278686523,14424,predictions/beijing_168h_24h_station1013_seed2048_center_gru_h64.npz,beijing_168h_24h_station1013_seed2048_endtoend_gru_h64,completed,63.33200454711914,46.587890625,1.4161975383758545,22830.0,14424.0,8406.0,predictions/beijing_168h_24h_station1013_seed2048_endtoend_gru_h64.npz,both,gru_h64,True,3.2660140991210938,5.437376583257425,False
168,24,2048,lstm,16,beijing_168h_24h_station1013_seed2048_center_lstm_h16,completed,60.49018859863281,42.36256408691406,1.2459346055984497,1624,predictions/beijing_168h_24h_station1013_seed2048_center_lstm_h16.npz,beijing_168h_24h_station1013_seed2048_endtoend_lstm_h16,completed,68.63162231445312,51.98860549926758,1.778288960456848,10030.0,1624.0,8406.0,predictions/beijing_168h_24h_station1013_seed2048_endtoend_lstm_h16.npz,both,lstm_h16,True,8.141433715820312,13.459097920558193,False
168,24,2048,lstm,32,beijing_168h_24h_station1013_seed2048_center_lstm_h32,completed,60.32184600830078,42.36463165283203,1.229628562927246,5272,predictions/beijing_168h_24h_station1013_seed2048_center_lstm_h32.npz,beijing_168h_24h_station1013_seed2048_endtoend_lstm_h32,completed,66.20258331298828,49.39371109008789,1.6193336248397827,13678.0,5272.0,8406.0,predictions/beijing_168h_24h_station1013_seed2048_endtoend_lstm_h32.npz,both,lstm_h32,True,5.8807373046875,9.748934579817515,False
168,24,2049,gru,8,beijing_168h_24h_station1013_seed2049_center_gru_h8,completed,60.784427642822266,42.87720489501953,1.2928314208984375,480,predictions/beijing_168h_24h_station1013_seed2049_center_gru_h8.npz,beijing_168h_24h_station1013_seed2049_endtoend_gru_h8,completed,73.36577606201172,55.50140380859375,2.0464837551116943,8886.0,480.0,8406.0,predictions/beijing_168h_24h_station1013_seed2049_endtoend_gru_h8.npz,both,gru_h8,True,12.581348419189453,20.698308608117856,False
168,24,2049,gru,16,beijing_168h_24h_station1013_seed2049_center_gru_h16,completed,60.3512077331543,42.24874877929688,1.241124987602234,1320,predictions/beijing_168h_24h_station1013_seed2049_center_gru_h16.npz,beijing_168h_24h_station1013_seed2049_endtoend_gru_h16,completed,69.66717529296875,52.02569580078125,1.8448691368103027,9726.0,1320.0,8406.0,predictions/beijing_168h_24h_station1013_seed2049_endtoend_gru_h16.npz,both,gru_h16,True,9.315967559814453,15.436257052229085,False
168,24,2049,gru,32,beijing_168h_24h_station1013_seed2049_center_gru_h32,completed,60.07450485229492,41.88669967651367,1.2267743349075315,4152,predictions/beijing_168h_24h_station1013_seed2049_center_gru_h32.npz,beijing_168h_24h_station1013_seed2049_endtoend_gru_h32,completed,65.90392303466797,49.615013122558594,1.5961412191390991,12558.0,4152.0,8406.0,predictions/beijing_168h_24h_station1013_seed2049_endtoend_gru_h32.npz,both,gru_h32,True,5.829418182373047,9.703647490238708,False
168,24,2049,gru,64,beijing_168h_24h_station1013_seed2049_center_gru_h64,completed,59.87744522094727,41.85062789916992,1.218189001083374,14424,predictions/beijing_168h_24h_station1013_seed2049_center_gru_h64.npz,beijing_168h_24h_station1013_seed2049_endtoend_gru_h64,completed,63.20781707763672,46.338600158691406,1.399751901626587,22830.0,14424.0,8406.0,predictions/beijing_168h_24h_station1013_seed2049_endtoend_gru_h64.npz,both,gru_h64,True,3.330371856689446,5.56198054943795,False
168,24,2049,lstm,16,beijing_168h_24h_station1013_seed2049_center_lstm_h16,completed,60.74358367919922,42.71525955200195,1.245936155319214,1624,predictions/beijing_168h_24h_station1013_seed2049_center_lstm_h16.npz,beijing_168h_24h_station1013_seed2049_endtoend_lstm_h16,completed,71.03858184814453,53.70371627807617,1.932105302810669,10030.0,1624.0,8406.0,predictions/beijing_168h_24h_station1013_seed2049_endtoend_lstm_h16.npz,both,lstm_h16,True,10.294998168945312,16.948289095545555,False
168,24,2049,lstm,32,beijing_168h_24h_station1013_seed2049_center_lstm_h32,completed,61.44023895263672,42.65665817260742,1.207908034324646,5272,predictions/beijing_168h_24h_station1013_seed2049_center_lstm_h32.npz,beijing_168h_24h_station1013_seed2049_endtoend_lstm_h32,completed,67.03323364257812,50.30953979492188,1.6955609321594238,13678.0,5272.0,8406.0,predictions/beijing_168h_24h_station1013_seed2049_endtoend_lstm_h32.npz,both,lstm_h32,True,5.592994689941406,9.10314605750957,False
