variant,arm,seed,status,best_epoch,best_valid_loss,training_seconds,test_inference_seconds,evaluation_split,parameter_count,trainable_parameter_count,layer,requested_capacity,capacity_status,input_channels,selected_alpha,prediction_file,mse_scaled,rmse_scaled,mae_scaled,rmse_ugm3,mae_ugm3,smape_percent,selected_channel_indices,hyperparameters,learning_rate_retry,note,infeasible_reason,device_name,batch_size,history,horizon,city,station_id,capacity_tier,provenance,source_raw_metrics,source_prediction_file,result_dir,independent_recomputed
trad_ar,trad_ar,deterministic,completed,0,,0.0178453749999789,0.00362566900003,test,0,0,A,not_applicable,not_applicable,1,,/home/hansel/Documents/ITProject/Python/PatchTST/experiments/results/baselines/beijing/168h_12h/predictions/trad_ar.npz,0.47773006558418274,0.6911801976215629,0.4401960074901581,51.382144927978516,32.72405242919922,45.50196075439453,,,,,,,,168,12,beijing,,not_applicable,"ingested from experiment/baseline-comparison-ablation (same arm definition, same config/seed/data)",/home/hansel/Documents/ITProject/Python/PatchTST/experiments/results/baselines/beijing/168h_12h/raw_metrics.csv,/home/hansel/Documents/ITProject/Python/PatchTST/experiments/results/baselines/beijing/168h_12h/predictions/trad_ar.npz,experiments/results/single_station_baselines/beijing/168h_12h,True
trad_climatology,trad_climatology,deterministic,completed,0,,0.0144775359999584,0.0030952710001201,test,0,0,A,not_applicable,not_applicable,1,,/home/hansel/Documents/ITProject/Python/PatchTST/experiments/results/baselines/beijing/168h_12h/predictions/trad_climatology.npz,0.9954032897949219,0.9976989975914188,0.7571893334388733,74.16867065429688,56.289241790771484,71.58169555664062,,,,,,,,168,12,beijing,,not_applicable,"ingested from experiment/baseline-comparison-ablation (same arm definition, same config/seed/data)",/home/hansel/Documents/ITProject/Python/PatchTST/experiments/results/baselines/beijing/168h_12h/raw_metrics.csv,/home/hansel/Documents/ITProject/Python/PatchTST/experiments/results/baselines/beijing/168h_12h/predictions/trad_climatology.npz,experiments/results/single_station_baselines/beijing/168h_12h,True
trad_daily_naive,trad_daily_naive,deterministic,completed,0,,5.730000111725531e-06,0.0039810809998925,test,0,0,A,not_applicable,not_applicable,1,,/home/hansel/Documents/ITProject/Python/PatchTST/experiments/results/baselines/beijing/168h_12h/predictions/trad_daily_naive.npz,1.49966299533844,1.224607282086155,0.8780661225318909,91.0369644165039,65.27519226074219,77.2840347290039,,,,,,,,168,12,beijing,,not_applicable,"ingested from experiment/baseline-comparison-ablation (same arm definition, same config/seed/data)",/home/hansel/Documents/ITProject/Python/PatchTST/experiments/results/baselines/beijing/168h_12h/raw_metrics.csv,/home/hansel/Documents/ITProject/Python/PatchTST/experiments/results/baselines/beijing/168h_12h/predictions/trad_daily_naive.npz,experiments/results/single_station_baselines/beijing/168h_12h,True
trad_persistence,trad_persistence,deterministic,completed,0,,4.830000079891761e-06,0.0039849709999089,test,0,0,A,not_applicable,not_applicable,1,,/home/hansel/Documents/ITProject/Python/PatchTST/experiments/results/baselines/beijing/168h_12h/predictions/trad_persistence.npz,0.5611557960510254,0.7491033280202575,0.44452306628227234,55.688133239746094,33.045719146728516,43.1839599609375,,,,,,,,168,12,beijing,,not_applicable,"ingested from experiment/baseline-comparison-ablation (same arm definition, same config/seed/data)",/home/hansel/Documents/ITProject/Python/PatchTST/experiments/results/baselines/beijing/168h_12h/raw_metrics.csv,/home/hansel/Documents/ITProject/Python/PatchTST/experiments/results/baselines/beijing/168h_12h/predictions/trad_persistence.npz,experiments/results/single_station_baselines/beijing/168h_12h,True
trad_ridge,trad_ridge,deterministic,completed,0,,0.0671952049999617,0.004693743999951,test,0,0,A,not_applicable,not_applicable,1,10.0,/home/hansel/Documents/ITProject/Python/PatchTST/experiments/results/baselines/beijing/168h_12h/predictions/trad_ridge.npz,0.47658705711364746,0.690352849717916,0.43908175826072693,51.320640563964844,32.64121627807617,46.83012390136719,,,,,,,,168,12,beijing,,not_applicable,"ingested from experiment/baseline-comparison-ablation (same arm definition, same config/seed/data)",/home/hansel/Documents/ITProject/Python/PatchTST/experiments/results/baselines/beijing/168h_12h/raw_metrics.csv,/home/hansel/Documents/ITProject/Python/PatchTST/experiments/results/baselines/beijing/168h_12h/predictions/trad_ridge.npz,experiments/results/single_station_baselines/beijing/168h_12h,True
trad_ar,trad_ar,deterministic,completed,0,,0.0515719410032033,0.0031814099929761,test,0,0,A,not_applicable,not_applicable,1,,/home/hansel/Documents/ITProject/Python/PatchTST/experiments/results/baselines/beijing/168h_1h/predictions/trad_ar.npz,0.08942930400371552,0.2990473273642744,0.13713957369327545,22.22870445251465,10.193821907043457,16.8566837310791,,,,,,,,168,1,beijing,,not_applicable,"ingested from experiment/baseline-comparison-ablation (same arm definition, same config/seed/data)",/home/hansel/Documents/ITProject/Python/PatchTST/experiments/results/baselines/beijing/168h_1h/raw_metrics.csv,/home/hansel/Documents/ITProject/Python/PatchTST/experiments/results/baselines/beijing/168h_1h/predictions/trad_ar.npz,experiments/results/single_station_baselines/beijing/168h_1h,True
trad_climatology,trad_climatology,deterministic,completed,0,,0.044308534997981,0.0031115589954424,test,0,0,A,not_applicable,not_applicable,1,,/home/hansel/Documents/ITProject/Python/PatchTST/experiments/results/baselines/beijing/168h_1h/predictions/trad_climatology.npz,0.9941700100898743,0.9970807440171906,0.7563108801841736,74.11473083496094,56.217891693115234,71.428955078125,,,,,,,,168,1,beijing,,not_applicable,"ingested from experiment/baseline-comparison-ablation (same arm definition, same config/seed/data)",/home/hansel/Documents/ITProject/Python/PatchTST/experiments/results/baselines/beijing/168h_1h/raw_metrics.csv,/home/hansel/Documents/ITProject/Python/PatchTST/experiments/results/baselines/beijing/168h_1h/predictions/trad_climatology.npz,experiments/results/single_station_baselines/beijing/168h_1h,True
trad_daily_naive,trad_daily_naive,deterministic,completed,0,,2.820001100189984e-06,0.0022361729934345,test,0,0,A,not_applicable,not_applicable,1,,/home/hansel/Documents/ITProject/Python/PatchTST/experiments/results/baselines/beijing/168h_1h/predictions/trad_daily_naive.npz,1.4992564916610718,1.224441297760359,0.8785592913627625,91.01483154296875,65.30482482910156,77.23098754882812,,,,,,,,168,1,beijing,,not_applicable,"ingested from experiment/baseline-comparison-ablation (same arm definition, same config/seed/data)",/home/hansel/Documents/ITProject/Python/PatchTST/experiments/results/baselines/beijing/168h_1h/raw_metrics.csv,/home/hansel/Documents/ITProject/Python/PatchTST/experiments/results/baselines/beijing/168h_1h/predictions/trad_daily_naive.npz,experiments/results/single_station_baselines/beijing/168h_1h,True
trad_persistence,trad_persistence,deterministic,completed,0,,3.709996235556901e-06,0.0032154389919014,test,0,0,A,not_applicable,not_applicable,1,,/home/hansel/Documents/ITProject/Python/PatchTST/experiments/results/baselines/beijing/168h_1h/predictions/trad_persistence.npz,0.0889563336968422,0.2982554839342308,0.13821035623550415,22.169845581054688,10.273414611816406,15.37182331085205,,,,,,,,168,1,beijing,,not_applicable,"ingested from experiment/baseline-comparison-ablation (same arm definition, same config/seed/data)",/home/hansel/Documents/ITProject/Python/PatchTST/experiments/results/baselines/beijing/168h_1h/raw_metrics.csv,/home/hansel/Documents/ITProject/Python/PatchTST/experiments/results/baselines/beijing/168h_1h/predictions/trad_persistence.npz,experiments/results/single_station_baselines/beijing/168h_1h,True
trad_ridge,trad_ridge,deterministic,completed,0,,0.0906323429953772,0.003401019013836,test,0,0,A,not_applicable,not_applicable,1,10.0,/home/hansel/Documents/ITProject/Python/PatchTST/experiments/results/baselines/beijing/168h_1h/predictions/trad_ridge.npz,0.08980908989906311,0.29968164758467125,0.14349529147148132,22.27585220336914,10.666253089904785,18.945547103881836,,,,,,,,168,1,beijing,,not_applicable,"ingested from experiment/baseline-comparison-ablation (same arm definition, same config/seed/data)",/home/hansel/Documents/ITProject/Python/PatchTST/experiments/results/baselines/beijing/168h_1h/raw_metrics.csv,/home/hansel/Documents/ITProject/Python/PatchTST/experiments/results/baselines/beijing/168h_1h/predictions/trad_ridge.npz,experiments/results/single_station_baselines/beijing/168h_1h,True
trad_ar,trad_ar,deterministic,completed,0,,0.0162497189999157,0.0036105310000493,test,0,0,A,not_applicable,not_applicable,1,,/home/hansel/Documents/ITProject/Python/PatchTST/experiments/results/baselines/beijing/168h_24h/predictions/trad_ar.npz,0.6691154837608337,0.8179947944582738,0.5625580549240112,60.84346008300781,41.84376907348633,55.2396125793457,,,,,,,,168,24,beijing,,not_applicable,"ingested from experiment/baseline-comparison-ablation (same arm definition, same config/seed/data)",/home/hansel/Documents/ITProject/Python/PatchTST/experiments/results/baselines/beijing/168h_24h/raw_metrics.csv,/home/hansel/Documents/ITProject/Python/PatchTST/experiments/results/baselines/beijing/168h_24h/predictions/trad_ar.npz,experiments/results/single_station_baselines/beijing/168h_24h,True
trad_climatology,trad_climatology,deterministic,completed,0,,0.0151590430000396,0.0032195920002777,test,0,0,A,not_applicable,not_applicable,1,,/home/hansel/Documents/ITProject/Python/PatchTST/experiments/results/baselines/beijing/168h_24h/predictions/trad_climatology.npz,0.9951907992362976,0.997592501593861,0.7572650909423828,74.20216369628906,56.32632064819336,71.70423126220703,,,,,,,,168,24,beijing,,not_applicable,"ingested from experiment/baseline-comparison-ablation (same arm definition, same config/seed/data)",/home/hansel/Documents/ITProject/Python/PatchTST/experiments/results/baselines/beijing/168h_24h/raw_metrics.csv,/home/hansel/Documents/ITProject/Python/PatchTST/experiments/results/baselines/beijing/168h_24h/predictions/trad_climatology.npz,experiments/results/single_station_baselines/beijing/168h_24h,True
trad_daily_naive,trad_daily_naive,deterministic,completed,0,,4.030000127386302e-06,0.0032055440001386,test,0,0,A,not_applicable,not_applicable,1,,/home/hansel/Documents/ITProject/Python/PatchTST/experiments/results/baselines/beijing/168h_24h/predictions/trad_daily_naive.npz,1.50020432472229,1.224828283769725,0.8784198760986328,91.10424041748047,65.33795166015625,77.43546295166016,,,,,,,,168,24,beijing,,not_applicable,"ingested from experiment/baseline-comparison-ablation (same arm definition, same config/seed/data)",/home/hansel/Documents/ITProject/Python/PatchTST/experiments/results/baselines/beijing/168h_24h/raw_metrics.csv,/home/hansel/Documents/ITProject/Python/PatchTST/experiments/results/baselines/beijing/168h_24h/predictions/trad_daily_naive.npz,experiments/results/single_station_baselines/beijing/168h_24h,True
trad_persistence,trad_persistence,deterministic,completed,0,,4.370000169728883e-06,0.0054555460001211,test,0,0,A,not_applicable,not_applicable,1,,/home/hansel/Documents/ITProject/Python/PatchTST/experiments/results/baselines/beijing/168h_24h/predictions/trad_persistence.npz,0.9087557792663574,0.9532868294833184,0.6134812235832214,70.90665435791016,45.63148880004883,56.80586242675781,,,,,,,,168,24,beijing,,not_applicable,"ingested from experiment/baseline-comparison-ablation (same arm definition, same config/seed/data)",/home/hansel/Documents/ITProject/Python/PatchTST/experiments/results/baselines/beijing/168h_24h/raw_metrics.csv,/home/hansel/Documents/ITProject/Python/PatchTST/experiments/results/baselines/beijing/168h_24h/predictions/trad_persistence.npz,experiments/results/single_station_baselines/beijing/168h_24h,True
trad_ridge,trad_ridge,deterministic,completed,0,,0.0663388889997804,0.0038004560001354,test,0,0,A,not_applicable,not_applicable,1,10.0,/home/hansel/Documents/ITProject/Python/PatchTST/experiments/results/baselines/beijing/168h_24h/predictions/trad_ridge.npz,0.6640041470527649,0.8148644961297338,0.5563021302223206,60.61063003540039,41.378440856933594,56.118160247802734,,,,,,,,168,24,beijing,,not_applicable,"ingested from experiment/baseline-comparison-ablation (same arm definition, same config/seed/data)",/home/hansel/Documents/ITProject/Python/PatchTST/experiments/results/baselines/beijing/168h_24h/raw_metrics.csv,/home/hansel/Documents/ITProject/Python/PatchTST/experiments/results/baselines/beijing/168h_24h/predictions/trad_ridge.npz,experiments/results/single_station_baselines/beijing/168h_24h,True
trad_ar,trad_ar,deterministic,completed,0,,0.0966620490071363,0.0034243379923282,test,0,0,A,not_applicable,not_applicable,1,,/home/hansel/Documents/ITProject/Python/PatchTST/experiments/results/baselines/beijing/168h_3h/predictions/trad_ar.npz,0.18963994085788727,0.4354766823354464,0.2252916693687439,32.369258880615234,16.746070861816406,25.822227478027344,,,,,,,,168,3,beijing,,not_applicable,"ingested from experiment/baseline-comparison-ablation (same arm definition, same config/seed/data)",/home/hansel/Documents/ITProject/Python/PatchTST/experiments/results/baselines/beijing/168h_3h/raw_metrics.csv,/home/hansel/Documents/ITProject/Python/PatchTST/experiments/results/baselines/beijing/168h_3h/predictions/trad_ar.npz,experiments/results/single_station_baselines/beijing/168h_3h,True
trad_climatology,trad_climatology,deterministic,completed,0,,0.0710669830004917,0.0028222170076332,test,0,0,A,not_applicable,not_applicable,1,,/home/hansel/Documents/ITProject/Python/PatchTST/experiments/results/baselines/beijing/168h_3h/predictions/trad_climatology.npz,0.99405837059021,0.9970247592663936,0.7562122344970703,74.10948181152344,56.20973205566406,71.44148254394531,,,,,,,,168,3,beijing,,not_applicable,"ingested from experiment/baseline-comparison-ablation (same arm definition, same config/seed/data)",/home/hansel/Documents/ITProject/Python/PatchTST/experiments/results/baselines/beijing/168h_3h/raw_metrics.csv,/home/hansel/Documents/ITProject/Python/PatchTST/experiments/results/baselines/beijing/168h_3h/predictions/trad_climatology.npz,experiments/results/single_station_baselines/beijing/168h_3h,True
trad_daily_naive,trad_daily_naive,deterministic,completed,0,,4.089000867679715e-06,0.0025213320041075,test,0,0,A,not_applicable,not_applicable,1,,/home/hansel/Documents/ITProject/Python/PatchTST/experiments/results/baselines/beijing/168h_3h/predictions/trad_daily_naive.npz,1.4991904497146606,1.224414329267124,0.8783373832702637,91.01148986816406,65.2873764038086,77.22041320800781,,,,,,,,168,3,beijing,,not_applicable,"ingested from experiment/baseline-comparison-ablation (same arm definition, same config/seed/data)",/home/hansel/Documents/ITProject/Python/PatchTST/experiments/results/baselines/beijing/168h_3h/raw_metrics.csv,/home/hansel/Documents/ITProject/Python/PatchTST/experiments/results/baselines/beijing/168h_3h/predictions/trad_daily_naive.npz,experiments/results/single_station_baselines/beijing/168h_3h,True
trad_persistence,trad_persistence,deterministic,completed,0,,6.760004907846451e-06,0.0363755889993626,test,0,0,A,not_applicable,not_applicable,1,,/home/hansel/Documents/ITProject/Python/PatchTST/experiments/results/baselines/beijing/168h_3h/predictions/trad_persistence.npz,0.19312286376953125,0.4394574652563445,0.22297640144824982,32.66515350341797,16.573976516723633,23.28849220275879,,,,,,,,168,3,beijing,,not_applicable,"ingested from experiment/baseline-comparison-ablation (same arm definition, same config/seed/data)",/home/hansel/Documents/ITProject/Python/PatchTST/experiments/results/baselines/beijing/168h_3h/raw_metrics.csv,/home/hansel/Documents/ITProject/Python/PatchTST/experiments/results/baselines/beijing/168h_3h/predictions/trad_persistence.npz,experiments/results/single_station_baselines/beijing/168h_3h,True
trad_ridge,trad_ridge,deterministic,completed,0,,0.0870521370088681,0.004198955008178,test,0,0,A,not_applicable,not_applicable,1,10.0,/home/hansel/Documents/ITProject/Python/PatchTST/experiments/results/baselines/beijing/168h_3h/predictions/trad_ridge.npz,0.18941737711429596,0.43522106694678275,0.23158343136310577,32.350257873535156,17.213741302490234,28.125099182128906,,,,,,,,168,3,beijing,,not_applicable,"ingested from experiment/baseline-comparison-ablation (same arm definition, same config/seed/data)",/home/hansel/Documents/ITProject/Python/PatchTST/experiments/results/baselines/beijing/168h_3h/raw_metrics.csv,/home/hansel/Documents/ITProject/Python/PatchTST/experiments/results/baselines/beijing/168h_3h/predictions/trad_ridge.npz,experiments/results/single_station_baselines/beijing/168h_3h,True
trad_ar,trad_ar,deterministic,completed,0,,0.0230241650024254,0.0038366420012607,test,0,0,A,not_applicable,not_applicable,1,,/home/hansel/Documents/ITProject/Python/PatchTST/experiments/results/baselines/beijing/168h_6h/predictions/trad_ar.npz,0.3071689307689667,0.5542282298556857,0.31937339901924133,41.196136474609375,23.739229202270508,35.08377456665039,,,,,,,,168,6,beijing,,not_applicable,"ingested from experiment/baseline-comparison-ablation (same arm definition, same config/seed/data)",/home/hansel/Documents/ITProject/Python/PatchTST/experiments/results/baselines/beijing/168h_6h/raw_metrics.csv,/home/hansel/Documents/ITProject/Python/PatchTST/experiments/results/baselines/beijing/168h_6h/predictions/trad_ar.npz,experiments/results/single_station_baselines/beijing/168h_6h,True
trad_climatology,trad_climatology,deterministic,completed,0,,0.0117511550015478,0.0030193349994078,test,0,0,A,not_applicable,not_applicable,1,,/home/hansel/Documents/ITProject/Python/PatchTST/experiments/results/baselines/beijing/168h_6h/predictions/trad_climatology.npz,0.9946455955505371,0.9973192044428589,0.7564966678619385,74.13136291503906,56.23088073730469,71.48198699951172,,,,,,,,168,6,beijing,,not_applicable,"ingested from experiment/baseline-comparison-ablation (same arm definition, same config/seed/data)",/home/hansel/Documents/ITProject/Python/PatchTST/experiments/results/baselines/beijing/168h_6h/raw_metrics.csv,/home/hansel/Documents/ITProject/Python/PatchTST/experiments/results/baselines/beijing/168h_6h/predictions/trad_climatology.npz,experiments/results/single_station_baselines/beijing/168h_6h,True
trad_daily_naive,trad_daily_naive,deterministic,completed,0,,3.5489974834490567e-06,0.0020903170006931,test,0,0,A,not_applicable,not_applicable,1,,/home/hansel/Documents/ITProject/Python/PatchTST/experiments/results/baselines/beijing/168h_6h/predictions/trad_daily_naive.npz,1.4997470378875732,1.2246415956873151,0.8784062266349792,91.02838897705078,65.29248809814453,77.24920654296875,,,,,,,,168,6,beijing,,not_applicable,"ingested from experiment/baseline-comparison-ablation (same arm definition, same config/seed/data)",/home/hansel/Documents/ITProject/Python/PatchTST/experiments/results/baselines/beijing/168h_6h/raw_metrics.csv,/home/hansel/Documents/ITProject/Python/PatchTST/experiments/results/baselines/beijing/168h_6h/predictions/trad_daily_naive.npz,experiments/results/single_station_baselines/beijing/168h_6h,True
trad_persistence,trad_persistence,deterministic,completed,0,,5.878999218111858e-06,0.003951901999244,test,0,0,A,not_applicable,not_applicable,1,,/home/hansel/Documents/ITProject/Python/PatchTST/experiments/results/baselines/beijing/168h_6h/predictions/trad_persistence.npz,0.3288435935974121,0.5734488587462809,0.3138252794742584,42.62481689453125,23.326833724975586,31.796127319335938,,,,,,,,168,6,beijing,,not_applicable,"ingested from experiment/baseline-comparison-ablation (same arm definition, same config/seed/data)",/home/hansel/Documents/ITProject/Python/PatchTST/experiments/results/baselines/beijing/168h_6h/raw_metrics.csv,/home/hansel/Documents/ITProject/Python/PatchTST/experiments/results/baselines/beijing/168h_6h/predictions/trad_persistence.npz,experiments/results/single_station_baselines/beijing/168h_6h,True
trad_ridge,trad_ridge,deterministic,completed,0,,0.0608365049993153,0.004112481001357,test,0,0,A,not_applicable,not_applicable,1,10.0,/home/hansel/Documents/ITProject/Python/PatchTST/experiments/results/baselines/beijing/168h_6h/predictions/trad_ridge.npz,0.30610814690589905,0.5532704102931034,0.3225967586040497,41.12493896484375,23.978822708129883,36.89314270019531,,,,,,,,168,6,beijing,,not_applicable,"ingested from experiment/baseline-comparison-ablation (same arm definition, same config/seed/data)",/home/hansel/Documents/ITProject/Python/PatchTST/experiments/results/baselines/beijing/168h_6h/raw_metrics.csv,/home/hansel/Documents/ITProject/Python/PatchTST/experiments/results/baselines/beijing/168h_6h/predictions/trad_ridge.npz,experiments/results/single_station_baselines/beijing/168h_6h,True
trad_ar,trad_ar,deterministic,completed,0,,0.0084098790102871,0.0019116229959763,test,0,0,A,not_applicable,not_applicable,1,,/home/hansel/Documents/ITProject/Python/PatchTST/experiments/results/baselines/beijing/24h_12h/predictions/trad_ar.npz,0.4697190225124359,0.6853605055096449,0.43534085154533386,51.061161041259766,32.43404006958008,45.44076156616211,,,,,,,,24,12,beijing,,not_applicable,"ingested from experiment/baseline-comparison-ablation (same arm definition, same config/seed/data)",/home/hansel/Documents/ITProject/Python/PatchTST/experiments/results/baselines/beijing/24h_12h/raw_metrics.csv,/home/hansel/Documents/ITProject/Python/PatchTST/experiments/results/baselines/beijing/24h_12h/predictions/trad_ar.npz,experiments/results/single_station_baselines/beijing/24h_12h,True
trad_climatology,trad_climatology,deterministic,completed,0,,0.0085114680114202,0.0018690430006245,test,0,0,A,not_applicable,not_applicable,1,,/home/hansel/Documents/ITProject/Python/PatchTST/experiments/results/baselines/beijing/24h_12h/predictions/trad_climatology.npz,0.9838847517967224,0.9919096490087806,0.7514640092849731,73.8998794555664,55.986045837402344,71.68170928955078,,,,,,,,24,12,beijing,,not_applicable,"ingested from experiment/baseline-comparison-ablation (same arm definition, same config/seed/data)",/home/hansel/Documents/ITProject/Python/PatchTST/experiments/results/baselines/beijing/24h_12h/raw_metrics.csv,/home/hansel/Documents/ITProject/Python/PatchTST/experiments/results/baselines/beijing/24h_12h/predictions/trad_climatology.npz,experiments/results/single_station_baselines/beijing/24h_12h,True
trad_daily_naive,trad_daily_naive,deterministic,completed,0,,1.8900027498602867e-06,0.0017739739996613,test,0,0,A,not_applicable,not_applicable,1,,/home/hansel/Documents/ITProject/Python/PatchTST/experiments/results/baselines/beijing/24h_12h/predictions/trad_daily_naive.npz,1.5300291776657104,1.236943482001385,0.8824692964553833,92.15554809570312,65.74627685546875,77.49833679199219,,,,,,,,24,12,beijing,,not_applicable,"ingested from experiment/baseline-comparison-ablation (same arm definition, same config/seed/data)",/home/hansel/Documents/ITProject/Python/PatchTST/experiments/results/baselines/beijing/24h_12h/raw_metrics.csv,/home/hansel/Documents/ITProject/Python/PatchTST/experiments/results/baselines/beijing/24h_12h/predictions/trad_daily_naive.npz,experiments/results/single_station_baselines/beijing/24h_12h,True
trad_persistence,trad_persistence,deterministic,completed,0,,3.850000211969018e-06,0.0021795190114062,test,0,0,A,not_applicable,not_applicable,1,,/home/hansel/Documents/ITProject/Python/PatchTST/experiments/results/baselines/beijing/24h_12h/predictions/trad_persistence.npz,0.5497267842292786,0.7414356237929755,0.43750298023223877,55.23890686035156,32.595123291015625,42.81005859375,,,,,,,,24,12,beijing,,not_applicable,"ingested from experiment/baseline-comparison-ablation (same arm definition, same config/seed/data)",/home/hansel/Documents/ITProject/Python/PatchTST/experiments/results/baselines/beijing/24h_12h/raw_metrics.csv,/home/hansel/Documents/ITProject/Python/PatchTST/experiments/results/baselines/beijing/24h_12h/predictions/trad_persistence.npz,experiments/results/single_station_baselines/beijing/24h_12h,True
trad_ridge,trad_ridge,deterministic,completed,0,,0.0119735369953559,0.001920982991578,test,0,0,A,not_applicable,not_applicable,1,10.0,/home/hansel/Documents/ITProject/Python/PatchTST/experiments/results/baselines/beijing/24h_12h/predictions/trad_ridge.npz,0.4676249921321869,0.6838311137497232,0.43513113260269165,50.94721984863281,32.41841506958008,45.38605499267578,,,,,,,,24,12,beijing,,not_applicable,"ingested from experiment/baseline-comparison-ablation (same arm definition, same config/seed/data)",/home/hansel/Documents/ITProject/Python/PatchTST/experiments/results/baselines/beijing/24h_12h/raw_metrics.csv,/home/hansel/Documents/ITProject/Python/PatchTST/experiments/results/baselines/beijing/24h_12h/predictions/trad_ridge.npz,experiments/results/single_station_baselines/beijing/24h_12h,True
trad_ar,trad_ar,deterministic,completed,0,,0.0073209649999625,0.0017425890109734,test,0,0,A,not_applicable,not_applicable,1,,/home/hansel/Documents/ITProject/Python/PatchTST/experiments/results/baselines/beijing/24h_1h/predictions/trad_ar.npz,0.08758299052715302,0.2959442355024896,0.13489387929439545,22.053680419921875,10.052254676818848,16.66742706298828,,,,,,,,24,1,beijing,,not_applicable,"ingested from experiment/baseline-comparison-ablation (same arm definition, same config/seed/data)",/home/hansel/Documents/ITProject/Python/PatchTST/experiments/results/baselines/beijing/24h_1h/raw_metrics.csv,/home/hansel/Documents/ITProject/Python/PatchTST/experiments/results/baselines/beijing/24h_1h/predictions/trad_ar.npz,experiments/results/single_station_baselines/beijing/24h_1h,True
trad_climatology,trad_climatology,deterministic,completed,0,,0.0061525359924416,0.0016533989983145,test,0,0,A,not_applicable,not_applicable,1,,/home/hansel/Documents/ITProject/Python/PatchTST/experiments/results/baselines/beijing/24h_1h/predictions/trad_climatology.npz,0.9818383455276489,0.990877563338503,0.749829888343811,73.83991241455078,55.877113342285156,71.48023986816406,,,,,,,,24,1,beijing,,not_applicable,"ingested from experiment/baseline-comparison-ablation (same arm definition, same config/seed/data)",/home/hansel/Documents/ITProject/Python/PatchTST/experiments/results/baselines/beijing/24h_1h/raw_metrics.csv,/home/hansel/Documents/ITProject/Python/PatchTST/experiments/results/baselines/beijing/24h_1h/predictions/trad_climatology.npz,experiments/results/single_station_baselines/beijing/24h_1h,True
trad_daily_naive,trad_daily_naive,deterministic,completed,0,,2.6899942895397544e-06,0.001636648987187,test,0,0,A,not_applicable,not_applicable,1,,/home/hansel/Documents/ITProject/Python/PatchTST/experiments/results/baselines/beijing/24h_1h/predictions/trad_daily_naive.npz,1.5131192207336426,1.2300891108914194,0.8775647878646851,91.66588592529297,65.39588165283203,77.234130859375,,,,,,,,24,1,beijing,,not_applicable,"ingested from experiment/baseline-comparison-ablation (same arm definition, same config/seed/data)",/home/hansel/Documents/ITProject/Python/PatchTST/experiments/results/baselines/beijing/24h_1h/raw_metrics.csv,/home/hansel/Documents/ITProject/Python/PatchTST/experiments/results/baselines/beijing/24h_1h/predictions/trad_daily_naive.npz,experiments/results/single_station_baselines/beijing/24h_1h,True
trad_persistence,trad_persistence,deterministic,completed,0,,3.950000973418355e-06,0.0018850689957616,test,0,0,A,not_applicable,not_applicable,1,,/home/hansel/Documents/ITProject/Python/PatchTST/experiments/results/baselines/beijing/24h_1h/predictions/trad_persistence.npz,0.08705999702215195,0.29505931102432936,0.13578179478645325,21.987735748291016,10.118420600891113,15.181366920471191,,,,,,,,24,1,beijing,,not_applicable,"ingested from experiment/baseline-comparison-ablation (same arm definition, same config/seed/data)",/home/hansel/Documents/ITProject/Python/PatchTST/experiments/results/baselines/beijing/24h_1h/raw_metrics.csv,/home/hansel/Documents/ITProject/Python/PatchTST/experiments/results/baselines/beijing/24h_1h/predictions/trad_persistence.npz,experiments/results/single_station_baselines/beijing/24h_1h,True
trad_ridge,trad_ridge,deterministic,completed,0,,0.0110280730004888,0.0018667279946384,test,0,0,A,not_applicable,not_applicable,1,1.0,/home/hansel/Documents/ITProject/Python/PatchTST/experiments/results/baselines/beijing/24h_1h/predictions/trad_ridge.npz,0.08740349858999252,0.29564082700126604,0.13490359485149384,22.031068801879883,10.052977561950684,16.652677536010742,,,,,,,,24,1,beijing,,not_applicable,"ingested from experiment/baseline-comparison-ablation (same arm definition, same config/seed/data)",/home/hansel/Documents/ITProject/Python/PatchTST/experiments/results/baselines/beijing/24h_1h/raw_metrics.csv,/home/hansel/Documents/ITProject/Python/PatchTST/experiments/results/baselines/beijing/24h_1h/predictions/trad_ridge.npz,experiments/results/single_station_baselines/beijing/24h_1h,True
trad_ar,trad_ar,deterministic,completed,0,,0.0085592380055459,0.0019115729955956,test,0,0,A,not_applicable,not_applicable,1,,/home/hansel/Documents/ITProject/Python/PatchTST/experiments/results/baselines/beijing/24h_24h/predictions/trad_ar.npz,0.6616194248199463,0.8133999169043148,0.556810736656189,60.58251953125,41.47159957885742,55.07723617553711,,,,,,,,24,24,beijing,,not_applicable,"ingested from experiment/baseline-comparison-ablation (same arm definition, same config/seed/data)",/home/hansel/Documents/ITProject/Python/PatchTST/experiments/results/baselines/beijing/24h_24h/raw_metrics.csv,/home/hansel/Documents/ITProject/Python/PatchTST/experiments/results/baselines/beijing/24h_24h/predictions/trad_ar.npz,experiments/results/single_station_baselines/beijing/24h_24h,True
trad_climatology,trad_climatology,deterministic,completed,0,,0.0096028130064951,0.0018992130062542,test,0,0,A,not_applicable,not_applicable,1,,/home/hansel/Documents/ITProject/Python/PatchTST/experiments/results/baselines/beijing/24h_24h/predictions/trad_climatology.npz,0.9850364923477173,0.9924900464728688,0.7523180246353149,73.92125701904297,56.03309631347656,71.84814453125,,,,,,,,24,24,beijing,,not_applicable,"ingested from experiment/baseline-comparison-ablation (same arm definition, same config/seed/data)",/home/hansel/Documents/ITProject/Python/PatchTST/experiments/results/baselines/beijing/24h_24h/raw_metrics.csv,/home/hansel/Documents/ITProject/Python/PatchTST/experiments/results/baselines/beijing/24h_24h/predictions/trad_climatology.npz,experiments/results/single_station_baselines/beijing/24h_24h,True
trad_daily_naive,trad_daily_naive,deterministic,completed,0,,1.8199934856966136e-06,0.0017874640034278,test,0,0,A,not_applicable,not_applicable,1,,/home/hansel/Documents/ITProject/Python/PatchTST/experiments/results/baselines/beijing/24h_24h/predictions/trad_daily_naive.npz,1.5623300075531006,1.2499320011717039,0.890012264251709,93.09569549560547,66.28865814208984,77.84979248046875,,,,,,,,24,24,beijing,,not_applicable,"ingested from experiment/baseline-comparison-ablation (same arm definition, same config/seed/data)",/home/hansel/Documents/ITProject/Python/PatchTST/experiments/results/baselines/beijing/24h_24h/raw_metrics.csv,/home/hansel/Documents/ITProject/Python/PatchTST/experiments/results/baselines/beijing/24h_24h/predictions/trad_daily_naive.npz,experiments/results/single_station_baselines/beijing/24h_24h,True
trad_persistence,trad_persistence,deterministic,completed,0,,3.349996404722333e-06,0.0019555619946913,test,0,0,A,not_applicable,not_applicable,1,,/home/hansel/Documents/ITProject/Python/PatchTST/experiments/results/baselines/beijing/24h_24h/predictions/trad_persistence.npz,0.9005950093269348,0.9489968436864976,0.6077926754951477,70.6818618774414,45.26876449584961,56.63493728637695,,,,,,,,24,24,beijing,,not_applicable,"ingested from experiment/baseline-comparison-ablation (same arm definition, same config/seed/data)",/home/hansel/Documents/ITProject/Python/PatchTST/experiments/results/baselines/beijing/24h_24h/raw_metrics.csv,/home/hansel/Documents/ITProject/Python/PatchTST/experiments/results/baselines/beijing/24h_24h/predictions/trad_persistence.npz,experiments/results/single_station_baselines/beijing/24h_24h,True
trad_ridge,trad_ridge,deterministic,completed,0,,0.0123564130044542,0.0019189519953215,test,0,0,A,not_applicable,not_applicable,1,10.0,/home/hansel/Documents/ITProject/Python/PatchTST/experiments/results/baselines/beijing/24h_24h/predictions/trad_ridge.npz,0.66038578748703,0.8126412415617547,0.5567246675491333,60.5260124206543,41.465187072753906,55.05506896972656,,,,,,,,24,24,beijing,,not_applicable,"ingested from experiment/baseline-comparison-ablation (same arm definition, same config/seed/data)",/home/hansel/Documents/ITProject/Python/PatchTST/experiments/results/baselines/beijing/24h_24h/raw_metrics.csv,/home/hansel/Documents/ITProject/Python/PatchTST/experiments/results/baselines/beijing/24h_24h/predictions/trad_ridge.npz,experiments/results/single_station_baselines/beijing/24h_24h,True
trad_ar,trad_ar,deterministic,completed,0,,0.0075463599932845,0.0018391430057818,test,0,0,A,not_applicable,not_applicable,1,,/home/hansel/Documents/ITProject/Python/PatchTST/experiments/results/baselines/beijing/24h_3h/predictions/trad_ar.npz,0.18608056008815765,0.4313705600619468,0.22197730839252472,32.14561080932617,16.541685104370117,25.561904907226562,,,,,,,,24,3,beijing,,not_applicable,"ingested from experiment/baseline-comparison-ablation (same arm definition, same config/seed/data)",/home/hansel/Documents/ITProject/Python/PatchTST/experiments/results/baselines/beijing/24h_3h/raw_metrics.csv,/home/hansel/Documents/ITProject/Python/PatchTST/experiments/results/baselines/beijing/24h_3h/predictions/trad_ar.npz,experiments/results/single_station_baselines/beijing/24h_3h,True
trad_climatology,trad_climatology,deterministic,completed,0,,0.0068035139993298,0.0017400560027454,test,0,0,A,not_applicable,not_applicable,1,,/home/hansel/Documents/ITProject/Python/PatchTST/experiments/results/baselines/beijing/24h_3h/predictions/trad_climatology.npz,0.9820995330810547,0.9910093506526841,0.7498868703842163,73.8497314453125,55.88135528564453,71.4947509765625,,,,,,,,24,3,beijing,,not_applicable,"ingested from experiment/baseline-comparison-ablation (same arm definition, same config/seed/data)",/home/hansel/Documents/ITProject/Python/PatchTST/experiments/results/baselines/beijing/24h_3h/raw_metrics.csv,/home/hansel/Documents/ITProject/Python/PatchTST/experiments/results/baselines/beijing/24h_3h/predictions/trad_climatology.npz,experiments/results/single_station_baselines/beijing/24h_3h,True
trad_daily_naive,trad_daily_naive,deterministic,completed,0,,1.5800032997503877e-06,0.0017106860032072,test,0,0,A,not_applicable,not_applicable,1,,/home/hansel/Documents/ITProject/Python/PatchTST/experiments/results/baselines/beijing/24h_3h/predictions/trad_daily_naive.npz,1.5136542320251465,1.2303065601813015,0.8777854442596436,91.68209075927734,65.41232299804688,77.26240539550781,,,,,,,,24,3,beijing,,not_applicable,"ingested from experiment/baseline-comparison-ablation (same arm definition, same config/seed/data)",/home/hansel/Documents/ITProject/Python/PatchTST/experiments/results/baselines/beijing/24h_3h/raw_metrics.csv,/home/hansel/Documents/ITProject/Python/PatchTST/experiments/results/baselines/beijing/24h_3h/predictions/trad_daily_naive.npz,experiments/results/single_station_baselines/beijing/24h_3h,True
trad_persistence,trad_persistence,deterministic,completed,0,,3.540000761859119e-06,0.001874902009149,test,0,0,A,not_applicable,not_applicable,1,,/home/hansel/Documents/ITProject/Python/PatchTST/experiments/results/baselines/beijing/24h_3h/predictions/trad_persistence.npz,0.18912969529628754,0.43489044056668746,0.21921978890895844,32.40791320800781,16.33619499206543,23.0255069732666,,,,,,,,24,3,beijing,,not_applicable,"ingested from experiment/baseline-comparison-ablation (same arm definition, same config/seed/data)",/home/hansel/Documents/ITProject/Python/PatchTST/experiments/results/baselines/beijing/24h_3h/raw_metrics.csv,/home/hansel/Documents/ITProject/Python/PatchTST/experiments/results/baselines/beijing/24h_3h/predictions/trad_persistence.npz,experiments/results/single_station_baselines/beijing/24h_3h,True
trad_ridge,trad_ridge,deterministic,completed,0,,0.011301316000754,0.001830573004554,test,0,0,A,not_applicable,not_applicable,1,10.0,/home/hansel/Documents/ITProject/Python/PatchTST/experiments/results/baselines/beijing/24h_3h/predictions/trad_ridge.npz,0.1838701069355011,0.42880077767595187,0.22190168499946594,31.954111099243164,16.53605079650879,25.465620040893555,,,,,,,,24,3,beijing,,not_applicable,"ingested from experiment/baseline-comparison-ablation (same arm definition, same config/seed/data)",/home/hansel/Documents/ITProject/Python/PatchTST/experiments/results/baselines/beijing/24h_3h/raw_metrics.csv,/home/hansel/Documents/ITProject/Python/PatchTST/experiments/results/baselines/beijing/24h_3h/predictions/trad_ridge.npz,experiments/results/single_station_baselines/beijing/24h_3h,True
trad_ar,trad_ar,deterministic,completed,0,,0.0078973049967316,0.0018616539891809,test,0,0,A,not_applicable,not_applicable,1,,/home/hansel/Documents/ITProject/Python/PatchTST/experiments/results/baselines/beijing/24h_6h/predictions/trad_ar.npz,0.3017922043800354,0.5493561726057471,0.3153999149799347,40.9346809387207,23.501684188842773,34.88465118408203,,,,,,,,24,6,beijing,,not_applicable,"ingested from experiment/baseline-comparison-ablation (same arm definition, same config/seed/data)",/home/hansel/Documents/ITProject/Python/PatchTST/experiments/results/baselines/beijing/24h_6h/raw_metrics.csv,/home/hansel/Documents/ITProject/Python/PatchTST/experiments/results/baselines/beijing/24h_6h/predictions/trad_ar.npz,experiments/results/single_station_baselines/beijing/24h_6h,True
trad_climatology,trad_climatology,deterministic,completed,0,,0.0073740240040933,0.0017707450024317,test,0,0,A,not_applicable,not_applicable,1,,/home/hansel/Documents/ITProject/Python/PatchTST/experiments/results/baselines/beijing/24h_6h/predictions/trad_climatology.npz,0.9826701879501343,0.991297224827213,0.7504114508628845,73.86544036865234,55.91609573364258,71.5697021484375,,,,,,,,24,6,beijing,,not_applicable,"ingested from experiment/baseline-comparison-ablation (same arm definition, same config/seed/data)",/home/hansel/Documents/ITProject/Python/PatchTST/experiments/results/baselines/beijing/24h_6h/raw_metrics.csv,/home/hansel/Documents/ITProject/Python/PatchTST/experiments/results/baselines/beijing/24h_6h/predictions/trad_climatology.npz,experiments/results/single_station_baselines/beijing/24h_6h,True
trad_daily_naive,trad_daily_naive,deterministic,completed,0,,1.8300052033737304e-06,0.0017448849976062,test,0,0,A,not_applicable,not_applicable,1,,/home/hansel/Documents/ITProject/Python/PatchTST/experiments/results/baselines/beijing/24h_6h/predictions/trad_daily_naive.npz,1.5219453573226929,1.2336714948975245,0.8799867630004883,91.92569732666016,65.5712661743164,77.3640365600586,,,,,,,,24,6,beijing,,not_applicable,"ingested from experiment/baseline-comparison-ablation (same arm definition, same config/seed/data)",/home/hansel/Documents/ITProject/Python/PatchTST/experiments/results/baselines/beijing/24h_6h/raw_metrics.csv,/home/hansel/Documents/ITProject/Python/PatchTST/experiments/results/baselines/beijing/24h_6h/predictions/trad_daily_naive.npz,experiments/results/single_station_baselines/beijing/24h_6h,True
trad_persistence,trad_persistence,deterministic,completed,0,,3.520006430335343e-06,0.0019098420016234,test,0,0,A,not_applicable,not_applicable,1,,/home/hansel/Documents/ITProject/Python/PatchTST/experiments/results/baselines/beijing/24h_6h/predictions/trad_persistence.npz,0.3220413327217102,0.5674868568713378,0.3088182806968689,42.285667419433594,23.01125717163086,31.51802635192871,,,,,,,,24,6,beijing,,not_applicable,"ingested from experiment/baseline-comparison-ablation (same arm definition, same config/seed/data)",/home/hansel/Documents/ITProject/Python/PatchTST/experiments/results/baselines/beijing/24h_6h/raw_metrics.csv,/home/hansel/Documents/ITProject/Python/PatchTST/experiments/results/baselines/beijing/24h_6h/predictions/trad_persistence.npz,experiments/results/single_station_baselines/beijing/24h_6h,True
trad_ridge,trad_ridge,deterministic,completed,0,,0.0117664799909107,0.0018460730061633,test,0,0,A,not_applicable,not_applicable,1,10.0,/home/hansel/Documents/ITProject/Python/PatchTST/experiments/results/baselines/beijing/24h_6h/predictions/trad_ridge.npz,0.29927265644073486,0.5470581837800572,0.3151056170463562,40.763450622558594,23.479753494262695,34.80147933959961,,,,,,,,24,6,beijing,,not_applicable,"ingested from experiment/baseline-comparison-ablation (same arm definition, same config/seed/data)",/home/hansel/Documents/ITProject/Python/PatchTST/experiments/results/baselines/beijing/24h_6h/raw_metrics.csv,/home/hansel/Documents/ITProject/Python/PatchTST/experiments/results/baselines/beijing/24h_6h/predictions/trad_ridge.npz,experiments/results/single_station_baselines/beijing/24h_6h,True
trad_ar,trad_ar,deterministic,completed,0,,0.0092510440008481,0.0020556679955916,test,0,0,A,not_applicable,not_applicable,1,,/home/hansel/Documents/ITProject/Python/PatchTST/experiments/results/baselines/beijing/48h_12h/predictions/trad_ar.npz,0.471225380897522,0.6864585791564717,0.43619006872177124,51.11554718017578,32.47987747192383,45.43571090698242,,,,,,,,48,12,beijing,,not_applicable,"ingested from experiment/baseline-comparison-ablation (same arm definition, same config/seed/data)",/home/hansel/Documents/ITProject/Python/PatchTST/experiments/results/baselines/beijing/48h_12h/raw_metrics.csv,/home/hansel/Documents/ITProject/Python/PatchTST/experiments/results/baselines/beijing/48h_12h/predictions/trad_ar.npz,experiments/results/single_station_baselines/beijing/48h_12h,True
trad_climatology,trad_climatology,deterministic,completed,0,,0.0123880009923595,0.0019814489933196,test,0,0,A,not_applicable,not_applicable,1,,/home/hansel/Documents/ITProject/Python/PatchTST/experiments/results/baselines/beijing/48h_12h/predictions/trad_climatology.npz,0.9855158925056458,0.9927315309315232,0.7522440552711487,73.92146301269531,56.01410675048828,71.60319519042969,,,,,,,,48,12,beijing,,not_applicable,"ingested from experiment/baseline-comparison-ablation (same arm definition, same config/seed/data)",/home/hansel/Documents/ITProject/Python/PatchTST/experiments/results/baselines/beijing/48h_12h/raw_metrics.csv,/home/hansel/Documents/ITProject/Python/PatchTST/experiments/results/baselines/beijing/48h_12h/predictions/trad_climatology.npz,experiments/results/single_station_baselines/beijing/48h_12h,True
trad_daily_naive,trad_daily_naive,deterministic,completed,0,,1.9400031305849552e-06,0.0018821410048985,test,0,0,A,not_applicable,not_applicable,1,,/home/hansel/Documents/ITProject/Python/PatchTST/experiments/results/baselines/beijing/48h_12h/predictions/trad_daily_naive.npz,1.5081133842468262,1.2280526797523086,0.87673419713974,91.44409942626953,65.28398132324219,77.26527404785156,,,,,,,,48,12,beijing,,not_applicable,"ingested from experiment/baseline-comparison-ablation (same arm definition, same config/seed/data)",/home/hansel/Documents/ITProject/Python/PatchTST/experiments/results/baselines/beijing/48h_12h/raw_metrics.csv,/home/hansel/Documents/ITProject/Python/PatchTST/experiments/results/baselines/beijing/48h_12h/predictions/trad_daily_naive.npz,experiments/results/single_station_baselines/beijing/48h_12h,True
trad_persistence,trad_persistence,deterministic,completed,0,,3.770008333958685e-06,0.0030769580043852,test,0,0,A,not_applicable,not_applicable,1,,/home/hansel/Documents/ITProject/Python/PatchTST/experiments/results/baselines/beijing/48h_12h/predictions/trad_persistence.npz,0.5518298149108887,0.7428524852962993,0.43864643573760986,55.31479263305664,32.66278839111328,42.835975646972656,,,,,,,,48,12,beijing,,not_applicable,"ingested from experiment/baseline-comparison-ablation (same arm definition, same config/seed/data)",/home/hansel/Documents/ITProject/Python/PatchTST/experiments/results/baselines/beijing/48h_12h/raw_metrics.csv,/home/hansel/Documents/ITProject/Python/PatchTST/experiments/results/baselines/beijing/48h_12h/predictions/trad_persistence.npz,experiments/results/single_station_baselines/beijing/48h_12h,True
trad_ridge,trad_ridge,deterministic,completed,0,,0.0168026650062529,0.0022329659987008,test,0,0,A,not_applicable,not_applicable,1,10.0,/home/hansel/Documents/ITProject/Python/PatchTST/experiments/results/baselines/beijing/48h_12h/predictions/trad_ridge.npz,0.4651435613632202,0.6820143410246006,0.4307202994823456,50.78461837768555,32.07258987426758,45.08074951171875,,,,,,,,48,12,beijing,,not_applicable,"ingested from experiment/baseline-comparison-ablation (same arm definition, same config/seed/data)",/home/hansel/Documents/ITProject/Python/PatchTST/experiments/results/baselines/beijing/48h_12h/raw_metrics.csv,/home/hansel/Documents/ITProject/Python/PatchTST/experiments/results/baselines/beijing/48h_12h/predictions/trad_ridge.npz,experiments/results/single_station_baselines/beijing/48h_12h,True
trad_ar,trad_ar,deterministic,completed,0,,0.0087962690013227,0.0020687540090875,test,0,0,A,not_applicable,not_applicable,1,,/home/hansel/Documents/ITProject/Python/PatchTST/experiments/results/baselines/beijing/48h_1h/predictions/trad_ar.npz,0.08791163563728333,0.29649896397337266,0.13514353334903717,22.08342170715332,10.065572738647461,16.65068244934082,,,,,,,,48,1,beijing,,not_applicable,"ingested from experiment/baseline-comparison-ablation (same arm definition, same config/seed/data)",/home/hansel/Documents/ITProject/Python/PatchTST/experiments/results/baselines/beijing/48h_1h/raw_metrics.csv,/home/hansel/Documents/ITProject/Python/PatchTST/experiments/results/baselines/beijing/48h_1h/predictions/trad_ar.npz,experiments/results/single_station_baselines/beijing/48h_1h,True
trad_climatology,trad_climatology,deterministic,completed,0,,0.0072865810070652,0.001883924996946,test,0,0,A,not_applicable,not_applicable,1,,/home/hansel/Documents/ITProject/Python/PatchTST/experiments/results/baselines/beijing/48h_1h/predictions/trad_climatology.npz,0.9834097623825073,0.9916701883098571,0.7507034540176392,73.86019897460938,55.912837982177734,71.38735961914062,,,,,,,,48,1,beijing,,not_applicable,"ingested from experiment/baseline-comparison-ablation (same arm definition, same config/seed/data)",/home/hansel/Documents/ITProject/Python/PatchTST/experiments/results/baselines/beijing/48h_1h/raw_metrics.csv,/home/hansel/Documents/ITProject/Python/PatchTST/experiments/results/baselines/beijing/48h_1h/predictions/trad_climatology.npz,experiments/results/single_station_baselines/beijing/48h_1h,True
trad_daily_naive,trad_daily_naive,deterministic,completed,0,,2.219996531493962e-06,0.0018286749982507,test,0,0,A,not_applicable,not_applicable,1,,/home/hansel/Documents/ITProject/Python/PatchTST/experiments/results/baselines/beijing/48h_1h/predictions/trad_daily_naive.npz,1.481379747390747,1.217119446640611,0.8701530694961548,90.65179443359375,64.80952453613281,76.96830749511719,,,,,,,,48,1,beijing,,not_applicable,"ingested from experiment/baseline-comparison-ablation (same arm definition, same config/seed/data)",/home/hansel/Documents/ITProject/Python/PatchTST/experiments/results/baselines/beijing/48h_1h/raw_metrics.csv,/home/hansel/Documents/ITProject/Python/PatchTST/experiments/results/baselines/beijing/48h_1h/predictions/trad_daily_naive.npz,experiments/results/single_station_baselines/beijing/48h_1h,True
trad_persistence,trad_persistence,deterministic,completed,0,,3.420005668886006e-06,0.0021897830010857,test,0,0,A,not_applicable,not_applicable,1,,/home/hansel/Documents/ITProject/Python/PatchTST/experiments/results/baselines/beijing/48h_1h/predictions/trad_persistence.npz,0.08738107979297638,0.29560290897245306,0.13603481650352478,22.01668357849121,10.131956100463867,15.160162925720215,,,,,,,,48,1,beijing,,not_applicable,"ingested from experiment/baseline-comparison-ablation (same arm definition, same config/seed/data)",/home/hansel/Documents/ITProject/Python/PatchTST/experiments/results/baselines/beijing/48h_1h/raw_metrics.csv,/home/hansel/Documents/ITProject/Python/PatchTST/experiments/results/baselines/beijing/48h_1h/predictions/trad_persistence.npz,experiments/results/single_station_baselines/beijing/48h_1h,True
trad_ridge,trad_ridge,deterministic,completed,0,,0.014703893000842,0.0023346509988186,test,0,0,A,not_applicable,not_applicable,1,1.0,/home/hansel/Documents/ITProject/Python/PatchTST/experiments/results/baselines/beijing/48h_1h/predictions/trad_ridge.npz,0.08817172050476074,0.29693723327457733,0.13655507564544678,22.116064071655273,10.170703887939453,16.980867385864258,,,,,,,,48,1,beijing,,not_applicable,"ingested from experiment/baseline-comparison-ablation (same arm definition, same config/seed/data)",/home/hansel/Documents/ITProject/Python/PatchTST/experiments/results/baselines/beijing/48h_1h/raw_metrics.csv,/home/hansel/Documents/ITProject/Python/PatchTST/experiments/results/baselines/beijing/48h_1h/predictions/trad_ridge.npz,experiments/results/single_station_baselines/beijing/48h_1h,True
trad_ar,trad_ar,deterministic,completed,0,,0.0104599650076124,0.0022286489984253,test,0,0,A,not_applicable,not_applicable,1,,/home/hansel/Documents/ITProject/Python/PatchTST/experiments/results/baselines/beijing/48h_24h/predictions/trad_ar.npz,0.6608853936195374,0.8129485799357407,0.5569765567779541,60.51544952392578,41.461029052734375,55.044246673583984,,,,,,,,48,24,beijing,,not_applicable,"ingested from experiment/baseline-comparison-ablation (same arm definition, same config/seed/data)",/home/hansel/Documents/ITProject/Python/PatchTST/experiments/results/baselines/beijing/48h_24h/raw_metrics.csv,/home/hansel/Documents/ITProject/Python/PatchTST/experiments/results/baselines/beijing/48h_24h/predictions/trad_ar.npz,experiments/results/single_station_baselines/beijing/48h_24h,True
trad_climatology,trad_climatology,deterministic,completed,0,,0.0115438089997041,0.0021063210006104,test,0,0,A,not_applicable,not_applicable,1,,/home/hansel/Documents/ITProject/Python/PatchTST/experiments/results/baselines/beijing/48h_24h/predictions/trad_climatology.npz,0.9871220588684082,0.9935401646981405,0.7532533407211304,73.95858001708984,56.0717658996582,71.77613067626953,,,,,,,,48,24,beijing,,not_applicable,"ingested from experiment/baseline-comparison-ablation (same arm definition, same config/seed/data)",/home/hansel/Documents/ITProject/Python/PatchTST/experiments/results/baselines/beijing/48h_24h/raw_metrics.csv,/home/hansel/Documents/ITProject/Python/PatchTST/experiments/results/baselines/beijing/48h_24h/predictions/trad_climatology.npz,experiments/results/single_station_baselines/beijing/48h_24h,True
trad_daily_naive,trad_daily_naive,deterministic,completed,0,,1.96999462787062e-06,0.0018806240113917,test,0,0,A,not_applicable,not_applicable,1,,/home/hansel/Documents/ITProject/Python/PatchTST/experiments/results/baselines/beijing/48h_24h/predictions/trad_daily_naive.npz,1.5309377908706665,1.2373107091069189,0.8832882046699524,92.104736328125,65.7514877319336,77.62144470214844,,,,,,,,48,24,beijing,,not_applicable,"ingested from experiment/baseline-comparison-ablation (same arm definition, same config/seed/data)",/home/hansel/Documents/ITProject/Python/PatchTST/experiments/results/baselines/beijing/48h_24h/raw_metrics.csv,/home/hansel/Documents/ITProject/Python/PatchTST/experiments/results/baselines/beijing/48h_24h/predictions/trad_daily_naive.npz,experiments/results/single_station_baselines/beijing/48h_24h,True
trad_persistence,trad_persistence,deterministic,completed,0,,3.220004145987332e-06,0.002087761007715,test,0,0,A,not_applicable,not_applicable,1,,/home/hansel/Documents/ITProject/Python/PatchTST/experiments/results/baselines/beijing/48h_24h/predictions/trad_persistence.npz,0.895257294178009,0.9461803708479737,0.6064170002937317,70.43315124511719,45.14134979248047,56.5267333984375,,,,,,,,48,24,beijing,,not_applicable,"ingested from experiment/baseline-comparison-ablation (same arm definition, same config/seed/data)",/home/hansel/Documents/ITProject/Python/PatchTST/experiments/results/baselines/beijing/48h_24h/raw_metrics.csv,/home/hansel/Documents/ITProject/Python/PatchTST/experiments/results/baselines/beijing/48h_24h/predictions/trad_persistence.npz,experiments/results/single_station_baselines/beijing/48h_24h,True
trad_ridge,trad_ridge,deterministic,completed,0,,0.0172899299941491,0.0024305259867105,test,0,0,A,not_applicable,not_applicable,1,10.0,/home/hansel/Documents/ITProject/Python/PatchTST/experiments/results/baselines/beijing/48h_24h/predictions/trad_ridge.npz,0.6490575671195984,0.8056410907591534,0.5495080947875977,59.97148132324219,40.90508270263672,54.76167297363281,,,,,,,,48,24,beijing,,not_applicable,"ingested from experiment/baseline-comparison-ablation (same arm definition, same config/seed/data)",/home/hansel/Documents/ITProject/Python/PatchTST/experiments/results/baselines/beijing/48h_24h/raw_metrics.csv,/home/hansel/Documents/ITProject/Python/PatchTST/experiments/results/baselines/beijing/48h_24h/predictions/trad_ridge.npz,experiments/results/single_station_baselines/beijing/48h_24h,True
trad_ar,trad_ar,deterministic,completed,0,,0.0091654290008591,0.0021126350038684,test,0,0,A,not_applicable,not_applicable,1,,/home/hansel/Documents/ITProject/Python/PatchTST/experiments/results/baselines/beijing/48h_3h/predictions/trad_ar.npz,0.1867002248764038,0.432088214229923,0.2224455624818802,32.179718017578125,16.566608428955078,25.576187133789062,,,,,,,,48,3,beijing,,not_applicable,"ingested from experiment/baseline-comparison-ablation (same arm definition, same config/seed/data)",/home/hansel/Documents/ITProject/Python/PatchTST/experiments/results/baselines/beijing/48h_3h/raw_metrics.csv,/home/hansel/Documents/ITProject/Python/PatchTST/experiments/results/baselines/beijing/48h_3h/predictions/trad_ar.npz,experiments/results/single_station_baselines/beijing/48h_3h,True
trad_climatology,trad_climatology,deterministic,completed,0,,0.0130752330005634,0.0018791069887811,test,0,0,A,not_applicable,not_applicable,1,,/home/hansel/Documents/ITProject/Python/PatchTST/experiments/results/baselines/beijing/48h_3h/predictions/trad_climatology.npz,0.9834282994270325,0.9916795346416263,0.7506833672523499,73.85521697998047,55.90705490112305,71.4032974243164,,,,,,,,48,3,beijing,,not_applicable,"ingested from experiment/baseline-comparison-ablation (same arm definition, same config/seed/data)",/home/hansel/Documents/ITProject/Python/PatchTST/experiments/results/baselines/beijing/48h_3h/raw_metrics.csv,/home/hansel/Documents/ITProject/Python/PatchTST/experiments/results/baselines/beijing/48h_3h/predictions/trad_climatology.npz,experiments/results/single_station_baselines/beijing/48h_3h,True
trad_daily_naive,trad_daily_naive,deterministic,completed,0,,1.8199934856966136e-06,0.0018192580027971,test,0,0,A,not_applicable,not_applicable,1,,/home/hansel/Documents/ITProject/Python/PatchTST/experiments/results/baselines/beijing/48h_3h/predictions/trad_daily_naive.npz,1.4885283708572388,1.2200526098727213,0.8719761967658997,90.86326599121094,64.9403305053711,77.04368591308594,,,,,,,,48,3,beijing,,not_applicable,"ingested from experiment/baseline-comparison-ablation (same arm definition, same config/seed/data)",/home/hansel/Documents/ITProject/Python/PatchTST/experiments/results/baselines/beijing/48h_3h/raw_metrics.csv,/home/hansel/Documents/ITProject/Python/PatchTST/experiments/results/baselines/beijing/48h_3h/predictions/trad_daily_naive.npz,experiments/results/single_station_baselines/beijing/48h_3h,True
trad_persistence,trad_persistence,deterministic,completed,0,,3.540000761859119e-06,0.0019631960021797,test,0,0,A,not_applicable,not_applicable,1,,/home/hansel/Documents/ITProject/Python/PatchTST/experiments/results/baselines/beijing/48h_3h/predictions/trad_persistence.npz,0.1897590160369873,0.4356133790840076,0.2196599841117859,32.44225311279297,16.35915184020996,23.012712478637695,,,,,,,,48,3,beijing,,not_applicable,"ingested from experiment/baseline-comparison-ablation (same arm definition, same config/seed/data)",/home/hansel/Documents/ITProject/Python/PatchTST/experiments/results/baselines/beijing/48h_3h/raw_metrics.csv,/home/hansel/Documents/ITProject/Python/PatchTST/experiments/results/baselines/beijing/48h_3h/predictions/trad_persistence.npz,experiments/results/single_station_baselines/beijing/48h_3h,True
trad_ridge,trad_ridge,deterministic,completed,0,,0.0155832029995508,0.0022811620001448,test,0,0,A,not_applicable,not_applicable,1,10.0,/home/hansel/Documents/ITProject/Python/PatchTST/experiments/results/baselines/beijing/48h_3h/predictions/trad_ridge.npz,0.1849251389503479,0.43002923034411034,0.2234353870153427,32.0263786315918,16.64032554626465,26.013458251953125,,,,,,,,48,3,beijing,,not_applicable,"ingested from experiment/baseline-comparison-ablation (same arm definition, same config/seed/data)",/home/hansel/Documents/ITProject/Python/PatchTST/experiments/results/baselines/beijing/48h_3h/raw_metrics.csv,/home/hansel/Documents/ITProject/Python/PatchTST/experiments/results/baselines/beijing/48h_3h/predictions/trad_ridge.npz,experiments/results/single_station_baselines/beijing/48h_3h,True
trad_ar,trad_ar,deterministic,completed,0,,0.0095587659889133,0.0021659810008713,test,0,0,A,not_applicable,not_applicable,1,,/home/hansel/Documents/ITProject/Python/PatchTST/experiments/results/baselines/beijing/48h_6h/predictions/trad_ar.npz,0.30256348848342896,0.5500577137750446,0.3157739043235779,40.96548080444336,23.517223358154297,34.865867614746094,,,,,,,,48,6,beijing,,not_applicable,"ingested from experiment/baseline-comparison-ablation (same arm definition, same config/seed/data)",/home/hansel/Documents/ITProject/Python/PatchTST/experiments/results/baselines/beijing/48h_6h/raw_metrics.csv,/home/hansel/Documents/ITProject/Python/PatchTST/experiments/results/baselines/beijing/48h_6h/predictions/trad_ar.npz,experiments/results/single_station_baselines/beijing/48h_6h,True
trad_climatology,trad_climatology,deterministic,completed,0,,0.0130763660126831,0.0020423819951247,test,0,0,A,not_applicable,not_applicable,1,,/home/hansel/Documents/ITProject/Python/PatchTST/experiments/results/baselines/beijing/48h_6h/predictions/trad_climatology.npz,0.9840158224105835,0.9919757166435998,0.7510940432548523,73.87727355957031,55.937644958496094,71.46060180664062,,,,,,,,48,6,beijing,,not_applicable,"ingested from experiment/baseline-comparison-ablation (same arm definition, same config/seed/data)",/home/hansel/Documents/ITProject/Python/PatchTST/experiments/results/baselines/beijing/48h_6h/raw_metrics.csv,/home/hansel/Documents/ITProject/Python/PatchTST/experiments/results/baselines/beijing/48h_6h/predictions/trad_climatology.npz,experiments/results/single_station_baselines/beijing/48h_6h,True
trad_daily_naive,trad_daily_naive,deterministic,completed,0,,1.7400016076862812e-06,0.0018176939920522,test,0,0,A,not_applicable,not_applicable,1,,/home/hansel/Documents/ITProject/Python/PatchTST/experiments/results/baselines/beijing/48h_6h/predictions/trad_daily_naive.npz,1.4932105541229248,1.221969948125945,0.8730511665344238,91.00606536865234,65.02037811279297,77.10165405273438,,,,,,,,48,6,beijing,,not_applicable,"ingested from experiment/baseline-comparison-ablation (same arm definition, same config/seed/data)",/home/hansel/Documents/ITProject/Python/PatchTST/experiments/results/baselines/beijing/48h_6h/raw_metrics.csv,/home/hansel/Documents/ITProject/Python/PatchTST/experiments/results/baselines/beijing/48h_6h/predictions/trad_daily_naive.npz,experiments/results/single_station_baselines/beijing/48h_6h,True
trad_persistence,trad_persistence,deterministic,completed,0,,3.310007741674781e-06,0.0019931930000893,test,0,0,A,not_applicable,not_applicable,1,,/home/hansel/Documents/ITProject/Python/PatchTST/experiments/results/baselines/beijing/48h_6h/predictions/trad_persistence.npz,0.3231572210788727,0.5684691909671734,0.3093312680721283,42.33667755126953,23.03740882873535,31.473567962646484,,,,,,,,48,6,beijing,,not_applicable,"ingested from experiment/baseline-comparison-ablation (same arm definition, same config/seed/data)",/home/hansel/Documents/ITProject/Python/PatchTST/experiments/results/baselines/beijing/48h_6h/raw_metrics.csv,/home/hansel/Documents/ITProject/Python/PatchTST/experiments/results/baselines/beijing/48h_6h/predictions/trad_persistence.npz,experiments/results/single_station_baselines/beijing/48h_6h,True
trad_ridge,trad_ridge,deterministic,completed,0,,0.0162516880081966,0.0022799400030635,test,0,0,A,not_applicable,not_applicable,1,10.0,/home/hansel/Documents/ITProject/Python/PatchTST/experiments/results/baselines/beijing/48h_6h/predictions/trad_ridge.npz,0.30030474066734314,0.5480006757909548,0.3148321509361267,40.81229019165039,23.447086334228516,34.92938995361328,,,,,,,,48,6,beijing,,not_applicable,"ingested from experiment/baseline-comparison-ablation (same arm definition, same config/seed/data)",/home/hansel/Documents/ITProject/Python/PatchTST/experiments/results/baselines/beijing/48h_6h/raw_metrics.csv,/home/hansel/Documents/ITProject/Python/PatchTST/experiments/results/baselines/beijing/48h_6h/predictions/trad_ridge.npz,experiments/results/single_station_baselines/beijing/48h_6h,True
trad_ar,trad_ar,deterministic,completed,0,,0.0105007959937211,0.0021667539986083,test,0,0,A,not_applicable,not_applicable,1,,/home/hansel/Documents/ITProject/Python/PatchTST/experiments/results/baselines/beijing/72h_12h/predictions/trad_ar.npz,0.4725355803966522,0.6874122346864742,0.43676987290382385,51.16222381591797,32.507591247558594,45.39082336425781,,,,,,,,72,12,beijing,,not_applicable,"ingested from experiment/baseline-comparison-ablation (same arm definition, same config/seed/data)",/home/hansel/Documents/ITProject/Python/PatchTST/experiments/results/baselines/beijing/72h_12h/raw_metrics.csv,/home/hansel/Documents/ITProject/Python/PatchTST/experiments/results/baselines/beijing/72h_12h/predictions/trad_ar.npz,experiments/results/single_station_baselines/beijing/72h_12h,True
trad_climatology,trad_climatology,deterministic,completed,0,,0.0171179289900464,0.0021263349917717,test,0,0,A,not_applicable,not_applicable,1,,/home/hansel/Documents/ITProject/Python/PatchTST/experiments/results/baselines/beijing/72h_12h/predictions/trad_climatology.npz,0.9876380562782288,0.993799806942137,0.7532548308372498,73.96581268310547,56.06270217895508,71.5619888305664,,,,,,,,72,12,beijing,,not_applicable,"ingested from experiment/baseline-comparison-ablation (same arm definition, same config/seed/data)",/home/hansel/Documents/ITProject/Python/PatchTST/experiments/results/baselines/beijing/72h_12h/raw_metrics.csv,/home/hansel/Documents/ITProject/Python/PatchTST/experiments/results/baselines/beijing/72h_12h/predictions/trad_climatology.npz,experiments/results/single_station_baselines/beijing/72h_12h,True
trad_daily_naive,trad_daily_naive,deterministic,completed,0,,2.1099986042827368e-06,0.001874117006082,test,0,0,A,not_applicable,not_applicable,1,,/home/hansel/Documents/ITProject/Python/PatchTST/experiments/results/baselines/beijing/72h_12h/predictions/trad_daily_naive.npz,1.489940881729126,1.220631345545872,0.8724715113639832,90.8482666015625,64.93567657470703,77.1077651977539,,,,,,,,72,12,beijing,,not_applicable,"ingested from experiment/baseline-comparison-ablation (same arm definition, same config/seed/data)",/home/hansel/Documents/ITProject/Python/PatchTST/experiments/results/baselines/beijing/72h_12h/raw_metrics.csv,/home/hansel/Documents/ITProject/Python/PatchTST/experiments/results/baselines/beijing/72h_12h/predictions/trad_daily_naive.npz,experiments/results/single_station_baselines/beijing/72h_12h,True
trad_persistence,trad_persistence,deterministic,completed,0,,3.130000550299883e-06,0.0036125839978922,test,0,0,A,not_applicable,not_applicable,1,,/home/hansel/Documents/ITProject/Python/PatchTST/experiments/results/baselines/beijing/72h_12h/predictions/trad_persistence.npz,0.553827166557312,0.7441956507245336,0.4396231174468994,55.388458251953125,32.71995162963867,42.83939743041992,,,,,,,,72,12,beijing,,not_applicable,"ingested from experiment/baseline-comparison-ablation (same arm definition, same config/seed/data)",/home/hansel/Documents/ITProject/Python/PatchTST/experiments/results/baselines/beijing/72h_12h/raw_metrics.csv,/home/hansel/Documents/ITProject/Python/PatchTST/experiments/results/baselines/beijing/72h_12h/predictions/trad_persistence.npz,experiments/results/single_station_baselines/beijing/72h_12h,True
trad_ridge,trad_ridge,deterministic,completed,0,,0.0255873980058822,0.0025494820001767,test,0,0,A,not_applicable,not_applicable,1,10.0,/home/hansel/Documents/ITProject/Python/PatchTST/experiments/results/baselines/beijing/72h_12h/predictions/trad_ridge.npz,0.4623033404350281,0.679928923075808,0.42766353487968445,50.605262756347656,31.8298282623291,44.52983474731445,,,,,,,,72,12,beijing,,not_applicable,"ingested from experiment/baseline-comparison-ablation (same arm definition, same config/seed/data)",/home/hansel/Documents/ITProject/Python/PatchTST/experiments/results/baselines/beijing/72h_12h/raw_metrics.csv,/home/hansel/Documents/ITProject/Python/PatchTST/experiments/results/baselines/beijing/72h_12h/predictions/trad_ridge.npz,experiments/results/single_station_baselines/beijing/72h_12h,True
trad_ar,trad_ar,deterministic,completed,0,,0.0547457229986321,0.0022491119889309,test,0,0,A,not_applicable,not_applicable,1,,/home/hansel/Documents/ITProject/Python/PatchTST/experiments/results/baselines/beijing/72h_1h/predictions/trad_ar.npz,0.08827903121709824,0.29711787428072756,0.13555851578712463,22.117290496826172,10.090902328491211,16.691402435302734,,,,,,,,72,1,beijing,,not_applicable,"ingested from experiment/baseline-comparison-ablation (same arm definition, same config/seed/data)",/home/hansel/Documents/ITProject/Python/PatchTST/experiments/results/baselines/beijing/72h_1h/raw_metrics.csv,/home/hansel/Documents/ITProject/Python/PatchTST/experiments/results/baselines/beijing/72h_1h/predictions/trad_ar.npz,experiments/results/single_station_baselines/beijing/72h_1h,True
trad_climatology,trad_climatology,deterministic,completed,0,,0.0216380819911137,0.0022150529985083,test,0,0,A,not_applicable,not_applicable,1,,/home/hansel/Documents/ITProject/Python/PatchTST/experiments/results/baselines/beijing/72h_1h/predictions/trad_climatology.npz,0.9863595366477966,0.9931563505550355,0.7522835731506348,73.93001556396484,55.99958038330078,71.42414093017578,,,,,,,,72,1,beijing,,not_applicable,"ingested from experiment/baseline-comparison-ablation (same arm definition, same config/seed/data)",/home/hansel/Documents/ITProject/Python/PatchTST/experiments/results/baselines/beijing/72h_1h/raw_metrics.csv,/home/hansel/Documents/ITProject/Python/PatchTST/experiments/results/baselines/beijing/72h_1h/predictions/trad_climatology.npz,experiments/results/single_station_baselines/beijing/72h_1h,True
trad_daily_naive,trad_daily_naive,deterministic,completed,0,,3.389999619685113e-06,0.0019459759932942,test,0,0,A,not_applicable,not_applicable,1,,/home/hansel/Documents/ITProject/Python/PatchTST/experiments/results/baselines/beijing/72h_1h/predictions/trad_daily_naive.npz,1.4791384935379028,1.2161983775428673,0.8699156045913696,90.53314208984375,64.75604248046875,76.96451568603516,,,,,,,,72,1,beijing,,not_applicable,"ingested from experiment/baseline-comparison-ablation (same arm definition, same config/seed/data)",/home/hansel/Documents/ITProject/Python/PatchTST/experiments/results/baselines/beijing/72h_1h/raw_metrics.csv,/home/hansel/Documents/ITProject/Python/PatchTST/experiments/results/baselines/beijing/72h_1h/predictions/trad_daily_naive.npz,experiments/results/single_station_baselines/beijing/72h_1h,True
trad_persistence,trad_persistence,deterministic,completed,0,,3.4589902497828007e-06,0.0022997920023044,test,0,0,A,not_applicable,not_applicable,1,,/home/hansel/Documents/ITProject/Python/PatchTST/experiments/results/baselines/beijing/72h_1h/predictions/trad_persistence.npz,0.08772938698530197,0.2961914701427136,0.13650159537792206,22.048330307006836,10.161105155944824,15.203777313232422,,,,,,,,72,1,beijing,,not_applicable,"ingested from experiment/baseline-comparison-ablation (same arm definition, same config/seed/data)",/home/hansel/Documents/ITProject/Python/PatchTST/experiments/results/baselines/beijing/72h_1h/raw_metrics.csv,/home/hansel/Documents/ITProject/Python/PatchTST/experiments/results/baselines/beijing/72h_1h/predictions/trad_persistence.npz,experiments/results/single_station_baselines/beijing/72h_1h,True
trad_ridge,trad_ridge,deterministic,completed,0,,0.0237712960079079,0.0025893980055116,test,0,0,A,not_applicable,not_applicable,1,1.0,/home/hansel/Documents/ITProject/Python/PatchTST/experiments/results/baselines/beijing/72h_1h/predictions/trad_ridge.npz,0.08907799422740936,0.2984593677997214,0.13815467059612274,22.217151641845703,10.284158706665039,17.247148513793945,,,,,,,,72,1,beijing,,not_applicable,"ingested from experiment/baseline-comparison-ablation (same arm definition, same config/seed/data)",/home/hansel/Documents/ITProject/Python/PatchTST/experiments/results/baselines/beijing/72h_1h/raw_metrics.csv,/home/hansel/Documents/ITProject/Python/PatchTST/experiments/results/baselines/beijing/72h_1h/predictions/trad_ridge.npz,experiments/results/single_station_baselines/beijing/72h_1h,True
trad_ar,trad_ar,deterministic,completed,0,,0.0108052330033387,0.0022117539920145,test,0,0,A,not_applicable,not_applicable,1,,/home/hansel/Documents/ITProject/Python/PatchTST/experiments/results/baselines/beijing/72h_24h/predictions/trad_ar.npz,0.6624610424041748,0.8139170979922801,0.5582587718963623,60.56426239013672,41.54051208496094,55.09796905517578,,,,,,,,72,24,beijing,,not_applicable,"ingested from experiment/baseline-comparison-ablation (same arm definition, same config/seed/data)",/home/hansel/Documents/ITProject/Python/PatchTST/experiments/results/baselines/beijing/72h_24h/raw_metrics.csv,/home/hansel/Documents/ITProject/Python/PatchTST/experiments/results/baselines/beijing/72h_24h/predictions/trad_ar.npz,experiments/results/single_station_baselines/beijing/72h_24h,True
trad_climatology,trad_climatology,deterministic,completed,0,,0.0163949859997956,0.0024096889974316,test,0,0,A,not_applicable,not_applicable,1,,/home/hansel/Documents/ITProject/Python/PatchTST/experiments/results/baselines/beijing/72h_24h/predictions/trad_climatology.npz,0.9886146783828735,0.9942910430969765,0.7540781497955322,73.98603820800781,56.11159896850586,71.73368072509766,,,,,,,,72,24,beijing,,not_applicable,"ingested from experiment/baseline-comparison-ablation (same arm definition, same config/seed/data)",/home/hansel/Documents/ITProject/Python/PatchTST/experiments/results/baselines/beijing/72h_24h/raw_metrics.csv,/home/hansel/Documents/ITProject/Python/PatchTST/experiments/results/baselines/beijing/72h_24h/predictions/trad_climatology.npz,experiments/results/single_station_baselines/beijing/72h_24h,True
trad_daily_naive,trad_daily_naive,deterministic,completed,0,,3.1800009310245514e-06,0.0023052320029819,test,0,0,A,not_applicable,not_applicable,1,,/home/hansel/Documents/ITProject/Python/PatchTST/experiments/results/baselines/beijing/72h_24h/predictions/trad_daily_naive.npz,1.5149948596954346,1.230851274401353,0.8797097206115723,91.58869934082031,65.45994567871094,77.4831771850586,,,,,,,,72,24,beijing,,not_applicable,"ingested from experiment/baseline-comparison-ablation (same arm definition, same config/seed/data)",/home/hansel/Documents/ITProject/Python/PatchTST/experiments/results/baselines/beijing/72h_24h/raw_metrics.csv,/home/hansel/Documents/ITProject/Python/PatchTST/experiments/results/baselines/beijing/72h_24h/predictions/trad_daily_naive.npz,experiments/results/single_station_baselines/beijing/72h_24h,True
trad_persistence,trad_persistence,deterministic,completed,0,,4.279005224816501e-06,0.002899109997088,test,0,0,A,not_applicable,not_applicable,1,,/home/hansel/Documents/ITProject/Python/PatchTST/experiments/results/baselines/beijing/72h_24h/predictions/trad_persistence.npz,0.8978809118270874,0.9475657823217802,0.6075857877731323,70.5091781616211,45.210975646972656,56.512474060058594,,,,,,,,72,24,beijing,,not_applicable,"ingested from experiment/baseline-comparison-ablation (same arm definition, same config/seed/data)",/home/hansel/Documents/ITProject/Python/PatchTST/experiments/results/baselines/beijing/72h_24h/raw_metrics.csv,/home/hansel/Documents/ITProject/Python/PatchTST/experiments/results/baselines/beijing/72h_24h/predictions/trad_persistence.npz,experiments/results/single_station_baselines/beijing/72h_24h,True
trad_ridge,trad_ridge,deterministic,completed,0,,0.0251259630022104,0.0026500940002733,test,0,0,A,not_applicable,not_applicable,1,10.0,/home/hansel/Documents/ITProject/Python/PatchTST/experiments/results/baselines/beijing/72h_24h/predictions/trad_ridge.npz,0.6519591808319092,0.8074398930148975,0.5485053062438965,60.08229064941406,40.814754486083984,54.44484329223633,,,,,,,,72,24,beijing,,not_applicable,"ingested from experiment/baseline-comparison-ablation (same arm definition, same config/seed/data)",/home/hansel/Documents/ITProject/Python/PatchTST/experiments/results/baselines/beijing/72h_24h/raw_metrics.csv,/home/hansel/Documents/ITProject/Python/PatchTST/experiments/results/baselines/beijing/72h_24h/predictions/trad_ridge.npz,experiments/results/single_station_baselines/beijing/72h_24h,True
trad_ar,trad_ar,deterministic,completed,0,,0.0098608099942794,0.0021585590002359,test,0,0,A,not_applicable,not_applicable,1,,/home/hansel/Documents/ITProject/Python/PatchTST/experiments/results/baselines/beijing/72h_3h/predictions/trad_ar.npz,0.18747299909591675,0.43298152281121277,0.22297421097755432,32.22874450683594,16.596961975097656,25.59577751159668,,,,,,,,72,3,beijing,,not_applicable,"ingested from experiment/baseline-comparison-ablation (same arm definition, same config/seed/data)",/home/hansel/Documents/ITProject/Python/PatchTST/experiments/results/baselines/beijing/72h_3h/raw_metrics.csv,/home/hansel/Documents/ITProject/Python/PatchTST/experiments/results/baselines/beijing/72h_3h/predictions/trad_ar.npz,experiments/results/single_station_baselines/beijing/72h_3h,True
trad_climatology,trad_climatology,deterministic,completed,0,,0.0161021880048792,0.0020589290070347,test,0,0,A,not_applicable,not_applicable,1,,/home/hansel/Documents/ITProject/Python/PatchTST/experiments/results/baselines/beijing/72h_3h/predictions/trad_climatology.npz,0.9863197207450867,0.9931363052195236,0.7522140145301819,73.9235610961914,55.99064254760742,71.43433380126953,,,,,,,,72,3,beijing,,not_applicable,"ingested from experiment/baseline-comparison-ablation (same arm definition, same config/seed/data)",/home/hansel/Documents/ITProject/Python/PatchTST/experiments/results/baselines/beijing/72h_3h/raw_metrics.csv,/home/hansel/Documents/ITProject/Python/PatchTST/experiments/results/baselines/beijing/72h_3h/predictions/trad_climatology.npz,experiments/results/single_station_baselines/beijing/72h_3h,True
trad_daily_naive,trad_daily_naive,deterministic,completed,0,,2.05900869332254e-06,0.0018973810074385,test,0,0,A,not_applicable,not_applicable,1,,/home/hansel/Documents/ITProject/Python/PatchTST/experiments/results/baselines/beijing/72h_3h/predictions/trad_daily_naive.npz,1.4792513847351074,1.2162447881635947,0.8698220252990723,90.530517578125,64.7447280883789,76.97564697265625,,,,,,,,72,3,beijing,,not_applicable,"ingested from experiment/baseline-comparison-ablation (same arm definition, same config/seed/data)",/home/hansel/Documents/ITProject/Python/PatchTST/experiments/results/baselines/beijing/72h_3h/raw_metrics.csv,/home/hansel/Documents/ITProject/Python/PatchTST/experiments/results/baselines/beijing/72h_3h/predictions/trad_daily_naive.npz,experiments/results/single_station_baselines/beijing/72h_3h,True
trad_persistence,trad_persistence,deterministic,completed,0,,3.619992639869452e-06,0.0037122329958947,test,0,0,A,not_applicable,not_applicable,1,,/home/hansel/Documents/ITProject/Python/PatchTST/experiments/results/baselines/beijing/72h_3h/predictions/trad_persistence.npz,0.19047915935516357,0.4364391817368871,0.22023119032382965,32.486114501953125,16.39278793334961,23.03390121459961,,,,,,,,72,3,beijing,,not_applicable,"ingested from experiment/baseline-comparison-ablation (same arm definition, same config/seed/data)",/home/hansel/Documents/ITProject/Python/PatchTST/experiments/results/baselines/beijing/72h_3h/raw_metrics.csv,/home/hansel/Documents/ITProject/Python/PatchTST/experiments/results/baselines/beijing/72h_3h/predictions/trad_persistence.npz,experiments/results/single_station_baselines/beijing/72h_3h,True
trad_ridge,trad_ridge,deterministic,completed,0,,0.0237102510000113,0.0025145840045297,test,0,0,A,not_applicable,not_applicable,1,10.0,/home/hansel/Documents/ITProject/Python/PatchTST/experiments/results/baselines/beijing/72h_3h/predictions/trad_ridge.npz,0.1852189302444458,0.4303706893416951,0.22374245524406433,32.03440856933594,16.654150009155273,25.92875099182129,,,,,,,,72,3,beijing,,not_applicable,"ingested from experiment/baseline-comparison-ablation (same arm definition, same config/seed/data)",/home/hansel/Documents/ITProject/Python/PatchTST/experiments/results/baselines/beijing/72h_3h/raw_metrics.csv,/home/hansel/Documents/ITProject/Python/PatchTST/experiments/results/baselines/beijing/72h_3h/predictions/trad_ridge.npz,experiments/results/single_station_baselines/beijing/72h_3h,True
trad_ar,trad_ar,deterministic,completed,0,,0.0099167190055595,0.0021443800069391,test,0,0,A,not_applicable,not_applicable,1,,/home/hansel/Documents/ITProject/Python/PatchTST/experiments/results/baselines/beijing/72h_6h/predictions/trad_ar.npz,0.303684800863266,0.5510760390937588,0.3163236975669861,41.01632308959961,23.5438232421875,34.81618118286133,,,,,,,,72,6,beijing,,not_applicable,"ingested from experiment/baseline-comparison-ablation (same arm definition, same config/seed/data)",/home/hansel/Documents/ITProject/Python/PatchTST/experiments/results/baselines/beijing/72h_6h/raw_metrics.csv,/home/hansel/Documents/ITProject/Python/PatchTST/experiments/results/baselines/beijing/72h_6h/predictions/trad_ar.npz,experiments/results/single_station_baselines/beijing/72h_6h,True
trad_climatology,trad_climatology,deterministic,completed,0,,0.0083136399916838,0.0020267700019758,test,0,0,A,not_applicable,not_applicable,1,,/home/hansel/Documents/ITProject/Python/PatchTST/experiments/results/baselines/beijing/72h_6h/predictions/trad_climatology.npz,0.9868986010551453,0.9934277029835363,0.7525556087493896,73.94034576416016,56.012351989746094,71.4715347290039,,,,,,,,72,6,beijing,,not_applicable,"ingested from experiment/baseline-comparison-ablation (same arm definition, same config/seed/data)",/home/hansel/Documents/ITProject/Python/PatchTST/experiments/results/baselines/beijing/72h_6h/raw_metrics.csv,/home/hansel/Documents/ITProject/Python/PatchTST/experiments/results/baselines/beijing/72h_6h/predictions/trad_climatology.npz,experiments/results/single_station_baselines/beijing/72h_6h,True
trad_daily_naive,trad_daily_naive,deterministic,completed,0,,2.040003892034292e-06,0.0018493700044928,test,0,0,A,not_applicable,not_applicable,1,,/home/hansel/Documents/ITProject/Python/PatchTST/experiments/results/baselines/beijing/72h_6h/predictions/trad_daily_naive.npz,1.4802618026733398,1.2166601015375411,0.8700516819953918,90.55542755126953,64.75753021240234,76.99480438232422,,,,,,,,72,6,beijing,,not_applicable,"ingested from experiment/baseline-comparison-ablation (same arm definition, same config/seed/data)",/home/hansel/Documents/ITProject/Python/PatchTST/experiments/results/baselines/beijing/72h_6h/raw_metrics.csv,/home/hansel/Documents/ITProject/Python/PatchTST/experiments/results/baselines/beijing/72h_6h/predictions/trad_daily_naive.npz,experiments/results/single_station_baselines/beijing/72h_6h,True
trad_persistence,trad_persistence,deterministic,completed,0,,3.298991941846907e-06,0.0021373909985413,test,0,0,A,not_applicable,not_applicable,1,,/home/hansel/Documents/ITProject/Python/PatchTST/experiments/results/baselines/beijing/72h_6h/predictions/trad_persistence.npz,0.3243829011917114,0.5695462239289375,0.3099801540374756,42.39105224609375,23.07167625427246,31.448328018188477,,,,,,,,72,6,beijing,,not_applicable,"ingested from experiment/baseline-comparison-ablation (same arm definition, same config/seed/data)",/home/hansel/Documents/ITProject/Python/PatchTST/experiments/results/baselines/beijing/72h_6h/raw_metrics.csv,/home/hansel/Documents/ITProject/Python/PatchTST/experiments/results/baselines/beijing/72h_6h/predictions/trad_persistence.npz,experiments/results/single_station_baselines/beijing/72h_6h,True
trad_ridge,trad_ridge,deterministic,completed,0,,0.0244590380025329,0.0025258389941882,test,0,0,A,not_applicable,not_applicable,1,10.0,/home/hansel/Documents/ITProject/Python/PatchTST/experiments/results/baselines/beijing/72h_6h/predictions/trad_ridge.npz,0.298236221075058,0.5461100814625729,0.31330785155296326,40.64670944213867,23.319351196289062,34.60171890258789,,,,,,,,72,6,beijing,,not_applicable,"ingested from experiment/baseline-comparison-ablation (same arm definition, same config/seed/data)",/home/hansel/Documents/ITProject/Python/PatchTST/experiments/results/baselines/beijing/72h_6h/raw_metrics.csv,/home/hansel/Documents/ITProject/Python/PatchTST/experiments/results/baselines/beijing/72h_6h/predictions/trad_ridge.npz,experiments/results/single_station_baselines/beijing/72h_6h,True
trad_climatology,trad_climatology,deterministic,completed,0,,0.0097293950002494,0.0018540350001785,test,0,0,A,not_applicable,not_applicable,1,,/home/hansel/Documents/ITProject/Python/PatchTST/experiments/results/baselines/guangzhou/168h_6h/station_9020/predictions/trad_climatology.npz,1.0157533884048462,1.0078459150112413,0.8402069211006165,23.367673873901367,19.480838775634766,62.13992691040039,,,,,,,,168,6,guangzhou,9020.0,not_applicable,"ingested from experiment/baseline-comparison-ablation (same arm definition, same config/seed/data)",/home/hansel/Documents/ITProject/Python/PatchTST/experiments/results/baselines/guangzhou/168h_6h/station_9020/raw_metrics.csv,/home/hansel/Documents/ITProject/Python/PatchTST/experiments/results/baselines/guangzhou/168h_6h/station_9020/predictions/trad_climatology.npz,experiments/results/single_station_baselines/guangzhou/168h_6h/station_9020,True
trad_daily_naive,trad_daily_naive,deterministic,completed,0,,4.439999429450836e-06,0.0022399090003091,test,0,0,A,not_applicable,not_applicable,1,,/home/hansel/Documents/ITProject/Python/PatchTST/experiments/results/baselines/guangzhou/168h_6h/station_9020/predictions/trad_daily_naive.npz,0.9909107685089111,0.995445010288821,0.7161232829093933,23.080150604248047,16.603862762451172,57.6469841003418,,,,,,,,168,6,guangzhou,9020.0,not_applicable,"ingested from experiment/baseline-comparison-ablation (same arm definition, same config/seed/data)",/home/hansel/Documents/ITProject/Python/PatchTST/experiments/results/baselines/guangzhou/168h_6h/station_9020/raw_metrics.csv,/home/hansel/Documents/ITProject/Python/PatchTST/experiments/results/baselines/guangzhou/168h_6h/station_9020/predictions/trad_daily_naive.npz,experiments/results/single_station_baselines/guangzhou/168h_6h/station_9020,True
trad_persistence,trad_persistence,deterministic,completed,0,,5.099999725644011e-06,0.0024361460000363,test,0,0,A,not_applicable,not_applicable,1,,/home/hansel/Documents/ITProject/Python/PatchTST/experiments/results/baselines/guangzhou/168h_6h/station_9020/predictions/trad_persistence.npz,0.2927156388759613,0.541032012801425,0.3540942072868347,12.544239044189453,8.209942817687988,31.725263595581055,,,,,,,,168,6,guangzhou,9020.0,not_applicable,"ingested from experiment/baseline-comparison-ablation (same arm definition, same config/seed/data)",/home/hansel/Documents/ITProject/Python/PatchTST/experiments/results/baselines/guangzhou/168h_6h/station_9020/raw_metrics.csv,/home/hansel/Documents/ITProject/Python/PatchTST/experiments/results/baselines/guangzhou/168h_6h/station_9020/predictions/trad_persistence.npz,experiments/results/single_station_baselines/guangzhou/168h_6h/station_9020,True
trad_climatology,trad_climatology,deterministic,completed,0,,0.0091916569999739,0.001871057000244,test,0,0,A,not_applicable,not_applicable,1,,/home/hansel/Documents/ITProject/Python/PatchTST/experiments/results/baselines/guangzhou/168h_6h/station_9026/predictions/trad_climatology.npz,0.9451444745063782,0.9721854115889511,0.8039668798446655,22.680801391601562,18.756311416625977,54.93832778930664,,,,,,,,168,6,guangzhou,9026.0,not_applicable,"ingested from experiment/baseline-comparison-ablation (same arm definition, same config/seed/data)",/home/hansel/Documents/ITProject/Python/PatchTST/experiments/results/baselines/guangzhou/168h_6h/station_9026/raw_metrics.csv,/home/hansel/Documents/ITProject/Python/PatchTST/experiments/results/baselines/guangzhou/168h_6h/station_9026/predictions/trad_climatology.npz,experiments/results/single_station_baselines/guangzhou/168h_6h/station_9026,True
trad_daily_naive,trad_daily_naive,deterministic,completed,0,,3.450000804150477e-06,0.002102645999912,test,0,0,A,not_applicable,not_applicable,1,,/home/hansel/Documents/ITProject/Python/PatchTST/experiments/results/baselines/guangzhou/168h_6h/station_9026/predictions/trad_daily_naive.npz,0.958717405796051,0.9791411572373265,0.7148310542106628,22.84307861328125,16.676799774169922,53.04697799682617,,,,,,,,168,6,guangzhou,9026.0,not_applicable,"ingested from experiment/baseline-comparison-ablation (same arm definition, same config/seed/data)",/home/hansel/Documents/ITProject/Python/PatchTST/experiments/results/baselines/guangzhou/168h_6h/station_9026/raw_metrics.csv,/home/hansel/Documents/ITProject/Python/PatchTST/experiments/results/baselines/guangzhou/168h_6h/station_9026/predictions/trad_daily_naive.npz,experiments/results/single_station_baselines/guangzhou/168h_6h/station_9026,True
trad_persistence,trad_persistence,deterministic,completed,0,,4.520000402408186e-06,0.0046695780001755,test,0,0,A,not_applicable,not_applicable,1,,/home/hansel/Documents/ITProject/Python/PatchTST/experiments/results/baselines/guangzhou/168h_6h/station_9026/predictions/trad_persistence.npz,0.368049293756485,0.6066706633392495,0.37424159049987793,14.153450012207031,8.730947494506836,28.416208267211914,,,,,,,,168,6,guangzhou,9026.0,not_applicable,"ingested from experiment/baseline-comparison-ablation (same arm definition, same config/seed/data)",/home/hansel/Documents/ITProject/Python/PatchTST/experiments/results/baselines/guangzhou/168h_6h/station_9026/raw_metrics.csv,/home/hansel/Documents/ITProject/Python/PatchTST/experiments/results/baselines/guangzhou/168h_6h/station_9026/predictions/trad_persistence.npz,experiments/results/single_station_baselines/guangzhou/168h_6h/station_9026,True
trad_climatology,trad_climatology,deterministic,completed,0,,0.0095307179999508,0.0018188719996032,test,0,0,A,not_applicable,not_applicable,1,,/home/hansel/Documents/ITProject/Python/PatchTST/experiments/results/baselines/guangzhou/168h_6h/station_9032/predictions/trad_climatology.npz,0.9278292059898376,0.9632389142833867,0.7255542278289795,27.739168167114258,20.89437484741211,53.01351547241211,,,,,,,,168,6,guangzhou,9032.0,not_applicable,"ingested from experiment/baseline-comparison-ablation (same arm definition, same config/seed/data)",/home/hansel/Documents/ITProject/Python/PatchTST/experiments/results/baselines/guangzhou/168h_6h/station_9032/raw_metrics.csv,/home/hansel/Documents/ITProject/Python/PatchTST/experiments/results/baselines/guangzhou/168h_6h/station_9032/predictions/trad_climatology.npz,experiments/results/single_station_baselines/guangzhou/168h_6h/station_9032,True
trad_daily_naive,trad_daily_naive,deterministic,completed,0,,2.5199997253366746e-06,0.0017866029993456,test,0,0,A,not_applicable,not_applicable,1,,/home/hansel/Documents/ITProject/Python/PatchTST/experiments/results/baselines/guangzhou/168h_6h/station_9032/predictions/trad_daily_naive.npz,1.1287776231765747,1.06243946800586,0.6734402179718018,30.595930099487305,19.393604278564453,46.730804443359375,,,,,,,,168,6,guangzhou,9032.0,not_applicable,"ingested from experiment/baseline-comparison-ablation (same arm definition, same config/seed/data)",/home/hansel/Documents/ITProject/Python/PatchTST/experiments/results/baselines/guangzhou/168h_6h/station_9032/raw_metrics.csv,/home/hansel/Documents/ITProject/Python/PatchTST/experiments/results/baselines/guangzhou/168h_6h/station_9032/predictions/trad_daily_naive.npz,experiments/results/single_station_baselines/guangzhou/168h_6h/station_9032,True
trad_persistence,trad_persistence,deterministic,completed,0,,3.830000423477031e-06,0.0021899490002397,test,0,0,A,not_applicable,not_applicable,1,,/home/hansel/Documents/ITProject/Python/PatchTST/experiments/results/baselines/guangzhou/168h_6h/station_9032/predictions/trad_persistence.npz,0.2384677678346634,0.4883316166650111,0.2821972370147705,14.062880516052246,8.126662254333496,21.14472770690918,,,,,,,,168,6,guangzhou,9032.0,not_applicable,"ingested from experiment/baseline-comparison-ablation (same arm definition, same config/seed/data)",/home/hansel/Documents/ITProject/Python/PatchTST/experiments/results/baselines/guangzhou/168h_6h/station_9032/raw_metrics.csv,/home/hansel/Documents/ITProject/Python/PatchTST/experiments/results/baselines/guangzhou/168h_6h/station_9032/predictions/trad_persistence.npz,experiments/results/single_station_baselines/guangzhou/168h_6h/station_9032,True
trad_climatology,trad_climatology,deterministic,completed,0,,0.0086810949997016,0.0018539610000516,test,0,0,A,not_applicable,not_applicable,1,,/home/hansel/Documents/ITProject/Python/PatchTST/experiments/results/baselines/guangzhou/168h_6h/station_9033/predictions/trad_climatology.npz,0.7631024718284607,0.8735573660776152,0.643538773059845,26.29218101501465,19.36911964416504,50.16291809082031,,,,,,,,168,6,guangzhou,9033.0,not_applicable,"ingested from experiment/baseline-comparison-ablation (same arm definition, same config/seed/data)",/home/hansel/Documents/ITProject/Python/PatchTST/experiments/results/baselines/guangzhou/168h_6h/station_9033/raw_metrics.csv,/home/hansel/Documents/ITProject/Python/PatchTST/experiments/results/baselines/guangzhou/168h_6h/station_9033/predictions/trad_climatology.npz,experiments/results/single_station_baselines/guangzhou/168h_6h/station_9033,True
trad_daily_naive,trad_daily_naive,deterministic,completed,0,,3.760000254260376e-06,0.0018530000006649,test,0,0,A,not_applicable,not_applicable,1,,/home/hansel/Documents/ITProject/Python/PatchTST/experiments/results/baselines/guangzhou/168h_6h/station_9033/predictions/trad_daily_naive.npz,1.0257982015609741,1.0128169635037587,0.6691710352897644,30.483591079711914,20.140594482421875,50.895572662353516,,,,,,,,168,6,guangzhou,9033.0,not_applicable,"ingested from experiment/baseline-comparison-ablation (same arm definition, same config/seed/data)",/home/hansel/Documents/ITProject/Python/PatchTST/experiments/results/baselines/guangzhou/168h_6h/station_9033/raw_metrics.csv,/home/hansel/Documents/ITProject/Python/PatchTST/experiments/results/baselines/guangzhou/168h_6h/station_9033/predictions/trad_daily_naive.npz,experiments/results/single_station_baselines/guangzhou/168h_6h/station_9033,True
trad_persistence,trad_persistence,deterministic,completed,0,,5.580000106419902e-06,0.0024384270000155,test,0,0,A,not_applicable,not_applicable,1,,/home/hansel/Documents/ITProject/Python/PatchTST/experiments/results/baselines/guangzhou/168h_6h/station_9033/predictions/trad_persistence.npz,0.30883362889289856,0.5557280170127277,0.3148518204689026,16.726205825805664,9.476356506347656,25.658395767211914,,,,,,,,168,6,guangzhou,9033.0,not_applicable,"ingested from experiment/baseline-comparison-ablation (same arm definition, same config/seed/data)",/home/hansel/Documents/ITProject/Python/PatchTST/experiments/results/baselines/guangzhou/168h_6h/station_9033/raw_metrics.csv,/home/hansel/Documents/ITProject/Python/PatchTST/experiments/results/baselines/guangzhou/168h_6h/station_9033/predictions/trad_persistence.npz,experiments/results/single_station_baselines/guangzhou/168h_6h/station_9033,True
trad_climatology,trad_climatology,deterministic,completed,0,,0.0107256420005796,0.0018690789993343,test,0,0,A,not_applicable,not_applicable,1,,/home/hansel/Documents/ITProject/Python/PatchTST/experiments/results/baselines/guangzhou/168h_6h/station_9038/predictions/trad_climatology.npz,0.7167396545410156,0.8466047806036862,0.7061784863471985,19.9791316986084,16.665193557739258,49.65192794799805,,,,,,,,168,6,guangzhou,9038.0,not_applicable,"ingested from experiment/baseline-comparison-ablation (same arm definition, same config/seed/data)",/home/hansel/Documents/ITProject/Python/PatchTST/experiments/results/baselines/guangzhou/168h_6h/station_9038/raw_metrics.csv,/home/hansel/Documents/ITProject/Python/PatchTST/experiments/results/baselines/guangzhou/168h_6h/station_9038/predictions/trad_climatology.npz,experiments/results/single_station_baselines/guangzhou/168h_6h/station_9038,True
trad_daily_naive,trad_daily_naive,deterministic,completed,0,,2.8399999791872688e-06,0.0018728389995885,test,0,0,A,not_applicable,not_applicable,1,,/home/hansel/Documents/ITProject/Python/PatchTST/experiments/results/baselines/guangzhou/168h_6h/station_9038/predictions/trad_daily_naive.npz,0.7367849946022034,0.8583618086810499,0.6561465263366699,20.2565860748291,15.48448371887207,49.30525588989258,,,,,,,,168,6,guangzhou,9038.0,not_applicable,"ingested from experiment/baseline-comparison-ablation (same arm definition, same config/seed/data)",/home/hansel/Documents/ITProject/Python/PatchTST/experiments/results/baselines/guangzhou/168h_6h/station_9038/raw_metrics.csv,/home/hansel/Documents/ITProject/Python/PatchTST/experiments/results/baselines/guangzhou/168h_6h/station_9038/predictions/trad_daily_naive.npz,experiments/results/single_station_baselines/guangzhou/168h_6h/station_9038,True
trad_persistence,trad_persistence,deterministic,completed,0,,4.129999979340937e-06,0.0021417770003608,test,0,0,A,not_applicable,not_applicable,1,,/home/hansel/Documents/ITProject/Python/PatchTST/experiments/results/baselines/guangzhou/168h_6h/station_9038/predictions/trad_persistence.npz,0.25366395711898804,0.5036506300194491,0.34827202558517456,11.885714530944824,8.218914985656738,27.469221115112305,,,,,,,,168,6,guangzhou,9038.0,not_applicable,"ingested from experiment/baseline-comparison-ablation (same arm definition, same config/seed/data)",/home/hansel/Documents/ITProject/Python/PatchTST/experiments/results/baselines/guangzhou/168h_6h/station_9038/raw_metrics.csv,/home/hansel/Documents/ITProject/Python/PatchTST/experiments/results/baselines/guangzhou/168h_6h/station_9038/predictions/trad_persistence.npz,experiments/results/single_station_baselines/guangzhou/168h_6h/station_9038,True
trad_climatology,trad_climatology,deterministic,completed,0,,0.0092134140004418,0.0017869700004666,test,0,0,A,not_applicable,not_applicable,1,,/home/hansel/Documents/ITProject/Python/PatchTST/experiments/results/baselines/guangzhou/168h_6h/station_9039/predictions/trad_climatology.npz,1.0512439012527466,1.025301858602015,0.7727339863777161,21.263757705688477,16.025747299194336,43.62422561645508,,,,,,,,168,6,guangzhou,9039.0,not_applicable,"ingested from experiment/baseline-comparison-ablation (same arm definition, same config/seed/data)",/home/hansel/Documents/ITProject/Python/PatchTST/experiments/results/baselines/guangzhou/168h_6h/station_9039/raw_metrics.csv,/home/hansel/Documents/ITProject/Python/PatchTST/experiments/results/baselines/guangzhou/168h_6h/station_9039/predictions/trad_climatology.npz,experiments/results/single_station_baselines/guangzhou/168h_6h/station_9039,True
trad_daily_naive,trad_daily_naive,deterministic,completed,0,,1.97000008483883e-06,0.0016924199999266,test,0,0,A,not_applicable,not_applicable,1,,/home/hansel/Documents/ITProject/Python/PatchTST/experiments/results/baselines/guangzhou/168h_6h/station_9039/predictions/trad_daily_naive.npz,1.3387681245803833,1.1570514787944326,0.8340327143669128,23.996116638183594,17.29702377319336,46.610904693603516,,,,,,,,168,6,guangzhou,9039.0,not_applicable,"ingested from experiment/baseline-comparison-ablation (same arm definition, same config/seed/data)",/home/hansel/Documents/ITProject/Python/PatchTST/experiments/results/baselines/guangzhou/168h_6h/station_9039/raw_metrics.csv,/home/hansel/Documents/ITProject/Python/PatchTST/experiments/results/baselines/guangzhou/168h_6h/station_9039/predictions/trad_daily_naive.npz,experiments/results/single_station_baselines/guangzhou/168h_6h/station_9039,True
trad_persistence,trad_persistence,deterministic,completed,0,,3.9300002754316665e-06,0.0027226129996051,test,0,0,A,not_applicable,not_applicable,1,,/home/hansel/Documents/ITProject/Python/PatchTST/experiments/results/baselines/guangzhou/168h_6h/station_9039/predictions/trad_persistence.npz,0.3233199119567871,0.5686122685598571,0.3263767957687378,11.792462348937988,6.768735408782959,17.44298553466797,,,,,,,,168,6,guangzhou,9039.0,not_applicable,"ingested from experiment/baseline-comparison-ablation (same arm definition, same config/seed/data)",/home/hansel/Documents/ITProject/Python/PatchTST/experiments/results/baselines/guangzhou/168h_6h/station_9039/raw_metrics.csv,/home/hansel/Documents/ITProject/Python/PatchTST/experiments/results/baselines/guangzhou/168h_6h/station_9039/predictions/trad_persistence.npz,experiments/results/single_station_baselines/guangzhou/168h_6h/station_9039,True
trad_climatology,trad_climatology,deterministic,completed,0,,0.0096341829994344,0.0018214839992651,test,0,0,A,not_applicable,not_applicable,1,,/home/hansel/Documents/ITProject/Python/PatchTST/experiments/results/baselines/guangzhou/168h_6h/station_9045/predictions/trad_climatology.npz,1.0032230615615845,1.0016102343534556,0.7804322838783264,25.05641746520996,19.523399353027344,52.16326141357422,,,,,,,,168,6,guangzhou,9045.0,not_applicable,"ingested from experiment/baseline-comparison-ablation (same arm definition, same config/seed/data)",/home/hansel/Documents/ITProject/Python/PatchTST/experiments/results/baselines/guangzhou/168h_6h/station_9045/raw_metrics.csv,/home/hansel/Documents/ITProject/Python/PatchTST/experiments/results/baselines/guangzhou/168h_6h/station_9045/predictions/trad_climatology.npz,experiments/results/single_station_baselines/guangzhou/168h_6h/station_9045,True
trad_daily_naive,trad_daily_naive,deterministic,completed,0,,3.4899994716397487e-06,0.0019942919998356,test,0,0,A,not_applicable,not_applicable,1,,/home/hansel/Documents/ITProject/Python/PatchTST/experiments/results/baselines/guangzhou/168h_6h/station_9045/predictions/trad_daily_naive.npz,1.1875005960464478,1.0897250093700006,0.7844967842102051,27.260709762573242,19.625080108642578,53.24840545654297,,,,,,,,168,6,guangzhou,9045.0,not_applicable,"ingested from experiment/baseline-comparison-ablation (same arm definition, same config/seed/data)",/home/hansel/Documents/ITProject/Python/PatchTST/experiments/results/baselines/guangzhou/168h_6h/station_9045/raw_metrics.csv,/home/hansel/Documents/ITProject/Python/PatchTST/experiments/results/baselines/guangzhou/168h_6h/station_9045/predictions/trad_daily_naive.npz,experiments/results/single_station_baselines/guangzhou/168h_6h/station_9045,True
trad_persistence,trad_persistence,deterministic,completed,0,,3.750000360014383e-06,0.0023612189997948,test,0,0,A,not_applicable,not_applicable,1,,/home/hansel/Documents/ITProject/Python/PatchTST/experiments/results/baselines/guangzhou/168h_6h/station_9045/predictions/trad_persistence.npz,0.6851467490196228,0.827735917439628,0.5567949414253235,20.706754684448242,13.928857803344727,38.17280960083008,,,,,,,,168,6,guangzhou,9045.0,not_applicable,"ingested from experiment/baseline-comparison-ablation (same arm definition, same config/seed/data)",/home/hansel/Documents/ITProject/Python/PatchTST/experiments/results/baselines/guangzhou/168h_6h/station_9045/raw_metrics.csv,/home/hansel/Documents/ITProject/Python/PatchTST/experiments/results/baselines/guangzhou/168h_6h/station_9045/predictions/trad_persistence.npz,experiments/results/single_station_baselines/guangzhou/168h_6h/station_9045,True
trad_climatology,trad_climatology,deterministic,completed,0,,0.0093153259995233,0.0017982259996642,test,0,0,A,not_applicable,not_applicable,1,,/home/hansel/Documents/ITProject/Python/PatchTST/experiments/results/baselines/guangzhou/168h_6h/station_9046/predictions/trad_climatology.npz,0.9368306994438171,0.9679001495215388,0.807838499546051,27.996448516845703,23.366674423217773,60.698299407958984,,,,,,,,168,6,guangzhou,9046.0,not_applicable,"ingested from experiment/baseline-comparison-ablation (same arm definition, same config/seed/data)",/home/hansel/Documents/ITProject/Python/PatchTST/experiments/results/baselines/guangzhou/168h_6h/station_9046/raw_metrics.csv,/home/hansel/Documents/ITProject/Python/PatchTST/experiments/results/baselines/guangzhou/168h_6h/station_9046/predictions/trad_climatology.npz,experiments/results/single_station_baselines/guangzhou/168h_6h/station_9046,True
trad_daily_naive,trad_daily_naive,deterministic,completed,0,,2.409999979136046e-06,0.0017396370003552,test,0,0,A,not_applicable,not_applicable,1,,/home/hansel/Documents/ITProject/Python/PatchTST/experiments/results/baselines/guangzhou/168h_6h/station_9046/predictions/trad_daily_naive.npz,1.0955880880355835,1.046703438436878,0.7458505034446716,30.275829315185547,21.57367515563965,58.96876907348633,,,,,,,,168,6,guangzhou,9046.0,not_applicable,"ingested from experiment/baseline-comparison-ablation (same arm definition, same config/seed/data)",/home/hansel/Documents/ITProject/Python/PatchTST/experiments/results/baselines/guangzhou/168h_6h/station_9046/raw_metrics.csv,/home/hansel/Documents/ITProject/Python/PatchTST/experiments/results/baselines/guangzhou/168h_6h/station_9046/predictions/trad_daily_naive.npz,experiments/results/single_station_baselines/guangzhou/168h_6h/station_9046,True
trad_persistence,trad_persistence,deterministic,completed,0,,7.539999387518037e-06,0.0019601129997681,test,0,0,A,not_applicable,not_applicable,1,,/home/hansel/Documents/ITProject/Python/PatchTST/experiments/results/baselines/guangzhou/168h_6h/station_9046/predictions/trad_persistence.npz,0.35636481642723083,0.5969629941857626,0.369522362947464,17.267114639282227,10.688410758972168,29.28239631652832,,,,,,,,168,6,guangzhou,9046.0,not_applicable,"ingested from experiment/baseline-comparison-ablation (same arm definition, same config/seed/data)",/home/hansel/Documents/ITProject/Python/PatchTST/experiments/results/baselines/guangzhou/168h_6h/station_9046/raw_metrics.csv,/home/hansel/Documents/ITProject/Python/PatchTST/experiments/results/baselines/guangzhou/168h_6h/station_9046/predictions/trad_persistence.npz,experiments/results/single_station_baselines/guangzhou/168h_6h/station_9046,True
trad_climatology,trad_climatology,deterministic,completed,0,,0.0062628340001538,0.001705963999484,test,0,0,A,not_applicable,not_applicable,1,,/home/hansel/Documents/ITProject/Python/PatchTST/experiments/results/baselines/guangzhou/24h_1h/station_9020/predictions/trad_climatology.npz,1.0041288137435913,1.0020622803716301,0.8287321925163269,23.233577728271484,19.214786529541016,60.41189956665039,,,,,,,,24,1,guangzhou,9020.0,not_applicable,"ingested from experiment/baseline-comparison-ablation (same arm definition, same config/seed/data)",/home/hansel/Documents/ITProject/Python/PatchTST/experiments/results/baselines/guangzhou/24h_1h/station_9020/raw_metrics.csv,/home/hansel/Documents/ITProject/Python/PatchTST/experiments/results/baselines/guangzhou/24h_1h/station_9020/predictions/trad_climatology.npz,experiments/results/single_station_baselines/guangzhou/24h_1h/station_9020,True
trad_daily_naive,trad_daily_naive,deterministic,completed,0,,2.089999725285452e-06,0.0017171740000776,test,0,0,A,not_applicable,not_applicable,1,,/home/hansel/Documents/ITProject/Python/PatchTST/experiments/results/baselines/guangzhou/24h_1h/station_9020/predictions/trad_daily_naive.npz,1.0188909769058228,1.00940129626716,0.7322602272033691,23.403738021850586,16.978010177612305,56.8948860168457,,,,,,,,24,1,guangzhou,9020.0,not_applicable,"ingested from experiment/baseline-comparison-ablation (same arm definition, same config/seed/data)",/home/hansel/Documents/ITProject/Python/PatchTST/experiments/results/baselines/guangzhou/24h_1h/station_9020/raw_metrics.csv,/home/hansel/Documents/ITProject/Python/PatchTST/experiments/results/baselines/guangzhou/24h_1h/station_9020/predictions/trad_daily_naive.npz,experiments/results/single_station_baselines/guangzhou/24h_1h/station_9020,True
trad_persistence,trad_persistence,deterministic,completed,0,,3.6199999158270657e-06,0.0020003030003863,test,0,0,A,not_applicable,not_applicable,1,,/home/hansel/Documents/ITProject/Python/PatchTST/experiments/results/baselines/guangzhou/24h_1h/station_9020/predictions/trad_persistence.npz,0.07139554619789124,0.26719945022003927,0.18484963476657867,6.195222854614258,4.285879611968994,17.782411575317383,,,,,,,,24,1,guangzhou,9020.0,not_applicable,"ingested from experiment/baseline-comparison-ablation (same arm definition, same config/seed/data)",/home/hansel/Documents/ITProject/Python/PatchTST/experiments/results/baselines/guangzhou/24h_1h/station_9020/raw_metrics.csv,/home/hansel/Documents/ITProject/Python/PatchTST/experiments/results/baselines/guangzhou/24h_1h/station_9020/predictions/trad_persistence.npz,experiments/results/single_station_baselines/guangzhou/24h_1h/station_9020,True
trad_climatology,trad_climatology,deterministic,completed,0,,0.0061017959960736,0.0016877940070116,test,0,0,A,not_applicable,not_applicable,1,,/home/hansel/Documents/ITProject/Python/PatchTST/experiments/results/baselines/guangzhou/24h_1h/station_9026/predictions/trad_climatology.npz,1.0302568674087524,1.0150156981095182,0.8052375316619873,23.680021286010742,18.78595733642578,53.663753509521484,,,,,,,,24,1,guangzhou,9026.0,not_applicable,"ingested from experiment/baseline-comparison-ablation (same arm definition, same config/seed/data)",/home/hansel/Documents/ITProject/Python/PatchTST/experiments/results/baselines/guangzhou/24h_1h/station_9026/raw_metrics.csv,/home/hansel/Documents/ITProject/Python/PatchTST/experiments/results/baselines/guangzhou/24h_1h/station_9026/predictions/trad_climatology.npz,experiments/results/single_station_baselines/guangzhou/24h_1h/station_9026,True
trad_daily_naive,trad_daily_naive,deterministic,completed,0,,6.949994713068008e-06,0.001656834007008,test,0,0,A,not_applicable,not_applicable,1,,/home/hansel/Documents/ITProject/Python/PatchTST/experiments/results/baselines/guangzhou/24h_1h/station_9026/predictions/trad_daily_naive.npz,1.1942336559295654,1.0928099816205767,0.7576077580451965,25.494937896728516,17.674768447875977,52.95940017700195,,,,,,,,24,1,guangzhou,9026.0,not_applicable,"ingested from experiment/baseline-comparison-ablation (same arm definition, same config/seed/data)",/home/hansel/Documents/ITProject/Python/PatchTST/experiments/results/baselines/guangzhou/24h_1h/station_9026/raw_metrics.csv,/home/hansel/Documents/ITProject/Python/PatchTST/experiments/results/baselines/guangzhou/24h_1h/station_9026/predictions/trad_daily_naive.npz,experiments/results/single_station_baselines/guangzhou/24h_1h/station_9026,True
trad_persistence,trad_persistence,deterministic,completed,0,,2.800006768666208e-06,0.001706583003397,test,0,0,A,not_applicable,not_applicable,1,,/home/hansel/Documents/ITProject/Python/PatchTST/experiments/results/baselines/guangzhou/24h_1h/station_9026/predictions/trad_persistence.npz,0.11274442076683044,0.3357743599008573,0.1922173649072647,7.833518028259277,4.484375,14.631364822387695,,,,,,,,24,1,guangzhou,9026.0,not_applicable,"ingested from experiment/baseline-comparison-ablation (same arm definition, same config/seed/data)",/home/hansel/Documents/ITProject/Python/PatchTST/experiments/results/baselines/guangzhou/24h_1h/station_9026/raw_metrics.csv,/home/hansel/Documents/ITProject/Python/PatchTST/experiments/results/baselines/guangzhou/24h_1h/station_9026/predictions/trad_persistence.npz,experiments/results/single_station_baselines/guangzhou/24h_1h/station_9026,True
trad_climatology,trad_climatology,deterministic,completed,0,,0.0061880719995315,0.0017044969999915,test,0,0,A,not_applicable,not_applicable,1,,/home/hansel/Documents/ITProject/Python/PatchTST/experiments/results/baselines/guangzhou/24h_1h/station_9032/predictions/trad_climatology.npz,0.8732081055641174,0.9344560479573758,0.7006328701972961,26.91028594970703,20.176692962646484,51.33407211303711,,,,,,,,24,1,guangzhou,9032.0,not_applicable,"ingested from experiment/baseline-comparison-ablation (same arm definition, same config/seed/data)",/home/hansel/Documents/ITProject/Python/PatchTST/experiments/results/baselines/guangzhou/24h_1h/station_9032/raw_metrics.csv,/home/hansel/Documents/ITProject/Python/PatchTST/experiments/results/baselines/guangzhou/24h_1h/station_9032/predictions/trad_climatology.npz,experiments/results/single_station_baselines/guangzhou/24h_1h/station_9032,True
trad_daily_naive,trad_daily_naive,deterministic,completed,0,,1.8399996406515129e-06,0.0017151169995486,test,0,0,A,not_applicable,not_applicable,1,,/home/hansel/Documents/ITProject/Python/PatchTST/experiments/results/baselines/guangzhou/24h_1h/station_9032/predictions/trad_daily_naive.npz,1.0624425411224365,1.03074853437802,0.6571197509765625,29.68330192565918,18.92361068725586,45.68177032470703,,,,,,,,24,1,guangzhou,9032.0,not_applicable,"ingested from experiment/baseline-comparison-ablation (same arm definition, same config/seed/data)",/home/hansel/Documents/ITProject/Python/PatchTST/experiments/results/baselines/guangzhou/24h_1h/station_9032/raw_metrics.csv,/home/hansel/Documents/ITProject/Python/PatchTST/experiments/results/baselines/guangzhou/24h_1h/station_9032/predictions/trad_daily_naive.npz,experiments/results/single_station_baselines/guangzhou/24h_1h/station_9032,True
trad_persistence,trad_persistence,deterministic,completed,0,,3.629999810073059e-06,0.0021010139998907,test,0,0,A,not_applicable,not_applicable,1,,/home/hansel/Documents/ITProject/Python/PatchTST/experiments/results/baselines/guangzhou/24h_1h/station_9032/predictions/trad_persistence.npz,0.050422366708517075,0.2245492523000624,0.12993690371513367,6.466526985168457,3.7418980598449707,9.908601760864258,,,,,,,,24,1,guangzhou,9032.0,not_applicable,"ingested from experiment/baseline-comparison-ablation (same arm definition, same config/seed/data)",/home/hansel/Documents/ITProject/Python/PatchTST/experiments/results/baselines/guangzhou/24h_1h/station_9032/raw_metrics.csv,/home/hansel/Documents/ITProject/Python/PatchTST/experiments/results/baselines/guangzhou/24h_1h/station_9032/predictions/trad_persistence.npz,experiments/results/single_station_baselines/guangzhou/24h_1h/station_9032,True
trad_climatology,trad_climatology,deterministic,completed,0,,0.0067477790003067,0.0016969420003078,test,0,0,A,not_applicable,not_applicable,1,,/home/hansel/Documents/ITProject/Python/PatchTST/experiments/results/baselines/guangzhou/24h_1h/station_9033/predictions/trad_climatology.npz,0.733343243598938,0.8563546249066084,0.6319951415061951,25.7744140625,19.021682739257812,49.36126708984375,,,,,,,,24,1,guangzhou,9033.0,not_applicable,"ingested from experiment/baseline-comparison-ablation (same arm definition, same config/seed/data)",/home/hansel/Documents/ITProject/Python/PatchTST/experiments/results/baselines/guangzhou/24h_1h/station_9033/raw_metrics.csv,/home/hansel/Documents/ITProject/Python/PatchTST/experiments/results/baselines/guangzhou/24h_1h/station_9033/predictions/trad_climatology.npz,experiments/results/single_station_baselines/guangzhou/24h_1h/station_9033,True
trad_daily_naive,trad_daily_naive,deterministic,completed,0,,3.0500000320898835e-06,0.0018530900001678,test,0,0,A,not_applicable,not_applicable,1,,/home/hansel/Documents/ITProject/Python/PatchTST/experiments/results/baselines/guangzhou/24h_1h/station_9033/predictions/trad_daily_naive.npz,0.9749760031700134,0.9874087315646005,0.6573471426963806,29.718860626220703,19.78472137451172,49.996360778808594,,,,,,,,24,1,guangzhou,9033.0,not_applicable,"ingested from experiment/baseline-comparison-ablation (same arm definition, same config/seed/data)",/home/hansel/Documents/ITProject/Python/PatchTST/experiments/results/baselines/guangzhou/24h_1h/station_9033/raw_metrics.csv,/home/hansel/Documents/ITProject/Python/PatchTST/experiments/results/baselines/guangzhou/24h_1h/station_9033/predictions/trad_daily_naive.npz,experiments/results/single_station_baselines/guangzhou/24h_1h/station_9033,True
trad_persistence,trad_persistence,deterministic,completed,0,,4.70000031782547e-06,0.0020403379999152,test,0,0,A,not_applicable,not_applicable,1,,/home/hansel/Documents/ITProject/Python/PatchTST/experiments/results/baselines/guangzhou/24h_1h/station_9033/predictions/trad_persistence.npz,0.12527157366275787,0.35393724537374965,0.17521950602531433,10.652741432189941,5.273726940155029,15.332452774047852,,,,,,,,24,1,guangzhou,9033.0,not_applicable,"ingested from experiment/baseline-comparison-ablation (same arm definition, same config/seed/data)",/home/hansel/Documents/ITProject/Python/PatchTST/experiments/results/baselines/guangzhou/24h_1h/station_9033/raw_metrics.csv,/home/hansel/Documents/ITProject/Python/PatchTST/experiments/results/baselines/guangzhou/24h_1h/station_9033/predictions/trad_persistence.npz,experiments/results/single_station_baselines/guangzhou/24h_1h/station_9033,True
trad_climatology,trad_climatology,deterministic,completed,0,,0.0062406980005107,0.0016885559998627,test,0,0,A,not_applicable,not_applicable,1,,/home/hansel/Documents/ITProject/Python/PatchTST/experiments/results/baselines/guangzhou/24h_1h/station_9038/predictions/trad_climatology.npz,0.7615246176719666,0.8726537788103405,0.7059109807014465,20.59386444091797,16.65888214111328,48.685394287109375,,,,,,,,24,1,guangzhou,9038.0,not_applicable,"ingested from experiment/baseline-comparison-ablation (same arm definition, same config/seed/data)",/home/hansel/Documents/ITProject/Python/PatchTST/experiments/results/baselines/guangzhou/24h_1h/station_9038/raw_metrics.csv,/home/hansel/Documents/ITProject/Python/PatchTST/experiments/results/baselines/guangzhou/24h_1h/station_9038/predictions/trad_climatology.npz,experiments/results/single_station_baselines/guangzhou/24h_1h/station_9038,True
trad_daily_naive,trad_daily_naive,deterministic,completed,0,,2.39000019064406e-06,0.0017041959999914,test,0,0,A,not_applicable,not_applicable,1,,/home/hansel/Documents/ITProject/Python/PatchTST/experiments/results/baselines/guangzhou/24h_1h/station_9038/predictions/trad_daily_naive.npz,0.8231937289237976,0.9073002418845691,0.6768386960029602,21.41149139404297,15.972801208496094,48.7796516418457,,,,,,,,24,1,guangzhou,9038.0,not_applicable,"ingested from experiment/baseline-comparison-ablation (same arm definition, same config/seed/data)",/home/hansel/Documents/ITProject/Python/PatchTST/experiments/results/baselines/guangzhou/24h_1h/station_9038/raw_metrics.csv,/home/hansel/Documents/ITProject/Python/PatchTST/experiments/results/baselines/guangzhou/24h_1h/station_9038/predictions/trad_daily_naive.npz,experiments/results/single_station_baselines/guangzhou/24h_1h/station_9038,True
trad_persistence,trad_persistence,deterministic,completed,0,,3.7800000427523615e-06,0.0020425530001375,test,0,0,A,not_applicable,not_applicable,1,,/home/hansel/Documents/ITProject/Python/PatchTST/experiments/results/baselines/guangzhou/24h_1h/station_9038/predictions/trad_persistence.npz,0.10213585197925568,0.3195870022063721,0.21552608907222748,7.54197359085083,5.086226940155029,17.785888671875,,,,,,,,24,1,guangzhou,9038.0,not_applicable,"ingested from experiment/baseline-comparison-ablation (same arm definition, same config/seed/data)",/home/hansel/Documents/ITProject/Python/PatchTST/experiments/results/baselines/guangzhou/24h_1h/station_9038/raw_metrics.csv,/home/hansel/Documents/ITProject/Python/PatchTST/experiments/results/baselines/guangzhou/24h_1h/station_9038/predictions/trad_persistence.npz,experiments/results/single_station_baselines/guangzhou/24h_1h/station_9038,True
trad_climatology,trad_climatology,deterministic,completed,0,,0.006132720000096,0.0017220899999301,test,0,0,A,not_applicable,not_applicable,1,,/home/hansel/Documents/ITProject/Python/PatchTST/experiments/results/baselines/guangzhou/24h_1h/station_9039/predictions/trad_climatology.npz,1.107972264289856,1.0526026146128729,0.7814332246780396,21.8299503326416,16.20616340637207,43.105018615722656,,,,,,,,24,1,guangzhou,9039.0,not_applicable,"ingested from experiment/baseline-comparison-ablation (same arm definition, same config/seed/data)",/home/hansel/Documents/ITProject/Python/PatchTST/experiments/results/baselines/guangzhou/24h_1h/station_9039/raw_metrics.csv,/home/hansel/Documents/ITProject/Python/PatchTST/experiments/results/baselines/guangzhou/24h_1h/station_9039/predictions/trad_climatology.npz,experiments/results/single_station_baselines/guangzhou/24h_1h/station_9039,True
trad_daily_naive,trad_daily_naive,deterministic,completed,0,,2.350000158912735e-06,0.0018060500001411,test,0,0,A,not_applicable,not_applicable,1,,/home/hansel/Documents/ITProject/Python/PatchTST/experiments/results/baselines/guangzhou/24h_1h/station_9039/predictions/trad_daily_naive.npz,1.3751568794250488,1.172670831659528,0.846303403377533,24.32004737854004,17.551504135131836,45.93446731567383,,,,,,,,24,1,guangzhou,9039.0,not_applicable,"ingested from experiment/baseline-comparison-ablation (same arm definition, same config/seed/data)",/home/hansel/Documents/ITProject/Python/PatchTST/experiments/results/baselines/guangzhou/24h_1h/station_9039/raw_metrics.csv,/home/hansel/Documents/ITProject/Python/PatchTST/experiments/results/baselines/guangzhou/24h_1h/station_9039/predictions/trad_daily_naive.npz,experiments/results/single_station_baselines/guangzhou/24h_1h/station_9039,True
trad_persistence,trad_persistence,deterministic,completed,0,,5.569999757426558e-06,0.0018291989999852,test,0,0,A,not_applicable,not_applicable,1,,/home/hansel/Documents/ITProject/Python/PatchTST/experiments/results/baselines/guangzhou/24h_1h/station_9039/predictions/trad_persistence.npz,0.07793332636356354,0.2791654103995757,0.15481193363666534,5.789618015289307,3.2106480598449707,8.001128196716309,,,,,,,,24,1,guangzhou,9039.0,not_applicable,"ingested from experiment/baseline-comparison-ablation (same arm definition, same config/seed/data)",/home/hansel/Documents/ITProject/Python/PatchTST/experiments/results/baselines/guangzhou/24h_1h/station_9039/raw_metrics.csv,/home/hansel/Documents/ITProject/Python/PatchTST/experiments/results/baselines/guangzhou/24h_1h/station_9039/predictions/trad_persistence.npz,experiments/results/single_station_baselines/guangzhou/24h_1h/station_9039,True
trad_climatology,trad_climatology,deterministic,completed,0,,0.0062559749994761,0.0017152370000985,test,0,0,A,not_applicable,not_applicable,1,,/home/hansel/Documents/ITProject/Python/PatchTST/experiments/results/baselines/guangzhou/24h_1h/station_9045/predictions/trad_climatology.npz,0.9778038263320923,0.988839636307168,0.7673014998435974,24.73694610595703,19.194917678833008,51.04433822631836,,,,,,,,24,1,guangzhou,9045.0,not_applicable,"ingested from experiment/baseline-comparison-ablation (same arm definition, same config/seed/data)",/home/hansel/Documents/ITProject/Python/PatchTST/experiments/results/baselines/guangzhou/24h_1h/station_9045/raw_metrics.csv,/home/hansel/Documents/ITProject/Python/PatchTST/experiments/results/baselines/guangzhou/24h_1h/station_9045/predictions/trad_climatology.npz,experiments/results/single_station_baselines/guangzhou/24h_1h/station_9045,True
trad_daily_naive,trad_daily_naive,deterministic,completed,0,,1.7900001694215462e-06,0.00173035699936,test,0,0,A,not_applicable,not_applicable,1,,/home/hansel/Documents/ITProject/Python/PatchTST/experiments/results/baselines/guangzhou/24h_1h/station_9045/predictions/trad_daily_naive.npz,1.1850215196609497,1.0885869371166226,0.7861592173576355,27.232240676879883,19.66666603088379,52.77476501464844,,,,,,,,24,1,guangzhou,9045.0,not_applicable,"ingested from experiment/baseline-comparison-ablation (same arm definition, same config/seed/data)",/home/hansel/Documents/ITProject/Python/PatchTST/experiments/results/baselines/guangzhou/24h_1h/station_9045/raw_metrics.csv,/home/hansel/Documents/ITProject/Python/PatchTST/experiments/results/baselines/guangzhou/24h_1h/station_9045/predictions/trad_daily_naive.npz,experiments/results/single_station_baselines/guangzhou/24h_1h/station_9045,True
trad_persistence,trad_persistence,deterministic,completed,0,,3.660000402305741e-06,0.002099153999552,test,0,0,A,not_applicable,not_applicable,1,,/home/hansel/Documents/ITProject/Python/PatchTST/experiments/results/baselines/guangzhou/24h_1h/station_9045/predictions/trad_persistence.npz,0.3792177140712738,0.6158065557228778,0.38937830924987793,15.40510082244873,9.740740776062012,27.309993743896484,,,,,,,,24,1,guangzhou,9045.0,not_applicable,"ingested from experiment/baseline-comparison-ablation (same arm definition, same config/seed/data)",/home/hansel/Documents/ITProject/Python/PatchTST/experiments/results/baselines/guangzhou/24h_1h/station_9045/raw_metrics.csv,/home/hansel/Documents/ITProject/Python/PatchTST/experiments/results/baselines/guangzhou/24h_1h/station_9045/predictions/trad_persistence.npz,experiments/results/single_station_baselines/guangzhou/24h_1h/station_9045,True
trad_climatology,trad_climatology,deterministic,completed,0,,0.0064091669996741,0.0017222129999936,test,0,0,A,not_applicable,not_applicable,1,,/home/hansel/Documents/ITProject/Python/PatchTST/experiments/results/baselines/guangzhou/24h_1h/station_9046/predictions/trad_climatology.npz,1.0257642269134521,1.0128001910117574,0.8051350712776184,29.29517936706543,23.28847885131836,58.90510559082031,,,,,,,,24,1,guangzhou,9046.0,not_applicable,"ingested from experiment/baseline-comparison-ablation (same arm definition, same config/seed/data)",/home/hansel/Documents/ITProject/Python/PatchTST/experiments/results/baselines/guangzhou/24h_1h/station_9046/raw_metrics.csv,/home/hansel/Documents/ITProject/Python/PatchTST/experiments/results/baselines/guangzhou/24h_1h/station_9046/predictions/trad_climatology.npz,experiments/results/single_station_baselines/guangzhou/24h_1h/station_9046,True
trad_daily_naive,trad_daily_naive,deterministic,completed,0,,2.459999905113364e-06,0.0017311629999312,test,0,0,A,not_applicable,not_applicable,1,,/home/hansel/Documents/ITProject/Python/PatchTST/experiments/results/baselines/guangzhou/24h_1h/station_9046/predictions/trad_daily_naive.npz,1.3106474876403809,1.1448351355720967,0.7859184741973877,33.114280700683594,22.73263931274414,58.5787239074707,,,,,,,,24,1,guangzhou,9046.0,not_applicable,"ingested from experiment/baseline-comparison-ablation (same arm definition, same config/seed/data)",/home/hansel/Documents/ITProject/Python/PatchTST/experiments/results/baselines/guangzhou/24h_1h/station_9046/raw_metrics.csv,/home/hansel/Documents/ITProject/Python/PatchTST/experiments/results/baselines/guangzhou/24h_1h/station_9046/predictions/trad_daily_naive.npz,experiments/results/single_station_baselines/guangzhou/24h_1h/station_9046,True
trad_persistence,trad_persistence,deterministic,completed,0,,4.040000021632295e-06,0.0019734510001399,test,0,0,A,not_applicable,not_applicable,1,,/home/hansel/Documents/ITProject/Python/PatchTST/experiments/results/baselines/guangzhou/24h_1h/station_9046/predictions/trad_persistence.npz,0.11655183881521225,0.3413968933883439,0.18300484120845795,9.874882698059082,5.293402671813965,14.153777122497559,,,,,,,,24,1,guangzhou,9046.0,not_applicable,"ingested from experiment/baseline-comparison-ablation (same arm definition, same config/seed/data)",/home/hansel/Documents/ITProject/Python/PatchTST/experiments/results/baselines/guangzhou/24h_1h/station_9046/raw_metrics.csv,/home/hansel/Documents/ITProject/Python/PatchTST/experiments/results/baselines/guangzhou/24h_1h/station_9046/predictions/trad_persistence.npz,experiments/results/single_station_baselines/guangzhou/24h_1h/station_9046,True
