run_id,city,history,horizon,station_id,seed,family,hidden_size,backbone,variant,spatial_variant,smoke_test,status,best_epoch,best_valid_loss,training_seconds,test_inference_seconds,selection_split,evaluation_split,test_evaluation_count,input_channels,selected_channel_index,total_parameter_count,trainable_parameter_count,parameter_count,prediction_file,checkpoint_file,training_log_file,mse_scaled,rmse_scaled,mae_scaled,rmse_ugm3,mae_ugm3,smape_percent,alpha,spatial_residual_rms_ratio,gate_normalized_entropy,null_neighbor_weight_mean,gate_sample_std_mean,neighbor_out_weight_norm,spatial_forecast_weight_norm,fusion_stage,backbone_parameter_count,spatial_head_parameter_count,backbone_frozen,initial_zero_head_max_abs,initial_zero_head_tolerance,initial_zero_head_ok,learning_rate_retry,failure_reason,retry_reason
beijing_24h_1h_station1013_seed2047_endtoend_gru_h8,beijing,24,1,1013,2047,gru,8,gru_h8,endtoend_spatial_gru_h8,st_sparse_station_bias_delta_forecast,False,completed,38.0,0.1262767761945724,9.8208218890004,0.0180636730001424,valid,test,1,18,9.0,4861.0,4861.0,4861.0,predictions/beijing_24h_1h_station1013_seed2047_endtoend_gru_h8.npz,checkpoints/beijing_24h_1h_station1013_seed2047_endtoend_gru_h8.pt,training_logs/beijing_24h_1h_station1013_seed2047_endtoend_gru_h8.csv,0.0740905329585075,0.2721957621979217,0.1394946575164795,20.283950805664062,10.395102500915527,16.601198196411133,0.1385689228773117,0.078248992899825,0.4753063917160034,0.441245973110199,0.0641348734498024,0.0,1.1910499334335327,forecast,273.0,4588.0,False,0.0,1e-06,True,False,,
beijing_24h_1h_station1013_seed2047_endtoend_gru_h16,beijing,24,1,1013,2047,gru,16,gru_h16,endtoend_spatial_gru_h16,st_sparse_station_bias_delta_forecast,False,completed,40.0,0.103041686117649,9.97444907299996,0.0185012880001522,valid,test,1,18,9.0,5517.0,5517.0,5517.0,predictions/beijing_24h_1h_station1013_seed2047_endtoend_gru_h16.npz,checkpoints/beijing_24h_1h_station1013_seed2047_endtoend_gru_h16.pt,training_logs/beijing_24h_1h_station1013_seed2047_endtoend_gru_h16.csv,0.0730423480272293,0.2702634789001824,0.1317726224660873,20.13995742797852,9.819657325744627,15.89053440093994,0.1225833222270011,0.0859081316963298,0.5203326940536499,0.3068713843822479,0.0741300359368324,0.0,1.0145777463912964,forecast,929.0,4588.0,False,0.0,1e-06,True,False,,
beijing_24h_1h_station1013_seed2047_endtoend_gru_h32,beijing,24,1,1013,2047,gru,32,gru_h32,endtoend_spatial_gru_h32,st_sparse_station_bias_delta_forecast,False,completed,40.0,0.093848593533039,10.20510687299975,0.0190536489999431,valid,test,1,18,9.0,7981.0,7981.0,7981.0,predictions/beijing_24h_1h_station1013_seed2047_endtoend_gru_h32.npz,checkpoints/beijing_24h_1h_station1013_seed2047_endtoend_gru_h32.pt,training_logs/beijing_24h_1h_station1013_seed2047_endtoend_gru_h32.csv,0.0751132369041442,0.274067942131407,0.1314222663640976,20.42346572875977,9.793549537658691,16.28853988647461,0.1205361485481262,0.0439113216459085,0.4805766344070434,0.3726509213447571,0.0753060281276702,0.0,0.8976200819015503,forecast,3393.0,4588.0,False,0.0,1e-06,True,False,,
beijing_24h_1h_station1013_seed2047_endtoend_gru_h64,beijing,24,1,1013,2047,gru,64,gru_h64,endtoend_spatial_gru_h64,st_sparse_station_bias_delta_forecast,False,completed,40.0,0.0934511870145797,10.808287374000429,0.0191649649996179,valid,test,1,18,9.0,17517.0,17517.0,17517.0,predictions/beijing_24h_1h_station1013_seed2047_endtoend_gru_h64.npz,checkpoints/beijing_24h_1h_station1013_seed2047_endtoend_gru_h64.pt,training_logs/beijing_24h_1h_station1013_seed2047_endtoend_gru_h64.csv,0.0785752013325691,0.2803126849298282,0.1289495974779129,20.88882064819336,9.609288215637209,15.48013973236084,0.1152818202972412,0.037286407359366,0.6008781790733337,0.1485084593296051,0.0637490898370742,0.0,0.7184725403785706,forecast,12929.0,4588.0,False,0.0,1e-06,True,False,,
beijing_24h_1h_station1013_seed2047_endtoend_lstm_h16,beijing,24,1,1013,2047,lstm,16,lstm_h16,endtoend_spatial_lstm_h16,st_sparse_station_bias_delta_forecast,False,completed,40.0,0.1062617599964141,8.787227441000141,0.020409751000443,valid,test,1,18,9.0,5821.0,5821.0,5821.0,predictions/beijing_24h_1h_station1013_seed2047_endtoend_lstm_h16.npz,checkpoints/beijing_24h_1h_station1013_seed2047_endtoend_lstm_h16.pt,training_logs/beijing_24h_1h_station1013_seed2047_endtoend_lstm_h16.csv,0.0732549875974655,0.2706565860965986,0.1333488374948501,20.16925048828125,9.93711757659912,16.366214752197266,0.1174381524324417,0.0785304046570642,0.5878104567527771,0.0472214110195636,0.0674967318773269,0.0,0.772342324256897,forecast,1233.0,4588.0,False,0.0,1e-06,True,False,,
beijing_24h_1h_station1013_seed2047_endtoend_lstm_h32,beijing,24,1,1013,2047,lstm,32,lstm_h32,endtoend_spatial_lstm_h32,st_sparse_station_bias_delta_forecast,False,completed,40.0,0.0947732627391815,8.842188291000639,0.0198938889998316,valid,test,1,18,9.0,9101.0,9101.0,9101.0,predictions/beijing_24h_1h_station1013_seed2047_endtoend_lstm_h32.npz,checkpoints/beijing_24h_1h_station1013_seed2047_endtoend_lstm_h32.pt,training_logs/beijing_24h_1h_station1013_seed2047_endtoend_lstm_h32.csv,0.073085680603981,0.2703436342952817,0.131846085190773,20.145931243896484,9.825132369995115,15.648104667663574,0.1198335215449333,0.0657745460953476,0.4573844075202942,0.4202277362346649,0.0731277838349342,0.0,0.9514053463935852,forecast,4513.0,4588.0,False,0.0,1e-06,True,False,,
beijing_24h_1h_station1013_seed2048_endtoend_gru_h8,beijing,24,1,1013,2048,gru,8,gru_h8,endtoend_spatial_gru_h8,st_sparse_station_bias_delta_forecast,False,completed,40.0,0.1242636069655418,9.83943541500048,0.0180667220001851,valid,test,1,18,9.0,4861.0,4861.0,4861.0,predictions/beijing_24h_1h_station1013_seed2048_endtoend_gru_h8.npz,checkpoints/beijing_24h_1h_station1013_seed2048_endtoend_gru_h8.pt,training_logs/beijing_24h_1h_station1013_seed2048_endtoend_gru_h8.csv,0.0737697556614875,0.2716058829655344,0.1353238821029663,20.23999214172364,10.08429718017578,15.995725631713867,0.1292071044445037,0.0977685610517009,0.4929031133651733,0.2721803486347198,0.0825611725449562,0.0,1.3660938739776611,forecast,273.0,4588.0,False,0.0,1e-06,True,False,,
beijing_24h_1h_station1013_seed2048_endtoend_gru_h16,beijing,24,1,1013,2048,gru,16,gru_h16,endtoend_spatial_gru_h16,st_sparse_station_bias_delta_forecast,False,completed,40.0,0.1042449623346328,10.013722155000323,0.0183981389991458,valid,test,1,18,9.0,5517.0,5517.0,5517.0,predictions/beijing_24h_1h_station1013_seed2048_endtoend_gru_h16.npz,checkpoints/beijing_24h_1h_station1013_seed2048_endtoend_gru_h16.pt,training_logs/beijing_24h_1h_station1013_seed2048_endtoend_gru_h16.csv,0.0750269144773483,0.2739104132327727,0.1358335018157959,20.411725997924805,10.122273445129396,16.098127365112305,0.1374273151159286,0.0650615484494955,0.4600913524627685,0.4719208776950836,0.0634964033961296,0.0,1.291502833366394,forecast,929.0,4588.0,False,0.0,1e-06,True,False,,
beijing_24h_1h_station1013_seed2048_endtoend_gru_h32,beijing,24,1,1013,2048,gru,32,gru_h32,endtoend_spatial_gru_h32,st_sparse_station_bias_delta_forecast,False,completed,40.0,0.0937706306576728,10.223986386999968,0.0187287670005389,valid,test,1,18,9.0,7981.0,7981.0,7981.0,predictions/beijing_24h_1h_station1013_seed2048_endtoend_gru_h32.npz,checkpoints/beijing_24h_1h_station1013_seed2048_endtoend_gru_h32.pt,training_logs/beijing_24h_1h_station1013_seed2048_endtoend_gru_h32.csv,0.0753688961267471,0.2745339617000912,0.1315778791904449,20.458192825317383,9.805148124694824,15.908241271972656,0.1263293325901031,0.0545822505865288,0.471496045589447,0.3961666822433471,0.0751690566539764,0.0,1.052556037902832,forecast,3393.0,4588.0,False,0.0,1e-06,True,False,,
beijing_24h_1h_station1013_seed2048_endtoend_gru_h64,beijing,24,1,1013,2048,gru,64,gru_h64,endtoend_spatial_gru_h64,st_sparse_station_bias_delta_forecast,False,completed,37.0,0.0936218649148941,10.801705101999689,0.0190751860000091,valid,test,1,18,9.0,17517.0,17517.0,17517.0,predictions/beijing_24h_1h_station1013_seed2048_endtoend_gru_h64.npz,checkpoints/beijing_24h_1h_station1013_seed2048_endtoend_gru_h64.pt,training_logs/beijing_24h_1h_station1013_seed2048_endtoend_gru_h64.csv,0.0784193500876426,0.2800345515961248,0.1293805688619613,20.86809539794922,9.641404151916504,15.573866844177246,0.1178814247250557,0.0239871412863575,0.5460718274116516,0.2890520095825195,0.0708491876721382,0.0,0.9266734719276428,forecast,12929.0,4588.0,False,0.0,1e-06,True,False,,
beijing_24h_1h_station1013_seed2048_endtoend_lstm_h16,beijing,24,1,1013,2048,lstm,16,lstm_h16,endtoend_spatial_lstm_h16,st_sparse_station_bias_delta_forecast,False,completed,40.0,0.1087145581841468,8.756159157999718,0.0202125369996792,valid,test,1,18,9.0,5821.0,5821.0,5821.0,predictions/beijing_24h_1h_station1013_seed2048_endtoend_lstm_h16.npz,checkpoints/beijing_24h_1h_station1013_seed2048_endtoend_lstm_h16.pt,training_logs/beijing_24h_1h_station1013_seed2048_endtoend_lstm_h16.csv,0.0718961060047149,0.2681344923815564,0.1340366005897522,19.981306076049805,9.988369941711426,15.72850227355957,0.1386337727308273,0.0654170002102748,0.4848703145980835,0.4576072096824646,0.0643552020192146,0.0,1.159598469734192,forecast,1233.0,4588.0,False,0.0,1e-06,True,False,,
beijing_24h_1h_station1013_seed2048_endtoend_lstm_h32,beijing,24,1,1013,2048,lstm,32,lstm_h32,endtoend_spatial_lstm_h32,st_sparse_station_bias_delta_forecast,False,completed,39.0,0.0944403037428855,8.839595378000013,0.0202281960000618,valid,test,1,18,9.0,9101.0,9101.0,9101.0,predictions/beijing_24h_1h_station1013_seed2048_endtoend_lstm_h32.npz,checkpoints/beijing_24h_1h_station1013_seed2048_endtoend_lstm_h32.pt,training_logs/beijing_24h_1h_station1013_seed2048_endtoend_lstm_h32.csv,0.0725374147295951,0.2693277088039684,0.1316054314374923,20.07022476196289,9.807199478149414,15.813262939453123,0.126532033085823,0.0733545220189363,0.449964702129364,0.4117259681224823,0.0773756951093673,0.0,1.1268677711486816,forecast,4513.0,4588.0,False,0.0,1e-06,True,False,,
beijing_24h_1h_station1013_seed2049_endtoend_gru_h8,beijing,24,1,1013,2049,gru,8,gru_h8,endtoend_spatial_gru_h8,st_sparse_station_bias_delta_forecast,False,completed,40.0,0.1240779012441635,9.873406659000466,0.0182287239995275,valid,test,1,18,9.0,4861.0,4861.0,4861.0,predictions/beijing_24h_1h_station1013_seed2049_endtoend_gru_h8.npz,checkpoints/beijing_24h_1h_station1013_seed2049_endtoend_gru_h8.pt,training_logs/beijing_24h_1h_station1013_seed2049_endtoend_gru_h8.csv,0.0752719268202781,0.2743572977346842,0.1405556201934814,20.44502830505371,10.474164962768556,16.468664169311523,0.1449323892593383,0.0793159249515408,0.4664644002914428,0.4787157773971557,0.0602304264903068,0.0,1.3510642051696775,forecast,273.0,4588.0,False,0.0,1e-06,True,False,,
beijing_24h_1h_station1013_seed2049_endtoend_gru_h16,beijing,24,1,1013,2049,gru,16,gru_h16,endtoend_spatial_gru_h16,st_sparse_station_bias_delta_forecast,False,completed,39.0,0.1053210720419883,10.24942278599974,0.0194188830000712,valid,test,1,18,9.0,5517.0,5517.0,5517.0,predictions/beijing_24h_1h_station1013_seed2049_endtoend_gru_h16.npz,checkpoints/beijing_24h_1h_station1013_seed2049_endtoend_gru_h16.pt,training_logs/beijing_24h_1h_station1013_seed2049_endtoend_gru_h16.csv,0.0755382850766182,0.2748422912810512,0.1362025886774063,20.481170654296875,10.149778366088867,16.187698364257812,0.139418676495552,0.0732384608391443,0.4548917412757873,0.471713662147522,0.0630963221192359,0.0,1.254603385925293,forecast,929.0,4588.0,False,0.0,1e-06,True,False,,
beijing_24h_1h_station1013_seed2049_endtoend_gru_h32,beijing,24,1,1013,2049,gru,32,gru_h32,endtoend_spatial_gru_h32,st_sparse_station_bias_delta_forecast,False,completed,39.0,0.0930463746190071,10.340985099000136,0.0185251130005781,valid,test,1,18,9.0,7981.0,7981.0,7981.0,predictions/beijing_24h_1h_station1013_seed2049_endtoend_gru_h32.npz,checkpoints/beijing_24h_1h_station1013_seed2049_endtoend_gru_h32.pt,training_logs/beijing_24h_1h_station1013_seed2049_endtoend_gru_h32.csv,0.0743157267570495,0.2726091098203608,0.1308521628379821,20.31475257873535,9.751066207885742,16.098060607910156,0.1243318915367126,0.0601391766261639,0.4748989939689636,0.399505466222763,0.0747880041599273,0.0,0.9807238578796388,forecast,3393.0,4588.0,False,0.0,1e-06,True,False,,
beijing_24h_1h_station1013_seed2049_endtoend_gru_h64,beijing,24,1,1013,2049,gru,64,gru_h64,endtoend_spatial_gru_h64,st_sparse_station_bias_delta_forecast,False,completed,40.0,0.095731995999813,10.89009292100036,0.0190528949997315,valid,test,1,18,9.0,17517.0,17517.0,17517.0,predictions/beijing_24h_1h_station1013_seed2049_endtoend_gru_h64.npz,checkpoints/beijing_24h_1h_station1013_seed2049_endtoend_gru_h64.pt,training_logs/beijing_24h_1h_station1013_seed2049_endtoend_gru_h64.csv,0.0792853981256485,0.2815766292248852,0.133293479681015,20.98301124572754,9.932992935180664,16.64036750793457,0.1115558743476867,0.0238031692755349,0.6177954077720642,0.1563238352537155,0.0622116588056087,0.0,0.6834729313850403,forecast,12929.0,4588.0,False,0.0,1e-06,True,False,,
beijing_24h_1h_station1013_seed2049_endtoend_lstm_h16,beijing,24,1,1013,2049,lstm,16,lstm_h16,endtoend_spatial_lstm_h16,st_sparse_station_bias_delta_forecast,False,completed,40.0,0.099866010248661,8.973552325000128,0.020364050000353,valid,test,1,18,9.0,5821.0,5821.0,5821.0,predictions/beijing_24h_1h_station1013_seed2049_endtoend_lstm_h16.npz,checkpoints/beijing_24h_1h_station1013_seed2049_endtoend_lstm_h16.pt,training_logs/beijing_24h_1h_station1013_seed2049_endtoend_lstm_h16.csv,0.0709748417139053,0.266411039024109,0.1337206810712814,19.85287475585937,9.964828491210938,16.77090835571289,0.1249926686286926,0.07556398109498,0.4699293076992035,0.4123840034008026,0.0726217404007911,0.0,0.9311811327934264,forecast,1233.0,4588.0,False,0.0,1e-06,True,False,,
beijing_24h_1h_station1013_seed2049_endtoend_lstm_h32,beijing,24,1,1013,2049,lstm,32,lstm_h32,endtoend_spatial_lstm_h32,st_sparse_station_bias_delta_forecast,False,completed,39.0,0.0974787920713424,8.952116989999922,0.019794099000137,valid,test,1,18,9.0,9101.0,9101.0,9101.0,predictions/beijing_24h_1h_station1013_seed2049_endtoend_lstm_h32.npz,checkpoints/beijing_24h_1h_station1013_seed2049_endtoend_lstm_h32.pt,training_logs/beijing_24h_1h_station1013_seed2049_endtoend_lstm_h32.csv,0.0754899084568023,0.2747542692239783,0.1331310421228408,20.47461128234864,9.920886993408203,16.207548141479492,0.1275908946990966,0.0512549340786414,0.3909152746200561,0.5085802674293518,0.0703251883387565,0.0,0.7990701198577881,forecast,4513.0,4588.0,False,0.0,1e-06,True,False,,
beijing_24h_1h_station1013_seed2050_endtoend_gru_h8,beijing,24,1,1013,2050,gru,8,gru_h8,endtoend_spatial_gru_h8,st_sparse_station_bias_delta_forecast,False,completed,39.0,0.1398786008358001,9.942701914999816,0.0186676080002143,valid,test,1,18,9.0,4861.0,4861.0,4861.0,predictions/beijing_24h_1h_station1013_seed2050_endtoend_gru_h8.npz,checkpoints/beijing_24h_1h_station1013_seed2050_endtoend_gru_h8.pt,training_logs/beijing_24h_1h_station1013_seed2050_endtoend_gru_h8.csv,0.0786102265119552,0.2803751531643902,0.1437801718711853,20.89347648620605,10.714457511901855,16.808372497558594,0.1472466588020324,0.0788125637013402,0.4419147968292236,0.5190770626068115,0.0580332688987255,0.0,1.336363673210144,forecast,273.0,4588.0,False,0.0,1e-06,True,False,,
beijing_24h_1h_station1013_seed2050_endtoend_gru_h16,beijing,24,1,1013,2050,gru,16,gru_h16,endtoend_spatial_gru_h16,st_sparse_station_bias_delta_forecast,False,completed,39.0,0.1050265952944755,10.095970401999692,0.0187241949997769,valid,test,1,18,9.0,5517.0,5517.0,5517.0,predictions/beijing_24h_1h_station1013_seed2050_endtoend_gru_h16.npz,checkpoints/beijing_24h_1h_station1013_seed2050_endtoend_gru_h16.pt,training_logs/beijing_24h_1h_station1013_seed2050_endtoend_gru_h16.csv,0.0753434598445892,0.2744876314965562,0.1346186101436615,20.454740524291992,10.031740188598633,15.923480987548828,0.1347549557685852,0.0667444232933652,0.4074317812919616,0.5468779802322388,0.0640477240085601,0.0,1.0923502445220947,forecast,929.0,4588.0,False,0.0,1e-06,True,False,,
beijing_24h_1h_station1013_seed2050_endtoend_gru_h32,beijing,24,1,1013,2050,gru,32,gru_h32,endtoend_spatial_gru_h32,st_sparse_station_bias_delta_forecast,False,completed,37.0,0.0961124151945114,10.385108456000124,0.0186776069995175,valid,test,1,18,9.0,7981.0,7981.0,7981.0,predictions/beijing_24h_1h_station1013_seed2050_endtoend_gru_h32.npz,checkpoints/beijing_24h_1h_station1013_seed2050_endtoend_gru_h32.pt,training_logs/beijing_24h_1h_station1013_seed2050_endtoend_gru_h32.csv,0.0765180587768554,0.2766189776151583,0.133094847202301,20.61356735229492,9.918190002441406,16.32455825805664,0.1235315129160881,0.0513946678451549,0.4301362335681915,0.48837810754776,0.0660915225744247,0.0,0.920619547367096,forecast,3393.0,4588.0,False,0.0,1e-06,True,False,,
beijing_24h_1h_station1013_seed2050_endtoend_gru_h64,beijing,24,1,1013,2050,gru,64,gru_h64,endtoend_spatial_gru_h64,st_sparse_station_bias_delta_forecast,False,completed,39.0,0.0947970524430275,10.904820423999809,0.0192466770004102,valid,test,1,18,9.0,17517.0,17517.0,17517.0,predictions/beijing_24h_1h_station1013_seed2050_endtoend_gru_h64.npz,checkpoints/beijing_24h_1h_station1013_seed2050_endtoend_gru_h64.pt,training_logs/beijing_24h_1h_station1013_seed2050_endtoend_gru_h64.csv,0.0794897973537445,0.2819393504882646,0.1316812634468078,21.01004219055176,9.81284999847412,15.981772422790527,0.1161118447780609,0.0297544329482667,0.6156272888183594,0.1568227857351303,0.0551228672266006,0.0,0.7711588740348816,forecast,12929.0,4588.0,False,0.0,1e-06,True,False,,
beijing_24h_1h_station1013_seed2050_endtoend_lstm_h16,beijing,24,1,1013,2050,lstm,16,lstm_h16,endtoend_spatial_lstm_h16,st_sparse_station_bias_delta_forecast,False,completed,40.0,0.1104149743914604,8.773485732000154,0.019635642999674,valid,test,1,18,9.0,5821.0,5821.0,5821.0,predictions/beijing_24h_1h_station1013_seed2050_endtoend_lstm_h16.npz,checkpoints/beijing_24h_1h_station1013_seed2050_endtoend_lstm_h16.pt,training_logs/beijing_24h_1h_station1013_seed2050_endtoend_lstm_h16.csv,0.0763427913188934,0.2763019929694562,0.1375117003917694,20.58994674682617,10.247332572937012,16.83983039855957,0.1380160301923751,0.052867072149386,0.5163816809654236,0.3868671059608459,0.0598741918802261,0.0,1.027655839920044,forecast,1233.0,4588.0,False,0.0,1e-06,True,False,,
beijing_24h_1h_station1013_seed2050_endtoend_lstm_h32,beijing,24,1,1013,2050,lstm,32,lstm_h32,endtoend_spatial_lstm_h32,st_sparse_station_bias_delta_forecast,False,completed,40.0,0.0950415581464767,8.811065003000294,0.0195483059997059,valid,test,1,18,9.0,9101.0,9101.0,9101.0,predictions/beijing_24h_1h_station1013_seed2050_endtoend_lstm_h32.npz,checkpoints/beijing_24h_1h_station1013_seed2050_endtoend_lstm_h32.pt,training_logs/beijing_24h_1h_station1013_seed2050_endtoend_lstm_h32.csv,0.0714921951293945,0.2673802444635627,0.1300978660583496,19.925098419189453,9.694856643676758,15.492789268493652,0.1231012865900993,0.0683362659216481,0.4765286147594452,0.3755749762058258,0.0745911672711372,0.0,1.001474380493164,forecast,4513.0,4588.0,False,0.0,1e-06,True,False,,
beijing_24h_1h_station1013_seed2051_endtoend_gru_h8,beijing,24,1,1013,2051,gru,8,gru_h8,endtoend_spatial_gru_h8,st_sparse_station_bias_delta_forecast,False,completed,40.0,0.1255309432744979,9.935479898000269,0.0182835699997667,valid,test,1,18,9.0,4861.0,4861.0,4861.0,predictions/beijing_24h_1h_station1013_seed2051_endtoend_gru_h8.npz,checkpoints/beijing_24h_1h_station1013_seed2051_endtoend_gru_h8.pt,training_logs/beijing_24h_1h_station1013_seed2051_endtoend_gru_h8.csv,0.0766525417566299,0.2768619543321725,0.1422144919633865,20.63167381286621,10.597784042358398,17.113853454589844,0.1333588063716888,0.0777246563625593,0.4963947236537933,0.4141230583190918,0.0643254965543747,0.0,1.3313897848129272,forecast,273.0,4588.0,False,0.0,1e-06,True,False,,
beijing_24h_1h_station1013_seed2051_endtoend_gru_h16,beijing,24,1,1013,2051,gru,16,gru_h16,endtoend_spatial_gru_h16,st_sparse_station_bias_delta_forecast,False,completed,39.0,0.1025882959365844,10.02703769300024,0.0185261810001975,valid,test,1,18,9.0,5517.0,5517.0,5517.0,predictions/beijing_24h_1h_station1013_seed2051_endtoend_gru_h16.npz,checkpoints/beijing_24h_1h_station1013_seed2051_endtoend_gru_h16.pt,training_logs/beijing_24h_1h_station1013_seed2051_endtoend_gru_h16.csv,0.0762316882610321,0.27610086609975,0.1329938024282455,20.5749568939209,9.910659790039062,15.795390129089355,0.1202894076704979,0.066540622251641,0.5774195194244385,0.2258613854646682,0.0618231035768985,0.0,0.87063068151474,forecast,929.0,4588.0,False,0.0,1e-06,True,False,,
beijing_24h_1h_station1013_seed2051_endtoend_gru_h32,beijing,24,1,1013,2051,gru,32,gru_h32,endtoend_spatial_gru_h32,st_sparse_station_bias_delta_forecast,False,completed,37.0,0.0958128347992897,10.347581545999674,0.0184823730005518,valid,test,1,18,9.0,7981.0,7981.0,7981.0,predictions/beijing_24h_1h_station1013_seed2051_endtoend_gru_h32.npz,checkpoints/beijing_24h_1h_station1013_seed2051_endtoend_gru_h32.pt,training_logs/beijing_24h_1h_station1013_seed2051_endtoend_gru_h32.csv,0.0753802880644798,0.2745547086911456,0.1308695673942566,20.4597396850586,9.752362251281738,16.27620506286621,0.1176052838563919,0.0747647343724776,0.5276758670806885,0.3580127954483032,0.0668497011065483,0.0,0.7921975255012512,forecast,3393.0,4588.0,False,0.0,1e-06,True,False,,
beijing_24h_1h_station1013_seed2051_endtoend_gru_h64,beijing,24,1,1013,2051,gru,64,gru_h64,endtoend_spatial_gru_h64,st_sparse_station_bias_delta_forecast,False,completed,40.0,0.0946165770292282,10.916263289999732,0.0196551520002685,valid,test,1,18,9.0,17517.0,17517.0,17517.0,predictions/beijing_24h_1h_station1013_seed2051_endtoend_gru_h64.npz,checkpoints/beijing_24h_1h_station1013_seed2051_endtoend_gru_h64.pt,training_logs/beijing_24h_1h_station1013_seed2051_endtoend_gru_h64.csv,0.078753612935543,0.2806307412518148,0.1325573325157165,20.91252517700196,9.878132820129396,16.692054748535156,0.1173356473445892,0.027775650548522,0.5445104837417603,0.3309737145900726,0.061220746487379,0.0,0.9430851340293884,forecast,12929.0,4588.0,False,0.0,1e-06,True,False,,
beijing_24h_1h_station1013_seed2051_endtoend_lstm_h16,beijing,24,1,1013,2051,lstm,16,lstm_h16,endtoend_spatial_lstm_h16,st_sparse_station_bias_delta_forecast,False,completed,40.0,0.1031949892640113,8.770068874999197,0.0193941199995606,valid,test,1,18,9.0,5821.0,5821.0,5821.0,predictions/beijing_24h_1h_station1013_seed2051_endtoend_lstm_h16.npz,checkpoints/beijing_24h_1h_station1013_seed2051_endtoend_lstm_h16.pt,training_logs/beijing_24h_1h_station1013_seed2051_endtoend_lstm_h16.csv,0.0708947256207466,0.2662606347561475,0.1348823755979538,19.841665267944336,10.051397323608398,16.428668975830078,0.1345144659280777,0.0774934221344569,0.4598122537136078,0.4705132246017456,0.0622790455818176,0.0,1.1398108005523682,forecast,1233.0,4588.0,False,0.0,1e-06,True,False,,
beijing_24h_1h_station1013_seed2051_endtoend_lstm_h32,beijing,24,1,1013,2051,lstm,32,lstm_h32,endtoend_spatial_lstm_h32,st_sparse_station_bias_delta_forecast,False,completed,39.0,0.0932129696011543,8.832148850000522,0.0204680829992867,valid,test,1,18,9.0,9101.0,9101.0,9101.0,predictions/beijing_24h_1h_station1013_seed2051_endtoend_lstm_h32.npz,checkpoints/beijing_24h_1h_station1013_seed2051_endtoend_lstm_h32.pt,training_logs/beijing_24h_1h_station1013_seed2051_endtoend_lstm_h32.csv,0.0714277699589729,0.2672597424958965,0.1319817453622818,19.916120529174805,9.83524227142334,16.251710891723633,0.1247160509228706,0.0695616934470177,0.4492215514183044,0.463984876871109,0.0668920576572418,0.0,0.929179310798645,forecast,4513.0,4588.0,False,0.0,1e-06,True,False,,
beijing_24h_3h_station1013_seed2047_endtoend_gru_h8,beijing,24,3,1013,2047,gru,8,gru_h8,endtoend_spatial_gru_h8,st_sparse_station_bias_delta_forecast,False,completed,40.0,0.2933601438999176,10.067695677999836,0.0185066809999625,valid,test,1,18,9.0,5211.0,5211.0,5211.0,predictions/beijing_24h_3h_station1013_seed2047_endtoend_gru_h8.npz,checkpoints/beijing_24h_3h_station1013_seed2047_endtoend_gru_h8.pt,training_logs/beijing_24h_3h_station1013_seed2047_endtoend_gru_h8.csv,0.165591686964035,0.4069295847736252,0.2226495146751403,30.324275970458984,16.591777801513672,24.98600578308105,0.1316206604242324,0.1075543874648129,0.4873292446136474,0.2845048606395721,0.0801151692867279,0.0,2.133737564086914,forecast,291.0,4920.0,False,0.0,1e-06,True,False,,
beijing_24h_3h_station1013_seed2047_endtoend_gru_h16,beijing,24,3,1013,2047,gru,16,gru_h16,endtoend_spatial_gru_h16,st_sparse_station_bias_delta_forecast,False,completed,40.0,0.256736546754837,10.109247347999371,0.0186930039999424,valid,test,1,18,9.0,5883.0,5883.0,5883.0,predictions/beijing_24h_3h_station1013_seed2047_endtoend_gru_h16.npz,checkpoints/beijing_24h_3h_station1013_seed2047_endtoend_gru_h16.pt,training_logs/beijing_24h_3h_station1013_seed2047_endtoend_gru_h16.csv,0.1600877940654754,0.4001097275316803,0.2141122072935104,29.816064834594727,15.955581665039062,24.497934341430664,0.1247361525893211,0.0628299104836492,0.6092894077301025,0.0932236164808273,0.0628543198108673,0.0,1.572411060333252,forecast,963.0,4920.0,False,0.0,1e-06,True,False,,
beijing_24h_3h_station1013_seed2047_endtoend_gru_h32,beijing,24,3,1013,2047,gru,32,gru_h32,endtoend_spatial_gru_h32,st_sparse_station_bias_delta_forecast,False,completed,39.0,0.24610036611557,10.324760147999768,0.0187637719991471,valid,test,1,18,9.0,8379.0,8379.0,8379.0,predictions/beijing_24h_3h_station1013_seed2047_endtoend_gru_h32.npz,checkpoints/beijing_24h_3h_station1013_seed2047_endtoend_gru_h32.pt,training_logs/beijing_24h_3h_station1013_seed2047_endtoend_gru_h32.csv,0.1626387238502502,0.4032849164675642,0.2152380794286728,30.052677154541016,16.039478302001953,25.626108169555664,0.1280922591686248,0.0558357613612133,0.5773507952690125,0.1658201366662979,0.0772018730640411,0.0,1.430266261100769,forecast,3459.0,4920.0,False,0.0,1e-06,True,False,,
beijing_24h_3h_station1013_seed2047_endtoend_gru_h64,beijing,24,3,1013,2047,gru,64,gru_h64,endtoend_spatial_gru_h64,st_sparse_station_bias_delta_forecast,False,completed,39.0,0.2425595819950103,10.94040966600005,0.0194235779999871,valid,test,1,18,9.0,17979.0,17979.0,17979.0,predictions/beijing_24h_3h_station1013_seed2047_endtoend_gru_h64.npz,checkpoints/beijing_24h_3h_station1013_seed2047_endtoend_gru_h64.pt,training_logs/beijing_24h_3h_station1013_seed2047_endtoend_gru_h64.csv,0.1703617870807647,0.4127490606661204,0.2139743268489837,30.75794219970703,15.945304870605469,24.95803451538086,0.1361594200134277,0.0615062948478182,0.6013188362121582,0.0792344287037849,0.0649787187576294,0.0,1.3005504608154297,forecast,13059.0,4920.0,False,0.0,1e-06,True,False,,
beijing_24h_3h_station1013_seed2047_endtoend_lstm_h16,beijing,24,3,1013,2047,lstm,16,lstm_h16,endtoend_spatial_lstm_h16,st_sparse_station_bias_delta_forecast,False,completed,40.0,0.2615727484226227,8.86056589600048,0.0201875520006069,valid,test,1,18,9.0,6187.0,6187.0,6187.0,predictions/beijing_24h_3h_station1013_seed2047_endtoend_lstm_h16.npz,checkpoints/beijing_24h_3h_station1013_seed2047_endtoend_lstm_h16.pt,training_logs/beijing_24h_3h_station1013_seed2047_endtoend_lstm_h16.csv,0.1591644287109375,0.3989541686847469,0.2153077572584152,29.729951858520508,16.044673919677734,24.2603759765625,0.1275035440921783,0.0772708847941861,0.4748181402683258,0.3854382634162903,0.0758581981062889,0.0,1.945478796958924,forecast,1267.0,4920.0,False,0.0,1e-06,True,False,,
beijing_24h_3h_station1013_seed2047_endtoend_lstm_h32,beijing,24,3,1013,2047,lstm,32,lstm_h32,endtoend_spatial_lstm_h32,st_sparse_station_bias_delta_forecast,False,completed,36.0,0.2554138600826263,8.96486909899977,0.0209485449995554,valid,test,1,18,9.0,9499.0,9499.0,9499.0,predictions/beijing_24h_3h_station1013_seed2047_endtoend_lstm_h32.npz,checkpoints/beijing_24h_3h_station1013_seed2047_endtoend_lstm_h32.pt,training_logs/beijing_24h_3h_station1013_seed2047_endtoend_lstm_h32.csv,0.1690599620342254,0.4111690188161377,0.2279958724975586,30.640199661254883,16.990188598632812,26.11260414123535,0.1219049617648124,0.0674575833217354,0.5841665863990784,0.1381344348192215,0.0753660649061203,0.0,1.3694976568222046,forecast,4579.0,4920.0,False,0.0,1e-06,True,False,,
beijing_24h_3h_station1013_seed2048_endtoend_gru_h8,beijing,24,3,1013,2048,gru,8,gru_h8,endtoend_spatial_gru_h8,st_sparse_station_bias_delta_forecast,False,completed,40.0,0.2926196455955505,10.0353126480004,0.0181947809996927,valid,test,1,18,9.0,5211.0,5211.0,5211.0,predictions/beijing_24h_3h_station1013_seed2048_endtoend_gru_h8.npz,checkpoints/beijing_24h_3h_station1013_seed2048_endtoend_gru_h8.pt,training_logs/beijing_24h_3h_station1013_seed2048_endtoend_gru_h8.csv,0.1644452065229416,0.4055184416557915,0.2231062799692154,30.21912002563477,16.625816345214844,25.620132446289062,0.1428150534629821,0.1066190316123338,0.5307978391647339,0.2909318506717682,0.0748014077544212,0.0,2.4551022052764893,forecast,291.0,4920.0,False,0.0,1e-06,True,False,,
beijing_24h_3h_station1013_seed2048_endtoend_gru_h16,beijing,24,3,1013,2048,gru,16,gru_h16,endtoend_spatial_gru_h16,st_sparse_station_bias_delta_forecast,False,completed,40.0,0.2597329914569855,10.174331116999385,0.0177170580000165,valid,test,1,18,9.0,5883.0,5883.0,5883.0,predictions/beijing_24h_3h_station1013_seed2048_endtoend_gru_h16.npz,checkpoints/beijing_24h_3h_station1013_seed2048_endtoend_gru_h16.pt,training_logs/beijing_24h_3h_station1013_seed2048_endtoend_gru_h16.csv,0.1619460135698318,0.4024251651796043,0.2157659530639648,29.988609313964844,16.07881736755371,24.51391220092773,0.1294289976358413,0.0979957167108473,0.5148179531097412,0.2693090736865997,0.0817686542868614,0.0,2.002941131591797,forecast,963.0,4920.0,False,0.0,1e-06,True,False,,
beijing_24h_3h_station1013_seed2048_endtoend_gru_h32,beijing,24,3,1013,2048,gru,32,gru_h32,endtoend_spatial_gru_h32,st_sparse_station_bias_delta_forecast,False,completed,39.0,0.2474107295274734,10.343507652999506,0.0187357520007935,valid,test,1,18,9.0,8379.0,8379.0,8379.0,predictions/beijing_24h_3h_station1013_seed2048_endtoend_gru_h32.npz,checkpoints/beijing_24h_3h_station1013_seed2048_endtoend_gru_h32.pt,training_logs/beijing_24h_3h_station1013_seed2048_endtoend_gru_h32.csv,0.1626798212528228,0.4033358665589051,0.2138680219650268,30.056474685668945,15.937386512756348,24.93843078613281,0.1421034485101699,0.0666873684967801,0.4701580703258514,0.3836626410484314,0.0741277858614921,0.0,1.9655793905258176,forecast,3459.0,4920.0,False,0.0,1e-06,True,False,,
beijing_24h_3h_station1013_seed2048_endtoend_gru_h64,beijing,24,3,1013,2048,gru,64,gru_h64,endtoend_spatial_gru_h64,st_sparse_station_bias_delta_forecast,False,completed,39.0,0.2448486238718032,10.805238093000298,0.0196819290003986,valid,test,1,18,9.0,17979.0,17979.0,17979.0,predictions/beijing_24h_3h_station1013_seed2048_endtoend_gru_h64.npz,checkpoints/beijing_24h_3h_station1013_seed2048_endtoend_gru_h64.pt,training_logs/beijing_24h_3h_station1013_seed2048_endtoend_gru_h64.csv,0.1685294657945633,0.410523404685486,0.2137674987316131,30.592086791992188,15.929893493652344,25.13935852050781,0.1359205096960067,0.0459888144357676,0.5889328718185425,0.1828349977731704,0.0763613060116767,0.0,1.815614461898804,forecast,13059.0,4920.0,False,0.0,1e-06,True,False,,
beijing_24h_3h_station1013_seed2048_endtoend_lstm_h16,beijing,24,3,1013,2048,lstm,16,lstm_h16,endtoend_spatial_lstm_h16,st_sparse_station_bias_delta_forecast,False,completed,40.0,0.2627404034137726,8.827300697999817,0.0194556360002025,valid,test,1,18,9.0,6187.0,6187.0,6187.0,predictions/beijing_24h_3h_station1013_seed2048_endtoend_lstm_h16.npz,checkpoints/beijing_24h_3h_station1013_seed2048_endtoend_lstm_h16.pt,training_logs/beijing_24h_3h_station1013_seed2048_endtoend_lstm_h16.csv,0.1587557643651962,0.3984416699658762,0.215517982840538,29.691761016845703,16.060340881347656,24.434228897094727,0.1329008787870407,0.0849502146062846,0.4687938690185547,0.4122243225574493,0.0730975568294525,0.0,2.1634528636932373,forecast,1267.0,4920.0,False,0.0,1e-06,True,False,,
beijing_24h_3h_station1013_seed2048_endtoend_lstm_h32,beijing,24,3,1013,2048,lstm,32,lstm_h32,endtoend_spatial_lstm_h32,st_sparse_station_bias_delta_forecast,False,completed,38.0,0.256430447101593,8.904766755999844,0.019637209999928,valid,test,1,18,9.0,9499.0,9499.0,9499.0,predictions/beijing_24h_3h_station1013_seed2048_endtoend_lstm_h32.npz,checkpoints/beijing_24h_3h_station1013_seed2048_endtoend_lstm_h32.pt,training_logs/beijing_24h_3h_station1013_seed2048_endtoend_lstm_h32.csv,0.1626300513744354,0.4032741640304216,0.2172796577215194,30.051876068115234,16.191617965698242,24.218130111694336,0.1355607658624649,0.0588263447991967,0.4755792617797851,0.4538136124610901,0.0629346296191215,0.0,1.9140055179595947,forecast,4579.0,4920.0,False,0.0,1e-06,True,False,,
beijing_24h_3h_station1013_seed2049_endtoend_gru_h8,beijing,24,3,1013,2049,gru,8,gru_h8,endtoend_spatial_gru_h8,st_sparse_station_bias_delta_forecast,False,completed,40.0,0.2844672501087188,9.996808066000083,0.0180982629999562,valid,test,1,18,9.0,5211.0,5211.0,5211.0,predictions/beijing_24h_3h_station1013_seed2049_endtoend_gru_h8.npz,checkpoints/beijing_24h_3h_station1013_seed2049_endtoend_gru_h8.pt,training_logs/beijing_24h_3h_station1013_seed2049_endtoend_gru_h8.csv,0.1653023064136505,0.406573863416785,0.2203886210918426,30.29776763916016,16.423297882080078,24.84711647033692,0.1279476583003997,0.1013401664220897,0.5822450518608093,0.0552113652229309,0.0660217031836509,0.0,0.9856603741645812,forecast,291.0,4920.0,False,0.0,1.084417462348938e-06,True,False,,
beijing_24h_3h_station1013_seed2049_endtoend_gru_h16,beijing,24,3,1013,2049,gru,16,gru_h16,endtoend_spatial_gru_h16,st_sparse_station_bias_delta_forecast,False,completed,40.0,0.2570345103740692,10.064028937999865,0.0192520840000725,valid,test,1,18,9.0,5883.0,5883.0,5883.0,predictions/beijing_24h_3h_station1013_seed2049_endtoend_gru_h16.npz,checkpoints/beijing_24h_3h_station1013_seed2049_endtoend_gru_h16.pt,training_logs/beijing_24h_3h_station1013_seed2049_endtoend_gru_h16.csv,0.1608324646949768,0.4010392308677254,0.2135613709688186,29.88532829284668,15.914533615112305,24.4077091217041,0.1271996349096298,0.052807459166229,0.601677417755127,0.1661458313465118,0.0706739053130149,0.0,1.5880244970321655,forecast,963.0,4920.0,False,0.0,1e-06,True,False,,
beijing_24h_3h_station1013_seed2049_endtoend_gru_h32,beijing,24,3,1013,2049,gru,32,gru_h32,endtoend_spatial_gru_h32,st_sparse_station_bias_delta_forecast,False,completed,39.0,0.2494458258152008,10.386042745999475,0.0192428840000502,valid,test,1,18,9.0,8379.0,8379.0,8379.0,predictions/beijing_24h_3h_station1013_seed2049_endtoend_gru_h32.npz,checkpoints/beijing_24h_3h_station1013_seed2049_endtoend_gru_h32.pt,training_logs/beijing_24h_3h_station1013_seed2049_endtoend_gru_h32.csv,0.1648580282926559,0.4060271275329469,0.210570141673088,30.25702667236328,15.69162654876709,23.609294891357425,0.1369925141334533,0.0588454967866974,0.5839581489562988,0.1526858210563659,0.0752592161297798,0.0,1.2840440273284912,forecast,3459.0,4920.0,False,0.0,1e-06,True,False,,
beijing_24h_3h_station1013_seed2049_endtoend_gru_h64,beijing,24,3,1013,2049,gru,64,gru_h64,endtoend_spatial_gru_h64,st_sparse_station_bias_delta_forecast,False,completed,40.0,0.2470704466104507,10.869936283999778,0.0193041620004805,valid,test,1,18,9.0,17979.0,17979.0,17979.0,predictions/beijing_24h_3h_station1013_seed2049_endtoend_gru_h64.npz,checkpoints/beijing_24h_3h_station1013_seed2049_endtoend_gru_h64.pt,training_logs/beijing_24h_3h_station1013_seed2049_endtoend_gru_h64.csv,0.1684725433588028,0.4104540697310757,0.2124651670455932,30.5869197845459,15.832842826843262,24.37198829650879,0.1412458270788192,0.0664736716051639,0.433773934841156,0.4795782566070556,0.0700946748256683,0.0,1.482466220855713,forecast,13059.0,4920.0,False,0.0,1e-06,True,False,,
beijing_24h_3h_station1013_seed2049_endtoend_lstm_h16,beijing,24,3,1013,2049,lstm,16,lstm_h16,endtoend_spatial_lstm_h16,st_sparse_station_bias_delta_forecast,False,completed,40.0,0.2566421627998352,8.808724593000079,0.0206204750002143,valid,test,1,18,9.0,6187.0,6187.0,6187.0,predictions/beijing_24h_3h_station1013_seed2049_endtoend_lstm_h16.npz,checkpoints/beijing_24h_3h_station1013_seed2049_endtoend_lstm_h16.pt,training_logs/beijing_24h_3h_station1013_seed2049_endtoend_lstm_h16.csv,0.1587438136339187,0.3984266728444756,0.2146755903959274,29.69064140319824,15.997562408447266,24.99196434020996,0.1379376053810119,0.0836159777818373,0.5597577691078186,0.3259491622447967,0.0637441277503967,0.0,2.2184598445892334,forecast,1267.0,4920.0,False,0.0,1e-06,True,False,,
beijing_24h_3h_station1013_seed2049_endtoend_lstm_h32,beijing,24,3,1013,2049,lstm,32,lstm_h32,endtoend_spatial_lstm_h32,st_sparse_station_bias_delta_forecast,False,completed,39.0,0.2538473010063171,8.848450102999777,0.0199887279995891,valid,test,1,18,9.0,9499.0,9499.0,9499.0,predictions/beijing_24h_3h_station1013_seed2049_endtoend_lstm_h32.npz,checkpoints/beijing_24h_3h_station1013_seed2049_endtoend_lstm_h32.pt,training_logs/beijing_24h_3h_station1013_seed2049_endtoend_lstm_h32.csv,0.1676575094461441,0.4094600217922918,0.2176169604063034,30.51284408569336,16.216754913330078,23.980831146240234,0.1363998800516128,0.0634362673105974,0.4529008269309997,0.454982042312622,0.0657601282000541,0.0,1.7264347076416016,forecast,4579.0,4920.0,False,0.0,1e-06,True,False,,
beijing_24h_6h_station1013_seed2047_endtoend_gru_h8,beijing,24,6,1013,2047,gru,8,gru_h8,endtoend_spatial_gru_h8,st_sparse_station_bias_delta_forecast,False,completed,40.0,0.4972395896911621,9.93470995700045,0.0180858439998701,valid,test,1,18,9.0,5736.0,5736.0,5736.0,predictions/beijing_24h_6h_station1013_seed2047_endtoend_gru_h8.npz,checkpoints/beijing_24h_6h_station1013_seed2047_endtoend_gru_h8.pt,training_logs/beijing_24h_6h_station1013_seed2047_endtoend_gru_h8.csv,0.2845165133476257,0.533400893650944,0.3168931305408478,39.745792388916016,23.61294746398925,33.99470138549805,0.135424330830574,0.0717358222880973,0.5704807639122009,0.2070622742176056,0.0618158392608165,0.0,2.151118993759156,forecast,318.0,5418.0,False,0.0,1e-06,True,False,,
beijing_24h_6h_station1013_seed2047_endtoend_gru_h16,beijing,24,6,1013,2047,gru,16,gru_h16,endtoend_spatial_gru_h16,st_sparse_station_bias_delta_forecast,False,completed,36.0,0.4707869291305542,10.114283381999485,0.0179629069998554,valid,test,1,18,9.0,6432.0,6432.0,6432.0,predictions/beijing_24h_6h_station1013_seed2047_endtoend_gru_h16.npz,checkpoints/beijing_24h_6h_station1013_seed2047_endtoend_gru_h16.pt,training_logs/beijing_24h_6h_station1013_seed2047_endtoend_gru_h16.csv,0.278679758310318,0.5279012770493343,0.3117198348045349,39.33599090576172,23.22746467590332,33.77475357055664,0.1310876160860061,0.1005497574118544,0.5708919763565063,0.1264910697937011,0.0757150650024414,0.0,2.5932457447052,forecast,1014.0,5418.0,False,0.0,1e-06,True,False,,
beijing_24h_6h_station1013_seed2047_endtoend_gru_h32,beijing,24,6,1013,2047,gru,32,gru_h32,endtoend_spatial_gru_h32,st_sparse_station_bias_delta_forecast,False,completed,32.0,0.4592848718166351,10.348685967000163,0.0185702859998855,valid,test,1,18,9.0,8976.0,8976.0,8976.0,predictions/beijing_24h_6h_station1013_seed2047_endtoend_gru_h32.npz,checkpoints/beijing_24h_6h_station1013_seed2047_endtoend_gru_h32.pt,training_logs/beijing_24h_6h_station1013_seed2047_endtoend_gru_h32.csv,0.2775667905807495,0.526846078642282,0.3096875250339508,39.257362365722656,23.07603073120117,34.300418853759766,0.1400913149118423,0.0758975689603033,0.5852494239807129,0.1219063773751258,0.0698648542165756,0.0,2.0733981132507324,forecast,3558.0,5418.0,False,0.0,1.0104060173034667e-06,True,False,,
beijing_24h_6h_station1013_seed2047_endtoend_gru_h64,beijing,24,6,1013,2047,gru,64,gru_h64,endtoend_spatial_gru_h64,st_sparse_station_bias_delta_forecast,False,completed,32.0,0.4548656344413757,10.898919838999973,0.0193076199993811,valid,test,1,18,9.0,18672.0,18672.0,18672.0,predictions/beijing_24h_6h_station1013_seed2047_endtoend_gru_h64.npz,checkpoints/beijing_24h_6h_station1013_seed2047_endtoend_gru_h64.pt,training_logs/beijing_24h_6h_station1013_seed2047_endtoend_gru_h64.csv,0.2830443382263183,0.532019114530971,0.3059647679328918,39.642826080322266,22.79863166809082,33.477203369140625,0.1403642445802688,0.0675140944619839,0.5856735706329346,0.1267775297164917,0.0720999836921691,0.0,1.7444063425064087,forecast,13254.0,5418.0,False,0.0,1e-06,True,False,,
beijing_24h_6h_station1013_seed2047_endtoend_lstm_h16,beijing,24,6,1013,2047,lstm,16,lstm_h16,endtoend_spatial_lstm_h16,st_sparse_station_bias_delta_forecast,False,completed,37.0,0.4671963155269623,8.76461725199988,0.0203930119996584,valid,test,1,18,9.0,6736.0,6736.0,6736.0,predictions/beijing_24h_6h_station1013_seed2047_endtoend_lstm_h16.npz,checkpoints/beijing_24h_6h_station1013_seed2047_endtoend_lstm_h16.pt,training_logs/beijing_24h_6h_station1013_seed2047_endtoend_lstm_h16.csv,0.2727440595626831,0.522249039791059,0.3052417933940887,38.914817810058594,22.744760513305664,33.156471252441406,0.1337631195783615,0.0690927143305064,0.5762881636619568,0.1902277767658233,0.0732245594263076,0.0,2.276532888412476,forecast,1318.0,5418.0,False,0.0,1e-06,True,False,,
beijing_24h_6h_station1013_seed2047_endtoend_lstm_h32,beijing,24,6,1013,2047,lstm,32,lstm_h32,endtoend_spatial_lstm_h32,st_sparse_station_bias_delta_forecast,False,completed,32.0,0.4654770791530609,8.871052134999445,0.0203886129993406,valid,test,1,18,9.0,10096.0,10096.0,10096.0,predictions/beijing_24h_6h_station1013_seed2047_endtoend_lstm_h32.npz,checkpoints/beijing_24h_6h_station1013_seed2047_endtoend_lstm_h32.pt,training_logs/beijing_24h_6h_station1013_seed2047_endtoend_lstm_h32.csv,0.2860816717147827,0.5348660315581676,0.3140229880809784,39.85496139526367,23.39908027648925,33.99690246582031,0.1227610781788826,0.0944851802742061,0.562827467918396,0.1390691995620727,0.0778595805168151,0.0,2.3658392429351807,forecast,4678.0,5418.0,False,0.0,1e-06,True,False,,
beijing_24h_6h_station1013_seed2048_endtoend_gru_h8,beijing,24,6,1013,2048,gru,8,gru_h8,endtoend_spatial_gru_h8,st_sparse_station_bias_delta_forecast,False,completed,40.0,0.4940698742866516,9.957101672000135,0.0182786060004218,valid,test,1,18,9.0,5736.0,5736.0,5736.0,predictions/beijing_24h_6h_station1013_seed2048_endtoend_gru_h8.npz,checkpoints/beijing_24h_6h_station1013_seed2048_endtoend_gru_h8.pt,training_logs/beijing_24h_6h_station1013_seed2048_endtoend_gru_h8.csv,0.2751547396183014,0.5245519417734543,0.3083438873291015,39.08641815185547,22.97591018676757,32.281978607177734,0.1771897822618484,0.1120085427022119,0.5193391442298889,0.3703492879867553,0.0633638501167297,0.0,3.6581997871398926,forecast,318.0,5418.0,False,0.0,1e-06,True,False,,
beijing_24h_6h_station1013_seed2048_endtoend_gru_h16,beijing,24,6,1013,2048,gru,16,gru_h16,endtoend_spatial_gru_h16,st_sparse_station_bias_delta_forecast,False,completed,40.0,0.4713418483734131,10.13489015199957,0.0180787930003134,valid,test,1,18,9.0,6432.0,6432.0,6432.0,predictions/beijing_24h_6h_station1013_seed2048_endtoend_gru_h16.npz,checkpoints/beijing_24h_6h_station1013_seed2048_endtoend_gru_h16.pt,training_logs/beijing_24h_6h_station1013_seed2048_endtoend_gru_h16.csv,0.2791510224342346,0.5283474448071407,0.3097225427627563,39.36923599243164,23.07863998413086,33.52448272705078,0.1336239129304886,0.1083442634599932,0.5345975160598755,0.2467385977506637,0.0712665989995002,0.0,3.421871423721313,forecast,1014.0,5418.0,False,0.0,1e-06,True,False,,
beijing_24h_6h_station1013_seed2048_endtoend_gru_h32,beijing,24,6,1013,2048,gru,32,gru_h32,endtoend_spatial_gru_h32,st_sparse_station_bias_delta_forecast,False,completed,36.0,0.4593640565872192,10.328480762999789,0.019059269000536,valid,test,1,18,9.0,8976.0,8976.0,8976.0,predictions/beijing_24h_6h_station1013_seed2048_endtoend_gru_h32.npz,checkpoints/beijing_24h_6h_station1013_seed2048_endtoend_gru_h32.pt,training_logs/beijing_24h_6h_station1013_seed2048_endtoend_gru_h32.csv,0.2810982465744018,0.530186992083361,0.3091882765293121,39.506309509277344,23.038827896118164,33.79266357421875,0.1430086940526962,0.1030852163198394,0.5726190805435181,0.1644252091646194,0.0773083865642547,0.0,2.5957250595092773,forecast,3558.0,5418.0,False,0.0,1e-06,True,False,,
beijing_24h_6h_station1013_seed2048_endtoend_gru_h64,beijing,24,6,1013,2048,gru,64,gru_h64,endtoend_spatial_gru_h64,st_sparse_station_bias_delta_forecast,False,completed,27.0,0.4519044756889343,9.581568366000283,0.0193686269994941,valid,test,1,18,9.0,18672.0,18672.0,18672.0,predictions/beijing_24h_6h_station1013_seed2048_endtoend_gru_h64.npz,checkpoints/beijing_24h_6h_station1013_seed2048_endtoend_gru_h64.pt,training_logs/beijing_24h_6h_station1013_seed2048_endtoend_gru_h64.csv,0.283837080001831,0.5327636248861507,0.3080638349056244,39.69830322265625,22.955041885375977,33.20003890991211,0.1551878303289413,0.0696567093656748,0.5171847343444824,0.3281961381435394,0.0608716085553169,0.0,2.4981882572174072,forecast,13254.0,5418.0,False,0.0,1e-06,True,False,,
beijing_24h_6h_station1013_seed2048_endtoend_lstm_h16,beijing,24,6,1013,2048,lstm,16,lstm_h16,endtoend_spatial_lstm_h16,st_sparse_station_bias_delta_forecast,False,completed,40.0,0.4650335013866424,8.875457719999758,0.019992626000203,valid,test,1,18,9.0,6736.0,6736.0,6736.0,predictions/beijing_24h_6h_station1013_seed2048_endtoend_lstm_h16.npz,checkpoints/beijing_24h_6h_station1013_seed2048_endtoend_lstm_h16.pt,training_logs/beijing_24h_6h_station1013_seed2048_endtoend_lstm_h16.csv,0.2751573026180267,0.5245543848048806,0.3066974878311157,39.08660125732422,22.853233337402344,33.22734069824219,0.1423145979642868,0.0856315149624851,0.5506241321563721,0.2578949332237243,0.0731426104903221,0.0,3.25460171699524,forecast,1318.0,5418.0,False,0.0,1e-06,True,False,,
beijing_24h_6h_station1013_seed2048_endtoend_lstm_h32,beijing,24,6,1013,2048,lstm,32,lstm_h32,endtoend_spatial_lstm_h32,st_sparse_station_bias_delta_forecast,False,completed,34.0,0.4693046510219574,8.9619651969997,0.0201264520001132,valid,test,1,18,9.0,10096.0,10096.0,10096.0,predictions/beijing_24h_6h_station1013_seed2048_endtoend_lstm_h32.npz,checkpoints/beijing_24h_6h_station1013_seed2048_endtoend_lstm_h32.pt,training_logs/beijing_24h_6h_station1013_seed2048_endtoend_lstm_h32.csv,0.2797005474567413,0.5288672304621844,0.3104579150676727,39.4079704284668,23.13343620300293,32.70519256591797,0.1717725396156311,0.0929729711846725,0.4979096949100494,0.3951964378356933,0.0644336193799972,0.0,3.220773935317993,forecast,4678.0,5418.0,False,0.0,1e-06,True,False,,
beijing_24h_6h_station1013_seed2049_endtoend_gru_h8,beijing,24,6,1013,2049,gru,8,gru_h8,endtoend_spatial_gru_h8,st_sparse_station_bias_delta_forecast,False,completed,39.0,0.5111523270606995,10.01875218799978,0.0182928259991967,valid,test,1,18,9.0,5736.0,5736.0,5736.0,predictions/beijing_24h_6h_station1013_seed2049_endtoend_gru_h8.npz,checkpoints/beijing_24h_6h_station1013_seed2049_endtoend_gru_h8.pt,training_logs/beijing_24h_6h_station1013_seed2049_endtoend_gru_h8.csv,0.2852708995342254,0.5341075729983853,0.3184222280979156,39.79844665527344,23.726884841918945,33.411705017089844,0.1624817848205566,0.119209014011171,0.5178490877151489,0.423734188079834,0.0535495802760124,0.0,3.59656310081482,forecast,318.0,5418.0,False,0.0,1e-06,True,False,,
beijing_24h_6h_station1013_seed2049_endtoend_gru_h16,beijing,24,6,1013,2049,gru,16,gru_h16,endtoend_spatial_gru_h16,st_sparse_station_bias_delta_forecast,False,completed,39.0,0.4674302041530609,10.079693196000337,0.0182431160001215,valid,test,1,18,9.0,6432.0,6432.0,6432.0,predictions/beijing_24h_6h_station1013_seed2049_endtoend_gru_h16.npz,checkpoints/beijing_24h_6h_station1013_seed2049_endtoend_gru_h16.pt,training_logs/beijing_24h_6h_station1013_seed2049_endtoend_gru_h16.csv,0.2748929262161255,0.5243023232984243,0.3044710159301758,39.06782150268555,22.68732643127441,33.21928405761719,0.1392675340175628,0.1142198773778217,0.5227923393249512,0.2637037932872772,0.0827937647700309,0.0,3.101999998092652,forecast,1014.0,5418.0,False,0.0,1e-06,True,False,,
beijing_24h_6h_station1013_seed2049_endtoend_gru_h32,beijing,24,6,1013,2049,gru,32,gru_h32,endtoend_spatial_gru_h32,st_sparse_station_bias_delta_forecast,False,completed,39.0,0.4515599310398102,10.293826517000523,0.018304765000721,valid,test,1,18,9.0,8976.0,8976.0,8976.0,predictions/beijing_24h_6h_station1013_seed2049_endtoend_gru_h32.npz,checkpoints/beijing_24h_6h_station1013_seed2049_endtoend_gru_h32.pt,training_logs/beijing_24h_6h_station1013_seed2049_endtoend_gru_h32.csv,0.2710132002830505,0.5205892817596715,0.2994577586650848,38.79114532470703,22.313770294189453,32.58293914794922,0.16616290807724,0.0800784308566751,0.556576669216156,0.3073438107967376,0.0668319836258888,0.0,2.87316632270813,forecast,3558.0,5418.0,False,0.0,1e-06,True,False,,
beijing_24h_6h_station1013_seed2049_endtoend_gru_h64,beijing,24,6,1013,2049,gru,64,gru_h64,endtoend_spatial_gru_h64,st_sparse_station_bias_delta_forecast,False,completed,39.0,0.4543158710002899,10.974154872000328,0.0195653370001309,valid,test,1,18,9.0,18672.0,18672.0,18672.0,predictions/beijing_24h_6h_station1013_seed2049_endtoend_gru_h64.npz,checkpoints/beijing_24h_6h_station1013_seed2049_endtoend_gru_h64.pt,training_logs/beijing_24h_6h_station1013_seed2049_endtoend_gru_h64.csv,0.2857072353363037,0.534515888759449,0.307117760181427,39.8288688659668,22.88454818725586,32.749595642089844,0.1579646617174148,0.0693021626450207,0.4869539737701416,0.3633008301258087,0.0600096136331558,0.0,2.2182457447052,forecast,13254.0,5418.0,False,0.0,1e-06,True,False,,
beijing_24h_6h_station1013_seed2049_endtoend_lstm_h16,beijing,24,6,1013,2049,lstm,16,lstm_h16,endtoend_spatial_lstm_h16,st_sparse_station_bias_delta_forecast,False,completed,36.0,0.4765247404575348,8.812699713000256,0.0199576580007487,valid,test,1,18,9.0,6736.0,6736.0,6736.0,predictions/beijing_24h_6h_station1013_seed2049_endtoend_lstm_h16.npz,checkpoints/beijing_24h_6h_station1013_seed2049_endtoend_lstm_h16.pt,training_logs/beijing_24h_6h_station1013_seed2049_endtoend_lstm_h16.csv,0.2779328525066376,0.5271933729729894,0.3144527673721313,39.28324508666992,23.431108474731445,34.1293830871582,0.1546822786331176,0.0954849491744358,0.5415213704109192,0.3348217606544494,0.061661560088396,0.0,3.518557071685791,forecast,1318.0,5418.0,False,0.0,1e-06,True,False,,
beijing_24h_6h_station1013_seed2049_endtoend_lstm_h32,beijing,24,6,1013,2049,lstm,32,lstm_h32,endtoend_spatial_lstm_h32,st_sparse_station_bias_delta_forecast,False,completed,39.0,0.4638881683349609,8.85838313900058,0.0202026880006087,valid,test,1,18,9.0,10096.0,10096.0,10096.0,predictions/beijing_24h_6h_station1013_seed2049_endtoend_lstm_h32.npz,checkpoints/beijing_24h_6h_station1013_seed2049_endtoend_lstm_h32.pt,training_logs/beijing_24h_6h_station1013_seed2049_endtoend_lstm_h32.csv,0.282626062631607,0.531625867158105,0.311408132314682,39.61352157592773,23.204240798950195,33.20412063598633,0.1505159139633178,0.0728303599916572,0.4850362241268158,0.3651927709579468,0.0633799135684967,0.0,2.520501136779785,forecast,4678.0,5418.0,False,0.0,1e-06,True,False,,
beijing_24h_12h_station1013_seed2047_endtoend_gru_h8,beijing,24,12,1013,2047,gru,8,gru_h8,endtoend_spatial_gru_h8,st_sparse_station_bias_delta_forecast,False,completed,40.0,0.8091988563537598,9.885389531000328,0.0182439400005023,valid,test,1,18,9.0,6786.0,6786.0,6786.0,predictions/beijing_24h_12h_station1013_seed2047_endtoend_gru_h8.npz,checkpoints/beijing_24h_12h_station1013_seed2047_endtoend_gru_h8.pt,training_logs/beijing_24h_12h_station1013_seed2047_endtoend_gru_h8.csv,0.4504620134830475,0.6711646694240151,0.4336715042591095,50.003536224365234,32.309669494628906,44.88820266723633,0.1502508819103241,0.1451094956741775,0.5410142540931702,0.1729362159967422,0.0781307369470596,0.0,4.5647501945495605,forecast,372.0,6414.0,False,0.0,1e-06,True,False,,
beijing_24h_12h_station1013_seed2047_endtoend_gru_h16,beijing,24,12,1013,2047,gru,16,gru_h16,endtoend_spatial_gru_h16,st_sparse_station_bias_delta_forecast,False,completed,29.0,0.8019952178001404,9.284533986000495,0.0190852860005179,valid,test,1,18,9.0,7530.0,7530.0,7530.0,predictions/beijing_24h_12h_station1013_seed2047_endtoend_gru_h16.npz,checkpoints/beijing_24h_12h_station1013_seed2047_endtoend_gru_h16.pt,training_logs/beijing_24h_12h_station1013_seed2047_endtoend_gru_h16.csv,0.4487522840499878,0.6698897551463134,0.4328376650810241,49.90855026245117,32.24754333496094,44.5547981262207,0.1333066970109939,0.1166441447011606,0.5576711297035217,0.126765638589859,0.0766036659479141,0.0,3.74365234375,forecast,1116.0,6414.0,False,0.0,1e-06,True,False,,
beijing_24h_12h_station1013_seed2047_endtoend_gru_h32,beijing,24,12,1013,2047,gru,32,gru_h32,endtoend_spatial_gru_h32,st_sparse_station_bias_delta_forecast,False,completed,29.0,0.8006248474121094,9.502005715999983,0.0188230469993868,valid,test,1,18,9.0,10170.0,10170.0,10170.0,predictions/beijing_24h_12h_station1013_seed2047_endtoend_gru_h32.npz,checkpoints/beijing_24h_12h_station1013_seed2047_endtoend_gru_h32.pt,training_logs/beijing_24h_12h_station1013_seed2047_endtoend_gru_h32.csv,0.4498642385005951,0.6707191949695455,0.4313226640224457,49.97034454345703,32.134674072265625,44.54867172241211,0.1362451016902923,0.1232973852921281,0.5476507544517517,0.1711001247167587,0.0783434063196182,0.0,3.3996775150299072,forecast,3756.0,6414.0,False,0.0,1e-06,True,False,,
beijing_24h_12h_station1013_seed2047_endtoend_gru_h64,beijing,24,12,1013,2047,gru,64,gru_h64,endtoend_spatial_gru_h64,st_sparse_station_bias_delta_forecast,False,completed,23.0,0.7940797209739685,8.506605108999793,0.0194112870003664,valid,test,1,18,9.0,20058.0,20058.0,20058.0,predictions/beijing_24h_12h_station1013_seed2047_endtoend_gru_h64.npz,checkpoints/beijing_24h_12h_station1013_seed2047_endtoend_gru_h64.pt,training_logs/beijing_24h_12h_station1013_seed2047_endtoend_gru_h64.csv,0.4548271298408508,0.6744087261007606,0.4332634806632995,50.2452278137207,32.27927017211914,44.77911758422852,0.1324135959148407,0.1143178088131291,0.5602482557296753,0.1501144617795944,0.07766655087471,0.0,2.9692299365997314,forecast,13644.0,6414.0,False,0.0,1e-06,True,False,,
beijing_24h_12h_station1013_seed2047_endtoend_lstm_h16,beijing,24,12,1013,2047,lstm,16,lstm_h16,endtoend_spatial_lstm_h16,st_sparse_station_bias_delta_forecast,False,completed,39.0,0.8063905239105225,8.758135676000165,0.0199934930005838,valid,test,1,18,9.0,7834.0,7834.0,7834.0,predictions/beijing_24h_12h_station1013_seed2047_endtoend_lstm_h16.npz,checkpoints/beijing_24h_12h_station1013_seed2047_endtoend_lstm_h16.pt,training_logs/beijing_24h_12h_station1013_seed2047_endtoend_lstm_h16.csv,0.4480844140052795,0.6693910770284285,0.4247247874736786,49.87139892578125,31.643112182617188,43.34171295166016,0.1544344872236251,0.1120766622005501,0.5867171883583069,0.0663403123617172,0.0545704402029514,0.0,3.33227276802063,forecast,1420.0,6414.0,False,0.0,1e-06,True,False,,
beijing_24h_12h_station1013_seed2047_endtoend_lstm_h32,beijing,24,12,1013,2047,lstm,32,lstm_h32,endtoend_spatial_lstm_h32,st_sparse_station_bias_delta_forecast,False,completed,38.0,0.7961621880531311,8.8236332030001,0.0199796870001591,valid,test,1,18,9.0,11290.0,11290.0,11290.0,predictions/beijing_24h_12h_station1013_seed2047_endtoend_lstm_h32.npz,checkpoints/beijing_24h_12h_station1013_seed2047_endtoend_lstm_h32.pt,training_logs/beijing_24h_12h_station1013_seed2047_endtoend_lstm_h32.csv,0.4608609080314636,0.6788673714588613,0.4353533387184143,50.5774040222168,32.43497085571289,44.393741607666016,0.153175801038742,0.128788503344953,0.5643277168273926,0.1204465702176094,0.073781780898571,0.0,3.8315272331237793,forecast,4876.0,6414.0,False,0.0,1e-06,True,False,,
beijing_24h_12h_station1013_seed2048_endtoend_gru_h8,beijing,24,12,1013,2048,gru,8,gru_h8,endtoend_spatial_gru_h8,st_sparse_station_bias_delta_forecast,False,completed,39.0,0.8057340383529663,9.919889374999912,0.0182448109999313,valid,test,1,18,9.0,6786.0,6786.0,6786.0,predictions/beijing_24h_12h_station1013_seed2048_endtoend_gru_h8.npz,checkpoints/beijing_24h_12h_station1013_seed2048_endtoend_gru_h8.pt,training_logs/beijing_24h_12h_station1013_seed2048_endtoend_gru_h8.csv,0.4416516125202179,0.6645687417568011,0.4244169890880584,49.51212310791016,31.62018585205078,43.24222183227539,0.1663303673267364,0.1370910413637978,0.5374605655670166,0.3359910845756531,0.057059783488512,0.0,5.137391090393066,forecast,372.0,6414.0,False,0.0,1e-06,True,False,,
beijing_24h_12h_station1013_seed2048_endtoend_gru_h16,beijing,24,12,1013,2048,gru,16,gru_h16,endtoend_spatial_gru_h16,st_sparse_station_bias_delta_forecast,False,completed,35.0,0.7746099233627319,9.98947497900008,0.0183028779993037,valid,test,1,18,9.0,7530.0,7530.0,7530.0,predictions/beijing_24h_12h_station1013_seed2048_endtoend_gru_h16.npz,checkpoints/beijing_24h_12h_station1013_seed2048_endtoend_gru_h16.pt,training_logs/beijing_24h_12h_station1013_seed2048_endtoend_gru_h16.csv,0.44404998421669,0.6663707558234305,0.4221312701702118,49.6463737487793,31.449892044067383,42.94522857666016,0.1945798844099044,0.1306439455308717,0.5332747101783752,0.2942982017993927,0.0546655133366584,0.0,5.09613847732544,forecast,1116.0,6414.0,False,0.0,1e-06,True,False,,
beijing_24h_12h_station1013_seed2048_endtoend_gru_h32,beijing,24,12,1013,2048,gru,32,gru_h32,endtoend_spatial_gru_h32,st_sparse_station_bias_delta_forecast,False,completed,38.0,0.7767366766929626,10.228245938999862,0.0187978519998068,valid,test,1,18,9.0,10170.0,10170.0,10170.0,predictions/beijing_24h_12h_station1013_seed2048_endtoend_gru_h32.npz,checkpoints/beijing_24h_12h_station1013_seed2048_endtoend_gru_h32.pt,training_logs/beijing_24h_12h_station1013_seed2048_endtoend_gru_h32.csv,0.4425303339958191,0.6652295348192375,0.4219067990779876,49.56135177612305,31.433162689208984,43.33269882202149,0.1929650008678436,0.1289538716107135,0.531825065612793,0.2821893692016601,0.0575962737202644,0.0,5.241955280303955,forecast,3756.0,6414.0,False,0.0,1e-06,True,False,,
beijing_24h_12h_station1013_seed2048_endtoend_gru_h64,beijing,24,12,1013,2048,gru,64,gru_h64,endtoend_spatial_gru_h64,st_sparse_station_bias_delta_forecast,False,completed,20.0,0.7726215124130249,7.573298704999615,0.0207836549998319,valid,test,1,18,9.0,20058.0,20058.0,20058.0,predictions/beijing_24h_12h_station1013_seed2048_endtoend_gru_h64.npz,checkpoints/beijing_24h_12h_station1013_seed2048_endtoend_gru_h64.pt,training_logs/beijing_24h_12h_station1013_seed2048_endtoend_gru_h64.csv,0.452408879995346,0.6726134699776284,0.4239336550235748,50.111473083496094,31.584169387817383,42.9306640625,0.1447434276342392,0.0885351240543668,0.5250702500343323,0.294518768787384,0.0588643364608287,0.0,3.480778455734253,forecast,13644.0,6414.0,False,0.0,1e-06,True,False,,
beijing_24h_12h_station1013_seed2048_endtoend_lstm_h16,beijing,24,12,1013,2048,lstm,16,lstm_h16,endtoend_spatial_lstm_h16,st_sparse_station_bias_delta_forecast,False,completed,40.0,0.8000196814537048,8.773778550000316,0.0199298960005762,valid,test,1,18,9.0,7834.0,7834.0,7834.0,predictions/beijing_24h_12h_station1013_seed2048_endtoend_lstm_h16.npz,checkpoints/beijing_24h_12h_station1013_seed2048_endtoend_lstm_h16.pt,training_logs/beijing_24h_12h_station1013_seed2048_endtoend_lstm_h16.csv,0.443329781293869,0.6658301444767044,0.426744282245636,49.60609817504883,31.793569564819336,43.82040786743164,0.1508163660764694,0.1226835367684431,0.5684817433357239,0.1463592797517776,0.0773532539606094,0.0,4.701952934265137,forecast,1420.0,6414.0,False,0.0,1e-06,True,False,,
beijing_24h_12h_station1013_seed2048_endtoend_lstm_h32,beijing,24,12,1013,2048,lstm,32,lstm_h32,endtoend_spatial_lstm_h32,st_sparse_station_bias_delta_forecast,False,completed,38.0,0.7732082009315491,8.857050362999871,0.0200740569998743,valid,test,1,18,9.0,11290.0,11290.0,11290.0,predictions/beijing_24h_12h_station1013_seed2048_endtoend_lstm_h32.npz,checkpoints/beijing_24h_12h_station1013_seed2048_endtoend_lstm_h32.pt,training_logs/beijing_24h_12h_station1013_seed2048_endtoend_lstm_h32.csv,0.4593204855918884,0.677731868508401,0.4317089915275574,50.4928092956543,32.163455963134766,43.79932403564453,0.1858455538749694,0.124229738449209,0.5369722843170166,0.3237966895103454,0.0563241690397262,0.0,5.514043807983398,forecast,4876.0,6414.0,False,0.0,1e-06,True,False,,
beijing_24h_12h_station1013_seed2049_endtoend_gru_h8,beijing,24,12,1013,2049,gru,8,gru_h8,endtoend_spatial_gru_h8,st_sparse_station_bias_delta_forecast,False,completed,36.0,0.8152079582214355,9.878625926000495,0.0181978869995873,valid,test,1,18,9.0,6786.0,6786.0,6786.0,predictions/beijing_24h_12h_station1013_seed2049_endtoend_gru_h8.npz,checkpoints/beijing_24h_12h_station1013_seed2049_endtoend_gru_h8.pt,training_logs/beijing_24h_12h_station1013_seed2049_endtoend_gru_h8.csv,0.4409985244274139,0.6640771976415196,0.4276202619075775,49.47550201416016,31.85883140563965,43.60816955566406,0.1565947979688644,0.1293027283936288,0.5275877714157104,0.3769486844539642,0.0547789484262466,0.0,5.006025314331055,forecast,372.0,6414.0,False,0.0,1e-06,True,False,,
beijing_24h_12h_station1013_seed2049_endtoend_gru_h16,beijing,24,12,1013,2049,gru,16,gru_h16,endtoend_spatial_gru_h16,st_sparse_station_bias_delta_forecast,False,completed,36.0,0.7782714366912842,9.973695513000166,0.0183010279997688,valid,test,1,18,9.0,7530.0,7530.0,7530.0,predictions/beijing_24h_12h_station1013_seed2049_endtoend_gru_h16.npz,checkpoints/beijing_24h_12h_station1013_seed2049_endtoend_gru_h16.pt,training_logs/beijing_24h_12h_station1013_seed2049_endtoend_gru_h16.csv,0.4438948333263397,0.6662543308124457,0.4230071306228637,49.63769912719727,31.5151424407959,43.21894073486328,0.1803177297115326,0.1390921850447566,0.5325856804847717,0.3120613694190979,0.0530659407377243,0.0,5.0125732421875,forecast,1116.0,6414.0,False,0.0,1e-06,True,False,,
beijing_24h_12h_station1013_seed2049_endtoend_gru_h32,beijing,24,12,1013,2049,gru,32,gru_h32,endtoend_spatial_gru_h32,st_sparse_station_bias_delta_forecast,False,completed,35.0,0.7822221517562866,10.279786869999953,0.018774576999931,valid,test,1,18,9.0,10170.0,10170.0,10170.0,predictions/beijing_24h_12h_station1013_seed2049_endtoend_gru_h32.npz,checkpoints/beijing_24h_12h_station1013_seed2049_endtoend_gru_h32.pt,training_logs/beijing_24h_12h_station1013_seed2049_endtoend_gru_h32.csv,0.441852867603302,0.66472014231803,0.4249623119831085,49.52339553833008,31.660808563232425,43.73622131347656,0.1804792732000351,0.1153466093472212,0.5815131068229675,0.2048286348581314,0.063867412507534,0.0,4.485597610473633,forecast,3756.0,6414.0,False,0.0,1e-06,True,False,,
beijing_24h_12h_station1013_seed2049_endtoend_gru_h64,beijing,24,12,1013,2049,gru,64,gru_h64,endtoend_spatial_gru_h64,st_sparse_station_bias_delta_forecast,False,completed,33.0,0.7817686200141907,10.90201100700051,0.0192827780001607,valid,test,1,18,9.0,20058.0,20058.0,20058.0,predictions/beijing_24h_12h_station1013_seed2049_endtoend_gru_h64.npz,checkpoints/beijing_24h_12h_station1013_seed2049_endtoend_gru_h64.pt,training_logs/beijing_24h_12h_station1013_seed2049_endtoend_gru_h64.csv,0.4516098499298095,0.6720192333034893,0.4278300106525421,50.06719970703125,31.87446022033692,43.82526016235352,0.1722659319639206,0.1053072581814877,0.5796629786491394,0.1323371976613998,0.0550595372915267,0.0,2.885343074798584,forecast,13644.0,6414.0,False,0.0,1e-06,True,False,,
beijing_24h_12h_station1013_seed2049_endtoend_lstm_h16,beijing,24,12,1013,2049,lstm,16,lstm_h16,endtoend_spatial_lstm_h16,st_sparse_station_bias_delta_forecast,False,completed,35.0,0.7955967783927917,8.762374124999951,0.0201744509995478,valid,test,1,18,9.0,7834.0,7834.0,7834.0,predictions/beijing_24h_12h_station1013_seed2049_endtoend_lstm_h16.npz,checkpoints/beijing_24h_12h_station1013_seed2049_endtoend_lstm_h16.pt,training_logs/beijing_24h_12h_station1013_seed2049_endtoend_lstm_h16.csv,0.4409802854061126,0.6640634648933132,0.4270499050617218,49.4744758605957,31.81634521484375,43.63945770263672,0.1566293984651565,0.1177623057363283,0.5473340749740601,0.3084024786949157,0.0538441985845565,0.0,4.814714431762695,forecast,1420.0,6414.0,False,0.0,1e-06,True,False,,
beijing_24h_12h_station1013_seed2049_endtoend_lstm_h32,beijing,24,12,1013,2049,lstm,32,lstm_h32,endtoend_spatial_lstm_h32,st_sparse_station_bias_delta_forecast,False,completed,33.0,0.7845504879951477,8.855958182000904,0.0204600050001317,valid,test,1,18,9.0,11290.0,11290.0,11290.0,predictions/beijing_24h_12h_station1013_seed2049_endtoend_lstm_h32.npz,checkpoints/beijing_24h_12h_station1013_seed2049_endtoend_lstm_h32.pt,training_logs/beijing_24h_12h_station1013_seed2049_endtoend_lstm_h32.csv,0.4632147550582886,0.6805988209351296,0.4304204881191253,50.70640563964844,32.06745910644531,43.02190399169922,0.1795670092105865,0.1228641449688273,0.5393161177635193,0.3253117203712463,0.0559480860829353,0.0,4.958509922027588,forecast,4876.0,6414.0,False,0.0,1e-06,True,False,,
beijing_24h_24h_station1013_seed2047_endtoend_gru_h8,beijing,24,24,1013,2047,gru,8,gru_h8,endtoend_spatial_gru_h8,st_sparse_station_bias_delta_forecast,False,completed,34.0,1.2162187099456787,10.506644005999988,0.0201362059997336,valid,test,1,18,9.0,8886.0,8886.0,8886.0,predictions/beijing_24h_24h_station1013_seed2047_endtoend_gru_h8.npz,checkpoints/beijing_24h_24h_station1013_seed2047_endtoend_gru_h8.pt,training_logs/beijing_24h_24h_station1013_seed2047_endtoend_gru_h8.csv,0.6517277956008911,0.8072965970452812,0.5579484105110168,60.1279411315918,41.556339263916016,55.01084899902344,0.1427365392446518,0.1433637205913033,0.5668703317642212,0.0294975340366363,0.0699213594198226,0.0,4.337165355682373,forecast,480.0,8406.0,False,0.0,1e-06,True,False,,
beijing_24h_24h_station1013_seed2047_endtoend_gru_h16,beijing,24,24,1013,2047,gru,16,gru_h16,endtoend_spatial_gru_h16,st_sparse_station_bias_delta_forecast,False,nonfinite,,,,,valid,test,0,18,,,,,,,,,,,,,,,,,,,,,,,,,,,,True,beijing_24h_24h_station1013_seed2047_endtoend_gru_h16 出现非有限训练损失,
beijing_24h_24h_station1013_seed2047_endtoend_gru_h32,beijing,24,24,1013,2047,gru,32,gru_h32,endtoend_spatial_gru_h32,st_sparse_station_bias_delta_forecast,False,completed,15.0,1.2160524129867554,5.968445732999498,0.0189096220001374,valid,test,1,18,9.0,12558.0,12558.0,12558.0,predictions/beijing_24h_24h_station1013_seed2047_endtoend_gru_h32.npz,checkpoints/beijing_24h_24h_station1013_seed2047_endtoend_gru_h32.pt,training_logs/beijing_24h_24h_station1013_seed2047_endtoend_gru_h32.csv,0.6569662094116211,0.8105345208019342,0.5683553218841553,60.369102478027344,42.33144378662109,56.23667144775391,0.1233293786644935,0.1313695047061102,0.565260112285614,0.1668896675109863,0.0739704370498657,0.0,3.7470431327819824,forecast,4152.0,8406.0,False,0.0,1e-06,True,False,,
beijing_24h_24h_station1013_seed2047_endtoend_gru_h64,beijing,24,24,1013,2047,gru,64,gru_h64,endtoend_spatial_gru_h64,st_sparse_station_bias_delta_forecast,False,completed,11.0,1.2134140729904177,5.413517746000252,0.0196511189997181,valid,test,1,18,9.0,22830.0,22830.0,22830.0,predictions/beijing_24h_24h_station1013_seed2047_endtoend_gru_h64.npz,checkpoints/beijing_24h_24h_station1013_seed2047_endtoend_gru_h64.pt,training_logs/beijing_24h_24h_station1013_seed2047_endtoend_gru_h64.csv,0.6555967926979065,0.8096893186265375,0.5656994581222534,60.30615615844727,42.13364028930664,55.83235549926758,0.1189491897821426,0.1213918749777282,0.5633285641670227,0.1837655156850814,0.0740294307470321,0.0,3.35314416885376,forecast,14424.0,8406.0,False,0.0,1e-06,True,False,,
beijing_24h_24h_station1013_seed2047_endtoend_lstm_h16,beijing,24,24,1013,2047,lstm,16,lstm_h16,endtoend_spatial_lstm_h16,st_sparse_station_bias_delta_forecast,False,completed,22.0,1.2243732213974,6.826212133999434,0.0196949160008443,valid,test,1,18,9.0,10030.0,10030.0,10030.0,predictions/beijing_24h_24h_station1013_seed2047_endtoend_lstm_h16.npz,checkpoints/beijing_24h_24h_station1013_seed2047_endtoend_lstm_h16.pt,training_logs/beijing_24h_24h_station1013_seed2047_endtoend_lstm_h16.csv,0.6625398397445679,0.8139655027976112,0.5671513080596924,60.6246452331543,42.24177169799805,55.903507232666016,0.1324366629123687,0.1430351279137489,0.5610842704772949,0.1347214728593826,0.0753055140376091,0.0,4.580177307128906,forecast,1624.0,8406.0,False,0.0,1e-06,True,False,,
beijing_24h_24h_station1013_seed2047_endtoend_lstm_h32,beijing,24,24,1013,2047,lstm,32,lstm_h32,endtoend_spatial_lstm_h32,st_sparse_station_bias_delta_forecast,False,completed,38.0,1.1834660768508911,8.822553654999865,0.0197662820000914,valid,test,1,18,9.0,13678.0,13678.0,13678.0,predictions/beijing_24h_24h_station1013_seed2047_endtoend_lstm_h32.npz,checkpoints/beijing_24h_24h_station1013_seed2047_endtoend_lstm_h32.pt,training_logs/beijing_24h_24h_station1013_seed2047_endtoend_lstm_h32.csv,0.6630170941352844,0.8142586162487225,0.5597180128097534,60.6464729309082,41.68813705444336,54.96955490112305,0.1473147720098495,0.1576403720609437,0.5470132231712341,0.1534288972616195,0.0726273953914642,0.0,4.953181743621826,forecast,5272.0,8406.0,False,0.0,1e-06,True,False,,
beijing_24h_24h_station1013_seed2048_endtoend_gru_h8,beijing,24,24,1013,2048,gru,8,gru_h8,endtoend_spatial_gru_h8,st_sparse_station_bias_delta_forecast,False,completed,38.0,1.1903072595596311,10.03061131800041,0.018365991999417,valid,test,1,18,9.0,8886.0,8886.0,8886.0,predictions/beijing_24h_24h_station1013_seed2048_endtoend_gru_h8.npz,checkpoints/beijing_24h_24h_station1013_seed2048_endtoend_gru_h8.pt,training_logs/beijing_24h_24h_station1013_seed2048_endtoend_gru_h8.csv,0.6416651010513306,0.8010400121412978,0.5485748648643494,59.66194534301758,40.858192443847656,53.62326431274414,0.1865020543336868,0.1880791816036351,0.5378040671348572,0.3524604737758636,0.0503419004380703,0.0,7.877415657043457,forecast,480.0,8406.0,False,0.0,1.0041652917861938e-06,True,False,,
beijing_24h_24h_station1013_seed2048_endtoend_gru_h16,beijing,24,24,1013,2048,gru,16,gru_h16,endtoend_spatial_gru_h16,st_sparse_station_bias_delta_forecast,False,completed,40.0,1.414275884628296,9.601242001000172,0.0194845569994868,valid,test,1,18,9.0,9726.0,9726.0,9726.0,predictions/beijing_24h_24h_station1013_seed2048_endtoend_gru_h16.npz,checkpoints/beijing_24h_24h_station1013_seed2048_endtoend_gru_h16.pt,training_logs/beijing_24h_24h_station1013_seed2048_endtoend_gru_h16.csv,0.7173274755477905,0.8469518732181838,0.6165004372596741,63.08148956298828,45.91731643676758,60.76629257202149,0.1105003207921981,0.1452865047365457,0.5633761286735535,0.1697993129491806,0.0789655819535255,0.0,2.2352449893951416,forecast,1320.0,8406.0,False,0.0,1e-06,True,True,,beijing_24h_24h_station1013_seed2048_endtoend_gru_h16 出现非有限训练损失
beijing_24h_24h_station1013_seed2048_endtoend_gru_h32,beijing,24,24,1013,2048,gru,32,gru_h32,endtoend_spatial_gru_h32,st_sparse_station_bias_delta_forecast,False,completed,24.0,1.1952272653579712,8.562891759000195,0.0186202380000395,valid,test,1,18,9.0,12558.0,12558.0,12558.0,predictions/beijing_24h_24h_station1013_seed2048_endtoend_gru_h32.npz,checkpoints/beijing_24h_24h_station1013_seed2048_endtoend_gru_h32.pt,training_logs/beijing_24h_24h_station1013_seed2048_endtoend_gru_h32.csv,0.6514937877655029,0.807151651033127,0.5517339110374451,60.117149353027344,41.09347534179688,54.22943878173828,0.1574546098709106,0.1306878669578742,0.5803098678588867,0.1717811375856399,0.0531288646161556,0.0,4.870799541473389,forecast,4152.0,8406.0,False,0.0,1e-06,True,False,,
beijing_24h_24h_station1013_seed2048_endtoend_gru_h64,beijing,24,24,1013,2048,gru,64,gru_h64,endtoend_spatial_gru_h64,st_sparse_station_bias_delta_forecast,False,completed,19.0,1.2052773237228394,7.465167594000377,0.019433855999523,valid,test,1,18,9.0,22830.0,22830.0,22830.0,predictions/beijing_24h_24h_station1013_seed2048_endtoend_gru_h64.npz,checkpoints/beijing_24h_24h_station1013_seed2048_endtoend_gru_h64.pt,training_logs/beijing_24h_24h_station1013_seed2048_endtoend_gru_h64.csv,0.6476936340332031,0.8047941563115398,0.556624174118042,59.941551208496094,41.45771026611328,54.75013732910156,0.1362896710634231,0.1445063582440688,0.5512299537658691,0.1704781502485275,0.0718288943171501,0.0,4.027450084686279,forecast,14424.0,8406.0,False,0.0,1e-06,True,False,,
beijing_24h_24h_station1013_seed2048_endtoend_lstm_h16,beijing,24,24,1013,2048,lstm,16,lstm_h16,endtoend_spatial_lstm_h16,st_sparse_station_bias_delta_forecast,False,completed,38.0,1.1994562149047852,8.953394346000096,0.0211442240006363,valid,test,1,18,9.0,10030.0,10030.0,10030.0,predictions/beijing_24h_24h_station1013_seed2048_endtoend_lstm_h16.npz,checkpoints/beijing_24h_24h_station1013_seed2048_endtoend_lstm_h16.pt,training_logs/beijing_24h_24h_station1013_seed2048_endtoend_lstm_h16.csv,0.6617757678031921,0.813496015849612,0.5583078861236572,60.58967590332031,41.58311080932617,54.76065444946289,0.1580993384122848,0.1738593241920345,0.53280109167099,0.225758358836174,0.0779713541269302,0.0,5.710357189178467,forecast,1624.0,8406.0,False,0.0,1e-06,True,False,,
beijing_24h_24h_station1013_seed2048_endtoend_lstm_h32,beijing,24,24,1013,2048,lstm,32,lstm_h32,endtoend_spatial_lstm_h32,st_sparse_station_bias_delta_forecast,False,completed,29.0,1.177951097488403,8.685420721999435,0.0213574720000906,valid,test,1,18,9.0,13678.0,13678.0,13678.0,predictions/beijing_24h_24h_station1013_seed2048_endtoend_lstm_h32.npz,checkpoints/beijing_24h_24h_station1013_seed2048_endtoend_lstm_h32.pt,training_logs/beijing_24h_24h_station1013_seed2048_endtoend_lstm_h32.csv,0.6650121808052063,0.8154827900116631,0.5602610111236572,60.73765182495117,41.72858428955078,54.85262298583984,0.1422573626041412,0.1465741205337749,0.552970290184021,0.1701251566410064,0.070829227566719,0.0,4.658959865570068,forecast,5272.0,8406.0,False,0.0,1e-06,True,False,,
beijing_24h_24h_station1013_seed2049_endtoend_gru_h8,beijing,24,24,1013,2049,gru,8,gru_h8,endtoend_spatial_gru_h8,st_sparse_station_bias_delta_forecast,False,completed,36.0,1.219107151031494,10.25044575999982,0.0184595379996608,valid,test,1,18,9.0,8886.0,8886.0,8886.0,predictions/beijing_24h_24h_station1013_seed2049_endtoend_gru_h8.npz,checkpoints/beijing_24h_24h_station1013_seed2049_endtoend_gru_h8.pt,training_logs/beijing_24h_24h_station1013_seed2049_endtoend_gru_h8.csv,0.6477786898612976,0.8048469977960393,0.5581656098365784,59.94549179077149,41.572513580322266,54.84146499633789,0.1519176959991455,0.182969239816227,0.5350677371025085,0.1447424441576004,0.0846858099102974,0.0,6.338200092315674,forecast,480.0,8406.0,False,0.0,1e-06,True,False,,
beijing_24h_24h_station1013_seed2049_endtoend_gru_h16,beijing,24,24,1013,2049,gru,16,gru_h16,endtoend_spatial_gru_h16,st_sparse_station_bias_delta_forecast,False,nonfinite,,,,,valid,test,0,18,,,,,,,,,,,,,,,,,,,,,,,,,,,,True,beijing_24h_24h_station1013_seed2049_endtoend_gru_h16 出现非有限训练损失,
beijing_24h_24h_station1013_seed2049_endtoend_gru_h32,beijing,24,24,1013,2049,gru,32,gru_h32,endtoend_spatial_gru_h32,st_sparse_station_bias_delta_forecast,False,completed,35.0,1.2055608034133911,10.738738661000752,0.0184943009999187,valid,test,1,18,9.0,12558.0,12558.0,12558.0,predictions/beijing_24h_24h_station1013_seed2049_endtoend_gru_h32.npz,checkpoints/beijing_24h_24h_station1013_seed2049_endtoend_gru_h32.pt,training_logs/beijing_24h_24h_station1013_seed2049_endtoend_gru_h32.csv,0.6441746950149536,0.8026049433033375,0.554551362991333,59.77850341796875,41.303321838378906,54.81198501586914,0.1784638911485672,0.1852313569597204,0.5460526943206787,0.141091838479042,0.0819986164569854,0.0,5.581447601318359,forecast,4152.0,8406.0,False,0.0,1e-06,True,False,,
beijing_24h_24h_station1013_seed2049_endtoend_gru_h64,beijing,24,24,1013,2049,gru,64,gru_h64,endtoend_spatial_gru_h64,st_sparse_station_bias_delta_forecast,False,completed,22.0,1.205731987953186,8.230273496999871,0.0190432489998784,valid,test,1,18,9.0,22830.0,22830.0,22830.0,predictions/beijing_24h_24h_station1013_seed2049_endtoend_gru_h64.npz,checkpoints/beijing_24h_24h_station1013_seed2049_endtoend_gru_h64.pt,training_logs/beijing_24h_24h_station1013_seed2049_endtoend_gru_h64.csv,0.6465545296669006,0.8040861456752633,0.5588006377220154,59.88882446289063,41.61981201171875,55.41378784179688,0.1451247483491897,0.1545371920072406,0.5558664798736572,0.1271055936813354,0.0814254656434059,0.0,3.697303295135498,forecast,14424.0,8406.0,False,0.0,1e-06,True,False,,
beijing_24h_24h_station1013_seed2049_endtoend_lstm_h16,beijing,24,24,1013,2049,lstm,16,lstm_h16,endtoend_spatial_lstm_h16,st_sparse_station_bias_delta_forecast,False,completed,27.0,1.2109792232513428,8.021580384000117,0.0209581520002757,valid,test,1,18,9.0,10030.0,10030.0,10030.0,predictions/beijing_24h_24h_station1013_seed2049_endtoend_lstm_h16.npz,checkpoints/beijing_24h_24h_station1013_seed2049_endtoend_lstm_h16.pt,training_logs/beijing_24h_24h_station1013_seed2049_endtoend_lstm_h16.csv,0.6502489447593689,0.8063801490360294,0.5593529939651489,60.05968475341797,41.66094970703125,55.21892929077149,0.1471305191516876,0.1620936153466717,0.5458710789680481,0.152105376124382,0.0867777541279792,0.0,5.039308547973633,forecast,1624.0,8406.0,False,0.0,1e-06,True,False,,
beijing_24h_24h_station1013_seed2049_endtoend_lstm_h32,beijing,24,24,1013,2049,lstm,32,lstm_h32,endtoend_spatial_lstm_h32,st_sparse_station_bias_delta_forecast,False,completed,24.0,1.179493427276611,7.500392863999878,0.0200987300004271,valid,test,1,18,9.0,13678.0,13678.0,13678.0,predictions/beijing_24h_24h_station1013_seed2049_endtoend_lstm_h32.npz,checkpoints/beijing_24h_24h_station1013_seed2049_endtoend_lstm_h32.pt,training_logs/beijing_24h_24h_station1013_seed2049_endtoend_lstm_h32.csv,0.6629771590232849,0.8142340935033886,0.5611660480499268,60.64464569091797,41.79598617553711,55.25934600830078,0.1465168446302414,0.1544218382360374,0.5570024251937866,0.1304099708795547,0.0797480046749115,0.0,4.211594104766846,forecast,5272.0,8406.0,False,0.0,1e-06,True,False,,
beijing_48h_1h_station1013_seed2047_endtoend_gru_h8,beijing,48,1,1013,2047,gru,8,gru_h8,endtoend_spatial_gru_h8,st_sparse_station_bias_delta_forecast,False,completed,40.0,0.1217100173234939,17.973470384999928,0.030530975000147,valid,test,1,18,9.0,4861.0,4861.0,4861.0,predictions/beijing_48h_1h_station1013_seed2047_endtoend_gru_h8.npz,checkpoints/beijing_48h_1h_station1013_seed2047_endtoend_gru_h8.pt,training_logs/beijing_48h_1h_station1013_seed2047_endtoend_gru_h8.csv,0.0720161348581314,0.2683582211487686,0.139043852686882,19.987483978271484,10.356069564819336,16.502193450927734,0.1372980028390884,0.0652746728352201,0.45787313580513,0.5041462779045105,0.0509920492768287,0.0,1.0982009172439575,forecast,273.0,4588.0,False,0.0,1e-06,True,False,,
beijing_48h_1h_station1013_seed2047_endtoend_gru_h16,beijing,48,1,1013,2047,gru,16,gru_h16,endtoend_spatial_gru_h16,st_sparse_station_bias_delta_forecast,False,completed,40.0,0.1033192202448844,18.180874144999507,0.031114040999455,valid,test,1,18,9.0,5517.0,5517.0,5517.0,predictions/beijing_48h_1h_station1013_seed2047_endtoend_gru_h16.npz,checkpoints/beijing_48h_1h_station1013_seed2047_endtoend_gru_h16.pt,training_logs/beijing_48h_1h_station1013_seed2047_endtoend_gru_h16.csv,0.0730141848325729,0.2702113706574409,0.1326955109834671,20.125507354736328,9.883241653442385,16.21109962463379,0.1241804063320159,0.0819117613783017,0.5285735130310059,0.3032226860523224,0.0747424438595771,0.0,1.0202447175979614,forecast,929.0,4588.0,False,0.0,1e-06,True,False,,
beijing_48h_1h_station1013_seed2047_endtoend_gru_h32,beijing,48,1,1013,2047,gru,32,gru_h32,endtoend_spatial_gru_h32,st_sparse_station_bias_delta_forecast,False,completed,40.0,0.0988082811236381,18.507245752000017,0.0321999739999228,valid,test,1,18,9.0,7981.0,7981.0,7981.0,predictions/beijing_48h_1h_station1013_seed2047_endtoend_gru_h32.npz,checkpoints/beijing_48h_1h_station1013_seed2047_endtoend_gru_h32.pt,training_logs/beijing_48h_1h_station1013_seed2047_endtoend_gru_h32.csv,0.0775487124919891,0.2784756946162252,0.1323846876621246,20.74103736877441,9.86009120941162,15.938713073730469,0.1102985963225364,0.0680005453592449,0.4253825545310974,0.5424937009811401,0.0577775910496711,0.0,0.9547934532165528,forecast,3393.0,4588.0,False,0.0,1e-06,True,False,,
beijing_48h_1h_station1013_seed2047_endtoend_gru_h64,beijing,48,1,1013,2047,gru,64,gru_h64,endtoend_spatial_gru_h64,st_sparse_station_bias_delta_forecast,False,completed,36.0,0.0942048132419586,20.22351055899981,0.0336595530006889,valid,test,1,18,9.0,17517.0,17517.0,17517.0,predictions/beijing_48h_1h_station1013_seed2047_endtoend_gru_h64.npz,checkpoints/beijing_48h_1h_station1013_seed2047_endtoend_gru_h64.pt,training_logs/beijing_48h_1h_station1013_seed2047_endtoend_gru_h64.csv,0.0787497162818908,0.2806237984952289,0.1349823772907257,20.901029586791992,10.053568840026855,17.79866600036621,0.1142156273126602,0.0251147926194631,0.4971820116043091,0.3667643964290619,0.0730096101760864,0.0,0.699914813041687,forecast,12929.0,4588.0,False,0.0,1e-06,True,False,,
beijing_48h_1h_station1013_seed2047_endtoend_lstm_h16,beijing,48,1,1013,2047,lstm,16,lstm_h16,endtoend_spatial_lstm_h16,st_sparse_station_bias_delta_forecast,False,completed,39.0,0.1082651764154434,15.832209314000464,0.029083571999763,valid,test,1,18,9.0,5821.0,5821.0,5821.0,predictions/beijing_48h_1h_station1013_seed2047_endtoend_lstm_h16.npz,checkpoints/beijing_48h_1h_station1013_seed2047_endtoend_lstm_h16.pt,training_logs/beijing_48h_1h_station1013_seed2047_endtoend_lstm_h16.csv,0.0742331221699714,0.2724575603098058,0.1364829987287521,20.292802810668945,10.165335655212402,16.933326721191406,0.1168666779994964,0.07455952211638,0.5960267186164856,0.0642298981547355,0.0522864051163196,0.0,0.7216336727142334,forecast,1233.0,4588.0,False,0.0,1e-06,True,False,,
beijing_48h_1h_station1013_seed2047_endtoend_lstm_h32,beijing,48,1,1013,2047,lstm,32,lstm_h32,endtoend_spatial_lstm_h32,st_sparse_station_bias_delta_forecast,False,completed,40.0,0.0951960459351539,16.05499625700031,0.0291220019998945,valid,test,1,18,9.0,9101.0,9101.0,9101.0,predictions/beijing_48h_1h_station1013_seed2047_endtoend_lstm_h32.npz,checkpoints/beijing_48h_1h_station1013_seed2047_endtoend_lstm_h32.pt,training_logs/beijing_48h_1h_station1013_seed2047_endtoend_lstm_h32.csv,0.0734415650367736,0.2710010425012673,0.1353173404932022,20.18432235717773,10.078516960144045,17.15583038330078,0.1537079960107803,0.0821105647282238,0.3863246142864227,0.5571045279502869,0.0631049796938896,0.0,1.6182557344436646,forecast,4513.0,4588.0,False,0.0,1e-06,True,False,,
beijing_48h_1h_station1013_seed2048_endtoend_gru_h8,beijing,48,1,1013,2048,gru,8,gru_h8,endtoend_spatial_gru_h8,st_sparse_station_bias_delta_forecast,False,completed,40.0,0.1277742683887481,17.684799952000503,0.0298014159998274,valid,test,1,18,9.0,4861.0,4861.0,4861.0,predictions/beijing_48h_1h_station1013_seed2048_endtoend_gru_h8.npz,checkpoints/beijing_48h_1h_station1013_seed2048_endtoend_gru_h8.pt,training_logs/beijing_48h_1h_station1013_seed2048_endtoend_gru_h8.csv,0.076378509402275,0.2763666213606033,0.1393837332725525,20.583953857421875,10.38138484954834,16.159595489501953,0.1327074319124221,0.0999275446058143,0.4936344623565674,0.2618190348148346,0.0817084908485412,0.0,1.4343591928482056,forecast,273.0,4588.0,False,0.0,1e-06,True,False,,
beijing_48h_1h_station1013_seed2048_endtoend_gru_h16,beijing,48,1,1013,2048,gru,16,gru_h16,endtoend_spatial_gru_h16,st_sparse_station_bias_delta_forecast,False,completed,40.0,0.1032046005129814,17.825535142999797,0.0396153120000235,valid,test,1,18,9.0,5517.0,5517.0,5517.0,predictions/beijing_48h_1h_station1013_seed2048_endtoend_gru_h16.npz,checkpoints/beijing_48h_1h_station1013_seed2048_endtoend_gru_h16.pt,training_logs/beijing_48h_1h_station1013_seed2048_endtoend_gru_h16.csv,0.0745549127459526,0.273047455117151,0.1352119743824005,20.33673858642578,10.070671081542969,16.238500595092773,0.1375653445720672,0.0635076307908985,0.4564142525196075,0.4642843902111053,0.0599307008087635,0.0,1.2084767818450928,forecast,929.0,4588.0,False,0.0,1e-06,True,False,,
beijing_48h_1h_station1013_seed2048_endtoend_gru_h32,beijing,48,1,1013,2048,gru,32,gru_h32,endtoend_spatial_gru_h32,st_sparse_station_bias_delta_forecast,False,completed,39.0,0.0968025997281074,18.581044020000263,0.0312097190007989,valid,test,1,18,9.0,7981.0,7981.0,7981.0,predictions/beijing_48h_1h_station1013_seed2048_endtoend_gru_h32.npz,checkpoints/beijing_48h_1h_station1013_seed2048_endtoend_gru_h32.pt,training_logs/beijing_48h_1h_station1013_seed2048_endtoend_gru_h32.csv,0.0773946493864059,0.2781989385069719,0.133378803730011,20.72042655944824,9.934133529663086,16.634679794311523,0.1199625134468078,0.0249151214832554,0.4496321082115173,0.4606442451477051,0.0684728324413299,0.0,0.9177688360214232,forecast,3393.0,4588.0,False,0.0,1e-06,True,False,,
beijing_48h_1h_station1013_seed2048_endtoend_gru_h64,beijing,48,1,1013,2048,gru,64,gru_h64,endtoend_spatial_gru_h64,st_sparse_station_bias_delta_forecast,False,completed,39.0,0.0934839621186256,20.115111381999668,0.0323509929994543,valid,test,1,18,9.0,17517.0,17517.0,17517.0,predictions/beijing_48h_1h_station1013_seed2048_endtoend_gru_h64.npz,checkpoints/beijing_48h_1h_station1013_seed2048_endtoend_gru_h64.pt,training_logs/beijing_48h_1h_station1013_seed2048_endtoend_gru_h64.csv,0.0777455493807792,0.2788288890713788,0.1355320513248443,20.767343521118164,10.094508171081545,17.11846351623535,0.1262701153755188,0.0598513902958716,0.4639909267425537,0.4205920696258545,0.0712261870503425,0.0,1.117631435394287,forecast,12929.0,4588.0,False,0.0,1e-06,True,False,,
beijing_48h_1h_station1013_seed2048_endtoend_lstm_h16,beijing,48,1,1013,2048,lstm,16,lstm_h16,endtoend_spatial_lstm_h16,st_sparse_station_bias_delta_forecast,False,completed,39.0,0.1109003499150276,16.14976079600001,0.0290587070003311,valid,test,1,18,9.0,5821.0,5821.0,5821.0,predictions/beijing_48h_1h_station1013_seed2048_endtoend_lstm_h16.npz,checkpoints/beijing_48h_1h_station1013_seed2048_endtoend_lstm_h16.pt,training_logs/beijing_48h_1h_station1013_seed2048_endtoend_lstm_h16.csv,0.0720043331384658,0.2683362315052998,0.1350714713335037,19.9858455657959,10.060203552246094,16.259185791015625,0.1381920725107193,0.0631538741053933,0.4455333352088928,0.5071941614151001,0.0588369444012641,0.0,1.1309465169906616,forecast,1233.0,4588.0,False,0.0,1e-06,True,False,,
beijing_48h_1h_station1013_seed2048_endtoend_lstm_h32,beijing,48,1,1013,2048,lstm,32,lstm_h32,endtoend_spatial_lstm_h32,st_sparse_station_bias_delta_forecast,False,completed,40.0,0.1019267588853836,16.071542691000104,0.0292096989996935,valid,test,1,18,9.0,9101.0,9101.0,9101.0,predictions/beijing_48h_1h_station1013_seed2048_endtoend_lstm_h32.npz,checkpoints/beijing_48h_1h_station1013_seed2048_endtoend_lstm_h32.pt,training_logs/beijing_48h_1h_station1013_seed2048_endtoend_lstm_h32.csv,0.0774111300706863,0.2782285572522819,0.1381915658712387,20.722631454467773,10.292591094970703,17.16362762451172,0.1222807168960571,0.0616857633135101,0.6099002361297607,0.1089198291301727,0.060129702091217,0.0,0.9911968111991882,forecast,4513.0,4588.0,False,0.0,1e-06,True,False,,
beijing_48h_1h_station1013_seed2049_endtoend_gru_h8,beijing,48,1,1013,2049,gru,8,gru_h8,endtoend_spatial_gru_h8,st_sparse_station_bias_delta_forecast,False,completed,40.0,0.1274944245815277,17.747425454000222,0.0298518370000238,valid,test,1,18,9.0,4861.0,4861.0,4861.0,predictions/beijing_48h_1h_station1013_seed2049_endtoend_gru_h8.npz,checkpoints/beijing_48h_1h_station1013_seed2049_endtoend_gru_h8.pt,training_logs/beijing_48h_1h_station1013_seed2049_endtoend_gru_h8.csv,0.0744630619883537,0.272879207687859,0.1378783583641052,20.324207305908203,10.269264221191406,16.32976722717285,0.1456517428159713,0.0953119913342977,0.3241119682788849,0.688112199306488,0.0470676347613334,0.0,1.432699203491211,forecast,273.0,4588.0,False,0.0,1e-06,True,False,,
beijing_48h_1h_station1013_seed2049_endtoend_gru_h16,beijing,48,1,1013,2049,gru,16,gru_h16,endtoend_spatial_gru_h16,st_sparse_station_bias_delta_forecast,False,completed,40.0,0.1032178327441215,18.20259691199953,0.0307931610004743,valid,test,1,18,9.0,5517.0,5517.0,5517.0,predictions/beijing_48h_1h_station1013_seed2049_endtoend_gru_h16.npz,checkpoints/beijing_48h_1h_station1013_seed2049_endtoend_gru_h16.pt,training_logs/beijing_48h_1h_station1013_seed2049_endtoend_gru_h16.csv,0.0749262422323226,0.2737265829844129,0.1346528232097625,20.38732147216797,10.029022216796877,16.615150451660156,0.1219393536448478,0.0573297836385567,0.4529743492603302,0.4068029224872589,0.0742846652865409,0.0,0.8802258968353271,forecast,929.0,4588.0,False,0.0,1e-06,True,False,,
beijing_48h_1h_station1013_seed2049_endtoend_gru_h32,beijing,48,1,1013,2049,gru,32,gru_h32,endtoend_spatial_gru_h32,st_sparse_station_bias_delta_forecast,False,completed,40.0,0.0959435552358627,18.44554773800064,0.0309282250000251,valid,test,1,18,9.0,7981.0,7981.0,7981.0,predictions/beijing_48h_1h_station1013_seed2049_endtoend_gru_h32.npz,checkpoints/beijing_48h_1h_station1013_seed2049_endtoend_gru_h32.pt,training_logs/beijing_48h_1h_station1013_seed2049_endtoend_gru_h32.csv,0.074720375239849,0.2733502793849845,0.1310794204473495,20.359294891357425,9.7628755569458,16.3536319732666,0.1145710200071334,0.0458397655942431,0.5073041319847107,0.3107446134090423,0.0790560990571975,0.0,0.8363867402076721,forecast,3393.0,4588.0,False,0.0,1e-06,True,False,,
beijing_48h_1h_station1013_seed2049_endtoend_gru_h64,beijing,48,1,1013,2049,gru,64,gru_h64,endtoend_spatial_gru_h64,st_sparse_station_bias_delta_forecast,False,completed,39.0,0.0954935327172279,19.841839581000382,0.0334924990002036,valid,test,1,18,9.0,17517.0,17517.0,17517.0,predictions/beijing_48h_1h_station1013_seed2049_endtoend_gru_h64.npz,checkpoints/beijing_48h_1h_station1013_seed2049_endtoend_gru_h64.pt,training_logs/beijing_48h_1h_station1013_seed2049_endtoend_gru_h64.csv,0.0782139301300048,0.2796675349946877,0.1311007291078567,20.82980728149414,9.764461517333984,16.135923385620117,0.1163210123777389,0.0536546669273027,0.4298987090587616,0.496767520904541,0.0689007863402366,0.0,0.6758649349212646,forecast,12929.0,4588.0,False,0.0,1e-06,True,False,,
beijing_48h_1h_station1013_seed2049_endtoend_lstm_h16,beijing,48,1,1013,2049,lstm,16,lstm_h16,endtoend_spatial_lstm_h16,st_sparse_station_bias_delta_forecast,False,completed,40.0,0.098660334944725,15.894593271000304,0.028480214999945,valid,test,1,18,9.0,5821.0,5821.0,5821.0,predictions/beijing_48h_1h_station1013_seed2049_endtoend_lstm_h16.npz,checkpoints/beijing_48h_1h_station1013_seed2049_endtoend_lstm_h16.pt,training_logs/beijing_48h_1h_station1013_seed2049_endtoend_lstm_h16.csv,0.0710816010832786,0.2666113296228775,0.1337370723485946,19.85737419128418,9.96081829071045,16.623973846435547,0.1267033964395523,0.0782141216269286,0.4270186722278595,0.4512028396129608,0.0759193003177642,0.0,0.876504123210907,forecast,1233.0,4588.0,False,0.0,1e-06,True,False,,
beijing_48h_1h_station1013_seed2049_endtoend_lstm_h32,beijing,48,1,1013,2049,lstm,32,lstm_h32,endtoend_spatial_lstm_h32,st_sparse_station_bias_delta_forecast,False,completed,7.0,0.7901929616928101,6.197413097000208,0.0290710230001423,valid,test,1,18,9.0,9101.0,9101.0,9101.0,predictions/beijing_48h_1h_station1013_seed2049_endtoend_lstm_h32.npz,checkpoints/beijing_48h_1h_station1013_seed2049_endtoend_lstm_h32.pt,training_logs/beijing_48h_1h_station1013_seed2049_endtoend_lstm_h32.csv,0.397785484790802,0.6307023741756503,0.4302770495414734,46.975093841552734,32.04729461669922,44.98750686645508,0.1009338796138763,0.0319983820857553,0.6155068278312683,0.1506078392267227,0.0639664232730865,0.0,0.2417321056127548,forecast,4513.0,4588.0,False,0.0,1e-06,True,False,,
beijing_48h_3h_station1013_seed2047_endtoend_gru_h8,beijing,48,3,1013,2047,gru,8,gru_h8,endtoend_spatial_gru_h8,st_sparse_station_bias_delta_forecast,False,completed,40.0,0.2940894067287445,17.882105149999916,0.0301692060002096,valid,test,1,18,9.0,5211.0,5211.0,5211.0,predictions/beijing_48h_3h_station1013_seed2047_endtoend_gru_h8.npz,checkpoints/beijing_48h_3h_station1013_seed2047_endtoend_gru_h8.pt,training_logs/beijing_48h_3h_station1013_seed2047_endtoend_gru_h8.csv,0.1668057292699813,0.4084185711619654,0.2234774976968765,30.41692543029785,16.643461227416992,24.75422477722168,0.1331952363252639,0.1080505775281734,0.4947192072868347,0.2777834236621856,0.0806381553411483,0.0,2.174127578735352,forecast,291.0,4920.0,False,0.0,1e-06,True,False,,
beijing_48h_3h_station1013_seed2047_endtoend_gru_h16,beijing,48,3,1013,2047,gru,16,gru_h16,endtoend_spatial_gru_h16,st_sparse_station_bias_delta_forecast,False,completed,39.0,0.2657722234725952,18.52578889600045,0.0311098770007447,valid,test,1,18,9.0,5883.0,5883.0,5883.0,predictions/beijing_48h_3h_station1013_seed2047_endtoend_gru_h16.npz,checkpoints/beijing_48h_3h_station1013_seed2047_endtoend_gru_h16.pt,training_logs/beijing_48h_3h_station1013_seed2047_endtoend_gru_h16.csv,0.1663712561130523,0.4078863274406882,0.2247152626514434,30.37728500366211,16.73564338684082,26.115617752075195,0.1207102090120315,0.0520737033016674,0.5997499227523804,0.0832448378205299,0.0539034120738506,0.0,1.3847787380218506,forecast,963.0,4920.0,False,0.0,1e-06,True,False,,
beijing_48h_3h_station1013_seed2047_endtoend_gru_h32,beijing,48,3,1013,2047,gru,32,gru_h32,endtoend_spatial_gru_h32,st_sparse_station_bias_delta_forecast,False,completed,37.0,0.252416044473648,18.631884397999784,0.0320469680000314,valid,test,1,18,9.0,8379.0,8379.0,8379.0,predictions/beijing_48h_3h_station1013_seed2047_endtoend_gru_h32.npz,checkpoints/beijing_48h_3h_station1013_seed2047_endtoend_gru_h32.pt,training_logs/beijing_48h_3h_station1013_seed2047_endtoend_gru_h32.csv,0.1677389591932296,0.4095594696661642,0.2165347188711166,30.501893997192383,16.12639808654785,25.146120071411133,0.123167335987091,0.0794371696214807,0.5419737696647644,0.3098855316638946,0.0734125301241874,0.0,1.6625250577926636,forecast,3459.0,4920.0,False,0.0,1e-06,True,False,,
beijing_48h_3h_station1013_seed2047_endtoend_gru_h64,beijing,48,3,1013,2047,gru,64,gru_h64,endtoend_spatial_gru_h64,st_sparse_station_bias_delta_forecast,False,completed,34.0,0.2476186007261276,20.042031109000163,0.0319994299989048,valid,test,1,18,9.0,17979.0,17979.0,17979.0,predictions/beijing_48h_3h_station1013_seed2047_endtoend_gru_h64.npz,checkpoints/beijing_48h_3h_station1013_seed2047_endtoend_gru_h64.pt,training_logs/beijing_48h_3h_station1013_seed2047_endtoend_gru_h64.csv,0.1696184575557708,0.4118476144835258,0.2126339673995971,30.672304153442383,15.835890769958496,24.2741756439209,0.125652864575386,0.051636093916176,0.6002172231674194,0.111772820353508,0.0703273192048072,0.0,1.184741497039795,forecast,13059.0,4920.0,False,0.0,1e-06,True,False,,
beijing_48h_3h_station1013_seed2047_endtoend_lstm_h16,beijing,48,3,1013,2047,lstm,16,lstm_h16,endtoend_spatial_lstm_h16,st_sparse_station_bias_delta_forecast,False,completed,39.0,0.2626393437385559,16.17938595099986,0.0289613099994312,valid,test,1,18,9.0,6187.0,6187.0,6187.0,predictions/beijing_48h_3h_station1013_seed2047_endtoend_lstm_h16.npz,checkpoints/beijing_48h_3h_station1013_seed2047_endtoend_lstm_h16.pt,training_logs/beijing_48h_3h_station1013_seed2047_endtoend_lstm_h16.csv,0.1598643958568573,0.399830458890837,0.2189359813928604,29.777326583862305,16.305233001708984,26.040245056152344,0.1298077702522277,0.0783596847105247,0.4380205571651459,0.4434362649917602,0.0746668130159378,0.0,2.0377628803253174,forecast,1267.0,4920.0,False,0.0,1e-06,True,False,,
beijing_48h_3h_station1013_seed2047_endtoend_lstm_h32,beijing,48,3,1013,2047,lstm,32,lstm_h32,endtoend_spatial_lstm_h32,st_sparse_station_bias_delta_forecast,False,completed,40.0,1.0979315042495728,16.09230047299934,0.0296355219998076,valid,test,1,18,9.0,9499.0,9499.0,9499.0,predictions/beijing_48h_3h_station1013_seed2047_endtoend_lstm_h32.npz,checkpoints/beijing_48h_3h_station1013_seed2047_endtoend_lstm_h32.pt,training_logs/beijing_48h_3h_station1013_seed2047_endtoend_lstm_h32.csv,0.5019040107727051,0.708451840828087,0.5132565498352051,52.76187133789063,38.224727630615234,53.50586700439453,0.1095904633402824,0.131260960512927,0.6134620904922485,0.1489315927028656,0.0605268068611621,0.0,1.1511887311935425,forecast,4579.0,4920.0,False,0.0,1e-06,True,False,,
beijing_48h_3h_station1013_seed2048_endtoend_gru_h8,beijing,48,3,1013,2048,gru,8,gru_h8,endtoend_spatial_gru_h8,st_sparse_station_bias_delta_forecast,False,completed,40.0,0.2957112193107605,18.09378958999877,0.0292933079999784,valid,test,1,18,9.0,5211.0,5211.0,5211.0,predictions/beijing_48h_3h_station1013_seed2048_endtoend_gru_h8.npz,checkpoints/beijing_48h_3h_station1013_seed2048_endtoend_gru_h8.pt,training_logs/beijing_48h_3h_station1013_seed2048_endtoend_gru_h8.csv,0.1663278639316558,0.4078331324594115,0.2236547619104385,30.37332534790039,16.656661987304688,25.13855743408203,0.1459604352712631,0.1181092273789705,0.5027225017547607,0.2779126763343811,0.0803316161036491,0.0,2.4662954807281494,forecast,291.0,4920.0,False,0.0,1e-06,True,False,,
beijing_48h_3h_station1013_seed2048_endtoend_gru_h16,beijing,48,3,1013,2048,gru,16,gru_h16,endtoend_spatial_gru_h16,st_sparse_station_bias_delta_forecast,False,nonfinite,,,,,valid,test,0,18,,,,,,,,,,,,,,,,,,,,,,,,,,,,True,beijing_48h_3h_station1013_seed2048_endtoend_gru_h16 出现非有限训练损失,
beijing_48h_3h_station1013_seed2048_endtoend_gru_h32,beijing,48,3,1013,2048,gru,32,gru_h32,endtoend_spatial_gru_h32,st_sparse_station_bias_delta_forecast,False,completed,40.0,0.2485437095165252,18.79053566099901,0.0317396769987681,valid,test,1,18,9.0,8379.0,8379.0,8379.0,predictions/beijing_48h_3h_station1013_seed2048_endtoend_gru_h32.npz,checkpoints/beijing_48h_3h_station1013_seed2048_endtoend_gru_h32.pt,training_logs/beijing_48h_3h_station1013_seed2048_endtoend_gru_h32.csv,0.1632969230413437,0.4041001398680081,0.2182713150978088,30.09531211853028,16.25572967529297,25.8933162689209,0.1459257453680038,0.0685088200854055,0.4521275460720062,0.3989590406417846,0.0769325047731399,0.0,2.2798752784729004,forecast,3459.0,4920.0,False,0.0,1e-06,True,False,,
beijing_48h_3h_station1013_seed2048_endtoend_gru_h64,beijing,48,3,1013,2048,gru,64,gru_h64,endtoend_spatial_gru_h64,st_sparse_station_bias_delta_forecast,False,completed,35.0,0.244374006986618,20.09435995900094,0.032713832999434,valid,test,1,18,9.0,17979.0,17979.0,17979.0,predictions/beijing_48h_3h_station1013_seed2048_endtoend_gru_h64.npz,checkpoints/beijing_48h_3h_station1013_seed2048_endtoend_gru_h64.pt,training_logs/beijing_48h_3h_station1013_seed2048_endtoend_gru_h64.csv,0.1675444394350052,0.4093219264039067,0.2109206914901733,30.484203338623047,15.708294868469238,24.1809310913086,0.1383538991212844,0.0494627176663578,0.5647864937782288,0.2416398078203201,0.0713716894388198,0.0,1.8938614130020144,forecast,13059.0,4920.0,False,0.0,1e-06,True,False,,
beijing_48h_3h_station1013_seed2048_endtoend_lstm_h16,beijing,48,3,1013,2048,lstm,16,lstm_h16,endtoend_spatial_lstm_h16,st_sparse_station_bias_delta_forecast,False,completed,40.0,0.2629622220993042,15.818179380999936,0.028736835998643,valid,test,1,18,9.0,6187.0,6187.0,6187.0,predictions/beijing_48h_3h_station1013_seed2048_endtoend_lstm_h16.npz,checkpoints/beijing_48h_3h_station1013_seed2048_endtoend_lstm_h16.pt,training_logs/beijing_48h_3h_station1013_seed2048_endtoend_lstm_h16.csv,0.1607633978128433,0.4009531117385714,0.2170441895723343,29.86093711853028,16.16434097290039,24.64349365234375,0.1318197697401046,0.1006031433883027,0.4712264239788055,0.3059123456478119,0.0855807140469551,0.0,2.090765953063965,forecast,1267.0,4920.0,False,0.0,1e-06,True,False,,
beijing_48h_3h_station1013_seed2048_endtoend_lstm_h32,beijing,48,3,1013,2048,lstm,32,lstm_h32,endtoend_spatial_lstm_h32,st_sparse_station_bias_delta_forecast,False,completed,39.0,0.6306921243667603,15.863977368000633,0.0305772510000679,valid,test,1,18,9.0,9499.0,9499.0,9499.0,predictions/beijing_48h_3h_station1013_seed2048_endtoend_lstm_h32.npz,checkpoints/beijing_48h_3h_station1013_seed2048_endtoend_lstm_h32.pt,training_logs/beijing_48h_3h_station1013_seed2048_endtoend_lstm_h32.csv,0.2811603844165802,0.5302455887761635,0.3419617414474487,39.4899787902832,25.467559814453125,38.00715637207031,0.1620284020900726,0.143577446810258,0.4334053695201874,0.4610010981559753,0.0760061591863632,0.0,3.41066837310791,forecast,4579.0,4920.0,False,0.0,1e-06,True,False,,
beijing_48h_3h_station1013_seed2049_endtoend_gru_h8,beijing,48,3,1013,2049,gru,8,gru_h8,endtoend_spatial_gru_h8,st_sparse_station_bias_delta_forecast,False,completed,39.0,0.2773294746875763,18.11372793800001,0.0302208539997081,valid,test,1,18,9.0,5211.0,5211.0,5211.0,predictions/beijing_48h_3h_station1013_seed2049_endtoend_gru_h8.npz,checkpoints/beijing_48h_3h_station1013_seed2049_endtoend_gru_h8.pt,training_logs/beijing_48h_3h_station1013_seed2049_endtoend_gru_h8.csv,0.1610074341297149,0.4012573166058346,0.215784341096878,29.88359260559082,16.070514678955078,24.21831703186035,0.1467832773923874,0.0910485794072657,0.4555435478687286,0.4543404281139374,0.0604165717959404,0.0,1.959532380104065,forecast,291.0,4920.0,False,0.0,1.086415648460388e-06,True,False,,
beijing_48h_3h_station1013_seed2049_endtoend_gru_h16,beijing,48,3,1013,2049,gru,16,gru_h16,endtoend_spatial_gru_h16,st_sparse_station_bias_delta_forecast,False,completed,40.0,0.252421885728836,17.998260024000047,0.0304612279996945,valid,test,1,18,9.0,5883.0,5883.0,5883.0,predictions/beijing_48h_3h_station1013_seed2049_endtoend_gru_h16.npz,checkpoints/beijing_48h_3h_station1013_seed2049_endtoend_gru_h16.pt,training_logs/beijing_48h_3h_station1013_seed2049_endtoend_gru_h16.csv,0.1590166240930557,0.398768885562873,0.2107613384723663,29.6982650756836,15.69642734527588,23.87767219543457,0.1443290263414383,0.0837383073196079,0.4661945104598999,0.4369235336780548,0.0687250867486,0.0,2.045431137084961,forecast,963.0,4920.0,False,0.0,1e-06,True,False,,
beijing_48h_3h_station1013_seed2049_endtoend_gru_h32,beijing,48,3,1013,2049,gru,32,gru_h32,endtoend_spatial_gru_h32,st_sparse_station_bias_delta_forecast,False,completed,40.0,0.2526223361492157,18.34888894100004,0.0329995539996161,valid,test,1,18,9.0,8379.0,8379.0,8379.0,predictions/beijing_48h_3h_station1013_seed2049_endtoend_gru_h32.npz,checkpoints/beijing_48h_3h_station1013_seed2049_endtoend_gru_h32.pt,training_logs/beijing_48h_3h_station1013_seed2049_endtoend_gru_h32.csv,0.1672460436820984,0.4089572638823015,0.2168753147125244,30.4570426940918,16.151763916015625,24.520601272583008,0.1425784528255462,0.0652497081412909,0.4931287467479706,0.3432181179523468,0.0663060620427131,0.0,2.047428131103516,forecast,3459.0,4920.0,False,0.0,1e-06,True,False,,
beijing_48h_3h_station1013_seed2049_endtoend_gru_h64,beijing,48,3,1013,2049,gru,64,gru_h64,endtoend_spatial_gru_h64,st_sparse_station_bias_delta_forecast,False,completed,40.0,0.2456582188606262,19.67144163900048,0.0318839569990814,valid,test,1,18,9.0,17979.0,17979.0,17979.0,predictions/beijing_48h_3h_station1013_seed2049_endtoend_gru_h64.npz,checkpoints/beijing_48h_3h_station1013_seed2049_endtoend_gru_h64.pt,training_logs/beijing_48h_3h_station1013_seed2049_endtoend_gru_h64.csv,0.1689227819442749,0.4110021678097025,0.2124770730733871,30.609336853027344,15.824204444885254,24.40228271484375,0.1430304497480392,0.0672438482813941,0.4254072606563568,0.4774782359600067,0.0721182078123092,0.0,1.5020242929458618,forecast,13059.0,4920.0,False,0.0,1e-06,True,False,,
beijing_48h_3h_station1013_seed2049_endtoend_lstm_h16,beijing,48,3,1013,2049,lstm,16,lstm_h16,endtoend_spatial_lstm_h16,st_sparse_station_bias_delta_forecast,False,completed,39.0,0.2631156742572784,15.616824090999216,0.0288872269993589,valid,test,1,18,9.0,6187.0,6187.0,6187.0,predictions/beijing_48h_3h_station1013_seed2049_endtoend_lstm_h16.npz,checkpoints/beijing_48h_3h_station1013_seed2049_endtoend_lstm_h16.pt,training_logs/beijing_48h_3h_station1013_seed2049_endtoend_lstm_h16.csv,0.1628734916448593,0.4035758809008032,0.2151961475610733,30.05626678466797,16.026708602905273,23.70418739318848,0.1308283507823944,0.0563411160338124,0.470086008310318,0.3398839831352234,0.0758230462670326,0.0,1.4032732248306274,forecast,1267.0,4920.0,False,0.0,1e-06,True,False,,
beijing_48h_3h_station1013_seed2049_endtoend_lstm_h32,beijing,48,3,1013,2049,lstm,32,lstm_h32,endtoend_spatial_lstm_h32,st_sparse_station_bias_delta_forecast,False,completed,39.0,0.2527987658977508,16.541337745999044,0.0288947900007769,valid,test,1,18,9.0,9499.0,9499.0,9499.0,predictions/beijing_48h_3h_station1013_seed2049_endtoend_lstm_h32.npz,checkpoints/beijing_48h_3h_station1013_seed2049_endtoend_lstm_h32.pt,training_logs/beijing_48h_3h_station1013_seed2049_endtoend_lstm_h32.csv,0.1641981750726699,0.4052137399850479,0.2163816690444946,30.1782455444336,16.114999771118164,24.374492645263672,0.1413134783506393,0.0668048165146776,0.4616479575634002,0.4549290537834167,0.0596926882863044,0.0,1.793094515800476,forecast,4579.0,4920.0,False,0.0,1e-06,True,False,,
beijing_48h_6h_station1013_seed2047_endtoend_gru_h8,beijing,48,6,1013,2047,gru,8,gru_h8,endtoend_spatial_gru_h8,st_sparse_station_bias_delta_forecast,False,completed,39.0,0.4895589351654053,17.677457495999988,0.0203418529999908,valid,test,1,18,9.0,5736.0,5736.0,5736.0,predictions/beijing_48h_6h_station1013_seed2047_endtoend_gru_h8.npz,checkpoints/beijing_48h_6h_station1013_seed2047_endtoend_gru_h8.pt,training_logs/beijing_48h_6h_station1013_seed2047_endtoend_gru_h8.csv,0.2839922308921814,0.5329092144935959,0.3137497305870056,39.68835067749024,23.366474151611328,33.07866668701172,0.1394093632698059,0.0806427351652553,0.4691290259361267,0.3299866020679474,0.0762999281287193,0.0,2.9131641387939453,forecast,318.0,5418.0,False,0.0,1e-06,True,False,,
beijing_48h_6h_station1013_seed2047_endtoend_gru_h16,beijing,48,6,1013,2047,gru,16,gru_h16,endtoend_spatial_gru_h16,st_sparse_station_bias_delta_forecast,False,completed,40.0,0.4644505977630615,17.871164882999437,0.0206493850000697,valid,test,1,18,9.0,6432.0,6432.0,6432.0,predictions/beijing_48h_6h_station1013_seed2047_endtoend_gru_h16.npz,checkpoints/beijing_48h_6h_station1013_seed2047_endtoend_gru_h16.pt,training_logs/beijing_48h_6h_station1013_seed2047_endtoend_gru_h16.csv,0.2741424143314361,0.5235861097579233,0.3034693300724029,38.99401473999024,22.6008415222168,32.56572341918945,0.1380244046449661,0.0699547115201345,0.574114978313446,0.2244170159101486,0.0651962459087371,0.0,2.647364616394043,forecast,1014.0,5418.0,False,0.0,1e-06,True,False,,
beijing_48h_6h_station1013_seed2047_endtoend_gru_h32,beijing,48,6,1013,2047,gru,32,gru_h32,endtoend_spatial_gru_h32,st_sparse_station_bias_delta_forecast,False,completed,37.0,0.4595698118209839,18.239853166998728,0.021831268999449,valid,test,1,18,9.0,8976.0,8976.0,8976.0,predictions/beijing_48h_6h_station1013_seed2047_endtoend_gru_h32.npz,checkpoints/beijing_48h_6h_station1013_seed2047_endtoend_gru_h32.pt,training_logs/beijing_48h_6h_station1013_seed2047_endtoend_gru_h32.csv,0.2791134715080261,0.5283119074070034,0.3094002604484558,39.34596633911133,23.04254913330078,33.87093734741211,0.1394476592540741,0.0710261483807143,0.6014034748077393,0.0740250051021575,0.0526856817305088,0.0,2.153637886047364,forecast,3558.0,5418.0,False,0.0,1.0131783485412597e-06,True,False,,
beijing_48h_6h_station1013_seed2047_endtoend_gru_h64,beijing,48,6,1013,2047,gru,64,gru_h64,endtoend_spatial_gru_h64,st_sparse_station_bias_delta_forecast,False,completed,34.0,0.4494018852710724,19.68889184099862,0.0232051230013894,valid,test,1,18,9.0,18672.0,18672.0,18672.0,predictions/beijing_48h_6h_station1013_seed2047_endtoend_gru_h64.npz,checkpoints/beijing_48h_6h_station1013_seed2047_endtoend_gru_h64.pt,training_logs/beijing_48h_6h_station1013_seed2047_endtoend_gru_h64.csv,0.2812387943267822,0.53031952097465,0.303006649017334,39.4954833984375,22.566383361816406,32.71152114868164,0.1410495638847351,0.0737612040643411,0.5994641184806824,0.1055283769965171,0.0616020411252975,0.0,1.84080183506012,forecast,13254.0,5418.0,False,0.0,1e-06,True,False,,
beijing_48h_6h_station1013_seed2047_endtoend_lstm_h16,beijing,48,6,1013,2047,lstm,16,lstm_h16,endtoend_spatial_lstm_h16,st_sparse_station_bias_delta_forecast,False,completed,39.0,0.4630241990089416,15.73870464799984,0.0193276089994469,valid,test,1,18,9.0,6736.0,6736.0,6736.0,predictions/beijing_48h_6h_station1013_seed2047_endtoend_lstm_h16.npz,checkpoints/beijing_48h_6h_station1013_seed2047_endtoend_lstm_h16.pt,training_logs/beijing_48h_6h_station1013_seed2047_endtoend_lstm_h16.csv,0.2721885442733764,0.5217169196732807,0.3052265048027038,38.85480880737305,22.73171043395996,33.73550796508789,0.1363053917884826,0.081183677172749,0.4876496195793152,0.3115330040454864,0.0814042389392852,0.0,2.6669921875,forecast,1318.0,5418.0,False,0.0,1e-06,True,False,,
beijing_48h_6h_station1013_seed2047_endtoend_lstm_h32,beijing,48,6,1013,2047,lstm,32,lstm_h32,endtoend_spatial_lstm_h32,st_sparse_station_bias_delta_forecast,False,completed,40.0,0.5204888582229614,15.705095239000002,0.0185739089993148,valid,test,1,18,9.0,10096.0,10096.0,10096.0,predictions/beijing_48h_6h_station1013_seed2047_endtoend_lstm_h32.npz,checkpoints/beijing_48h_6h_station1013_seed2047_endtoend_lstm_h32.pt,training_logs/beijing_48h_6h_station1013_seed2047_endtoend_lstm_h32.csv,0.2974027097225189,0.5453464125879246,0.3277375698089599,40.61460876464844,24.40822029113769,34.67737579345703,0.1147759929299354,0.0723195442528016,0.6162387728691101,0.1535471826791763,0.0581940487027168,0.0,2.046334981918335,forecast,4678.0,5418.0,False,0.0,1e-06,True,False,,
beijing_48h_6h_station1013_seed2048_endtoend_gru_h8,beijing,48,6,1013,2048,gru,8,gru_h8,endtoend_spatial_gru_h8,st_sparse_station_bias_delta_forecast,False,completed,39.0,0.4961957931518554,17.667877640998995,0.0205835340002522,valid,test,1,18,9.0,5736.0,5736.0,5736.0,predictions/beijing_48h_6h_station1013_seed2048_endtoend_gru_h8.npz,checkpoints/beijing_48h_6h_station1013_seed2048_endtoend_gru_h8.pt,training_logs/beijing_48h_6h_station1013_seed2048_endtoend_gru_h8.csv,0.2799306213855743,0.5290847015228982,0.3109336793422699,39.40351867675781,23.1567497253418,32.65010452270508,0.1767115592956543,0.104122528962427,0.5378286242485046,0.3423071801662445,0.0515450090169906,0.0,3.59663200378418,forecast,318.0,5418.0,False,0.0,1e-06,True,False,,
beijing_48h_6h_station1013_seed2048_endtoend_gru_h16,beijing,48,6,1013,2048,gru,16,gru_h16,endtoend_spatial_gru_h16,st_sparse_station_bias_delta_forecast,False,completed,39.0,0.4661278128623962,17.868385120000312,0.0209764060000452,valid,test,1,18,9.0,6432.0,6432.0,6432.0,predictions/beijing_48h_6h_station1013_seed2048_endtoend_gru_h16.npz,checkpoints/beijing_48h_6h_station1013_seed2048_endtoend_gru_h16.pt,training_logs/beijing_48h_6h_station1013_seed2048_endtoend_gru_h16.csv,0.2749009430408478,0.5243099684736575,0.3046835958957672,39.04792404174805,22.691274642944336,33.17274475097656,0.1338473856449127,0.1072120127128146,0.5228093862533569,0.2826169431209564,0.078849196434021,0.0,3.1097514629364014,forecast,1014.0,5418.0,False,0.0,1e-06,True,False,,
beijing_48h_6h_station1013_seed2048_endtoend_gru_h32,beijing,48,6,1013,2048,gru,32,gru_h32,endtoend_spatial_gru_h32,st_sparse_station_bias_delta_forecast,False,completed,39.0,0.4446474313735962,18.278686640998785,0.0219179390005592,valid,test,1,18,9.0,8976.0,8976.0,8976.0,predictions/beijing_48h_6h_station1013_seed2048_endtoend_gru_h32.npz,checkpoints/beijing_48h_6h_station1013_seed2048_endtoend_gru_h32.pt,training_logs/beijing_48h_6h_station1013_seed2048_endtoend_gru_h32.csv,0.2734922170639038,0.5229648334868262,0.3004626333713531,38.94774627685547,22.37691879272461,33.30210494995117,0.1674106270074844,0.0886914687830234,0.4795790910720825,0.4287986755371094,0.0654998570680618,0.0,3.2022130489349365,forecast,3558.0,5418.0,False,0.0,1e-06,True,False,,
beijing_48h_6h_station1013_seed2048_endtoend_gru_h64,beijing,48,6,1013,2048,gru,64,gru_h64,endtoend_spatial_gru_h64,st_sparse_station_bias_delta_forecast,False,completed,33.0,0.4516083002090454,19.719908307999503,0.0230045940006675,valid,test,1,18,9.0,18672.0,18672.0,18672.0,predictions/beijing_48h_6h_station1013_seed2048_endtoend_gru_h64.npz,checkpoints/beijing_48h_6h_station1013_seed2048_endtoend_gru_h64.pt,training_logs/beijing_48h_6h_station1013_seed2048_endtoend_gru_h64.csv,0.2868263721466064,0.5355617351404098,0.3022781908512115,39.88589859008789,22.51213455200196,32.82067108154297,0.1691858768463134,0.0668273255518067,0.5609638094902039,0.2295687198638916,0.058373212814331,0.0,2.3410913944244385,forecast,13254.0,5418.0,False,0.0,1e-06,True,False,,
beijing_48h_6h_station1013_seed2048_endtoend_lstm_h16,beijing,48,6,1013,2048,lstm,16,lstm_h16,endtoend_spatial_lstm_h16,st_sparse_station_bias_delta_forecast,False,completed,39.0,0.4626939594745636,15.707169899998917,0.0191623170012462,valid,test,1,18,9.0,6736.0,6736.0,6736.0,predictions/beijing_48h_6h_station1013_seed2048_endtoend_lstm_h16.npz,checkpoints/beijing_48h_6h_station1013_seed2048_endtoend_lstm_h16.pt,training_logs/beijing_48h_6h_station1013_seed2048_endtoend_lstm_h16.csv,0.273476094007492,0.5229494182112568,0.3076188564300537,38.94659805297852,22.90987777709961,33.69307327270508,0.1452500224113464,0.0990051765528739,0.4704759120941162,0.3194122612476349,0.0822043865919113,0.0,3.0080103874206543,forecast,1318.0,5418.0,False,0.0,1e-06,True,False,,
beijing_48h_6h_station1013_seed2048_endtoend_lstm_h32,beijing,48,6,1013,2048,lstm,32,lstm_h32,endtoend_spatial_lstm_h32,st_sparse_station_bias_delta_forecast,False,completed,40.0,0.57965087890625,15.753681209000206,0.0184210669995081,valid,test,1,18,9.0,10096.0,10096.0,10096.0,predictions/beijing_48h_6h_station1013_seed2048_endtoend_lstm_h32.npz,checkpoints/beijing_48h_6h_station1013_seed2048_endtoend_lstm_h32.pt,training_logs/beijing_48h_6h_station1013_seed2048_endtoend_lstm_h32.csv,0.3143886923789978,0.5607037474272825,0.3492003381252289,41.75834274291992,26.006654739379883,37.65510177612305,0.1133670434355735,0.1001688467559472,0.6061770915985107,0.1237873584032058,0.068722553551197,0.0,1.4453485012054443,forecast,4678.0,5418.0,False,0.0,1e-06,True,False,,
beijing_48h_6h_station1013_seed2049_endtoend_gru_h8,beijing,48,6,1013,2049,gru,8,gru_h8,endtoend_spatial_gru_h8,st_sparse_station_bias_delta_forecast,False,completed,40.0,0.5086904168128967,17.65189285300039,0.0201588719992287,valid,test,1,18,9.0,5736.0,5736.0,5736.0,predictions/beijing_48h_6h_station1013_seed2049_endtoend_gru_h8.npz,checkpoints/beijing_48h_6h_station1013_seed2049_endtoend_gru_h8.pt,training_logs/beijing_48h_6h_station1013_seed2049_endtoend_gru_h8.csv,0.2841809391975403,0.5330862399251554,0.3175684511661529,39.70153427124024,23.65087509155273,33.57809066772461,0.1638713330030441,0.1152620044315943,0.5292606949806213,0.4075736105442047,0.0403612293303012,0.0,3.528036832809448,forecast,318.0,5418.0,False,0.0,1e-06,True,False,,
beijing_48h_6h_station1013_seed2049_endtoend_gru_h16,beijing,48,6,1013,2049,gru,16,gru_h16,endtoend_spatial_gru_h16,st_sparse_station_bias_delta_forecast,False,nonfinite,,,,,valid,test,0,18,,,,,,,,,,,,,,,,,,,,,,,,,,,,True,beijing_48h_6h_station1013_seed2049_endtoend_gru_h16 出现非有限训练损失,
beijing_48h_6h_station1013_seed2049_endtoend_gru_h32,beijing,48,6,1013,2049,gru,32,gru_h32,endtoend_spatial_gru_h32,st_sparse_station_bias_delta_forecast,False,completed,40.0,0.4461786150932312,18.27286857799845,0.0216143160014326,valid,test,1,18,9.0,8976.0,8976.0,8976.0,predictions/beijing_48h_6h_station1013_seed2049_endtoend_gru_h32.npz,checkpoints/beijing_48h_6h_station1013_seed2049_endtoend_gru_h32.pt,training_logs/beijing_48h_6h_station1013_seed2049_endtoend_gru_h32.csv,0.2694257497787475,0.5190623756146727,0.2977370917797088,38.65711212158203,22.17393493652344,32.96870040893555,0.1715751439332962,0.0898109316383399,0.4957044422626495,0.4152410924434662,0.0648361146450042,0.0,2.739269256591797,forecast,3558.0,5418.0,False,0.0,1e-06,True,False,,
beijing_48h_6h_station1013_seed2049_endtoend_gru_h64,beijing,48,6,1013,2049,gru,64,gru_h64,endtoend_spatial_gru_h64,st_sparse_station_bias_delta_forecast,False,completed,27.0,0.4474771022796631,17.225350414000786,0.0232065310010511,valid,test,1,18,9.0,18672.0,18672.0,18672.0,predictions/beijing_48h_6h_station1013_seed2049_endtoend_gru_h64.npz,checkpoints/beijing_48h_6h_station1013_seed2049_endtoend_gru_h64.pt,training_logs/beijing_48h_6h_station1013_seed2049_endtoend_gru_h64.csv,0.2822103202342987,0.5312347129417455,0.3047224581241607,39.56364440917969,22.69417190551757,33.001747131347656,0.1422696560621261,0.0750147047456496,0.6026777625083923,0.1010925620794296,0.057758443057537,0.0,1.7939071655273438,forecast,13254.0,5418.0,False,0.0,1e-06,True,False,,
beijing_48h_6h_station1013_seed2049_endtoend_lstm_h16,beijing,48,6,1013,2049,lstm,16,lstm_h16,endtoend_spatial_lstm_h16,st_sparse_station_bias_delta_forecast,False,completed,39.0,0.4669995307922363,15.626203887000884,0.0186610410000866,valid,test,1,18,9.0,6736.0,6736.0,6736.0,predictions/beijing_48h_6h_station1013_seed2049_endtoend_lstm_h16.npz,checkpoints/beijing_48h_6h_station1013_seed2049_endtoend_lstm_h16.pt,training_logs/beijing_48h_6h_station1013_seed2049_endtoend_lstm_h16.csv,0.2813934087753296,0.5304652757488746,0.3137006759643554,39.50634002685547,23.36282157897949,33.06407928466797,0.1356349438428878,0.0782236037981668,0.5010198950767517,0.4193397760391235,0.0575909875333309,0.0,2.654313325881958,forecast,1318.0,5418.0,False,0.0,1e-06,True,False,,
beijing_48h_6h_station1013_seed2049_endtoend_lstm_h32,beijing,48,6,1013,2049,lstm,32,lstm_h32,endtoend_spatial_lstm_h32,st_sparse_station_bias_delta_forecast,False,completed,40.0,0.6101810336112976,15.639632571999757,0.0190000729999155,valid,test,1,18,9.0,10096.0,10096.0,10096.0,predictions/beijing_48h_6h_station1013_seed2049_endtoend_lstm_h32.npz,checkpoints/beijing_48h_6h_station1013_seed2049_endtoend_lstm_h32.pt,training_logs/beijing_48h_6h_station1013_seed2049_endtoend_lstm_h32.csv,0.3444733023643493,0.5869184801693923,0.3759928941726684,43.71068572998047,28.00202751159668,41.21224594116211,0.1195080950856208,0.0802527617056126,0.6173204183578491,0.1686701625585556,0.0646376982331276,0.0,1.898433804512024,forecast,4678.0,5418.0,False,0.0,1e-06,True,False,,
beijing_48h_12h_station1013_seed2047_endtoend_gru_h8,beijing,48,12,1013,2047,gru,8,gru_h8,endtoend_spatial_gru_h8,st_sparse_station_bias_delta_forecast,False,completed,40.0,0.7884175181388855,17.511167888000273,0.0273605940001289,valid,test,1,18,9.0,6786.0,6786.0,6786.0,predictions/beijing_48h_12h_station1013_seed2047_endtoend_gru_h8.npz,checkpoints/beijing_48h_12h_station1013_seed2047_endtoend_gru_h8.pt,training_logs/beijing_48h_12h_station1013_seed2047_endtoend_gru_h8.csv,0.444623589515686,0.6668010119336097,0.4251428842544555,49.65179443359375,31.65727996826172,43.69562149047852,0.1591969132423401,0.1353451085346498,0.5556153059005737,0.2132318317890167,0.0739312544465065,0.0,4.708098888397217,forecast,372.0,6414.0,False,0.0,1e-06,True,False,,
beijing_48h_12h_station1013_seed2047_endtoend_gru_h16,beijing,48,12,1013,2047,gru,16,gru_h16,endtoend_spatial_gru_h16,st_sparse_station_bias_delta_forecast,False,completed,29.0,0.7913744449615479,16.45611629599989,0.028366767000989,valid,test,1,18,9.0,7530.0,7530.0,7530.0,predictions/beijing_48h_12h_station1013_seed2047_endtoend_gru_h16.npz,checkpoints/beijing_48h_12h_station1013_seed2047_endtoend_gru_h16.pt,training_logs/beijing_48h_12h_station1013_seed2047_endtoend_gru_h16.csv,0.4426837563514709,0.6653448401779869,0.424372911453247,49.54336166381836,31.59994506835937,43.48464584350586,0.1332207024097442,0.0960088385161245,0.5741466879844666,0.1093441322445869,0.0756689310073852,0.0,3.617485761642456,forecast,1116.0,6414.0,False,0.0,1e-06,True,False,,
beijing_48h_12h_station1013_seed2047_endtoend_gru_h32,beijing,48,12,1013,2047,gru,32,gru_h32,endtoend_spatial_gru_h32,st_sparse_station_bias_delta_forecast,False,completed,37.0,0.7914861440658569,18.111954560999948,0.0290746400005446,valid,test,1,18,9.0,10170.0,10170.0,10170.0,predictions/beijing_48h_12h_station1013_seed2047_endtoend_gru_h32.npz,checkpoints/beijing_48h_12h_station1013_seed2047_endtoend_gru_h32.pt,training_logs/beijing_48h_12h_station1013_seed2047_endtoend_gru_h32.csv,0.4411366283893585,0.6641811713601632,0.4285655617713928,49.45671463012695,31.912139892578125,44.94888305664063,0.1449848562479019,0.0933340908686417,0.5857540369033813,0.0500459447503089,0.0613203793764114,0.0,2.8602898120880127,forecast,3756.0,6414.0,False,0.0,1e-06,True,False,,
beijing_48h_12h_station1013_seed2047_endtoend_gru_h64,beijing,48,12,1013,2047,gru,64,gru_h64,endtoend_spatial_gru_h64,st_sparse_station_bias_delta_forecast,False,completed,20.0,0.7868717908859253,13.651693074998548,0.0308394549992954,valid,test,1,18,9.0,20058.0,20058.0,20058.0,predictions/beijing_48h_12h_station1013_seed2047_endtoend_gru_h64.npz,checkpoints/beijing_48h_12h_station1013_seed2047_endtoend_gru_h64.pt,training_logs/beijing_48h_12h_station1013_seed2047_endtoend_gru_h64.csv,0.4517653882503509,0.6721349479459843,0.4218524694442749,50.04896926879883,31.41226959228516,43.17084884643555,0.1277663558721542,0.0775561209379054,0.5887506008148193,0.08803690969944,0.0722394883632659,0.0,2.6441383361816406,forecast,13644.0,6414.0,False,0.0,1e-06,True,False,,
beijing_48h_12h_station1013_seed2047_endtoend_lstm_h16,beijing,48,12,1013,2047,lstm,16,lstm_h16,endtoend_spatial_lstm_h16,st_sparse_station_bias_delta_forecast,False,completed,37.0,0.8014094829559326,15.559984125999108,0.0269959960005508,valid,test,1,18,9.0,7834.0,7834.0,7834.0,predictions/beijing_48h_12h_station1013_seed2047_endtoend_lstm_h16.npz,checkpoints/beijing_48h_12h_station1013_seed2047_endtoend_lstm_h16.pt,training_logs/beijing_48h_12h_station1013_seed2047_endtoend_lstm_h16.csv,0.4570444226264953,0.6760506065573015,0.4359898269176483,50.34053802490234,32.464969635009766,44.99818801879883,0.1476238816976547,0.0955267124714937,0.586698055267334,0.05184818059206,0.0535559654235839,0.0,3.048255681991577,forecast,1420.0,6414.0,False,0.0,1e-06,True,False,,
beijing_48h_12h_station1013_seed2047_endtoend_lstm_h32,beijing,48,12,1013,2047,lstm,32,lstm_h32,endtoend_spatial_lstm_h32,st_sparse_station_bias_delta_forecast,False,completed,38.0,0.8127794861793518,15.624711168000433,0.0267858970000816,valid,test,1,18,9.0,11290.0,11290.0,11290.0,predictions/beijing_48h_12h_station1013_seed2047_endtoend_lstm_h32.npz,checkpoints/beijing_48h_12h_station1013_seed2047_endtoend_lstm_h32.pt,training_logs/beijing_48h_12h_station1013_seed2047_endtoend_lstm_h32.csv,0.4627367854118347,0.6802475912576499,0.4362584948539734,50.65306091308594,32.48497772216797,44.44595336914063,0.1704299449920654,0.1603847593886529,0.344113677740097,0.5079554915428162,0.0835811272263526,0.0,5.6146674156188965,forecast,4876.0,6414.0,False,0.0,1e-06,True,False,,
beijing_48h_12h_station1013_seed2048_endtoend_gru_h8,beijing,48,12,1013,2048,gru,8,gru_h8,endtoend_spatial_gru_h8,st_sparse_station_bias_delta_forecast,False,completed,40.0,0.814359188079834,17.503784911001276,0.027270579999822,valid,test,1,18,9.0,6786.0,6786.0,6786.0,predictions/beijing_48h_12h_station1013_seed2048_endtoend_gru_h8.npz,checkpoints/beijing_48h_12h_station1013_seed2048_endtoend_gru_h8.pt,training_logs/beijing_48h_12h_station1013_seed2048_endtoend_gru_h8.csv,0.444354772567749,0.6665994093664868,0.4264654219150543,49.63677978515625,31.755762100219727,43.37666702270508,0.165672942996025,0.1348478515489163,0.5437434911727905,0.3353028893470764,0.0556806474924087,0.0,5.334092617034912,forecast,372.0,6414.0,False,0.0,1e-06,True,False,,
beijing_48h_12h_station1013_seed2048_endtoend_gru_h16,beijing,48,12,1013,2048,gru,16,gru_h16,endtoend_spatial_gru_h16,st_sparse_station_bias_delta_forecast,False,completed,36.0,0.7975816130638123,17.753441442999247,0.0282151830015209,valid,test,1,18,9.0,7530.0,7530.0,7530.0,predictions/beijing_48h_12h_station1013_seed2048_endtoend_gru_h16.npz,checkpoints/beijing_48h_12h_station1013_seed2048_endtoend_gru_h16.pt,training_logs/beijing_48h_12h_station1013_seed2048_endtoend_gru_h16.csv,0.4440892338752746,0.6664002054886198,0.422055721282959,49.6219482421875,31.42740058898925,43.01194381713867,0.1864447891712188,0.1436119768459339,0.5476362109184265,0.2749514281749725,0.0552851967513561,0.0,4.712923049926758,forecast,1116.0,6414.0,False,0.0,1e-06,True,False,,
beijing_48h_12h_station1013_seed2048_endtoend_gru_h32,beijing,48,12,1013,2048,gru,32,gru_h32,endtoend_spatial_gru_h32,st_sparse_station_bias_delta_forecast,False,completed,21.0,0.801837146282196,13.110451791999369,0.0290240159993118,valid,test,1,18,9.0,10170.0,10170.0,10170.0,predictions/beijing_48h_12h_station1013_seed2048_endtoend_gru_h32.npz,checkpoints/beijing_48h_12h_station1013_seed2048_endtoend_gru_h32.pt,training_logs/beijing_48h_12h_station1013_seed2048_endtoend_gru_h32.csv,0.4457868933677673,0.6676727442151337,0.4254847466945648,49.716705322265625,31.6827335357666,43.27284240722656,0.1507106572389602,0.1007904070618379,0.5132141709327698,0.3251586854457855,0.0566826723515987,0.0,3.987447023391724,forecast,3756.0,6414.0,False,0.0,1e-06,True,False,,
beijing_48h_12h_station1013_seed2048_endtoend_gru_h64,beijing,48,12,1013,2048,gru,64,gru_h64,endtoend_spatial_gru_h64,st_sparse_station_bias_delta_forecast,False,completed,26.0,0.7948545217514038,16.660539081000024,0.0289538470005936,valid,test,1,18,9.0,20058.0,20058.0,20058.0,predictions/beijing_48h_12h_station1013_seed2048_endtoend_gru_h64.npz,checkpoints/beijing_48h_12h_station1013_seed2048_endtoend_gru_h64.pt,training_logs/beijing_48h_12h_station1013_seed2048_endtoend_gru_h64.csv,0.4517184793949127,0.6721000516254353,0.4251022934913635,50.04637145996094,31.65425682067871,43.24792098999024,0.1484857052564621,0.089081802019099,0.5210074782371521,0.3009044528007507,0.0561163425445556,0.0,3.5440964698791504,forecast,13644.0,6414.0,False,0.0,1e-06,True,False,,
beijing_48h_12h_station1013_seed2048_endtoend_lstm_h16,beijing,48,12,1013,2048,lstm,16,lstm_h16,endtoend_spatial_lstm_h16,st_sparse_station_bias_delta_forecast,False,completed,35.0,0.8134175539016724,15.609629398000834,0.0270529730005364,valid,test,1,18,9.0,7834.0,7834.0,7834.0,predictions/beijing_48h_12h_station1013_seed2048_endtoend_lstm_h16.npz,checkpoints/beijing_48h_12h_station1013_seed2048_endtoend_lstm_h16.pt,training_logs/beijing_48h_12h_station1013_seed2048_endtoend_lstm_h16.csv,0.4432177543640136,0.6657460134045218,0.422436386346817,49.5732307434082,31.45574188232422,42.64198303222656,0.1524559259414672,0.102536897948169,0.5209692716598511,0.2739589512348175,0.0634433850646019,0.0,3.9919955730438232,forecast,1420.0,6414.0,False,0.0,1e-06,True,False,,
beijing_48h_12h_station1013_seed2048_endtoend_lstm_h32,beijing,48,12,1013,2048,lstm,32,lstm_h32,endtoend_spatial_lstm_h32,st_sparse_station_bias_delta_forecast,False,completed,38.0,0.7874637842178345,15.62018899800023,0.0265690220003307,valid,test,1,18,9.0,11290.0,11290.0,11290.0,predictions/beijing_48h_12h_station1013_seed2048_endtoend_lstm_h32.npz,checkpoints/beijing_48h_12h_station1013_seed2048_endtoend_lstm_h32.pt,training_logs/beijing_48h_12h_station1013_seed2048_endtoend_lstm_h32.csv,0.506341278553009,0.7115766146754747,0.4577735960483551,52.98590469360352,34.08705139160156,45.34018707275391,0.1771906614303589,0.1522721587993386,0.4323959946632385,0.4228745698928833,0.0775353908538818,0.0,5.450738430023193,forecast,4876.0,6414.0,False,0.0,1e-06,True,False,,
beijing_48h_12h_station1013_seed2049_endtoend_gru_h8,beijing,48,12,1013,2049,gru,8,gru_h8,endtoend_spatial_gru_h8,st_sparse_station_bias_delta_forecast,False,completed,39.0,0.828251302242279,17.507323227999223,0.0286061389997485,valid,test,1,18,9.0,6786.0,6786.0,6786.0,predictions/beijing_48h_12h_station1013_seed2049_endtoend_gru_h8.npz,checkpoints/beijing_48h_12h_station1013_seed2049_endtoend_gru_h8.pt,training_logs/beijing_48h_12h_station1013_seed2049_endtoend_gru_h8.csv,0.4406638741493225,0.663825183425066,0.4258441627025604,49.43020248413086,31.70949935913086,43.207611083984375,0.1655048429965973,0.1391948091050402,0.5262946486473083,0.3795338273048401,0.0484133698046207,0.0,5.271888732910156,forecast,372.0,6414.0,False,0.0,1e-06,True,False,,
beijing_48h_12h_station1013_seed2049_endtoend_gru_h16,beijing,48,12,1013,2049,gru,16,gru_h16,endtoend_spatial_gru_h16,st_sparse_station_bias_delta_forecast,False,completed,37.0,0.7895331978797913,17.78835046599852,0.0285398880005232,valid,test,1,18,9.0,7530.0,7530.0,7530.0,predictions/beijing_48h_12h_station1013_seed2049_endtoend_gru_h16.npz,checkpoints/beijing_48h_12h_station1013_seed2049_endtoend_gru_h16.pt,training_logs/beijing_48h_12h_station1013_seed2049_endtoend_gru_h16.csv,0.4460780620574951,0.6678907560802853,0.4220433831214905,49.732940673828125,31.426485061645508,42.85296630859375,0.1839519590139389,0.1429840945888197,0.5314239859580994,0.3141127228736877,0.054897416383028,0.0,4.941484451293945,forecast,1116.0,6414.0,False,0.0,1e-06,True,False,,
beijing_48h_12h_station1013_seed2049_endtoend_gru_h32,beijing,48,12,1013,2049,gru,32,gru_h32,endtoend_spatial_gru_h32,st_sparse_station_bias_delta_forecast,False,completed,38.0,0.7628571391105652,18.156323668999903,0.0292691209997428,valid,test,1,18,9.0,10170.0,10170.0,10170.0,predictions/beijing_48h_12h_station1013_seed2049_endtoend_gru_h32.npz,checkpoints/beijing_48h_12h_station1013_seed2049_endtoend_gru_h32.pt,training_logs/beijing_48h_12h_station1013_seed2049_endtoend_gru_h32.csv,0.428227037191391,0.6543905845833901,0.4116538166999817,48.72768020629883,30.65284538269043,42.294918060302734,0.1928202360868454,0.1235549638673544,0.4750834107398987,0.4572591483592987,0.0618680194020271,0.0,4.060056686401367,forecast,3756.0,6414.0,False,0.0,1e-06,True,False,,
beijing_48h_12h_station1013_seed2049_endtoend_gru_h64,beijing,48,12,1013,2049,gru,64,gru_h64,endtoend_spatial_gru_h64,st_sparse_station_bias_delta_forecast,False,completed,35.0,0.7683785557746887,19.51630100500006,0.0295286540003871,valid,test,1,18,9.0,20058.0,20058.0,20058.0,predictions/beijing_48h_12h_station1013_seed2049_endtoend_gru_h64.npz,checkpoints/beijing_48h_12h_station1013_seed2049_endtoend_gru_h64.pt,training_logs/beijing_48h_12h_station1013_seed2049_endtoend_gru_h64.csv,0.4376960396766662,0.6615860032351548,0.4151277840137481,49.26346969604492,30.911529541015625,42.836944580078125,0.1714862436056137,0.1057490838622588,0.4647628962993622,0.4676602780818939,0.0654743462800979,0.0,3.231962203979492,forecast,13644.0,6414.0,False,0.0,1e-06,True,False,,
beijing_48h_12h_station1013_seed2049_endtoend_lstm_h16,beijing,48,12,1013,2049,lstm,16,lstm_h16,endtoend_spatial_lstm_h16,st_sparse_station_bias_delta_forecast,False,completed,36.0,0.7895588278770447,15.616522604001148,0.0281836800004384,valid,test,1,18,9.0,7834.0,7834.0,7834.0,predictions/beijing_48h_12h_station1013_seed2049_endtoend_lstm_h16.npz,checkpoints/beijing_48h_12h_station1013_seed2049_endtoend_lstm_h16.pt,training_logs/beijing_48h_12h_station1013_seed2049_endtoend_lstm_h16.csv,0.4381042122840881,0.6618944117335394,0.4290452599525451,49.286434173583984,31.94785690307617,44.47188568115234,0.1521965712308883,0.0987902966848739,0.5048074722290039,0.3681726157665252,0.0742579400539398,0.0,3.736740827560425,forecast,1420.0,6414.0,False,0.0,1e-06,True,False,,
beijing_48h_12h_station1013_seed2049_endtoend_lstm_h32,beijing,48,12,1013,2049,lstm,32,lstm_h32,endtoend_spatial_lstm_h32,st_sparse_station_bias_delta_forecast,False,completed,40.0,0.7768633961677551,15.64945285199974,0.0265425859997776,valid,test,1,18,9.0,11290.0,11290.0,11290.0,predictions/beijing_48h_12h_station1013_seed2049_endtoend_lstm_h32.npz,checkpoints/beijing_48h_12h_station1013_seed2049_endtoend_lstm_h32.pt,training_logs/beijing_48h_12h_station1013_seed2049_endtoend_lstm_h32.csv,0.4595737755298614,0.6779187086442308,0.4356593489646911,50.47964477539063,32.440364837646484,45.06431579589844,0.1715942621231079,0.145013299826886,0.3661470711231231,0.5826249122619629,0.062225554138422,0.0,5.6615095138549805,forecast,4876.0,6414.0,False,0.0,1e-06,True,False,,
beijing_48h_24h_station1013_seed2047_endtoend_gru_h8,beijing,48,24,1013,2047,gru,8,gru_h8,endtoend_spatial_gru_h8,st_sparse_station_bias_delta_forecast,False,completed,29.0,1.2204477787017822,16.224249480999788,0.0279630110017023,valid,test,1,18,9.0,8886.0,8886.0,8886.0,predictions/beijing_48h_24h_station1013_seed2047_endtoend_gru_h8.npz,checkpoints/beijing_48h_24h_station1013_seed2047_endtoend_gru_h8.pt,training_logs/beijing_48h_24h_station1013_seed2047_endtoend_gru_h8.csv,0.6422094106674194,0.8013796919484667,0.5549502968788147,59.65426635742188,41.3101921081543,54.943138122558594,0.1420231312513351,0.1365072127745273,0.570580244064331,0.0288340654224157,0.0666598007082939,0.0,4.306382179260254,forecast,480.0,8406.0,False,0.0,1e-06,True,False,,
beijing_48h_24h_station1013_seed2047_endtoend_gru_h16,beijing,48,24,1013,2047,gru,16,gru_h16,endtoend_spatial_gru_h16,st_sparse_station_bias_delta_forecast,False,completed,23.0,1.2176880836486816,13.71840861599958,0.028676883001026,valid,test,1,18,9.0,9726.0,9726.0,9726.0,predictions/beijing_48h_24h_station1013_seed2047_endtoend_gru_h16.npz,checkpoints/beijing_48h_24h_station1013_seed2047_endtoend_gru_h16.pt,training_logs/beijing_48h_24h_station1013_seed2047_endtoend_gru_h16.csv,0.642187774181366,0.8013661923124571,0.5558965802192688,59.653263092041016,41.380638122558594,54.92220687866211,0.1356376558542251,0.1059326257366211,0.5820480585098267,0.0368804782629013,0.065153568983078,0.0,4.002126693725586,forecast,1320.0,8406.0,False,0.0,1e-06,True,False,,
beijing_48h_24h_station1013_seed2047_endtoend_gru_h32,beijing,48,24,1013,2047,gru,32,gru_h32,endtoend_spatial_gru_h32,st_sparse_station_bias_delta_forecast,False,completed,23.0,1.2263778448104858,14.178528246000496,0.0293788660001155,valid,test,1,18,9.0,12558.0,12558.0,12558.0,predictions/beijing_48h_24h_station1013_seed2047_endtoend_gru_h32.npz,checkpoints/beijing_48h_24h_station1013_seed2047_endtoend_gru_h32.pt,training_logs/beijing_48h_24h_station1013_seed2047_endtoend_gru_h32.csv,0.6478321552276611,0.8048802117257332,0.5582998394966125,59.91484069824219,41.55953598022461,55.192039489746094,0.1397201418876648,0.1071308703325595,0.5843678116798401,0.0411528721451759,0.0637042075395584,0.0,3.969165325164795,forecast,4152.0,8406.0,False,0.0,1e-06,True,False,,
beijing_48h_24h_station1013_seed2047_endtoend_gru_h64,beijing,48,24,1013,2047,gru,64,gru_h64,endtoend_spatial_gru_h64,st_sparse_station_bias_delta_forecast,False,completed,23.0,1.2197120189666748,15.213693658999546,0.0298470779998751,valid,test,1,18,9.0,22830.0,22830.0,22830.0,predictions/beijing_48h_24h_station1013_seed2047_endtoend_gru_h64.npz,checkpoints/beijing_48h_24h_station1013_seed2047_endtoend_gru_h64.pt,training_logs/beijing_48h_24h_station1013_seed2047_endtoend_gru_h64.csv,0.6383380889892578,0.7989606304376066,0.5509197115898132,59.47418975830078,41.010162353515625,54.52266311645508,0.1327657401561737,0.1038450238648906,0.5857751965522766,0.044317178428173,0.065354973077774,0.0,3.773810148239136,forecast,14424.0,8406.0,False,0.0,1e-06,True,False,,
beijing_48h_24h_station1013_seed2047_endtoend_lstm_h16,beijing,48,24,1013,2047,lstm,16,lstm_h16,endtoend_spatial_lstm_h16,st_sparse_station_bias_delta_forecast,False,completed,16.0,1.237054705619812,9.433880807000603,0.028280814000027,valid,test,1,18,9.0,10030.0,10030.0,10030.0,predictions/beijing_48h_24h_station1013_seed2047_endtoend_lstm_h16.npz,checkpoints/beijing_48h_24h_station1013_seed2047_endtoend_lstm_h16.pt,training_logs/beijing_48h_24h_station1013_seed2047_endtoend_lstm_h16.csv,0.6617733836174011,0.8134945504534133,0.5714874267578125,60.55609130859375,42.54121398925781,56.62733840942383,0.1213806346058845,0.1179200027132534,0.5898134112358093,0.04744653403759,0.0665486007928848,0.0,3.451333522796631,forecast,1624.0,8406.0,False,0.0,1e-06,True,False,,
beijing_48h_24h_station1013_seed2047_endtoend_lstm_h32,beijing,48,24,1013,2047,lstm,32,lstm_h32,endtoend_spatial_lstm_h32,st_sparse_station_bias_delta_forecast,False,completed,23.0,1.214114546775818,12.281597053999576,0.0275151420009933,valid,test,1,18,9.0,13678.0,13678.0,13678.0,predictions/beijing_48h_24h_station1013_seed2047_endtoend_lstm_h32.npz,checkpoints/beijing_48h_24h_station1013_seed2047_endtoend_lstm_h32.pt,training_logs/beijing_48h_24h_station1013_seed2047_endtoend_lstm_h32.csv,0.705750048160553,0.8400893096335371,0.5820327997207642,62.53578567504883,43.326202392578125,56.88124465942383,0.1360821425914764,0.1059457093188286,0.5718502402305603,0.0590998195111751,0.0748572200536727,0.0,4.122992992401123,forecast,5272.0,8406.0,False,0.0,1e-06,True,False,,
beijing_48h_24h_station1013_seed2048_endtoend_gru_h8,beijing,48,24,1013,2048,gru,8,gru_h8,endtoend_spatial_gru_h8,st_sparse_station_bias_delta_forecast,False,completed,40.0,1.219681978225708,17.51969520899911,0.0282609139994747,valid,test,1,18,9.0,8886.0,8886.0,8886.0,predictions/beijing_48h_24h_station1013_seed2048_endtoend_gru_h8.npz,checkpoints/beijing_48h_24h_station1013_seed2048_endtoend_gru_h8.pt,training_logs/beijing_48h_24h_station1013_seed2048_endtoend_gru_h8.csv,0.6377838850021362,0.7986137270308695,0.5460136532783508,59.44837188720703,40.64495086669922,53.50345993041992,0.199139654636383,0.189948914551476,0.554199755191803,0.2879599034786224,0.0530069097876548,0.0,8.000840187072754,forecast,480.0,8406.0,False,0.0,1.0060155391693114e-06,True,False,,
beijing_48h_24h_station1013_seed2048_endtoend_gru_h16,beijing,48,24,1013,2048,gru,16,gru_h16,endtoend_spatial_gru_h16,st_sparse_station_bias_delta_forecast,False,completed,38.0,1.196982502937317,17.720686798000315,0.0275926930007699,valid,test,1,18,9.0,9726.0,9726.0,9726.0,predictions/beijing_48h_24h_station1013_seed2048_endtoend_gru_h16.npz,checkpoints/beijing_48h_24h_station1013_seed2048_endtoend_gru_h16.pt,training_logs/beijing_48h_24h_station1013_seed2048_endtoend_gru_h16.csv,0.6281399130821228,0.7925527825212165,0.5443236231803894,58.997196197509766,40.5191535949707,53.42942428588867,0.1968658417463302,0.1828553763983853,0.5264347791671753,0.3327492475509643,0.0702100321650505,0.0,7.254827976226807,forecast,1320.0,8406.0,False,0.0,1e-06,True,False,,
beijing_48h_24h_station1013_seed2048_endtoend_gru_h32,beijing,48,24,1013,2048,gru,32,gru_h32,endtoend_spatial_gru_h32,st_sparse_station_bias_delta_forecast,False,completed,38.0,1.1942126750946045,18.139911393000148,0.029253067999889,valid,test,1,18,9.0,12558.0,12558.0,12558.0,predictions/beijing_48h_24h_station1013_seed2048_endtoend_gru_h32.npz,checkpoints/beijing_48h_24h_station1013_seed2048_endtoend_gru_h32.pt,training_logs/beijing_48h_24h_station1013_seed2048_endtoend_gru_h32.csv,0.6318228840827942,0.7948728729066015,0.5434882640838623,59.169898986816406,40.45696640014648,53.49348831176758,0.1856037825345993,0.1670280536956184,0.5177404284477234,0.3596758544445038,0.0687884241342544,0.0,6.097023963928223,forecast,4152.0,8406.0,False,0.0,1e-06,True,False,,
beijing_48h_24h_station1013_seed2048_endtoend_gru_h64,beijing,48,24,1013,2048,gru,64,gru_h64,endtoend_spatial_gru_h64,st_sparse_station_bias_delta_forecast,False,completed,40.0,1.1730903387069702,19.520272555999327,0.0297194399990985,valid,test,1,18,9.0,22830.0,22830.0,22830.0,predictions/beijing_48h_24h_station1013_seed2048_endtoend_gru_h64.npz,checkpoints/beijing_48h_24h_station1013_seed2048_endtoend_gru_h64.pt,training_logs/beijing_48h_24h_station1013_seed2048_endtoend_gru_h64.csv,0.6425873041152954,0.8016154340550682,0.5427570939064026,59.67181396484375,40.40253829956055,52.87339782714844,0.1791871190071106,0.1767345047340718,0.5370774865150452,0.2455337941646576,0.0820588022470474,0.0,5.591788768768311,forecast,14424.0,8406.0,False,0.0,1e-06,True,False,,
beijing_48h_24h_station1013_seed2048_endtoend_lstm_h16,beijing,48,24,1013,2048,lstm,16,lstm_h16,endtoend_spatial_lstm_h16,st_sparse_station_bias_delta_forecast,False,completed,34.0,1.1834787130355835,15.637173422999696,0.0268116110000846,valid,test,1,18,9.0,10030.0,10030.0,10030.0,predictions/beijing_48h_24h_station1013_seed2048_endtoend_lstm_h16.npz,checkpoints/beijing_48h_24h_station1013_seed2048_endtoend_lstm_h16.pt,training_logs/beijing_48h_24h_station1013_seed2048_endtoend_lstm_h16.csv,0.6844754815101624,0.8273303339719645,0.5781362652778625,61.58601760864258,43.03614807128906,56.32427978515625,0.1641869992017746,0.1369299709718731,0.4597201645374298,0.4092375636100769,0.0731628388166427,0.0,5.943532466888428,forecast,1624.0,8406.0,False,0.0,1e-06,True,False,,
beijing_48h_24h_station1013_seed2048_endtoend_lstm_h32,beijing,48,24,1013,2048,lstm,32,lstm_h32,endtoend_spatial_lstm_h32,st_sparse_station_bias_delta_forecast,False,completed,23.0,1.185239315032959,12.28013225200084,0.027476134000608,valid,test,1,18,9.0,13678.0,13678.0,13678.0,predictions/beijing_48h_24h_station1013_seed2048_endtoend_lstm_h32.npz,checkpoints/beijing_48h_24h_station1013_seed2048_endtoend_lstm_h32.pt,training_logs/beijing_48h_24h_station1013_seed2048_endtoend_lstm_h32.csv,0.6815007925033569,0.8255306126991033,0.5641610622406006,61.45204925537109,41.9958381652832,55.16725158691406,0.1392812430858612,0.1250985665791321,0.537661612033844,0.2300964593887329,0.0725337266921997,0.0,4.546653747558594,forecast,5272.0,8406.0,False,0.0,1e-06,True,False,,
beijing_48h_24h_station1013_seed2049_endtoend_gru_h8,beijing,48,24,1013,2049,gru,8,gru_h8,endtoend_spatial_gru_h8,st_sparse_station_bias_delta_forecast,False,completed,38.0,1.206040382385254,17.52263843000037,0.0276785149999341,valid,test,1,18,9.0,8886.0,8886.0,8886.0,predictions/beijing_48h_24h_station1013_seed2049_endtoend_gru_h8.npz,checkpoints/beijing_48h_24h_station1013_seed2049_endtoend_gru_h8.pt,training_logs/beijing_48h_24h_station1013_seed2049_endtoend_gru_h8.csv,0.6345045566558838,0.7965579430624515,0.5468416810035706,59.29533767700195,40.70659255981445,53.69020080566406,0.1734997928142547,0.1836062340525925,0.5235070586204529,0.3544651865959167,0.0657373294234275,0.0,7.889474391937256,forecast,480.0,8406.0,False,0.0,1e-06,True,False,,
beijing_48h_24h_station1013_seed2049_endtoend_gru_h16,beijing,48,24,1013,2049,gru,16,gru_h16,endtoend_spatial_gru_h16,st_sparse_station_bias_delta_forecast,False,completed,27.0,1.2046160697937012,15.569724602999486,0.0281658269996114,valid,test,1,18,9.0,9726.0,9726.0,9726.0,predictions/beijing_48h_24h_station1013_seed2049_endtoend_gru_h16.npz,checkpoints/beijing_48h_24h_station1013_seed2049_endtoend_gru_h16.pt,training_logs/beijing_48h_24h_station1013_seed2049_endtoend_gru_h16.csv,0.6349693536758423,0.7968496430794472,0.5477810502052307,59.31705093383789,40.77651977539063,53.5799560546875,0.1620226949453354,0.1548795447754442,0.4878963530063629,0.351753294467926,0.0627773180603981,0.0,6.213107585906982,forecast,1320.0,8406.0,False,0.0,1.000093936920166e-06,True,False,,
beijing_48h_24h_station1013_seed2049_endtoend_gru_h32,beijing,48,24,1013,2049,gru,32,gru_h32,endtoend_spatial_gru_h32,st_sparse_station_bias_delta_forecast,False,completed,31.0,1.1849631071090698,17.703662470999916,0.029146460999982,valid,test,1,18,9.0,12558.0,12558.0,12558.0,predictions/beijing_48h_24h_station1013_seed2049_endtoend_gru_h32.npz,checkpoints/beijing_48h_24h_station1013_seed2049_endtoend_gru_h32.pt,training_logs/beijing_48h_24h_station1013_seed2049_endtoend_gru_h32.csv,0.6334705352783203,0.7959086224425015,0.5435699224472046,59.24700164794922,40.46305084228516,53.30078125,0.1825298219919204,0.1722567687121756,0.524675190448761,0.3379170298576355,0.0702174976468086,0.0,6.911080360412598,forecast,4152.0,8406.0,False,0.0,1e-06,True,False,,
beijing_48h_24h_station1013_seed2049_endtoend_gru_h64,beijing,48,24,1013,2049,gru,64,gru_h64,endtoend_spatial_gru_h64,st_sparse_station_bias_delta_forecast,False,completed,27.0,1.175878405570984,17.174774961998992,0.0305866260005132,valid,test,1,18,9.0,22830.0,22830.0,22830.0,predictions/beijing_48h_24h_station1013_seed2049_endtoend_gru_h64.npz,checkpoints/beijing_48h_24h_station1013_seed2049_endtoend_gru_h64.pt,training_logs/beijing_48h_24h_station1013_seed2049_endtoend_gru_h64.csv,0.6335927248001099,0.7959853797653006,0.5456823706626892,59.252716064453125,40.62030029296875,53.68727493286133,0.1706119924783706,0.150651695970686,0.5004148483276367,0.3866817355155945,0.0710852444171905,0.0,4.796415328979492,forecast,14424.0,8406.0,False,0.0,1e-06,True,False,,
beijing_48h_24h_station1013_seed2049_endtoend_lstm_h16,beijing,48,24,1013,2049,lstm,16,lstm_h16,endtoend_spatial_lstm_h16,st_sparse_station_bias_delta_forecast,False,completed,40.0,1.1945598125457764,15.596632410999518,0.0267782949995307,valid,test,1,18,9.0,10030.0,10030.0,10030.0,predictions/beijing_48h_24h_station1013_seed2049_endtoend_lstm_h16.npz,checkpoints/beijing_48h_24h_station1013_seed2049_endtoend_lstm_h16.pt,training_logs/beijing_48h_24h_station1013_seed2049_endtoend_lstm_h16.csv,0.6545167565345764,0.8090220989160781,0.556093692779541,60.22316360473633,41.39531326293945,54.95405960083008,0.1889047920703888,0.1871638674230564,0.5504090785980225,0.2592431902885437,0.0693710073828697,0.0,7.972563743591309,forecast,1624.0,8406.0,False,0.0,1e-06,True,False,,
beijing_48h_24h_station1013_seed2049_endtoend_lstm_h32,beijing,48,24,1013,2049,lstm,32,lstm_h32,endtoend_spatial_lstm_h32,st_sparse_station_bias_delta_forecast,False,completed,18.0,1.1835616827011108,10.233187022999118,0.0475049490014498,valid,test,1,18,9.0,13678.0,13678.0,13678.0,predictions/beijing_48h_24h_station1013_seed2049_endtoend_lstm_h32.npz,checkpoints/beijing_48h_24h_station1013_seed2049_endtoend_lstm_h32.pt,training_logs/beijing_48h_24h_station1013_seed2049_endtoend_lstm_h32.csv,0.6979821920394897,0.8354532853723718,0.577372133731842,62.19068908691406,42.97926712036133,56.22379302978516,0.1329663693904876,0.1095601074124421,0.558592677116394,0.2001119554042816,0.0787003636360168,0.0,3.825825929641724,forecast,5272.0,8406.0,False,0.0,1e-06,True,False,,
beijing_72h_1h_station1013_seed2047_endtoend_gru_h8,beijing,72,1,1013,2047,gru,8,gru_h8,endtoend_spatial_gru_h8,st_sparse_station_bias_delta_forecast,False,completed,30.0,0.3380264043807983,17.038090908999948,0.0350860210000973,valid,test,1,18,9.0,4861.0,4861.0,4861.0,predictions/beijing_72h_1h_station1013_seed2047_endtoend_gru_h8.npz,checkpoints/beijing_72h_1h_station1013_seed2047_endtoend_gru_h8.pt,training_logs/beijing_72h_1h_station1013_seed2047_endtoend_gru_h8.csv,0.1595344096422195,0.3994175880481724,0.2376285791397094,29.7324275970459,17.688940048217773,25.66337203979492,0.1249783113598823,0.0870292214095709,0.606225311756134,0.1273976266384124,0.0715430080890655,0.0,0.7902836799621582,forecast,273.0,4588.0,False,0.0,1e-06,True,False,,
beijing_72h_1h_station1013_seed2047_endtoend_gru_h16,beijing,72,1,1013,2047,gru,16,gru_h16,endtoend_spatial_gru_h16,st_sparse_station_bias_delta_forecast,False,completed,30.0,0.1722843647003173,17.207010927000738,0.034739269000056,valid,test,1,18,9.0,5517.0,5517.0,5517.0,predictions/beijing_72h_1h_station1013_seed2047_endtoend_gru_h16.npz,checkpoints/beijing_72h_1h_station1013_seed2047_endtoend_gru_h16.pt,training_logs/beijing_72h_1h_station1013_seed2047_endtoend_gru_h16.csv,0.0971001759171485,0.3116090112900276,0.1699381321668625,23.196006774902344,12.650101661682127,20.907371520996094,0.1157104521989822,0.0542066582710254,0.569613516330719,0.1919163018465042,0.0772655308246612,0.0,0.8670387268066406,forecast,929.0,4588.0,False,0.0,1e-06,True,False,,
beijing_72h_1h_station1013_seed2047_endtoend_gru_h32,beijing,72,1,1013,2047,gru,32,gru_h32,endtoend_spatial_gru_h32,st_sparse_station_bias_delta_forecast,False,completed,30.0,0.6303033828735352,17.124865957999646,0.035104100999888,valid,test,1,18,9.0,7981.0,7981.0,7981.0,predictions/beijing_72h_1h_station1013_seed2047_endtoend_gru_h32.npz,checkpoints/beijing_72h_1h_station1013_seed2047_endtoend_gru_h32.pt,training_logs/beijing_72h_1h_station1013_seed2047_endtoend_gru_h32.csv,0.3082926571369171,0.5552410801957265,0.3850835263729095,41.33184051513672,28.665407180786133,43.91353225708008,0.1047228425741195,0.0687588325176727,0.5956326127052307,0.1346543431282043,0.0714440047740936,0.0,0.4057628810405731,forecast,3393.0,4588.0,False,0.0,1e-06,True,True,,beijing_72h_1h_station1013_seed2047_endtoend_gru_h32 出现非有限验证损失
beijing_72h_1h_station1013_seed2047_endtoend_gru_h64,beijing,72,1,1013,2047,gru,64,gru_h64,endtoend_spatial_gru_h64,st_sparse_station_bias_delta_forecast,False,completed,3.0,0.7837656736373901,6.536873510000078,0.0394739050007046,valid,test,1,18,9.0,17517.0,17517.0,17517.0,predictions/beijing_72h_1h_station1013_seed2047_endtoend_gru_h64.npz,checkpoints/beijing_72h_1h_station1013_seed2047_endtoend_gru_h64.pt,training_logs/beijing_72h_1h_station1013_seed2047_endtoend_gru_h64.csv,0.381450891494751,0.6176171075146405,0.4403805136680603,45.97507858276367,32.781681060791016,48.10993957519531,0.1014908999204635,0.0250742727940406,0.6119379997253418,0.1511321812868118,0.0695580318570137,0.0,0.2281479686498642,forecast,12929.0,4588.0,False,0.0,1e-06,True,False,,
beijing_72h_1h_station1013_seed2047_endtoend_lstm_h16,beijing,72,1,1013,2047,lstm,16,lstm_h16,endtoend_spatial_lstm_h16,st_sparse_station_bias_delta_forecast,False,completed,30.0,0.1824468970298767,14.434608408999338,0.0295805839996319,valid,test,1,18,9.0,5821.0,5821.0,5821.0,predictions/beijing_72h_1h_station1013_seed2047_endtoend_lstm_h16.npz,checkpoints/beijing_72h_1h_station1013_seed2047_endtoend_lstm_h16.pt,training_logs/beijing_72h_1h_station1013_seed2047_endtoend_lstm_h16.csv,0.0958225354552269,0.3095521530456974,0.1652438193559646,23.042892456054688,12.300660133361816,18.790058135986328,0.1159436479210853,0.054172455126773,0.5833641886711121,0.0511427894234657,0.0645341575145721,0.0,0.7270257472991943,forecast,1233.0,4588.0,False,0.0,1e-06,True,False,,
beijing_72h_1h_station1013_seed2047_endtoend_lstm_h32,beijing,72,1,1013,2047,lstm,32,lstm_h32,endtoend_spatial_lstm_h32,st_sparse_station_bias_delta_forecast,False,completed,30.0,0.1354231238365173,14.733850783999516,0.0302286360001744,valid,test,1,18,9.0,9101.0,9101.0,9101.0,predictions/beijing_72h_1h_station1013_seed2047_endtoend_lstm_h32.npz,checkpoints/beijing_72h_1h_station1013_seed2047_endtoend_lstm_h32.pt,training_logs/beijing_72h_1h_station1013_seed2047_endtoend_lstm_h32.csv,0.0897589102387428,0.2995979142763561,0.1542667150497436,22.30190658569336,11.483530044555664,17.84736442565918,0.1147123798727989,0.0448586296064068,0.5281669497489929,0.2776791453361511,0.0735168009996414,0.0,0.8720425367355347,forecast,4513.0,4588.0,False,0.0,1e-06,True,False,,
beijing_72h_1h_station1013_seed2048_endtoend_gru_h8,beijing,72,1,1013,2048,gru,8,gru_h8,endtoend_spatial_gru_h8,st_sparse_station_bias_delta_forecast,False,completed,30.0,0.4012313485145569,17.016522569998415,0.0342239499987044,valid,test,1,18,9.0,4861.0,4861.0,4861.0,predictions/beijing_72h_1h_station1013_seed2048_endtoend_gru_h8.npz,checkpoints/beijing_72h_1h_station1013_seed2048_endtoend_gru_h8.pt,training_logs/beijing_72h_1h_station1013_seed2048_endtoend_gru_h8.csv,0.1794827282428741,0.4236540195051548,0.2630441188812256,31.53657341003418,19.58085823059082,30.05132293701172,0.1322021335363388,0.1264667992623161,0.4433335065841675,0.4261022210121155,0.0692668706178665,0.0,1.4919582605361938,forecast,273.0,4588.0,False,0.0,1e-06,True,False,,
beijing_72h_1h_station1013_seed2048_endtoend_gru_h16,beijing,72,1,1013,2048,gru,16,gru_h16,endtoend_spatial_gru_h16,st_sparse_station_bias_delta_forecast,False,completed,30.0,0.1582613438367843,17.23866326999996,0.0353531040000234,valid,test,1,18,9.0,5517.0,5517.0,5517.0,predictions/beijing_72h_1h_station1013_seed2048_endtoend_gru_h16.npz,checkpoints/beijing_72h_1h_station1013_seed2048_endtoend_gru_h16.pt,training_logs/beijing_72h_1h_station1013_seed2048_endtoend_gru_h16.csv,0.0892642512917518,0.2987712357168137,0.158313363790512,22.240367889404297,11.784759521484377,19.03721237182617,0.1286705136299133,0.0702576347267259,0.3860405385494232,0.5544041991233826,0.0648159980773925,0.0,1.014611005783081,forecast,929.0,4588.0,False,0.0,1e-06,True,False,,
beijing_72h_1h_station1013_seed2048_endtoend_gru_h32,beijing,72,1,1013,2048,gru,32,gru_h32,endtoend_spatial_gru_h32,st_sparse_station_bias_delta_forecast,False,completed,30.0,0.7585609555244446,17.153892382000777,0.035445334000542,valid,test,1,18,9.0,7981.0,7981.0,7981.0,predictions/beijing_72h_1h_station1013_seed2048_endtoend_gru_h32.npz,checkpoints/beijing_72h_1h_station1013_seed2048_endtoend_gru_h32.pt,training_logs/beijing_72h_1h_station1013_seed2048_endtoend_gru_h32.csv,0.3636544942855835,0.6030377221083134,0.422225147485733,44.88980102539063,31.430212020874023,46.77872848510742,0.1041287630796432,0.0657914087937297,0.5878047347068787,0.2324805408716201,0.0736309289932251,0.0,0.2966055572032928,forecast,3393.0,4588.0,False,0.0,1e-06,True,True,,beijing_72h_1h_station1013_seed2048_endtoend_gru_h32 出现非有限验证损失
beijing_72h_1h_station1013_seed2048_endtoend_gru_h64,beijing,72,1,1013,2048,gru,64,gru_h64,endtoend_spatial_gru_h64,st_sparse_station_bias_delta_forecast,False,completed,3.0,1.341563105583191,6.499907907000306,0.03960091999942961,valid,test,1,18,9.0,17517.0,17517.0,17517.0,predictions/beijing_72h_1h_station1013_seed2048_endtoend_gru_h64.npz,checkpoints/beijing_72h_1h_station1013_seed2048_endtoend_gru_h64.pt,training_logs/beijing_72h_1h_station1013_seed2048_endtoend_gru_h64.csv,0.6406096816062927,0.8003809602972154,0.5938796401023865,59.57992172241211,44.20808029174805,60.199337005615234,0.10130082815885544,0.08628185503250543,0.6154501438140869,0.17865194380283356,0.06148539483547211,0.0,0.20031316578388214,forecast,12929.0,4588.0,False,0.0,1e-06,True,False,,
beijing_72h_1h_station1013_seed2048_endtoend_lstm_h16,beijing,72,1,1013,2048,lstm,16,lstm_h16,endtoend_spatial_lstm_h16,st_sparse_station_bias_delta_forecast,False,completed,30.0,0.2056678980588913,13.93073958000059,0.021711801999117597,valid,test,1,18,9.0,5821.0,5821.0,5821.0,predictions/beijing_72h_1h_station1013_seed2048_endtoend_lstm_h16.npz,checkpoints/beijing_72h_1h_station1013_seed2048_endtoend_lstm_h16.pt,training_logs/beijing_72h_1h_station1013_seed2048_endtoend_lstm_h16.csv,0.09703890979290009,0.3115106896928259,0.1679186373949051,23.18868637084961,12.499772071838379,19.661041259765625,0.12848787009716034,0.08996775197812024,0.33130547404289246,0.6090014576911926,0.06541429460048676,0.0,1.1648132801055908,forecast,1233.0,4588.0,False,0.0,1e-06,True,False,,
beijing_72h_1h_station1013_seed2048_endtoend_lstm_h32,beijing,72,1,1013,2048,lstm,32,lstm_h32,endtoend_spatial_lstm_h32,st_sparse_station_bias_delta_forecast,False,completed,5.0,2.1045384407043457,5.214633060999404,0.021129311000549933,valid,test,1,18,9.0,9101.0,9101.0,9101.0,predictions/beijing_72h_1h_station1013_seed2048_endtoend_lstm_h32.npz,checkpoints/beijing_72h_1h_station1013_seed2048_endtoend_lstm_h32.pt,training_logs/beijing_72h_1h_station1013_seed2048_endtoend_lstm_h32.csv,0.9872038960456848,0.9935813484791695,0.7527012825012207,73.9616470336914,56.03066635131836,71.35517883300781,0.24909447133541107,0.24870190187593733,0.6199064254760742,0.1666666716337204,0.0,0.0,0.0,forecast,4513.0,4588.0,False,0.0,1e-06,True,False,,
beijing_72h_1h_station1013_seed2049_endtoend_gru_h8,beijing,72,1,1013,2049,gru,8,gru_h8,endtoend_spatial_gru_h8,st_sparse_station_bias_delta_forecast,False,completed,30.0,0.24774295091629028,16.513171202001104,0.02689367799939646,valid,test,1,18,9.0,4861.0,4861.0,4861.0,predictions/beijing_72h_1h_station1013_seed2049_endtoend_gru_h8.npz,checkpoints/beijing_72h_1h_station1013_seed2049_endtoend_gru_h8.pt,training_logs/beijing_72h_1h_station1013_seed2049_endtoend_gru_h8.csv,0.1137053593993187,0.3372022529570624,0.19385530054569244,25.101152420043945,14.430482864379883,22.816268920898438,0.13108250498771667,0.1008549850725061,0.3134281635284424,0.6538318395614624,0.061337266117334366,0.0,1.1757020950317383,forecast,273.0,4588.0,False,0.0,1e-06,True,False,,
beijing_72h_1h_station1013_seed2049_endtoend_gru_h16,beijing,72,1,1013,2049,gru,16,gru_h16,endtoend_spatial_gru_h16,st_sparse_station_bias_delta_forecast,False,completed,30.0,0.18054373562335968,16.8026738460012,0.024581671001215,valid,test,1,18,9.0,5517.0,5517.0,5517.0,predictions/beijing_72h_1h_station1013_seed2049_endtoend_gru_h16.npz,checkpoints/beijing_72h_1h_station1013_seed2049_endtoend_gru_h16.pt,training_logs/beijing_72h_1h_station1013_seed2049_endtoend_gru_h16.csv,0.09883623570203781,0.3143823081886731,0.16929034888744354,23.402448654174805,12.601881980895996,20.362667083740234,0.12962806224822998,0.08883196752708829,0.4101254940032959,0.5013334155082703,0.06557989865541458,0.0,1.1531659364700317,forecast,929.0,4588.0,False,0.0,1e-06,True,False,,
beijing_72h_1h_station1013_seed2049_endtoend_gru_h32,beijing,72,1,1013,2049,gru,32,gru_h32,endtoend_spatial_gru_h32,st_sparse_station_bias_delta_forecast,False,completed,30.0,0.7022767066955566,17.160925972999394,0.025307836000138195,valid,test,1,18,9.0,7981.0,7981.0,7981.0,predictions/beijing_72h_1h_station1013_seed2049_endtoend_gru_h32.npz,checkpoints/beijing_72h_1h_station1013_seed2049_endtoend_gru_h32.pt,training_logs/beijing_72h_1h_station1013_seed2049_endtoend_gru_h32.csv,0.34874072670936584,0.5905427391047712,0.4185321033000946,43.959678649902344,31.155303955078125,46.96688461303711,0.1037236750125885,0.06451225302808442,0.6029236912727356,0.22011375427246094,0.06226057559251785,0.0,0.2728117108345032,forecast,3393.0,4588.0,False,0.0,1e-06,True,True,,beijing_72h_1h_station1013_seed2049_endtoend_gru_h32 出现非有限训练损失
beijing_72h_1h_station1013_seed2049_endtoend_gru_h64,beijing,72,1,1013,2049,gru,64,gru_h64,endtoend_spatial_gru_h64,st_sparse_station_bias_delta_forecast,False,completed,30.0,0.4025060534477234,20.747051853999437,0.029933400999652804,valid,test,1,18,9.0,17517.0,17517.0,17517.0,predictions/beijing_72h_1h_station1013_seed2049_endtoend_gru_h64.npz,checkpoints/beijing_72h_1h_station1013_seed2049_endtoend_gru_h64.pt,training_logs/beijing_72h_1h_station1013_seed2049_endtoend_gru_h64.csv,0.23536328971385956,0.4851425457675914,0.31932568550109863,36.113746643066406,23.770427703857422,38.06880187988281,0.10479046404361725,0.04007496245601608,0.6158761978149414,0.132747083902359,0.06229237839579582,0.0,0.3473619818687439,forecast,12929.0,4588.0,False,0.0,1e-06,True,True,,beijing_72h_1h_station1013_seed2049_endtoend_gru_h64 出现非有限训练损失
beijing_72h_1h_station1013_seed2049_endtoend_lstm_h16,beijing,72,1,1013,2049,lstm,16,lstm_h16,endtoend_spatial_lstm_h16,st_sparse_station_bias_delta_forecast,False,completed,30.0,1.0913804769515991,13.955283969000448,0.017036995999660576,valid,test,1,18,9.0,5821.0,5821.0,5821.0,predictions/beijing_72h_1h_station1013_seed2049_endtoend_lstm_h16.npz,checkpoints/beijing_72h_1h_station1013_seed2049_endtoend_lstm_h16.pt,training_logs/beijing_72h_1h_station1013_seed2049_endtoend_lstm_h16.csv,0.5011752843856812,0.707937344957646,0.5281655788421631,52.69847106933594,39.31635665893555,55.693199157714844,0.10517339408397675,0.10895301832121096,0.6095691323280334,0.1431123912334442,0.06613509356975555,0.0,0.41853123903274536,forecast,1233.0,4588.0,False,0.0,1e-06,True,True,,beijing_72h_1h_station1013_seed2049_endtoend_lstm_h16 出现非有限训练损失
beijing_72h_1h_station1013_seed2049_endtoend_lstm_h32,beijing,72,1,1013,2049,lstm,32,lstm_h32,endtoend_spatial_lstm_h32,st_sparse_station_bias_delta_forecast,False,completed,30.0,0.6879570484161377,14.274672339000972,0.017639539999436238,valid,test,1,18,9.0,9101.0,9101.0,9101.0,predictions/beijing_72h_1h_station1013_seed2049_endtoend_lstm_h32.npz,checkpoints/beijing_72h_1h_station1013_seed2049_endtoend_lstm_h32.pt,training_logs/beijing_72h_1h_station1013_seed2049_endtoend_lstm_h32.csv,0.34303364157676697,0.5856907388517997,0.3978528082370758,43.5984992980957,29.615947723388672,43.17431640625,0.10251682996749878,0.06847473899368281,0.6134039759635925,0.19314660131931305,0.07137381285429001,0.0,0.18037989735603333,forecast,4513.0,4588.0,False,0.0,1e-06,True,True,,beijing_72h_1h_station1013_seed2049_endtoend_lstm_h32 出现非有限训练损失
beijing_72h_3h_station1013_seed2047_endtoend_gru_h8,beijing,72,3,1013,2047,gru,8,gru_h8,endtoend_spatial_gru_h8,st_sparse_station_bias_delta_forecast,False,completed,30.0,0.7198885083198547,16.567275070001415,0.02415208200000052,valid,test,1,18,9.0,5211.0,5211.0,5211.0,predictions/beijing_72h_3h_station1013_seed2047_endtoend_gru_h8.npz,checkpoints/beijing_72h_3h_station1013_seed2047_endtoend_gru_h8.pt,training_logs/beijing_72h_3h_station1013_seed2047_endtoend_gru_h8.csv,0.325304239988327,0.5703544862524771,0.36936089396476746,42.45402526855469,27.493175506591797,39.16542053222656,0.1086726039648056,0.062224501632773245,0.0013960904907435179,0.9994767904281616,0.0003403400187380612,0.0,1.4254869222640991,forecast,291.0,4920.0,False,0.0,1e-06,True,False,,
beijing_72h_3h_station1013_seed2047_endtoend_gru_h16,beijing,72,3,1013,2047,gru,16,gru_h16,endtoend_spatial_gru_h16,st_sparse_station_bias_delta_forecast,False,completed,30.0,0.34522709250450134,16.803268433000994,0.024676069000634016,valid,test,1,18,9.0,5883.0,5883.0,5883.0,predictions/beijing_72h_3h_station1013_seed2047_endtoend_gru_h16.npz,checkpoints/beijing_72h_3h_station1013_seed2047_endtoend_gru_h16.pt,training_logs/beijing_72h_3h_station1013_seed2047_endtoend_gru_h16.csv,0.193710058927536,0.44012504919344914,0.2549247741699219,32.760467529296875,18.975187301635742,28.87640953063965,0.11617885529994965,0.06377990780838881,0.5861700177192688,0.06691230088472366,0.06318500638008118,0.0,1.340319275856018,forecast,963.0,4920.0,False,0.0,1e-06,True,False,,
beijing_72h_3h_station1013_seed2047_endtoend_gru_h32,beijing,72,3,1013,2047,gru,32,gru_h32,endtoend_spatial_gru_h32,st_sparse_station_bias_delta_forecast,False,completed,30.0,0.29064199328422546,17.21136640899931,0.025390941998921335,valid,test,1,18,9.0,8379.0,8379.0,8379.0,predictions/beijing_72h_3h_station1013_seed2047_endtoend_gru_h32.npz,checkpoints/beijing_72h_3h_station1013_seed2047_endtoend_gru_h32.pt,training_logs/beijing_72h_3h_station1013_seed2047_endtoend_gru_h32.csv,0.18328309059143066,0.4281157443862941,0.24303220212459564,31.86656379699707,18.0899715423584,28.361949920654297,0.11182001978158951,0.04434440078356663,0.58403480052948,0.04227852821350098,0.0725904181599617,0.0,1.2739325761795044,forecast,3459.0,4920.0,False,0.0,1e-06,True,False,,
beijing_72h_3h_station1013_seed2047_endtoend_gru_h64,beijing,72,3,1013,2047,gru,64,gru_h64,endtoend_spatial_gru_h64,st_sparse_station_bias_delta_forecast,False,completed,30.0,0.2676639258861542,20.761944575999223,0.029969920999064925,valid,test,1,18,9.0,17979.0,17979.0,17979.0,predictions/beijing_72h_3h_station1013_seed2047_endtoend_gru_h64.npz,checkpoints/beijing_72h_3h_station1013_seed2047_endtoend_gru_h64.pt,training_logs/beijing_72h_3h_station1013_seed2047_endtoend_gru_h64.csv,0.1753617823123932,0.41876220258327185,0.22757038474082947,31.17033576965332,16.939075469970703,25.18212127685547,0.11097139120101929,0.04306607722819834,0.5924096703529358,0.052571386098861694,0.07146100699901581,0.0,1.1474753618240356,forecast,13059.0,4920.0,False,0.0,1e-06,True,False,,
beijing_72h_3h_station1013_seed2047_endtoend_lstm_h16,beijing,72,3,1013,2047,lstm,16,lstm_h16,endtoend_spatial_lstm_h16,st_sparse_station_bias_delta_forecast,False,completed,30.0,1.5029277801513672,13.987133095999525,0.017074097000659094,valid,test,1,18,9.0,6187.0,6187.0,6187.0,predictions/beijing_72h_3h_station1013_seed2047_endtoend_lstm_h16.npz,checkpoints/beijing_72h_3h_station1013_seed2047_endtoend_lstm_h16.pt,training_logs/beijing_72h_3h_station1013_seed2047_endtoend_lstm_h16.csv,0.6943115592002869,0.8332535983722403,0.6346243023872375,62.02277755737305,47.237911224365234,63.108795166015625,0.10483852028846741,0.192901614163212,0.5916438698768616,0.15794679522514343,0.06929515302181244,0.0,0.7401315569877625,forecast,1267.0,4920.0,False,0.0,1e-06,True,True,,beijing_72h_3h_station1013_seed2047_endtoend_lstm_h16 出现非有限训练损失
beijing_72h_3h_station1013_seed2047_endtoend_lstm_h32,beijing,72,3,1013,2047,lstm,32,lstm_h32,endtoend_spatial_lstm_h32,st_sparse_station_bias_delta_forecast,False,completed,30.0,1.0896357297897339,14.294911566999872,0.017662392001511762,valid,test,1,18,9.0,9499.0,9499.0,9499.0,predictions/beijing_72h_3h_station1013_seed2047_endtoend_lstm_h32.npz,checkpoints/beijing_72h_3h_station1013_seed2047_endtoend_lstm_h32.pt,training_logs/beijing_72h_3h_station1013_seed2047_endtoend_lstm_h32.csv,0.505804717540741,0.7111994920841416,0.5183472633361816,52.937744140625,38.5828971862793,54.6081428527832,0.1047113686800003,0.09844243442448362,0.6030929088592529,0.10423342138528824,0.0702623724937439,0.0,0.6527386903762817,forecast,4579.0,4920.0,False,0.0,1e-06,True,True,,beijing_72h_3h_station1013_seed2047_endtoend_lstm_h32 出现非有限训练损失
beijing_72h_3h_station1013_seed2048_endtoend_gru_h8,beijing,72,3,1013,2048,gru,8,gru_h8,endtoend_spatial_gru_h8,st_sparse_station_bias_delta_forecast,False,completed,30.0,1.8122401237487793,16.576197350001166,0.02458239199950185,valid,test,1,18,9.0,5211.0,5211.0,5211.0,predictions/beijing_72h_3h_station1013_seed2048_endtoend_gru_h8.npz,checkpoints/beijing_72h_3h_station1013_seed2048_endtoend_gru_h8.pt,training_logs/beijing_72h_3h_station1013_seed2048_endtoend_gru_h8.csv,0.8534373641014099,0.9238167372923105,0.6719226837158203,68.7637939453125,50.014198303222656,65.7479248046875,0.10472367703914642,0.1323666411902681,0.5779547691345215,0.22991682589054108,0.06828175485134125,0.0,0.6125858426094055,forecast,291.0,4920.0,False,0.0,1e-06,True,True,,beijing_72h_3h_station1013_seed2048_endtoend_gru_h8 出现非有限训练损失
beijing_72h_3h_station1013_seed2048_endtoend_gru_h16,beijing,72,3,1013,2048,gru,16,gru_h16,endtoend_spatial_gru_h16,st_sparse_station_bias_delta_forecast,False,completed,30.0,1.5334782600402832,16.824316454998552,0.024840181000399753,valid,test,1,18,9.0,5883.0,5883.0,5883.0,predictions/beijing_72h_3h_station1013_seed2048_endtoend_gru_h16.npz,checkpoints/beijing_72h_3h_station1013_seed2048_endtoend_gru_h16.pt,training_logs/beijing_72h_3h_station1013_seed2048_endtoend_gru_h16.csv,0.7116698026657104,0.8436052410136571,0.6344239711761475,62.793296813964844,47.222999572753906,63.069522857666016,0.10444784164428711,0.20988126224945142,0.5807863473892212,0.22245897352695465,0.06930036842823029,0.0,0.5720298290252686,forecast,963.0,4920.0,False,0.0,1e-06,True,True,,beijing_72h_3h_station1013_seed2048_endtoend_gru_h16 出现非有限训练损失
beijing_72h_3h_station1013_seed2048_endtoend_gru_h32,beijing,72,3,1013,2048,gru,32,gru_h32,endtoend_spatial_gru_h32,st_sparse_station_bias_delta_forecast,False,completed,30.0,0.8825997710227966,17.225266084000395,0.02540217700152425,valid,test,1,18,9.0,8379.0,8379.0,8379.0,predictions/beijing_72h_3h_station1013_seed2048_endtoend_gru_h32.npz,checkpoints/beijing_72h_3h_station1013_seed2048_endtoend_gru_h32.pt,training_logs/beijing_72h_3h_station1013_seed2048_endtoend_gru_h32.csv,0.42821043729782104,0.654377900985219,0.4722151756286621,48.70825958251953,35.149078369140625,50.97693634033203,0.1045554131269455,0.07772210424689599,0.582078754901886,0.21927915513515472,0.06938109546899796,0.0,0.5773236155509949,forecast,3459.0,4920.0,False,0.0,1e-06,True,True,,beijing_72h_3h_station1013_seed2048_endtoend_gru_h32 出现非有限训练损失
beijing_72h_3h_station1013_seed2048_endtoend_gru_h64,beijing,72,3,1013,2048,gru,64,gru_h64,endtoend_spatial_gru_h64,st_sparse_station_bias_delta_forecast,False,completed,30.0,0.6167370676994324,20.80436581700087,0.029868888999772025,valid,test,1,18,9.0,17979.0,17979.0,17979.0,predictions/beijing_72h_3h_station1013_seed2048_endtoend_gru_h64.npz,checkpoints/beijing_72h_3h_station1013_seed2048_endtoend_gru_h64.pt,training_logs/beijing_72h_3h_station1013_seed2048_endtoend_gru_h64.csv,0.33396297693252563,0.5778952992822538,0.39413952827453613,43.01531982421875,29.33756446838379,44.439453125,0.10288558155298233,0.02468087796742044,0.5933091044425964,0.22023695707321167,0.07249917089939117,0.0,0.3719571828842163,forecast,13059.0,4920.0,False,0.0,1e-06,True,True,,beijing_72h_3h_station1013_seed2048_endtoend_gru_h64 出现非有限训练损失
beijing_72h_3h_station1013_seed2048_endtoend_lstm_h16,beijing,72,3,1013,2048,lstm,16,lstm_h16,endtoend_spatial_lstm_h16,st_sparse_station_bias_delta_forecast,False,completed,30.0,1.5888315439224243,14.01592128700031,0.01709921600013331,valid,test,1,18,9.0,6187.0,6187.0,6187.0,predictions/beijing_72h_3h_station1013_seed2048_endtoend_lstm_h16.npz,checkpoints/beijing_72h_3h_station1013_seed2048_endtoend_lstm_h16.pt,training_logs/beijing_72h_3h_station1013_seed2048_endtoend_lstm_h16.csv,0.7190659642219543,0.8479775729475127,0.625645637512207,63.11874771118164,46.569583892822266,62.14772415161133,0.10472602397203445,0.1630271192003419,0.5829483866691589,0.22597642242908478,0.06825551390647888,0.0,0.705216646194458,forecast,1267.0,4920.0,False,0.0,1e-06,True,True,,beijing_72h_3h_station1013_seed2048_endtoend_lstm_h16 出现非有限训练损失
beijing_72h_3h_station1013_seed2048_endtoend_lstm_h32,beijing,72,3,1013,2048,lstm,32,lstm_h32,endtoend_spatial_lstm_h32,st_sparse_station_bias_delta_forecast,False,completed,30.0,1.2869118452072144,14.319408901001225,0.017831488999945577,valid,test,1,18,9.0,9499.0,9499.0,9499.0,predictions/beijing_72h_3h_station1013_seed2048_endtoend_lstm_h32.npz,checkpoints/beijing_72h_3h_station1013_seed2048_endtoend_lstm_h32.pt,training_logs/beijing_72h_3h_station1013_seed2048_endtoend_lstm_h32.csv,0.572083592414856,0.756362077589071,0.523522675037384,56.29939651489258,38.96812438964844,53.36357879638672,0.1042262464761734,0.167284399227183,0.5973689556121826,0.20844437181949615,0.0733545571565628,0.0,0.5275210738182068,forecast,4579.0,4920.0,False,0.0,1e-06,True,True,,beijing_72h_3h_station1013_seed2048_endtoend_lstm_h32 出现非有限训练损失
beijing_72h_3h_station1013_seed2049_endtoend_gru_h8,beijing,72,3,1013,2049,gru,8,gru_h8,endtoend_spatial_gru_h8,st_sparse_station_bias_delta_forecast,False,completed,30.0,1.3779233694076538,16.597328555000786,0.024468986001011217,valid,test,1,18,9.0,5211.0,5211.0,5211.0,predictions/beijing_72h_3h_station1013_seed2049_endtoend_gru_h8.npz,checkpoints/beijing_72h_3h_station1013_seed2049_endtoend_gru_h8.pt,training_logs/beijing_72h_3h_station1013_seed2049_endtoend_gru_h8.csv,0.6284643411636353,0.7927574289551851,0.5656625032424927,59.00846862792969,42.10477828979492,57.889251708984375,0.10378951579332352,0.22979050215055538,0.615166187286377,0.13322925567626953,0.06891396641731262,0.0,0.4314371943473816,forecast,291.0,4920.0,False,0.0,1.0865173339843749e-06,True,True,,beijing_72h_3h_station1013_seed2049_endtoend_gru_h8 出现非有限训练损失
beijing_72h_3h_station1013_seed2049_endtoend_gru_h16,beijing,72,3,1013,2049,gru,16,gru_h16,endtoend_spatial_gru_h16,st_sparse_station_bias_delta_forecast,False,completed,30.0,1.5382920503616333,16.848662308999337,0.02486983400012832,valid,test,1,18,9.0,5883.0,5883.0,5883.0,predictions/beijing_72h_3h_station1013_seed2049_endtoend_gru_h16.npz,checkpoints/beijing_72h_3h_station1013_seed2049_endtoend_gru_h16.pt,training_logs/beijing_72h_3h_station1013_seed2049_endtoend_gru_h16.csv,0.7119587659835815,0.8437764905373825,0.6244420409202576,62.8060417175293,46.48000717163086,62.59539031982422,0.10429280996322632,0.14573774600494727,0.6058793067932129,0.17947877943515778,0.06371979415416718,0.0,0.4802994728088379,forecast,963.0,4920.0,False,0.0,1e-06,True,True,,beijing_72h_3h_station1013_seed2049_endtoend_gru_h16 出现非有限训练损失
beijing_72h_3h_station1013_seed2049_endtoend_gru_h32,beijing,72,3,1013,2049,gru,32,gru_h32,endtoend_spatial_gru_h32,st_sparse_station_bias_delta_forecast,False,completed,30.0,0.9805176854133606,17.26202689800084,0.02540887000031944,valid,test,1,18,9.0,8379.0,8379.0,8379.0,predictions/beijing_72h_3h_station1013_seed2049_endtoend_gru_h32.npz,checkpoints/beijing_72h_3h_station1013_seed2049_endtoend_gru_h32.pt,training_logs/beijing_72h_3h_station1013_seed2049_endtoend_gru_h32.csv,0.47085264325141907,0.686187032267019,0.4953729510307312,51.075958251953125,36.8728141784668,52.605064392089844,0.10344068706035614,0.10222975350385397,0.6157140135765076,0.15598073601722717,0.06340870261192322,0.0,0.3573853075504303,forecast,3459.0,4920.0,False,0.0,1e-06,True,True,,beijing_72h_3h_station1013_seed2049_endtoend_gru_h32 出现非有限训练损失
beijing_72h_3h_station1013_seed2049_endtoend_gru_h64,beijing,72,3,1013,2049,gru,64,gru_h64,endtoend_spatial_gru_h64,st_sparse_station_bias_delta_forecast,False,completed,30.0,0.6327783465385437,20.819888866999463,0.02994730300088122,valid,test,1,18,9.0,17979.0,17979.0,17979.0,predictions/beijing_72h_3h_station1013_seed2049_endtoend_gru_h64.npz,checkpoints/beijing_72h_3h_station1013_seed2049_endtoend_gru_h64.pt,training_logs/beijing_72h_3h_station1013_seed2049_endtoend_gru_h64.csv,0.3494407832622528,0.5911351649684299,0.40677106380462646,44.000823974609375,30.277780532836914,45.99099349975586,0.10438109934329987,0.05209349985719958,0.6092877984046936,0.16763010621070862,0.06316488236188889,0.0,0.52750164270401,forecast,13059.0,4920.0,False,0.0,1e-06,True,True,,beijing_72h_3h_station1013_seed2049_endtoend_gru_h64 出现非有限训练损失
beijing_72h_3h_station1013_seed2049_endtoend_lstm_h16,beijing,72,3,1013,2049,lstm,16,lstm_h16,endtoend_spatial_lstm_h16,st_sparse_station_bias_delta_forecast,False,completed,30.0,1.4387301206588745,14.036678795000626,0.017057713999747648,valid,test,1,18,9.0,6187.0,6187.0,6187.0,predictions/beijing_72h_3h_station1013_seed2049_endtoend_lstm_h16.npz,checkpoints/beijing_72h_3h_station1013_seed2049_endtoend_lstm_h16.pt,training_logs/beijing_72h_3h_station1013_seed2049_endtoend_lstm_h16.csv,0.6473567485809326,0.8045848299470557,0.5837278366088867,59.888832092285156,43.449462890625,59.035377502441406,0.10416115075349808,0.18703507731099342,0.6103464365005493,0.139707550406456,0.07024677097797394,0.0,0.5044035315513611,forecast,1267.0,4920.0,False,0.0,1e-06,True,True,,beijing_72h_3h_station1013_seed2049_endtoend_lstm_h16 出现非有限训练损失
beijing_72h_3h_station1013_seed2049_endtoend_lstm_h32,beijing,72,3,1013,2049,lstm,32,lstm_h32,endtoend_spatial_lstm_h32,st_sparse_station_bias_delta_forecast,False,completed,30.0,1.0468660593032837,14.337948140000663,0.01783055600026273,valid,test,1,18,9.0,9499.0,9499.0,9499.0,predictions/beijing_72h_3h_station1013_seed2049_endtoend_lstm_h32.npz,checkpoints/beijing_72h_3h_station1013_seed2049_endtoend_lstm_h32.pt,training_logs/beijing_72h_3h_station1013_seed2049_endtoend_lstm_h32.csv,0.5055786967277527,0.7110405731937894,0.509178102016449,52.92592239379883,37.90039825439453,53.215782165527344,0.102290078997612,0.0867562676963651,0.6138392686843872,0.18879640102386475,0.07106143236160278,0.0,0.2852451503276825,forecast,4579.0,4920.0,False,0.0,1e-06,True,True,,beijing_72h_3h_station1013_seed2049_endtoend_lstm_h32 出现非有限训练损失
beijing_72h_6h_station1013_seed2047_endtoend_gru_h8,beijing,72,6,1013,2047,gru,8,gru_h8,endtoend_spatial_gru_h8,st_sparse_station_bias_delta_forecast,False,completed,30.0,0.6249860525131226,16.653898163998747,0.03283187600027304,valid,test,1,18,9.0,5736.0,5736.0,5736.0,predictions/beijing_72h_6h_station1013_seed2047_endtoend_gru_h8.npz,checkpoints/beijing_72h_6h_station1013_seed2047_endtoend_gru_h8.pt,training_logs/beijing_72h_6h_station1013_seed2047_endtoend_gru_h8.csv,0.3225109279155731,0.5679004559916933,0.3595627248287201,42.268558502197266,26.762083053588867,38.791053771972656,0.12065592408180237,0.09625485743458999,0.5799964666366577,0.04821202531456947,0.07602526247501373,0.0,1.9375189542770386,forecast,318.0,5418.0,False,0.0,1e-06,True,False,,
beijing_72h_6h_station1013_seed2047_endtoend_gru_h16,beijing,72,6,1013,2047,gru,16,gru_h16,endtoend_spatial_gru_h16,st_sparse_station_bias_delta_forecast,False,completed,30.0,0.5437792539596558,16.851432894000027,0.02455608700074663,valid,test,1,18,9.0,6432.0,6432.0,6432.0,predictions/beijing_72h_6h_station1013_seed2047_endtoend_gru_h16.npz,checkpoints/beijing_72h_6h_station1013_seed2047_endtoend_gru_h16.pt,training_logs/beijing_72h_6h_station1013_seed2047_endtoend_gru_h16.csv,0.3004295229911804,0.5481145163113091,0.33537253737449646,40.795902252197266,24.961620330810547,36.341182708740234,0.1188945546746254,0.10223364353504966,0.5525004267692566,0.17248345911502838,0.07863593101501465,0.0,2.3737339973449707,forecast,1014.0,5418.0,False,0.0,1e-06,True,False,,
beijing_72h_6h_station1013_seed2047_endtoend_gru_h32,beijing,72,6,1013,2047,gru,32,gru_h32,endtoend_spatial_gru_h32,st_sparse_station_bias_delta_forecast,False,completed,30.0,1.060413122177124,17.24269030799951,0.02545544799977506,valid,test,1,18,9.0,8976.0,8976.0,8976.0,predictions/beijing_72h_6h_station1013_seed2047_endtoend_gru_h32.npz,checkpoints/beijing_72h_6h_station1013_seed2047_endtoend_gru_h32.pt,training_logs/beijing_72h_6h_station1013_seed2047_endtoend_gru_h32.csv,0.5193474292755127,0.7206576366594006,0.520439088344574,53.63820266723633,38.73603439331055,54.34854507446289,0.10444466769695282,0.07616366351497159,0.608825147151947,0.10081055015325546,0.06638985872268677,0.0,0.8415445685386658,forecast,3558.0,5418.0,False,0.0,1.0133739709854126e-06,True,True,,beijing_72h_6h_station1013_seed2047_endtoend_gru_h32 出现非有限训练损失
beijing_72h_6h_station1013_seed2047_endtoend_gru_h64,beijing,72,6,1013,2047,gru,64,gru_h64,endtoend_spatial_gru_h64,st_sparse_station_bias_delta_forecast,False,completed,30.0,0.7936033010482788,20.831897958998525,0.029728654999416904,valid,test,1,18,9.0,18672.0,18672.0,18672.0,predictions/beijing_72h_6h_station1013_seed2047_endtoend_gru_h64.npz,checkpoints/beijing_72h_6h_station1013_seed2047_endtoend_gru_h64.pt,training_logs/beijing_72h_6h_station1013_seed2047_endtoend_gru_h64.csv,0.42796310782432556,0.6541888930762472,0.4548708498477936,48.69096374511719,33.85581970214844,49.262611389160156,0.10409276932477951,0.05643575603775517,0.6024901866912842,0.11743523925542831,0.07134102284908295,0.0,0.8136059045791626,forecast,13254.0,5418.0,False,0.0,1e-06,True,True,,beijing_72h_6h_station1013_seed2047_endtoend_gru_h64 出现非有限训练损失
beijing_72h_6h_station1013_seed2047_endtoend_lstm_h16,beijing,72,6,1013,2047,lstm,16,lstm_h16,endtoend_spatial_lstm_h16,st_sparse_station_bias_delta_forecast,False,completed,30.0,1.4950802326202393,14.018667110000024,0.0172457429998758,valid,test,1,18,9.0,6736.0,6736.0,6736.0,predictions/beijing_72h_6h_station1013_seed2047_endtoend_lstm_h16.npz,checkpoints/beijing_72h_6h_station1013_seed2047_endtoend_lstm_h16.pt,training_logs/beijing_72h_6h_station1013_seed2047_endtoend_lstm_h16.csv,0.6873235106468201,0.8290497636733395,0.6152982115745544,61.70577621459961,45.796348571777344,61.50597381591797,0.10481109470129013,0.16232847487373595,0.5970555543899536,0.1187174916267395,0.07168949395418167,0.0,0.9553998708724976,forecast,1318.0,5418.0,False,0.0,1e-06,True,True,,beijing_72h_6h_station1013_seed2047_endtoend_lstm_h16 出现非有限训练损失
beijing_72h_6h_station1013_seed2047_endtoend_lstm_h32,beijing,72,6,1013,2047,lstm,32,lstm_h32,endtoend_spatial_lstm_h32,st_sparse_station_bias_delta_forecast,False,completed,30.0,1.2329480648040771,14.321485970998765,0.017791436999686994,valid,test,1,18,9.0,10096.0,10096.0,10096.0,predictions/beijing_72h_6h_station1013_seed2047_endtoend_lstm_h32.npz,checkpoints/beijing_72h_6h_station1013_seed2047_endtoend_lstm_h32.pt,training_logs/beijing_72h_6h_station1013_seed2047_endtoend_lstm_h32.csv,0.5815509557723999,0.7625948831276013,0.5471526384353638,56.75957107543945,40.724308013916016,55.952857971191406,0.10465168952941895,0.10201690716993049,0.603450357913971,0.10539408773183823,0.0708356499671936,0.0,0.9366483688354492,forecast,4678.0,5418.0,False,0.0,1e-06,True,True,,beijing_72h_6h_station1013_seed2047_endtoend_lstm_h32 出现非有限训练损失
beijing_72h_6h_station1013_seed2048_endtoend_gru_h8,beijing,72,6,1013,2048,gru,8,gru_h8,endtoend_spatial_gru_h8,st_sparse_station_bias_delta_forecast,False,completed,30.0,1.7264165878295898,16.601174407000144,0.024647239999467274,valid,test,1,18,9.0,5736.0,5736.0,5736.0,predictions/beijing_72h_6h_station1013_seed2048_endtoend_gru_h8.npz,checkpoints/beijing_72h_6h_station1013_seed2048_endtoend_gru_h8.pt,training_logs/beijing_72h_6h_station1013_seed2048_endtoend_gru_h8.csv,0.8043633103370667,0.8968630387841092,0.6650509834289551,66.75308990478516,49.49942398071289,65.03810119628906,0.10396505892276764,0.3388570990480322,0.6013181209564209,0.09487967938184738,0.0699743926525116,0.0,0.742956280708313,forecast,318.0,5418.0,False,0.0,1e-06,True,True,,beijing_72h_6h_station1013_seed2048_endtoend_gru_h8 出现非有限训练损失
beijing_72h_6h_station1013_seed2048_endtoend_gru_h16,beijing,72,6,1013,2048,gru,16,gru_h16,endtoend_spatial_gru_h16,st_sparse_station_bias_delta_forecast,False,completed,30.0,1.7824300527572632,16.856538420001016,0.025003177999678883,valid,test,1,18,9.0,6432.0,6432.0,6432.0,predictions/beijing_72h_6h_station1013_seed2048_endtoend_gru_h16.npz,checkpoints/beijing_72h_6h_station1013_seed2048_endtoend_gru_h16.pt,training_logs/beijing_72h_6h_station1013_seed2048_endtoend_gru_h16.csv,0.836253821849823,0.9144691475658558,0.6908086538314819,68.0634994506836,51.41655731201172,67.01519012451172,0.10481569170951843,0.2418714324704989,0.5789477825164795,0.2330293208360672,0.0677846223115921,0.0,0.9738869667053223,forecast,1014.0,5418.0,False,0.0,1e-06,True,True,,beijing_72h_6h_station1013_seed2048_endtoend_gru_h16 出现非有限训练损失
beijing_72h_6h_station1013_seed2048_endtoend_gru_h32,beijing,72,6,1013,2048,gru,32,gru_h32,endtoend_spatial_gru_h32,st_sparse_station_bias_delta_forecast,False,completed,30.0,1.0478159189224243,17.24780665400067,0.025442944999667816,valid,test,1,18,9.0,8976.0,8976.0,8976.0,predictions/beijing_72h_6h_station1013_seed2048_endtoend_gru_h32.npz,checkpoints/beijing_72h_6h_station1013_seed2048_endtoend_gru_h32.pt,training_logs/beijing_72h_6h_station1013_seed2048_endtoend_gru_h32.csv,0.5069736838340759,0.7120208450839596,0.5142661333084106,52.99536895751953,38.276580810546875,53.89832305908203,0.1049080416560173,0.07959154653944002,0.5823454260826111,0.20632818341255188,0.07070709764957428,0.0,0.8737038373947144,forecast,3558.0,5418.0,False,0.0,1e-06,True,True,,beijing_72h_6h_station1013_seed2048_endtoend_gru_h32 出现非有限训练损失
beijing_72h_6h_station1013_seed2048_endtoend_gru_h64,beijing,72,6,1013,2048,gru,64,gru_h64,endtoend_spatial_gru_h64,st_sparse_station_bias_delta_forecast,False,completed,30.0,0.8180990219116211,20.819669403999796,0.02970598499996413,valid,test,1,18,9.0,18672.0,18672.0,18672.0,predictions/beijing_72h_6h_station1013_seed2048_endtoend_gru_h64.npz,checkpoints/beijing_72h_6h_station1013_seed2048_endtoend_gru_h64.pt,training_logs/beijing_72h_6h_station1013_seed2048_endtoend_gru_h64.csv,0.43899062275886536,0.6625636744939051,0.46236804127693176,49.31429672241211,34.41383743286133,49.78782272338867,0.10209193080663681,0.030201925371773203,0.6070732474327087,0.17664697766304016,0.07170923054218292,0.0,0.41667526960372925,forecast,13254.0,5418.0,False,0.0,1e-06,True,True,,beijing_72h_6h_station1013_seed2048_endtoend_gru_h64 出现非有限训练损失
beijing_72h_6h_station1013_seed2048_endtoend_lstm_h16,beijing,72,6,1013,2048,lstm,16,lstm_h16,endtoend_spatial_lstm_h16,st_sparse_station_bias_delta_forecast,False,completed,30.0,1.7549679279327393,14.018442814998707,0.01709630499863124,valid,test,1,18,9.0,6736.0,6736.0,6736.0,predictions/beijing_72h_6h_station1013_seed2048_endtoend_lstm_h16.npz,checkpoints/beijing_72h_6h_station1013_seed2048_endtoend_lstm_h16.pt,training_logs/beijing_72h_6h_station1013_seed2048_endtoend_lstm_h16.csv,0.8111609816551208,0.9006447588561879,0.6711041927337646,67.03456115722656,49.9499626159668,65.61763000488281,0.10474855452775955,0.2736246671838064,0.5815848708152771,0.20564869046211243,0.07082042843103409,0.0,0.868236243724823,forecast,1318.0,5418.0,False,0.0,1e-06,True,True,,beijing_72h_6h_station1013_seed2048_endtoend_lstm_h16 出现非有限训练损失
beijing_72h_6h_station1013_seed2048_endtoend_lstm_h32,beijing,72,6,1013,2048,lstm,32,lstm_h32,endtoend_spatial_lstm_h32,st_sparse_station_bias_delta_forecast,False,completed,30.0,1.1663243770599365,14.345711877000213,0.017774358000679058,valid,test,1,18,9.0,10096.0,10096.0,10096.0,predictions/beijing_72h_6h_station1013_seed2048_endtoend_lstm_h32.npz,checkpoints/beijing_72h_6h_station1013_seed2048_endtoend_lstm_h32.pt,training_logs/beijing_72h_6h_station1013_seed2048_endtoend_lstm_h32.csv,0.5579211711883545,0.7469412099947054,0.5409931540489197,55.594478607177734,40.26586151123047,55.72096633911133,0.1034596636891365,0.07497468487576375,0.59639573097229,0.20365092158317566,0.07323206961154938,0.0,0.5975160002708435,forecast,4678.0,5418.0,False,0.0,1e-06,True,True,,beijing_72h_6h_station1013_seed2048_endtoend_lstm_h32 出现非有限训练损失
beijing_72h_6h_station1013_seed2049_endtoend_gru_h8,beijing,72,6,1013,2049,gru,8,gru_h8,endtoend_spatial_gru_h8,st_sparse_station_bias_delta_forecast,False,completed,30.0,1.9035981893539429,16.594486670999686,0.024539316998925642,valid,test,1,18,9.0,5736.0,5736.0,5736.0,predictions/beijing_72h_6h_station1013_seed2049_endtoend_gru_h8.npz,checkpoints/beijing_72h_6h_station1013_seed2049_endtoend_gru_h8.pt,training_logs/beijing_72h_6h_station1013_seed2049_endtoend_gru_h8.csv,0.8992971181869507,0.9483127744509987,0.7130909562110901,70.58246612548828,53.07501983642578,68.81481170654297,0.10364633053541183,0.3830889779165196,0.6127760410308838,0.1181751936674118,0.07486970722675323,0.0,0.5813960433006287,forecast,318.0,5418.0,False,0.0,1e-06,True,True,,beijing_72h_6h_station1013_seed2049_endtoend_gru_h8 出现非有限训练损失
beijing_72h_6h_station1013_seed2049_endtoend_gru_h16,beijing,72,6,1013,2049,gru,16,gru_h16,endtoend_spatial_gru_h16,st_sparse_station_bias_delta_forecast,False,completed,30.0,1.6588695049285889,16.844940966999275,0.024589407999883406,valid,test,1,18,9.0,6432.0,6432.0,6432.0,predictions/beijing_72h_6h_station1013_seed2049_endtoend_gru_h16.npz,checkpoints/beijing_72h_6h_station1013_seed2049_endtoend_gru_h16.pt,training_logs/beijing_72h_6h_station1013_seed2049_endtoend_gru_h16.csv,0.7873440980911255,0.8873241223426339,0.6779510378837585,66.0431137084961,50.45956802368164,66.0618667602539,0.10390502214431763,0.26437159281474765,0.6019039750099182,0.22493208944797516,0.06299135088920593,0.0,0.6163619756698608,forecast,1014.0,5418.0,False,0.0,1e-06,True,True,,beijing_72h_6h_station1013_seed2049_endtoend_gru_h16 出现非有限训练损失
beijing_72h_6h_station1013_seed2049_endtoend_gru_h32,beijing,72,6,1013,2049,gru,32,gru_h32,endtoend_spatial_gru_h32,st_sparse_station_bias_delta_forecast,False,completed,30.0,1.0550636053085327,17.23870009500024,0.02541427100004512,valid,test,1,18,9.0,8976.0,8976.0,8976.0,predictions/beijing_72h_6h_station1013_seed2049_endtoend_gru_h32.npz,checkpoints/beijing_72h_6h_station1013_seed2049_endtoend_gru_h32.pt,training_logs/beijing_72h_6h_station1013_seed2049_endtoend_gru_h32.csv,0.5201520919799805,0.7212157041967268,0.5186415314674377,53.67974090576172,38.60224151611328,54.2261962890625,0.10420000553131104,0.06733797757227061,0.6076532006263733,0.18415777385234833,0.06118282303214073,0.0,0.6961363554000854,forecast,3558.0,5418.0,False,0.0,1e-06,True,True,,beijing_72h_6h_station1013_seed2049_endtoend_gru_h32 出现非有限训练损失
beijing_72h_6h_station1013_seed2049_endtoend_gru_h64,beijing,72,6,1013,2049,gru,64,gru_h64,endtoend_spatial_gru_h64,st_sparse_station_bias_delta_forecast,False,completed,30.0,0.8088221549987793,20.821212928000023,0.029725819998930092,valid,test,1,18,9.0,18672.0,18672.0,18672.0,predictions/beijing_72h_6h_station1013_seed2049_endtoend_gru_h64.npz,checkpoints/beijing_72h_6h_station1013_seed2049_endtoend_gru_h64.pt,training_logs/beijing_72h_6h_station1013_seed2049_endtoend_gru_h64.csv,0.43208935856819153,0.6573350428572872,0.45709726214408875,48.925132751464844,34.02153015136719,49.32876205444336,0.10186441242694855,0.017012663573075095,0.6175240278244019,0.17357344925403595,0.05555525794625282,0.0,0.4154110550880432,forecast,13254.0,5418.0,False,0.0,1e-06,True,True,,beijing_72h_6h_station1013_seed2049_endtoend_gru_h64 出现非有限训练损失
beijing_72h_6h_station1013_seed2049_endtoend_lstm_h16,beijing,72,6,1013,2049,lstm,16,lstm_h16,endtoend_spatial_lstm_h16,st_sparse_station_bias_delta_forecast,False,completed,30.0,1.4438568353652954,14.031081003000509,0.01698853599918948,valid,test,1,18,9.0,6736.0,6736.0,6736.0,predictions/beijing_72h_6h_station1013_seed2049_endtoend_lstm_h16.npz,checkpoints/beijing_72h_6h_station1013_seed2049_endtoend_lstm_h16.pt,training_logs/beijing_72h_6h_station1013_seed2049_endtoend_lstm_h16.csv,0.6778596639633179,0.8233223329676645,0.6178023815155029,61.279483795166016,45.98273468017578,61.77914810180664,0.10362895578145981,0.17728619503353707,0.6140668392181396,0.1633833646774292,0.07250898331403732,0.0,0.5129080414772034,forecast,1318.0,5418.0,False,0.0,1e-06,True,True,,beijing_72h_6h_station1013_seed2049_endtoend_lstm_h16 出现非有限训练损失
beijing_72h_6h_station1013_seed2049_endtoend_lstm_h32,beijing,72,6,1013,2049,lstm,32,lstm_h32,endtoend_spatial_lstm_h32,st_sparse_station_bias_delta_forecast,False,completed,30.0,1.1022868156433105,14.337297199999739,0.017634769001233508,valid,test,1,18,9.0,10096.0,10096.0,10096.0,predictions/beijing_72h_6h_station1013_seed2049_endtoend_lstm_h32.npz,checkpoints/beijing_72h_6h_station1013_seed2049_endtoend_lstm_h32.pt,training_logs/beijing_72h_6h_station1013_seed2049_endtoend_lstm_h32.csv,0.5455353260040283,0.7386036325418582,0.5380094051361084,54.97391891479492,40.043785095214844,55.7109489440918,0.10498625040054321,0.07717801916192728,0.613057553768158,0.13116151094436646,0.06463636457920074,0.0,0.8376787304878235,forecast,4678.0,5418.0,False,0.0,1e-06,True,True,,beijing_72h_6h_station1013_seed2049_endtoend_lstm_h32 出现非有限训练损失
beijing_72h_12h_station1013_seed2047_endtoend_gru_h8,beijing,72,12,1013,2047,gru,8,gru_h8,endtoend_spatial_gru_h8,st_sparse_station_bias_delta_forecast,False,completed,30.0,0.9017813801765442,16.631696708000163,0.03261712300081854,valid,test,1,18,9.0,6786.0,6786.0,6786.0,predictions/beijing_72h_12h_station1013_seed2047_endtoend_gru_h8.npz,checkpoints/beijing_72h_12h_station1013_seed2047_endtoend_gru_h8.pt,training_logs/beijing_72h_12h_station1013_seed2047_endtoend_gru_h8.csv,0.47974443435668945,0.6926358598547215,0.4606936275959015,51.551002502441406,34.28817367553711,47.28666305541992,0.1210654154419899,0.12331533523885724,0.5587072968482971,0.16980135440826416,0.08286123722791672,0.0,3.637920618057251,forecast,372.0,6414.0,False,0.0,1e-06,True,False,,
beijing_72h_12h_station1013_seed2047_endtoend_gru_h16,beijing,72,12,1013,2047,gru,16,gru_h16,endtoend_spatial_gru_h16,st_sparse_station_bias_delta_forecast,False,completed,30.0,0.8475186228752136,16.85234477800077,0.024716347999856225,valid,test,1,18,9.0,7530.0,7530.0,7530.0,predictions/beijing_72h_12h_station1013_seed2047_endtoend_gru_h16.npz,checkpoints/beijing_72h_12h_station1013_seed2047_endtoend_gru_h16.pt,training_logs/beijing_72h_12h_station1013_seed2047_endtoend_gru_h16.csv,0.46547895669937134,0.6822601825545526,0.44556939601898193,50.778770446777344,33.162513732910156,45.69651412963867,0.11550518870353699,0.10462903866599893,0.5724379420280457,0.09465809911489487,0.07404544949531555,0.0,2.882964849472046,forecast,1116.0,6414.0,False,0.0,1e-06,True,False,,
beijing_72h_12h_station1013_seed2047_endtoend_gru_h32,beijing,72,12,1013,2047,gru,32,gru_h32,endtoend_spatial_gru_h32,st_sparse_station_bias_delta_forecast,False,completed,30.0,1.3137104511260986,17.24130105400036,0.02553476999855775,valid,test,1,18,9.0,10170.0,10170.0,10170.0,predictions/beijing_72h_12h_station1013_seed2047_endtoend_gru_h32.npz,checkpoints/beijing_72h_12h_station1013_seed2047_endtoend_gru_h32.pt,training_logs/beijing_72h_12h_station1013_seed2047_endtoend_gru_h32.csv,0.6414786577224731,0.800923627896239,0.5874820947647095,59.610565185546875,43.72469711303711,59.30012893676758,0.10456651449203491,0.09682628216689047,0.6028527021408081,0.10815665870904922,0.07069160789251328,0.0,1.2638598680496216,forecast,3756.0,6414.0,False,0.0,1e-06,True,True,,beijing_72h_12h_station1013_seed2047_endtoend_gru_h32 出现非有限训练损失
beijing_72h_12h_station1013_seed2047_endtoend_gru_h64,beijing,72,12,1013,2047,gru,64,gru_h64,endtoend_spatial_gru_h64,st_sparse_station_bias_delta_forecast,False,completed,30.0,1.034508466720581,20.820455273000334,0.02970546500000637,valid,test,1,18,9.0,20058.0,20058.0,20058.0,predictions/beijing_72h_12h_station1013_seed2047_endtoend_gru_h64.npz,checkpoints/beijing_72h_12h_station1013_seed2047_endtoend_gru_h64.pt,training_logs/beijing_72h_12h_station1013_seed2047_endtoend_gru_h64.csv,0.5472990870475769,0.7397966524982232,0.523339033126831,55.06105041503906,38.95069885253906,53.989261627197266,0.10389580577611923,0.05669590903092048,0.6041533946990967,0.11674574762582779,0.071742944419384,0.0,1.091112494468689,forecast,13644.0,6414.0,False,0.0,1e-06,True,True,,beijing_72h_12h_station1013_seed2047_endtoend_gru_h64 出现非有限训练损失
beijing_72h_12h_station1013_seed2047_endtoend_lstm_h16,beijing,72,12,1013,2047,lstm,16,lstm_h16,endtoend_spatial_lstm_h16,st_sparse_station_bias_delta_forecast,False,completed,30.0,1.6912611722946167,14.011641207998764,0.017092011999920942,valid,test,1,18,9.0,7834.0,7834.0,7834.0,predictions/beijing_72h_12h_station1013_seed2047_endtoend_lstm_h16.npz,checkpoints/beijing_72h_12h_station1013_seed2047_endtoend_lstm_h16.pt,training_logs/beijing_72h_12h_station1013_seed2047_endtoend_lstm_h16.csv,0.785711407661438,0.8864036369856783,0.6567259430885315,65.97260284423828,48.878326416015625,64.48905181884766,0.10420805215835571,0.23804444052423102,0.6129241585731506,0.11803600937128067,0.06250397115945816,0.0,0.9654233455657959,forecast,1420.0,6414.0,False,0.0,1e-06,True,True,,beijing_72h_12h_station1013_seed2047_endtoend_lstm_h16 出现非有限训练损失
beijing_72h_12h_station1013_seed2047_endtoend_lstm_h32,beijing,72,12,1013,2047,lstm,32,lstm_h32,endtoend_spatial_lstm_h32,st_sparse_station_bias_delta_forecast,False,completed,30.0,1.3343961238861084,14.334349560000192,0.02256775000023481,valid,test,1,18,9.0,11290.0,11290.0,11290.0,predictions/beijing_72h_12h_station1013_seed2047_endtoend_lstm_h32.npz,checkpoints/beijing_72h_12h_station1013_seed2047_endtoend_lstm_h32.pt,training_logs/beijing_72h_12h_station1013_seed2047_endtoend_lstm_h32.csv,0.6489801406860352,0.8055930366419729,0.5928606986999512,59.958091735839844,44.12500762939453,59.69002151489258,0.1043979749083519,0.10658110899427523,0.607364296913147,0.09914369881153107,0.06803467869758606,0.0,1.1333998441696167,forecast,4876.0,6414.0,False,0.0,1e-06,True,True,,beijing_72h_12h_station1013_seed2047_endtoend_lstm_h32 出现非有限训练损失
beijing_72h_12h_station1013_seed2048_endtoend_gru_h8,beijing,72,12,1013,2048,gru,8,gru_h8,endtoend_spatial_gru_h8,st_sparse_station_bias_delta_forecast,False,completed,30.0,1.8604984283447266,16.586939402001008,0.024582408001151634,valid,test,1,18,9.0,6786.0,6786.0,6786.0,predictions/beijing_72h_12h_station1013_seed2048_endtoend_gru_h8.npz,checkpoints/beijing_72h_12h_station1013_seed2048_endtoend_gru_h8.pt,training_logs/beijing_72h_12h_station1013_seed2048_endtoend_gru_h8.csv,0.877205491065979,0.9365924893281917,0.7024480104446411,69.7080307006836,52.28129196166992,67.6797103881836,0.10422443598508835,0.29810647737818574,0.6021212339401245,0.10708071291446686,0.07029944658279419,0.0,1.0528498888015747,forecast,372.0,6414.0,False,0.0,1e-06,True,True,,beijing_72h_12h_station1013_seed2048_endtoend_gru_h8 出现非有限训练损失
beijing_72h_12h_station1013_seed2048_endtoend_gru_h16,beijing,72,12,1013,2048,gru,16,gru_h16,endtoend_spatial_gru_h16,st_sparse_station_bias_delta_forecast,False,completed,30.0,1.5955287218093872,16.831387127998823,0.024803856998914853,valid,test,1,18,9.0,7530.0,7530.0,7530.0,predictions/beijing_72h_12h_station1013_seed2048_endtoend_gru_h16.npz,checkpoints/beijing_72h_12h_station1013_seed2048_endtoend_gru_h16.pt,training_logs/beijing_72h_12h_station1013_seed2048_endtoend_gru_h16.csv,0.7587869763374329,0.8710837940964307,0.6490864753723145,64.83238983154297,48.30973815917969,63.99340057373047,0.10389618575572968,0.24553637805372724,0.5992996692657471,0.08776605874300003,0.07053988426923752,0.0,1.0037295818328857,forecast,1116.0,6414.0,False,0.0,1e-06,True,True,,beijing_72h_12h_station1013_seed2048_endtoend_gru_h16 出现非有限训练损失
beijing_72h_12h_station1013_seed2048_endtoend_gru_h32,beijing,72,12,1013,2048,gru,32,gru_h32,endtoend_spatial_gru_h32,st_sparse_station_bias_delta_forecast,False,completed,30.0,1.3858438730239868,17.239352560000043,0.025486401000307524,valid,test,1,18,9.0,10170.0,10170.0,10170.0,predictions/beijing_72h_12h_station1013_seed2048_endtoend_gru_h32.npz,checkpoints/beijing_72h_12h_station1013_seed2048_endtoend_gru_h32.pt,training_logs/beijing_72h_12h_station1013_seed2048_endtoend_gru_h32.csv,0.6648356914520264,0.8153745712566871,0.601201593875885,60.68611145019531,44.74580001831055,60.40001678466797,0.10359932482242584,0.10705856897360633,0.601617157459259,0.16431747376918793,0.07261504977941513,0.0,0.7931128144264221,forecast,3756.0,6414.0,False,0.0,1e-06,True,True,,beijing_72h_12h_station1013_seed2048_endtoend_gru_h32 出现非有限训练损失
beijing_72h_12h_station1013_seed2048_endtoend_gru_h64,beijing,72,12,1013,2048,gru,64,gru_h64,endtoend_spatial_gru_h64,st_sparse_station_bias_delta_forecast,False,completed,30.0,1.0741771459579468,20.809139090000826,0.0298928430001979,valid,test,1,18,9.0,20058.0,20058.0,20058.0,predictions/beijing_72h_12h_station1013_seed2048_endtoend_gru_h64.npz,checkpoints/beijing_72h_12h_station1013_seed2048_endtoend_gru_h64.pt,training_logs/beijing_72h_12h_station1013_seed2048_endtoend_gru_h64.csv,0.5625097155570984,0.7500064770100978,0.5365139842033386,55.82093811035156,39.931278228759766,55.21023178100586,0.10215823352336884,0.04935051937641594,0.6040914058685303,0.18839284777641296,0.07198354601860046,0.0,0.6328064799308777,forecast,13644.0,6414.0,False,0.0,1e-06,True,True,,beijing_72h_12h_station1013_seed2048_endtoend_gru_h64 出现非有限训练损失
beijing_72h_12h_station1013_seed2048_endtoend_lstm_h16,beijing,72,12,1013,2048,lstm,16,lstm_h16,endtoend_spatial_lstm_h16,st_sparse_station_bias_delta_forecast,False,completed,29.0,0.875108003616333,13.999375471999883,0.017156486999738263,valid,test,1,18,9.0,7834.0,7834.0,7834.0,predictions/beijing_72h_12h_station1013_seed2048_endtoend_lstm_h16.npz,checkpoints/beijing_72h_12h_station1013_seed2048_endtoend_lstm_h16.pt,training_logs/beijing_72h_12h_station1013_seed2048_endtoend_lstm_h16.csv,0.47513580322265625,0.6893009525763447,0.45766788721084595,51.302791595458984,34.06297302246094,46.97210693359375,0.12100979685783386,0.10160485720957173,0.5846376419067383,0.038379114121198654,0.053657326847314835,0.0,2.7669196128845215,forecast,1420.0,6414.0,False,0.0,1e-06,True,False,,
beijing_72h_12h_station1013_seed2048_endtoend_lstm_h32,beijing,72,12,1013,2048,lstm,32,lstm_h32,endtoend_spatial_lstm_h32,st_sparse_station_bias_delta_forecast,False,completed,27.0,0.8321012854576111,14.316983714999878,0.017800341000111075,valid,test,1,18,9.0,11290.0,11290.0,11290.0,predictions/beijing_72h_12h_station1013_seed2048_endtoend_lstm_h32.npz,checkpoints/beijing_72h_12h_station1013_seed2048_endtoend_lstm_h32.pt,training_logs/beijing_72h_12h_station1013_seed2048_endtoend_lstm_h32.csv,0.4811602830886841,0.6936571798004285,0.4493272304534912,51.627010345458984,33.44219970703125,45.276851654052734,0.1330081820487976,0.0991370977827698,0.4554550349712372,0.4292334020137787,0.06563535332679749,0.0,4.085514068603516,forecast,4876.0,6414.0,False,0.0,1e-06,True,False,,
beijing_72h_12h_station1013_seed2049_endtoend_gru_h8,beijing,72,12,1013,2049,gru,8,gru_h8,endtoend_spatial_gru_h8,st_sparse_station_bias_delta_forecast,False,completed,30.0,0.9622423052787781,16.604920133000633,0.024712374000955606,valid,test,1,18,9.0,6786.0,6786.0,6786.0,predictions/beijing_72h_12h_station1013_seed2049_endtoend_gru_h8.npz,checkpoints/beijing_72h_12h_station1013_seed2049_endtoend_gru_h8.pt,training_logs/beijing_72h_12h_station1013_seed2049_endtoend_gru_h8.csv,0.4902059733867645,0.7001471083899187,0.46516478061676025,52.110042572021484,34.620948791503906,47.06401062011719,0.13115964829921722,0.14535947664724483,0.433762788772583,0.4802415668964386,0.0698075145483017,0.0,3.9238548278808594,forecast,372.0,6414.0,False,0.0,1e-06,True,False,,
beijing_72h_12h_station1013_seed2049_endtoend_gru_h16,beijing,72,12,1013,2049,gru,16,gru_h16,endtoend_spatial_gru_h16,st_sparse_station_bias_delta_forecast,False,completed,30.0,1.628725290298462,16.84326477399918,0.024624666999443434,valid,test,1,18,9.0,7530.0,7530.0,7530.0,predictions/beijing_72h_12h_station1013_seed2049_endtoend_gru_h16.npz,checkpoints/beijing_72h_12h_station1013_seed2049_endtoend_gru_h16.pt,training_logs/beijing_72h_12h_station1013_seed2049_endtoend_gru_h16.csv,0.7750853300094604,0.8803893059376974,0.6535636186599731,65.52497863769531,48.64296340942383,64.30333709716797,0.10354574024677277,0.24113857624966967,0.6138969659805298,0.14365360140800476,0.0729331448674202,0.0,0.7626619935035706,forecast,1116.0,6414.0,False,0.0,1e-06,True,True,,beijing_72h_12h_station1013_seed2049_endtoend_gru_h16 出现非有限训练损失
beijing_72h_12h_station1013_seed2049_endtoend_gru_h32,beijing,72,12,1013,2049,gru,32,gru_h32,endtoend_spatial_gru_h32,st_sparse_station_bias_delta_forecast,False,completed,30.0,1.2605690956115723,17.235523725999883,0.02546659899962833,valid,test,1,18,9.0,10170.0,10170.0,10170.0,predictions/beijing_72h_12h_station1013_seed2049_endtoend_gru_h32.npz,checkpoints/beijing_72h_12h_station1013_seed2049_endtoend_gru_h32.pt,training_logs/beijing_72h_12h_station1013_seed2049_endtoend_gru_h32.csv,0.626571536064148,0.7915627177072881,0.5763618350028992,58.913856506347656,42.89704132080078,58.21623992919922,0.10354794561862946,0.08789375308697188,0.606504499912262,0.20635025203227997,0.06092047691345215,0.0,0.7982807755470276,forecast,3756.0,6414.0,False,0.0,1e-06,True,True,,beijing_72h_12h_station1013_seed2049_endtoend_gru_h32 出现非有限训练损失
beijing_72h_12h_station1013_seed2049_endtoend_gru_h64,beijing,72,12,1013,2049,gru,64,gru_h64,endtoend_spatial_gru_h64,st_sparse_station_bias_delta_forecast,False,completed,30.0,1.0583614110946655,20.815901710000617,0.02987147299973003,valid,test,1,18,9.0,20058.0,20058.0,20058.0,predictions/beijing_72h_12h_station1013_seed2049_endtoend_gru_h64.npz,checkpoints/beijing_72h_12h_station1013_seed2049_endtoend_gru_h64.pt,training_logs/beijing_72h_12h_station1013_seed2049_endtoend_gru_h64.csv,0.5539112687110901,0.7442521539848508,0.5283929109573364,55.39266586303711,39.326847076416016,54.457427978515625,0.10427254438400269,0.059150553137238625,0.6082322597503662,0.16827461123466492,0.06533295661211014,0.0,0.9567579030990601,forecast,13644.0,6414.0,False,0.0,1e-06,True,True,,beijing_72h_12h_station1013_seed2049_endtoend_gru_h64 出现非有限训练损失
beijing_72h_12h_station1013_seed2049_endtoend_lstm_h16,beijing,72,12,1013,2049,lstm,16,lstm_h16,endtoend_spatial_lstm_h16,st_sparse_station_bias_delta_forecast,False,completed,30.0,1.7521079778671265,14.045969610000611,0.017102241999964463,valid,test,1,18,9.0,7834.0,7834.0,7834.0,predictions/beijing_72h_12h_station1013_seed2049_endtoend_lstm_h16.npz,checkpoints/beijing_72h_12h_station1013_seed2049_endtoend_lstm_h16.pt,training_logs/beijing_72h_12h_station1013_seed2049_endtoend_lstm_h16.csv,0.8234308362007141,0.9074308988571604,0.687227189540863,67.53760528564453,51.14845657348633,66.69001007080078,0.10374339669942856,0.2769766724443603,0.6135473847389221,0.13723352551460266,0.07423952221870422,0.0,0.7589161396026611,forecast,1420.0,6414.0,False,0.0,1e-06,True,True,,beijing_72h_12h_station1013_seed2049_endtoend_lstm_h16 出现非有限训练损失
beijing_72h_12h_station1013_seed2049_endtoend_lstm_h32,beijing,72,12,1013,2049,lstm,32,lstm_h32,endtoend_spatial_lstm_h32,st_sparse_station_bias_delta_forecast,False,completed,30.0,1.4053418636322021,14.35283492599956,0.017786655998861534,valid,test,1,18,9.0,11290.0,11290.0,11290.0,predictions/beijing_72h_12h_station1013_seed2049_endtoend_lstm_h32.npz,checkpoints/beijing_72h_12h_station1013_seed2049_endtoend_lstm_h32.pt,training_logs/beijing_72h_12h_station1013_seed2049_endtoend_lstm_h32.csv,0.6727397441864014,0.820207134927758,0.5963583588600159,61.04578399658203,44.38533020019531,59.50703430175781,0.10361713916063309,0.10688973305668571,0.616645872592926,0.13316532969474792,0.06268679350614548,0.0,0.7573785185813904,forecast,4876.0,6414.0,False,0.0,1e-06,True,True,,beijing_72h_12h_station1013_seed2049_endtoend_lstm_h32 出现非有限训练损失
beijing_72h_24h_station1013_seed2047_endtoend_gru_h8,beijing,72,24,1013,2047,gru,8,gru_h8,endtoend_spatial_gru_h8,st_sparse_station_bias_delta_forecast,False,completed,6.0,2.0224850177764893,6.681813875999069,0.03248476699991443,valid,test,1,18,9.0,8886.0,8886.0,8886.0,predictions/beijing_72h_24h_station1013_seed2047_endtoend_gru_h8.npz,checkpoints/beijing_72h_24h_station1013_seed2047_endtoend_gru_h8.pt,training_logs/beijing_72h_24h_station1013_seed2047_endtoend_gru_h8.csv,0.9615668654441833,0.9805951587909169,0.7359682321548462,72.9669189453125,54.7640266418457,70.39425659179688,0.10182192921638489,0.21551914757943053,0.5887660980224609,0.29129254817962646,0.0662153959274292,0.0,1.32291579246521,forecast,480.0,8406.0,False,0.0,1e-06,True,False,,
beijing_72h_24h_station1013_seed2047_endtoend_gru_h16,beijing,72,24,1013,2047,gru,16,gru_h16,endtoend_spatial_gru_h16,st_sparse_station_bias_delta_forecast,False,completed,30.0,1.2487610578536987,16.82439669500127,0.02463398299914843,valid,test,1,18,9.0,9726.0,9726.0,9726.0,predictions/beijing_72h_24h_station1013_seed2047_endtoend_gru_h16.npz,checkpoints/beijing_72h_24h_station1013_seed2047_endtoend_gru_h16.pt,training_logs/beijing_72h_24h_station1013_seed2047_endtoend_gru_h16.csv,0.6597477793693542,0.8122485945628679,0.5656267404556274,60.44010925292969,42.08877182006836,55.72623062133789,0.1251388043165207,0.12349528116978939,0.5841322541236877,0.032072387635707855,0.04290635883808136,0.0,3.9488956928253174,forecast,1320.0,8406.0,False,0.0,1e-06,True,False,,
beijing_72h_24h_station1013_seed2047_endtoend_gru_h32,beijing,72,24,1013,2047,gru,32,gru_h32,endtoend_spatial_gru_h32,st_sparse_station_bias_delta_forecast,False,completed,27.0,1.241672396659851,17.223954524000874,0.02559320399996068,valid,test,1,18,9.0,12558.0,12558.0,12558.0,predictions/beijing_72h_24h_station1013_seed2047_endtoend_gru_h32.npz,checkpoints/beijing_72h_24h_station1013_seed2047_endtoend_gru_h32.pt,training_logs/beijing_72h_24h_station1013_seed2047_endtoend_gru_h32.csv,0.6623760461807251,0.8138648820171105,0.564215898513794,60.56037902832031,41.98378372192383,55.532012939453125,0.12940092384815216,0.12426176699260079,0.5908640027046204,0.04087404906749725,0.033655814826488495,0.0,4.103775978088379,forecast,4152.0,8406.0,False,0.0,1e-06,True,False,,
beijing_72h_24h_station1013_seed2047_endtoend_gru_h64,beijing,72,24,1013,2047,gru,64,gru_h64,endtoend_spatial_gru_h64,st_sparse_station_bias_delta_forecast,False,completed,30.0,1.3911824226379395,20.796212639999794,0.029690990000744932,valid,test,1,18,9.0,22830.0,22830.0,22830.0,predictions/beijing_72h_24h_station1013_seed2047_endtoend_gru_h64.npz,checkpoints/beijing_72h_24h_station1013_seed2047_endtoend_gru_h64.pt,training_logs/beijing_72h_24h_station1013_seed2047_endtoend_gru_h64.csv,0.7153884172439575,0.8458063710116858,0.6205428242683411,62.937171936035156,46.17511749267578,61.372982025146484,0.10401833057403564,0.07327793094398957,0.6020436882972717,0.12278295308351517,0.07209385186433792,0.0,1.413116455078125,forecast,14424.0,8406.0,False,0.0,1e-06,True,True,,beijing_72h_24h_station1013_seed2047_endtoend_gru_h64 出现非有限训练损失
beijing_72h_24h_station1013_seed2047_endtoend_lstm_h16,beijing,72,24,1013,2047,lstm,16,lstm_h16,endtoend_spatial_lstm_h16,st_sparse_station_bias_delta_forecast,False,completed,30.0,1.8059221506118774,14.034871064999606,0.017181015999085503,valid,test,1,18,9.0,10030.0,10030.0,10030.0,predictions/beijing_72h_24h_station1013_seed2047_endtoend_lstm_h16.npz,checkpoints/beijing_72h_24h_station1013_seed2047_endtoend_lstm_h16.pt,training_logs/beijing_72h_24h_station1013_seed2047_endtoend_lstm_h16.csv,0.859489917755127,0.9270867908427597,0.7021322250366211,68.98532104492188,52.24625778198242,67.74179077148438,0.10440903902053833,0.20848933900563674,0.6081657409667969,0.10089986026287079,0.06791502982378006,0.0,1.4638100862503052,forecast,1624.0,8406.0,False,0.0,1e-06,True,True,,beijing_72h_24h_station1013_seed2047_endtoend_lstm_h16 出现非有限训练损失
beijing_72h_24h_station1013_seed2047_endtoend_lstm_h32,beijing,72,24,1013,2047,lstm,32,lstm_h32,endtoend_spatial_lstm_h32,st_sparse_station_bias_delta_forecast,False,completed,30.0,1.662353754043579,14.334030622998398,0.017777310000383295,valid,test,1,18,9.0,13678.0,13678.0,13678.0,predictions/beijing_72h_24h_station1013_seed2047_endtoend_lstm_h32.npz,checkpoints/beijing_72h_24h_station1013_seed2047_endtoend_lstm_h32.pt,training_logs/beijing_72h_24h_station1013_seed2047_endtoend_lstm_h32.csv,0.8023009300231934,0.8957125264409298,0.6710001230239868,66.65072631835938,49.92969512939453,65.24494171142578,0.104580819606781,0.14133809383210585,0.5965104699134827,0.12399221211671829,0.07288551330566406,0.0,1.659124732017517,forecast,5272.0,8406.0,False,0.0,1e-06,True,True,,beijing_72h_24h_station1013_seed2047_endtoend_lstm_h32 出现非有限训练损失
beijing_72h_24h_station1013_seed2048_endtoend_gru_h8,beijing,72,24,1013,2048,gru,8,gru_h8,endtoend_spatial_gru_h8,st_sparse_station_bias_delta_forecast,False,completed,30.0,1.9921848773956299,16.596565200999976,0.024612377999801538,valid,test,1,18,9.0,8886.0,8886.0,8886.0,predictions/beijing_72h_24h_station1013_seed2048_endtoend_gru_h8.npz,checkpoints/beijing_72h_24h_station1013_seed2048_endtoend_gru_h8.pt,training_logs/beijing_72h_24h_station1013_seed2048_endtoend_gru_h8.csv,0.9450774788856506,0.9721509547830782,0.7310572862625122,72.33858489990234,54.398597717285156,70.0756607055664,0.10417897999286652,0.31950299705020996,0.5987379550933838,0.08232145011425018,0.0699346661567688,0.0,1.4640032052993774,forecast,480.0,8406.0,False,0.0,1.0060518980026245e-06,True,True,,beijing_72h_24h_station1013_seed2048_endtoend_gru_h8 出现非有限训练损失
beijing_72h_24h_station1013_seed2048_endtoend_gru_h16,beijing,72,24,1013,2048,gru,16,gru_h16,endtoend_spatial_gru_h16,st_sparse_station_bias_delta_forecast,False,completed,30.0,1.7867090702056885,16.842862415000127,0.024795276000077138,valid,test,1,18,9.0,9726.0,9726.0,9726.0,predictions/beijing_72h_24h_station1013_seed2048_endtoend_gru_h16.npz,checkpoints/beijing_72h_24h_station1013_seed2048_endtoend_gru_h16.pt,training_logs/beijing_72h_24h_station1013_seed2048_endtoend_gru_h16.csv,0.85214763879776,0.9231184316206453,0.69061279296875,68.69002532958984,51.38908767700195,66.9411392211914,0.10390732437372208,0.23939510891958263,0.5992975831031799,0.08433474600315094,0.0702417641878128,0.0,1.3469544649124146,forecast,1320.0,8406.0,False,0.0,1e-06,True,True,,beijing_72h_24h_station1013_seed2048_endtoend_gru_h16 出现非有限训练损失
beijing_72h_24h_station1013_seed2048_endtoend_gru_h32,beijing,72,24,1013,2048,gru,32,gru_h32,endtoend_spatial_gru_h32,st_sparse_station_bias_delta_forecast,False,completed,30.0,1.5933592319488525,17.2309377950005,0.02560865899977216,valid,test,1,18,9.0,12558.0,12558.0,12558.0,predictions/beijing_72h_24h_station1013_seed2048_endtoend_gru_h32.npz,checkpoints/beijing_72h_24h_station1013_seed2048_endtoend_gru_h32.pt,training_logs/beijing_72h_24h_station1013_seed2048_endtoend_gru_h32.csv,0.7795711755752563,0.882933279231934,0.6582687497138977,65.69981384277344,48.98233413696289,64.29905700683594,0.10342150181531906,0.13777489987614738,0.6036725044250488,0.11851197481155396,0.07166344672441483,0.0,1.1644967794418335,forecast,4152.0,8406.0,False,0.0,1e-06,True,True,,beijing_72h_24h_station1013_seed2048_endtoend_gru_h32 出现非有限训练损失
beijing_72h_24h_station1013_seed2048_endtoend_gru_h64,beijing,72,24,1013,2048,gru,64,gru_h64,endtoend_spatial_gru_h64,st_sparse_station_bias_delta_forecast,False,completed,30.0,1.4114450216293335,20.791235085000153,0.029807276001520222,valid,test,1,18,9.0,22830.0,22830.0,22830.0,predictions/beijing_72h_24h_station1013_seed2048_endtoend_gru_h64.npz,checkpoints/beijing_72h_24h_station1013_seed2048_endtoend_gru_h64.pt,training_logs/beijing_72h_24h_station1013_seed2048_endtoend_gru_h64.csv,0.7173618674278259,0.8469721763008664,0.6213790774345398,63.023921966552734,46.237342834472656,61.356292724609375,0.10289599001407623,0.07302046679809193,0.6068153977394104,0.09915816783905029,0.07063793390989304,0.0,0.9487324357032776,forecast,14424.0,8406.0,False,0.0,1e-06,True,True,,beijing_72h_24h_station1013_seed2048_endtoend_gru_h64 出现非有限训练损失
beijing_72h_24h_station1013_seed2048_endtoend_lstm_h16,beijing,72,24,1013,2048,lstm,16,lstm_h16,endtoend_spatial_lstm_h16,st_sparse_station_bias_delta_forecast,False,completed,30.0,1.7648769617080688,14.03815129800023,0.01720964800006186,valid,test,1,18,9.0,10030.0,10030.0,10030.0,predictions/beijing_72h_24h_station1013_seed2048_endtoend_lstm_h16.npz,checkpoints/beijing_72h_24h_station1013_seed2048_endtoend_lstm_h16.pt,training_logs/beijing_72h_24h_station1013_seed2048_endtoend_lstm_h16.csv,0.8447481393814087,0.919101811216477,0.6957947611808777,68.39115142822266,51.77468490600586,67.37113189697266,0.1042545735836029,0.20928477769317594,0.5870126485824585,0.19358043372631073,0.07636435329914093,0.0,1.5117701292037964,forecast,1624.0,8406.0,False,0.0,1e-06,True,True,,beijing_72h_24h_station1013_seed2048_endtoend_lstm_h16 出现非有限训练损失
beijing_72h_24h_station1013_seed2048_endtoend_lstm_h32,beijing,72,24,1013,2048,lstm,32,lstm_h32,endtoend_spatial_lstm_h32,st_sparse_station_bias_delta_forecast,False,completed,30.0,1.6049067974090576,14.335351244999401,0.01774744400063355,valid,test,1,18,9.0,13678.0,13678.0,13678.0,predictions/beijing_72h_24h_station1013_seed2048_endtoend_lstm_h32.npz,checkpoints/beijing_72h_24h_station1013_seed2048_endtoend_lstm_h32.pt,training_logs/beijing_72h_24h_station1013_seed2048_endtoend_lstm_h32.csv,0.7837525606155396,0.8852980066709399,0.6597771644592285,65.87577819824219,49.094581604003906,64.37678527832031,0.10456182807683945,0.11964189973179787,0.5842369794845581,0.2042393684387207,0.07099473476409912,0.0,1.4026193618774414,forecast,5272.0,8406.0,False,0.0,1e-06,True,True,,beijing_72h_24h_station1013_seed2048_endtoend_lstm_h32 出现非有限训练损失
beijing_72h_24h_station1013_seed2049_endtoend_gru_h8,beijing,72,24,1013,2049,gru,8,gru_h8,endtoend_spatial_gru_h8,st_sparse_station_bias_delta_forecast,False,completed,30.0,2.0297648906707764,16.589868381999622,0.024550912999984575,valid,test,1,18,9.0,8886.0,8886.0,8886.0,predictions/beijing_72h_24h_station1013_seed2049_endtoend_gru_h8.npz,checkpoints/beijing_72h_24h_station1013_seed2049_endtoend_gru_h8.pt,training_logs/beijing_72h_24h_station1013_seed2049_endtoend_gru_h8.csv,0.9645467400550842,0.9821134048851407,0.7427224516868591,73.07989501953125,55.266605377197266,70.82172393798828,0.1040077954530716,0.3582871827911637,0.6147768497467041,0.13559970259666443,0.0733453780412674,0.0,1.2178692817687988,forecast,480.0,8406.0,False,0.0,1e-06,True,True,,beijing_72h_24h_station1013_seed2049_endtoend_gru_h8 出现非有限训练损失
beijing_72h_24h_station1013_seed2049_endtoend_gru_h16,beijing,72,24,1013,2049,gru,16,gru_h16,endtoend_spatial_gru_h16,st_sparse_station_bias_delta_forecast,False,completed,30.0,1.8342170715332031,16.84457589900012,0.024817710000206716,valid,test,1,18,9.0,9726.0,9726.0,9726.0,predictions/beijing_72h_24h_station1013_seed2049_endtoend_gru_h16.npz,checkpoints/beijing_72h_24h_station1013_seed2049_endtoend_gru_h16.pt,training_logs/beijing_72h_24h_station1013_seed2049_endtoend_gru_h16.csv,0.8698256611824036,0.9326444452107157,0.6960708498954773,69.39887237548828,51.795223236083984,67.54181671142578,0.10358459502458572,0.27510396335716086,0.6138805150985718,0.1448247730731964,0.07264263927936554,0.0,1.0467160940170288,forecast,1320.0,8406.0,False,0.0,1.0001473426818848e-06,True,True,,beijing_72h_24h_station1013_seed2049_endtoend_gru_h16 出现非有限训练损失
beijing_72h_24h_station1013_seed2049_endtoend_gru_h32,beijing,72,24,1013,2049,gru,32,gru_h32,endtoend_spatial_gru_h32,st_sparse_station_bias_delta_forecast,False,completed,30.0,1.5844361782073975,17.243177305001154,0.025483105000603246,valid,test,1,18,9.0,12558.0,12558.0,12558.0,predictions/beijing_72h_24h_station1013_seed2049_endtoend_gru_h32.npz,checkpoints/beijing_72h_24h_station1013_seed2049_endtoend_gru_h32.pt,training_logs/beijing_72h_24h_station1013_seed2049_endtoend_gru_h32.csv,0.7768041491508484,0.8813649352855197,0.6633316874504089,65.58311462402344,49.359073638916016,64.86196899414062,0.10363733023405075,0.15581119587469938,0.6148629188537598,0.13028588891029358,0.06894797086715698,0.0,1.1118115186691284,forecast,4152.0,8406.0,False,0.0,1e-06,True,True,,beijing_72h_24h_station1013_seed2049_endtoend_gru_h32 出现非有限训练损失
beijing_72h_24h_station1013_seed2049_endtoend_gru_h64,beijing,72,24,1013,2049,gru,64,gru_h64,endtoend_spatial_gru_h64,st_sparse_station_bias_delta_forecast,False,completed,30.0,1.3982245922088623,20.816629324999667,0.029704141999900457,valid,test,1,18,9.0,22830.0,22830.0,22830.0,predictions/beijing_72h_24h_station1013_seed2049_endtoend_gru_h64.npz,checkpoints/beijing_72h_24h_station1013_seed2049_endtoend_gru_h64.pt,training_logs/beijing_72h_24h_station1013_seed2049_endtoend_gru_h64.csv,0.7145512700080872,0.8453113450132366,0.6183314323425293,62.900333404541016,46.010562896728516,61.09406280517578,0.10417044907808304,0.07620828542227934,0.6088987588882446,0.16923914849758148,0.0661591961979866,0.0,1.2171380519866943,forecast,14424.0,8406.0,False,0.0,1e-06,True,True,,beijing_72h_24h_station1013_seed2049_endtoend_gru_h64 出现非有限训练损失
beijing_72h_24h_station1013_seed2049_endtoend_lstm_h16,beijing,72,24,1013,2049,lstm,16,lstm_h16,endtoend_spatial_lstm_h16,st_sparse_station_bias_delta_forecast,False,completed,30.0,1.914379358291626,14.043807614001707,0.017196651999256574,valid,test,1,18,9.0,10030.0,10030.0,10030.0,predictions/beijing_72h_24h_station1013_seed2049_endtoend_lstm_h16.npz,checkpoints/beijing_72h_24h_station1013_seed2049_endtoend_lstm_h16.pt,training_logs/beijing_72h_24h_station1013_seed2049_endtoend_lstm_h16.csv,0.9036465883255005,0.9506032759913572,0.7190108895301819,70.73519134521484,53.50221252441406,69.17034912109375,0.10393235087394714,0.3358967052551796,0.6083906888961792,0.1675969660282135,0.06803679466247559,0.0,1.2487317323684692,forecast,1624.0,8406.0,False,0.0,1e-06,True,True,,beijing_72h_24h_station1013_seed2049_endtoend_lstm_h16 出现非有限训练损失
beijing_72h_24h_station1013_seed2049_endtoend_lstm_h32,beijing,72,24,1013,2049,lstm,32,lstm_h32,endtoend_spatial_lstm_h32,st_sparse_station_bias_delta_forecast,False,completed,30.0,1.6810171604156494,14.332156424999994,0.017843645000539254,valid,test,1,18,9.0,13678.0,13678.0,13678.0,predictions/beijing_72h_24h_station1013_seed2049_endtoend_lstm_h32.npz,checkpoints/beijing_72h_24h_station1013_seed2049_endtoend_lstm_h32.pt,training_logs/beijing_72h_24h_station1013_seed2049_endtoend_lstm_h32.csv,0.8032044172286987,0.8962167244750003,0.671805739402771,66.6882553100586,49.98963928222656,65.44058990478516,0.10431927442550659,0.1350888789763685,0.6111452579498291,0.13375729322433472,0.06913767755031586,0.0,1.2685210704803467,forecast,5272.0,8406.0,False,0.0,1e-06,True,True,,beijing_72h_24h_station1013_seed2049_endtoend_lstm_h32 出现非有限训练损失
beijing_168h_1h_station1013_seed2047_endtoend_gru_h8,beijing,168,1,1013,2047,gru,8,gru_h8,endtoend_spatial_gru_h8,st_sparse_station_bias_delta_forecast,False,completed,30.0,0.8487196564674377,36.374666543000785,0.06051853700046195,valid,test,1,18,9.0,4861.0,4861.0,4861.0,predictions/beijing_168h_1h_station1013_seed2047_endtoend_gru_h8.npz,checkpoints/beijing_168h_1h_station1013_seed2047_endtoend_gru_h8.pt,training_logs/beijing_168h_1h_station1013_seed2047_endtoend_gru_h8.csv,0.34081509709358215,0.5837937110774508,0.37851521372795105,43.39439010620117,28.13568878173828,41.81608963012695,0.1073860451579094,0.08033747288786221,5.436333958641626e-05,0.9999869465827942,6.324959940684494e-06,0.0,0.6712157726287842,forecast,273.0,4588.0,False,0.0,1e-06,True,False,,
beijing_168h_1h_station1013_seed2047_endtoend_gru_h16,beijing,168,1,1013,2047,gru,16,gru_h16,endtoend_spatial_gru_h16,st_sparse_station_bias_delta_forecast,False,completed,30.0,2.3839187622070312,37.54440967499977,0.05327176500031783,valid,test,1,18,9.0,5517.0,5517.0,5517.0,predictions/beijing_168h_1h_station1013_seed2047_endtoend_gru_h16.npz,checkpoints/beijing_168h_1h_station1013_seed2047_endtoend_gru_h16.pt,training_logs/beijing_168h_1h_station1013_seed2047_endtoend_gru_h16.csv,1.1325615644454956,1.064218757796298,0.8214322328567505,79.10521697998047,61.0584716796875,75.28788757324219,0.10024310648441315,0.014036030211525267,0.6079407334327698,0.21939703822135925,0.07061498612165451,0.0,0.03260881081223488,forecast,929.0,4588.0,False,0.0,1e-06,True,True,,beijing_168h_1h_station1013_seed2047_endtoend_gru_h16 出现非有限训练损失
beijing_168h_1h_station1013_seed2047_endtoend_gru_h32,beijing,168,1,1013,2047,gru,32,gru_h32,endtoend_spatial_gru_h32,st_sparse_station_bias_delta_forecast,False,completed,30.0,0.6274210810661316,39.07404935200066,0.05794112900002801,valid,test,1,18,9.0,7981.0,7981.0,7981.0,predictions/beijing_168h_1h_station1013_seed2047_endtoend_gru_h32.npz,checkpoints/beijing_168h_1h_station1013_seed2047_endtoend_gru_h32.pt,training_logs/beijing_168h_1h_station1013_seed2047_endtoend_gru_h32.csv,0.30882078409194946,0.5557164601592699,0.385390967130661,41.3073616027832,28.64677619934082,43.910247802734375,0.10479486733675003,0.061670804979577123,0.593126654624939,0.12956379354000092,0.07161501049995422,0.0,0.3875442147254944,forecast,3393.0,4588.0,False,0.0,1e-06,True,True,,beijing_168h_1h_station1013_seed2047_endtoend_gru_h32 出现非有限训练损失
beijing_168h_1h_station1013_seed2047_endtoend_gru_h64,beijing,168,1,1013,2047,gru,64,gru_h64,endtoend_spatial_gru_h64,st_sparse_station_bias_delta_forecast,False,completed,30.0,0.3805251717567444,49.43589800300106,0.06931567700121377,valid,test,1,18,9.0,17517.0,17517.0,17517.0,predictions/beijing_168h_1h_station1013_seed2047_endtoend_gru_h64.npz,checkpoints/beijing_168h_1h_station1013_seed2047_endtoend_gru_h64.pt,training_logs/beijing_168h_1h_station1013_seed2047_endtoend_gru_h64.csv,0.22922468185424805,0.47877414493083065,0.31487441062927246,35.58810806274414,23.4051570892334,37.8728141784668,0.10453369468450546,0.04668845454701187,0.5961652398109436,0.10923856496810913,0.0748610645532608,0.0,0.35550495982170105,forecast,12929.0,4588.0,False,0.0,1e-06,True,True,,beijing_168h_1h_station1013_seed2047_endtoend_gru_h64 出现非有限训练损失
beijing_168h_1h_station1013_seed2047_endtoend_lstm_h16,beijing,168,1,1013,2047,lstm,16,lstm_h16,endtoend_spatial_lstm_h16,st_sparse_station_bias_delta_forecast,False,completed,30.0,1.0342649221420288,30.659782755999913,0.03867457900014415,valid,test,1,18,9.0,5821.0,5821.0,5821.0,predictions/beijing_168h_1h_station1013_seed2047_endtoend_lstm_h16.npz,checkpoints/beijing_168h_1h_station1013_seed2047_endtoend_lstm_h16.pt,training_logs/beijing_168h_1h_station1013_seed2047_endtoend_lstm_h16.csv,0.45643091201782227,0.6755967081164785,0.4787753224372864,50.21826934814453,35.58819580078125,51.03944396972656,0.10489381104707718,0.08987918039100447,0.6078594326972961,0.09386738389730453,0.06601568311452866,0.0,0.36871880292892456,forecast,1233.0,4588.0,False,0.0,1e-06,True,True,,beijing_168h_1h_station1013_seed2047_endtoend_lstm_h16 出现非有限训练损失
beijing_168h_1h_station1013_seed2047_endtoend_lstm_h32,beijing,168,1,1013,2047,lstm,32,lstm_h32,endtoend_spatial_lstm_h32,st_sparse_station_bias_delta_forecast,False,completed,30.0,0.8396048545837402,31.895901099000184,0.039588881001691334,valid,test,1,18,9.0,9101.0,9101.0,9101.0,predictions/beijing_168h_1h_station1013_seed2047_endtoend_lstm_h32.npz,checkpoints/beijing_168h_1h_station1013_seed2047_endtoend_lstm_h32.pt,training_logs/beijing_168h_1h_station1013_seed2047_endtoend_lstm_h32.csv,0.40235984325408936,0.6343184084149611,0.44880345463752747,47.14997863769531,33.3603401184082,48.665611267089844,0.10467559099197388,0.06828971686770091,0.5916606783866882,0.14427927136421204,0.0702235996723175,0.0,0.38677287101745605,forecast,4513.0,4588.0,False,0.0,1e-06,True,True,,beijing_168h_1h_station1013_seed2047_endtoend_lstm_h32 出现非有限训练损失
beijing_168h_1h_station1013_seed2048_endtoend_gru_h8,beijing,168,1,1013,2048,gru,8,gru_h8,endtoend_spatial_gru_h8,st_sparse_station_bias_delta_forecast,False,completed,30.0,1.8089542388916016,36.43390235200059,0.053110435999769834,valid,test,1,18,9.0,4861.0,4861.0,4861.0,predictions/beijing_168h_1h_station1013_seed2048_endtoend_gru_h8.npz,checkpoints/beijing_168h_1h_station1013_seed2048_endtoend_gru_h8.pt,training_logs/beijing_168h_1h_station1013_seed2048_endtoend_gru_h8.csv,0.8613782525062561,0.928104656009362,0.7240512371063232,68.98761749267578,53.81998062133789,68.72915649414062,0.10451135039329529,0.33776685396698325,0.5758183598518372,0.2515486478805542,0.07205032557249069,0.0,0.35024675726890564,forecast,273.0,4588.0,False,0.0,1e-06,True,True,,beijing_168h_1h_station1013_seed2048_endtoend_gru_h8 出现非有限训练损失
beijing_168h_1h_station1013_seed2048_endtoend_gru_h16,beijing,168,1,1013,2048,gru,16,gru_h16,endtoend_spatial_gru_h16,st_sparse_station_bias_delta_forecast,False,completed,30.0,1.2165956497192383,37.170768195001074,0.05337795500054199,valid,test,1,18,9.0,5517.0,5517.0,5517.0,predictions/beijing_168h_1h_station1013_seed2048_endtoend_gru_h16.npz,checkpoints/beijing_168h_1h_station1013_seed2048_endtoend_gru_h16.pt,training_logs/beijing_168h_1h_station1013_seed2048_endtoend_gru_h16.csv,0.572076678276062,0.7563575069212058,0.5649083256721497,56.22135925292969,41.9906120300293,58.157135009765625,0.10392901301383972,0.1445247658032483,0.5881182551383972,0.23988379538059235,0.07335171848535538,0.0,0.27251994609832764,forecast,929.0,4588.0,False,0.0,1e-06,True,True,,beijing_168h_1h_station1013_seed2048_endtoend_gru_h16 出现非有限训练损失
beijing_168h_1h_station1013_seed2048_endtoend_gru_h32,beijing,168,1,1013,2048,gru,32,gru_h32,endtoend_spatial_gru_h32,st_sparse_station_bias_delta_forecast,False,completed,30.0,0.7627384662628174,39.0857154080004,0.05780321299971547,valid,test,1,18,9.0,7981.0,7981.0,7981.0,predictions/beijing_168h_1h_station1013_seed2048_endtoend_gru_h32.npz,checkpoints/beijing_168h_1h_station1013_seed2048_endtoend_gru_h32.pt,training_logs/beijing_168h_1h_station1013_seed2048_endtoend_gru_h32.csv,0.36796772480010986,0.6066034328950916,0.4254905581474304,45.08987808227539,31.62744903564453,46.997772216796875,0.10406259447336197,0.05561324521176079,0.5830109119415283,0.25427305698394775,0.07331680506467819,0.0,0.2955613434314728,forecast,3393.0,4588.0,False,0.0,1e-06,True,True,,beijing_168h_1h_station1013_seed2048_endtoend_gru_h32 出现非有限训练损失
beijing_168h_1h_station1013_seed2048_endtoend_gru_h64,beijing,168,1,1013,2048,gru,64,gru_h64,endtoend_spatial_gru_h64,st_sparse_station_bias_delta_forecast,False,completed,30.0,0.4444500505924225,49.2354446340014,0.06896013299956394,valid,test,1,18,9.0,17517.0,17517.0,17517.0,predictions/beijing_168h_1h_station1013_seed2048_endtoend_gru_h64.npz,checkpoints/beijing_168h_1h_station1013_seed2048_endtoend_gru_h64.pt,training_logs/beijing_168h_1h_station1013_seed2048_endtoend_gru_h64.csv,0.260951429605484,0.5108340529031752,0.34310150146484375,37.97117614746094,25.503328323364258,40.44274139404297,0.1044648140668869,0.05673414131247655,0.5846714973449707,0.22397185862064362,0.06514465063810349,0.0,0.3487674295902252,forecast,12929.0,4588.0,False,0.0,1e-06,True,True,,beijing_168h_1h_station1013_seed2048_endtoend_gru_h64 出现非有限训练损失
beijing_168h_1h_station1013_seed2048_endtoend_lstm_h16,beijing,168,1,1013,2048,lstm,16,lstm_h16,endtoend_spatial_lstm_h16,st_sparse_station_bias_delta_forecast,False,completed,30.0,1.5495156049728394,30.675058738999724,0.03568084600010479,valid,test,1,18,9.0,5821.0,5821.0,5821.0,predictions/beijing_168h_1h_station1013_seed2048_endtoend_lstm_h16.npz,checkpoints/beijing_168h_1h_station1013_seed2048_endtoend_lstm_h16.pt,training_logs/beijing_168h_1h_station1013_seed2048_endtoend_lstm_h16.csv,0.682365357875824,0.8260540889529111,0.5888157486915588,61.40202713012695,43.7676887512207,59.06309509277344,0.10422615706920624,0.27601294449276687,0.5974608063697815,0.2087019830942154,0.07414644211530685,0.0,0.32102832198143005,forecast,1233.0,4588.0,False,0.0,1e-06,True,True,,beijing_168h_1h_station1013_seed2048_endtoend_lstm_h16 出现非有限训练损失
beijing_168h_1h_station1013_seed2048_endtoend_lstm_h32,beijing,168,1,1013,2048,lstm,32,lstm_h32,endtoend_spatial_lstm_h32,st_sparse_station_bias_delta_forecast,False,nonfinite,,,,,valid,test,0,18,,,,,,,,,,,,,,,,,,,,,,,,,,,,True,beijing_168h_1h_station1013_seed2048_endtoend_lstm_h32 出现非有限训练损失,
beijing_168h_1h_station1013_seed2049_endtoend_gru_h8,beijing,168,1,1013,2049,gru,8,gru_h8,endtoend_spatial_gru_h8,st_sparse_station_bias_delta_forecast,False,completed,30.0,1.4540624618530273,36.46007649600142,0.05322009299925412,valid,test,1,18,9.0,4861.0,4861.0,4861.0,predictions/beijing_168h_1h_station1013_seed2049_endtoend_gru_h8.npz,checkpoints/beijing_168h_1h_station1013_seed2049_endtoend_gru_h8.pt,training_logs/beijing_168h_1h_station1013_seed2049_endtoend_gru_h8.csv,0.6574177145957947,0.8108129960698673,0.6013175249099731,60.26913070678711,44.69696044921875,60.55592346191406,0.10335078835487366,0.24065348004382875,0.6105391383171082,0.20614038407802582,0.06954412162303925,0.0,0.19349734485149384,forecast,273.0,4588.0,False,0.0,1e-06,True,True,,beijing_168h_1h_station1013_seed2049_endtoend_gru_h8 出现非有限训练损失
beijing_168h_1h_station1013_seed2049_endtoend_gru_h16,beijing,168,1,1013,2049,gru,16,gru_h16,endtoend_spatial_gru_h16,st_sparse_station_bias_delta_forecast,False,completed,30.0,1.6336517333984375,37.228953603000264,0.053171934001511545,valid,test,1,18,9.0,5517.0,5517.0,5517.0,predictions/beijing_168h_1h_station1013_seed2049_endtoend_gru_h16.npz,checkpoints/beijing_168h_1h_station1013_seed2049_endtoend_gru_h16.pt,training_logs/beijing_168h_1h_station1013_seed2049_endtoend_gru_h16.csv,0.7370873093605042,0.8585378904629103,0.6354349255561829,63.81660461425781,47.232975006103516,62.893096923828125,0.10367076843976974,0.30193346500047474,0.610093355178833,0.20780254900455475,0.06892932951450348,0.0,0.21984697878360748,forecast,929.0,4588.0,False,0.0,1e-06,True,True,,beijing_168h_1h_station1013_seed2049_endtoend_gru_h16 出现非有限训练损失
beijing_168h_1h_station1013_seed2049_endtoend_gru_h32,beijing,168,1,1013,2049,gru,32,gru_h32,endtoend_spatial_gru_h32,st_sparse_station_bias_delta_forecast,False,completed,30.0,0.7064287662506104,39.08411064199936,0.05814407599973492,valid,test,1,18,9.0,7981.0,7981.0,7981.0,predictions/beijing_168h_1h_station1013_seed2049_endtoend_gru_h32.npz,checkpoints/beijing_168h_1h_station1013_seed2049_endtoend_gru_h32.pt,training_logs/beijing_168h_1h_station1013_seed2049_endtoend_gru_h32.csv,0.35364776849746704,0.5946829142471365,0.4230225384235382,44.20380783081055,31.443994522094727,47.286842346191406,0.1035701185464859,0.06861649689535934,0.6025247573852539,0.22492104768753052,0.06419241428375244,0.0,0.2416246384382248,forecast,3393.0,4588.0,False,0.0,1e-06,True,True,,beijing_168h_1h_station1013_seed2049_endtoend_gru_h32 出现非有限训练损失
beijing_168h_1h_station1013_seed2049_endtoend_gru_h64,beijing,168,1,1013,2049,gru,64,gru_h64,endtoend_spatial_gru_h64,st_sparse_station_bias_delta_forecast,False,completed,30.0,0.3989426791667938,49.42342530499991,0.06897670100079267,valid,test,1,18,9.0,17517.0,17517.0,17517.0,predictions/beijing_168h_1h_station1013_seed2049_endtoend_gru_h64.npz,checkpoints/beijing_168h_1h_station1013_seed2049_endtoend_gru_h64.pt,training_logs/beijing_168h_1h_station1013_seed2049_endtoend_gru_h64.csv,0.2386055290699005,0.48847264925469525,0.3230750262737274,36.309017181396484,24.014724731445312,38.379486083984375,0.10480239242315292,0.03421634242659186,0.6172277331352234,0.1332724243402481,0.0559176541864872,0.0,0.307313472032547,forecast,12929.0,4588.0,False,0.0,1e-06,True,True,,beijing_168h_1h_station1013_seed2049_endtoend_gru_h64 出现非有限训练损失
beijing_168h_1h_station1013_seed2049_endtoend_lstm_h16,beijing,168,1,1013,2049,lstm,16,lstm_h16,endtoend_spatial_lstm_h16,st_sparse_station_bias_delta_forecast,False,completed,30.0,1.0975894927978516,30.690052281001044,0.03562339000018255,valid,test,1,18,9.0,5821.0,5821.0,5821.0,predictions/beijing_168h_1h_station1013_seed2049_endtoend_lstm_h16.npz,checkpoints/beijing_168h_1h_station1013_seed2049_endtoend_lstm_h16.pt,training_logs/beijing_168h_1h_station1013_seed2049_endtoend_lstm_h16.csv,0.504702627658844,0.7104242589177568,0.5296590924263,52.80706024169922,39.3704719543457,55.71144104003906,0.10533042997121811,0.10133450086807633,0.6066529154777527,0.12175441533327103,0.06779999285936356,0.0,0.3759761154651642,forecast,1233.0,4588.0,False,0.0,1e-06,True,True,,beijing_168h_1h_station1013_seed2049_endtoend_lstm_h16 出现非有限训练损失
beijing_168h_1h_station1013_seed2049_endtoend_lstm_h32,beijing,168,1,1013,2049,lstm,32,lstm_h32,endtoend_spatial_lstm_h32,st_sparse_station_bias_delta_forecast,False,completed,30.0,0.6902510523796082,31.964975348000735,0.03935311399982311,valid,test,1,18,9.0,9101.0,9101.0,9101.0,predictions/beijing_168h_1h_station1013_seed2049_endtoend_lstm_h32.npz,checkpoints/beijing_168h_1h_station1013_seed2049_endtoend_lstm_h32.pt,training_logs/beijing_168h_1h_station1013_seed2049_endtoend_lstm_h32.csv,0.3478395640850067,0.5897792503004888,0.402125746011734,43.83930969238281,29.89069938659668,43.55462646484375,0.1025553047657013,0.06454317771969334,0.6116914749145508,0.20543460547924042,0.07029107958078384,0.0,0.1751742959022522,forecast,4513.0,4588.0,False,0.0,1e-06,True,True,,beijing_168h_1h_station1013_seed2049_endtoend_lstm_h32 出现非有限训练损失
beijing_168h_3h_station1013_seed2047_endtoend_gru_h8,beijing,168,3,1013,2047,gru,8,gru_h8,endtoend_spatial_gru_h8,st_sparse_station_bias_delta_forecast,False,completed,30.0,0.4828430116176605,36.48392299199986,0.053119430000151624,valid,test,1,18,9.0,5211.0,5211.0,5211.0,predictions/beijing_168h_3h_station1013_seed2047_endtoend_gru_h8.npz,checkpoints/beijing_168h_3h_station1013_seed2047_endtoend_gru_h8.pt,training_logs/beijing_168h_3h_station1013_seed2047_endtoend_gru_h8.csv,0.23530729115009308,0.4850848288187264,0.2973138391971588,36.056663513183594,22.09952735900879,32.31386184692383,0.12592582404613495,0.12021566148382581,0.5279611349105835,0.1805126816034317,0.07906085252761841,0.0,1.8270503282546997,forecast,291.0,4920.0,False,0.0,1e-06,True,False,,
beijing_168h_3h_station1013_seed2047_endtoend_gru_h16,beijing,168,3,1013,2047,gru,16,gru_h16,endtoend_spatial_gru_h16,st_sparse_station_bias_delta_forecast,False,completed,30.0,1.4972590208053589,37.159485836000385,0.05327183800000057,valid,test,1,18,9.0,5883.0,5883.0,5883.0,predictions/beijing_168h_3h_station1013_seed2047_endtoend_gru_h16.npz,checkpoints/beijing_168h_3h_station1013_seed2047_endtoend_gru_h16.pt,training_logs/beijing_168h_3h_station1013_seed2047_endtoend_gru_h16.csv,0.6865125298500061,0.8285605167095558,0.6090552806854248,61.58742904663086,45.27146530151367,61.01629638671875,0.1042424738407135,0.2091316129210491,0.6120877265930176,0.11054215580224991,0.06330416351556778,0.0,0.4874245822429657,forecast,963.0,4920.0,False,0.0,1e-06,True,True,,beijing_168h_3h_station1013_seed2047_endtoend_gru_h16 出现非有限训练损失
beijing_168h_3h_station1013_seed2047_endtoend_gru_h32,beijing,168,3,1013,2047,gru,32,gru_h32,endtoend_spatial_gru_h32,st_sparse_station_bias_delta_forecast,False,completed,30.0,0.9026628136634827,39.12629672299954,0.057764855000641546,valid,test,1,18,9.0,8379.0,8379.0,8379.0,predictions/beijing_168h_3h_station1013_seed2047_endtoend_gru_h32.npz,checkpoints/beijing_168h_3h_station1013_seed2047_endtoend_gru_h32.pt,training_logs/beijing_168h_3h_station1013_seed2047_endtoend_gru_h32.csv,0.4393155574798584,0.6628088393193459,0.4748702347278595,49.26700210571289,35.29740524291992,50.90475845336914,0.10449487715959549,0.07555495608628508,0.5997557044029236,0.09249548614025116,0.07295233756303787,0.0,0.5534213781356812,forecast,3459.0,4920.0,False,0.0,1e-06,True,True,,beijing_168h_3h_station1013_seed2047_endtoend_gru_h32 出现非有限训练损失
beijing_168h_3h_station1013_seed2047_endtoend_gru_h64,beijing,168,3,1013,2047,gru,64,gru_h64,endtoend_spatial_gru_h64,st_sparse_station_bias_delta_forecast,False,completed,30.0,0.5944806933403015,49.340580303000024,0.06919792499866162,valid,test,1,18,9.0,17979.0,17979.0,17979.0,predictions/beijing_168h_3h_station1013_seed2047_endtoend_gru_h64.npz,checkpoints/beijing_168h_3h_station1013_seed2047_endtoend_gru_h64.pt,training_logs/beijing_168h_3h_station1013_seed2047_endtoend_gru_h64.csv,0.3337959349155426,0.5777507550107941,0.39370155334472656,42.944580078125,29.26408576965332,44.49064254760742,0.10422657430171967,0.04376939563775108,0.6053562760353088,0.0908949226140976,0.0693649873137474,0.0,0.5077828168869019,forecast,13059.0,4920.0,False,0.0,1e-06,True,True,,beijing_168h_3h_station1013_seed2047_endtoend_gru_h64 出现非有限训练损失
beijing_168h_3h_station1013_seed2047_endtoend_lstm_h16,beijing,168,3,1013,2047,lstm,16,lstm_h16,endtoend_spatial_lstm_h16,st_sparse_station_bias_delta_forecast,False,completed,30.0,1.5165170431137085,30.683861149000222,0.03580172100009804,valid,test,1,18,9.0,6187.0,6187.0,6187.0,predictions/beijing_168h_3h_station1013_seed2047_endtoend_lstm_h16.npz,checkpoints/beijing_168h_3h_station1013_seed2047_endtoend_lstm_h16.pt,training_logs/beijing_168h_3h_station1013_seed2047_endtoend_lstm_h16.csv,0.6976433396339417,0.8352504652102516,0.6352866888046265,62.084693908691406,47.22126007080078,63.00591278076172,0.10482233762741089,0.17559360386305953,0.5904990434646606,0.15682807564735413,0.06965786963701248,0.0,0.703857958316803,forecast,1267.0,4920.0,False,0.0,1e-06,True,True,,beijing_168h_3h_station1013_seed2047_endtoend_lstm_h16 出现非有限训练损失
beijing_168h_3h_station1013_seed2047_endtoend_lstm_h32,beijing,168,3,1013,2047,lstm,32,lstm_h32,endtoend_spatial_lstm_h32,st_sparse_station_bias_delta_forecast,False,completed,30.0,1.0944782495498657,31.95778659500138,0.039435554999727174,valid,test,1,18,9.0,9499.0,9499.0,9499.0,predictions/beijing_168h_3h_station1013_seed2047_endtoend_lstm_h32.npz,checkpoints/beijing_168h_3h_station1013_seed2047_endtoend_lstm_h32.pt,training_logs/beijing_168h_3h_station1013_seed2047_endtoend_lstm_h32.csv,0.5115471482276917,0.7152252430022948,0.5212684273719788,53.16314697265625,38.746212005615234,54.705421447753906,0.10474220663309097,0.08792760241352694,0.6008473634719849,0.09036971628665924,0.07110545039176941,0.0,0.5911033153533936,forecast,4579.0,4920.0,False,0.0,1e-06,True,True,,beijing_168h_3h_station1013_seed2047_endtoend_lstm_h32 出现非有限训练损失
beijing_168h_3h_station1013_seed2048_endtoend_gru_h8,beijing,168,3,1013,2048,gru,8,gru_h8,endtoend_spatial_gru_h8,st_sparse_station_bias_delta_forecast,False,completed,30.0,1.837158203125,36.48395278600037,0.0530404829987674,valid,test,1,18,9.0,5211.0,5211.0,5211.0,predictions/beijing_168h_3h_station1013_seed2048_endtoend_gru_h8.npz,checkpoints/beijing_168h_3h_station1013_seed2048_endtoend_gru_h8.pt,training_logs/beijing_168h_3h_station1013_seed2048_endtoend_gru_h8.csv,0.8653387427330017,0.9302358532829197,0.6771677732467651,69.14501953125,50.33431625366211,65.98106384277344,0.10450930893421173,0.1475333094819782,0.5798961520195007,0.2303703874349594,0.06799136102199554,0.0,0.5403717160224915,forecast,291.0,4920.0,False,0.0,1e-06,True,True,,beijing_168h_3h_station1013_seed2048_endtoend_gru_h8 出现非有限训练损失
beijing_168h_3h_station1013_seed2048_endtoend_gru_h16,beijing,168,3,1013,2048,gru,16,gru_h16,endtoend_spatial_gru_h16,st_sparse_station_bias_delta_forecast,False,completed,30.0,1.5530153512954712,37.169903185000294,0.053344550000474555,valid,test,1,18,9.0,5883.0,5883.0,5883.0,predictions/beijing_168h_3h_station1013_seed2048_endtoend_gru_h16.npz,checkpoints/beijing_168h_3h_station1013_seed2048_endtoend_gru_h16.pt,training_logs/beijing_168h_3h_station1013_seed2048_endtoend_gru_h16.csv,0.7214214205741882,0.8493653045505145,0.6408483386039734,63.13386535644531,47.634666442871094,63.39983367919922,0.10411319136619568,0.27825238945768804,0.5835561752319336,0.2185823619365692,0.07100262492895126,0.0,0.5491584539413452,forecast,963.0,4920.0,False,0.0,1e-06,True,True,,beijing_168h_3h_station1013_seed2048_endtoend_gru_h16 出现非有限训练损失
beijing_168h_3h_station1013_seed2048_endtoend_gru_h32,beijing,168,3,1013,2048,gru,32,gru_h32,endtoend_spatial_gru_h32,st_sparse_station_bias_delta_forecast,False,completed,30.0,0.8865910172462463,39.12713566899947,0.05776504800087423,valid,test,1,18,9.0,8379.0,8379.0,8379.0,predictions/beijing_168h_3h_station1013_seed2048_endtoend_gru_h32.npz,checkpoints/beijing_168h_3h_station1013_seed2048_endtoend_gru_h32.pt,training_logs/beijing_168h_3h_station1013_seed2048_endtoend_gru_h32.csv,0.4331130385398865,0.658113241425734,0.4764203727245331,48.91797637939453,35.41263198852539,51.32596969604492,0.10430893301963806,0.08078783063863039,0.584205687046051,0.2171688973903656,0.06915396451950073,0.0,0.5233370661735535,forecast,3459.0,4920.0,False,0.0,1e-06,True,True,,beijing_168h_3h_station1013_seed2048_endtoend_gru_h32 出现非有限训练损失
beijing_168h_3h_station1013_seed2048_endtoend_gru_h64,beijing,168,3,1013,2048,gru,64,gru_h64,endtoend_spatial_gru_h64,st_sparse_station_bias_delta_forecast,False,completed,30.0,0.6190513968467712,49.3783812620004,0.06908761900012905,valid,test,1,18,9.0,17979.0,17979.0,17979.0,predictions/beijing_168h_3h_station1013_seed2048_endtoend_gru_h64.npz,checkpoints/beijing_168h_3h_station1013_seed2048_endtoend_gru_h64.pt,training_logs/beijing_168h_3h_station1013_seed2048_endtoend_gru_h64.csv,0.3389818072319031,0.5822214417486727,0.39799657464027405,43.27688980102539,29.58333969116211,44.71760559082031,0.10309496521949768,0.01954308617791847,0.5950512290000916,0.22641272842884064,0.071524977684021,0.0,0.4180665612220764,forecast,13059.0,4920.0,False,0.0,1e-06,True,True,,beijing_168h_3h_station1013_seed2048_endtoend_gru_h64 出现非有限训练损失
beijing_168h_3h_station1013_seed2048_endtoend_lstm_h16,beijing,168,3,1013,2048,lstm,16,lstm_h16,endtoend_spatial_lstm_h16,st_sparse_station_bias_delta_forecast,False,completed,30.0,1.6036313772201538,30.686633016000997,0.03566357400086417,valid,test,1,18,9.0,6187.0,6187.0,6187.0,predictions/beijing_168h_3h_station1013_seed2048_endtoend_lstm_h16.npz,checkpoints/beijing_168h_3h_station1013_seed2048_endtoend_lstm_h16.pt,training_logs/beijing_168h_3h_station1013_seed2048_endtoend_lstm_h16.csv,0.72718346118927,0.8527505269357915,0.6293722987174988,63.3854866027832,46.781646728515625,62.278812408447266,0.10460061579942703,0.1455566242194981,0.5831926465034485,0.2292601466178894,0.06448543071746826,0.0,0.606006920337677,forecast,1267.0,4920.0,False,0.0,1e-06,True,True,,beijing_168h_3h_station1013_seed2048_endtoend_lstm_h16 出现非有限训练损失
beijing_168h_3h_station1013_seed2048_endtoend_lstm_h32,beijing,168,3,1013,2048,lstm,32,lstm_h32,endtoend_spatial_lstm_h32,st_sparse_station_bias_delta_forecast,False,completed,30.0,1.296235203742981,31.96585435799898,0.03945442800068122,valid,test,1,18,9.0,9499.0,9499.0,9499.0,predictions/beijing_168h_3h_station1013_seed2048_endtoend_lstm_h32.npz,checkpoints/beijing_168h_3h_station1013_seed2048_endtoend_lstm_h32.pt,training_logs/beijing_168h_3h_station1013_seed2048_endtoend_lstm_h32.csv,0.5788050889968872,0.7607924086088709,0.5287056565284729,56.5501823425293,39.299034118652344,53.78459167480469,0.10422410815954208,0.1586017671692569,0.5954846739768982,0.22093504667282104,0.07363563030958176,0.0,0.5263696312904358,forecast,4579.0,4920.0,False,0.0,1e-06,True,True,,beijing_168h_3h_station1013_seed2048_endtoend_lstm_h32 出现非有限训练损失
beijing_168h_3h_station1013_seed2049_endtoend_gru_h8,beijing,168,3,1013,2049,gru,8,gru_h8,endtoend_spatial_gru_h8,st_sparse_station_bias_delta_forecast,False,completed,30.0,1.3872545957565308,36.46015117800016,0.053197573999568704,valid,test,1,18,9.0,5211.0,5211.0,5211.0,predictions/beijing_168h_3h_station1013_seed2049_endtoend_gru_h8.npz,checkpoints/beijing_168h_3h_station1013_seed2049_endtoend_gru_h8.pt,training_logs/beijing_168h_3h_station1013_seed2049_endtoend_gru_h8.csv,0.635587215423584,0.7972372391099051,0.569882333278656,59.259151458740234,42.359718322753906,58.098976135253906,0.10378024727106094,0.22653896636157575,0.6163580417633057,0.13292278349399567,0.07018916308879852,0.0,0.42776167392730713,forecast,291.0,4920.0,False,0.0,1.0867161750793456e-06,True,True,,beijing_168h_3h_station1013_seed2049_endtoend_gru_h8 出现非有限训练损失
beijing_168h_3h_station1013_seed2049_endtoend_gru_h16,beijing,168,3,1013,2049,gru,16,gru_h16,endtoend_spatial_gru_h16,st_sparse_station_bias_delta_forecast,False,completed,30.0,1.5611696243286133,37.173680091998904,0.053274646001227666,valid,test,1,18,9.0,5883.0,5883.0,5883.0,predictions/beijing_168h_3h_station1013_seed2049_endtoend_gru_h16.npz,checkpoints/beijing_168h_3h_station1013_seed2049_endtoend_gru_h16.pt,training_logs/beijing_168h_3h_station1013_seed2049_endtoend_gru_h16.csv,0.7245804071426392,0.8512228892262232,0.6311849355697632,63.271934509277344,46.91637420654297,62.82670593261719,0.10380237549543381,0.16758364760522404,0.6081088185310364,0.18085896968841553,0.06009157374501228,0.0,0.4023866057395935,forecast,963.0,4920.0,False,0.0,1e-06,True,True,,beijing_168h_3h_station1013_seed2049_endtoend_gru_h16 出现非有限训练损失
beijing_168h_3h_station1013_seed2049_endtoend_gru_h32,beijing,168,3,1013,2049,gru,32,gru_h32,endtoend_spatial_gru_h32,st_sparse_station_bias_delta_forecast,False,completed,30.0,0.9927481412887573,39.15844920699965,0.05801794400031213,valid,test,1,18,9.0,8379.0,8379.0,8379.0,predictions/beijing_168h_3h_station1013_seed2049_endtoend_gru_h32.npz,checkpoints/beijing_168h_3h_station1013_seed2049_endtoend_gru_h32.pt,training_logs/beijing_168h_3h_station1013_seed2049_endtoend_gru_h32.csv,0.4789762496948242,0.6920811005184466,0.500790536403656,51.44282531738281,37.22407531738281,52.95888900756836,0.1032075583934784,0.11046748626851563,0.6151663661003113,0.16060712933540344,0.07180870324373245,0.0,0.33146029710769653,forecast,3459.0,4920.0,False,0.0,1e-06,True,True,,beijing_168h_3h_station1013_seed2049_endtoend_gru_h32 出现非有限训练损失
beijing_168h_3h_station1013_seed2049_endtoend_gru_h64,beijing,168,3,1013,2049,gru,64,gru_h64,endtoend_spatial_gru_h64,st_sparse_station_bias_delta_forecast,False,completed,30.0,0.6366640329360962,49.362269776000176,0.06906791800065548,valid,test,1,18,9.0,17979.0,17979.0,17979.0,predictions/beijing_168h_3h_station1013_seed2049_endtoend_gru_h64.npz,checkpoints/beijing_168h_3h_station1013_seed2049_endtoend_gru_h64.pt,training_logs/beijing_168h_3h_station1013_seed2049_endtoend_gru_h64.csv,0.3537032902240753,0.5947295942056989,0.4106788635253906,44.206626892089844,30.526020050048828,46.21889114379883,0.10447586327791214,0.05280348556547398,0.6072514057159424,0.16326212882995605,0.06409358978271484,0.0,0.4775872528553009,forecast,13059.0,4920.0,False,0.0,1e-06,True,True,,beijing_168h_3h_station1013_seed2049_endtoend_gru_h64 出现非有限训练损失
beijing_168h_3h_station1013_seed2049_endtoend_lstm_h16,beijing,168,3,1013,2049,lstm,16,lstm_h16,endtoend_spatial_lstm_h16,st_sparse_station_bias_delta_forecast,False,completed,30.0,1.45735502243042,30.698767234000115,0.03552860700074234,valid,test,1,18,9.0,6187.0,6187.0,6187.0,predictions/beijing_168h_3h_station1013_seed2049_endtoend_lstm_h16.npz,checkpoints/beijing_168h_3h_station1013_seed2049_endtoend_lstm_h16.pt,training_logs/beijing_168h_3h_station1013_seed2049_endtoend_lstm_h16.csv,0.6586469411849976,0.8115706630879393,0.5892999768257141,60.324562072753906,43.803043365478516,59.32779312133789,0.10393189638853073,0.1910124019451697,0.6120002269744873,0.12402443587779999,0.07142379879951477,0.0,0.43674516677856445,forecast,1267.0,4920.0,False,0.0,1e-06,True,True,,beijing_168h_3h_station1013_seed2049_endtoend_lstm_h16 出现非有限训练损失
beijing_168h_3h_station1013_seed2049_endtoend_lstm_h32,beijing,168,3,1013,2049,lstm,32,lstm_h32,endtoend_spatial_lstm_h32,st_sparse_station_bias_delta_forecast,False,completed,30.0,1.0558439493179321,31.994953055000224,0.0393659450000996,valid,test,1,18,9.0,9499.0,9499.0,9499.0,predictions/beijing_168h_3h_station1013_seed2049_endtoend_lstm_h32.npz,checkpoints/beijing_168h_3h_station1013_seed2049_endtoend_lstm_h32.pt,training_logs/beijing_168h_3h_station1013_seed2049_endtoend_lstm_h32.csv,0.5124746561050415,0.7158733520009258,0.5141517519950867,53.21131896972656,38.21722412109375,53.56916809082031,0.1022399291396141,0.08152756285463025,0.6128842234611511,0.1987510323524475,0.07048757374286652,0.0,0.2766631841659546,forecast,4579.0,4920.0,False,0.0,1e-06,True,True,,beijing_168h_3h_station1013_seed2049_endtoend_lstm_h32 出现非有限训练损失
beijing_168h_6h_station1013_seed2047_endtoend_gru_h8,beijing,168,6,1013,2047,gru,8,gru_h8,endtoend_spatial_gru_h8,st_sparse_station_bias_delta_forecast,False,completed,30.0,1.9528608322143555,36.486642847999974,0.06049067699859734,valid,test,1,18,9.0,5736.0,5736.0,5736.0,predictions/beijing_168h_6h_station1013_seed2047_endtoend_gru_h8.npz,checkpoints/beijing_168h_6h_station1013_seed2047_endtoend_gru_h8.pt,training_logs/beijing_168h_6h_station1013_seed2047_endtoend_gru_h8.csv,0.928818941116333,0.9637525310557338,0.7189098000526428,71.63633728027344,53.437015533447266,69.12531280517578,0.10021008551120758,0.010047983663867348,0.6113354563713074,0.21258880198001862,0.06673809140920639,0.0,0.06600882112979889,forecast,318.0,5418.0,False,0.0,1e-06,True,True,,beijing_168h_6h_station1013_seed2047_endtoend_gru_h8 出现非有限训练损失
beijing_168h_6h_station1013_seed2047_endtoend_gru_h16,beijing,168,6,1013,2047,gru,16,gru_h16,endtoend_spatial_gru_h16,st_sparse_station_bias_delta_forecast,False,completed,30.0,1.6078420877456665,37.138567268999395,0.05342043500058935,valid,test,1,18,9.0,6432.0,6432.0,6432.0,predictions/beijing_168h_6h_station1013_seed2047_endtoend_gru_h16.npz,checkpoints/beijing_168h_6h_station1013_seed2047_endtoend_gru_h16.pt,training_logs/beijing_168h_6h_station1013_seed2047_endtoend_gru_h16.csv,0.7555553317070007,0.8692268585973404,0.6542500853538513,64.61018371582031,48.63082504272461,64.2604751586914,0.10482747107744217,0.22201795616817543,0.5913510322570801,0.11005720496177673,0.07536730170249939,0.0,0.8591796159744263,forecast,1014.0,5418.0,False,0.0,1e-06,True,True,,beijing_168h_6h_station1013_seed2047_endtoend_gru_h16 出现非有限训练损失
beijing_168h_6h_station1013_seed2047_endtoend_gru_h32,beijing,168,6,1013,2047,gru,32,gru_h32,endtoend_spatial_gru_h32,st_sparse_station_bias_delta_forecast,False,completed,30.0,1.0670373439788818,39.11456683999859,0.057987803000287386,valid,test,1,18,9.0,8976.0,8976.0,8976.0,predictions/beijing_168h_6h_station1013_seed2047_endtoend_gru_h32.npz,checkpoints/beijing_168h_6h_station1013_seed2047_endtoend_gru_h32.pt,training_logs/beijing_168h_6h_station1013_seed2047_endtoend_gru_h32.csv,0.5271442532539368,0.7260470048515707,0.5247952342033386,53.96753692626953,39.008365631103516,54.58685302734375,0.10442334413528442,0.06821578731984503,0.6091704368591309,0.09785659611225128,0.06505996733903885,0.0,0.7248263955116272,forecast,3558.0,5418.0,False,0.0,1.0136473178863526e-06,True,True,,beijing_168h_6h_station1013_seed2047_endtoend_gru_h32 出现非有限训练损失
beijing_168h_6h_station1013_seed2047_endtoend_gru_h64,beijing,168,6,1013,2047,gru,64,gru_h64,endtoend_spatial_gru_h64,st_sparse_station_bias_delta_forecast,False,completed,30.0,0.7943876385688782,49.340831413999695,0.069301011000789,valid,test,1,18,9.0,18672.0,18672.0,18672.0,predictions/beijing_168h_6h_station1013_seed2047_endtoend_gru_h64.npz,checkpoints/beijing_168h_6h_station1013_seed2047_endtoend_gru_h64.pt,training_logs/beijing_168h_6h_station1013_seed2047_endtoend_gru_h64.csv,0.4333026707172394,0.6582572982635585,0.4577377140522003,48.92868423461914,34.02393341064453,49.356876373291016,0.10424715280532837,0.052193124296399905,0.5986643433570862,0.11052720993757248,0.0727110207080841,0.0,0.752246618270874,forecast,13254.0,5418.0,False,0.0,1e-06,True,True,,beijing_168h_6h_station1013_seed2047_endtoend_gru_h64 出现非有限训练损失
beijing_168h_6h_station1013_seed2047_endtoend_lstm_h16,beijing,168,6,1013,2047,lstm,16,lstm_h16,endtoend_spatial_lstm_h16,st_sparse_station_bias_delta_forecast,False,completed,30.0,1.5034209489822388,30.662609533999785,0.03582658799859928,valid,test,1,18,9.0,6736.0,6736.0,6736.0,predictions/beijing_168h_6h_station1013_seed2047_endtoend_lstm_h16.npz,checkpoints/beijing_168h_6h_station1013_seed2047_endtoend_lstm_h16.pt,training_logs/beijing_168h_6h_station1013_seed2047_endtoend_lstm_h16.csv,0.693727433681488,0.8329030157716372,0.617577850818634,61.91020584106445,45.90495300292969,61.52713394165039,0.10483497381210327,0.14229976695917781,0.5938552021980286,0.10512460768222809,0.07427790760993958,0.0,0.8477950096130371,forecast,1318.0,5418.0,False,0.0,1e-06,True,True,,beijing_168h_6h_station1013_seed2047_endtoend_lstm_h16 出现非有限训练损失
beijing_168h_6h_station1013_seed2047_endtoend_lstm_h32,beijing,168,6,1013,2047,lstm,32,lstm_h32,endtoend_spatial_lstm_h32,st_sparse_station_bias_delta_forecast,False,completed,30.0,1.2382858991622925,31.95050522299971,0.03947036599856801,valid,test,1,18,9.0,10096.0,10096.0,10096.0,predictions/beijing_168h_6h_station1013_seed2047_endtoend_lstm_h32.npz,checkpoints/beijing_168h_6h_station1013_seed2047_endtoend_lstm_h32.pt,training_logs/beijing_168h_6h_station1013_seed2047_endtoend_lstm_h32.csv,0.5886824131011963,0.7672564193939314,0.5511062741279602,57.03065872192383,40.96407699584961,56.16481399536133,0.10477233678102493,0.09264694193554741,0.6004993915557861,0.09313003718852997,0.07136040180921555,0.0,0.847244143486023,forecast,4678.0,5418.0,False,0.0,1e-06,True,True,,beijing_168h_6h_station1013_seed2047_endtoend_lstm_h32 出现非有限训练损失
beijing_168h_6h_station1013_seed2048_endtoend_gru_h8,beijing,168,6,1013,2048,gru,8,gru_h8,endtoend_spatial_gru_h8,st_sparse_station_bias_delta_forecast,False,completed,30.0,1.7395063638687134,36.45270056899972,0.05329573699964385,valid,test,1,18,9.0,5736.0,5736.0,5736.0,predictions/beijing_168h_6h_station1013_seed2048_endtoend_gru_h8.npz,checkpoints/beijing_168h_6h_station1013_seed2048_endtoend_gru_h8.pt,training_logs/beijing_168h_6h_station1013_seed2048_endtoend_gru_h8.csv,0.812336266040802,0.9012969910305937,0.6688676476478577,66.99398040771484,49.71735763549805,65.131591796875,0.10396683216094971,0.33397878305717205,0.6035411357879639,0.10870588570833206,0.06869281828403473,0.0,0.7412227988243103,forecast,318.0,5418.0,False,0.0,1e-06,True,True,,beijing_168h_6h_station1013_seed2048_endtoend_gru_h8 出现非有限训练损失
beijing_168h_6h_station1013_seed2048_endtoend_gru_h16,beijing,168,6,1013,2048,gru,16,gru_h16,endtoend_spatial_gru_h16,st_sparse_station_bias_delta_forecast,False,completed,30.0,1.8052500486373901,37.122318875999554,0.05333939099909912,valid,test,1,18,9.0,6432.0,6432.0,6432.0,predictions/beijing_168h_6h_station1013_seed2048_endtoend_gru_h16.npz,checkpoints/beijing_168h_6h_station1013_seed2048_endtoend_gru_h16.pt,training_logs/beijing_168h_6h_station1013_seed2048_endtoend_gru_h16.csv,0.8469110131263733,0.9202776826188785,0.6941633224487305,68.40482330322266,51.597599029541016,67.08868408203125,0.10462566465139389,0.24321465084404756,0.5787544846534729,0.24005086719989777,0.06704782694578171,0.0,0.8179133534431458,forecast,1014.0,5418.0,False,0.0,1e-06,True,True,,beijing_168h_6h_station1013_seed2048_endtoend_gru_h16 出现非有限训练损失
beijing_168h_6h_station1013_seed2048_endtoend_gru_h32,beijing,168,6,1013,2048,gru,32,gru_h32,endtoend_spatial_gru_h32,st_sparse_station_bias_delta_forecast,False,completed,30.0,1.059376835823059,39.11490720199981,0.05815400800020143,valid,test,1,18,9.0,8976.0,8976.0,8976.0,predictions/beijing_168h_6h_station1013_seed2048_endtoend_gru_h32.npz,checkpoints/beijing_168h_6h_station1013_seed2048_endtoend_gru_h32.pt,training_logs/beijing_168h_6h_station1013_seed2048_endtoend_gru_h32.csv,0.515798032283783,0.7181908049284556,0.5199823379516602,53.38357925415039,38.65061569213867,54.30712890625,0.10342691838741302,0.08288679816883956,0.5998438596725464,0.1748863160610199,0.07477548718452454,0.0,0.5432314276695251,forecast,3558.0,5418.0,False,0.0,1e-06,True,True,,beijing_168h_6h_station1013_seed2048_endtoend_gru_h32 出现非有限训练损失
beijing_168h_6h_station1013_seed2048_endtoend_gru_h64,beijing,168,6,1013,2048,gru,64,gru_h64,endtoend_spatial_gru_h64,st_sparse_station_bias_delta_forecast,False,completed,30.0,0.8218679428100586,49.33820528399883,0.06907767399934528,valid,test,1,18,9.0,18672.0,18672.0,18672.0,predictions/beijing_168h_6h_station1013_seed2048_endtoend_gru_h64.npz,checkpoints/beijing_168h_6h_station1013_seed2048_endtoend_gru_h64.pt,training_logs/beijing_168h_6h_station1013_seed2048_endtoend_gru_h64.csv,0.4456739127635956,0.6675881310835263,0.46726033091545105,49.62225341796875,34.731754302978516,50.14426803588867,0.10216423124074936,0.029322659572821846,0.6067978143692017,0.18436375260353088,0.07314199209213257,0.0,0.42737361788749695,forecast,13254.0,5418.0,False,0.0,1e-06,True,True,,beijing_168h_6h_station1013_seed2048_endtoend_gru_h64 出现非有限训练损失
beijing_168h_6h_station1013_seed2048_endtoend_lstm_h16,beijing,168,6,1013,2048,lstm,16,lstm_h16,endtoend_spatial_lstm_h16,st_sparse_station_bias_delta_forecast,False,completed,30.0,1.7988088130950928,30.683624925000913,0.035999811998408404,valid,test,1,18,9.0,6736.0,6736.0,6736.0,predictions/beijing_168h_6h_station1013_seed2048_endtoend_lstm_h16.npz,checkpoints/beijing_168h_6h_station1013_seed2048_endtoend_lstm_h16.pt,training_logs/beijing_168h_6h_station1013_seed2048_endtoend_lstm_h16.csv,0.8331755995750427,0.912784530749203,0.680648922920227,67.84785461425781,50.59306716918945,66.12247467041016,0.10370974242687225,0.3408562514756244,0.601812481880188,0.0751582458615303,0.06053466349840164,0.0,0.6537833213806152,forecast,1318.0,5418.0,False,0.0,1e-06,True,True,,beijing_168h_6h_station1013_seed2048_endtoend_lstm_h16 出现非有限训练损失
beijing_168h_6h_station1013_seed2048_endtoend_lstm_h32,beijing,168,6,1013,2048,lstm,32,lstm_h32,endtoend_spatial_lstm_h32,st_sparse_station_bias_delta_forecast,False,completed,30.0,1.1755149364471436,31.961213814000075,0.039501142000517575,valid,test,1,18,9.0,10096.0,10096.0,10096.0,predictions/beijing_168h_6h_station1013_seed2048_endtoend_lstm_h32.npz,checkpoints/beijing_168h_6h_station1013_seed2048_endtoend_lstm_h32.pt,training_logs/beijing_168h_6h_station1013_seed2048_endtoend_lstm_h32.csv,0.5657297968864441,0.7521501159253012,0.5461424589157104,55.90779495239258,40.59511947631836,56.02964782714844,0.10337205976247787,0.07223884278677535,0.594164252281189,0.22054898738861084,0.07341337949037552,0.0,0.5897395610809326,forecast,4678.0,5418.0,False,0.0,1e-06,True,True,,beijing_168h_6h_station1013_seed2048_endtoend_lstm_h32 出现非有限训练损失
beijing_168h_6h_station1013_seed2049_endtoend_gru_h8,beijing,168,6,1013,2049,gru,8,gru_h8,endtoend_spatial_gru_h8,st_sparse_station_bias_delta_forecast,False,completed,30.0,1.9195497035980225,36.465815334999206,0.05292989900044631,valid,test,1,18,9.0,5736.0,5736.0,5736.0,predictions/beijing_168h_6h_station1013_seed2049_endtoend_gru_h8.npz,checkpoints/beijing_168h_6h_station1013_seed2049_endtoend_gru_h8.pt,training_logs/beijing_168h_6h_station1013_seed2049_endtoend_gru_h8.csv,0.9082556366920471,0.9530244680447859,0.7170750498771667,70.83892059326172,53.3006477355957,68.88188934326172,0.1036502942442894,0.3820759034786261,0.6141136288642883,0.11738698184490204,0.07275868952274323,0.0,0.5782318115234375,forecast,318.0,5418.0,False,0.0,1e-06,True,True,,beijing_168h_6h_station1013_seed2049_endtoend_gru_h8 出现非有限训练损失
beijing_168h_6h_station1013_seed2049_endtoend_gru_h16,beijing,168,6,1013,2049,gru,16,gru_h16,endtoend_spatial_gru_h16,st_sparse_station_bias_delta_forecast,False,completed,30.0,1.6835076808929443,37.17884245099958,0.05333496200000809,valid,test,1,18,9.0,6432.0,6432.0,6432.0,predictions/beijing_168h_6h_station1013_seed2049_endtoend_gru_h16.npz,checkpoints/beijing_168h_6h_station1013_seed2049_endtoend_gru_h16.pt,training_logs/beijing_168h_6h_station1013_seed2049_endtoend_gru_h16.csv,0.7983332276344299,0.8934949510962162,0.6816914081573486,66.41404724121094,50.670555114746094,66.13801574707031,0.1037348136305809,0.28764534382981305,0.6028282046318054,0.2258114218711853,0.06722915172576904,0.0,0.553229033946991,forecast,1014.0,5418.0,False,0.0,1e-06,True,True,,beijing_168h_6h_station1013_seed2049_endtoend_gru_h16 出现非有限训练损失
beijing_168h_6h_station1013_seed2049_endtoend_gru_h32,beijing,168,6,1013,2049,gru,32,gru_h32,endtoend_spatial_gru_h32,st_sparse_station_bias_delta_forecast,False,completed,30.0,1.0639175176620483,39.15264296600071,0.05807637900034024,valid,test,1,18,9.0,8976.0,8976.0,8976.0,predictions/beijing_168h_6h_station1013_seed2049_endtoend_gru_h32.npz,checkpoints/beijing_168h_6h_station1013_seed2049_endtoend_gru_h32.pt,training_logs/beijing_168h_6h_station1013_seed2049_endtoend_gru_h32.csv,0.5281406044960022,0.7267328288277627,0.5235521197319031,54.01851272583008,38.91596221923828,54.5207633972168,0.10392100363969803,0.06936579737862467,0.608077347278595,0.18646188080310822,0.05889306962490082,0.0,0.5777201652526855,forecast,3558.0,5418.0,False,0.0,1e-06,True,True,,beijing_168h_6h_station1013_seed2049_endtoend_gru_h32 出现非有限训练损失
beijing_168h_6h_station1013_seed2049_endtoend_gru_h64,beijing,168,6,1013,2049,gru,64,gru_h64,endtoend_spatial_gru_h64,st_sparse_station_bias_delta_forecast,False,completed,30.0,0.8162230253219604,49.318063330998484,0.06921663100001751,valid,test,1,18,9.0,18672.0,18672.0,18672.0,predictions/beijing_168h_6h_station1013_seed2049_endtoend_gru_h64.npz,checkpoints/beijing_168h_6h_station1013_seed2049_endtoend_gru_h64.pt,training_logs/beijing_168h_6h_station1013_seed2049_endtoend_gru_h64.csv,0.4399562180042267,0.6632919553290442,0.4628722369670868,49.30290985107422,34.40558624267578,49.7435417175293,0.10144813358783722,0.014314551857004624,0.6166179180145264,0.1840059608221054,0.0640416219830513,0.0,0.3420814275741577,forecast,13254.0,5418.0,False,0.0,1e-06,True,True,,beijing_168h_6h_station1013_seed2049_endtoend_gru_h64 出现非有限训练损失
beijing_168h_6h_station1013_seed2049_endtoend_lstm_h16,beijing,168,6,1013,2049,lstm,16,lstm_h16,endtoend_spatial_lstm_h16,st_sparse_station_bias_delta_forecast,False,completed,30.0,1.45524263381958,30.685689927000567,0.03567604999989271,valid,test,1,18,9.0,6736.0,6736.0,6736.0,predictions/beijing_168h_6h_station1013_seed2049_endtoend_lstm_h16.npz,checkpoints/beijing_168h_6h_station1013_seed2049_endtoend_lstm_h16.pt,training_logs/beijing_168h_6h_station1013_seed2049_endtoend_lstm_h16.csv,0.6857175230979919,0.8280806259646412,0.6219531893730164,61.5517578125,46.23017501831055,61.937034606933594,0.10362318158149719,0.17513295294223388,0.6145374774932861,0.17079365253448486,0.07261718809604645,0.0,0.513700008392334,forecast,1318.0,5418.0,False,0.0,1e-06,True,True,,beijing_168h_6h_station1013_seed2049_endtoend_lstm_h16 出现非有限训练损失
beijing_168h_6h_station1013_seed2049_endtoend_lstm_h32,beijing,168,6,1013,2049,lstm,32,lstm_h32,endtoend_spatial_lstm_h32,st_sparse_station_bias_delta_forecast,False,completed,30.0,1.1269644498825073,31.98356398500073,0.03946961700057727,valid,test,1,18,9.0,10096.0,10096.0,10096.0,predictions/beijing_168h_6h_station1013_seed2049_endtoend_lstm_h32.npz,checkpoints/beijing_168h_6h_station1013_seed2049_endtoend_lstm_h32.pt,training_logs/beijing_168h_6h_station1013_seed2049_endtoend_lstm_h32.csv,0.5614107847213745,0.7492735046172222,0.5470125675201416,55.69397735595703,40.659793853759766,56.292755126953125,0.10403557121753693,0.07952048885548266,0.6178321242332458,0.13933376967906952,0.053656887263059616,0.0,0.5468409061431885,forecast,4678.0,5418.0,False,0.0,1e-06,True,True,,beijing_168h_6h_station1013_seed2049_endtoend_lstm_h32 出现非有限训练损失
beijing_168h_6h_station1013_seed2050_endtoend_gru_h8,beijing,168,6,1013,2050,gru,8,gru_h8,endtoend_spatial_gru_h8,st_sparse_station_bias_delta_forecast,False,completed,30.0,1.8662558794021606,36.489838969999255,0.05305253900041862,valid,test,1,18,9.0,5736.0,5736.0,5736.0,predictions/beijing_168h_6h_station1013_seed2050_endtoend_gru_h8.npz,checkpoints/beijing_168h_6h_station1013_seed2050_endtoend_gru_h8.pt,training_logs/beijing_168h_6h_station1013_seed2050_endtoend_gru_h8.csv,0.8820460438728333,0.9391730638560889,0.710432231426239,69.809326171875,52.806884765625,67.9315185546875,0.1040799543261528,0.354086188752459,0.6155444383621216,0.11855744570493698,0.07010838389396667,0.0,0.6587551236152649,forecast,318.0,5418.0,False,0.0,1e-06,True,True,,beijing_168h_6h_station1013_seed2050_endtoend_gru_h8 出现非有限训练损失
beijing_168h_6h_station1013_seed2050_endtoend_gru_h16,beijing,168,6,1013,2050,gru,16,gru_h16,endtoend_spatial_gru_h16,st_sparse_station_bias_delta_forecast,False,completed,30.0,1.5659862756729126,37.19237735200113,0.05328389400165179,valid,test,1,18,9.0,6432.0,6432.0,6432.0,predictions/beijing_168h_6h_station1013_seed2050_endtoend_gru_h16.npz,checkpoints/beijing_168h_6h_station1013_seed2050_endtoend_gru_h16.pt,training_logs/beijing_168h_6h_station1013_seed2050_endtoend_gru_h16.csv,0.737862765789032,0.8589893863075562,0.6433525681495667,63.84922790527344,47.82080841064453,63.43186950683594,0.10401463508605957,0.21563337176963754,0.5979940295219421,0.2077414095401764,0.06747657060623169,0.0,0.6706318259239197,forecast,1014.0,5418.0,False,0.0,1e-06,True,True,,beijing_168h_6h_station1013_seed2050_endtoend_gru_h16 出现非有限训练损失
beijing_168h_6h_station1013_seed2050_endtoend_gru_h32,beijing,168,6,1013,2050,gru,32,gru_h32,endtoend_spatial_gru_h32,st_sparse_station_bias_delta_forecast,False,completed,30.0,1.2365490198135376,39.18709568700069,0.057839693001369596,valid,test,1,18,9.0,8976.0,8976.0,8976.0,predictions/beijing_168h_6h_station1013_seed2050_endtoend_gru_h32.npz,checkpoints/beijing_168h_6h_station1013_seed2050_endtoend_gru_h32.pt,training_logs/beijing_168h_6h_station1013_seed2050_endtoend_gru_h32.csv,0.5921752452850342,0.7695292361470317,0.5644497871398926,57.1995964050293,41.95591354370117,57.66533660888672,0.10369789600372314,0.06672820630298439,0.5879567265510559,0.2692735493183136,0.0693843737244606,0.0,0.543927013874054,forecast,3558.0,5418.0,False,0.0,1e-06,True,True,,beijing_168h_6h_station1013_seed2050_endtoend_gru_h32 出现非有限训练损失
beijing_168h_6h_station1013_seed2050_endtoend_gru_h64,beijing,168,6,1013,2050,gru,64,gru_h64,endtoend_spatial_gru_h64,st_sparse_station_bias_delta_forecast,False,completed,30.0,0.8175422549247742,49.39154184400104,0.069434769999134,valid,test,1,18,9.0,18672.0,18672.0,18672.0,predictions/beijing_168h_6h_station1013_seed2050_endtoend_gru_h64.npz,checkpoints/beijing_168h_6h_station1013_seed2050_endtoend_gru_h64.pt,training_logs/beijing_168h_6h_station1013_seed2050_endtoend_gru_h64.csv,0.4384250342845917,0.6621367187255149,0.4633892774581909,49.217041015625,34.44401931762695,49.79612731933594,0.10438267141580582,0.06521534425178548,0.5896127820014954,0.22444094717502594,0.06389901787042618,0.0,0.6314370036125183,forecast,13254.0,5418.0,False,0.0,1e-06,True,True,,beijing_168h_6h_station1013_seed2050_endtoend_gru_h64 出现非有限训练损失
beijing_168h_6h_station1013_seed2050_endtoend_lstm_h16,beijing,168,6,1013,2050,lstm,16,lstm_h16,endtoend_spatial_lstm_h16,st_sparse_station_bias_delta_forecast,False,completed,30.0,1.796802282333374,30.71799039600046,0.03569539999989502,valid,test,1,18,9.0,6736.0,6736.0,6736.0,predictions/beijing_168h_6h_station1013_seed2050_endtoend_lstm_h16.npz,checkpoints/beijing_168h_6h_station1013_seed2050_endtoend_lstm_h16.pt,training_logs/beijing_168h_6h_station1013_seed2050_endtoend_lstm_h16.csv,0.827341616153717,0.9095832101318257,0.6743443608283997,67.60989379882812,50.124446868896484,65.588134765625,0.10408040881156921,0.3167834206140533,0.5857031941413879,0.2507220208644867,0.06857520341873169,0.0,0.7164739370346069,forecast,1318.0,5418.0,False,0.0,1e-06,True,True,,beijing_168h_6h_station1013_seed2050_endtoend_lstm_h16 出现非有限训练损失
beijing_168h_6h_station1013_seed2050_endtoend_lstm_h32,beijing,168,6,1013,2050,lstm,32,lstm_h32,endtoend_spatial_lstm_h32,st_sparse_station_bias_delta_forecast,False,completed,30.0,1.1095012426376343,32.00147761399967,0.03934385700085841,valid,test,1,18,9.0,10096.0,10096.0,10096.0,predictions/beijing_168h_6h_station1013_seed2050_endtoend_lstm_h32.npz,checkpoints/beijing_168h_6h_station1013_seed2050_endtoend_lstm_h32.pt,training_logs/beijing_168h_6h_station1013_seed2050_endtoend_lstm_h32.csv,0.5392788052558899,0.7343560480147827,0.5276641845703125,54.585147857666016,39.22161102294922,54.60186767578125,0.10379262268543243,0.10357626897357168,0.5967080593109131,0.2410329431295395,0.07060360163450241,0.0,0.5807493329048157,forecast,4678.0,5418.0,False,0.0,1e-06,True,True,,beijing_168h_6h_station1013_seed2050_endtoend_lstm_h32 出现非有限训练损失
beijing_168h_6h_station1013_seed2051_endtoend_gru_h8,beijing,168,6,1013,2051,gru,8,gru_h8,endtoend_spatial_gru_h8,st_sparse_station_bias_delta_forecast,False,completed,30.0,2.0207276344299316,36.51674013199954,0.053122975999940536,valid,test,1,18,9.0,5736.0,5736.0,5736.0,predictions/beijing_168h_6h_station1013_seed2051_endtoend_gru_h8.npz,checkpoints/beijing_168h_6h_station1013_seed2051_endtoend_gru_h8.pt,training_logs/beijing_168h_6h_station1013_seed2051_endtoend_gru_h8.csv,0.9472063183784485,0.9732452508892342,0.7273824214935303,72.34193420410156,54.06679153442383,69.42039489746094,0.10396385192871094,0.44099165911672494,0.6134403944015503,0.16562294960021973,0.0727008804678917,0.0,0.6586236953735352,forecast,318.0,5418.0,False,0.0,1e-06,True,True,,beijing_168h_6h_station1013_seed2051_endtoend_gru_h8 出现非有限训练损失
beijing_168h_6h_station1013_seed2051_endtoend_gru_h16,beijing,168,6,1013,2051,gru,16,gru_h16,endtoend_spatial_gru_h16,st_sparse_station_bias_delta_forecast,False,completed,30.0,1.6446772813796997,37.18187950100037,0.0533702020002238,valid,test,1,18,9.0,6432.0,6432.0,6432.0,predictions/beijing_168h_6h_station1013_seed2051_endtoend_gru_h16.npz,checkpoints/beijing_168h_6h_station1013_seed2051_endtoend_gru_h16.pt,training_logs/beijing_168h_6h_station1013_seed2051_endtoend_gru_h16.csv,0.7815518379211426,0.8840542053070856,0.6662081480026245,65.71231079101562,49.51968002319336,65.13245391845703,0.10404067486524582,0.2289052064610618,0.610113263130188,0.20557531714439392,0.05429734289646149,0.0,0.5850837826728821,forecast,1014.0,5418.0,False,0.0,1e-06,True,True,,beijing_168h_6h_station1013_seed2051_endtoend_gru_h16 出现非有限训练损失
beijing_168h_6h_station1013_seed2051_endtoend_gru_h32,beijing,168,6,1013,2051,gru,32,gru_h32,endtoend_spatial_gru_h32,st_sparse_station_bias_delta_forecast,False,completed,30.0,1.1000251770019531,39.15924103500038,0.05757384400021692,valid,test,1,18,9.0,8976.0,8976.0,8976.0,predictions/beijing_168h_6h_station1013_seed2051_endtoend_gru_h32.npz,checkpoints/beijing_168h_6h_station1013_seed2051_endtoend_gru_h32.pt,training_logs/beijing_168h_6h_station1013_seed2051_endtoend_gru_h32.csv,0.5424370169639587,0.7365032362209678,0.5364234447479248,54.744754791259766,39.87269592285156,55.50748825073242,0.10326732695102692,0.0864225249900875,0.6108354330062866,0.20298121869564056,0.06453286111354828,0.0,0.5144994854927063,forecast,3558.0,5418.0,False,0.0,1e-06,True,True,,beijing_168h_6h_station1013_seed2051_endtoend_gru_h32 出现非有限训练损失
beijing_168h_6h_station1013_seed2051_endtoend_gru_h64,beijing,168,6,1013,2051,gru,64,gru_h64,endtoend_spatial_gru_h64,st_sparse_station_bias_delta_forecast,False,completed,30.0,0.7859841585159302,49.39868873799969,0.06917542900009721,valid,test,1,18,9.0,18672.0,18672.0,18672.0,predictions/beijing_168h_6h_station1013_seed2051_endtoend_gru_h64.npz,checkpoints/beijing_168h_6h_station1013_seed2051_endtoend_gru_h64.pt,training_logs/beijing_168h_6h_station1013_seed2051_endtoend_gru_h64.csv,0.42850151658058167,0.6546002723651906,0.4553482234477997,48.656856536865234,33.84632110595703,49.17366027832031,0.10431767255067825,0.05930333955623083,0.5911039113998413,0.22455105185508728,0.06182755529880524,0.0,0.6679745316505432,forecast,13254.0,5418.0,False,0.0,1e-06,True,True,,beijing_168h_6h_station1013_seed2051_endtoend_gru_h64 出现非有限训练损失
beijing_168h_6h_station1013_seed2051_endtoend_lstm_h16,beijing,168,6,1013,2051,lstm,16,lstm_h16,endtoend_spatial_lstm_h16,st_sparse_station_bias_delta_forecast,False,completed,30.0,1.6361855268478394,30.72482834499897,0.0358063530002255,valid,test,1,18,9.0,6736.0,6736.0,6736.0,predictions/beijing_168h_6h_station1013_seed2051_endtoend_lstm_h16.npz,checkpoints/beijing_168h_6h_station1013_seed2051_endtoend_lstm_h16.pt,training_logs/beijing_168h_6h_station1013_seed2051_endtoend_lstm_h16.csv,0.7504226565361023,0.8662693902800112,0.6315662264823914,64.3903579711914,46.94472122192383,62.107421875,0.10447622090578079,0.21393207798083072,0.6154122352600098,0.1601065844297409,0.056494660675525665,0.0,0.683621883392334,forecast,1318.0,5418.0,False,0.0,1e-06,True,True,,beijing_168h_6h_station1013_seed2051_endtoend_lstm_h16 出现非有限训练损失
beijing_168h_6h_station1013_seed2051_endtoend_lstm_h32,beijing,168,6,1013,2051,lstm,32,lstm_h32,endtoend_spatial_lstm_h32,st_sparse_station_bias_delta_forecast,False,completed,30.0,1.2709085941314697,32.00482572800138,0.03945731000021624,valid,test,1,18,9.0,10096.0,10096.0,10096.0,predictions/beijing_168h_6h_station1013_seed2051_endtoend_lstm_h32.npz,checkpoints/beijing_168h_6h_station1013_seed2051_endtoend_lstm_h32.pt,training_logs/beijing_168h_6h_station1013_seed2051_endtoend_lstm_h32.csv,0.6026173830032349,0.7762843441698634,0.5651757121086121,57.70170593261719,42.00987243652344,57.41914367675781,0.10383200645446777,0.09061217754889747,0.615581750869751,0.17166979610919952,0.055397335439920425,0.0,0.6264535188674927,forecast,4678.0,5418.0,False,0.0,1e-06,True,True,,beijing_168h_6h_station1013_seed2051_endtoend_lstm_h32 出现非有限训练损失
beijing_168h_12h_station1013_seed2047_endtoend_gru_h8,beijing,168,12,1013,2047,gru,8,gru_h8,endtoend_spatial_gru_h8,st_sparse_station_bias_delta_forecast,False,completed,8.0,2.004392147064209,17.055211265998878,0.060856748999867705,valid,test,1,18,9.0,6786.0,6786.0,6786.0,predictions/beijing_168h_12h_station1013_seed2047_endtoend_gru_h8.npz,checkpoints/beijing_168h_12h_station1013_seed2047_endtoend_gru_h8.pt,training_logs/beijing_168h_12h_station1013_seed2047_endtoend_gru_h8.csv,0.9541572332382202,0.9768097221251538,0.7453414797782898,72.61576843261719,55.408477783203125,70.00846099853516,0.10015448927879333,0.011691417133159151,0.6172371506690979,0.1452188938856125,0.06927847862243652,0.0,0.08106646686792374,forecast,372.0,6414.0,False,0.0,1e-06,True,True,,beijing_168h_12h_station1013_seed2047_endtoend_gru_h8 出现非有限训练损失
beijing_168h_12h_station1013_seed2047_endtoend_gru_h16,beijing,168,12,1013,2047,gru,16,gru_h16,endtoend_spatial_gru_h16,st_sparse_station_bias_delta_forecast,False,completed,30.0,1.792764663696289,37.13906822699937,0.05354584300039278,valid,test,1,18,9.0,7530.0,7530.0,7530.0,predictions/beijing_168h_12h_station1013_seed2047_endtoend_gru_h16.npz,checkpoints/beijing_168h_12h_station1013_seed2047_endtoend_gru_h16.pt,training_logs/beijing_168h_12h_station1013_seed2047_endtoend_gru_h16.csv,0.84410160779953,0.9187500246528051,0.6885602474212646,68.29962158203125,51.1873779296875,66.56938171386719,0.1046266034245491,0.2448730197184889,0.5955958366394043,0.09856223315000534,0.07535125315189362,0.0,1.093902587890625,forecast,1116.0,6414.0,False,0.0,1e-06,True,True,,beijing_168h_12h_station1013_seed2047_endtoend_gru_h16 出现非有限训练损失
beijing_168h_12h_station1013_seed2047_endtoend_gru_h32,beijing,168,12,1013,2047,gru,32,gru_h32,endtoend_spatial_gru_h32,st_sparse_station_bias_delta_forecast,False,completed,30.0,1.3183205127716064,39.10230611800034,0.05816546099958941,valid,test,1,18,9.0,10170.0,10170.0,10170.0,predictions/beijing_168h_12h_station1013_seed2047_endtoend_gru_h32.npz,checkpoints/beijing_168h_12h_station1013_seed2047_endtoend_gru_h32.pt,training_logs/beijing_168h_12h_station1013_seed2047_endtoend_gru_h32.csv,0.6480108499526978,0.8049912111027658,0.589941680431366,59.84282302856445,43.856101989746094,59.35307693481445,0.10465893894433975,0.08648546699965216,0.6001675724983215,0.09582804143428802,0.07214787602424622,0.0,1.1219757795333862,forecast,3756.0,6414.0,False,0.0,1e-06,True,True,,beijing_168h_12h_station1013_seed2047_endtoend_gru_h32 出现非有限训练损失
beijing_168h_12h_station1013_seed2047_endtoend_gru_h64,beijing,168,12,1013,2047,gru,64,gru_h64,endtoend_spatial_gru_h64,st_sparse_station_bias_delta_forecast,False,completed,30.0,1.0397611856460571,49.303097127,0.0689488429998164,valid,test,1,18,9.0,20058.0,20058.0,20058.0,predictions/beijing_168h_12h_station1013_seed2047_endtoend_gru_h64.npz,checkpoints/beijing_168h_12h_station1013_seed2047_endtoend_gru_h64.pt,training_logs/beijing_168h_12h_station1013_seed2047_endtoend_gru_h64.csv,0.5541836023330688,0.7444350894020706,0.5266073346138,55.341094970703125,39.14784240722656,54.105018615722656,0.10405540466308594,0.05061156522919671,0.6011984348297119,0.1085335910320282,0.07288496941328049,0.0,0.9662652611732483,forecast,13644.0,6414.0,False,0.0,1e-06,True,True,,beijing_168h_12h_station1013_seed2047_endtoend_gru_h64 出现非有限训练损失
beijing_168h_12h_station1013_seed2047_endtoend_lstm_h16,beijing,168,12,1013,2047,lstm,16,lstm_h16,endtoend_spatial_lstm_h16,st_sparse_station_bias_delta_forecast,False,completed,30.0,1.7067444324493408,30.690600522999375,0.036077976001251955,valid,test,1,18,9.0,7834.0,7834.0,7834.0,predictions/beijing_168h_12h_station1013_seed2047_endtoend_lstm_h16.npz,checkpoints/beijing_168h_12h_station1013_seed2047_endtoend_lstm_h16.pt,training_logs/beijing_168h_12h_station1013_seed2047_endtoend_lstm_h16.csv,0.7950575947761536,0.8916600219681006,0.6619407534599304,66.28575897216797,49.208492279052734,64.70528411865234,0.10412292927503586,0.2433336637533642,0.6129603385925293,0.11330142617225647,0.06352630257606506,0.0,0.9340713024139404,forecast,1420.0,6414.0,False,0.0,1e-06,True,True,,beijing_168h_12h_station1013_seed2047_endtoend_lstm_h16 出现非有限训练损失
beijing_168h_12h_station1013_seed2047_endtoend_lstm_h32,beijing,168,12,1013,2047,lstm,32,lstm_h32,endtoend_spatial_lstm_h32,st_sparse_station_bias_delta_forecast,False,completed,30.0,1.3452426195144653,31.954240532999393,0.03958681400035857,valid,test,1,18,9.0,11290.0,11290.0,11290.0,predictions/beijing_168h_12h_station1013_seed2047_endtoend_lstm_h32.npz,checkpoints/beijing_168h_12h_station1013_seed2047_endtoend_lstm_h32.pt,training_logs/beijing_168h_12h_station1013_seed2047_endtoend_lstm_h32.csv,0.6582581400871277,0.8113310915323828,0.5980210304260254,60.31413269042969,44.45671463012695,59.95637893676758,0.10435058176517487,0.10330523881286938,0.6060875654220581,0.09188574552536011,0.06880845874547958,0.0,0.9885621666908264,forecast,4876.0,6414.0,False,0.0,1e-06,True,True,,beijing_168h_12h_station1013_seed2047_endtoend_lstm_h32 出现非有限训练损失
beijing_168h_12h_station1013_seed2048_endtoend_gru_h8,beijing,168,12,1013,2048,gru,8,gru_h8,endtoend_spatial_gru_h8,st_sparse_station_bias_delta_forecast,False,completed,30.0,1.8778815269470215,36.4760903009992,0.05337536000115506,valid,test,1,18,9.0,6786.0,6786.0,6786.0,predictions/beijing_168h_12h_station1013_seed2048_endtoend_gru_h8.npz,checkpoints/beijing_168h_12h_station1013_seed2048_endtoend_gru_h8.pt,training_logs/beijing_168h_12h_station1013_seed2048_endtoend_gru_h8.csv,0.8845011591911316,0.9404792178411662,0.7059099674224854,69.91496276855469,52.47715377807617,67.71778106689453,0.10421666502952576,0.29437520371769155,0.6036637425422668,0.12135807424783707,0.07133398950099945,0.0,1.046071171760559,forecast,372.0,6414.0,False,0.0,1e-06,True,True,,beijing_168h_12h_station1013_seed2048_endtoend_gru_h8 出现非有限训练损失
beijing_168h_12h_station1013_seed2048_endtoend_gru_h16,beijing,168,12,1013,2048,gru,16,gru_h16,endtoend_spatial_gru_h16,st_sparse_station_bias_delta_forecast,False,completed,30.0,1.6083699464797974,37.17057082899919,0.05344893999972555,valid,test,1,18,9.0,7530.0,7530.0,7530.0,predictions/beijing_168h_12h_station1013_seed2048_endtoend_gru_h16.npz,checkpoints/beijing_168h_12h_station1013_seed2048_endtoend_gru_h16.pt,training_logs/beijing_168h_12h_station1013_seed2048_endtoend_gru_h16.csv,0.7662654519081116,0.875365896016124,0.6533215641975403,65.074462890625,48.56774139404297,64.13065338134766,0.10389085114002228,0.2445779024257572,0.6016033291816711,0.10345812141895294,0.06812186539173126,0.0,0.9953905940055847,forecast,1116.0,6414.0,False,0.0,1e-06,True,True,,beijing_168h_12h_station1013_seed2048_endtoend_gru_h16 出现非有限训练损失
beijing_168h_12h_station1013_seed2048_endtoend_gru_h32,beijing,168,12,1013,2048,gru,32,gru_h32,endtoend_spatial_gru_h32,st_sparse_station_bias_delta_forecast,False,completed,30.0,1.395430564880371,39.13031859399962,0.058124275999944075,valid,test,1,18,9.0,10170.0,10170.0,10170.0,predictions/beijing_168h_12h_station1013_seed2048_endtoend_gru_h32.npz,checkpoints/beijing_168h_12h_station1013_seed2048_endtoend_gru_h32.pt,training_logs/beijing_168h_12h_station1013_seed2048_endtoend_gru_h32.csv,0.6719186902046204,0.8197064658794759,0.6053653955459595,60.93675231933594,45.00270080566406,60.58340072631836,0.1037379577755928,0.10113532036115702,0.5957147479057312,0.19526620209217072,0.07477548718452454,0.0,0.7692564725875854,forecast,3756.0,6414.0,False,0.0,1e-06,True,True,,beijing_168h_12h_station1013_seed2048_endtoend_gru_h32 出现非有限训练损失
beijing_168h_12h_station1013_seed2048_endtoend_gru_h64,beijing,168,12,1013,2048,gru,64,gru_h64,endtoend_spatial_gru_h64,st_sparse_station_bias_delta_forecast,False,completed,30.0,1.079891324043274,49.3709582850006,0.06913972600159468,valid,test,1,18,9.0,20058.0,20058.0,20058.0,predictions/beijing_168h_12h_station1013_seed2048_endtoend_gru_h64.npz,checkpoints/beijing_168h_12h_station1013_seed2048_endtoend_gru_h64.pt,training_logs/beijing_168h_12h_station1013_seed2048_endtoend_gru_h64.csv,0.569867730140686,0.7548958405903996,0.5413281321525574,56.11874771118164,40.242183685302734,55.5218505859375,0.10223855823278427,0.04648258123104993,0.603469967842102,0.1953355073928833,0.07240530848503113,0.0,0.6435173749923706,forecast,13644.0,6414.0,False,0.0,1e-06,True,True,,beijing_168h_12h_station1013_seed2048_endtoend_gru_h64 出现非有限训练损失
beijing_168h_12h_station1013_seed2048_endtoend_lstm_h16,beijing,168,12,1013,2048,lstm,16,lstm_h16,endtoend_spatial_lstm_h16,st_sparse_station_bias_delta_forecast,False,completed,30.0,1.850329041481018,30.737062726999284,0.03576194699962798,valid,test,1,18,9.0,7834.0,7834.0,7834.0,predictions/beijing_168h_12h_station1013_seed2048_endtoend_lstm_h16.npz,checkpoints/beijing_168h_12h_station1013_seed2048_endtoend_lstm_h16.pt,training_logs/beijing_168h_12h_station1013_seed2048_endtoend_lstm_h16.csv,0.8539571762084961,0.9240980338732986,0.6750407218933105,68.69718933105469,50.18233871459961,65.6375503540039,0.10431621968746185,0.26145660122000547,0.6000659465789795,0.09291425347328186,0.06713298708200455,0.0,0.9235027432441711,forecast,1420.0,6414.0,False,0.0,1e-06,True,True,,beijing_168h_12h_station1013_seed2048_endtoend_lstm_h16 出现非有限训练损失
beijing_168h_12h_station1013_seed2048_endtoend_lstm_h32,beijing,168,12,1013,2048,lstm,32,lstm_h32,endtoend_spatial_lstm_h32,st_sparse_station_bias_delta_forecast,False,completed,30.0,1.4208180904388428,32.030194880000636,0.03959076200044365,valid,test,1,18,9.0,11290.0,11290.0,11290.0,predictions/beijing_168h_12h_station1013_seed2048_endtoend_lstm_h32.npz,checkpoints/beijing_168h_12h_station1013_seed2048_endtoend_lstm_h32.pt,training_logs/beijing_168h_12h_station1013_seed2048_endtoend_lstm_h32.csv,0.6867545247077942,0.8287065371455653,0.6162703037261963,61.60581588745117,45.81336212158203,61.26227569580078,0.10331235826015472,0.10488180570862644,0.5975044369697571,0.20138615369796753,0.07374104112386703,0.0,0.8227934241294861,forecast,4876.0,6414.0,False,0.0,1e-06,True,True,,beijing_168h_12h_station1013_seed2048_endtoend_lstm_h32 出现非有限训练损失
beijing_168h_12h_station1013_seed2049_endtoend_gru_h8,beijing,168,12,1013,2049,gru,8,gru_h8,endtoend_spatial_gru_h8,st_sparse_station_bias_delta_forecast,False,completed,30.0,2.102529764175415,36.48376339099923,0.05335695800022222,valid,test,1,18,9.0,6786.0,6786.0,6786.0,predictions/beijing_168h_12h_station1013_seed2049_endtoend_gru_h8.npz,checkpoints/beijing_168h_12h_station1013_seed2049_endtoend_gru_h8.pt,training_logs/beijing_168h_12h_station1013_seed2049_endtoend_gru_h8.csv,0.9913536906242371,0.9956674598600865,0.7444694638252258,74.01763916015625,55.343658447265625,70.86251068115234,0.10381320118904114,0.37110769076187483,0.6147976517677307,0.1304493397474289,0.07308285683393478,0.0,0.7752124667167664,forecast,372.0,6414.0,False,0.0,1e-06,True,True,,beijing_168h_12h_station1013_seed2049_endtoend_gru_h8 出现非有限训练损失
beijing_168h_12h_station1013_seed2049_endtoend_gru_h16,beijing,168,12,1013,2049,gru,16,gru_h16,endtoend_spatial_gru_h16,st_sparse_station_bias_delta_forecast,False,completed,30.0,1.641303300857544,37.17819135699938,0.05358772500039777,valid,test,1,18,9.0,7530.0,7530.0,7530.0,predictions/beijing_168h_12h_station1013_seed2049_endtoend_gru_h16.npz,checkpoints/beijing_168h_12h_station1013_seed2049_endtoend_gru_h16.pt,training_logs/beijing_168h_12h_station1013_seed2049_endtoend_gru_h16.csv,0.7829232215881348,0.8848294872957924,0.6577431559562683,65.7779769897461,48.89644241333008,64.4464340209961,0.10354964435100555,0.23767098434421718,0.6150611639022827,0.14833392202854156,0.0726981833577156,0.0,0.7603783011436462,forecast,1116.0,6414.0,False,0.0,1e-06,True,True,,beijing_168h_12h_station1013_seed2049_endtoend_gru_h16 出现非有限训练损失
beijing_168h_12h_station1013_seed2049_endtoend_gru_h32,beijing,168,12,1013,2049,gru,32,gru_h32,endtoend_spatial_gru_h32,st_sparse_station_bias_delta_forecast,False,completed,30.0,1.2699673175811768,39.139153446998534,0.057854625998515985,valid,test,1,18,9.0,10170.0,10170.0,10170.0,predictions/beijing_168h_12h_station1013_seed2049_endtoend_gru_h32.npz,checkpoints/beijing_168h_12h_station1013_seed2049_endtoend_gru_h32.pt,training_logs/beijing_168h_12h_station1013_seed2049_endtoend_gru_h32.csv,0.6342092156410217,0.7963725357149264,0.5812265276908875,59.20211410522461,43.20821762084961,58.49961471557617,0.10334932804107666,0.09455518423651588,0.6064305901527405,0.2091836929321289,0.06371808052062988,0.0,0.717705488204956,forecast,3756.0,6414.0,False,0.0,1e-06,True,True,,beijing_168h_12h_station1013_seed2049_endtoend_gru_h32 出现非有限训练损失
beijing_168h_12h_station1013_seed2049_endtoend_gru_h64,beijing,168,12,1013,2049,gru,64,gru_h64,endtoend_spatial_gru_h64,st_sparse_station_bias_delta_forecast,False,completed,30.0,1.0644384622573853,49.35823429800075,0.06924178199915332,valid,test,1,18,9.0,20058.0,20058.0,20058.0,predictions/beijing_168h_12h_station1013_seed2049_endtoend_gru_h64.npz,checkpoints/beijing_168h_12h_station1013_seed2049_endtoend_gru_h64.pt,training_logs/beijing_168h_12h_station1013_seed2049_endtoend_gru_h64.csv,0.5615252256393433,0.7493498686457103,0.5333698987960815,55.70646286010742,39.65056610107422,54.78957748413086,0.10438723117113113,0.05393686162131872,0.6097087264060974,0.13940861821174622,0.06747708469629288,0.0,0.8696570992469788,forecast,13644.0,6414.0,False,0.0,1e-06,True,True,,beijing_168h_12h_station1013_seed2049_endtoend_gru_h64 出现非有限训练损失
beijing_168h_12h_station1013_seed2049_endtoend_lstm_h16,beijing,168,12,1013,2049,lstm,16,lstm_h16,endtoend_spatial_lstm_h16,st_sparse_station_bias_delta_forecast,False,completed,30.0,1.7676196098327637,30.727781584000695,0.0357798549994186,valid,test,1,18,9.0,7834.0,7834.0,7834.0,predictions/beijing_168h_12h_station1013_seed2049_endtoend_lstm_h16.npz,checkpoints/beijing_168h_12h_station1013_seed2049_endtoend_lstm_h16.pt,training_logs/beijing_168h_12h_station1013_seed2049_endtoend_lstm_h16.csv,0.8314020037651062,0.9118124827864039,0.6911585927009583,67.78388214111328,51.38053894042969,66.76403045654297,0.1037532314658165,0.2724565063123376,0.6146366596221924,0.14841978251934052,0.07356873899698257,0.0,0.7530776262283325,forecast,1420.0,6414.0,False,0.0,1e-06,True,True,,beijing_168h_12h_station1013_seed2049_endtoend_lstm_h16 出现非有限训练损失
beijing_168h_12h_station1013_seed2049_endtoend_lstm_h32,beijing,168,12,1013,2049,lstm,32,lstm_h32,endtoend_spatial_lstm_h32,st_sparse_station_bias_delta_forecast,False,completed,30.0,1.4262897968292236,31.997973346000435,0.039575941000293824,valid,test,1,18,9.0,11290.0,11290.0,11290.0,predictions/beijing_168h_12h_station1013_seed2049_endtoend_lstm_h32.npz,checkpoints/beijing_168h_12h_station1013_seed2049_endtoend_lstm_h32.pt,training_logs/beijing_168h_12h_station1013_seed2049_endtoend_lstm_h32.csv,0.6850693821907043,0.8276891821153061,0.6039274334907532,61.53018569946289,44.89579772949219,60.03248596191406,0.10274582356214523,0.13345132918232322,0.6154274344444275,0.15512478351593018,0.07172179222106934,0.0,0.6466463804244995,forecast,4876.0,6414.0,False,0.0,1e-06,True,True,,beijing_168h_12h_station1013_seed2049_endtoend_lstm_h32 出现非有限训练损失
beijing_168h_24h_station1013_seed2047_endtoend_gru_h8,beijing,168,24,1013,2047,gru,8,gru_h8,endtoend_spatial_gru_h8,st_sparse_station_bias_delta_forecast,False,completed,22.0,2.179948329925537,34.13030869100112,0.06076535700049135,valid,test,1,18,9.0,8886.0,8886.0,8886.0,predictions/beijing_168h_24h_station1013_seed2047_endtoend_gru_h8.npz,checkpoints/beijing_168h_24h_station1013_seed2047_endtoend_gru_h8.pt,training_logs/beijing_168h_24h_station1013_seed2047_endtoend_gru_h8.csv,1.0491167306900024,1.0242639946273628,0.767535388469696,76.18601989746094,57.09022521972656,72.53318786621094,0.10015477240085602,0.00915659565378023,0.6168278455734253,0.16148056089878082,0.06906862556934357,0.0,0.12126000225543976,forecast,480.0,8406.0,False,0.0,1e-06,True,True,,beijing_168h_24h_station1013_seed2047_endtoend_gru_h8 出现非有限训练损失
beijing_168h_24h_station1013_seed2047_endtoend_gru_h16,beijing,168,24,1013,2047,gru,16,gru_h16,endtoend_spatial_gru_h16,st_sparse_station_bias_delta_forecast,False,completed,30.0,1.8767757415771484,37.16190055699917,0.05353655300132232,valid,test,1,18,9.0,9726.0,9726.0,9726.0,predictions/beijing_168h_24h_station1013_seed2047_endtoend_gru_h16.npz,checkpoints/beijing_168h_24h_station1013_seed2047_endtoend_gru_h16.pt,training_logs/beijing_168h_24h_station1013_seed2047_endtoend_gru_h16.csv,0.8979194164276123,0.9475860997437712,0.7127847671508789,70.48262023925781,53.01781463623047,68.41358947753906,0.10440699011087418,0.23059793382193666,0.6057179570198059,0.08989879488945007,0.07048755139112473,0.0,1.389803409576416,forecast,1320.0,8406.0,False,0.0,1e-06,True,True,,beijing_168h_24h_station1013_seed2047_endtoend_gru_h16 出现非有限训练损失
beijing_168h_24h_station1013_seed2047_endtoend_gru_h32,beijing,168,24,1013,2047,gru,32,gru_h32,endtoend_spatial_gru_h32,st_sparse_station_bias_delta_forecast,False,completed,30.0,1.568848967552185,39.097924039000645,0.05837629800225841,valid,test,1,18,9.0,12558.0,12558.0,12558.0,predictions/beijing_168h_24h_station1013_seed2047_endtoend_gru_h32.npz,checkpoints/beijing_168h_24h_station1013_seed2047_endtoend_gru_h32.pt,training_logs/beijing_168h_24h_station1013_seed2047_endtoend_gru_h32.csv,0.7768415808677673,0.8813861701137404,0.6597175002098083,65.55859375,49.07060241699219,64.28373718261719,0.1043713167309761,0.10165589223539692,0.6054267883300781,0.09626112133264542,0.07118368148803711,0.0,1.3432917594909668,forecast,4152.0,8406.0,False,0.0,1e-06,True,True,,beijing_168h_24h_station1013_seed2047_endtoend_gru_h32 出现非有限训练损失
beijing_168h_24h_station1013_seed2047_endtoend_gru_h64,beijing,168,24,1013,2047,gru,64,gru_h64,endtoend_spatial_gru_h64,st_sparse_station_bias_delta_forecast,False,completed,30.0,1.393342137336731,49.33193931000278,0.06920356000046013,valid,test,1,18,9.0,22830.0,22830.0,22830.0,predictions/beijing_168h_24h_station1013_seed2047_endtoend_gru_h64.npz,checkpoints/beijing_168h_24h_station1013_seed2047_endtoend_gru_h64.pt,training_logs/beijing_168h_24h_station1013_seed2047_endtoend_gru_h64.csv,0.7230117917060852,0.8503010006498201,0.6245227456092834,63.24644088745117,46.4527702331543,61.50778579711914,0.10397876799106598,0.06815786762901606,0.5979040861129761,0.12166347354650497,0.07429153472185135,0.0,1.233134388923645,forecast,14424.0,8406.0,False,0.0,1e-06,True,True,,beijing_168h_24h_station1013_seed2047_endtoend_gru_h64 出现非有限训练损失
beijing_168h_24h_station1013_seed2047_endtoend_lstm_h16,beijing,168,24,1013,2047,lstm,16,lstm_h16,endtoend_spatial_lstm_h16,st_sparse_station_bias_delta_forecast,False,completed,30.0,1.8207837343215942,30.693896827997378,0.03598992399929557,valid,test,1,18,9.0,10030.0,10030.0,10030.0,predictions/beijing_168h_24h_station1013_seed2047_endtoend_lstm_h16.npz,checkpoints/beijing_168h_24h_station1013_seed2047_endtoend_lstm_h16.pt,training_logs/beijing_168h_24h_station1013_seed2047_endtoend_lstm_h16.csv,0.8667320013046265,0.9309844259194815,0.7053413987159729,69.24776458740234,52.464168548583984,67.74520874023438,0.10426327586174011,0.20647066950522877,0.6075045466423035,0.09605146944522858,0.06928641349077225,0.0,1.330183506011963,forecast,1624.0,8406.0,False,0.0,1e-06,True,True,,beijing_168h_24h_station1013_seed2047_endtoend_lstm_h16 出现非有限训练损失
beijing_168h_24h_station1013_seed2047_endtoend_lstm_h32,beijing,168,24,1013,2047,lstm,32,lstm_h32,endtoend_spatial_lstm_h32,st_sparse_station_bias_delta_forecast,False,completed,30.0,1.669769048690796,31.943425773002673,0.03966895700068562,valid,test,1,18,9.0,13678.0,13678.0,13678.0,predictions/beijing_168h_24h_station1013_seed2047_endtoend_lstm_h32.npz,checkpoints/beijing_168h_24h_station1013_seed2047_endtoend_lstm_h32.pt,training_logs/beijing_168h_24h_station1013_seed2047_endtoend_lstm_h32.csv,0.8078361749649048,0.8987970710704974,0.6736560463905334,66.8536376953125,50.107364654541016,65.24382019042969,0.10456135869026184,0.13350286096425262,0.5923171043395996,0.1167425587773323,0.07545094192028046,0.0,1.4847537279129028,forecast,5272.0,8406.0,False,0.0,1e-06,True,True,,beijing_168h_24h_station1013_seed2047_endtoend_lstm_h32 出现非有限训练损失
beijing_168h_24h_station1013_seed2048_endtoend_gru_h8,beijing,168,24,1013,2048,gru,8,gru_h8,endtoend_spatial_gru_h8,st_sparse_station_bias_delta_forecast,False,completed,30.0,2.0055596828460693,36.457611035999435,0.05315953099852777,valid,test,1,18,9.0,8886.0,8886.0,8886.0,predictions/beijing_168h_24h_station1013_seed2048_endtoend_gru_h8.npz,checkpoints/beijing_168h_24h_station1013_seed2048_endtoend_gru_h8.pt,training_logs/beijing_168h_24h_station1013_seed2048_endtoend_gru_h8.csv,0.9525516629219055,0.9759875321549479,0.7344982028007507,72.59515380859375,54.632877349853516,70.10169982910156,0.10417246073484421,0.3176279509881492,0.5993984341621399,0.08104551583528519,0.06642206758260727,0.0,1.4592223167419434,forecast,480.0,8406.0,False,0.0,1.005994200706482e-06,True,True,,beijing_168h_24h_station1013_seed2048_endtoend_gru_h8 出现非有限训练损失
beijing_168h_24h_station1013_seed2048_endtoend_gru_h16,beijing,168,24,1013,2048,gru,16,gru_h16,endtoend_spatial_gru_h16,st_sparse_station_bias_delta_forecast,False,completed,30.0,1.7969597578048706,37.15340934699998,0.05344475499805412,valid,test,1,18,9.0,9726.0,9726.0,9726.0,predictions/beijing_168h_24h_station1013_seed2048_endtoend_gru_h16.npz,checkpoints/beijing_168h_24h_station1013_seed2048_endtoend_gru_h16.pt,training_logs/beijing_168h_24h_station1013_seed2048_endtoend_gru_h16.csv,0.8594475388526917,0.9270639346089846,0.6943556666374207,68.95616149902344,51.647029876708984,67.01396942138672,0.1038891151547432,0.2381500594687164,0.6001178622245789,0.0860852524638176,0.06688007712364197,0.0,1.3422905206680298,forecast,1320.0,8406.0,False,0.0,1e-06,True,True,,beijing_168h_24h_station1013_seed2048_endtoend_gru_h16 出现非有限训练损失
beijing_168h_24h_station1013_seed2048_endtoend_gru_h32,beijing,168,24,1013,2048,gru,32,gru_h32,endtoend_spatial_gru_h32,st_sparse_station_bias_delta_forecast,False,completed,30.0,1.6000685691833496,39.07536068099944,0.058154850001301384,valid,test,1,18,9.0,12558.0,12558.0,12558.0,predictions/beijing_168h_24h_station1013_seed2048_endtoend_gru_h32.npz,checkpoints/beijing_168h_24h_station1013_seed2048_endtoend_gru_h32.pt,training_logs/beijing_168h_24h_station1013_seed2048_endtoend_gru_h32.csv,0.7869706153869629,0.8871136428817691,0.6623994708061218,65.98460388183594,49.27009201049805,64.43655395507812,0.10342834144830704,0.13555943285758923,0.6042386293411255,0.13224108517169952,0.07164908945560455,0.0,1.1594587564468384,forecast,4152.0,8406.0,False,0.0,1e-06,True,True,,beijing_168h_24h_station1013_seed2048_endtoend_gru_h32 出现非有限训练损失
beijing_168h_24h_station1013_seed2048_endtoend_gru_h64,beijing,168,24,1013,2048,gru,64,gru_h64,endtoend_spatial_gru_h64,st_sparse_station_bias_delta_forecast,False,completed,30.0,1.4161975383758545,49.25810240300052,0.06914449599935324,valid,test,1,18,9.0,22830.0,22830.0,22830.0,predictions/beijing_168h_24h_station1013_seed2048_endtoend_gru_h64.npz,checkpoints/beijing_168h_24h_station1013_seed2048_endtoend_gru_h64.pt,training_logs/beijing_168h_24h_station1013_seed2048_endtoend_gru_h64.csv,0.7249694466590881,0.8514513765677334,0.626339316368103,63.33200454711914,46.587890625,61.64200210571289,0.10293472558259964,0.07080167062949438,0.6074996590614319,0.1327761709690094,0.07002696394920349,0.0,0.9387852549552917,forecast,14424.0,8406.0,False,0.0,1e-06,True,True,,beijing_168h_24h_station1013_seed2048_endtoend_gru_h64 出现非有限训练损失
beijing_168h_24h_station1013_seed2048_endtoend_lstm_h16,beijing,168,24,1013,2048,lstm,16,lstm_h16,endtoend_spatial_lstm_h16,st_sparse_station_bias_delta_forecast,False,completed,30.0,1.7782889604568481,30.681833937000192,0.035737563001021044,valid,test,1,18,9.0,10030.0,10030.0,10030.0,predictions/beijing_168h_24h_station1013_seed2048_endtoend_lstm_h16.npz,checkpoints/beijing_168h_24h_station1013_seed2048_endtoend_lstm_h16.pt,training_logs/beijing_168h_24h_station1013_seed2048_endtoend_lstm_h16.csv,0.8513766527175903,0.9227007384399291,0.6989479064941406,68.63162231445312,51.98860549926758,67.36878967285156,0.10408227890729904,0.2304891593000925,0.5925942063331604,0.17453916370868683,0.07261718064546585,0.0,1.4472026824951172,forecast,1624.0,8406.0,False,0.0,1e-06,True,True,,beijing_168h_24h_station1013_seed2048_endtoend_lstm_h16 出现非有限训练损失
beijing_168h_24h_station1013_seed2048_endtoend_lstm_h32,beijing,168,24,1013,2048,lstm,32,lstm_h32,endtoend_spatial_lstm_h32,st_sparse_station_bias_delta_forecast,False,completed,30.0,1.6193336248397827,31.940365397000278,0.039664148000156274,valid,test,1,18,9.0,13678.0,13678.0,13678.0,predictions/beijing_168h_24h_station1013_seed2048_endtoend_lstm_h32.npz,checkpoints/beijing_168h_24h_station1013_seed2048_endtoend_lstm_h32.pt,training_logs/beijing_168h_24h_station1013_seed2048_endtoend_lstm_h32.csv,0.7921785712242126,0.8900441400426232,0.664061427116394,66.20258331298828,49.39371109008789,64.53592681884766,0.10371804237365723,0.1262900168836125,0.6014879941940308,0.15849894285202026,0.0696076825261116,0.0,1.0899888277053833,forecast,5272.0,8406.0,False,0.0,1e-06,True,True,,beijing_168h_24h_station1013_seed2048_endtoend_lstm_h32 出现非有限训练损失
beijing_168h_24h_station1013_seed2049_endtoend_gru_h8,beijing,168,24,1013,2049,gru,8,gru_h8,endtoend_spatial_gru_h8,st_sparse_station_bias_delta_forecast,False,completed,30.0,2.0464837551116943,36.444720064999274,0.05323027100166655,valid,test,1,18,9.0,8886.0,8886.0,8886.0,predictions/beijing_168h_24h_station1013_seed2049_endtoend_gru_h8.npz,checkpoints/beijing_168h_24h_station1013_seed2049_endtoend_gru_h8.pt,training_logs/beijing_168h_24h_station1013_seed2049_endtoend_gru_h8.csv,0.9728822708129883,0.986347946118908,0.7461748719215393,73.36577606201172,55.50140380859375,70.83753967285156,0.10397031903266907,0.3615947242771205,0.6152564287185669,0.12494262307882309,0.07420939952135086,0.0,1.1749470233917236,forecast,480.0,8406.0,False,0.0,1e-06,True,True,,beijing_168h_24h_station1013_seed2049_endtoend_gru_h8 出现非有限训练损失
beijing_168h_24h_station1013_seed2049_endtoend_gru_h16,beijing,168,24,1013,2049,gru,16,gru_h16,endtoend_spatial_gru_h16,st_sparse_station_bias_delta_forecast,False,completed,30.0,1.8448691368103027,37.161643101000664,0.05338706100155832,valid,test,1,18,9.0,9726.0,9726.0,9726.0,predictions/beijing_168h_24h_station1013_seed2049_endtoend_gru_h16.npz,checkpoints/beijing_168h_24h_station1013_seed2049_endtoend_gru_h16.pt,training_logs/beijing_168h_24h_station1013_seed2049_endtoend_gru_h16.csv,0.8772627115249634,0.9366230359781695,0.6994464993476868,69.66717529296875,52.02569580078125,67.58123016357422,0.10358642786741257,0.272594625083845,0.6150935292243958,0.1477956920862198,0.07316062599420547,0.0,1.0487878322601318,forecast,1320.0,8406.0,False,0.0,1.0000474452972412e-06,True,True,,beijing_168h_24h_station1013_seed2049_endtoend_gru_h16 出现非有限训练损失
beijing_168h_24h_station1013_seed2049_endtoend_gru_h32,beijing,168,24,1013,2049,gru,32,gru_h32,endtoend_spatial_gru_h32,st_sparse_station_bias_delta_forecast,False,completed,30.0,1.5961412191390991,39.09505107599762,0.05806929000027594,valid,test,1,18,9.0,12558.0,12558.0,12558.0,predictions/beijing_168h_24h_station1013_seed2049_endtoend_gru_h32.npz,checkpoints/beijing_168h_24h_station1013_seed2049_endtoend_gru_h32.pt,training_logs/beijing_168h_24h_station1013_seed2049_endtoend_gru_h32.csv,0.7850472331047058,0.886028912115573,0.6670367121696472,65.90392303466797,49.615013122558594,64.94926452636719,0.10329189896583557,0.15930280302472433,0.6164681315422058,0.12120174616575241,0.06623990088701248,0.0,1.017240285873413,forecast,4152.0,8406.0,False,0.0,1e-06,True,True,,beijing_168h_24h_station1013_seed2049_endtoend_gru_h32 出现非有限训练损失
beijing_168h_24h_station1013_seed2049_endtoend_gru_h64,beijing,168,24,1013,2049,gru,64,gru_h64,endtoend_spatial_gru_h64,st_sparse_station_bias_delta_forecast,False,completed,30.0,1.399751901626587,49.31939085900012,0.06916952199753723,valid,test,1,18,9.0,22830.0,22830.0,22830.0,predictions/beijing_168h_24h_station1013_seed2049_endtoend_gru_h64.npz,checkpoints/beijing_168h_24h_station1013_seed2049_endtoend_gru_h64.pt,training_logs/beijing_168h_24h_station1013_seed2049_endtoend_gru_h64.csv,0.7221291065216064,0.8497817993588745,0.6229878067970276,63.20781707763672,46.338600158691406,61.333621978759766,0.10398270934820175,0.07850171590663013,0.6080527901649475,0.17008687555789948,0.06722494959831238,0.0,1.0105293989181519,forecast,14424.0,8406.0,False,0.0,1e-06,True,True,,beijing_168h_24h_station1013_seed2049_endtoend_gru_h64 出现非有限训练损失
beijing_168h_24h_station1013_seed2049_endtoend_lstm_h16,beijing,168,24,1013,2049,lstm,16,lstm_h16,endtoend_spatial_lstm_h16,st_sparse_station_bias_delta_forecast,False,completed,30.0,1.932105302810669,30.728486343999975,0.035809871998935705,valid,test,1,18,9.0,10030.0,10030.0,10030.0,predictions/beijing_168h_24h_station1013_seed2049_endtoend_lstm_h16.npz,checkpoints/beijing_168h_24h_station1013_seed2049_endtoend_lstm_h16.pt,training_logs/beijing_168h_24h_station1013_seed2049_endtoend_lstm_h16.csv,0.9121407270431519,0.9550605881529988,0.7220062613487244,71.03858184814453,53.70371627807617,69.162109375,0.103769451379776,0.34663177284059427,0.6096699237823486,0.16110751032829285,0.07116027176380157,0.0,1.1554038524627686,forecast,1624.0,8406.0,False,0.0,1e-06,True,True,,beijing_168h_24h_station1013_seed2049_endtoend_lstm_h16 出现非有限训练损失
beijing_168h_24h_station1013_seed2049_endtoend_lstm_h32,beijing,168,24,1013,2049,lstm,32,lstm_h32,endtoend_spatial_lstm_h32,st_sparse_station_bias_delta_forecast,False,completed,30.0,1.6955609321594238,31.970211265997932,0.039717491999908816,valid,test,1,18,9.0,13678.0,13678.0,13678.0,predictions/beijing_168h_24h_station1013_seed2049_endtoend_lstm_h32.npz,checkpoints/beijing_168h_24h_station1013_seed2049_endtoend_lstm_h32.pt,training_logs/beijing_168h_24h_station1013_seed2049_endtoend_lstm_h32.csv,0.8121823668479919,0.9012116104711434,0.676374077796936,67.03323364257812,50.309539794921875,65.6063232421875,0.10382493585348129,0.1521409035595021,0.6148492097854614,0.11864075809717178,0.06833247095346451,0.0,1.0235280990600586,forecast,5272.0,8406.0,False,0.0,1e-06,True,True,,beijing_168h_24h_station1013_seed2049_endtoend_lstm_h32 出现非有限训练损失
