run_id,prediction_file,recorded_rmse_ugm3,recomputed_rmse_ugm3,rmse_abs_difference,recorded_mae_ugm3,recomputed_mae_ugm3,mae_abs_difference
beijing_24h_1h_station1013_seed2047_center_gru_h8,experiments/results/trainable_matched/predictions/beijing_24h_1h_station1013_seed2047_center_gru_h8.npz,19.866003036499023,19.866003036499023,0.0,9.915629386901855,9.915629386901855,0.0
beijing_24h_1h_station1013_seed2047_center_gru_h16,experiments/results/trainable_matched/predictions/beijing_24h_1h_station1013_seed2047_center_gru_h16.npz,20.28444099426269,20.284440994262695,3.552713678800501e-15,9.838013648986816,9.838013648986816,0.0
beijing_24h_1h_station1013_seed2047_center_gru_h32,experiments/results/trainable_matched/predictions/beijing_24h_1h_station1013_seed2047_center_gru_h32.npz,20.72820472717285,20.72820472717285,0.0,9.805323600769045,9.805323600769043,1.7763568394002505e-15
beijing_24h_1h_station1013_seed2047_center_gru_h40,experiments/results/trainable_matched/predictions/beijing_24h_1h_station1013_seed2047_center_gru_h40.npz,21.167510986328125,21.167510986328125,0.0,9.914180755615234,9.914180755615234,0.0
beijing_24h_1h_station1013_seed2047_center_gru_h48,experiments/results/trainable_matched/predictions/beijing_24h_1h_station1013_seed2047_center_gru_h48.npz,21.292659759521484,21.292659759521484,0.0,9.993847846984863,9.993847846984863,0.0
beijing_24h_1h_station1013_seed2047_center_gru_h64,experiments/results/trainable_matched/predictions/beijing_24h_1h_station1013_seed2047_center_gru_h64.npz,21.22441673278809,21.224416732788086,3.552713678800501e-15,9.948420524597168,9.948420524597168,0.0
beijing_24h_1h_station1013_seed2047_center_lstm_h8,experiments/results/trainable_matched/predictions/beijing_24h_1h_station1013_seed2047_center_lstm_h8.npz,20.64012908935547,20.64012908935547,0.0,10.336373329162598,10.336373329162598,0.0
beijing_24h_1h_station1013_seed2047_center_lstm_h16,experiments/results/trainable_matched/predictions/beijing_24h_1h_station1013_seed2047_center_lstm_h16.npz,20.126163482666016,20.126163482666016,0.0,9.885808944702148,9.885808944702148,0.0
beijing_24h_1h_station1013_seed2047_center_lstm_h32,experiments/results/trainable_matched/predictions/beijing_24h_1h_station1013_seed2047_center_lstm_h32.npz,20.482105255126957,20.482105255126953,3.552713678800501e-15,9.753207206726074,9.753207206726074,0.0
beijing_24h_1h_station1013_seed2047_center_lstm_h40,experiments/results/trainable_matched/predictions/beijing_24h_1h_station1013_seed2047_center_lstm_h40.npz,20.55585479736328,20.55585479736328,0.0,9.828874588012695,9.828874588012695,0.0
beijing_24h_1h_station1013_seed2047_center_lstm_h48,experiments/results/trainable_matched/predictions/beijing_24h_1h_station1013_seed2047_center_lstm_h48.npz,20.75510597229004,20.75510597229004,0.0,10.248011589050291,10.248011589050293,1.7763568394002505e-15
beijing_24h_1h_station1013_seed2047_center_lstm_h64,experiments/results/trainable_matched/predictions/beijing_24h_1h_station1013_seed2047_center_lstm_h64.npz,20.97994041442871,20.97994041442871,0.0,10.174717903137209,10.174717903137207,1.7763568394002505e-15
beijing_24h_1h_station1013_seed2048_center_gru_h8,experiments/results/trainable_matched/predictions/beijing_24h_1h_station1013_seed2048_center_gru_h8.npz,20.38644218444824,20.386442184448242,3.552713678800501e-15,10.0953369140625,10.0953369140625,0.0
beijing_24h_1h_station1013_seed2048_center_gru_h16,experiments/results/trainable_matched/predictions/beijing_24h_1h_station1013_seed2048_center_gru_h16.npz,20.419723510742188,20.419723510742188,0.0,9.854613304138184,9.854613304138184,0.0
beijing_24h_1h_station1013_seed2048_center_gru_h32,experiments/results/trainable_matched/predictions/beijing_24h_1h_station1013_seed2048_center_gru_h32.npz,20.74701690673828,20.74701690673828,0.0,9.82017421722412,9.820174217224121,1.7763568394002505e-15
beijing_24h_1h_station1013_seed2048_center_gru_h40,experiments/results/trainable_matched/predictions/beijing_24h_1h_station1013_seed2048_center_gru_h40.npz,20.77709197998047,20.77709197998047,0.0,9.849813461303713,9.849813461303711,1.7763568394002505e-15
beijing_24h_1h_station1013_seed2048_center_gru_h48,experiments/results/trainable_matched/predictions/beijing_24h_1h_station1013_seed2048_center_gru_h48.npz,20.886119842529297,20.886119842529297,0.0,9.805983543395996,9.805983543395996,0.0
beijing_24h_1h_station1013_seed2048_center_gru_h64,experiments/results/trainable_matched/predictions/beijing_24h_1h_station1013_seed2048_center_gru_h64.npz,21.177051544189453,21.177051544189453,0.0,9.89687728881836,9.89687728881836,0.0
beijing_24h_1h_station1013_seed2048_center_lstm_h8,experiments/results/trainable_matched/predictions/beijing_24h_1h_station1013_seed2048_center_lstm_h8.npz,21.023487091064453,21.023487091064453,0.0,10.687996864318848,10.687996864318848,0.0
beijing_24h_1h_station1013_seed2048_center_lstm_h16,experiments/results/trainable_matched/predictions/beijing_24h_1h_station1013_seed2048_center_lstm_h16.npz,20.04152107238769,20.041521072387695,3.552713678800501e-15,9.882550239562988,9.882550239562988,0.0
beijing_24h_1h_station1013_seed2048_center_lstm_h32,experiments/results/trainable_matched/predictions/beijing_24h_1h_station1013_seed2048_center_lstm_h32.npz,20.331098556518555,20.331098556518555,0.0,9.76877784729004,9.768777847290039,1.7763568394002505e-15
beijing_24h_1h_station1013_seed2048_center_lstm_h40,experiments/results/trainable_matched/predictions/beijing_24h_1h_station1013_seed2048_center_lstm_h40.npz,20.52862930297852,20.528629302978516,3.552713678800501e-15,9.84608268737793,9.84608268737793,0.0
beijing_24h_1h_station1013_seed2048_center_lstm_h48,experiments/results/trainable_matched/predictions/beijing_24h_1h_station1013_seed2048_center_lstm_h48.npz,20.66202163696289,20.66202163696289,0.0,9.849764823913574,9.849764823913574,0.0
beijing_24h_1h_station1013_seed2048_center_lstm_h64,experiments/results/trainable_matched/predictions/beijing_24h_1h_station1013_seed2048_center_lstm_h64.npz,20.79991340637207,20.79991340637207,0.0,9.921399116516112,9.921399116516113,1.7763568394002505e-15
beijing_24h_1h_station1013_seed2049_center_gru_h8,experiments/results/trainable_matched/predictions/beijing_24h_1h_station1013_seed2049_center_gru_h8.npz,20.228662490844727,20.228662490844727,0.0,10.018624305725098,10.018624305725098,0.0
beijing_24h_1h_station1013_seed2049_center_gru_h16,experiments/results/trainable_matched/predictions/beijing_24h_1h_station1013_seed2049_center_gru_h16.npz,20.303335189819336,20.303335189819336,0.0,9.88038158416748,9.88038158416748,0.0
beijing_24h_1h_station1013_seed2049_center_gru_h32,experiments/results/trainable_matched/predictions/beijing_24h_1h_station1013_seed2049_center_gru_h32.npz,20.74907684326172,20.74907684326172,0.0,10.028242111206056,10.028242111206055,1.7763568394002505e-15
beijing_24h_1h_station1013_seed2049_center_gru_h40,experiments/results/trainable_matched/predictions/beijing_24h_1h_station1013_seed2049_center_gru_h40.npz,20.784236907958984,20.784236907958984,0.0,9.779102325439451,9.779102325439453,1.7763568394002505e-15
beijing_24h_1h_station1013_seed2049_center_gru_h48,experiments/results/trainable_matched/predictions/beijing_24h_1h_station1013_seed2049_center_gru_h48.npz,21.036346435546875,21.036346435546875,0.0,9.84035587310791,9.84035587310791,0.0
beijing_24h_1h_station1013_seed2049_center_gru_h64,experiments/results/trainable_matched/predictions/beijing_24h_1h_station1013_seed2049_center_gru_h64.npz,21.180152893066406,21.180152893066406,0.0,10.155792236328123,10.155792236328125,1.7763568394002505e-15
beijing_24h_1h_station1013_seed2049_center_lstm_h8,experiments/results/trainable_matched/predictions/beijing_24h_1h_station1013_seed2049_center_lstm_h8.npz,20.61812210083008,20.618122100830078,3.552713678800501e-15,10.323654174804688,10.323654174804688,0.0
beijing_24h_1h_station1013_seed2049_center_lstm_h16,experiments/results/trainable_matched/predictions/beijing_24h_1h_station1013_seed2049_center_lstm_h16.npz,20.07543563842773,20.075435638427734,3.552713678800501e-15,9.843493461608888,9.843493461608887,1.7763568394002505e-15
beijing_24h_1h_station1013_seed2049_center_lstm_h32,experiments/results/trainable_matched/predictions/beijing_24h_1h_station1013_seed2049_center_lstm_h32.npz,20.380857467651367,20.380857467651367,0.0,9.86938190460205,9.86938190460205,0.0
beijing_24h_1h_station1013_seed2049_center_lstm_h40,experiments/results/trainable_matched/predictions/beijing_24h_1h_station1013_seed2049_center_lstm_h40.npz,20.57725143432617,20.577251434326172,3.552713678800501e-15,10.195564270019531,10.195564270019531,0.0
beijing_24h_1h_station1013_seed2049_center_lstm_h48,experiments/results/trainable_matched/predictions/beijing_24h_1h_station1013_seed2049_center_lstm_h48.npz,20.67466354370117,20.674663543701172,3.552713678800501e-15,9.879473686218262,9.879473686218262,0.0
beijing_24h_1h_station1013_seed2049_center_lstm_h64,experiments/results/trainable_matched/predictions/beijing_24h_1h_station1013_seed2049_center_lstm_h64.npz,20.726490020751957,20.726490020751953,3.552713678800501e-15,10.01843547821045,10.01843547821045,0.0
beijing_24h_1h_station1013_seed2050_center_gru_h8,experiments/results/trainable_matched/predictions/beijing_24h_1h_station1013_seed2050_center_gru_h8.npz,20.77500534057617,20.775005340576172,3.552713678800501e-15,10.25599479675293,10.25599479675293,0.0
beijing_24h_1h_station1013_seed2050_center_gru_h16,experiments/results/trainable_matched/predictions/beijing_24h_1h_station1013_seed2050_center_gru_h16.npz,20.46200561523437,20.462005615234375,3.552713678800501e-15,9.899361610412598,9.899361610412598,0.0
beijing_24h_1h_station1013_seed2050_center_gru_h32,experiments/results/trainable_matched/predictions/beijing_24h_1h_station1013_seed2050_center_gru_h32.npz,20.885496139526367,20.885496139526367,0.0,9.941106796264648,9.941106796264648,0.0
beijing_24h_1h_station1013_seed2050_center_gru_h40,experiments/results/trainable_matched/predictions/beijing_24h_1h_station1013_seed2050_center_gru_h40.npz,20.81521224975586,20.81521224975586,0.0,9.86177921295166,9.86177921295166,0.0
beijing_24h_1h_station1013_seed2050_center_gru_h48,experiments/results/trainable_matched/predictions/beijing_24h_1h_station1013_seed2050_center_gru_h48.npz,20.977333068847656,20.977333068847656,0.0,9.9006986618042,9.9006986618042,0.0
beijing_24h_1h_station1013_seed2050_center_gru_h64,experiments/results/trainable_matched/predictions/beijing_24h_1h_station1013_seed2050_center_gru_h64.npz,21.18916702270508,21.189167022705078,3.552713678800501e-15,9.77578067779541,9.77578067779541,0.0
beijing_24h_1h_station1013_seed2050_center_lstm_h8,experiments/results/trainable_matched/predictions/beijing_24h_1h_station1013_seed2050_center_lstm_h8.npz,20.437515258789062,20.437515258789062,0.0,10.119516372680664,10.119516372680664,0.0
beijing_24h_1h_station1013_seed2050_center_lstm_h16,experiments/results/trainable_matched/predictions/beijing_24h_1h_station1013_seed2050_center_lstm_h16.npz,20.268802642822266,20.268802642822266,0.0,9.884264945983888,9.884264945983887,1.7763568394002505e-15
beijing_24h_1h_station1013_seed2050_center_lstm_h32,experiments/results/trainable_matched/predictions/beijing_24h_1h_station1013_seed2050_center_lstm_h32.npz,20.187475204467773,20.187475204467773,0.0,9.740447998046877,9.740447998046875,1.7763568394002505e-15
beijing_24h_1h_station1013_seed2050_center_lstm_h40,experiments/results/trainable_matched/predictions/beijing_24h_1h_station1013_seed2050_center_lstm_h40.npz,20.660852432250977,20.660852432250977,0.0,9.858881950378418,9.858881950378418,0.0
beijing_24h_1h_station1013_seed2050_center_lstm_h48,experiments/results/trainable_matched/predictions/beijing_24h_1h_station1013_seed2050_center_lstm_h48.npz,20.66031265258789,20.66031265258789,0.0,9.983181953430176,9.983181953430176,0.0
beijing_24h_1h_station1013_seed2050_center_lstm_h64,experiments/results/trainable_matched/predictions/beijing_24h_1h_station1013_seed2050_center_lstm_h64.npz,20.74918937683105,20.749189376831055,3.552713678800501e-15,9.905987739562988,9.905987739562988,0.0
beijing_24h_1h_station1013_seed2051_center_gru_h8,experiments/results/trainable_matched/predictions/beijing_24h_1h_station1013_seed2051_center_gru_h8.npz,20.774072647094727,20.774072647094727,0.0,10.464613914489746,10.464613914489746,0.0
beijing_24h_1h_station1013_seed2051_center_gru_h16,experiments/results/trainable_matched/predictions/beijing_24h_1h_station1013_seed2051_center_gru_h16.npz,20.435562133789062,20.435562133789062,0.0,9.75352382659912,9.753523826599121,1.7763568394002505e-15
beijing_24h_1h_station1013_seed2051_center_gru_h32,experiments/results/trainable_matched/predictions/beijing_24h_1h_station1013_seed2051_center_gru_h32.npz,20.65508270263672,20.65508270263672,0.0,9.813034057617188,9.813034057617188,0.0
beijing_24h_1h_station1013_seed2051_center_gru_h40,experiments/results/trainable_matched/predictions/beijing_24h_1h_station1013_seed2051_center_gru_h40.npz,20.825653076171875,20.825653076171875,0.0,9.87642765045166,9.87642765045166,0.0
beijing_24h_1h_station1013_seed2051_center_gru_h48,experiments/results/trainable_matched/predictions/beijing_24h_1h_station1013_seed2051_center_gru_h48.npz,21.0037899017334,21.0037899017334,0.0,9.906957626342772,9.906957626342773,1.7763568394002505e-15
beijing_24h_1h_station1013_seed2051_center_gru_h64,experiments/results/trainable_matched/predictions/beijing_24h_1h_station1013_seed2051_center_gru_h64.npz,21.296749114990234,21.296749114990234,0.0,9.91261100769043,9.91261100769043,0.0
beijing_24h_1h_station1013_seed2051_center_lstm_h8,experiments/results/trainable_matched/predictions/beijing_24h_1h_station1013_seed2051_center_lstm_h8.npz,21.02376365661621,21.02376365661621,0.0,10.540681838989258,10.540681838989258,0.0
beijing_24h_1h_station1013_seed2051_center_lstm_h16,experiments/results/trainable_matched/predictions/beijing_24h_1h_station1013_seed2051_center_lstm_h16.npz,20.205570220947266,20.205570220947266,0.0,10.097908020019531,10.097908020019531,0.0
beijing_24h_1h_station1013_seed2051_center_lstm_h32,experiments/results/trainable_matched/predictions/beijing_24h_1h_station1013_seed2051_center_lstm_h32.npz,20.2669677734375,20.2669677734375,0.0,9.732758522033691,9.732758522033691,0.0
beijing_24h_1h_station1013_seed2051_center_lstm_h40,experiments/results/trainable_matched/predictions/beijing_24h_1h_station1013_seed2051_center_lstm_h40.npz,20.619144439697266,20.619144439697266,0.0,9.784432411193848,9.784432411193848,0.0
beijing_24h_1h_station1013_seed2051_center_lstm_h48,experiments/results/trainable_matched/predictions/beijing_24h_1h_station1013_seed2051_center_lstm_h48.npz,20.69426918029785,20.69426918029785,0.0,9.76443576812744,9.764435768127441,1.7763568394002505e-15
beijing_24h_1h_station1013_seed2051_center_lstm_h64,experiments/results/trainable_matched/predictions/beijing_24h_1h_station1013_seed2051_center_lstm_h64.npz,20.817554473876957,20.817554473876953,3.552713678800501e-15,10.02596950531006,10.025969505310059,1.7763568394002505e-15
beijing_24h_3h_station1013_seed2047_center_gru_h8,experiments/results/trainable_matched/predictions/beijing_24h_3h_station1013_seed2047_center_gru_h8.npz,30.62565422058105,30.625654220581055,3.552713678800501e-15,16.774927139282227,16.774927139282227,0.0
beijing_24h_3h_station1013_seed2047_center_gru_h16,experiments/results/trainable_matched/predictions/beijing_24h_3h_station1013_seed2047_center_gru_h16.npz,30.13510131835937,30.135101318359375,3.552713678800501e-15,16.026851654052734,16.026851654052734,0.0
beijing_24h_3h_station1013_seed2047_center_gru_h32,experiments/results/trainable_matched/predictions/beijing_24h_3h_station1013_seed2047_center_gru_h32.npz,30.58489418029785,30.58489418029785,0.0,16.048086166381836,16.048086166381836,0.0
beijing_24h_3h_station1013_seed2047_center_gru_h40,experiments/results/trainable_matched/predictions/beijing_24h_3h_station1013_seed2047_center_gru_h40.npz,30.91084098815918,30.91084098815918,0.0,16.10828971862793,16.10828971862793,0.0
beijing_24h_3h_station1013_seed2047_center_gru_h48,experiments/results/trainable_matched/predictions/beijing_24h_3h_station1013_seed2047_center_gru_h48.npz,30.90009307861328,30.90009307861328,0.0,16.161041259765625,16.161041259765625,0.0
beijing_24h_3h_station1013_seed2047_center_gru_h64,experiments/results/trainable_matched/predictions/beijing_24h_3h_station1013_seed2047_center_gru_h64.npz,31.07174301147461,31.07174301147461,0.0,16.284467697143555,16.284467697143555,0.0
beijing_24h_3h_station1013_seed2047_center_lstm_h8,experiments/results/trainable_matched/predictions/beijing_24h_3h_station1013_seed2047_center_lstm_h8.npz,30.57355499267578,30.57355499267578,0.0,16.851369857788086,16.851369857788086,0.0
beijing_24h_3h_station1013_seed2047_center_lstm_h16,experiments/results/trainable_matched/predictions/beijing_24h_3h_station1013_seed2047_center_lstm_h16.npz,30.18950653076172,30.18950653076172,0.0,16.241727828979492,16.241727828979492,0.0
beijing_24h_3h_station1013_seed2047_center_lstm_h32,experiments/results/trainable_matched/predictions/beijing_24h_3h_station1013_seed2047_center_lstm_h32.npz,30.36873817443848,30.368738174438477,3.552713678800501e-15,16.223543167114258,16.223543167114258,0.0
beijing_24h_3h_station1013_seed2047_center_lstm_h40,experiments/results/trainable_matched/predictions/beijing_24h_3h_station1013_seed2047_center_lstm_h40.npz,30.582504272460938,30.582504272460938,0.0,16.29523468017578,16.29523468017578,0.0
beijing_24h_3h_station1013_seed2047_center_lstm_h48,experiments/results/trainable_matched/predictions/beijing_24h_3h_station1013_seed2047_center_lstm_h48.npz,30.69469451904297,30.69469451904297,0.0,16.37566566467285,16.37566566467285,0.0
beijing_24h_3h_station1013_seed2047_center_lstm_h64,experiments/results/trainable_matched/predictions/beijing_24h_3h_station1013_seed2047_center_lstm_h64.npz,31.323410034179688,31.323410034179688,0.0,16.641029357910156,16.641029357910156,0.0
beijing_24h_3h_station1013_seed2048_center_gru_h8,experiments/results/trainable_matched/predictions/beijing_24h_3h_station1013_seed2048_center_gru_h8.npz,30.594865798950195,30.594865798950195,0.0,16.75864028930664,16.75864028930664,0.0
beijing_24h_3h_station1013_seed2048_center_gru_h16,experiments/results/trainable_matched/predictions/beijing_24h_3h_station1013_seed2048_center_gru_h16.npz,30.08813095092773,30.088130950927734,3.552713678800501e-15,16.118255615234375,16.118255615234375,0.0
beijing_24h_3h_station1013_seed2048_center_gru_h32,experiments/results/trainable_matched/predictions/beijing_24h_3h_station1013_seed2048_center_gru_h32.npz,30.51982879638672,30.51982879638672,0.0,16.061248779296875,16.061248779296875,0.0
beijing_24h_3h_station1013_seed2048_center_gru_h40,experiments/results/trainable_matched/predictions/beijing_24h_3h_station1013_seed2048_center_gru_h40.npz,30.56575584411621,30.56575584411621,0.0,16.077938079833984,16.077938079833984,0.0
beijing_24h_3h_station1013_seed2048_center_gru_h48,experiments/results/trainable_matched/predictions/beijing_24h_3h_station1013_seed2048_center_gru_h48.npz,30.91242027282715,30.91242027282715,0.0,16.119619369506836,16.119619369506836,0.0
beijing_24h_3h_station1013_seed2048_center_gru_h64,experiments/results/trainable_matched/predictions/beijing_24h_3h_station1013_seed2048_center_gru_h64.npz,31.01631546020508,31.016315460205078,3.552713678800501e-15,16.15772819519043,16.15772819519043,0.0
beijing_24h_3h_station1013_seed2048_center_lstm_h8,experiments/results/trainable_matched/predictions/beijing_24h_3h_station1013_seed2048_center_lstm_h8.npz,29.98046112060547,29.98046112060547,0.0,16.335002899169922,16.335002899169922,0.0
beijing_24h_3h_station1013_seed2048_center_lstm_h16,experiments/results/trainable_matched/predictions/beijing_24h_3h_station1013_seed2048_center_lstm_h16.npz,30.06389617919922,30.06389617919922,0.0,16.0578670501709,16.0578670501709,0.0
beijing_24h_3h_station1013_seed2048_center_lstm_h32,experiments/results/trainable_matched/predictions/beijing_24h_3h_station1013_seed2048_center_lstm_h32.npz,30.32789421081543,30.32789421081543,0.0,16.061002731323242,16.061002731323242,0.0
beijing_24h_3h_station1013_seed2048_center_lstm_h40,experiments/results/trainable_matched/predictions/beijing_24h_3h_station1013_seed2048_center_lstm_h40.npz,30.56167221069336,30.56167221069336,0.0,16.107982635498047,16.107982635498047,0.0
beijing_24h_3h_station1013_seed2048_center_lstm_h48,experiments/results/trainable_matched/predictions/beijing_24h_3h_station1013_seed2048_center_lstm_h48.npz,30.73733329772949,30.737333297729492,3.552713678800501e-15,16.236766815185547,16.236766815185547,0.0
beijing_24h_3h_station1013_seed2048_center_lstm_h64,experiments/results/trainable_matched/predictions/beijing_24h_3h_station1013_seed2048_center_lstm_h64.npz,30.72472381591797,30.72472381591797,0.0,16.627410888671875,16.627410888671875,0.0
beijing_24h_3h_station1013_seed2049_center_gru_h8,experiments/results/trainable_matched/predictions/beijing_24h_3h_station1013_seed2049_center_gru_h8.npz,30.26791000366211,30.26791000366211,0.0,16.44607925415039,16.44607925415039,0.0
beijing_24h_3h_station1013_seed2049_center_gru_h16,experiments/results/trainable_matched/predictions/beijing_24h_3h_station1013_seed2049_center_gru_h16.npz,30.27104377746582,30.27104377746582,0.0,16.15183448791504,16.15183448791504,0.0
beijing_24h_3h_station1013_seed2049_center_gru_h32,experiments/results/trainable_matched/predictions/beijing_24h_3h_station1013_seed2049_center_gru_h32.npz,30.546010971069336,30.546010971069336,0.0,16.21719741821289,16.21719741821289,0.0
beijing_24h_3h_station1013_seed2049_center_gru_h40,experiments/results/trainable_matched/predictions/beijing_24h_3h_station1013_seed2049_center_gru_h40.npz,30.672088623046875,30.672088623046875,0.0,16.165599822998047,16.165599822998047,0.0
beijing_24h_3h_station1013_seed2049_center_gru_h48,experiments/results/trainable_matched/predictions/beijing_24h_3h_station1013_seed2049_center_gru_h48.npz,30.772838592529297,30.772838592529297,0.0,16.42560386657715,16.42560386657715,0.0
beijing_24h_3h_station1013_seed2049_center_gru_h64,experiments/results/trainable_matched/predictions/beijing_24h_3h_station1013_seed2049_center_gru_h64.npz,31.05468368530273,31.054683685302734,3.552713678800501e-15,16.195024490356445,16.195024490356445,0.0
beijing_24h_3h_station1013_seed2049_center_lstm_h8,experiments/results/trainable_matched/predictions/beijing_24h_3h_station1013_seed2049_center_lstm_h8.npz,30.085708618164062,30.085708618164062,0.0,16.29197883605957,16.29197883605957,0.0
beijing_24h_3h_station1013_seed2049_center_lstm_h16,experiments/results/trainable_matched/predictions/beijing_24h_3h_station1013_seed2049_center_lstm_h16.npz,30.05480194091797,30.05480194091797,0.0,16.123659133911133,16.123659133911133,0.0
beijing_24h_3h_station1013_seed2049_center_lstm_h32,experiments/results/trainable_matched/predictions/beijing_24h_3h_station1013_seed2049_center_lstm_h32.npz,30.51737594604492,30.517375946044922,3.552713678800501e-15,15.850622177124023,15.850622177124023,0.0
beijing_24h_3h_station1013_seed2049_center_lstm_h40,experiments/results/trainable_matched/predictions/beijing_24h_3h_station1013_seed2049_center_lstm_h40.npz,30.83398056030273,30.833980560302734,3.552713678800501e-15,16.368915557861328,16.368915557861328,0.0
beijing_24h_3h_station1013_seed2049_center_lstm_h48,experiments/results/trainable_matched/predictions/beijing_24h_3h_station1013_seed2049_center_lstm_h48.npz,30.807056427001957,30.807056427001953,3.552713678800501e-15,16.415874481201172,16.415874481201172,0.0
beijing_24h_3h_station1013_seed2049_center_lstm_h64,experiments/results/trainable_matched/predictions/beijing_24h_3h_station1013_seed2049_center_lstm_h64.npz,30.848285675048828,30.848285675048828,0.0,16.16905403137207,16.16905403137207,0.0
beijing_24h_6h_station1013_seed2047_center_gru_h8,experiments/results/trainable_matched/predictions/beijing_24h_6h_station1013_seed2047_center_gru_h8.npz,39.38686752319336,39.38686752319336,0.0,23.29209518432617,23.292095184326172,3.552713678800501e-15
beijing_24h_6h_station1013_seed2047_center_gru_h16,experiments/results/trainable_matched/predictions/beijing_24h_6h_station1013_seed2047_center_gru_h16.npz,39.3686408996582,39.3686408996582,0.0,22.94499015808105,22.944990158081055,3.552713678800501e-15
beijing_24h_6h_station1013_seed2047_center_gru_h32,experiments/results/trainable_matched/predictions/beijing_24h_6h_station1013_seed2047_center_gru_h32.npz,39.49423599243164,39.49423599243164,0.0,22.798545837402344,22.798545837402344,0.0
beijing_24h_6h_station1013_seed2047_center_gru_h40,experiments/results/trainable_matched/predictions/beijing_24h_6h_station1013_seed2047_center_gru_h40.npz,39.81027221679688,39.810272216796875,7.105427357601002e-15,23.33418655395508,23.334186553955078,3.552713678800501e-15
beijing_24h_6h_station1013_seed2047_center_gru_h48,experiments/results/trainable_matched/predictions/beijing_24h_6h_station1013_seed2047_center_gru_h48.npz,39.67632675170898,39.676326751708984,7.105427357601002e-15,23.1135311126709,23.1135311126709,0.0
beijing_24h_6h_station1013_seed2047_center_gru_h64,experiments/results/trainable_matched/predictions/beijing_24h_6h_station1013_seed2047_center_gru_h64.npz,40.17165756225586,40.17165756225586,0.0,23.38669204711914,23.38669204711914,0.0
beijing_24h_6h_station1013_seed2047_center_lstm_h8,experiments/results/trainable_matched/predictions/beijing_24h_6h_station1013_seed2047_center_lstm_h8.npz,39.64012145996094,39.64012145996094,0.0,23.55817031860352,23.558170318603516,3.552713678800501e-15
beijing_24h_6h_station1013_seed2047_center_lstm_h16,experiments/results/trainable_matched/predictions/beijing_24h_6h_station1013_seed2047_center_lstm_h16.npz,39.24651336669922,39.24651336669922,0.0,22.85591506958008,22.855915069580078,3.552713678800501e-15
beijing_24h_6h_station1013_seed2047_center_lstm_h32,experiments/results/trainable_matched/predictions/beijing_24h_6h_station1013_seed2047_center_lstm_h32.npz,40.00751876831055,40.00751876831055,0.0,23.230632781982425,23.230632781982422,3.552713678800501e-15
beijing_24h_6h_station1013_seed2047_center_lstm_h40,experiments/results/trainable_matched/predictions/beijing_24h_6h_station1013_seed2047_center_lstm_h40.npz,40.427284240722656,40.427284240722656,0.0,23.75285530090332,23.75285530090332,0.0
beijing_24h_6h_station1013_seed2047_center_lstm_h48,experiments/results/trainable_matched/predictions/beijing_24h_6h_station1013_seed2047_center_lstm_h48.npz,40.11107635498047,40.11107635498047,0.0,23.350500106811523,23.350500106811523,0.0
beijing_24h_6h_station1013_seed2047_center_lstm_h64,experiments/results/trainable_matched/predictions/beijing_24h_6h_station1013_seed2047_center_lstm_h64.npz,40.06491088867188,40.064910888671875,7.105427357601002e-15,23.26478385925293,23.26478385925293,0.0
beijing_24h_6h_station1013_seed2048_center_gru_h8,experiments/results/trainable_matched/predictions/beijing_24h_6h_station1013_seed2048_center_gru_h8.npz,39.16203308105469,39.16203308105469,0.0,23.005754470825195,23.005754470825195,0.0
beijing_24h_6h_station1013_seed2048_center_gru_h16,experiments/results/trainable_matched/predictions/beijing_24h_6h_station1013_seed2048_center_gru_h16.npz,39.16720199584961,39.16720199584961,0.0,22.77746963500977,22.777469635009766,3.552713678800501e-15
beijing_24h_6h_station1013_seed2048_center_gru_h32,experiments/results/trainable_matched/predictions/beijing_24h_6h_station1013_seed2048_center_gru_h32.npz,39.48675537109375,39.48675537109375,0.0,22.75035858154297,22.75035858154297,0.0
beijing_24h_6h_station1013_seed2048_center_gru_h40,experiments/results/trainable_matched/predictions/beijing_24h_6h_station1013_seed2048_center_gru_h40.npz,39.624019622802734,39.624019622802734,0.0,22.82394027709961,22.82394027709961,0.0
beijing_24h_6h_station1013_seed2048_center_gru_h48,experiments/results/trainable_matched/predictions/beijing_24h_6h_station1013_seed2048_center_gru_h48.npz,39.74098205566406,39.74098205566406,0.0,23.285818099975582,23.285818099975586,3.552713678800501e-15
beijing_24h_6h_station1013_seed2048_center_gru_h64,experiments/results/trainable_matched/predictions/beijing_24h_6h_station1013_seed2048_center_gru_h64.npz,40.04659271240234,40.046592712402344,7.105427357601002e-15,23.261625289916992,23.261625289916992,0.0
beijing_24h_6h_station1013_seed2048_center_lstm_h8,experiments/results/trainable_matched/predictions/beijing_24h_6h_station1013_seed2048_center_lstm_h8.npz,39.35316848754883,39.35316848754883,0.0,23.24721336364746,23.24721336364746,0.0
beijing_24h_6h_station1013_seed2048_center_lstm_h16,experiments/results/trainable_matched/predictions/beijing_24h_6h_station1013_seed2048_center_lstm_h16.npz,39.27251052856445,39.27251052856445,0.0,22.79801750183105,22.798017501831055,3.552713678800501e-15
beijing_24h_6h_station1013_seed2048_center_lstm_h32,experiments/results/trainable_matched/predictions/beijing_24h_6h_station1013_seed2048_center_lstm_h32.npz,39.59102249145508,39.59102249145508,0.0,23.189912796020508,23.189912796020508,0.0
beijing_24h_6h_station1013_seed2048_center_lstm_h40,experiments/results/trainable_matched/predictions/beijing_24h_6h_station1013_seed2048_center_lstm_h40.npz,40.1186637878418,40.1186637878418,0.0,23.23375701904297,23.23375701904297,0.0
beijing_24h_6h_station1013_seed2048_center_lstm_h48,experiments/results/trainable_matched/predictions/beijing_24h_6h_station1013_seed2048_center_lstm_h48.npz,44.80952072143555,44.80952072143555,0.0,29.614416122436523,29.614416122436523,0.0
beijing_24h_6h_station1013_seed2048_center_lstm_h64,experiments/results/trainable_matched/predictions/beijing_24h_6h_station1013_seed2048_center_lstm_h64.npz,40.50178909301758,40.50178909301758,0.0,23.28187561035156,23.281875610351562,3.552713678800501e-15
beijing_24h_6h_station1013_seed2049_center_gru_h8,experiments/results/trainable_matched/predictions/beijing_24h_6h_station1013_seed2049_center_gru_h8.npz,39.55599212646485,39.555992126464844,7.105427357601002e-15,23.290733337402344,23.290733337402344,0.0
beijing_24h_6h_station1013_seed2049_center_gru_h16,experiments/results/trainable_matched/predictions/beijing_24h_6h_station1013_seed2049_center_gru_h16.npz,39.236698150634766,39.236698150634766,0.0,22.889705657958984,22.889705657958984,0.0
beijing_24h_6h_station1013_seed2049_center_gru_h32,experiments/results/trainable_matched/predictions/beijing_24h_6h_station1013_seed2049_center_gru_h32.npz,39.58393478393555,39.58393478393555,0.0,22.633020401000977,22.633020401000977,0.0
beijing_24h_6h_station1013_seed2049_center_gru_h40,experiments/results/trainable_matched/predictions/beijing_24h_6h_station1013_seed2049_center_gru_h40.npz,39.54661560058594,39.54661560058594,0.0,22.762699127197266,22.762699127197266,0.0
beijing_24h_6h_station1013_seed2049_center_gru_h48,experiments/results/trainable_matched/predictions/beijing_24h_6h_station1013_seed2049_center_gru_h48.npz,39.76203155517578,39.76203155517578,0.0,23.04623413085937,23.046234130859375,3.552713678800501e-15
beijing_24h_6h_station1013_seed2049_center_gru_h64,experiments/results/trainable_matched/predictions/beijing_24h_6h_station1013_seed2049_center_gru_h64.npz,39.7849235534668,39.7849235534668,0.0,22.888357162475582,22.888357162475586,3.552713678800501e-15
beijing_24h_6h_station1013_seed2049_center_lstm_h8,experiments/results/trainable_matched/predictions/beijing_24h_6h_station1013_seed2049_center_lstm_h8.npz,39.12905502319336,39.12905502319336,0.0,23.017087936401367,23.017087936401367,0.0
beijing_24h_6h_station1013_seed2049_center_lstm_h16,experiments/results/trainable_matched/predictions/beijing_24h_6h_station1013_seed2049_center_lstm_h16.npz,39.41688919067383,39.41688919067383,0.0,22.93878555297852,22.938785552978516,3.552713678800501e-15
beijing_24h_6h_station1013_seed2049_center_lstm_h32,experiments/results/trainable_matched/predictions/beijing_24h_6h_station1013_seed2049_center_lstm_h32.npz,40.01264953613281,40.01264953613281,0.0,23.528867721557617,23.528867721557617,0.0
beijing_24h_6h_station1013_seed2049_center_lstm_h40,experiments/results/trainable_matched/predictions/beijing_24h_6h_station1013_seed2049_center_lstm_h40.npz,39.74363708496094,39.74363708496094,0.0,23.264862060546875,23.264862060546875,0.0
beijing_24h_6h_station1013_seed2049_center_lstm_h48,experiments/results/trainable_matched/predictions/beijing_24h_6h_station1013_seed2049_center_lstm_h48.npz,40.28075408935547,40.28075408935547,0.0,23.77743530273437,23.777435302734375,3.552713678800501e-15
beijing_24h_6h_station1013_seed2049_center_lstm_h64,experiments/results/trainable_matched/predictions/beijing_24h_6h_station1013_seed2049_center_lstm_h64.npz,40.40713882446289,40.40713882446289,0.0,23.335981369018555,23.335981369018555,0.0
beijing_24h_12h_station1013_seed2047_center_gru_h8,experiments/results/trainable_matched/predictions/beijing_24h_12h_station1013_seed2047_center_gru_h8.npz,49.641845703125,49.641845703125,0.0,31.883621215820312,31.883621215820312,0.0
beijing_24h_12h_station1013_seed2047_center_gru_h16,experiments/results/trainable_matched/predictions/beijing_24h_12h_station1013_seed2047_center_gru_h16.npz,49.590240478515625,49.590240478515625,0.0,31.614917755126957,31.614917755126953,3.552713678800501e-15
beijing_24h_12h_station1013_seed2047_center_gru_h32,experiments/results/trainable_matched/predictions/beijing_24h_12h_station1013_seed2047_center_gru_h32.npz,49.68776321411133,49.68776321411133,0.0,31.792633056640625,31.792633056640625,0.0
beijing_24h_12h_station1013_seed2047_center_gru_h40,experiments/results/trainable_matched/predictions/beijing_24h_12h_station1013_seed2047_center_gru_h40.npz,49.94783782958984,49.947837829589844,7.105427357601002e-15,31.94079971313477,31.940799713134766,3.552713678800501e-15
beijing_24h_12h_station1013_seed2047_center_gru_h48,experiments/results/trainable_matched/predictions/beijing_24h_12h_station1013_seed2047_center_gru_h48.npz,49.97288513183594,49.97288513183594,0.0,31.70985412597656,31.709854125976562,3.552713678800501e-15
beijing_24h_12h_station1013_seed2047_center_gru_h64,experiments/results/trainable_matched/predictions/beijing_24h_12h_station1013_seed2047_center_gru_h64.npz,50.33211135864258,50.33211135864258,0.0,31.830341339111328,31.830341339111328,0.0
beijing_24h_12h_station1013_seed2047_center_lstm_h8,experiments/results/trainable_matched/predictions/beijing_24h_12h_station1013_seed2047_center_lstm_h8.npz,49.73011016845703,49.73011016845703,0.0,31.88894271850586,31.88894271850586,0.0
beijing_24h_12h_station1013_seed2047_center_lstm_h16,experiments/results/trainable_matched/predictions/beijing_24h_12h_station1013_seed2047_center_lstm_h16.npz,49.59591674804688,49.595916748046875,7.105427357601002e-15,31.63310813903809,31.633108139038086,3.552713678800501e-15
beijing_24h_12h_station1013_seed2047_center_lstm_h32,experiments/results/trainable_matched/predictions/beijing_24h_12h_station1013_seed2047_center_lstm_h32.npz,50.23648071289063,50.236480712890625,7.105427357601002e-15,31.917875289916992,31.917875289916992,0.0
beijing_24h_12h_station1013_seed2047_center_lstm_h40,experiments/results/trainable_matched/predictions/beijing_24h_12h_station1013_seed2047_center_lstm_h40.npz,50.89696502685547,50.89696502685547,0.0,33.223968505859375,33.223968505859375,0.0
beijing_24h_12h_station1013_seed2047_center_lstm_h48,experiments/results/trainable_matched/predictions/beijing_24h_12h_station1013_seed2047_center_lstm_h48.npz,50.76353454589844,50.76353454589844,0.0,32.540626525878906,32.540626525878906,0.0
beijing_24h_12h_station1013_seed2047_center_lstm_h64,experiments/results/trainable_matched/predictions/beijing_24h_12h_station1013_seed2047_center_lstm_h64.npz,51.23141479492188,51.231414794921875,7.105427357601002e-15,33.112430572509766,33.112430572509766,0.0
beijing_24h_12h_station1013_seed2048_center_gru_h8,experiments/results/trainable_matched/predictions/beijing_24h_12h_station1013_seed2048_center_gru_h8.npz,49.6767807006836,49.676780700683594,7.105427357601002e-15,31.888547897338867,31.888547897338867,0.0
beijing_24h_12h_station1013_seed2048_center_gru_h16,experiments/results/trainable_matched/predictions/beijing_24h_12h_station1013_seed2048_center_gru_h16.npz,49.589603424072266,49.589603424072266,0.0,31.594633102416992,31.594633102416992,0.0
beijing_24h_12h_station1013_seed2048_center_gru_h32,experiments/results/trainable_matched/predictions/beijing_24h_12h_station1013_seed2048_center_gru_h32.npz,49.4965934753418,49.4965934753418,0.0,31.553842544555664,31.553842544555664,0.0
beijing_24h_12h_station1013_seed2048_center_gru_h40,experiments/results/trainable_matched/predictions/beijing_24h_12h_station1013_seed2048_center_gru_h40.npz,49.88566589355469,49.88566589355469,0.0,31.754505157470703,31.754505157470703,0.0
beijing_24h_12h_station1013_seed2048_center_gru_h48,experiments/results/trainable_matched/predictions/beijing_24h_12h_station1013_seed2048_center_gru_h48.npz,49.69941711425781,49.69941711425781,0.0,31.741056442260746,31.741056442260742,3.552713678800501e-15
beijing_24h_12h_station1013_seed2048_center_gru_h64,experiments/results/trainable_matched/predictions/beijing_24h_12h_station1013_seed2048_center_gru_h64.npz,50.08837890625,50.08837890625,0.0,31.658159255981445,31.658159255981445,0.0
beijing_24h_12h_station1013_seed2048_center_lstm_h8,experiments/results/trainable_matched/predictions/beijing_24h_12h_station1013_seed2048_center_lstm_h8.npz,49.78678894042969,49.78678894042969,0.0,31.886627197265625,31.886627197265625,0.0
beijing_24h_12h_station1013_seed2048_center_lstm_h16,experiments/results/trainable_matched/predictions/beijing_24h_12h_station1013_seed2048_center_lstm_h16.npz,49.70088195800781,49.70088195800781,0.0,31.57262420654297,31.57262420654297,0.0
beijing_24h_12h_station1013_seed2048_center_lstm_h32,experiments/results/trainable_matched/predictions/beijing_24h_12h_station1013_seed2048_center_lstm_h32.npz,50.82537078857422,50.82537078857422,0.0,32.84188461303711,32.84188461303711,0.0
beijing_24h_12h_station1013_seed2048_center_lstm_h40,experiments/results/trainable_matched/predictions/beijing_24h_12h_station1013_seed2048_center_lstm_h40.npz,50.90793991088867,50.90793991088867,0.0,32.23883819580078,32.23883819580078,0.0
beijing_24h_12h_station1013_seed2048_center_lstm_h48,experiments/results/trainable_matched/predictions/beijing_24h_12h_station1013_seed2048_center_lstm_h48.npz,50.77540969848633,50.77540969848633,0.0,32.738460540771484,32.738460540771484,0.0
beijing_24h_12h_station1013_seed2048_center_lstm_h64,experiments/results/trainable_matched/predictions/beijing_24h_12h_station1013_seed2048_center_lstm_h64.npz,50.76961517333984,50.769615173339844,7.105427357601002e-15,32.687252044677734,32.687252044677734,0.0
beijing_24h_12h_station1013_seed2049_center_gru_h8,experiments/results/trainable_matched/predictions/beijing_24h_12h_station1013_seed2049_center_gru_h8.npz,49.64041519165039,49.64041519165039,0.0,31.859041213989254,31.859041213989258,3.552713678800501e-15
beijing_24h_12h_station1013_seed2049_center_gru_h16,experiments/results/trainable_matched/predictions/beijing_24h_12h_station1013_seed2049_center_gru_h16.npz,49.63439178466797,49.63439178466797,0.0,31.657724380493164,31.657724380493164,0.0
beijing_24h_12h_station1013_seed2049_center_gru_h32,experiments/results/trainable_matched/predictions/beijing_24h_12h_station1013_seed2049_center_gru_h32.npz,49.73295211791992,49.73295211791992,0.0,31.87858009338379,31.87858009338379,0.0
beijing_24h_12h_station1013_seed2049_center_gru_h40,experiments/results/trainable_matched/predictions/beijing_24h_12h_station1013_seed2049_center_gru_h40.npz,49.91852569580078,49.91852569580078,0.0,32.48347473144531,32.48347473144531,0.0
beijing_24h_12h_station1013_seed2049_center_gru_h48,experiments/results/trainable_matched/predictions/beijing_24h_12h_station1013_seed2049_center_gru_h48.npz,49.827369689941406,49.827369689941406,0.0,32.37078094482422,32.37078094482422,0.0
beijing_24h_12h_station1013_seed2049_center_gru_h64,experiments/results/trainable_matched/predictions/beijing_24h_12h_station1013_seed2049_center_gru_h64.npz,50.525821685791016,50.525821685791016,0.0,32.10297393798828,32.10297393798828,0.0
beijing_24h_12h_station1013_seed2049_center_lstm_h8,experiments/results/trainable_matched/predictions/beijing_24h_12h_station1013_seed2049_center_lstm_h8.npz,49.70969009399414,49.70969009399414,0.0,31.891481399536133,31.891481399536133,0.0
beijing_24h_12h_station1013_seed2049_center_lstm_h16,experiments/results/trainable_matched/predictions/beijing_24h_12h_station1013_seed2049_center_lstm_h16.npz,49.71718597412109,49.717185974121094,7.105427357601002e-15,32.27756118774414,32.27756118774414,0.0
beijing_24h_12h_station1013_seed2049_center_lstm_h32,experiments/results/trainable_matched/predictions/beijing_24h_12h_station1013_seed2049_center_lstm_h32.npz,50.91132354736328,50.91132354736328,0.0,32.48948287963867,32.48948287963867,0.0
beijing_24h_12h_station1013_seed2049_center_lstm_h40,experiments/results/trainable_matched/predictions/beijing_24h_12h_station1013_seed2049_center_lstm_h40.npz,50.79112243652344,50.79112243652344,0.0,32.64799880981445,32.64799880981445,0.0
beijing_24h_12h_station1013_seed2049_center_lstm_h48,experiments/results/trainable_matched/predictions/beijing_24h_12h_station1013_seed2049_center_lstm_h48.npz,51.208717346191406,51.208717346191406,0.0,33.01826858520508,33.01826858520508,0.0
beijing_24h_12h_station1013_seed2049_center_lstm_h64,experiments/results/trainable_matched/predictions/beijing_24h_12h_station1013_seed2049_center_lstm_h64.npz,51.50630187988281,51.50630187988281,0.0,33.31023025512695,33.31023025512695,0.0
beijing_24h_24h_station1013_seed2047_center_gru_h8,experiments/results/trainable_matched/predictions/beijing_24h_24h_station1013_seed2047_center_gru_h8.npz,59.61714553833008,59.61714553833008,0.0,41.1345329284668,41.1345329284668,0.0
beijing_24h_24h_station1013_seed2047_center_gru_h16,experiments/results/trainable_matched/predictions/beijing_24h_24h_station1013_seed2047_center_gru_h16.npz,59.50938415527344,59.50938415527344,0.0,41.252708435058594,41.252708435058594,0.0
beijing_24h_24h_station1013_seed2047_center_gru_h32,experiments/results/trainable_matched/predictions/beijing_24h_24h_station1013_seed2047_center_gru_h32.npz,59.91958236694336,59.91958236694336,0.0,41.87066650390625,41.87066650390625,0.0
beijing_24h_24h_station1013_seed2047_center_gru_h40,experiments/results/trainable_matched/predictions/beijing_24h_24h_station1013_seed2047_center_gru_h40.npz,59.84951400756836,59.84951400756836,0.0,41.77001190185547,41.77001190185547,0.0
beijing_24h_24h_station1013_seed2047_center_gru_h48,experiments/results/trainable_matched/predictions/beijing_24h_24h_station1013_seed2047_center_gru_h48.npz,59.63014221191406,59.63014221191406,0.0,41.15822982788086,41.15822982788086,0.0
beijing_24h_24h_station1013_seed2047_center_gru_h64,experiments/results/trainable_matched/predictions/beijing_24h_24h_station1013_seed2047_center_gru_h64.npz,59.97663116455078,59.97663116455078,0.0,41.828857421875,41.828857421875,0.0
beijing_24h_24h_station1013_seed2047_center_lstm_h8,experiments/results/trainable_matched/predictions/beijing_24h_24h_station1013_seed2047_center_lstm_h8.npz,59.67770767211914,59.67770767211914,0.0,41.34209442138672,41.34209442138672,0.0
beijing_24h_24h_station1013_seed2047_center_lstm_h16,experiments/results/trainable_matched/predictions/beijing_24h_24h_station1013_seed2047_center_lstm_h16.npz,60.4175033569336,60.417503356933594,7.105427357601002e-15,41.67105865478516,41.671058654785156,7.105427357601002e-15
beijing_24h_24h_station1013_seed2047_center_lstm_h32,experiments/results/trainable_matched/predictions/beijing_24h_24h_station1013_seed2047_center_lstm_h32.npz,59.97614669799805,59.97614669799805,0.0,40.92617034912109,40.926170349121094,7.105427357601002e-15
beijing_24h_24h_station1013_seed2047_center_lstm_h40,experiments/results/trainable_matched/predictions/beijing_24h_24h_station1013_seed2047_center_lstm_h40.npz,60.60441589355469,60.60441589355469,0.0,41.36920166015625,41.36920166015625,0.0
beijing_24h_24h_station1013_seed2047_center_lstm_h48,experiments/results/trainable_matched/predictions/beijing_24h_24h_station1013_seed2047_center_lstm_h48.npz,60.4775276184082,60.4775276184082,0.0,41.69855117797852,41.698551177978516,7.105427357601002e-15
beijing_24h_24h_station1013_seed2047_center_lstm_h64,experiments/results/trainable_matched/predictions/beijing_24h_24h_station1013_seed2047_center_lstm_h64.npz,60.77790451049805,60.77790451049805,0.0,42.30657577514648,42.306575775146484,7.105427357601002e-15
beijing_24h_24h_station1013_seed2048_center_gru_h8,experiments/results/trainable_matched/predictions/beijing_24h_24h_station1013_seed2048_center_gru_h8.npz,59.70851135253906,59.70851135253906,0.0,41.06124496459961,41.06124496459961,0.0
beijing_24h_24h_station1013_seed2048_center_gru_h16,experiments/results/trainable_matched/predictions/beijing_24h_24h_station1013_seed2048_center_gru_h16.npz,59.65392303466797,59.65392303466797,0.0,41.06898880004883,41.06898880004883,0.0
beijing_24h_24h_station1013_seed2048_center_gru_h32,experiments/results/trainable_matched/predictions/beijing_24h_24h_station1013_seed2048_center_gru_h32.npz,59.58254623413086,59.58254623413086,0.0,41.10014343261719,41.10014343261719,0.0
beijing_24h_24h_station1013_seed2048_center_gru_h40,experiments/results/trainable_matched/predictions/beijing_24h_24h_station1013_seed2048_center_gru_h40.npz,59.68999099731445,59.68999099731445,0.0,41.29111099243164,41.29111099243164,0.0
beijing_24h_24h_station1013_seed2048_center_gru_h48,experiments/results/trainable_matched/predictions/beijing_24h_24h_station1013_seed2048_center_gru_h48.npz,59.618534088134766,59.618534088134766,0.0,41.22886657714844,41.22886657714844,0.0
beijing_24h_24h_station1013_seed2048_center_gru_h64,experiments/results/trainable_matched/predictions/beijing_24h_24h_station1013_seed2048_center_gru_h64.npz,59.58458709716797,59.58458709716797,0.0,41.13483810424805,41.13483810424805,0.0
beijing_24h_24h_station1013_seed2048_center_lstm_h8,experiments/results/trainable_matched/predictions/beijing_24h_24h_station1013_seed2048_center_lstm_h8.npz,59.79183578491211,59.79183578491211,0.0,41.29150390625,41.29150390625,0.0
beijing_24h_24h_station1013_seed2048_center_lstm_h16,experiments/results/trainable_matched/predictions/beijing_24h_24h_station1013_seed2048_center_lstm_h16.npz,60.2568473815918,60.2568473815918,0.0,41.39687347412109,41.396873474121094,7.105427357601002e-15
beijing_24h_24h_station1013_seed2048_center_lstm_h32,experiments/results/trainable_matched/predictions/beijing_24h_24h_station1013_seed2048_center_lstm_h32.npz,60.16029357910156,60.16029357910156,0.0,41.50163269042969,41.50163269042969,0.0
beijing_24h_24h_station1013_seed2048_center_lstm_h40,experiments/results/trainable_matched/predictions/beijing_24h_24h_station1013_seed2048_center_lstm_h40.npz,60.43709564208984,60.437095642089844,7.105427357601002e-15,41.54825973510742,41.54825973510742,0.0
beijing_24h_24h_station1013_seed2048_center_lstm_h48,experiments/results/trainable_matched/predictions/beijing_24h_24h_station1013_seed2048_center_lstm_h48.npz,60.19161224365234,60.191612243652344,7.105427357601002e-15,41.81722640991211,41.81722640991211,0.0
beijing_24h_24h_station1013_seed2048_center_lstm_h64,experiments/results/trainable_matched/predictions/beijing_24h_24h_station1013_seed2048_center_lstm_h64.npz,62.34447479248047,62.34447479248047,0.0,42.30854797363281,42.30854797363281,0.0
beijing_24h_24h_station1013_seed2049_center_gru_h8,experiments/results/trainable_matched/predictions/beijing_24h_24h_station1013_seed2049_center_gru_h8.npz,59.61150741577149,59.611507415771484,7.105427357601002e-15,41.213897705078125,41.213897705078125,0.0
beijing_24h_24h_station1013_seed2049_center_gru_h16,experiments/results/trainable_matched/predictions/beijing_24h_24h_station1013_seed2049_center_gru_h16.npz,59.59184646606445,59.59184646606445,0.0,41.12873077392578,41.12873077392578,0.0
beijing_24h_24h_station1013_seed2049_center_gru_h32,experiments/results/trainable_matched/predictions/beijing_24h_24h_station1013_seed2049_center_gru_h32.npz,59.7168197631836,59.716819763183594,7.105427357601002e-15,41.46489715576172,41.46489715576172,0.0
beijing_24h_24h_station1013_seed2049_center_gru_h40,experiments/results/trainable_matched/predictions/beijing_24h_24h_station1013_seed2049_center_gru_h40.npz,59.93280792236328,59.93280792236328,0.0,41.68819427490234,41.688194274902344,7.105427357601002e-15
beijing_24h_24h_station1013_seed2049_center_gru_h48,experiments/results/trainable_matched/predictions/beijing_24h_24h_station1013_seed2049_center_gru_h48.npz,59.7934455871582,59.7934455871582,0.0,41.41920471191406,41.41920471191406,0.0
beijing_24h_24h_station1013_seed2049_center_gru_h64,experiments/results/trainable_matched/predictions/beijing_24h_24h_station1013_seed2049_center_gru_h64.npz,59.80893707275391,59.808937072753906,7.105427357601002e-15,41.2634162902832,41.2634162902832,0.0
beijing_24h_24h_station1013_seed2049_center_lstm_h8,experiments/results/trainable_matched/predictions/beijing_24h_24h_station1013_seed2049_center_lstm_h8.npz,59.84556579589844,59.84556579589844,0.0,41.40068435668945,41.40068435668945,0.0
beijing_24h_24h_station1013_seed2049_center_lstm_h16,experiments/results/trainable_matched/predictions/beijing_24h_24h_station1013_seed2049_center_lstm_h16.npz,60.02793884277344,60.02793884277344,0.0,41.37799072265625,41.37799072265625,0.0
beijing_24h_24h_station1013_seed2049_center_lstm_h32,experiments/results/trainable_matched/predictions/beijing_24h_24h_station1013_seed2049_center_lstm_h32.npz,60.25818634033203,60.25818634033203,0.0,41.7120361328125,41.7120361328125,0.0
beijing_24h_24h_station1013_seed2049_center_lstm_h40,experiments/results/trainable_matched/predictions/beijing_24h_24h_station1013_seed2049_center_lstm_h40.npz,60.22876739501953,60.22876739501953,0.0,41.57270812988281,41.57270812988281,0.0
beijing_24h_24h_station1013_seed2049_center_lstm_h48,experiments/results/trainable_matched/predictions/beijing_24h_24h_station1013_seed2049_center_lstm_h48.npz,60.270606994628906,60.270606994628906,0.0,41.79100799560547,41.79100799560547,0.0
beijing_24h_24h_station1013_seed2049_center_lstm_h64,experiments/results/trainable_matched/predictions/beijing_24h_24h_station1013_seed2049_center_lstm_h64.npz,60.36003494262695,60.36003494262695,0.0,41.519866943359375,41.519866943359375,0.0
beijing_48h_1h_station1013_seed2047_center_gru_h8,experiments/results/trainable_matched/predictions/beijing_48h_1h_station1013_seed2047_center_gru_h8.npz,19.8933162689209,19.8933162689209,0.0,9.914934158325195,9.914934158325195,0.0
beijing_48h_1h_station1013_seed2047_center_gru_h16,experiments/results/trainable_matched/predictions/beijing_48h_1h_station1013_seed2047_center_gru_h16.npz,20.32415580749512,20.324155807495117,3.552713678800501e-15,9.943659782409668,9.943659782409668,0.0
beijing_48h_1h_station1013_seed2047_center_gru_h32,experiments/results/trainable_matched/predictions/beijing_48h_1h_station1013_seed2047_center_gru_h32.npz,20.83422088623047,20.83422088623047,0.0,10.065110206604004,10.065110206604004,0.0
beijing_48h_1h_station1013_seed2047_center_gru_h40,experiments/results/trainable_matched/predictions/beijing_48h_1h_station1013_seed2047_center_gru_h40.npz,21.08851623535156,21.088516235351562,3.552713678800501e-15,9.922213554382324,9.922213554382324,0.0
beijing_48h_1h_station1013_seed2047_center_gru_h48,experiments/results/trainable_matched/predictions/beijing_48h_1h_station1013_seed2047_center_gru_h48.npz,21.288856506347656,21.288856506347656,0.0,10.02176570892334,10.02176570892334,0.0
beijing_48h_1h_station1013_seed2047_center_gru_h64,experiments/results/trainable_matched/predictions/beijing_48h_1h_station1013_seed2047_center_gru_h64.npz,21.21710205078125,21.21710205078125,0.0,10.093172073364258,10.093172073364258,0.0
beijing_48h_1h_station1013_seed2047_center_lstm_h8,experiments/results/trainable_matched/predictions/beijing_48h_1h_station1013_seed2047_center_lstm_h8.npz,20.647476196289062,20.647476196289062,0.0,10.380459785461426,10.380459785461426,0.0
beijing_48h_1h_station1013_seed2047_center_lstm_h16,experiments/results/trainable_matched/predictions/beijing_48h_1h_station1013_seed2047_center_lstm_h16.npz,20.20436286926269,20.204362869262695,3.552713678800501e-15,10.025431632995604,10.025431632995605,1.7763568394002505e-15
beijing_48h_1h_station1013_seed2047_center_lstm_h32,experiments/results/trainable_matched/predictions/beijing_48h_1h_station1013_seed2047_center_lstm_h32.npz,20.442703247070312,20.442703247070312,0.0,9.769685745239258,9.769685745239258,0.0
beijing_48h_1h_station1013_seed2047_center_lstm_h40,experiments/results/trainable_matched/predictions/beijing_48h_1h_station1013_seed2047_center_lstm_h40.npz,20.548213958740234,20.548213958740234,0.0,10.074854850769045,10.074854850769043,1.7763568394002505e-15
beijing_48h_1h_station1013_seed2047_center_lstm_h48,experiments/results/trainable_matched/predictions/beijing_48h_1h_station1013_seed2047_center_lstm_h48.npz,20.606847763061523,20.606847763061523,0.0,9.936585426330566,9.936585426330566,0.0
beijing_48h_1h_station1013_seed2047_center_lstm_h64,experiments/results/trainable_matched/predictions/beijing_48h_1h_station1013_seed2047_center_lstm_h64.npz,20.99703598022461,20.99703598022461,0.0,10.1099853515625,10.1099853515625,0.0
beijing_48h_1h_station1013_seed2048_center_gru_h8,experiments/results/trainable_matched/predictions/beijing_48h_1h_station1013_seed2048_center_gru_h8.npz,20.42927360534668,20.42927360534668,0.0,10.087717056274414,10.087717056274414,0.0
beijing_48h_1h_station1013_seed2048_center_gru_h16,experiments/results/trainable_matched/predictions/beijing_48h_1h_station1013_seed2048_center_gru_h16.npz,20.44131088256836,20.44131088256836,0.0,9.98186492919922,9.981864929199219,1.7763568394002505e-15
beijing_48h_1h_station1013_seed2048_center_gru_h32,experiments/results/trainable_matched/predictions/beijing_48h_1h_station1013_seed2048_center_gru_h32.npz,20.77253150939941,20.772531509399414,3.552713678800501e-15,9.937143325805664,9.937143325805664,0.0
beijing_48h_1h_station1013_seed2048_center_gru_h40,experiments/results/trainable_matched/predictions/beijing_48h_1h_station1013_seed2048_center_gru_h40.npz,20.765213012695312,20.765213012695312,0.0,9.95476531982422,9.954765319824219,1.7763568394002505e-15
beijing_48h_1h_station1013_seed2048_center_gru_h48,experiments/results/trainable_matched/predictions/beijing_48h_1h_station1013_seed2048_center_gru_h48.npz,20.926788330078125,20.926788330078125,0.0,9.958292961120604,9.958292961120605,1.7763568394002505e-15
beijing_48h_1h_station1013_seed2048_center_gru_h64,experiments/results/trainable_matched/predictions/beijing_48h_1h_station1013_seed2048_center_gru_h64.npz,21.18109893798828,21.18109893798828,0.0,10.050692558288574,10.050692558288574,0.0
beijing_48h_1h_station1013_seed2048_center_lstm_h8,experiments/results/trainable_matched/predictions/beijing_48h_1h_station1013_seed2048_center_lstm_h8.npz,21.12456703186035,21.12456703186035,0.0,10.790546417236328,10.790546417236328,0.0
beijing_48h_1h_station1013_seed2048_center_lstm_h16,experiments/results/trainable_matched/predictions/beijing_48h_1h_station1013_seed2048_center_lstm_h16.npz,20.026439666748047,20.026439666748047,0.0,9.946948051452637,9.946948051452637,0.0
beijing_48h_1h_station1013_seed2048_center_lstm_h32,experiments/results/trainable_matched/predictions/beijing_48h_1h_station1013_seed2048_center_lstm_h32.npz,20.35712432861328,20.35712432861328,0.0,9.95504093170166,9.95504093170166,0.0
beijing_48h_1h_station1013_seed2048_center_lstm_h40,experiments/results/trainable_matched/predictions/beijing_48h_1h_station1013_seed2048_center_lstm_h40.npz,20.5351676940918,20.535167694091797,3.552713678800501e-15,9.948650360107422,9.948650360107422,0.0
beijing_48h_1h_station1013_seed2048_center_lstm_h48,experiments/results/trainable_matched/predictions/beijing_48h_1h_station1013_seed2048_center_lstm_h48.npz,20.69984436035156,20.699844360351562,3.552713678800501e-15,9.993547439575195,9.993547439575195,0.0
beijing_48h_1h_station1013_seed2048_center_lstm_h64,experiments/results/trainable_matched/predictions/beijing_48h_1h_station1013_seed2048_center_lstm_h64.npz,20.82318878173828,20.82318878173828,0.0,9.932820320129396,9.932820320129395,1.7763568394002505e-15
beijing_48h_1h_station1013_seed2049_center_gru_h8,experiments/results/trainable_matched/predictions/beijing_48h_1h_station1013_seed2049_center_gru_h8.npz,20.23124122619629,20.23124122619629,0.0,10.046624183654783,10.046624183654785,1.7763568394002505e-15
beijing_48h_1h_station1013_seed2049_center_gru_h16,experiments/results/trainable_matched/predictions/beijing_48h_1h_station1013_seed2049_center_gru_h16.npz,20.33798217773437,20.337982177734375,3.552713678800501e-15,9.850184440612791,9.850184440612793,1.7763568394002505e-15
beijing_48h_1h_station1013_seed2049_center_gru_h32,experiments/results/trainable_matched/predictions/beijing_48h_1h_station1013_seed2049_center_gru_h32.npz,20.762470245361328,20.762470245361328,0.0,9.91260814666748,9.91260814666748,0.0
beijing_48h_1h_station1013_seed2049_center_gru_h40,experiments/results/trainable_matched/predictions/beijing_48h_1h_station1013_seed2049_center_gru_h40.npz,20.853628158569336,20.853628158569336,0.0,9.833714485168455,9.833714485168457,1.7763568394002505e-15
beijing_48h_1h_station1013_seed2049_center_gru_h48,experiments/results/trainable_matched/predictions/beijing_48h_1h_station1013_seed2049_center_gru_h48.npz,21.08307456970215,21.08307456970215,0.0,9.92275619506836,9.92275619506836,0.0
beijing_48h_1h_station1013_seed2049_center_gru_h64,experiments/results/trainable_matched/predictions/beijing_48h_1h_station1013_seed2049_center_gru_h64.npz,21.20433807373047,21.20433807373047,0.0,9.922289848327637,9.922289848327637,0.0
beijing_48h_1h_station1013_seed2049_center_lstm_h8,experiments/results/trainable_matched/predictions/beijing_48h_1h_station1013_seed2049_center_lstm_h8.npz,20.64173698425293,20.64173698425293,0.0,10.3353910446167,10.3353910446167,0.0
beijing_48h_1h_station1013_seed2049_center_lstm_h16,experiments/results/trainable_matched/predictions/beijing_48h_1h_station1013_seed2049_center_lstm_h16.npz,20.13192176818848,20.131921768188477,3.552713678800501e-15,9.781630516052246,9.781630516052246,0.0
beijing_48h_1h_station1013_seed2049_center_lstm_h32,experiments/results/trainable_matched/predictions/beijing_48h_1h_station1013_seed2049_center_lstm_h32.npz,20.512357711791992,20.512357711791992,0.0,9.759778022766112,9.759778022766113,1.7763568394002505e-15
beijing_48h_1h_station1013_seed2049_center_lstm_h40,experiments/results/trainable_matched/predictions/beijing_48h_1h_station1013_seed2049_center_lstm_h40.npz,20.57675170898437,20.576751708984375,3.552713678800501e-15,9.818194389343262,9.818194389343262,0.0
beijing_48h_1h_station1013_seed2049_center_lstm_h48,experiments/results/trainable_matched/predictions/beijing_48h_1h_station1013_seed2049_center_lstm_h48.npz,20.683971405029297,20.683971405029297,0.0,9.81570053100586,9.81570053100586,0.0
beijing_48h_1h_station1013_seed2049_center_lstm_h64,experiments/results/trainable_matched/predictions/beijing_48h_1h_station1013_seed2049_center_lstm_h64.npz,20.76621627807617,20.766216278076172,3.552713678800501e-15,10.12511157989502,10.12511157989502,0.0
beijing_48h_3h_station1013_seed2047_center_gru_h8,experiments/results/trainable_matched/predictions/beijing_48h_3h_station1013_seed2047_center_gru_h8.npz,30.67397689819336,30.67397689819336,0.0,16.780189514160156,16.780189514160156,0.0
beijing_48h_3h_station1013_seed2047_center_gru_h16,experiments/results/trainable_matched/predictions/beijing_48h_3h_station1013_seed2047_center_gru_h16.npz,30.16673469543457,30.16673469543457,0.0,16.12220001220703,16.12220001220703,0.0
beijing_48h_3h_station1013_seed2047_center_gru_h32,experiments/results/trainable_matched/predictions/beijing_48h_3h_station1013_seed2047_center_gru_h32.npz,30.61086082458496,30.61086082458496,0.0,15.998847007751465,15.998847007751465,0.0
beijing_48h_3h_station1013_seed2047_center_gru_h40,experiments/results/trainable_matched/predictions/beijing_48h_3h_station1013_seed2047_center_gru_h40.npz,31.0015811920166,31.0015811920166,0.0,16.204408645629883,16.204408645629883,0.0
beijing_48h_3h_station1013_seed2047_center_gru_h48,experiments/results/trainable_matched/predictions/beijing_48h_3h_station1013_seed2047_center_gru_h48.npz,30.848533630371094,30.848533630371094,0.0,16.223915100097656,16.223915100097656,0.0
beijing_48h_3h_station1013_seed2047_center_gru_h64,experiments/results/trainable_matched/predictions/beijing_48h_3h_station1013_seed2047_center_gru_h64.npz,31.091188430786133,31.091188430786133,0.0,16.061935424804688,16.061935424804688,0.0
beijing_48h_3h_station1013_seed2047_center_lstm_h8,experiments/results/trainable_matched/predictions/beijing_48h_3h_station1013_seed2047_center_lstm_h8.npz,30.74117851257324,30.741178512573242,3.552713678800501e-15,16.892915725708008,16.892915725708008,0.0
beijing_48h_3h_station1013_seed2047_center_lstm_h16,experiments/results/trainable_matched/predictions/beijing_48h_3h_station1013_seed2047_center_lstm_h16.npz,30.25362968444824,30.253629684448242,3.552713678800501e-15,16.353116989135742,16.353116989135742,0.0
beijing_48h_3h_station1013_seed2047_center_lstm_h32,experiments/results/trainable_matched/predictions/beijing_48h_3h_station1013_seed2047_center_lstm_h32.npz,30.406721115112305,30.406721115112305,0.0,16.0384578704834,16.0384578704834,0.0
beijing_48h_3h_station1013_seed2047_center_lstm_h40,experiments/results/trainable_matched/predictions/beijing_48h_3h_station1013_seed2047_center_lstm_h40.npz,30.70656394958496,30.70656394958496,0.0,16.447813034057617,16.447813034057617,0.0
beijing_48h_3h_station1013_seed2047_center_lstm_h48,experiments/results/trainable_matched/predictions/beijing_48h_3h_station1013_seed2047_center_lstm_h48.npz,30.762670516967773,30.762670516967773,0.0,16.33571434020996,16.33571434020996,0.0
beijing_48h_3h_station1013_seed2047_center_lstm_h64,experiments/results/trainable_matched/predictions/beijing_48h_3h_station1013_seed2047_center_lstm_h64.npz,31.2627010345459,31.2627010345459,0.0,16.74312973022461,16.74312973022461,0.0
beijing_48h_3h_station1013_seed2048_center_gru_h8,experiments/results/trainable_matched/predictions/beijing_48h_3h_station1013_seed2048_center_gru_h8.npz,30.606603622436523,30.606603622436523,0.0,16.806249618530273,16.806249618530273,0.0
beijing_48h_3h_station1013_seed2048_center_gru_h16,experiments/results/trainable_matched/predictions/beijing_48h_3h_station1013_seed2048_center_gru_h16.npz,30.14202308654785,30.14202308654785,0.0,16.070810317993164,16.070810317993164,0.0
beijing_48h_3h_station1013_seed2048_center_gru_h32,experiments/results/trainable_matched/predictions/beijing_48h_3h_station1013_seed2048_center_gru_h32.npz,30.566743850708008,30.566743850708008,0.0,16.01288414001465,16.01288414001465,0.0
beijing_48h_3h_station1013_seed2048_center_gru_h40,experiments/results/trainable_matched/predictions/beijing_48h_3h_station1013_seed2048_center_gru_h40.npz,30.63540267944336,30.63540267944336,0.0,16.154510498046875,16.154510498046875,0.0
beijing_48h_3h_station1013_seed2048_center_gru_h48,experiments/results/trainable_matched/predictions/beijing_48h_3h_station1013_seed2048_center_gru_h48.npz,30.989347457885746,30.989347457885742,3.552713678800501e-15,16.068618774414062,16.068618774414062,0.0
beijing_48h_3h_station1013_seed2048_center_gru_h64,experiments/results/trainable_matched/predictions/beijing_48h_3h_station1013_seed2048_center_gru_h64.npz,31.01352310180664,31.01352310180664,0.0,16.144380569458008,16.144380569458008,0.0
beijing_48h_3h_station1013_seed2048_center_lstm_h8,experiments/results/trainable_matched/predictions/beijing_48h_3h_station1013_seed2048_center_lstm_h8.npz,30.023120880126957,30.023120880126953,3.552713678800501e-15,16.37688636779785,16.37688636779785,0.0
beijing_48h_3h_station1013_seed2048_center_lstm_h16,experiments/results/trainable_matched/predictions/beijing_48h_3h_station1013_seed2048_center_lstm_h16.npz,30.03182029724121,30.03182029724121,0.0,16.09690284729004,16.09690284729004,0.0
beijing_48h_3h_station1013_seed2048_center_lstm_h32,experiments/results/trainable_matched/predictions/beijing_48h_3h_station1013_seed2048_center_lstm_h32.npz,30.397388458251957,30.397388458251953,3.552713678800501e-15,16.217195510864258,16.217195510864258,0.0
beijing_48h_3h_station1013_seed2048_center_lstm_h40,experiments/results/trainable_matched/predictions/beijing_48h_3h_station1013_seed2048_center_lstm_h40.npz,30.75495147705078,30.75495147705078,0.0,16.17278289794922,16.17278289794922,0.0
beijing_48h_3h_station1013_seed2048_center_lstm_h48,experiments/results/trainable_matched/predictions/beijing_48h_3h_station1013_seed2048_center_lstm_h48.npz,30.79747200012207,30.79747200012207,0.0,16.67443084716797,16.67443084716797,0.0
beijing_48h_3h_station1013_seed2048_center_lstm_h64,experiments/results/trainable_matched/predictions/beijing_48h_3h_station1013_seed2048_center_lstm_h64.npz,30.876277923583984,30.876277923583984,0.0,16.792516708374023,16.792516708374023,0.0
beijing_48h_3h_station1013_seed2049_center_gru_h8,experiments/results/trainable_matched/predictions/beijing_48h_3h_station1013_seed2049_center_gru_h8.npz,30.284374237060547,30.284374237060547,0.0,16.466474533081055,16.466474533081055,0.0
beijing_48h_3h_station1013_seed2049_center_gru_h16,experiments/results/trainable_matched/predictions/beijing_48h_3h_station1013_seed2049_center_gru_h16.npz,30.33458709716797,30.33458709716797,0.0,16.127216339111328,16.127216339111328,0.0
beijing_48h_3h_station1013_seed2049_center_gru_h32,experiments/results/trainable_matched/predictions/beijing_48h_3h_station1013_seed2049_center_gru_h32.npz,30.561656951904297,30.561656951904297,0.0,16.07579231262207,16.07579231262207,0.0
beijing_48h_3h_station1013_seed2049_center_gru_h40,experiments/results/trainable_matched/predictions/beijing_48h_3h_station1013_seed2049_center_gru_h40.npz,30.74656867980957,30.74656867980957,0.0,16.135671615600586,16.135671615600586,0.0
beijing_48h_3h_station1013_seed2049_center_gru_h48,experiments/results/trainable_matched/predictions/beijing_48h_3h_station1013_seed2049_center_gru_h48.npz,30.80278587341309,30.802785873413086,3.552713678800501e-15,16.3717041015625,16.3717041015625,0.0
beijing_48h_3h_station1013_seed2049_center_gru_h64,experiments/results/trainable_matched/predictions/beijing_48h_3h_station1013_seed2049_center_gru_h64.npz,31.08709526062012,31.087095260620117,3.552713678800501e-15,16.425771713256836,16.425771713256836,0.0
beijing_48h_3h_station1013_seed2049_center_lstm_h8,experiments/results/trainable_matched/predictions/beijing_48h_3h_station1013_seed2049_center_lstm_h8.npz,30.114315032958984,30.114315032958984,0.0,16.233230590820312,16.233230590820312,0.0
beijing_48h_3h_station1013_seed2049_center_lstm_h16,experiments/results/trainable_matched/predictions/beijing_48h_3h_station1013_seed2049_center_lstm_h16.npz,30.144020080566406,30.144020080566406,0.0,15.953256607055664,15.953256607055664,0.0
beijing_48h_3h_station1013_seed2049_center_lstm_h32,experiments/results/trainable_matched/predictions/beijing_48h_3h_station1013_seed2049_center_lstm_h32.npz,30.455114364624023,30.455114364624023,0.0,16.051816940307617,16.051816940307617,0.0
beijing_48h_3h_station1013_seed2049_center_lstm_h40,experiments/results/trainable_matched/predictions/beijing_48h_3h_station1013_seed2049_center_lstm_h40.npz,30.772205352783203,30.772205352783203,0.0,16.836824417114258,16.836824417114258,0.0
beijing_48h_3h_station1013_seed2049_center_lstm_h48,experiments/results/trainable_matched/predictions/beijing_48h_3h_station1013_seed2049_center_lstm_h48.npz,30.73807716369629,30.73807716369629,0.0,16.420547485351562,16.420547485351562,0.0
beijing_48h_3h_station1013_seed2049_center_lstm_h64,experiments/results/trainable_matched/predictions/beijing_48h_3h_station1013_seed2049_center_lstm_h64.npz,31.079072952270508,31.079072952270508,0.0,16.39451789855957,16.39451789855957,0.0
beijing_48h_6h_station1013_seed2047_center_gru_h8,experiments/results/trainable_matched/predictions/beijing_48h_6h_station1013_seed2047_center_gru_h8.npz,39.40507888793945,39.40507888793945,0.0,23.389923095703125,23.389923095703125,0.0
beijing_48h_6h_station1013_seed2047_center_gru_h16,experiments/results/trainable_matched/predictions/beijing_48h_6h_station1013_seed2047_center_gru_h16.npz,39.391639709472656,39.391639709472656,0.0,22.93445587158203,22.93445587158203,0.0
beijing_48h_6h_station1013_seed2047_center_gru_h32,experiments/results/trainable_matched/predictions/beijing_48h_6h_station1013_seed2047_center_gru_h32.npz,39.44609451293945,39.44609451293945,0.0,22.84691047668457,22.84691047668457,0.0
beijing_48h_6h_station1013_seed2047_center_gru_h40,experiments/results/trainable_matched/predictions/beijing_48h_6h_station1013_seed2047_center_gru_h40.npz,39.77156829833984,39.771568298339844,7.105427357601002e-15,22.750167846679688,22.750167846679688,0.0
beijing_48h_6h_station1013_seed2047_center_gru_h48,experiments/results/trainable_matched/predictions/beijing_48h_6h_station1013_seed2047_center_gru_h48.npz,39.81008529663086,39.81008529663086,0.0,22.769554138183597,22.769554138183594,3.552713678800501e-15
beijing_48h_6h_station1013_seed2047_center_gru_h64,experiments/results/trainable_matched/predictions/beijing_48h_6h_station1013_seed2047_center_gru_h64.npz,39.94505310058594,39.94505310058594,0.0,22.769359588623047,22.769359588623047,0.0
beijing_48h_6h_station1013_seed2047_center_lstm_h8,experiments/results/trainable_matched/predictions/beijing_48h_6h_station1013_seed2047_center_lstm_h8.npz,39.59442901611328,39.59442901611328,0.0,23.664730072021484,23.664730072021484,0.0
beijing_48h_6h_station1013_seed2047_center_lstm_h16,experiments/results/trainable_matched/predictions/beijing_48h_6h_station1013_seed2047_center_lstm_h16.npz,39.28160858154297,39.28160858154297,0.0,23.00516891479492,23.005168914794922,3.552713678800501e-15
beijing_48h_6h_station1013_seed2047_center_lstm_h32,experiments/results/trainable_matched/predictions/beijing_48h_6h_station1013_seed2047_center_lstm_h32.npz,39.88545608520508,39.88545608520508,0.0,23.5589542388916,23.5589542388916,0.0
beijing_48h_6h_station1013_seed2047_center_lstm_h40,experiments/results/trainable_matched/predictions/beijing_48h_6h_station1013_seed2047_center_lstm_h40.npz,41.03774642944336,41.03774642944336,0.0,24.421884536743164,24.421884536743164,0.0
beijing_48h_6h_station1013_seed2047_center_lstm_h48,experiments/results/trainable_matched/predictions/beijing_48h_6h_station1013_seed2047_center_lstm_h48.npz,40.79091644287109,40.790916442871094,7.105427357601002e-15,23.755956649780277,23.755956649780273,3.552713678800501e-15
beijing_48h_6h_station1013_seed2047_center_lstm_h64,experiments/results/trainable_matched/predictions/beijing_48h_6h_station1013_seed2047_center_lstm_h64.npz,40.95232772827149,40.952327728271484,7.105427357601002e-15,24.103248596191406,24.103248596191406,0.0
beijing_48h_6h_station1013_seed2048_center_gru_h8,experiments/results/trainable_matched/predictions/beijing_48h_6h_station1013_seed2048_center_gru_h8.npz,39.20009231567383,39.20009231567383,0.0,23.02444839477539,23.02444839477539,0.0
beijing_48h_6h_station1013_seed2048_center_gru_h16,experiments/results/trainable_matched/predictions/beijing_48h_6h_station1013_seed2048_center_gru_h16.npz,39.18125534057617,39.18125534057617,0.0,22.806108474731445,22.806108474731445,0.0
beijing_48h_6h_station1013_seed2048_center_gru_h32,experiments/results/trainable_matched/predictions/beijing_48h_6h_station1013_seed2048_center_gru_h32.npz,39.58538818359375,39.58538818359375,0.0,22.639820098876957,22.639820098876953,3.552713678800501e-15
beijing_48h_6h_station1013_seed2048_center_gru_h40,experiments/results/trainable_matched/predictions/beijing_48h_6h_station1013_seed2048_center_gru_h40.npz,39.67008972167969,39.67008972167969,0.0,22.80098342895508,22.800983428955078,3.552713678800501e-15
beijing_48h_6h_station1013_seed2048_center_gru_h48,experiments/results/trainable_matched/predictions/beijing_48h_6h_station1013_seed2048_center_gru_h48.npz,39.8093376159668,39.8093376159668,0.0,23.1104793548584,23.1104793548584,0.0
beijing_48h_6h_station1013_seed2048_center_gru_h64,experiments/results/trainable_matched/predictions/beijing_48h_6h_station1013_seed2048_center_gru_h64.npz,39.96208190917969,39.96208190917969,0.0,22.84066200256348,22.840662002563477,3.552713678800501e-15
beijing_48h_6h_station1013_seed2048_center_lstm_h8,experiments/results/trainable_matched/predictions/beijing_48h_6h_station1013_seed2048_center_lstm_h8.npz,39.458099365234375,39.458099365234375,0.0,23.53096389770508,23.530963897705078,3.552713678800501e-15
beijing_48h_6h_station1013_seed2048_center_lstm_h16,experiments/results/trainable_matched/predictions/beijing_48h_6h_station1013_seed2048_center_lstm_h16.npz,39.362422943115234,39.362422943115234,0.0,22.934371948242188,22.934371948242188,0.0
beijing_48h_6h_station1013_seed2048_center_lstm_h32,experiments/results/trainable_matched/predictions/beijing_48h_6h_station1013_seed2048_center_lstm_h32.npz,39.78401184082031,39.78401184082031,0.0,23.569169998168945,23.569169998168945,0.0
beijing_48h_6h_station1013_seed2048_center_lstm_h40,experiments/results/trainable_matched/predictions/beijing_48h_6h_station1013_seed2048_center_lstm_h40.npz,40.712364196777344,40.712364196777344,0.0,24.23300170898437,24.233001708984375,3.552713678800501e-15
beijing_48h_6h_station1013_seed2048_center_lstm_h48,experiments/results/trainable_matched/predictions/beijing_48h_6h_station1013_seed2048_center_lstm_h48.npz,41.10207748413086,41.10207748413086,0.0,24.90542984008789,24.90542984008789,0.0
beijing_48h_6h_station1013_seed2048_center_lstm_h64,experiments/results/trainable_matched/predictions/beijing_48h_6h_station1013_seed2048_center_lstm_h64.npz,41.540924072265625,41.540924072265625,0.0,24.70223045349121,24.70223045349121,0.0
beijing_48h_6h_station1013_seed2049_center_gru_h8,experiments/results/trainable_matched/predictions/beijing_48h_6h_station1013_seed2049_center_gru_h8.npz,39.60575866699219,39.60575866699219,0.0,23.33370018005371,23.33370018005371,0.0
beijing_48h_6h_station1013_seed2049_center_gru_h16,experiments/results/trainable_matched/predictions/beijing_48h_6h_station1013_seed2049_center_gru_h16.npz,39.264122009277344,39.264122009277344,0.0,22.94828224182129,22.94828224182129,0.0
beijing_48h_6h_station1013_seed2049_center_gru_h32,experiments/results/trainable_matched/predictions/beijing_48h_6h_station1013_seed2049_center_gru_h32.npz,39.54444885253906,39.54444885253906,0.0,22.915475845336918,22.915475845336914,3.552713678800501e-15
beijing_48h_6h_station1013_seed2049_center_gru_h40,experiments/results/trainable_matched/predictions/beijing_48h_6h_station1013_seed2049_center_gru_h40.npz,39.54507827758789,39.54507827758789,0.0,23.052040100097656,23.052040100097656,0.0
beijing_48h_6h_station1013_seed2049_center_gru_h48,experiments/results/trainable_matched/predictions/beijing_48h_6h_station1013_seed2049_center_gru_h48.npz,39.8310432434082,39.8310432434082,0.0,23.21742820739746,23.21742820739746,0.0
beijing_48h_6h_station1013_seed2049_center_gru_h64,experiments/results/trainable_matched/predictions/beijing_48h_6h_station1013_seed2049_center_gru_h64.npz,39.86400604248047,39.86400604248047,0.0,23.01189422607422,23.01189422607422,0.0
beijing_48h_6h_station1013_seed2049_center_lstm_h8,experiments/results/trainable_matched/predictions/beijing_48h_6h_station1013_seed2049_center_lstm_h8.npz,39.18616485595703,39.18616485595703,0.0,23.08065223693848,23.080652236938477,3.552713678800501e-15
beijing_48h_6h_station1013_seed2049_center_lstm_h16,experiments/results/trainable_matched/predictions/beijing_48h_6h_station1013_seed2049_center_lstm_h16.npz,39.8564682006836,39.856468200683594,7.105427357601002e-15,23.463401794433597,23.463401794433594,3.552713678800501e-15
beijing_48h_6h_station1013_seed2049_center_lstm_h32,experiments/results/trainable_matched/predictions/beijing_48h_6h_station1013_seed2049_center_lstm_h32.npz,41.075626373291016,41.075626373291016,0.0,24.43524742126465,24.43524742126465,0.0
beijing_48h_6h_station1013_seed2049_center_lstm_h40,experiments/results/trainable_matched/predictions/beijing_48h_6h_station1013_seed2049_center_lstm_h40.npz,40.37506866455078,40.37506866455078,0.0,23.76705741882324,23.767057418823242,3.552713678800501e-15
beijing_48h_6h_station1013_seed2049_center_lstm_h48,experiments/results/trainable_matched/predictions/beijing_48h_6h_station1013_seed2049_center_lstm_h48.npz,41.262882232666016,41.262882232666016,0.0,24.98036003112793,24.98036003112793,0.0
beijing_48h_6h_station1013_seed2049_center_lstm_h64,experiments/results/trainable_matched/predictions/beijing_48h_6h_station1013_seed2049_center_lstm_h64.npz,41.81290817260742,41.81290817260742,0.0,25.423986434936523,25.423986434936523,0.0
beijing_48h_12h_station1013_seed2047_center_gru_h8,experiments/results/trainable_matched/predictions/beijing_48h_12h_station1013_seed2047_center_gru_h8.npz,49.69930267333984,49.699302673339844,7.105427357601002e-15,31.96983337402344,31.969833374023438,3.552713678800501e-15
beijing_48h_12h_station1013_seed2047_center_gru_h16,experiments/results/trainable_matched/predictions/beijing_48h_12h_station1013_seed2047_center_gru_h16.npz,49.65015411376953,49.65015411376953,0.0,31.81056785583496,31.81056785583496,0.0
beijing_48h_12h_station1013_seed2047_center_gru_h32,experiments/results/trainable_matched/predictions/beijing_48h_12h_station1013_seed2047_center_gru_h32.npz,49.6683464050293,49.6683464050293,0.0,31.732385635375977,31.732385635375977,0.0
beijing_48h_12h_station1013_seed2047_center_gru_h40,experiments/results/trainable_matched/predictions/beijing_48h_12h_station1013_seed2047_center_gru_h40.npz,49.84501647949219,49.84501647949219,0.0,31.8626651763916,31.8626651763916,0.0
beijing_48h_12h_station1013_seed2047_center_gru_h48,experiments/results/trainable_matched/predictions/beijing_48h_12h_station1013_seed2047_center_gru_h48.npz,49.90068435668945,49.90068435668945,0.0,31.88340950012207,31.88340950012207,0.0
beijing_48h_12h_station1013_seed2047_center_gru_h64,experiments/results/trainable_matched/predictions/beijing_48h_12h_station1013_seed2047_center_gru_h64.npz,50.334434509277344,50.334434509277344,0.0,31.65264129638672,31.65264129638672,0.0
beijing_48h_12h_station1013_seed2047_center_lstm_h8,experiments/results/trainable_matched/predictions/beijing_48h_12h_station1013_seed2047_center_lstm_h8.npz,49.75509262084961,49.75509262084961,0.0,31.977516174316406,31.977516174316406,0.0
beijing_48h_12h_station1013_seed2047_center_lstm_h16,experiments/results/trainable_matched/predictions/beijing_48h_12h_station1013_seed2047_center_lstm_h16.npz,50.8162956237793,50.8162956237793,0.0,32.60506820678711,32.60506820678711,0.0
beijing_48h_12h_station1013_seed2047_center_lstm_h32,experiments/results/trainable_matched/predictions/beijing_48h_12h_station1013_seed2047_center_lstm_h32.npz,52.574501037597656,52.574501037597656,0.0,33.56479263305664,33.56479263305664,0.0
beijing_48h_12h_station1013_seed2047_center_lstm_h40,experiments/results/trainable_matched/predictions/beijing_48h_12h_station1013_seed2047_center_lstm_h40.npz,52.44430923461914,52.44430923461914,0.0,34.029727935791016,34.029727935791016,0.0
beijing_48h_12h_station1013_seed2047_center_lstm_h48,experiments/results/trainable_matched/predictions/beijing_48h_12h_station1013_seed2047_center_lstm_h48.npz,53.67657470703125,53.67657470703125,0.0,35.32623672485352,35.326236724853516,7.105427357601002e-15
beijing_48h_12h_station1013_seed2047_center_lstm_h64,experiments/results/trainable_matched/predictions/beijing_48h_12h_station1013_seed2047_center_lstm_h64.npz,53.439571380615234,53.439571380615234,0.0,34.47697830200195,34.47697830200195,0.0
beijing_48h_12h_station1013_seed2048_center_gru_h8,experiments/results/trainable_matched/predictions/beijing_48h_12h_station1013_seed2048_center_gru_h8.npz,49.76577758789063,49.765777587890625,7.105427357601002e-15,31.99030113220215,31.99030113220215,0.0
beijing_48h_12h_station1013_seed2048_center_gru_h16,experiments/results/trainable_matched/predictions/beijing_48h_12h_station1013_seed2048_center_gru_h16.npz,49.64944839477539,49.64944839477539,0.0,31.707935333251957,31.707935333251953,3.552713678800501e-15
beijing_48h_12h_station1013_seed2048_center_gru_h32,experiments/results/trainable_matched/predictions/beijing_48h_12h_station1013_seed2048_center_gru_h32.npz,49.76568222045898,49.765682220458984,7.105427357601002e-15,31.758100509643555,31.758100509643555,0.0
beijing_48h_12h_station1013_seed2048_center_gru_h40,experiments/results/trainable_matched/predictions/beijing_48h_12h_station1013_seed2048_center_gru_h40.npz,49.9485969543457,49.9485969543457,0.0,31.61513328552246,31.61513328552246,0.0
beijing_48h_12h_station1013_seed2048_center_gru_h48,experiments/results/trainable_matched/predictions/beijing_48h_12h_station1013_seed2048_center_gru_h48.npz,49.7923583984375,49.7923583984375,0.0,31.748369216918945,31.748369216918945,0.0
beijing_48h_12h_station1013_seed2048_center_gru_h64,experiments/results/trainable_matched/predictions/beijing_48h_12h_station1013_seed2048_center_gru_h64.npz,50.005279541015625,50.005279541015625,0.0,32.03873062133789,32.03873062133789,0.0
beijing_48h_12h_station1013_seed2048_center_lstm_h8,experiments/results/trainable_matched/predictions/beijing_48h_12h_station1013_seed2048_center_lstm_h8.npz,49.76203536987305,49.76203536987305,0.0,32.03184127807617,32.03184127807617,0.0
beijing_48h_12h_station1013_seed2048_center_lstm_h16,experiments/results/trainable_matched/predictions/beijing_48h_12h_station1013_seed2048_center_lstm_h16.npz,49.77388381958008,49.77388381958008,0.0,31.943016052246094,31.943016052246094,0.0
beijing_48h_12h_station1013_seed2048_center_lstm_h32,experiments/results/trainable_matched/predictions/beijing_48h_12h_station1013_seed2048_center_lstm_h32.npz,52.71922302246094,52.71922302246094,0.0,33.909542083740234,33.909542083740234,0.0
beijing_48h_12h_station1013_seed2048_center_lstm_h40,experiments/results/trainable_matched/predictions/beijing_48h_12h_station1013_seed2048_center_lstm_h40.npz,52.24399185180664,52.24399185180664,0.0,33.739227294921875,33.739227294921875,0.0
beijing_48h_12h_station1013_seed2048_center_lstm_h48,experiments/results/trainable_matched/predictions/beijing_48h_12h_station1013_seed2048_center_lstm_h48.npz,54.67852783203125,54.67852783203125,0.0,34.94750213623047,34.94750213623047,0.0
beijing_48h_12h_station1013_seed2048_center_lstm_h64,experiments/results/trainable_matched/predictions/beijing_48h_12h_station1013_seed2048_center_lstm_h64.npz,51.45058059692383,51.45058059692383,0.0,33.84275817871094,33.84275817871094,0.0
beijing_48h_12h_station1013_seed2049_center_gru_h8,experiments/results/trainable_matched/predictions/beijing_48h_12h_station1013_seed2049_center_gru_h8.npz,49.70449447631836,49.70449447631836,0.0,31.9736270904541,31.9736270904541,0.0
beijing_48h_12h_station1013_seed2049_center_gru_h16,experiments/results/trainable_matched/predictions/beijing_48h_12h_station1013_seed2049_center_gru_h16.npz,49.71736526489258,49.71736526489258,0.0,31.71045684814453,31.71045684814453,0.0
beijing_48h_12h_station1013_seed2049_center_gru_h32,experiments/results/trainable_matched/predictions/beijing_48h_12h_station1013_seed2049_center_gru_h32.npz,49.72664642333984,49.726646423339844,7.105427357601002e-15,31.6106014251709,31.6106014251709,0.0
beijing_48h_12h_station1013_seed2049_center_gru_h40,experiments/results/trainable_matched/predictions/beijing_48h_12h_station1013_seed2049_center_gru_h40.npz,49.94342422485352,49.943424224853516,7.105427357601002e-15,31.68791007995605,31.687910079956055,3.552713678800501e-15
beijing_48h_12h_station1013_seed2049_center_gru_h48,experiments/results/trainable_matched/predictions/beijing_48h_12h_station1013_seed2049_center_gru_h48.npz,49.8635368347168,49.8635368347168,0.0,31.71588134765625,31.71588134765625,0.0
beijing_48h_12h_station1013_seed2049_center_gru_h64,experiments/results/trainable_matched/predictions/beijing_48h_12h_station1013_seed2049_center_gru_h64.npz,50.19697189331055,50.19697189331055,0.0,31.914276123046875,31.914276123046875,0.0
beijing_48h_12h_station1013_seed2049_center_lstm_h8,experiments/results/trainable_matched/predictions/beijing_48h_12h_station1013_seed2049_center_lstm_h8.npz,49.74745941162109,49.747459411621094,7.105427357601002e-15,31.983970642089844,31.983970642089844,0.0
beijing_48h_12h_station1013_seed2049_center_lstm_h16,experiments/results/trainable_matched/predictions/beijing_48h_12h_station1013_seed2049_center_lstm_h16.npz,49.89422225952149,49.894222259521484,7.105427357601002e-15,32.046417236328125,32.046417236328125,0.0
beijing_48h_12h_station1013_seed2049_center_lstm_h32,experiments/results/trainable_matched/predictions/beijing_48h_12h_station1013_seed2049_center_lstm_h32.npz,50.81075286865234,50.810752868652344,7.105427357601002e-15,33.066795349121094,33.066795349121094,0.0
beijing_48h_12h_station1013_seed2049_center_lstm_h40,experiments/results/trainable_matched/predictions/beijing_48h_12h_station1013_seed2049_center_lstm_h40.npz,50.361141204833984,50.361141204833984,0.0,32.98383712768555,32.98383712768555,0.0
beijing_48h_12h_station1013_seed2049_center_lstm_h48,experiments/results/trainable_matched/predictions/beijing_48h_12h_station1013_seed2049_center_lstm_h48.npz,52.8293342590332,52.8293342590332,0.0,33.96458435058594,33.96458435058594,0.0
beijing_48h_12h_station1013_seed2049_center_lstm_h64,experiments/results/trainable_matched/predictions/beijing_48h_12h_station1013_seed2049_center_lstm_h64.npz,53.91443634033203,53.91443634033203,0.0,34.41878890991211,34.41878890991211,0.0
beijing_48h_24h_station1013_seed2047_center_gru_h8,experiments/results/trainable_matched/predictions/beijing_48h_24h_station1013_seed2047_center_gru_h8.npz,59.49930953979492,59.49930953979492,0.0,41.053672790527344,41.053672790527344,0.0
beijing_48h_24h_station1013_seed2047_center_gru_h16,experiments/results/trainable_matched/predictions/beijing_48h_24h_station1013_seed2047_center_gru_h16.npz,59.43984603881836,59.43984603881836,0.0,41.0820198059082,41.0820198059082,0.0
beijing_48h_24h_station1013_seed2047_center_gru_h32,experiments/results/trainable_matched/predictions/beijing_48h_24h_station1013_seed2047_center_gru_h32.npz,59.4583854675293,59.4583854675293,0.0,41.2154541015625,41.2154541015625,0.0
beijing_48h_24h_station1013_seed2047_center_gru_h40,experiments/results/trainable_matched/predictions/beijing_48h_24h_station1013_seed2047_center_gru_h40.npz,59.58396911621094,59.58396911621094,0.0,41.26617431640625,41.26617431640625,0.0
beijing_48h_24h_station1013_seed2047_center_gru_h48,experiments/results/trainable_matched/predictions/beijing_48h_24h_station1013_seed2047_center_gru_h48.npz,59.55297088623047,59.55297088623047,0.0,41.267852783203125,41.267852783203125,0.0
beijing_48h_24h_station1013_seed2047_center_gru_h64,experiments/results/trainable_matched/predictions/beijing_48h_24h_station1013_seed2047_center_gru_h64.npz,59.39999771118164,59.39999771118164,0.0,41.00448226928711,41.00448226928711,0.0
beijing_48h_24h_station1013_seed2047_center_lstm_h8,experiments/results/trainable_matched/predictions/beijing_48h_24h_station1013_seed2047_center_lstm_h8.npz,59.56974792480469,59.56974792480469,0.0,41.302154541015625,41.302154541015625,0.0
beijing_48h_24h_station1013_seed2047_center_lstm_h16,experiments/results/trainable_matched/predictions/beijing_48h_24h_station1013_seed2047_center_lstm_h16.npz,61.26729202270508,61.26729202270508,0.0,42.29837417602539,42.29837417602539,0.0
beijing_48h_24h_station1013_seed2047_center_lstm_h32,experiments/results/trainable_matched/predictions/beijing_48h_24h_station1013_seed2047_center_lstm_h32.npz,60.3265380859375,60.3265380859375,0.0,41.59870147705078,41.59870147705078,0.0
beijing_48h_24h_station1013_seed2047_center_lstm_h40,experiments/results/trainable_matched/predictions/beijing_48h_24h_station1013_seed2047_center_lstm_h40.npz,62.93466567993164,62.93466567993164,0.0,43.23892593383789,43.23892593383789,0.0
beijing_48h_24h_station1013_seed2047_center_lstm_h48,experiments/results/trainable_matched/predictions/beijing_48h_24h_station1013_seed2047_center_lstm_h48.npz,61.109317779541016,61.109317779541016,0.0,42.15998840332031,42.15998840332031,0.0
beijing_48h_24h_station1013_seed2047_center_lstm_h64,experiments/results/trainable_matched/predictions/beijing_48h_24h_station1013_seed2047_center_lstm_h64.npz,62.26724243164063,62.267242431640625,7.105427357601002e-15,43.2598762512207,43.2598762512207,0.0
beijing_48h_24h_station1013_seed2048_center_gru_h8,experiments/results/trainable_matched/predictions/beijing_48h_24h_station1013_seed2048_center_gru_h8.npz,59.5177116394043,59.5177116394043,0.0,41.11050033569336,41.11050033569336,0.0
beijing_48h_24h_station1013_seed2048_center_gru_h16,experiments/results/trainable_matched/predictions/beijing_48h_24h_station1013_seed2048_center_gru_h16.npz,59.597877502441406,59.597877502441406,0.0,41.189788818359375,41.189788818359375,0.0
beijing_48h_24h_station1013_seed2048_center_gru_h32,experiments/results/trainable_matched/predictions/beijing_48h_24h_station1013_seed2048_center_gru_h32.npz,59.3530158996582,59.3530158996582,0.0,40.94888305664063,40.948883056640625,7.105427357601002e-15
beijing_48h_24h_station1013_seed2048_center_gru_h40,experiments/results/trainable_matched/predictions/beijing_48h_24h_station1013_seed2048_center_gru_h40.npz,59.4189338684082,59.4189338684082,0.0,41.251949310302734,41.251949310302734,0.0
beijing_48h_24h_station1013_seed2048_center_gru_h48,experiments/results/trainable_matched/predictions/beijing_48h_24h_station1013_seed2048_center_gru_h48.npz,59.423377990722656,59.423377990722656,0.0,40.87773895263672,40.87773895263672,0.0
beijing_48h_24h_station1013_seed2048_center_gru_h64,experiments/results/trainable_matched/predictions/beijing_48h_24h_station1013_seed2048_center_gru_h64.npz,59.44947814941406,59.44947814941406,0.0,40.84135818481445,40.84135818481445,0.0
beijing_48h_24h_station1013_seed2048_center_lstm_h8,experiments/results/trainable_matched/predictions/beijing_48h_24h_station1013_seed2048_center_lstm_h8.npz,59.65073013305664,59.65073013305664,0.0,41.25571060180664,41.25571060180664,0.0
beijing_48h_24h_station1013_seed2048_center_lstm_h16,experiments/results/trainable_matched/predictions/beijing_48h_24h_station1013_seed2048_center_lstm_h16.npz,60.78258895874024,60.782588958740234,7.105427357601002e-15,42.02775573730469,42.02775573730469,0.0
beijing_48h_24h_station1013_seed2048_center_lstm_h32,experiments/results/trainable_matched/predictions/beijing_48h_24h_station1013_seed2048_center_lstm_h32.npz,60.31499862670898,60.314998626708984,7.105427357601002e-15,41.97870635986328,41.97870635986328,0.0
beijing_48h_24h_station1013_seed2048_center_lstm_h40,experiments/results/trainable_matched/predictions/beijing_48h_24h_station1013_seed2048_center_lstm_h40.npz,61.31265640258789,61.31265640258789,0.0,42.56024169921875,42.56024169921875,0.0
beijing_48h_24h_station1013_seed2048_center_lstm_h48,experiments/results/trainable_matched/predictions/beijing_48h_24h_station1013_seed2048_center_lstm_h48.npz,63.2817497253418,63.2817497253418,0.0,43.69693374633789,43.69693374633789,0.0
beijing_48h_24h_station1013_seed2048_center_lstm_h64,experiments/results/trainable_matched/predictions/beijing_48h_24h_station1013_seed2048_center_lstm_h64.npz,60.6407470703125,60.6407470703125,0.0,41.85719299316406,41.85719299316406,0.0
beijing_48h_24h_station1013_seed2049_center_gru_h8,experiments/results/trainable_matched/predictions/beijing_48h_24h_station1013_seed2049_center_gru_h8.npz,59.520263671875,59.520263671875,0.0,41.16017532348633,41.16017532348633,0.0
beijing_48h_24h_station1013_seed2049_center_gru_h16,experiments/results/trainable_matched/predictions/beijing_48h_24h_station1013_seed2049_center_gru_h16.npz,59.586307525634766,59.586307525634766,0.0,41.158958435058594,41.158958435058594,0.0
beijing_48h_24h_station1013_seed2049_center_gru_h32,experiments/results/trainable_matched/predictions/beijing_48h_24h_station1013_seed2049_center_gru_h32.npz,59.34664916992188,59.346649169921875,7.105427357601002e-15,40.82721328735352,40.827213287353516,7.105427357601002e-15
beijing_48h_24h_station1013_seed2049_center_gru_h40,experiments/results/trainable_matched/predictions/beijing_48h_24h_station1013_seed2049_center_gru_h40.npz,59.77677917480469,59.77677917480469,0.0,41.62432861328125,41.62432861328125,0.0
beijing_48h_24h_station1013_seed2049_center_gru_h48,experiments/results/trainable_matched/predictions/beijing_48h_24h_station1013_seed2049_center_gru_h48.npz,59.36950302124024,59.369503021240234,7.105427357601002e-15,40.82451629638672,40.82451629638672,0.0
beijing_48h_24h_station1013_seed2049_center_gru_h64,experiments/results/trainable_matched/predictions/beijing_48h_24h_station1013_seed2049_center_gru_h64.npz,59.588809967041016,59.588809967041016,0.0,41.29726409912109,41.297264099121094,7.105427357601002e-15
beijing_48h_24h_station1013_seed2049_center_lstm_h8,experiments/results/trainable_matched/predictions/beijing_48h_24h_station1013_seed2049_center_lstm_h8.npz,59.75820541381836,59.75820541381836,0.0,41.33565139770508,41.33565139770508,0.0
beijing_48h_24h_station1013_seed2049_center_lstm_h16,experiments/results/trainable_matched/predictions/beijing_48h_24h_station1013_seed2049_center_lstm_h16.npz,59.61302947998047,59.61302947998047,0.0,41.56415939331055,41.56415939331055,0.0
beijing_48h_24h_station1013_seed2049_center_lstm_h32,experiments/results/trainable_matched/predictions/beijing_48h_24h_station1013_seed2049_center_lstm_h32.npz,62.68104553222656,62.68104553222656,0.0,43.04215240478516,43.042152404785156,7.105427357601002e-15
beijing_48h_24h_station1013_seed2049_center_lstm_h40,experiments/results/trainable_matched/predictions/beijing_48h_24h_station1013_seed2049_center_lstm_h40.npz,59.84293365478516,59.842933654785156,7.105427357601002e-15,41.58378982543945,41.58378982543945,0.0
beijing_48h_24h_station1013_seed2049_center_lstm_h48,experiments/results/trainable_matched/predictions/beijing_48h_24h_station1013_seed2049_center_lstm_h48.npz,62.907039642333984,62.907039642333984,0.0,43.606929779052734,43.606929779052734,0.0
beijing_48h_24h_station1013_seed2049_center_lstm_h64,experiments/results/trainable_matched/predictions/beijing_48h_24h_station1013_seed2049_center_lstm_h64.npz,63.581199645996094,63.581199645996094,0.0,43.99790954589844,43.99790954589844,0.0
beijing_72h_1h_station1013_seed2047_center_gru_h8,experiments/results/trainable_matched/predictions/beijing_72h_1h_station1013_seed2047_center_gru_h8.npz,24.08782386779785,24.08782386779785,0.0,13.208992958068848,13.208992958068848,0.0
beijing_72h_1h_station1013_seed2047_center_gru_h16,experiments/results/trainable_matched/predictions/beijing_72h_1h_station1013_seed2047_center_gru_h16.npz,22.85491371154785,22.85491371154785,0.0,12.13909912109375,12.13909912109375,0.0
beijing_72h_1h_station1013_seed2047_center_gru_h32,experiments/results/trainable_matched/predictions/beijing_72h_1h_station1013_seed2047_center_gru_h32.npz,21.79495620727539,21.79495620727539,0.0,10.966712951660156,10.966712951660156,0.0
beijing_72h_1h_station1013_seed2047_center_gru_h40,experiments/results/trainable_matched/predictions/beijing_72h_1h_station1013_seed2047_center_gru_h40.npz,21.74576568603516,21.745765686035156,3.552713678800501e-15,10.791882514953612,10.791882514953613,1.7763568394002505e-15
beijing_72h_1h_station1013_seed2047_center_gru_h48,experiments/results/trainable_matched/predictions/beijing_72h_1h_station1013_seed2047_center_gru_h48.npz,21.79221534729004,21.79221534729004,0.0,10.869399070739746,10.869399070739746,0.0
beijing_72h_1h_station1013_seed2047_center_gru_h64,experiments/results/trainable_matched/predictions/beijing_72h_1h_station1013_seed2047_center_gru_h64.npz,21.252540588378903,21.252540588378906,3.552713678800501e-15,10.20783233642578,10.207832336425781,1.7763568394002505e-15
beijing_72h_1h_station1013_seed2047_center_lstm_h8,experiments/results/trainable_matched/predictions/beijing_72h_1h_station1013_seed2047_center_lstm_h8.npz,28.10422706604004,28.10422706604004,0.0,16.21870994567871,16.21870994567871,0.0
beijing_72h_1h_station1013_seed2047_center_lstm_h16,experiments/results/trainable_matched/predictions/beijing_72h_1h_station1013_seed2047_center_lstm_h16.npz,22.62763214111328,22.62763214111328,0.0,11.787945747375488,11.787945747375488,0.0
beijing_72h_1h_station1013_seed2047_center_lstm_h32,experiments/results/trainable_matched/predictions/beijing_72h_1h_station1013_seed2047_center_lstm_h32.npz,22.344890594482425,22.344890594482422,3.552713678800501e-15,11.509696006774902,11.509696006774902,0.0
beijing_72h_1h_station1013_seed2047_center_lstm_h40,experiments/results/trainable_matched/predictions/beijing_72h_1h_station1013_seed2047_center_lstm_h40.npz,21.997499465942383,21.997499465942383,0.0,11.17176914215088,11.171769142150879,1.7763568394002505e-15
beijing_72h_1h_station1013_seed2047_center_lstm_h48,experiments/results/trainable_matched/predictions/beijing_72h_1h_station1013_seed2047_center_lstm_h48.npz,21.24806404113769,21.248064041137695,3.552713678800501e-15,10.515707969665527,10.515707969665527,0.0
beijing_72h_1h_station1013_seed2047_center_lstm_h64,experiments/results/trainable_matched/predictions/beijing_72h_1h_station1013_seed2047_center_lstm_h64.npz,21.46220970153809,21.462209701538086,3.552713678800501e-15,10.476557731628418,10.476557731628418,0.0
beijing_72h_1h_station1013_seed2048_center_gru_h8,experiments/results/trainable_matched/predictions/beijing_72h_1h_station1013_seed2048_center_gru_h8.npz,26.380273818969727,26.380273818969727,0.0,14.85948085784912,14.859480857849121,1.7763568394002505e-15
beijing_72h_1h_station1013_seed2048_center_gru_h16,experiments/results/trainable_matched/predictions/beijing_72h_1h_station1013_seed2048_center_gru_h16.npz,22.50052833557129,22.50052833557129,0.0,11.97781753540039,11.97781753540039,0.0
beijing_72h_1h_station1013_seed2048_center_gru_h32,experiments/results/trainable_matched/predictions/beijing_72h_1h_station1013_seed2048_center_gru_h32.npz,21.629533767700195,21.629533767700195,0.0,10.914518356323242,10.914518356323242,0.0
beijing_72h_1h_station1013_seed2048_center_gru_h40,experiments/results/trainable_matched/predictions/beijing_72h_1h_station1013_seed2048_center_gru_h40.npz,21.25883102416992,21.258831024169922,3.552713678800501e-15,10.642202377319336,10.642202377319336,0.0
beijing_72h_1h_station1013_seed2048_center_gru_h48,experiments/results/trainable_matched/predictions/beijing_72h_1h_station1013_seed2048_center_gru_h48.npz,20.91963005065918,20.91963005065918,0.0,10.0777587890625,10.0777587890625,0.0
beijing_72h_1h_station1013_seed2048_center_gru_h64,experiments/results/trainable_matched/predictions/beijing_72h_1h_station1013_seed2048_center_gru_h64.npz,21.280553817749023,21.280553817749023,0.0,10.26088809967041,10.26088809967041,0.0
beijing_72h_1h_station1013_seed2048_center_lstm_h8,experiments/results/trainable_matched/predictions/beijing_72h_1h_station1013_seed2048_center_lstm_h8.npz,31.41140365600586,31.41140365600586,0.0,18.59261131286621,18.59261131286621,0.0
beijing_72h_1h_station1013_seed2048_center_lstm_h16,experiments/results/trainable_matched/predictions/beijing_72h_1h_station1013_seed2048_center_lstm_h16.npz,23.339378356933597,23.339378356933594,3.552713678800501e-15,12.488459587097168,12.488459587097168,0.0
beijing_72h_1h_station1013_seed2048_center_lstm_h32,experiments/results/trainable_matched/predictions/beijing_72h_1h_station1013_seed2048_center_lstm_h32.npz,21.986371994018555,21.986371994018555,0.0,11.234111785888672,11.234111785888672,0.0
beijing_72h_1h_station1013_seed2048_center_lstm_h40,experiments/results/trainable_matched/predictions/beijing_72h_1h_station1013_seed2048_center_lstm_h40.npz,21.550167083740234,21.550167083740234,0.0,10.765643119812012,10.765643119812012,0.0
beijing_72h_1h_station1013_seed2048_center_lstm_h48,experiments/results/trainable_matched/predictions/beijing_72h_1h_station1013_seed2048_center_lstm_h48.npz,21.514867782592773,21.514867782592773,0.0,10.564130783081056,10.564130783081055,1.7763568394002505e-15
beijing_72h_1h_station1013_seed2048_center_lstm_h64,experiments/results/trainable_matched/predictions/beijing_72h_1h_station1013_seed2048_center_lstm_h64.npz,21.38921546936035,21.38921546936035,0.0,10.465778350830078,10.465778350830078,0.0
beijing_72h_1h_station1013_seed2049_center_gru_h8,experiments/results/trainable_matched/predictions/beijing_72h_1h_station1013_seed2049_center_gru_h8.npz,24.946514129638672,24.946514129638672,0.0,13.960680961608888,13.960680961608887,1.7763568394002505e-15
beijing_72h_1h_station1013_seed2049_center_gru_h16,experiments/results/trainable_matched/predictions/beijing_72h_1h_station1013_seed2049_center_gru_h16.npz,23.383451461791992,23.383451461791992,0.0,12.6702880859375,12.6702880859375,0.0
beijing_72h_1h_station1013_seed2049_center_gru_h32,experiments/results/trainable_matched/predictions/beijing_72h_1h_station1013_seed2049_center_gru_h32.npz,21.49243927001953,21.49243927001953,0.0,10.849065780639648,10.849065780639648,0.0
beijing_72h_1h_station1013_seed2049_center_gru_h40,experiments/results/trainable_matched/predictions/beijing_72h_1h_station1013_seed2049_center_gru_h40.npz,21.59971046447754,21.59971046447754,0.0,10.855868339538574,10.855868339538574,0.0
beijing_72h_1h_station1013_seed2049_center_gru_h48,experiments/results/trainable_matched/predictions/beijing_72h_1h_station1013_seed2049_center_gru_h48.npz,21.40274810791016,21.402748107910156,3.552713678800501e-15,10.495109558105469,10.495109558105469,0.0
beijing_72h_1h_station1013_seed2049_center_gru_h64,experiments/results/trainable_matched/predictions/beijing_72h_1h_station1013_seed2049_center_gru_h64.npz,21.32235717773437,21.322357177734375,3.552713678800501e-15,10.26932144165039,10.26932144165039,0.0
beijing_72h_1h_station1013_seed2049_center_lstm_h8,experiments/results/trainable_matched/predictions/beijing_72h_1h_station1013_seed2049_center_lstm_h8.npz,27.35128593444824,27.351285934448242,3.552713678800501e-15,16.020408630371094,16.020408630371094,0.0
beijing_72h_1h_station1013_seed2049_center_lstm_h16,experiments/results/trainable_matched/predictions/beijing_72h_1h_station1013_seed2049_center_lstm_h16.npz,23.854631423950195,23.854631423950195,0.0,12.888367652893066,12.888367652893066,0.0
beijing_72h_1h_station1013_seed2049_center_lstm_h32,experiments/results/trainable_matched/predictions/beijing_72h_1h_station1013_seed2049_center_lstm_h32.npz,22.12553024291992,22.125530242919922,3.552713678800501e-15,11.151885986328123,11.151885986328125,1.7763568394002505e-15
beijing_72h_1h_station1013_seed2049_center_lstm_h40,experiments/results/trainable_matched/predictions/beijing_72h_1h_station1013_seed2049_center_lstm_h40.npz,22.10169982910156,22.101699829101562,3.552713678800501e-15,11.14498233795166,11.14498233795166,0.0
beijing_72h_1h_station1013_seed2049_center_lstm_h48,experiments/results/trainable_matched/predictions/beijing_72h_1h_station1013_seed2049_center_lstm_h48.npz,21.846725463867188,21.846725463867188,0.0,10.947882652282717,10.947882652282715,1.7763568394002505e-15
beijing_72h_1h_station1013_seed2049_center_lstm_h64,experiments/results/trainable_matched/predictions/beijing_72h_1h_station1013_seed2049_center_lstm_h64.npz,21.42250633239746,21.42250633239746,0.0,10.638364791870115,10.638364791870117,1.7763568394002505e-15
beijing_72h_3h_station1013_seed2047_center_gru_h8,experiments/results/trainable_matched/predictions/beijing_72h_3h_station1013_seed2047_center_gru_h8.npz,35.70066833496094,35.70066833496094,0.0,21.48015594482422,21.48015594482422,0.0
beijing_72h_3h_station1013_seed2047_center_gru_h16,experiments/results/trainable_matched/predictions/beijing_72h_3h_station1013_seed2047_center_gru_h16.npz,32.50737380981445,32.50737380981445,0.0,18.68523406982422,18.68523406982422,0.0
beijing_72h_3h_station1013_seed2047_center_gru_h32,experiments/results/trainable_matched/predictions/beijing_72h_3h_station1013_seed2047_center_gru_h32.npz,31.565401077270508,31.565401077270508,0.0,17.5814266204834,17.5814266204834,0.0
beijing_72h_3h_station1013_seed2047_center_gru_h40,experiments/results/trainable_matched/predictions/beijing_72h_3h_station1013_seed2047_center_gru_h40.npz,31.46511650085449,31.465116500854492,3.552713678800501e-15,17.222013473510742,17.222013473510742,0.0
beijing_72h_3h_station1013_seed2047_center_gru_h48,experiments/results/trainable_matched/predictions/beijing_72h_3h_station1013_seed2047_center_gru_h48.npz,31.21020126342773,31.210201263427734,3.552713678800501e-15,16.927148818969727,16.927148818969727,0.0
beijing_72h_3h_station1013_seed2047_center_gru_h64,experiments/results/trainable_matched/predictions/beijing_72h_3h_station1013_seed2047_center_gru_h64.npz,31.21102333068848,31.211023330688477,3.552713678800501e-15,17.073476791381836,17.073476791381836,0.0
beijing_72h_3h_station1013_seed2047_center_lstm_h8,experiments/results/trainable_matched/predictions/beijing_72h_3h_station1013_seed2047_center_lstm_h8.npz,37.72217178344727,37.722171783447266,7.105427357601002e-15,23.280223846435547,23.280223846435547,0.0
beijing_72h_3h_station1013_seed2047_center_lstm_h16,experiments/results/trainable_matched/predictions/beijing_72h_3h_station1013_seed2047_center_lstm_h16.npz,33.180023193359375,33.180023193359375,0.0,19.25286102294922,19.25286102294922,0.0
beijing_72h_3h_station1013_seed2047_center_lstm_h32,experiments/results/trainable_matched/predictions/beijing_72h_3h_station1013_seed2047_center_lstm_h32.npz,31.60614585876465,31.60614585876465,0.0,17.420927047729492,17.420927047729492,0.0
beijing_72h_3h_station1013_seed2047_center_lstm_h40,experiments/results/trainable_matched/predictions/beijing_72h_3h_station1013_seed2047_center_lstm_h40.npz,31.556718826293945,31.556718826293945,0.0,17.324745178222656,17.324745178222656,0.0
beijing_72h_3h_station1013_seed2047_center_lstm_h48,experiments/results/trainable_matched/predictions/beijing_72h_3h_station1013_seed2047_center_lstm_h48.npz,31.414226531982425,31.414226531982422,3.552713678800501e-15,17.103696823120117,17.103696823120117,0.0
beijing_72h_3h_station1013_seed2047_center_lstm_h64,experiments/results/trainable_matched/predictions/beijing_72h_3h_station1013_seed2047_center_lstm_h64.npz,32.27899932861328,32.27899932861328,0.0,17.75432777404785,17.75432777404785,0.0
beijing_72h_3h_station1013_seed2048_center_gru_h8,experiments/results/trainable_matched/predictions/beijing_72h_3h_station1013_seed2048_center_gru_h8.npz,36.02037048339844,36.02037048339844,0.0,21.816530227661133,21.816530227661133,0.0
beijing_72h_3h_station1013_seed2048_center_gru_h16,experiments/results/trainable_matched/predictions/beijing_72h_3h_station1013_seed2048_center_gru_h16.npz,32.541229248046875,32.541229248046875,0.0,18.778871536254883,18.778871536254883,0.0
beijing_72h_3h_station1013_seed2048_center_gru_h32,experiments/results/trainable_matched/predictions/beijing_72h_3h_station1013_seed2048_center_gru_h32.npz,31.7788143157959,31.7788143157959,0.0,17.67751121520996,17.67751121520996,0.0
beijing_72h_3h_station1013_seed2048_center_gru_h40,experiments/results/trainable_matched/predictions/beijing_72h_3h_station1013_seed2048_center_gru_h40.npz,31.703168869018555,31.703168869018555,0.0,17.622236251831055,17.622236251831055,0.0
beijing_72h_3h_station1013_seed2048_center_gru_h48,experiments/results/trainable_matched/predictions/beijing_72h_3h_station1013_seed2048_center_gru_h48.npz,31.49378967285156,31.493789672851562,3.552713678800501e-15,17.128814697265625,17.128814697265625,0.0
beijing_72h_3h_station1013_seed2048_center_gru_h64,experiments/results/trainable_matched/predictions/beijing_72h_3h_station1013_seed2048_center_gru_h64.npz,31.252973556518555,31.252973556518555,0.0,16.82196617126465,16.82196617126465,0.0
beijing_72h_3h_station1013_seed2048_center_lstm_h8,experiments/results/trainable_matched/predictions/beijing_72h_3h_station1013_seed2048_center_lstm_h8.npz,35.00822830200195,35.00822830200195,0.0,21.25716209411621,21.25716209411621,0.0
beijing_72h_3h_station1013_seed2048_center_lstm_h16,experiments/results/trainable_matched/predictions/beijing_72h_3h_station1013_seed2048_center_lstm_h16.npz,32.803104400634766,32.803104400634766,0.0,18.9389705657959,18.9389705657959,0.0
beijing_72h_3h_station1013_seed2048_center_lstm_h32,experiments/results/trainable_matched/predictions/beijing_72h_3h_station1013_seed2048_center_lstm_h32.npz,31.42766571044922,31.42766571044922,0.0,17.278474807739258,17.278474807739258,0.0
beijing_72h_3h_station1013_seed2048_center_lstm_h40,experiments/results/trainable_matched/predictions/beijing_72h_3h_station1013_seed2048_center_lstm_h40.npz,31.938343048095703,31.938343048095703,0.0,17.60882568359375,17.60882568359375,0.0
beijing_72h_3h_station1013_seed2048_center_lstm_h48,experiments/results/trainable_matched/predictions/beijing_72h_3h_station1013_seed2048_center_lstm_h48.npz,31.678985595703125,31.678985595703125,0.0,17.38815689086914,17.38815689086914,0.0
beijing_72h_3h_station1013_seed2048_center_lstm_h64,experiments/results/trainable_matched/predictions/beijing_72h_3h_station1013_seed2048_center_lstm_h64.npz,31.73314666748047,31.73314666748047,0.0,17.2375545501709,17.2375545501709,0.0
beijing_72h_3h_station1013_seed2049_center_gru_h8,experiments/results/trainable_matched/predictions/beijing_72h_3h_station1013_seed2049_center_gru_h8.npz,33.73048782348633,33.73048782348633,0.0,19.6984806060791,19.6984806060791,0.0
beijing_72h_3h_station1013_seed2049_center_gru_h16,experiments/results/trainable_matched/predictions/beijing_72h_3h_station1013_seed2049_center_gru_h16.npz,32.3593635559082,32.3593635559082,0.0,18.55058860778809,18.550588607788086,3.552713678800501e-15
beijing_72h_3h_station1013_seed2049_center_gru_h32,experiments/results/trainable_matched/predictions/beijing_72h_3h_station1013_seed2049_center_gru_h32.npz,31.72490692138672,31.72490692138672,0.0,17.581445693969727,17.581445693969727,0.0
beijing_72h_3h_station1013_seed2049_center_gru_h40,experiments/results/trainable_matched/predictions/beijing_72h_3h_station1013_seed2049_center_gru_h40.npz,31.60695457458496,31.60695457458496,0.0,17.26261329650879,17.26261329650879,0.0
beijing_72h_3h_station1013_seed2049_center_gru_h48,experiments/results/trainable_matched/predictions/beijing_72h_3h_station1013_seed2049_center_gru_h48.npz,31.39326286315918,31.39326286315918,0.0,16.99778175354004,16.99778175354004,0.0
beijing_72h_3h_station1013_seed2049_center_gru_h64,experiments/results/trainable_matched/predictions/beijing_72h_3h_station1013_seed2049_center_gru_h64.npz,31.319774627685547,31.319774627685547,0.0,16.781517028808594,16.781517028808594,0.0
beijing_72h_3h_station1013_seed2049_center_lstm_h8,experiments/results/trainable_matched/predictions/beijing_72h_3h_station1013_seed2049_center_lstm_h8.npz,34.21929168701172,34.21929168701172,0.0,20.32802391052246,20.32802391052246,0.0
beijing_72h_3h_station1013_seed2049_center_lstm_h16,experiments/results/trainable_matched/predictions/beijing_72h_3h_station1013_seed2049_center_lstm_h16.npz,32.432369232177734,32.432369232177734,0.0,18.3791618347168,18.379161834716797,3.552713678800501e-15
beijing_72h_3h_station1013_seed2049_center_lstm_h32,experiments/results/trainable_matched/predictions/beijing_72h_3h_station1013_seed2049_center_lstm_h32.npz,31.98432731628418,31.98432731628418,0.0,17.784587860107422,17.784587860107422,0.0
beijing_72h_3h_station1013_seed2049_center_lstm_h40,experiments/results/trainable_matched/predictions/beijing_72h_3h_station1013_seed2049_center_lstm_h40.npz,31.946367263793945,31.946367263793945,0.0,17.472408294677734,17.472408294677734,0.0
beijing_72h_3h_station1013_seed2049_center_lstm_h48,experiments/results/trainable_matched/predictions/beijing_72h_3h_station1013_seed2049_center_lstm_h48.npz,31.389307022094727,31.389307022094727,0.0,17.293670654296875,17.293670654296875,0.0
beijing_72h_3h_station1013_seed2049_center_lstm_h64,experiments/results/trainable_matched/predictions/beijing_72h_3h_station1013_seed2049_center_lstm_h64.npz,31.596677780151367,31.596677780151367,0.0,17.43694496154785,17.43694496154785,0.0
beijing_72h_6h_station1013_seed2047_center_gru_h8,experiments/results/trainable_matched/predictions/beijing_72h_6h_station1013_seed2047_center_gru_h8.npz,42.1525993347168,42.1525993347168,0.0,26.4104118347168,26.410411834716797,3.552713678800501e-15
beijing_72h_6h_station1013_seed2047_center_gru_h16,experiments/results/trainable_matched/predictions/beijing_72h_6h_station1013_seed2047_center_gru_h16.npz,40.77407455444336,40.77407455444336,0.0,24.86042213439941,24.860422134399414,3.552713678800501e-15
beijing_72h_6h_station1013_seed2047_center_gru_h32,experiments/results/trainable_matched/predictions/beijing_72h_6h_station1013_seed2047_center_gru_h32.npz,40.08064651489258,40.08064651489258,0.0,23.956768035888672,23.956768035888672,0.0
beijing_72h_6h_station1013_seed2047_center_gru_h40,experiments/results/trainable_matched/predictions/beijing_72h_6h_station1013_seed2047_center_gru_h40.npz,40.19245147705078,40.19245147705078,0.0,23.74662971496582,23.74662971496582,0.0
beijing_72h_6h_station1013_seed2047_center_gru_h48,experiments/results/trainable_matched/predictions/beijing_72h_6h_station1013_seed2047_center_gru_h48.npz,40.00019454956055,40.00019454956055,0.0,23.470064163208008,23.470064163208008,0.0
beijing_72h_6h_station1013_seed2047_center_gru_h64,experiments/results/trainable_matched/predictions/beijing_72h_6h_station1013_seed2047_center_gru_h64.npz,40.07045364379883,40.07045364379883,0.0,23.537391662597656,23.537391662597656,0.0
beijing_72h_6h_station1013_seed2047_center_lstm_h8,experiments/results/trainable_matched/predictions/beijing_72h_6h_station1013_seed2047_center_lstm_h8.npz,43.916805267333984,43.916805267333984,0.0,28.278038024902344,28.278038024902344,0.0
beijing_72h_6h_station1013_seed2047_center_lstm_h16,experiments/results/trainable_matched/predictions/beijing_72h_6h_station1013_seed2047_center_lstm_h16.npz,40.98917770385742,40.98917770385742,0.0,25.00833511352539,25.00833511352539,0.0
beijing_72h_6h_station1013_seed2047_center_lstm_h32,experiments/results/trainable_matched/predictions/beijing_72h_6h_station1013_seed2047_center_lstm_h32.npz,40.89544296264648,40.895442962646484,7.105427357601002e-15,24.3850040435791,24.3850040435791,0.0
beijing_72h_6h_station1013_seed2047_center_lstm_h40,experiments/results/trainable_matched/predictions/beijing_72h_6h_station1013_seed2047_center_lstm_h40.npz,41.35063552856445,41.35063552856445,0.0,25.363719940185547,25.363719940185547,0.0
beijing_72h_6h_station1013_seed2047_center_lstm_h48,experiments/results/trainable_matched/predictions/beijing_72h_6h_station1013_seed2047_center_lstm_h48.npz,40.93547821044922,40.93547821044922,0.0,24.290748596191406,24.290748596191406,0.0
beijing_72h_6h_station1013_seed2047_center_lstm_h64,experiments/results/trainable_matched/predictions/beijing_72h_6h_station1013_seed2047_center_lstm_h64.npz,41.19374847412109,41.193748474121094,7.105427357601002e-15,25.01176643371582,25.01176643371582,0.0
beijing_72h_6h_station1013_seed2048_center_gru_h8,experiments/results/trainable_matched/predictions/beijing_72h_6h_station1013_seed2048_center_gru_h8.npz,41.695255279541016,41.695255279541016,0.0,26.014795303344727,26.014795303344727,0.0
beijing_72h_6h_station1013_seed2048_center_gru_h16,experiments/results/trainable_matched/predictions/beijing_72h_6h_station1013_seed2048_center_gru_h16.npz,40.87404251098633,40.87404251098633,0.0,25.141616821289062,25.141616821289062,0.0
beijing_72h_6h_station1013_seed2048_center_gru_h32,experiments/results/trainable_matched/predictions/beijing_72h_6h_station1013_seed2048_center_gru_h32.npz,40.04918670654297,40.04918670654297,0.0,23.683238983154297,23.683238983154297,0.0
beijing_72h_6h_station1013_seed2048_center_gru_h40,experiments/results/trainable_matched/predictions/beijing_72h_6h_station1013_seed2048_center_gru_h40.npz,40.05949401855469,40.05949401855469,0.0,23.536340713500977,23.536340713500977,0.0
beijing_72h_6h_station1013_seed2048_center_gru_h48,experiments/results/trainable_matched/predictions/beijing_72h_6h_station1013_seed2048_center_gru_h48.npz,40.147254943847656,40.147254943847656,0.0,23.66840934753418,23.66840934753418,0.0
beijing_72h_6h_station1013_seed2048_center_gru_h64,experiments/results/trainable_matched/predictions/beijing_72h_6h_station1013_seed2048_center_gru_h64.npz,39.99794006347656,39.99794006347656,0.0,23.34662628173828,23.34662628173828,0.0
beijing_72h_6h_station1013_seed2048_center_lstm_h8,experiments/results/trainable_matched/predictions/beijing_72h_6h_station1013_seed2048_center_lstm_h8.npz,43.62059783935547,43.62059783935547,0.0,28.00053024291992,28.000530242919922,3.552713678800501e-15
beijing_72h_6h_station1013_seed2048_center_lstm_h16,experiments/results/trainable_matched/predictions/beijing_72h_6h_station1013_seed2048_center_lstm_h16.npz,40.93284225463867,40.93284225463867,0.0,24.989709854125977,24.989709854125977,0.0
beijing_72h_6h_station1013_seed2048_center_lstm_h32,experiments/results/trainable_matched/predictions/beijing_72h_6h_station1013_seed2048_center_lstm_h32.npz,40.33580017089844,40.33580017089844,0.0,24.242979049682617,24.242979049682617,0.0
beijing_72h_6h_station1013_seed2048_center_lstm_h40,experiments/results/trainable_matched/predictions/beijing_72h_6h_station1013_seed2048_center_lstm_h40.npz,41.14495086669922,41.14495086669922,0.0,24.79503059387207,24.79503059387207,0.0
beijing_72h_6h_station1013_seed2048_center_lstm_h48,experiments/results/trainable_matched/predictions/beijing_72h_6h_station1013_seed2048_center_lstm_h48.npz,40.718971252441406,40.718971252441406,0.0,24.72196388244629,24.72196388244629,0.0
beijing_72h_6h_station1013_seed2048_center_lstm_h64,experiments/results/trainable_matched/predictions/beijing_72h_6h_station1013_seed2048_center_lstm_h64.npz,41.85007858276367,41.85007858276367,0.0,25.193927764892575,25.193927764892578,3.552713678800501e-15
beijing_72h_6h_station1013_seed2049_center_gru_h8,experiments/results/trainable_matched/predictions/beijing_72h_6h_station1013_seed2049_center_gru_h8.npz,43.35979080200195,43.35979080200195,0.0,27.62852668762207,27.62852668762207,0.0
beijing_72h_6h_station1013_seed2049_center_gru_h16,experiments/results/trainable_matched/predictions/beijing_72h_6h_station1013_seed2049_center_gru_h16.npz,40.790626525878906,40.790626525878906,0.0,24.933250427246094,24.933250427246094,0.0
beijing_72h_6h_station1013_seed2049_center_gru_h32,experiments/results/trainable_matched/predictions/beijing_72h_6h_station1013_seed2049_center_gru_h32.npz,40.28134536743164,40.28134536743164,0.0,24.16830062866211,24.16830062866211,0.0
beijing_72h_6h_station1013_seed2049_center_gru_h40,experiments/results/trainable_matched/predictions/beijing_72h_6h_station1013_seed2049_center_gru_h40.npz,39.95004653930664,39.95004653930664,0.0,23.571475982666016,23.571475982666016,0.0
beijing_72h_6h_station1013_seed2049_center_gru_h48,experiments/results/trainable_matched/predictions/beijing_72h_6h_station1013_seed2049_center_gru_h48.npz,40.2044563293457,40.2044563293457,0.0,23.72877693176269,23.728776931762695,3.552713678800501e-15
beijing_72h_6h_station1013_seed2049_center_gru_h64,experiments/results/trainable_matched/predictions/beijing_72h_6h_station1013_seed2049_center_gru_h64.npz,39.960391998291016,39.960391998291016,0.0,23.65612030029297,23.65612030029297,0.0
beijing_72h_6h_station1013_seed2049_center_lstm_h8,experiments/results/trainable_matched/predictions/beijing_72h_6h_station1013_seed2049_center_lstm_h8.npz,42.77869415283203,42.77869415283203,0.0,26.93557548522949,26.935575485229492,3.552713678800501e-15
beijing_72h_6h_station1013_seed2049_center_lstm_h16,experiments/results/trainable_matched/predictions/beijing_72h_6h_station1013_seed2049_center_lstm_h16.npz,40.825416564941406,40.825416564941406,0.0,24.887651443481445,24.887651443481445,0.0
beijing_72h_6h_station1013_seed2049_center_lstm_h32,experiments/results/trainable_matched/predictions/beijing_72h_6h_station1013_seed2049_center_lstm_h32.npz,40.24532318115234,40.245323181152344,7.105427357601002e-15,24.216798782348636,24.216798782348633,3.552713678800501e-15
beijing_72h_6h_station1013_seed2049_center_lstm_h40,experiments/results/trainable_matched/predictions/beijing_72h_6h_station1013_seed2049_center_lstm_h40.npz,40.81612014770508,40.81612014770508,0.0,24.491968154907227,24.491968154907227,0.0
beijing_72h_6h_station1013_seed2049_center_lstm_h48,experiments/results/trainable_matched/predictions/beijing_72h_6h_station1013_seed2049_center_lstm_h48.npz,41.69032287597656,41.69032287597656,0.0,25.192310333251957,25.192310333251953,3.552713678800501e-15
beijing_72h_6h_station1013_seed2049_center_lstm_h64,experiments/results/trainable_matched/predictions/beijing_72h_6h_station1013_seed2049_center_lstm_h64.npz,41.09749984741211,41.09749984741211,0.0,24.808910369873047,24.808910369873047,0.0
beijing_72h_12h_station1013_seed2047_center_gru_h8,experiments/results/trainable_matched/predictions/beijing_72h_12h_station1013_seed2047_center_gru_h8.npz,51.325828552246094,51.325828552246094,0.0,34.06681442260742,34.06681442260742,0.0
beijing_72h_12h_station1013_seed2047_center_gru_h16,experiments/results/trainable_matched/predictions/beijing_72h_12h_station1013_seed2047_center_gru_h16.npz,50.51883316040039,50.51883316040039,0.0,32.90486526489258,32.90486526489258,0.0
beijing_72h_12h_station1013_seed2047_center_gru_h32,experiments/results/trainable_matched/predictions/beijing_72h_12h_station1013_seed2047_center_gru_h32.npz,50.27863693237305,50.27863693237305,0.0,32.54023742675781,32.54023742675781,0.0
beijing_72h_12h_station1013_seed2047_center_gru_h40,experiments/results/trainable_matched/predictions/beijing_72h_12h_station1013_seed2047_center_gru_h40.npz,50.170021057128906,50.170021057128906,0.0,32.48588180541992,32.48588180541992,0.0
beijing_72h_12h_station1013_seed2047_center_gru_h48,experiments/results/trainable_matched/predictions/beijing_72h_12h_station1013_seed2047_center_gru_h48.npz,50.001312255859375,50.001312255859375,0.0,32.21569061279297,32.21569061279297,0.0
beijing_72h_12h_station1013_seed2047_center_gru_h64,experiments/results/trainable_matched/predictions/beijing_72h_12h_station1013_seed2047_center_gru_h64.npz,50.16300964355469,50.16300964355469,0.0,32.08802795410156,32.08802795410156,0.0
beijing_72h_12h_station1013_seed2047_center_lstm_h8,experiments/results/trainable_matched/predictions/beijing_72h_12h_station1013_seed2047_center_lstm_h8.npz,52.19644165039063,52.196441650390625,7.105427357601002e-15,35.180606842041016,35.180606842041016,0.0
beijing_72h_12h_station1013_seed2047_center_lstm_h16,experiments/results/trainable_matched/predictions/beijing_72h_12h_station1013_seed2047_center_lstm_h16.npz,50.5157470703125,50.5157470703125,0.0,32.93063735961914,32.93063735961914,0.0
beijing_72h_12h_station1013_seed2047_center_lstm_h32,experiments/results/trainable_matched/predictions/beijing_72h_12h_station1013_seed2047_center_lstm_h32.npz,50.97569274902344,50.97569274902344,0.0,33.06547546386719,33.06547546386719,0.0
beijing_72h_12h_station1013_seed2047_center_lstm_h40,experiments/results/trainable_matched/predictions/beijing_72h_12h_station1013_seed2047_center_lstm_h40.npz,53.11099624633789,53.11099624633789,0.0,34.279537200927734,34.279537200927734,0.0
beijing_72h_12h_station1013_seed2047_center_lstm_h48,experiments/results/trainable_matched/predictions/beijing_72h_12h_station1013_seed2047_center_lstm_h48.npz,52.22020721435547,52.22020721435547,0.0,33.7616081237793,33.7616081237793,0.0
beijing_72h_12h_station1013_seed2047_center_lstm_h64,experiments/results/trainable_matched/predictions/beijing_72h_12h_station1013_seed2047_center_lstm_h64.npz,53.65916061401367,53.65916061401367,0.0,35.1462516784668,35.1462516784668,0.0
beijing_72h_12h_station1013_seed2048_center_gru_h8,experiments/results/trainable_matched/predictions/beijing_72h_12h_station1013_seed2048_center_gru_h8.npz,51.80165100097656,51.80165100097656,0.0,34.62176513671875,34.62176513671875,0.0
beijing_72h_12h_station1013_seed2048_center_gru_h16,experiments/results/trainable_matched/predictions/beijing_72h_12h_station1013_seed2048_center_gru_h16.npz,50.59381103515625,50.59381103515625,0.0,33.199188232421875,33.199188232421875,0.0
beijing_72h_12h_station1013_seed2048_center_gru_h32,experiments/results/trainable_matched/predictions/beijing_72h_12h_station1013_seed2048_center_gru_h32.npz,50.17981719970703,50.17981719970703,0.0,32.4691276550293,32.4691276550293,0.0
beijing_72h_12h_station1013_seed2048_center_gru_h40,experiments/results/trainable_matched/predictions/beijing_72h_12h_station1013_seed2048_center_gru_h40.npz,50.22845458984375,50.22845458984375,0.0,32.372535705566406,32.372535705566406,0.0
beijing_72h_12h_station1013_seed2048_center_gru_h48,experiments/results/trainable_matched/predictions/beijing_72h_12h_station1013_seed2048_center_gru_h48.npz,50.05159378051758,50.05159378051758,0.0,32.12870788574219,32.12870788574219,0.0
beijing_72h_12h_station1013_seed2048_center_gru_h64,experiments/results/trainable_matched/predictions/beijing_72h_12h_station1013_seed2048_center_gru_h64.npz,50.261024475097656,50.261024475097656,0.0,32.507076263427734,32.507076263427734,0.0
beijing_72h_12h_station1013_seed2048_center_lstm_h8,experiments/results/trainable_matched/predictions/beijing_72h_12h_station1013_seed2048_center_lstm_h8.npz,52.65842819213867,52.65842819213867,0.0,35.40989303588867,35.40989303588867,0.0
beijing_72h_12h_station1013_seed2048_center_lstm_h16,experiments/results/trainable_matched/predictions/beijing_72h_12h_station1013_seed2048_center_lstm_h16.npz,50.99150848388672,50.99150848388672,0.0,33.29423904418945,33.29423904418945,0.0
beijing_72h_12h_station1013_seed2048_center_lstm_h32,experiments/results/trainable_matched/predictions/beijing_72h_12h_station1013_seed2048_center_lstm_h32.npz,52.01485824584961,52.01485824584961,0.0,34.45045852661133,34.45045852661133,0.0
beijing_72h_12h_station1013_seed2048_center_lstm_h40,experiments/results/trainable_matched/predictions/beijing_72h_12h_station1013_seed2048_center_lstm_h40.npz,51.994384765625,51.994384765625,0.0,33.537078857421875,33.537078857421875,0.0
beijing_72h_12h_station1013_seed2048_center_lstm_h48,experiments/results/trainable_matched/predictions/beijing_72h_12h_station1013_seed2048_center_lstm_h48.npz,52.64812850952149,52.648128509521484,7.105427357601002e-15,34.391109466552734,34.391109466552734,0.0
beijing_72h_12h_station1013_seed2048_center_lstm_h64,experiments/results/trainable_matched/predictions/beijing_72h_12h_station1013_seed2048_center_lstm_h64.npz,52.424163818359375,52.424163818359375,0.0,34.178951263427734,34.178951263427734,0.0
beijing_72h_12h_station1013_seed2049_center_gru_h8,experiments/results/trainable_matched/predictions/beijing_72h_12h_station1013_seed2049_center_gru_h8.npz,52.173431396484375,52.173431396484375,0.0,34.72301483154297,34.72301483154297,0.0
beijing_72h_12h_station1013_seed2049_center_gru_h16,experiments/results/trainable_matched/predictions/beijing_72h_12h_station1013_seed2049_center_gru_h16.npz,50.623573303222656,50.623573303222656,0.0,33.14596176147461,33.14596176147461,0.0
beijing_72h_12h_station1013_seed2049_center_gru_h32,experiments/results/trainable_matched/predictions/beijing_72h_12h_station1013_seed2049_center_gru_h32.npz,50.24681091308594,50.24681091308594,0.0,32.46099090576172,32.46099090576172,0.0
beijing_72h_12h_station1013_seed2049_center_gru_h40,experiments/results/trainable_matched/predictions/beijing_72h_12h_station1013_seed2049_center_gru_h40.npz,50.2939453125,50.2939453125,0.0,32.49647903442383,32.49647903442383,0.0
beijing_72h_12h_station1013_seed2049_center_gru_h48,experiments/results/trainable_matched/predictions/beijing_72h_12h_station1013_seed2049_center_gru_h48.npz,50.09365081787109,50.093650817871094,7.105427357601002e-15,32.29254913330078,32.29254913330078,0.0
beijing_72h_12h_station1013_seed2049_center_gru_h64,experiments/results/trainable_matched/predictions/beijing_72h_12h_station1013_seed2049_center_gru_h64.npz,50.05313491821289,50.05313491821289,0.0,31.99614524841309,31.996145248413086,3.552713678800501e-15
beijing_72h_12h_station1013_seed2049_center_lstm_h8,experiments/results/trainable_matched/predictions/beijing_72h_12h_station1013_seed2049_center_lstm_h8.npz,52.08640670776367,52.08640670776367,0.0,34.80966567993164,34.80966567993164,0.0
beijing_72h_12h_station1013_seed2049_center_lstm_h16,experiments/results/trainable_matched/predictions/beijing_72h_12h_station1013_seed2049_center_lstm_h16.npz,50.82733154296875,50.82733154296875,0.0,33.3221435546875,33.3221435546875,0.0
beijing_72h_12h_station1013_seed2049_center_lstm_h32,experiments/results/trainable_matched/predictions/beijing_72h_12h_station1013_seed2049_center_lstm_h32.npz,51.75185012817383,51.75185012817383,0.0,33.379642486572266,33.379642486572266,0.0
beijing_72h_12h_station1013_seed2049_center_lstm_h40,experiments/results/trainable_matched/predictions/beijing_72h_12h_station1013_seed2049_center_lstm_h40.npz,50.73371124267578,50.73371124267578,0.0,32.5493049621582,32.5493049621582,0.0
beijing_72h_12h_station1013_seed2049_center_lstm_h48,experiments/results/trainable_matched/predictions/beijing_72h_12h_station1013_seed2049_center_lstm_h48.npz,52.63304901123047,52.63304901123047,0.0,34.456695556640625,34.456695556640625,0.0
beijing_72h_12h_station1013_seed2049_center_lstm_h64,experiments/results/trainable_matched/predictions/beijing_72h_12h_station1013_seed2049_center_lstm_h64.npz,53.08100128173828,53.08100128173828,0.0,34.06544876098633,34.06544876098633,0.0
beijing_72h_24h_station1013_seed2047_center_gru_h8,experiments/results/trainable_matched/predictions/beijing_72h_24h_station1013_seed2047_center_gru_h8.npz,60.30904769897461,60.30904769897461,0.0,42.34920883178711,42.34920883178711,0.0
beijing_72h_24h_station1013_seed2047_center_gru_h16,experiments/results/trainable_matched/predictions/beijing_72h_24h_station1013_seed2047_center_gru_h16.npz,59.95176315307617,59.95176315307617,0.0,41.86507034301758,41.86507034301758,0.0
beijing_72h_24h_station1013_seed2047_center_gru_h32,experiments/results/trainable_matched/predictions/beijing_72h_24h_station1013_seed2047_center_gru_h32.npz,59.801361083984375,59.801361083984375,0.0,41.58882141113281,41.58882141113281,0.0
beijing_72h_24h_station1013_seed2047_center_gru_h40,experiments/results/trainable_matched/predictions/beijing_72h_24h_station1013_seed2047_center_gru_h40.npz,59.82258605957031,59.82258605957031,0.0,41.51301956176758,41.51301956176758,0.0
beijing_72h_24h_station1013_seed2047_center_gru_h48,experiments/results/trainable_matched/predictions/beijing_72h_24h_station1013_seed2047_center_gru_h48.npz,59.6383171081543,59.6383171081543,0.0,41.450157165527344,41.450157165527344,0.0
beijing_72h_24h_station1013_seed2047_center_gru_h64,experiments/results/trainable_matched/predictions/beijing_72h_24h_station1013_seed2047_center_gru_h64.npz,59.118797302246094,59.118797302246094,0.0,40.77383804321289,40.77383804321289,0.0
beijing_72h_24h_station1013_seed2047_center_lstm_h8,experiments/results/trainable_matched/predictions/beijing_72h_24h_station1013_seed2047_center_lstm_h8.npz,61.33391571044922,61.33391571044922,0.0,43.73004150390625,43.73004150390625,0.0
beijing_72h_24h_station1013_seed2047_center_lstm_h16,experiments/results/trainable_matched/predictions/beijing_72h_24h_station1013_seed2047_center_lstm_h16.npz,61.140174865722656,61.140174865722656,0.0,42.678932189941406,42.678932189941406,0.0
beijing_72h_24h_station1013_seed2047_center_lstm_h32,experiments/results/trainable_matched/predictions/beijing_72h_24h_station1013_seed2047_center_lstm_h32.npz,61.343563079833984,61.343563079833984,0.0,42.95970153808594,42.95970153808594,0.0
beijing_72h_24h_station1013_seed2047_center_lstm_h40,experiments/results/trainable_matched/predictions/beijing_72h_24h_station1013_seed2047_center_lstm_h40.npz,63.417911529541016,63.417911529541016,0.0,43.6306037902832,43.6306037902832,0.0
beijing_72h_24h_station1013_seed2047_center_lstm_h48,experiments/results/trainable_matched/predictions/beijing_72h_24h_station1013_seed2047_center_lstm_h48.npz,62.23759460449219,62.23759460449219,0.0,43.23225784301758,43.23225784301758,0.0
beijing_72h_24h_station1013_seed2047_center_lstm_h64,experiments/results/trainable_matched/predictions/beijing_72h_24h_station1013_seed2047_center_lstm_h64.npz,61.63439178466797,61.63439178466797,0.0,42.80356216430664,42.80356216430664,0.0
beijing_72h_24h_station1013_seed2048_center_gru_h8,experiments/results/trainable_matched/predictions/beijing_72h_24h_station1013_seed2048_center_gru_h8.npz,60.57940673828125,60.57940673828125,0.0,42.641971588134766,42.641971588134766,0.0
beijing_72h_24h_station1013_seed2048_center_gru_h16,experiments/results/trainable_matched/predictions/beijing_72h_24h_station1013_seed2048_center_gru_h16.npz,60.15969467163086,60.15969467163086,0.0,42.02580261230469,42.02580261230469,0.0
beijing_72h_24h_station1013_seed2048_center_gru_h32,experiments/results/trainable_matched/predictions/beijing_72h_24h_station1013_seed2048_center_gru_h32.npz,59.76448822021485,59.764488220214844,7.105427357601002e-15,41.57267379760742,41.57267379760742,0.0
beijing_72h_24h_station1013_seed2048_center_gru_h40,experiments/results/trainable_matched/predictions/beijing_72h_24h_station1013_seed2048_center_gru_h40.npz,59.93263626098633,59.93263626098633,0.0,41.94186401367188,41.941864013671875,7.105427357601002e-15
beijing_72h_24h_station1013_seed2048_center_gru_h48,experiments/results/trainable_matched/predictions/beijing_72h_24h_station1013_seed2048_center_gru_h48.npz,59.59793472290039,59.59793472290039,0.0,41.29713821411133,41.29713821411133,0.0
beijing_72h_24h_station1013_seed2048_center_gru_h64,experiments/results/trainable_matched/predictions/beijing_72h_24h_station1013_seed2048_center_gru_h64.npz,59.789772033691406,59.789772033691406,0.0,41.64037704467773,41.640377044677734,7.105427357601002e-15
beijing_72h_24h_station1013_seed2048_center_lstm_h8,experiments/results/trainable_matched/predictions/beijing_72h_24h_station1013_seed2048_center_lstm_h8.npz,60.80995178222656,60.80995178222656,0.0,43.01362228393555,43.01362228393555,0.0
beijing_72h_24h_station1013_seed2048_center_lstm_h16,experiments/results/trainable_matched/predictions/beijing_72h_24h_station1013_seed2048_center_lstm_h16.npz,60.3417854309082,60.3417854309082,0.0,42.03263092041016,42.032630920410156,7.105427357601002e-15
beijing_72h_24h_station1013_seed2048_center_lstm_h32,experiments/results/trainable_matched/predictions/beijing_72h_24h_station1013_seed2048_center_lstm_h32.npz,61.02814483642578,61.02814483642578,0.0,42.39583206176758,42.39583206176758,0.0
beijing_72h_24h_station1013_seed2048_center_lstm_h40,experiments/results/trainable_matched/predictions/beijing_72h_24h_station1013_seed2048_center_lstm_h40.npz,62.437408447265625,62.437408447265625,0.0,42.93587112426758,42.93587112426758,0.0
beijing_72h_24h_station1013_seed2048_center_lstm_h48,experiments/results/trainable_matched/predictions/beijing_72h_24h_station1013_seed2048_center_lstm_h48.npz,61.83791732788086,61.83791732788086,0.0,43.27634048461914,43.27634048461914,0.0
beijing_72h_24h_station1013_seed2048_center_lstm_h64,experiments/results/trainable_matched/predictions/beijing_72h_24h_station1013_seed2048_center_lstm_h64.npz,62.67844009399414,62.67844009399414,0.0,43.18769073486328,43.18769073486328,0.0
beijing_72h_24h_station1013_seed2049_center_gru_h8,experiments/results/trainable_matched/predictions/beijing_72h_24h_station1013_seed2049_center_gru_h8.npz,60.47298049926758,60.47298049926758,0.0,42.50700378417969,42.50700378417969,0.0
beijing_72h_24h_station1013_seed2049_center_gru_h16,experiments/results/trainable_matched/predictions/beijing_72h_24h_station1013_seed2049_center_gru_h16.npz,60.04803466796875,60.04803466796875,0.0,41.89192962646485,41.891929626464844,7.105427357601002e-15
beijing_72h_24h_station1013_seed2049_center_gru_h32,experiments/results/trainable_matched/predictions/beijing_72h_24h_station1013_seed2049_center_gru_h32.npz,59.73714447021485,59.737144470214844,7.105427357601002e-15,41.43602752685547,41.43602752685547,0.0
beijing_72h_24h_station1013_seed2049_center_gru_h40,experiments/results/trainable_matched/predictions/beijing_72h_24h_station1013_seed2049_center_gru_h40.npz,59.666046142578125,59.666046142578125,0.0,41.416011810302734,41.416011810302734,0.0
beijing_72h_24h_station1013_seed2049_center_gru_h48,experiments/results/trainable_matched/predictions/beijing_72h_24h_station1013_seed2049_center_gru_h48.npz,59.74283218383789,59.74283218383789,0.0,41.53158187866211,41.53158187866211,0.0
beijing_72h_24h_station1013_seed2049_center_gru_h64,experiments/results/trainable_matched/predictions/beijing_72h_24h_station1013_seed2049_center_gru_h64.npz,59.64268112182617,59.64268112182617,0.0,41.26527786254883,41.26527786254883,0.0
beijing_72h_24h_station1013_seed2049_center_lstm_h8,experiments/results/trainable_matched/predictions/beijing_72h_24h_station1013_seed2049_center_lstm_h8.npz,60.980255126953125,60.980255126953125,0.0,43.12541580200195,43.12541580200195,0.0
beijing_72h_24h_station1013_seed2049_center_lstm_h16,experiments/results/trainable_matched/predictions/beijing_72h_24h_station1013_seed2049_center_lstm_h16.npz,60.086307525634766,60.086307525634766,0.0,41.964805603027344,41.964805603027344,0.0
beijing_72h_24h_station1013_seed2049_center_lstm_h32,experiments/results/trainable_matched/predictions/beijing_72h_24h_station1013_seed2049_center_lstm_h32.npz,60.92759704589844,60.92759704589844,0.0,42.093875885009766,42.093875885009766,0.0
beijing_72h_24h_station1013_seed2049_center_lstm_h40,experiments/results/trainable_matched/predictions/beijing_72h_24h_station1013_seed2049_center_lstm_h40.npz,61.721099853515625,61.721099853515625,0.0,42.40740203857422,42.40740203857422,0.0
beijing_72h_24h_station1013_seed2049_center_lstm_h48,experiments/results/trainable_matched/predictions/beijing_72h_24h_station1013_seed2049_center_lstm_h48.npz,62.41344451904297,62.41344451904297,0.0,43.18778610229492,43.18778610229492,0.0
beijing_72h_24h_station1013_seed2049_center_lstm_h64,experiments/results/trainable_matched/predictions/beijing_72h_24h_station1013_seed2049_center_lstm_h64.npz,63.44615173339844,63.44615173339844,0.0,43.12249374389648,43.122493743896484,7.105427357601002e-15
beijing_168h_1h_station1013_seed2047_center_gru_h8,experiments/results/trainable_matched/predictions/beijing_168h_1h_station1013_seed2047_center_gru_h8.npz,24.17740249633789,24.17740249633789,0.0,13.312719345092772,13.312719345092773,1.7763568394002505e-15
beijing_168h_1h_station1013_seed2047_center_gru_h16,experiments/results/trainable_matched/predictions/beijing_168h_1h_station1013_seed2047_center_gru_h16.npz,22.95859146118164,22.95859146118164,0.0,12.268333435058594,12.268333435058594,0.0
beijing_168h_1h_station1013_seed2047_center_gru_h32,experiments/results/trainable_matched/predictions/beijing_168h_1h_station1013_seed2047_center_gru_h32.npz,21.87847137451172,21.87847137451172,0.0,11.049761772155762,11.049761772155762,0.0
beijing_168h_1h_station1013_seed2047_center_gru_h40,experiments/results/trainable_matched/predictions/beijing_168h_1h_station1013_seed2047_center_gru_h40.npz,21.70241928100586,21.70241928100586,0.0,10.714695930480955,10.714695930480957,1.7763568394002505e-15
beijing_168h_1h_station1013_seed2047_center_gru_h48,experiments/results/trainable_matched/predictions/beijing_168h_1h_station1013_seed2047_center_gru_h48.npz,21.74848937988281,21.748489379882812,3.552713678800501e-15,10.706860542297363,10.706860542297363,0.0
beijing_168h_1h_station1013_seed2047_center_gru_h64,experiments/results/trainable_matched/predictions/beijing_168h_1h_station1013_seed2047_center_gru_h64.npz,21.294353485107425,21.294353485107422,3.552713678800501e-15,10.316890716552734,10.316890716552734,0.0
beijing_168h_1h_station1013_seed2047_center_lstm_h8,experiments/results/trainable_matched/predictions/beijing_168h_1h_station1013_seed2047_center_lstm_h8.npz,28.237817764282227,28.237817764282227,0.0,16.348459243774414,16.348459243774414,0.0
beijing_168h_1h_station1013_seed2047_center_lstm_h16,experiments/results/trainable_matched/predictions/beijing_168h_1h_station1013_seed2047_center_lstm_h16.npz,22.73643493652344,22.736434936523438,3.552713678800501e-15,11.967254638671877,11.967254638671875,1.7763568394002505e-15
beijing_168h_1h_station1013_seed2047_center_lstm_h32,experiments/results/trainable_matched/predictions/beijing_168h_1h_station1013_seed2047_center_lstm_h32.npz,22.381017684936523,22.381017684936523,0.0,11.411513328552246,11.411513328552246,0.0
beijing_168h_1h_station1013_seed2047_center_lstm_h40,experiments/results/trainable_matched/predictions/beijing_168h_1h_station1013_seed2047_center_lstm_h40.npz,22.01974296569824,22.019742965698242,3.552713678800501e-15,11.10952377319336,11.10952377319336,0.0
beijing_168h_1h_station1013_seed2047_center_lstm_h48,experiments/results/trainable_matched/predictions/beijing_168h_1h_station1013_seed2047_center_lstm_h48.npz,21.29087829589844,21.290878295898438,3.552713678800501e-15,10.53884220123291,10.53884220123291,0.0
beijing_168h_1h_station1013_seed2047_center_lstm_h64,experiments/results/trainable_matched/predictions/beijing_168h_1h_station1013_seed2047_center_lstm_h64.npz,21.583086013793945,21.583086013793945,0.0,10.705683708190918,10.705683708190918,0.0
beijing_168h_1h_station1013_seed2048_center_gru_h8,experiments/results/trainable_matched/predictions/beijing_168h_1h_station1013_seed2048_center_gru_h8.npz,26.517520904541016,26.517520904541016,0.0,15.017822265625,15.017822265625,0.0
beijing_168h_1h_station1013_seed2048_center_gru_h16,experiments/results/trainable_matched/predictions/beijing_168h_1h_station1013_seed2048_center_gru_h16.npz,22.59432601928711,22.59432601928711,0.0,12.030838012695312,12.030838012695312,0.0
beijing_168h_1h_station1013_seed2048_center_gru_h32,experiments/results/trainable_matched/predictions/beijing_168h_1h_station1013_seed2048_center_gru_h32.npz,21.74993324279785,21.74993324279785,0.0,11.101943016052246,11.101943016052246,0.0
beijing_168h_1h_station1013_seed2048_center_gru_h40,experiments/results/trainable_matched/predictions/beijing_168h_1h_station1013_seed2048_center_gru_h40.npz,21.26082801818848,21.260828018188477,3.552713678800501e-15,10.659749031066896,10.659749031066895,1.7763568394002505e-15
beijing_168h_1h_station1013_seed2048_center_gru_h48,experiments/results/trainable_matched/predictions/beijing_168h_1h_station1013_seed2048_center_gru_h48.npz,21.10567092895508,21.105670928955078,3.552713678800501e-15,10.307732582092283,10.307732582092285,1.7763568394002505e-15
beijing_168h_1h_station1013_seed2048_center_gru_h64,experiments/results/trainable_matched/predictions/beijing_168h_1h_station1013_seed2048_center_gru_h64.npz,21.481216430664062,21.481216430664062,0.0,10.560361862182615,10.560361862182617,1.7763568394002505e-15
beijing_168h_1h_station1013_seed2048_center_lstm_h8,experiments/results/trainable_matched/predictions/beijing_168h_1h_station1013_seed2048_center_lstm_h8.npz,31.538236618041992,31.538236618041992,0.0,18.688779830932617,18.688779830932617,0.0
beijing_168h_1h_station1013_seed2048_center_lstm_h16,experiments/results/trainable_matched/predictions/beijing_168h_1h_station1013_seed2048_center_lstm_h16.npz,23.43356132507324,23.433561325073242,3.552713678800501e-15,12.656386375427246,12.656386375427246,0.0
beijing_168h_1h_station1013_seed2048_center_lstm_h32,experiments/results/trainable_matched/predictions/beijing_168h_1h_station1013_seed2048_center_lstm_h32.npz,22.016719818115234,22.016719818115234,0.0,11.293068885803224,11.293068885803223,1.7763568394002505e-15
beijing_168h_1h_station1013_seed2048_center_lstm_h40,experiments/results/trainable_matched/predictions/beijing_168h_1h_station1013_seed2048_center_lstm_h40.npz,21.61750221252441,21.617502212524414,3.552713678800501e-15,10.904955863952637,10.904955863952637,0.0
beijing_168h_1h_station1013_seed2048_center_lstm_h48,experiments/results/trainable_matched/predictions/beijing_168h_1h_station1013_seed2048_center_lstm_h48.npz,21.63840675354004,21.63840675354004,0.0,10.835070610046388,10.835070610046387,1.7763568394002505e-15
beijing_168h_1h_station1013_seed2048_center_lstm_h64,experiments/results/trainable_matched/predictions/beijing_168h_1h_station1013_seed2048_center_lstm_h64.npz,21.421283721923828,21.421283721923828,0.0,10.64580249786377,10.64580249786377,0.0
beijing_168h_1h_station1013_seed2049_center_gru_h8,experiments/results/trainable_matched/predictions/beijing_168h_1h_station1013_seed2049_center_gru_h8.npz,25.1016845703125,25.1016845703125,0.0,14.118426322937012,14.118426322937012,0.0
beijing_168h_1h_station1013_seed2049_center_gru_h16,experiments/results/trainable_matched/predictions/beijing_168h_1h_station1013_seed2049_center_gru_h16.npz,23.498123168945312,23.498123168945312,0.0,12.75855827331543,12.75855827331543,0.0
beijing_168h_1h_station1013_seed2049_center_gru_h32,experiments/results/trainable_matched/predictions/beijing_168h_1h_station1013_seed2049_center_gru_h32.npz,21.570802688598636,21.570802688598633,3.552713678800501e-15,10.881098747253418,10.881098747253418,0.0
beijing_168h_1h_station1013_seed2049_center_gru_h40,experiments/results/trainable_matched/predictions/beijing_168h_1h_station1013_seed2049_center_gru_h40.npz,21.59066772460937,21.590667724609375,3.552713678800501e-15,10.854036331176758,10.854036331176758,0.0
beijing_168h_1h_station1013_seed2049_center_gru_h48,experiments/results/trainable_matched/predictions/beijing_168h_1h_station1013_seed2049_center_gru_h48.npz,21.500253677368164,21.500253677368164,0.0,10.657313346862791,10.657313346862793,1.7763568394002505e-15
beijing_168h_1h_station1013_seed2049_center_gru_h64,experiments/results/trainable_matched/predictions/beijing_168h_1h_station1013_seed2049_center_gru_h64.npz,21.41245651245117,21.412456512451172,3.552713678800501e-15,10.42389965057373,10.42389965057373,0.0
beijing_168h_1h_station1013_seed2049_center_lstm_h8,experiments/results/trainable_matched/predictions/beijing_168h_1h_station1013_seed2049_center_lstm_h8.npz,27.51685905456543,27.51685905456543,0.0,16.14584732055664,16.14584732055664,0.0
beijing_168h_1h_station1013_seed2049_center_lstm_h16,experiments/results/trainable_matched/predictions/beijing_168h_1h_station1013_seed2049_center_lstm_h16.npz,23.88417625427246,23.88417625427246,0.0,12.975054740905762,12.975054740905762,0.0
beijing_168h_1h_station1013_seed2049_center_lstm_h32,experiments/results/trainable_matched/predictions/beijing_168h_1h_station1013_seed2049_center_lstm_h32.npz,22.2718563079834,22.2718563079834,0.0,11.389577865600586,11.389577865600586,0.0
beijing_168h_1h_station1013_seed2049_center_lstm_h40,experiments/results/trainable_matched/predictions/beijing_168h_1h_station1013_seed2049_center_lstm_h40.npz,22.130041122436523,22.130041122436523,0.0,11.333514213562012,11.333514213562012,0.0
beijing_168h_1h_station1013_seed2049_center_lstm_h48,experiments/results/trainable_matched/predictions/beijing_168h_1h_station1013_seed2049_center_lstm_h48.npz,21.83842086791992,21.838420867919922,3.552713678800501e-15,11.155988693237305,11.155988693237305,0.0
beijing_168h_1h_station1013_seed2049_center_lstm_h64,experiments/results/trainable_matched/predictions/beijing_168h_1h_station1013_seed2049_center_lstm_h64.npz,21.45345497131348,21.453454971313477,3.552713678800501e-15,10.790264129638672,10.790264129638672,0.0
beijing_168h_3h_station1013_seed2047_center_gru_h8,experiments/results/trainable_matched/predictions/beijing_168h_3h_station1013_seed2047_center_gru_h8.npz,35.89054870605469,35.89054870605469,0.0,21.7061767578125,21.7061767578125,0.0
beijing_168h_3h_station1013_seed2047_center_gru_h16,experiments/results/trainable_matched/predictions/beijing_168h_3h_station1013_seed2047_center_gru_h16.npz,32.663143157958984,32.663143157958984,0.0,18.81889915466309,18.818899154663086,3.552713678800501e-15
beijing_168h_3h_station1013_seed2047_center_gru_h32,experiments/results/trainable_matched/predictions/beijing_168h_3h_station1013_seed2047_center_gru_h32.npz,31.73612403869629,31.73612403869629,0.0,17.688838958740234,17.688838958740234,0.0
beijing_168h_3h_station1013_seed2047_center_gru_h40,experiments/results/trainable_matched/predictions/beijing_168h_3h_station1013_seed2047_center_gru_h40.npz,31.565940856933597,31.565940856933594,3.552713678800501e-15,17.426332473754883,17.426332473754883,0.0
beijing_168h_3h_station1013_seed2047_center_gru_h48,experiments/results/trainable_matched/predictions/beijing_168h_3h_station1013_seed2047_center_gru_h48.npz,31.29426383972168,31.29426383972168,0.0,17.013416290283203,17.013416290283203,0.0
beijing_168h_3h_station1013_seed2047_center_gru_h64,experiments/results/trainable_matched/predictions/beijing_168h_3h_station1013_seed2047_center_gru_h64.npz,31.3103084564209,31.3103084564209,0.0,16.744876861572266,16.744876861572266,0.0
beijing_168h_3h_station1013_seed2047_center_lstm_h8,experiments/results/trainable_matched/predictions/beijing_168h_3h_station1013_seed2047_center_lstm_h8.npz,37.945709228515625,37.945709228515625,0.0,23.54109001159668,23.54109001159668,0.0
beijing_168h_3h_station1013_seed2047_center_lstm_h16,experiments/results/trainable_matched/predictions/beijing_168h_3h_station1013_seed2047_center_lstm_h16.npz,33.26336669921875,33.26336669921875,0.0,19.45732688903809,19.457326889038086,3.552713678800501e-15
beijing_168h_3h_station1013_seed2047_center_lstm_h32,experiments/results/trainable_matched/predictions/beijing_168h_3h_station1013_seed2047_center_lstm_h32.npz,31.736059188842773,31.736059188842773,0.0,17.478500366210938,17.478500366210938,0.0
beijing_168h_3h_station1013_seed2047_center_lstm_h40,experiments/results/trainable_matched/predictions/beijing_168h_3h_station1013_seed2047_center_lstm_h40.npz,31.817886352539062,31.817886352539062,0.0,17.578901290893555,17.578901290893555,0.0
beijing_168h_3h_station1013_seed2047_center_lstm_h48,experiments/results/trainable_matched/predictions/beijing_168h_3h_station1013_seed2047_center_lstm_h48.npz,31.503026962280277,31.503026962280273,3.552713678800501e-15,17.163410186767578,17.163410186767578,0.0
beijing_168h_3h_station1013_seed2047_center_lstm_h64,experiments/results/trainable_matched/predictions/beijing_168h_3h_station1013_seed2047_center_lstm_h64.npz,32.082706451416016,32.082706451416016,0.0,17.752681732177734,17.752681732177734,0.0
beijing_168h_3h_station1013_seed2048_center_gru_h8,experiments/results/trainable_matched/predictions/beijing_168h_3h_station1013_seed2048_center_gru_h8.npz,36.18947219848633,36.18947219848633,0.0,22.02007102966309,22.020071029663086,3.552713678800501e-15
beijing_168h_3h_station1013_seed2048_center_gru_h16,experiments/results/trainable_matched/predictions/beijing_168h_3h_station1013_seed2048_center_gru_h16.npz,32.67441177368164,32.67441177368164,0.0,18.877296447753903,18.877296447753906,3.552713678800501e-15
beijing_168h_3h_station1013_seed2048_center_gru_h32,experiments/results/trainable_matched/predictions/beijing_168h_3h_station1013_seed2048_center_gru_h32.npz,31.950382232666016,31.950382232666016,0.0,17.69561004638672,17.69561004638672,0.0
beijing_168h_3h_station1013_seed2048_center_gru_h40,experiments/results/trainable_matched/predictions/beijing_168h_3h_station1013_seed2048_center_gru_h40.npz,31.824085235595703,31.824085235595703,0.0,17.65114402770996,17.65114402770996,0.0
beijing_168h_3h_station1013_seed2048_center_gru_h48,experiments/results/trainable_matched/predictions/beijing_168h_3h_station1013_seed2048_center_gru_h48.npz,31.52611351013184,31.526113510131836,3.552713678800501e-15,17.094196319580078,17.094196319580078,0.0
beijing_168h_3h_station1013_seed2048_center_gru_h64,experiments/results/trainable_matched/predictions/beijing_168h_3h_station1013_seed2048_center_gru_h64.npz,31.248291015625,31.248291015625,0.0,16.766231536865234,16.766231536865234,0.0
beijing_168h_3h_station1013_seed2048_center_lstm_h8,experiments/results/trainable_matched/predictions/beijing_168h_3h_station1013_seed2048_center_lstm_h8.npz,35.14559555053711,35.14559555053711,0.0,21.420974731445312,21.420974731445312,0.0
beijing_168h_3h_station1013_seed2048_center_lstm_h16,experiments/results/trainable_matched/predictions/beijing_168h_3h_station1013_seed2048_center_lstm_h16.npz,32.94063949584961,32.94063949584961,0.0,18.968175888061523,18.968175888061523,0.0
beijing_168h_3h_station1013_seed2048_center_lstm_h32,experiments/results/trainable_matched/predictions/beijing_168h_3h_station1013_seed2048_center_lstm_h32.npz,31.462677001953125,31.462677001953125,0.0,17.298036575317383,17.298036575317383,0.0
beijing_168h_3h_station1013_seed2048_center_lstm_h40,experiments/results/trainable_matched/predictions/beijing_168h_3h_station1013_seed2048_center_lstm_h40.npz,32.153743743896484,32.153743743896484,0.0,17.86486053466797,17.86486053466797,0.0
beijing_168h_3h_station1013_seed2048_center_lstm_h48,experiments/results/trainable_matched/predictions/beijing_168h_3h_station1013_seed2048_center_lstm_h48.npz,32.268463134765625,32.268463134765625,0.0,18.130908966064453,18.130908966064453,0.0
beijing_168h_3h_station1013_seed2048_center_lstm_h64,experiments/results/trainable_matched/predictions/beijing_168h_3h_station1013_seed2048_center_lstm_h64.npz,31.876527786254883,31.876527786254883,0.0,17.56332778930664,17.56332778930664,0.0
beijing_168h_3h_station1013_seed2049_center_gru_h8,experiments/results/trainable_matched/predictions/beijing_168h_3h_station1013_seed2049_center_gru_h8.npz,33.94053268432617,33.94053268432617,0.0,19.939128875732425,19.939128875732422,3.552713678800501e-15
beijing_168h_3h_station1013_seed2049_center_gru_h16,experiments/results/trainable_matched/predictions/beijing_168h_3h_station1013_seed2049_center_gru_h16.npz,32.53110885620117,32.53110885620117,0.0,18.782005310058597,18.782005310058594,3.552713678800501e-15
beijing_168h_3h_station1013_seed2049_center_gru_h32,experiments/results/trainable_matched/predictions/beijing_168h_3h_station1013_seed2049_center_gru_h32.npz,31.867843627929688,31.867843627929688,0.0,17.988075256347656,17.988075256347656,0.0
beijing_168h_3h_station1013_seed2049_center_gru_h40,experiments/results/trainable_matched/predictions/beijing_168h_3h_station1013_seed2049_center_gru_h40.npz,31.74241828918457,31.74241828918457,0.0,17.659238815307617,17.659238815307617,0.0
beijing_168h_3h_station1013_seed2049_center_gru_h48,experiments/results/trainable_matched/predictions/beijing_168h_3h_station1013_seed2049_center_gru_h48.npz,31.477033615112305,31.477033615112305,0.0,17.34340476989746,17.34340476989746,0.0
beijing_168h_3h_station1013_seed2049_center_gru_h64,experiments/results/trainable_matched/predictions/beijing_168h_3h_station1013_seed2049_center_gru_h64.npz,31.385133743286133,31.385133743286133,0.0,16.983762741088867,16.983762741088867,0.0
beijing_168h_3h_station1013_seed2049_center_lstm_h8,experiments/results/trainable_matched/predictions/beijing_168h_3h_station1013_seed2049_center_lstm_h8.npz,34.44010543823242,34.44010543823242,0.0,20.59330368041992,20.593303680419922,3.552713678800501e-15
beijing_168h_3h_station1013_seed2049_center_lstm_h16,experiments/results/trainable_matched/predictions/beijing_168h_3h_station1013_seed2049_center_lstm_h16.npz,32.483604431152344,32.483604431152344,0.0,18.70836067199707,18.70836067199707,0.0
beijing_168h_3h_station1013_seed2049_center_lstm_h32,experiments/results/trainable_matched/predictions/beijing_168h_3h_station1013_seed2049_center_lstm_h32.npz,32.07567596435547,32.07567596435547,0.0,17.988706588745117,17.988706588745117,0.0
beijing_168h_3h_station1013_seed2049_center_lstm_h40,experiments/results/trainable_matched/predictions/beijing_168h_3h_station1013_seed2049_center_lstm_h40.npz,31.963823318481445,31.963823318481445,0.0,17.892431259155273,17.892431259155273,0.0
beijing_168h_3h_station1013_seed2049_center_lstm_h48,experiments/results/trainable_matched/predictions/beijing_168h_3h_station1013_seed2049_center_lstm_h48.npz,31.85810089111328,31.85810089111328,0.0,17.610031127929688,17.610031127929688,0.0
beijing_168h_3h_station1013_seed2049_center_lstm_h64,experiments/results/trainable_matched/predictions/beijing_168h_3h_station1013_seed2049_center_lstm_h64.npz,31.76298141479492,31.762981414794922,3.552713678800501e-15,17.271615982055664,17.271615982055664,0.0
beijing_168h_6h_station1013_seed2047_center_gru_h8,experiments/results/trainable_matched/predictions/beijing_168h_6h_station1013_seed2047_center_gru_h8.npz,42.37765884399414,42.37765884399414,0.0,26.669097900390625,26.669097900390625,0.0
beijing_168h_6h_station1013_seed2047_center_gru_h16,experiments/results/trainable_matched/predictions/beijing_168h_6h_station1013_seed2047_center_gru_h16.npz,40.97284698486328,40.97284698486328,0.0,25.09368324279785,25.09368324279785,0.0
beijing_168h_6h_station1013_seed2047_center_gru_h32,experiments/results/trainable_matched/predictions/beijing_168h_6h_station1013_seed2047_center_gru_h32.npz,40.27268600463867,40.27268600463867,0.0,24.153282165527344,24.153282165527344,0.0
beijing_168h_6h_station1013_seed2047_center_gru_h40,experiments/results/trainable_matched/predictions/beijing_168h_6h_station1013_seed2047_center_gru_h40.npz,40.39363861083984,40.393638610839844,7.105427357601002e-15,24.076366424560547,24.076366424560547,0.0
beijing_168h_6h_station1013_seed2047_center_gru_h48,experiments/results/trainable_matched/predictions/beijing_168h_6h_station1013_seed2047_center_gru_h48.npz,40.1436882019043,40.1436882019043,0.0,23.78409576416016,23.784095764160156,3.552713678800501e-15
beijing_168h_6h_station1013_seed2047_center_gru_h64,experiments/results/trainable_matched/predictions/beijing_168h_6h_station1013_seed2047_center_gru_h64.npz,40.1992301940918,40.1992301940918,0.0,23.492605209350582,23.492605209350586,3.552713678800501e-15
beijing_168h_6h_station1013_seed2047_center_lstm_h8,experiments/results/trainable_matched/predictions/beijing_168h_6h_station1013_seed2047_center_lstm_h8.npz,44.13272476196289,44.13272476196289,0.0,28.526575088500977,28.526575088500977,0.0
beijing_168h_6h_station1013_seed2047_center_lstm_h16,experiments/results/trainable_matched/predictions/beijing_168h_6h_station1013_seed2047_center_lstm_h16.npz,41.12904357910156,41.12904357910156,0.0,25.35634422302246,25.35634422302246,0.0
beijing_168h_6h_station1013_seed2047_center_lstm_h32,experiments/results/trainable_matched/predictions/beijing_168h_6h_station1013_seed2047_center_lstm_h32.npz,40.88068771362305,40.88068771362305,0.0,24.381162643432617,24.381162643432617,0.0
beijing_168h_6h_station1013_seed2047_center_lstm_h40,experiments/results/trainable_matched/predictions/beijing_168h_6h_station1013_seed2047_center_lstm_h40.npz,41.83175659179688,41.831756591796875,7.105427357601002e-15,25.54928207397461,25.54928207397461,0.0
beijing_168h_6h_station1013_seed2047_center_lstm_h48,experiments/results/trainable_matched/predictions/beijing_168h_6h_station1013_seed2047_center_lstm_h48.npz,40.80662536621094,40.80662536621094,0.0,24.246427536010746,24.246427536010742,3.552713678800501e-15
beijing_168h_6h_station1013_seed2047_center_lstm_h64,experiments/results/trainable_matched/predictions/beijing_168h_6h_station1013_seed2047_center_lstm_h64.npz,40.9709587097168,40.9709587097168,0.0,24.55986785888672,24.55986785888672,0.0
beijing_168h_6h_station1013_seed2048_center_gru_h8,experiments/results/trainable_matched/predictions/beijing_168h_6h_station1013_seed2048_center_gru_h8.npz,41.92708587646485,41.927085876464844,7.105427357601002e-15,26.268205642700195,26.268205642700195,0.0
beijing_168h_6h_station1013_seed2048_center_gru_h16,experiments/results/trainable_matched/predictions/beijing_168h_6h_station1013_seed2048_center_gru_h16.npz,41.09566116333008,41.09566116333008,0.0,25.30191421508789,25.30191421508789,0.0
beijing_168h_6h_station1013_seed2048_center_gru_h32,experiments/results/trainable_matched/predictions/beijing_168h_6h_station1013_seed2048_center_gru_h32.npz,40.243648529052734,40.243648529052734,0.0,23.942358016967773,23.942358016967773,0.0
beijing_168h_6h_station1013_seed2048_center_gru_h40,experiments/results/trainable_matched/predictions/beijing_168h_6h_station1013_seed2048_center_gru_h40.npz,40.30760955810547,40.30760955810547,0.0,23.82984733581543,23.82984733581543,0.0
beijing_168h_6h_station1013_seed2048_center_gru_h48,experiments/results/trainable_matched/predictions/beijing_168h_6h_station1013_seed2048_center_gru_h48.npz,40.49186325073242,40.49186325073242,0.0,24.39078140258789,24.39078140258789,0.0
beijing_168h_6h_station1013_seed2048_center_gru_h64,experiments/results/trainable_matched/predictions/beijing_168h_6h_station1013_seed2048_center_gru_h64.npz,40.34267044067383,40.34267044067383,0.0,24.018457412719727,24.018457412719727,0.0
beijing_168h_6h_station1013_seed2048_center_lstm_h8,experiments/results/trainable_matched/predictions/beijing_168h_6h_station1013_seed2048_center_lstm_h8.npz,43.90209579467773,43.902095794677734,7.105427357601002e-15,28.270648956298828,28.270648956298828,0.0
beijing_168h_6h_station1013_seed2048_center_lstm_h16,experiments/results/trainable_matched/predictions/beijing_168h_6h_station1013_seed2048_center_lstm_h16.npz,41.22232055664063,41.222320556640625,7.105427357601002e-15,25.1102294921875,25.1102294921875,0.0
beijing_168h_6h_station1013_seed2048_center_lstm_h32,experiments/results/trainable_matched/predictions/beijing_168h_6h_station1013_seed2048_center_lstm_h32.npz,40.64490509033203,40.64490509033203,0.0,24.815561294555664,24.815561294555664,0.0
beijing_168h_6h_station1013_seed2048_center_lstm_h40,experiments/results/trainable_matched/predictions/beijing_168h_6h_station1013_seed2048_center_lstm_h40.npz,41.62430953979492,41.62430953979492,0.0,25.435056686401367,25.435056686401367,0.0
beijing_168h_6h_station1013_seed2048_center_lstm_h48,experiments/results/trainable_matched/predictions/beijing_168h_6h_station1013_seed2048_center_lstm_h48.npz,41.55793762207031,41.55793762207031,0.0,24.862279891967773,24.862279891967773,0.0
beijing_168h_6h_station1013_seed2048_center_lstm_h64,experiments/results/trainable_matched/predictions/beijing_168h_6h_station1013_seed2048_center_lstm_h64.npz,41.88080596923828,41.88080596923828,0.0,25.181285858154297,25.181285858154297,0.0
beijing_168h_6h_station1013_seed2049_center_gru_h8,experiments/results/trainable_matched/predictions/beijing_168h_6h_station1013_seed2049_center_gru_h8.npz,43.58000564575195,43.58000564575195,0.0,27.88730239868164,27.88730239868164,0.0
beijing_168h_6h_station1013_seed2049_center_gru_h16,experiments/results/trainable_matched/predictions/beijing_168h_6h_station1013_seed2049_center_gru_h16.npz,40.979618072509766,40.979618072509766,0.0,25.080663681030277,25.080663681030273,3.552713678800501e-15
beijing_168h_6h_station1013_seed2049_center_gru_h32,experiments/results/trainable_matched/predictions/beijing_168h_6h_station1013_seed2049_center_gru_h32.npz,40.4962043762207,40.4962043762207,0.0,24.267263412475582,24.267263412475586,3.552713678800501e-15
beijing_168h_6h_station1013_seed2049_center_gru_h40,experiments/results/trainable_matched/predictions/beijing_168h_6h_station1013_seed2049_center_gru_h40.npz,40.1823616027832,40.1823616027832,0.0,23.96949958801269,23.969499588012695,3.552713678800501e-15
beijing_168h_6h_station1013_seed2049_center_gru_h48,experiments/results/trainable_matched/predictions/beijing_168h_6h_station1013_seed2049_center_gru_h48.npz,40.42060089111328,40.42060089111328,0.0,24.184165954589844,24.184165954589844,0.0
beijing_168h_6h_station1013_seed2049_center_gru_h64,experiments/results/trainable_matched/predictions/beijing_168h_6h_station1013_seed2049_center_gru_h64.npz,40.06562423706055,40.06562423706055,0.0,23.45869827270508,23.458698272705078,3.552713678800501e-15
beijing_168h_6h_station1013_seed2049_center_lstm_h8,experiments/results/trainable_matched/predictions/beijing_168h_6h_station1013_seed2049_center_lstm_h8.npz,43.0018310546875,43.0018310546875,0.0,27.200035095214844,27.200035095214844,0.0
beijing_168h_6h_station1013_seed2049_center_lstm_h16,experiments/results/trainable_matched/predictions/beijing_168h_6h_station1013_seed2049_center_lstm_h16.npz,40.99580001831055,40.99580001831055,0.0,25.25112533569336,25.25112533569336,0.0
beijing_168h_6h_station1013_seed2049_center_lstm_h32,experiments/results/trainable_matched/predictions/beijing_168h_6h_station1013_seed2049_center_lstm_h32.npz,40.4826545715332,40.4826545715332,0.0,24.719839096069336,24.719839096069336,0.0
beijing_168h_6h_station1013_seed2049_center_lstm_h40,experiments/results/trainable_matched/predictions/beijing_168h_6h_station1013_seed2049_center_lstm_h40.npz,40.76501083374024,40.765010833740234,7.105427357601002e-15,24.68194007873535,24.68194007873535,0.0
beijing_168h_6h_station1013_seed2049_center_lstm_h48,experiments/results/trainable_matched/predictions/beijing_168h_6h_station1013_seed2049_center_lstm_h48.npz,41.61947250366211,41.61947250366211,0.0,25.09188842773437,25.091888427734375,3.552713678800501e-15
beijing_168h_6h_station1013_seed2049_center_lstm_h64,experiments/results/trainable_matched/predictions/beijing_168h_6h_station1013_seed2049_center_lstm_h64.npz,41.49000549316406,41.49000549316406,0.0,25.18607521057129,25.18607521057129,0.0
beijing_168h_6h_station1013_seed2050_center_gru_h8,experiments/results/trainable_matched/predictions/beijing_168h_6h_station1013_seed2050_center_gru_h8.npz,43.03510665893555,43.03510665893555,0.0,27.419565200805664,27.419565200805664,0.0
beijing_168h_6h_station1013_seed2050_center_gru_h16,experiments/results/trainable_matched/predictions/beijing_168h_6h_station1013_seed2050_center_gru_h16.npz,40.90279006958008,40.90279006958008,0.0,25.09585952758789,25.09585952758789,0.0
beijing_168h_6h_station1013_seed2050_center_gru_h32,experiments/results/trainable_matched/predictions/beijing_168h_6h_station1013_seed2050_center_gru_h32.npz,40.70170211791992,40.70170211791992,0.0,24.560791015625,24.560791015625,0.0
beijing_168h_6h_station1013_seed2050_center_gru_h40,experiments/results/trainable_matched/predictions/beijing_168h_6h_station1013_seed2050_center_gru_h40.npz,40.27552032470703,40.27552032470703,0.0,23.792377471923828,23.792377471923828,0.0
beijing_168h_6h_station1013_seed2050_center_gru_h48,experiments/results/trainable_matched/predictions/beijing_168h_6h_station1013_seed2050_center_gru_h48.npz,40.23130416870117,40.23130416870117,0.0,23.79408264160156,23.794082641601562,3.552713678800501e-15
beijing_168h_6h_station1013_seed2050_center_gru_h64,experiments/results/trainable_matched/predictions/beijing_168h_6h_station1013_seed2050_center_gru_h64.npz,40.10154724121094,40.10154724121094,0.0,23.49646759033203,23.49646759033203,0.0
beijing_168h_6h_station1013_seed2050_center_lstm_h8,experiments/results/trainable_matched/predictions/beijing_168h_6h_station1013_seed2050_center_lstm_h8.npz,42.857540130615234,42.857540130615234,0.0,27.0165958404541,27.0165958404541,0.0
beijing_168h_6h_station1013_seed2050_center_lstm_h16,experiments/results/trainable_matched/predictions/beijing_168h_6h_station1013_seed2050_center_lstm_h16.npz,41.18204116821289,41.18204116821289,0.0,25.26924514770508,25.269245147705078,3.552713678800501e-15
beijing_168h_6h_station1013_seed2050_center_lstm_h32,experiments/results/trainable_matched/predictions/beijing_168h_6h_station1013_seed2050_center_lstm_h32.npz,40.43050384521485,40.430503845214844,7.105427357601002e-15,24.6364860534668,24.636486053466797,3.552713678800501e-15
beijing_168h_6h_station1013_seed2050_center_lstm_h40,experiments/results/trainable_matched/predictions/beijing_168h_6h_station1013_seed2050_center_lstm_h40.npz,41.41278076171875,41.41278076171875,0.0,24.939830780029297,24.939830780029297,0.0
beijing_168h_6h_station1013_seed2050_center_lstm_h48,experiments/results/trainable_matched/predictions/beijing_168h_6h_station1013_seed2050_center_lstm_h48.npz,41.03187942504883,41.03187942504883,0.0,24.54278945922852,24.542789459228516,3.552713678800501e-15
beijing_168h_6h_station1013_seed2050_center_lstm_h64,experiments/results/trainable_matched/predictions/beijing_168h_6h_station1013_seed2050_center_lstm_h64.npz,40.9928092956543,40.9928092956543,0.0,24.580890655517575,24.580890655517578,3.552713678800501e-15
beijing_168h_6h_station1013_seed2051_center_gru_h8,experiments/results/trainable_matched/predictions/beijing_168h_6h_station1013_seed2051_center_gru_h8.npz,43.082061767578125,43.082061767578125,0.0,27.568647384643555,27.568647384643555,0.0
beijing_168h_6h_station1013_seed2051_center_gru_h16,experiments/results/trainable_matched/predictions/beijing_168h_6h_station1013_seed2051_center_gru_h16.npz,41.379581451416016,41.379581451416016,0.0,25.639148712158203,25.639148712158203,0.0
beijing_168h_6h_station1013_seed2051_center_gru_h32,experiments/results/trainable_matched/predictions/beijing_168h_6h_station1013_seed2051_center_gru_h32.npz,40.36481475830078,40.36481475830078,0.0,24.00660514831543,24.00660514831543,0.0
beijing_168h_6h_station1013_seed2051_center_gru_h40,experiments/results/trainable_matched/predictions/beijing_168h_6h_station1013_seed2051_center_gru_h40.npz,40.39576721191406,40.39576721191406,0.0,24.026296615600582,24.026296615600586,3.552713678800501e-15
beijing_168h_6h_station1013_seed2051_center_gru_h48,experiments/results/trainable_matched/predictions/beijing_168h_6h_station1013_seed2051_center_gru_h48.npz,40.30059814453125,40.30059814453125,0.0,23.814620971679688,23.814620971679688,0.0
beijing_168h_6h_station1013_seed2051_center_gru_h64,experiments/results/trainable_matched/predictions/beijing_168h_6h_station1013_seed2051_center_gru_h64.npz,40.12765121459961,40.12765121459961,0.0,23.486103057861328,23.486103057861328,0.0
beijing_168h_6h_station1013_seed2051_center_lstm_h8,experiments/results/trainable_matched/predictions/beijing_168h_6h_station1013_seed2051_center_lstm_h8.npz,43.23551177978516,43.235511779785156,7.105427357601002e-15,27.758665084838867,27.758665084838867,0.0
beijing_168h_6h_station1013_seed2051_center_lstm_h16,experiments/results/trainable_matched/predictions/beijing_168h_6h_station1013_seed2051_center_lstm_h16.npz,41.29058837890625,41.29058837890625,0.0,25.444982528686523,25.444982528686523,0.0
beijing_168h_6h_station1013_seed2051_center_lstm_h32,experiments/results/trainable_matched/predictions/beijing_168h_6h_station1013_seed2051_center_lstm_h32.npz,40.58525466918945,40.58525466918945,0.0,24.40464401245117,24.404644012451172,3.552713678800501e-15
beijing_168h_6h_station1013_seed2051_center_lstm_h40,experiments/results/trainable_matched/predictions/beijing_168h_6h_station1013_seed2051_center_lstm_h40.npz,40.836456298828125,40.836456298828125,0.0,24.66555976867676,24.665559768676758,3.552713678800501e-15
beijing_168h_6h_station1013_seed2051_center_lstm_h48,experiments/results/trainable_matched/predictions/beijing_168h_6h_station1013_seed2051_center_lstm_h48.npz,40.47210693359375,40.47210693359375,0.0,24.46971321105957,24.46971321105957,0.0
beijing_168h_6h_station1013_seed2051_center_lstm_h64,experiments/results/trainable_matched/predictions/beijing_168h_6h_station1013_seed2051_center_lstm_h64.npz,41.37826919555664,41.37826919555664,0.0,24.82548141479492,24.825481414794922,3.552713678800501e-15
beijing_168h_12h_station1013_seed2047_center_gru_h8,experiments/results/trainable_matched/predictions/beijing_168h_12h_station1013_seed2047_center_gru_h8.npz,51.647491455078125,51.647491455078125,0.0,34.34638214111328,34.34638214111328,0.0
beijing_168h_12h_station1013_seed2047_center_gru_h16,experiments/results/trainable_matched/predictions/beijing_168h_12h_station1013_seed2047_center_gru_h16.npz,50.866641998291016,50.866641998291016,0.0,33.31314468383789,33.31314468383789,0.0
beijing_168h_12h_station1013_seed2047_center_gru_h32,experiments/results/trainable_matched/predictions/beijing_168h_12h_station1013_seed2047_center_gru_h32.npz,50.605690002441406,50.605690002441406,0.0,32.877037048339844,32.877037048339844,0.0
beijing_168h_12h_station1013_seed2047_center_gru_h40,experiments/results/trainable_matched/predictions/beijing_168h_12h_station1013_seed2047_center_gru_h40.npz,50.46819305419922,50.46819305419922,0.0,32.61479187011719,32.61479187011719,0.0
beijing_168h_12h_station1013_seed2047_center_gru_h48,experiments/results/trainable_matched/predictions/beijing_168h_12h_station1013_seed2047_center_gru_h48.npz,50.35980987548828,50.35980987548828,0.0,32.34991836547852,32.349918365478516,7.105427357601002e-15
beijing_168h_12h_station1013_seed2047_center_gru_h64,experiments/results/trainable_matched/predictions/beijing_168h_12h_station1013_seed2047_center_gru_h64.npz,55.41041564941406,55.41041564941406,0.0,39.2973518371582,39.2973518371582,0.0
beijing_168h_12h_station1013_seed2047_center_lstm_h8,experiments/results/trainable_matched/predictions/beijing_168h_12h_station1013_seed2047_center_lstm_h8.npz,52.54338073730469,52.54338073730469,0.0,35.513153076171875,35.513153076171875,0.0
beijing_168h_12h_station1013_seed2047_center_lstm_h16,experiments/results/trainable_matched/predictions/beijing_168h_12h_station1013_seed2047_center_lstm_h16.npz,50.6812858581543,50.6812858581543,0.0,33.30353164672852,33.303531646728516,7.105427357601002e-15
beijing_168h_12h_station1013_seed2047_center_lstm_h32,experiments/results/trainable_matched/predictions/beijing_168h_12h_station1013_seed2047_center_lstm_h32.npz,51.43009185791016,51.430091857910156,7.105427357601002e-15,33.32703399658203,33.32703399658203,0.0
beijing_168h_12h_station1013_seed2047_center_lstm_h40,experiments/results/trainable_matched/predictions/beijing_168h_12h_station1013_seed2047_center_lstm_h40.npz,52.62998962402344,52.62998962402344,0.0,34.27276992797852,34.272769927978516,7.105427357601002e-15
beijing_168h_12h_station1013_seed2047_center_lstm_h48,experiments/results/trainable_matched/predictions/beijing_168h_12h_station1013_seed2047_center_lstm_h48.npz,53.04008102416992,53.04008102416992,0.0,34.993507385253906,34.993507385253906,0.0
beijing_168h_12h_station1013_seed2047_center_lstm_h64,experiments/results/trainable_matched/predictions/beijing_168h_12h_station1013_seed2047_center_lstm_h64.npz,52.99541091918945,52.99541091918945,0.0,35.47300338745117,35.47300338745117,0.0
beijing_168h_12h_station1013_seed2048_center_gru_h8,experiments/results/trainable_matched/predictions/beijing_168h_12h_station1013_seed2048_center_gru_h8.npz,52.12110900878906,52.12110900878906,0.0,34.93000793457031,34.93000793457031,0.0
beijing_168h_12h_station1013_seed2048_center_gru_h16,experiments/results/trainable_matched/predictions/beijing_168h_12h_station1013_seed2048_center_gru_h16.npz,50.883907318115234,50.883907318115234,0.0,33.42292785644531,33.42292785644531,0.0
beijing_168h_12h_station1013_seed2048_center_gru_h32,experiments/results/trainable_matched/predictions/beijing_168h_12h_station1013_seed2048_center_gru_h32.npz,50.47021484375,50.47021484375,0.0,32.710411071777344,32.710411071777344,0.0
beijing_168h_12h_station1013_seed2048_center_gru_h40,experiments/results/trainable_matched/predictions/beijing_168h_12h_station1013_seed2048_center_gru_h40.npz,50.55479431152344,50.55479431152344,0.0,32.8210334777832,32.8210334777832,0.0
beijing_168h_12h_station1013_seed2048_center_gru_h48,experiments/results/trainable_matched/predictions/beijing_168h_12h_station1013_seed2048_center_gru_h48.npz,50.28970336914063,50.289703369140625,7.105427357601002e-15,32.417362213134766,32.417362213134766,0.0
beijing_168h_12h_station1013_seed2048_center_gru_h64,experiments/results/trainable_matched/predictions/beijing_168h_12h_station1013_seed2048_center_gru_h64.npz,50.40277099609375,50.40277099609375,0.0,32.47438430786133,32.47438430786133,0.0
beijing_168h_12h_station1013_seed2048_center_lstm_h8,experiments/results/trainable_matched/predictions/beijing_168h_12h_station1013_seed2048_center_lstm_h8.npz,52.73625183105469,52.73625183105469,0.0,35.44220733642578,35.44220733642578,0.0
beijing_168h_12h_station1013_seed2048_center_lstm_h16,experiments/results/trainable_matched/predictions/beijing_168h_12h_station1013_seed2048_center_lstm_h16.npz,51.15380096435547,51.15380096435547,0.0,33.61648941040039,33.61648941040039,0.0
beijing_168h_12h_station1013_seed2048_center_lstm_h32,experiments/results/trainable_matched/predictions/beijing_168h_12h_station1013_seed2048_center_lstm_h32.npz,51.91205596923828,51.91205596923828,0.0,34.2122917175293,34.2122917175293,0.0
beijing_168h_12h_station1013_seed2048_center_lstm_h40,experiments/results/trainable_matched/predictions/beijing_168h_12h_station1013_seed2048_center_lstm_h40.npz,52.9720458984375,52.9720458984375,0.0,34.53697204589844,34.53697204589844,0.0
beijing_168h_12h_station1013_seed2048_center_lstm_h48,experiments/results/trainable_matched/predictions/beijing_168h_12h_station1013_seed2048_center_lstm_h48.npz,52.32210540771485,52.322105407714844,7.105427357601002e-15,34.609161376953125,34.609161376953125,0.0
beijing_168h_12h_station1013_seed2048_center_lstm_h64,experiments/results/trainable_matched/predictions/beijing_168h_12h_station1013_seed2048_center_lstm_h64.npz,51.95574188232422,51.95574188232422,0.0,34.267269134521484,34.267269134521484,0.0
beijing_168h_12h_station1013_seed2049_center_gru_h8,experiments/results/trainable_matched/predictions/beijing_168h_12h_station1013_seed2049_center_gru_h8.npz,52.45162582397461,52.45162582397461,0.0,35.05845642089844,35.05845642089844,0.0
beijing_168h_12h_station1013_seed2049_center_gru_h16,experiments/results/trainable_matched/predictions/beijing_168h_12h_station1013_seed2049_center_gru_h16.npz,50.87888717651367,50.87888717651367,0.0,33.49136734008789,33.49136734008789,0.0
beijing_168h_12h_station1013_seed2049_center_gru_h32,experiments/results/trainable_matched/predictions/beijing_168h_12h_station1013_seed2049_center_gru_h32.npz,50.444435119628906,50.444435119628906,0.0,32.73175811767578,32.73175811767578,0.0
beijing_168h_12h_station1013_seed2049_center_gru_h40,experiments/results/trainable_matched/predictions/beijing_168h_12h_station1013_seed2049_center_gru_h40.npz,50.4969367980957,50.4969367980957,0.0,32.65750503540039,32.65750503540039,0.0
beijing_168h_12h_station1013_seed2049_center_gru_h48,experiments/results/trainable_matched/predictions/beijing_168h_12h_station1013_seed2049_center_gru_h48.npz,50.33818817138672,50.33818817138672,0.0,32.44718170166016,32.447181701660156,7.105427357601002e-15
beijing_168h_12h_station1013_seed2049_center_gru_h64,experiments/results/trainable_matched/predictions/beijing_168h_12h_station1013_seed2049_center_gru_h64.npz,50.33732223510742,50.33732223510742,0.0,32.24638366699219,32.24638366699219,0.0
beijing_168h_12h_station1013_seed2049_center_lstm_h8,experiments/results/trainable_matched/predictions/beijing_168h_12h_station1013_seed2049_center_lstm_h8.npz,52.391746520996094,52.391746520996094,0.0,35.17271041870117,35.17271041870117,0.0
beijing_168h_12h_station1013_seed2049_center_lstm_h16,experiments/results/trainable_matched/predictions/beijing_168h_12h_station1013_seed2049_center_lstm_h16.npz,51.09789657592773,51.097896575927734,7.105427357601002e-15,33.73772048950195,33.73772048950195,0.0
beijing_168h_12h_station1013_seed2049_center_lstm_h32,experiments/results/trainable_matched/predictions/beijing_168h_12h_station1013_seed2049_center_lstm_h32.npz,51.09608840942383,51.09608840942383,0.0,33.46124649047852,33.461246490478516,7.105427357601002e-15
beijing_168h_12h_station1013_seed2049_center_lstm_h40,experiments/results/trainable_matched/predictions/beijing_168h_12h_station1013_seed2049_center_lstm_h40.npz,51.37495803833008,51.37495803833008,0.0,33.43701934814453,33.43701934814453,0.0
beijing_168h_12h_station1013_seed2049_center_lstm_h48,experiments/results/trainable_matched/predictions/beijing_168h_12h_station1013_seed2049_center_lstm_h48.npz,52.15400695800781,52.15400695800781,0.0,33.91819381713867,33.91819381713867,0.0
beijing_168h_12h_station1013_seed2049_center_lstm_h64,experiments/results/trainable_matched/predictions/beijing_168h_12h_station1013_seed2049_center_lstm_h64.npz,52.35077667236328,52.35077667236328,0.0,34.708492279052734,34.708492279052734,0.0
beijing_168h_24h_station1013_seed2047_center_gru_h8,experiments/results/trainable_matched/predictions/beijing_168h_24h_station1013_seed2047_center_gru_h8.npz,60.63669204711914,60.63669204711914,0.0,42.69928359985352,42.699283599853516,7.105427357601002e-15
beijing_168h_24h_station1013_seed2047_center_gru_h16,experiments/results/trainable_matched/predictions/beijing_168h_24h_station1013_seed2047_center_gru_h16.npz,60.297607421875,60.297607421875,0.0,42.26615905761719,42.26615905761719,0.0
beijing_168h_24h_station1013_seed2047_center_gru_h32,experiments/results/trainable_matched/predictions/beijing_168h_24h_station1013_seed2047_center_gru_h32.npz,60.1577377319336,60.157737731933594,7.105427357601002e-15,41.94735336303711,41.94735336303711,0.0
beijing_168h_24h_station1013_seed2047_center_gru_h40,experiments/results/trainable_matched/predictions/beijing_168h_24h_station1013_seed2047_center_gru_h40.npz,60.173526763916016,60.173526763916016,0.0,42.01470565795898,42.014705657958984,7.105427357601002e-15
beijing_168h_24h_station1013_seed2047_center_gru_h48,experiments/results/trainable_matched/predictions/beijing_168h_24h_station1013_seed2047_center_gru_h48.npz,60.1476936340332,60.1476936340332,0.0,42.39347457885742,42.39347457885742,0.0
beijing_168h_24h_station1013_seed2047_center_gru_h64,experiments/results/trainable_matched/predictions/beijing_168h_24h_station1013_seed2047_center_gru_h64.npz,60.03643798828125,60.03643798828125,0.0,42.25517272949219,42.25517272949219,0.0
beijing_168h_24h_station1013_seed2047_center_lstm_h8,experiments/results/trainable_matched/predictions/beijing_168h_24h_station1013_seed2047_center_lstm_h8.npz,61.71431350708008,61.71431350708008,0.0,44.11186218261719,44.11186218261719,0.0
beijing_168h_24h_station1013_seed2047_center_lstm_h16,experiments/results/trainable_matched/predictions/beijing_168h_24h_station1013_seed2047_center_lstm_h16.npz,61.46466064453125,61.46466064453125,0.0,43.21446990966797,43.21446990966797,0.0
beijing_168h_24h_station1013_seed2047_center_lstm_h32,experiments/results/trainable_matched/predictions/beijing_168h_24h_station1013_seed2047_center_lstm_h32.npz,62.46705627441406,62.46705627441406,0.0,45.19914245605469,45.19914245605469,0.0
beijing_168h_24h_station1013_seed2047_center_lstm_h40,experiments/results/trainable_matched/predictions/beijing_168h_24h_station1013_seed2047_center_lstm_h40.npz,61.40855407714844,61.40855407714844,0.0,42.84023284912109,42.840232849121094,7.105427357601002e-15
beijing_168h_24h_station1013_seed2047_center_lstm_h48,experiments/results/trainable_matched/predictions/beijing_168h_24h_station1013_seed2047_center_lstm_h48.npz,61.98590087890625,61.98590087890625,0.0,42.49922180175781,42.49922180175781,0.0
beijing_168h_24h_station1013_seed2047_center_lstm_h64,experiments/results/trainable_matched/predictions/beijing_168h_24h_station1013_seed2047_center_lstm_h64.npz,60.31842803955078,60.31842803955078,0.0,42.7166862487793,42.7166862487793,0.0
beijing_168h_24h_station1013_seed2048_center_gru_h8,experiments/results/trainable_matched/predictions/beijing_168h_24h_station1013_seed2048_center_gru_h8.npz,60.90959930419922,60.90959930419922,0.0,43.00947570800781,43.00947570800781,0.0
beijing_168h_24h_station1013_seed2048_center_gru_h16,experiments/results/trainable_matched/predictions/beijing_168h_24h_station1013_seed2048_center_gru_h16.npz,60.46803665161133,60.46803665161133,0.0,42.37146759033203,42.37146759033203,0.0
beijing_168h_24h_station1013_seed2048_center_gru_h32,experiments/results/trainable_matched/predictions/beijing_168h_24h_station1013_seed2048_center_gru_h32.npz,60.05479049682617,60.05479049682617,0.0,41.87669372558594,41.87669372558594,0.0
beijing_168h_24h_station1013_seed2048_center_gru_h40,experiments/results/trainable_matched/predictions/beijing_168h_24h_station1013_seed2048_center_gru_h40.npz,59.98150253295898,59.981502532958984,7.105427357601002e-15,41.83506774902344,41.83506774902344,0.0
beijing_168h_24h_station1013_seed2048_center_gru_h48,experiments/results/trainable_matched/predictions/beijing_168h_24h_station1013_seed2048_center_gru_h48.npz,59.85030746459961,59.85030746459961,0.0,41.764461517333984,41.764461517333984,0.0
beijing_168h_24h_station1013_seed2048_center_gru_h64,experiments/results/trainable_matched/predictions/beijing_168h_24h_station1013_seed2048_center_gru_h64.npz,60.06599044799805,60.06599044799805,0.0,41.84186172485352,41.841861724853516,7.105427357601002e-15
beijing_168h_24h_station1013_seed2048_center_lstm_h8,experiments/results/trainable_matched/predictions/beijing_168h_24h_station1013_seed2048_center_lstm_h8.npz,61.1286735534668,61.1286735534668,0.0,43.39080047607422,43.39080047607422,0.0
beijing_168h_24h_station1013_seed2048_center_lstm_h16,experiments/results/trainable_matched/predictions/beijing_168h_24h_station1013_seed2048_center_lstm_h16.npz,60.49018859863281,60.49018859863281,0.0,42.36256408691406,42.36256408691406,0.0
beijing_168h_24h_station1013_seed2048_center_lstm_h32,experiments/results/trainable_matched/predictions/beijing_168h_24h_station1013_seed2048_center_lstm_h32.npz,60.32184600830078,60.32184600830078,0.0,42.36463165283203,42.36463165283203,0.0
beijing_168h_24h_station1013_seed2048_center_lstm_h40,experiments/results/trainable_matched/predictions/beijing_168h_24h_station1013_seed2048_center_lstm_h40.npz,61.48994445800781,61.48994445800781,0.0,42.35449600219727,42.354496002197266,7.105427357601002e-15
beijing_168h_24h_station1013_seed2048_center_lstm_h48,experiments/results/trainable_matched/predictions/beijing_168h_24h_station1013_seed2048_center_lstm_h48.npz,62.152442932128906,62.152442932128906,0.0,43.272727966308594,43.272727966308594,0.0
beijing_168h_24h_station1013_seed2048_center_lstm_h64,experiments/results/trainable_matched/predictions/beijing_168h_24h_station1013_seed2048_center_lstm_h64.npz,60.169315338134766,60.169315338134766,0.0,41.59307098388672,41.59307098388672,0.0
beijing_168h_24h_station1013_seed2049_center_gru_h8,experiments/results/trainable_matched/predictions/beijing_168h_24h_station1013_seed2049_center_gru_h8.npz,60.784427642822266,60.784427642822266,0.0,42.87720489501953,42.87720489501953,0.0
beijing_168h_24h_station1013_seed2049_center_gru_h16,experiments/results/trainable_matched/predictions/beijing_168h_24h_station1013_seed2049_center_gru_h16.npz,60.3512077331543,60.3512077331543,0.0,42.24874877929688,42.248748779296875,7.105427357601002e-15
beijing_168h_24h_station1013_seed2049_center_gru_h32,experiments/results/trainable_matched/predictions/beijing_168h_24h_station1013_seed2049_center_gru_h32.npz,60.07450485229492,60.07450485229492,0.0,41.88669967651367,41.88669967651367,0.0
beijing_168h_24h_station1013_seed2049_center_gru_h40,experiments/results/trainable_matched/predictions/beijing_168h_24h_station1013_seed2049_center_gru_h40.npz,60.01946640014648,60.019466400146484,7.105427357601002e-15,41.866844177246094,41.866844177246094,0.0
beijing_168h_24h_station1013_seed2049_center_gru_h48,experiments/results/trainable_matched/predictions/beijing_168h_24h_station1013_seed2049_center_gru_h48.npz,59.8867073059082,59.8867073059082,0.0,41.7734375,41.7734375,0.0
beijing_168h_24h_station1013_seed2049_center_gru_h64,experiments/results/trainable_matched/predictions/beijing_168h_24h_station1013_seed2049_center_gru_h64.npz,59.87744522094727,59.877445220947266,7.105427357601002e-15,41.85062789916992,41.85062789916992,0.0
beijing_168h_24h_station1013_seed2049_center_lstm_h8,experiments/results/trainable_matched/predictions/beijing_168h_24h_station1013_seed2049_center_lstm_h8.npz,61.32124328613281,61.32124328613281,0.0,43.47915267944336,43.47915267944336,0.0
beijing_168h_24h_station1013_seed2049_center_lstm_h16,experiments/results/trainable_matched/predictions/beijing_168h_24h_station1013_seed2049_center_lstm_h16.npz,60.74358367919922,60.74358367919922,0.0,42.71525955200195,42.71525955200195,0.0
beijing_168h_24h_station1013_seed2049_center_lstm_h32,experiments/results/trainable_matched/predictions/beijing_168h_24h_station1013_seed2049_center_lstm_h32.npz,61.44023895263672,61.44023895263672,0.0,42.65665817260742,42.65665817260742,0.0
beijing_168h_24h_station1013_seed2049_center_lstm_h40,experiments/results/trainable_matched/predictions/beijing_168h_24h_station1013_seed2049_center_lstm_h40.npz,61.11342239379883,61.11342239379883,0.0,42.70652389526367,42.70652389526367,0.0
beijing_168h_24h_station1013_seed2049_center_lstm_h48,experiments/results/trainable_matched/predictions/beijing_168h_24h_station1013_seed2049_center_lstm_h48.npz,64.30777740478516,64.30777740478516,0.0,44.82804107666016,44.828041076660156,7.105427357601002e-15
beijing_168h_24h_station1013_seed2049_center_lstm_h64,experiments/results/trainable_matched/predictions/beijing_168h_24h_station1013_seed2049_center_lstm_h64.npz,61.36540603637695,61.36540603637695,0.0,42.58032989501953,42.58032989501953,0.0
