variant,arm,seed,status,best_epoch,best_valid_loss,training_seconds,test_inference_seconds,evaluation_split,parameter_count,trainable_parameter_count,layer,requested_capacity,capacity_status,input_channels,selected_alpha,prediction_file,mse_scaled,rmse_scaled,mae_scaled,rmse_ugm3,mae_ugm3,smape_percent,selected_channel_indices,hyperparameters,learning_rate_retry,note,infeasible_reason,device_name,batch_size,history,horizon,result_dir,smoke,city,station_id,independent_recomputed
center_gru_default,center_gru,2047,completed,28,0.8054205179214478,20.61221244300009,0.0589436750001368,test,32112,32112,B,default,default,1,,predictions/center_gru_default_seed2047.npz,0.45858457684516907,0.6771887305952227,0.4347897469997406,50.34202194213867,32.32215118408203,44.7188606262207,[9],"{""hidden_size"": 100}",,,,,,168,12,experiments/results/baselines/beijing/168h_12h,False,beijing,,True
center_gru_default,center_gru,2048,completed,30,0.9903948307037354,20.48209851599995,0.0587873590000072,test,32112,32112,B,default,default,1,,predictions/center_gru_default_seed2048.npz,0.5399404764175415,0.734806421050838,0.5129082798957825,54.62530517578125,38.129459381103516,52.66020202636719,[9],"{""hidden_size"": 100}",True,nonfinite loss at protocol lr; retried once with lr/10,,,,168,12,experiments/results/baselines/beijing/168h_12h,False,beijing,,True
center_gru_default,center_gru,2049,nonfinite,0,,,,test,32112,32112,B,default,default,1,,,,,,,,,[9],"{""hidden_size"": 100}",,,non-finite training loss at protocol lr and at lr/10: center_gru_default seed=2049 has non-finite training loss,AMD Radeon RX 7600,512.0,168,12,experiments/results/baselines/beijing/168h_12h,False,beijing,,False
center_lstm_default,center_lstm,2047,completed,8,2.1259093284606934,6.708758172999978,0.0483033959999374,test,42412,42412,B,default,default,1,,predictions/center_lstm_default_seed2047.npz,0.9969786405563354,0.9984881774744934,0.7574573159217834,74.22733306884766,56.30916976928711,71.50933074951172,[9],"{""hidden_size"": 100}",,,,,,168,12,experiments/results/baselines/beijing/168h_12h,False,beijing,,True
center_lstm_default,center_lstm,2048,nonfinite,0,,,,test,42412,42412,B,default,default,1,,,,,,,,,[9],"{""hidden_size"": 100}",,,non-finite training loss at protocol lr and at lr/10: center_lstm_default seed=2048 has non-finite training loss,AMD Radeon RX 7600,512.0,168,12,experiments/results/baselines/beijing/168h_12h,False,beijing,,False
center_lstm_default,center_lstm,2049,nonfinite,0,,,,test,42412,42412,B,default,default,1,,,,,,,,,[9],"{""hidden_size"": 100}",,,non-finite training loss at protocol lr and at lr/10: center_lstm_default seed=2049 has non-finite training loss,AMD Radeon RX 7600,512.0,168,12,experiments/results/baselines/beijing/168h_12h,False,beijing,,False
center_tcn_default,center_tcn,2047,completed,20,1.1151814460754397,318.84048286300003,0.997250656999995,test,66962,66962,B,default,default,1,,predictions/center_tcn_default_seed2047.npz,0.8006572723388672,0.8947945419697569,0.6774799227714539,66.5187759399414,50.36367416381836,63.53181457519531,[9],"{""ks"": 7, ""layers"": [25, 25, 25, 25, 25, 25, 25, 25]}",,,,,,168,12,experiments/results/baselines/beijing/168h_12h,False,beijing,,True
center_tcn_default,center_tcn,2048,completed,29,1.0669572353363037,367.8674513390001,0.5698582199997873,test,66962,66962,B,default,default,1,,predictions/center_tcn_default_seed2048.npz,0.7604323625564575,0.8720277303827313,0.621212899684906,64.82630157470703,46.1807975769043,65.0748519897461,[9],"{""ks"": 7, ""layers"": [25, 25, 25, 25, 25, 25, 25, 25]}",,,,,,168,12,experiments/results/baselines/beijing/168h_12h,False,beijing,,True
center_tcn_default,center_tcn,2049,completed,26,1.05241060256958,377.8296725289997,0.5764009129998158,test,66962,66962,B,default,default,1,,predictions/center_tcn_default_seed2049.npz,0.7193355560302734,0.8481365196890612,0.6164950728416443,63.050228118896484,45.830074310302734,65.85237884521484,[9],"{""ks"": 7, ""layers"": [25, 25, 25, 25, 25, 25, 25, 25]}",,,,,,168,12,experiments/results/baselines/beijing/168h_12h,False,beijing,,True
plain_mix_patchtst_all_default,plain_mix_patchtst_all,2047,completed,3,0.8459345698356628,8.311286614999972,0.0502120360001754,test,34386,34383,C,default,default,18,,predictions/plain_mix_patchtst_all_default_seed2047.npz,0.5402378439903259,0.7350087373564521,0.5136335492134094,54.640342712402344,38.18337631225586,58.084632873535156,"[0, 1, 2, 3, 4, 5, 6, 7, 8, 9, 10, 11, 12, 13, 14, 15, 16, 17]","{""c_in"": 1, ""c_out"": 1, ""d_ff"": 128, ""d_model"": 16, ""dropout"": 0.2, ""n_heads"": 4, ""n_layers"": 3, ""padding_patch"": true, ""patch_len"": 4, ""pred_dim"": 12, ""seq_len"": 168, ""station_mixer"": ""Conv1d(S,32,1)-GELU-Conv1d(32,1,1)"", ""stride"": 2}",,,,,,168,12,experiments/results/baselines/beijing/168h_12h,False,beijing,,True
plain_mix_patchtst_all_default,plain_mix_patchtst_all,2048,completed,3,1.7303674221038818,8.192110715000126,0.0397811729999375,test,34386,34383,C,default,default,18,,predictions/plain_mix_patchtst_all_default_seed2048.npz,0.7861937284469604,0.8866756613593048,0.6584948897361755,65.91521453857422,48.952327728271484,65.7717056274414,"[0, 1, 2, 3, 4, 5, 6, 7, 8, 9, 10, 11, 12, 13, 14, 15, 16, 17]","{""c_in"": 1, ""c_out"": 1, ""d_ff"": 128, ""d_model"": 16, ""dropout"": 0.2, ""n_heads"": 4, ""n_layers"": 3, ""padding_patch"": true, ""patch_len"": 4, ""pred_dim"": 12, ""seq_len"": 168, ""station_mixer"": ""Conv1d(S,32,1)-GELU-Conv1d(32,1,1)"", ""stride"": 2}",,,,,,168,12,experiments/results/baselines/beijing/168h_12h,False,beijing,,True
plain_mix_patchtst_all_default,plain_mix_patchtst_all,2049,completed,13,0.8104544878005981,17.318326075000186,0.0386108010002317,test,34386,34383,C,default,default,18,,predictions/plain_mix_patchtst_all_default_seed2049.npz,0.5007408857345581,0.7076304725876057,0.4658771753311157,52.60505294799805,34.633182525634766,53.428733825683594,"[0, 1, 2, 3, 4, 5, 6, 7, 8, 9, 10, 11, 12, 13, 14, 15, 16, 17]","{""c_in"": 1, ""c_out"": 1, ""d_ff"": 128, ""d_model"": 16, ""dropout"": 0.2, ""n_heads"": 4, ""n_layers"": 3, ""padding_patch"": true, ""patch_len"": 4, ""pred_dim"": 12, ""seq_len"": 168, ""station_mixer"": ""Conv1d(S,32,1)-GELU-Conv1d(32,1,1)"", ""stride"": 2}",,,,,,168,12,experiments/results/baselines/beijing/168h_12h,False,beijing,,True
plain_mix_patchtst_top5_default,plain_mix_patchtst_top5,2047,completed,6,1.7907326221466064,11.758255546000328,0.0479822190000049,test,34002,33999,C,default,default,6,,predictions/plain_mix_patchtst_top5_default_seed2047.npz,1.0814579725265503,1.0399317153191119,0.7641085386276245,77.30823516845703,56.803619384765625,71.23334503173828,"[9, 14, 11, 16, 15, 4]","{""c_in"": 1, ""c_out"": 1, ""d_ff"": 128, ""d_model"": 16, ""dropout"": 0.2, ""n_heads"": 4, ""n_layers"": 3, ""padding_patch"": true, ""patch_len"": 4, ""pred_dim"": 12, ""seq_len"": 168, ""station_mixer"": ""Conv1d(S,32,1)-GELU-Conv1d(32,1,1)"", ""stride"": 2}",True,nonfinite loss at protocol lr; retried once with lr/10,,,,168,12,experiments/results/baselines/beijing/168h_12h,False,beijing,,True
plain_mix_patchtst_top5_default,plain_mix_patchtst_top5,2048,completed,13,0.9694676995277404,17.502238330000182,0.0389209569998456,test,34002,33999,C,default,default,6,,predictions/plain_mix_patchtst_top5_default_seed2048.npz,0.6289806365966797,0.7930829947720981,0.5596280694007874,58.95757293701172,41.60260009765625,62.996726989746094,"[9, 14, 11, 16, 15, 4]","{""c_in"": 1, ""c_out"": 1, ""d_ff"": 128, ""d_model"": 16, ""dropout"": 0.2, ""n_heads"": 4, ""n_layers"": 3, ""padding_patch"": true, ""patch_len"": 4, ""pred_dim"": 12, ""seq_len"": 168, ""station_mixer"": ""Conv1d(S,32,1)-GELU-Conv1d(32,1,1)"", ""stride"": 2}",,,,,,168,12,experiments/results/baselines/beijing/168h_12h,False,beijing,,True
plain_mix_patchtst_top5_default,plain_mix_patchtst_top5,2049,completed,4,1.5311132669448853,9.177613768000356,0.0390329739998378,test,34002,33999,C,default,default,6,,predictions/plain_mix_patchtst_top5_default_seed2049.npz,2.0070748329162598,1.4167126853798762,0.7212228775024414,105.31803131103516,53.61551284790039,71.7496337890625,"[9, 14, 11, 16, 15, 4]","{""c_in"": 1, ""c_out"": 1, ""d_ff"": 128, ""d_model"": 16, ""dropout"": 0.2, ""n_heads"": 4, ""n_layers"": 3, ""padding_patch"": true, ""patch_len"": 4, ""pred_dim"": 12, ""seq_len"": 168, ""station_mixer"": ""Conv1d(S,32,1)-GELU-Conv1d(32,1,1)"", ""stride"": 2}",,,,,,168,12,experiments/results/baselines/beijing/168h_12h,False,beijing,,True
patchtst_ci_top5_default,patchtst_ci_top5,2047,completed,14,0.7923688292503357,100.1535348399998,0.2442529719996855,test,33755,33752,C,default,default,6,,predictions/patchtst_ci_top5_default_seed2047.npz,0.5525313019752502,0.7433244930548504,0.49937015771865845,55.2585334777832,37.12303924560547,51.939945220947266,"[9, 14, 11, 16, 15, 4]","{""c_in"": 6, ""c_out"": 1, ""d_ff"": 128, ""d_model"": 16, ""dropout"": 0.2, ""n_heads"": 4, ""n_layers"": 3, ""padding_patch"": true, ""patch_len"": 4, ""pred_dim"": 12, ""seq_len"": 168, ""stride"": 2}",,,,,,168,12,experiments/results/baselines/beijing/168h_12h,False,beijing,,True
patchtst_ci_top5_default,patchtst_ci_top5,2048,completed,30,0.8144494295120239,154.54186824,0.2418613599998025,test,33755,33752,C,default,default,6,,predictions/patchtst_ci_top5_default_seed2048.npz,0.5061177611351013,0.7114195394667631,0.47434356808662415,52.8867301940918,35.2625732421875,49.47676467895508,"[9, 14, 11, 16, 15, 4]","{""c_in"": 6, ""c_out"": 1, ""d_ff"": 128, ""d_model"": 16, ""dropout"": 0.2, ""n_heads"": 4, ""n_layers"": 3, ""padding_patch"": true, ""patch_len"": 4, ""pred_dim"": 12, ""seq_len"": 168, ""stride"": 2}",True,nonfinite loss at protocol lr; retried once with lr/10,,,,168,12,experiments/results/baselines/beijing/168h_12h,False,beijing,,True
patchtst_ci_top5_default,patchtst_ci_top5,2049,completed,30,0.8186657428741455,153.1955451179997,0.2540886000001592,test,33755,33752,C,default,default,6,,predictions/patchtst_ci_top5_default_seed2049.npz,0.5395863056182861,0.7345653855296247,0.4942907691001892,54.607383728027344,36.745445251464844,51.12423324584961,"[9, 14, 11, 16, 15, 4]","{""c_in"": 6, ""c_out"": 1, ""d_ff"": 128, ""d_model"": 16, ""dropout"": 0.2, ""n_heads"": 4, ""n_layers"": 3, ""padding_patch"": true, ""patch_len"": 4, ""pred_dim"": 12, ""seq_len"": 168, ""stride"": 2}",True,nonfinite loss at protocol lr; retried once with lr/10,,,,168,12,experiments/results/baselines/beijing/168h_12h,False,beijing,,True
multi_gru_default,multi_gru,2047,completed,10,0.7728122472763062,13.186514661000274,0.0625806880002528,test,37212,37212,C,default,default,18,,predictions/multi_gru_default_seed2047.npz,0.4685724377632141,0.6845235114758398,0.4514193832874298,50.88728713989258,33.558387756347656,46.45607376098633,"[0, 1, 2, 3, 4, 5, 6, 7, 8, 9, 10, 11, 12, 13, 14, 15, 16, 17]","{""hidden_size"": 100}",,,,,,168,12,experiments/results/baselines/beijing/168h_12h,False,beijing,,True
multi_gru_default,multi_gru,2048,nonfinite,0,,,,test,37212,37212,C,default,default,18,,,,,,,,,"[0, 1, 2, 3, 4, 5, 6, 7, 8, 9, 10, 11, 12, 13, 14, 15, 16, 17]","{""hidden_size"": 100}",,,non-finite training loss at protocol lr and at lr/10: multi_gru_default seed=2048 has non-finite training loss,AMD Radeon RX 7600,512.0,168,12,experiments/results/baselines/beijing/168h_12h,False,beijing,,False
multi_gru_default,multi_gru,2049,nonfinite,0,,,,test,37212,37212,C,default,default,18,,,,,,,,,"[0, 1, 2, 3, 4, 5, 6, 7, 8, 9, 10, 11, 12, 13, 14, 15, 16, 17]","{""hidden_size"": 100}",,,non-finite training loss at protocol lr and at lr/10: multi_gru_default seed=2049 has non-finite training loss,AMD Radeon RX 7600,512.0,168,12,experiments/results/baselines/beijing/168h_12h,False,beijing,,False
center_gru_default,center_gru,2047,completed,30,0.0977085828781127,19.911656201002188,0.0552434040000662,test,31001,31001,B,default,default,1,,predictions/center_gru_default_seed2047.npz,0.08289646357297897,0.28791745965289944,0.1365092247724533,21.40140151977539,10.146965980529785,17.061279296875,[9],"{""hidden_size"": 100}",,,,,,168,1,experiments/results/baselines/beijing/168h_1h,False,beijing,,True
center_gru_default,center_gru,2048,completed,28,0.0982891991734504,19.73158478600089,0.0544869570003356,test,31001,31001,B,default,default,1,,predictions/center_gru_default_seed2048.npz,0.0834074318408966,0.2888034484574182,0.1356361359357834,21.467260360717773,10.082067489624023,16.28864097595215,[9],"{""hidden_size"": 100}",,,,,,168,1,experiments/results/baselines/beijing/168h_1h,False,beijing,,True
center_gru_default,center_gru,2049,completed,30,0.0967254564166069,19.87673110498872,0.0546498369949404,test,31001,31001,B,default,default,1,,predictions/center_gru_default_seed2049.npz,0.08398368954658508,0.28979939535234556,0.13672104477882385,21.541290283203125,10.162711143493652,17.20444107055664,[9],"{""hidden_size"": 100}",,,,,,168,1,experiments/results/baselines/beijing/168h_1h,False,beijing,,True
center_lstm_default,center_lstm,2047,completed,30,0.098983846604824,13.988739809996332,0.0402362110035028,test,41301,41301,B,default,default,1,,predictions/center_lstm_default_seed2047.npz,0.08262022584676743,0.2874373424709591,0.1370360106229782,21.365713119506836,10.18612289428711,16.16904067993164,[9],"{""hidden_size"": 100}",,,,,,168,1,experiments/results/baselines/beijing/168h_1h,False,beijing,,True
center_lstm_default,center_lstm,2048,completed,30,0.098222903907299,13.83440768699802,0.0403335209994111,test,41301,41301,B,default,default,1,,predictions/center_lstm_default_seed2048.npz,0.08092250674962997,0.2844688150740428,0.1367327719926834,21.14505958557129,10.163583755493164,16.255977630615234,[9],"{""hidden_size"": 100}",,,,,,168,1,experiments/results/baselines/beijing/168h_1h,False,beijing,,True
center_lstm_default,center_lstm,2049,completed,29,0.098891444504261,14.014371540004504,0.040287273004651,test,41301,41301,B,default,default,1,,predictions/center_lstm_default_seed2049.npz,0.08184215426445007,0.28608067789427877,0.1385190188884735,21.26487159729004,10.296358108520508,16.79112434387207,[9],"{""hidden_size"": 100}",,,,,,168,1,experiments/results/baselines/beijing/168h_1h,False,beijing,,True
center_tcn_default,center_tcn,2047,completed,30,0.6041356325149536,363.70608764801,1.0018536129937274,test,66676,66676,B,default,default,1,,predictions/center_tcn_default_seed2047.npz,0.39263859391212463,0.626608804528092,0.4362645149230957,46.5769157409668,32.42829513549805,62.859962463378906,[9],"{""ks"": 7, ""layers"": [25, 25, 25, 25, 25, 25, 25, 25]}",,,,,,168,1,experiments/results/baselines/beijing/168h_1h,False,beijing,,True
center_tcn_default,center_tcn,2048,completed,30,0.5489029288291931,353.8631173600006,0.5751158999919426,test,66676,66676,B,default,default,1,,predictions/center_tcn_default_seed2048.npz,0.3286575973033905,0.5732866624154015,0.3929034471511841,42.61338424682617,29.205188751220703,45.4266242980957,[9],"{""ks"": 7, ""layers"": [25, 25, 25, 25, 25, 25, 25, 25]}",,,,,,168,1,experiments/results/baselines/beijing/168h_1h,False,beijing,,True
center_tcn_default,center_tcn,2049,completed,28,0.6432880759239197,353.5661290029966,0.6250634500029264,test,66676,66676,B,default,default,1,,predictions/center_tcn_default_seed2049.npz,0.4538505971431732,0.6736843453303433,0.47983384132385254,50.07612228393555,35.666873931884766,52.31096267700195,[9],"{""ks"": 7, ""layers"": [25, 25, 25, 25, 25, 25, 25, 25]}",,,,,,168,1,experiments/results/baselines/beijing/168h_1h,False,beijing,,True
plain_mix_patchtst_all_default,plain_mix_patchtst_all,2047,completed,6,1.0717835426330566,11.1634292640083,0.0500152530003106,test,19591,19588,C,default,default,18,,predictions/plain_mix_patchtst_all_default_seed2047.npz,0.7825813889503479,0.8846363032062091,0.6864548325538635,65.75654602050781,51.0253791809082,69.57320404052734,"[0, 1, 2, 3, 4, 5, 6, 7, 8, 9, 10, 11, 12, 13, 14, 15, 16, 17]","{""c_in"": 1, ""c_out"": 1, ""d_ff"": 128, ""d_model"": 16, ""dropout"": 0.2, ""n_heads"": 4, ""n_layers"": 3, ""padding_patch"": true, ""patch_len"": 4, ""pred_dim"": 1, ""seq_len"": 168, ""station_mixer"": ""Conv1d(S,32,1)-GELU-Conv1d(32,1,1)"", ""stride"": 2}",,,,,,168,1,experiments/results/baselines/beijing/168h_1h,False,beijing,,True
plain_mix_patchtst_all_default,plain_mix_patchtst_all,2048,completed,6,0.475279152393341,10.90034639199439,0.038092550006695,test,19591,19588,C,default,default,18,,predictions/plain_mix_patchtst_all_default_seed2048.npz,0.3973972499370575,0.6303945192790444,0.4833725094795227,46.858314514160156,35.929908752441406,55.35056686401367,"[0, 1, 2, 3, 4, 5, 6, 7, 8, 9, 10, 11, 12, 13, 14, 15, 16, 17]","{""c_in"": 1, ""c_out"": 1, ""d_ff"": 128, ""d_model"": 16, ""dropout"": 0.2, ""n_heads"": 4, ""n_layers"": 3, ""padding_patch"": true, ""patch_len"": 4, ""pred_dim"": 1, ""seq_len"": 168, ""station_mixer"": ""Conv1d(S,32,1)-GELU-Conv1d(32,1,1)"", ""stride"": 2}",,,,,,168,1,experiments/results/baselines/beijing/168h_1h,False,beijing,,True
plain_mix_patchtst_all_default,plain_mix_patchtst_all,2049,completed,4,0.2150362133979797,9.079713439001353,0.0379976900003384,test,19591,19588,C,default,default,18,,predictions/plain_mix_patchtst_all_default_seed2049.npz,0.14741528034210205,0.38394697595124,0.2667034864425659,28.539440155029297,19.82453155517578,51.410423278808594,"[0, 1, 2, 3, 4, 5, 6, 7, 8, 9, 10, 11, 12, 13, 14, 15, 16, 17]","{""c_in"": 1, ""c_out"": 1, ""d_ff"": 128, ""d_model"": 16, ""dropout"": 0.2, ""n_heads"": 4, ""n_layers"": 3, ""padding_patch"": true, ""patch_len"": 4, ""pred_dim"": 1, ""seq_len"": 168, ""station_mixer"": ""Conv1d(S,32,1)-GELU-Conv1d(32,1,1)"", ""stride"": 2}",,,,,,168,1,experiments/results/baselines/beijing/168h_1h,False,beijing,,True
plain_mix_patchtst_top5_default,plain_mix_patchtst_top5,2047,completed,8,0.4005980193614959,12.948898125003325,0.0497071449935901,test,19207,19204,C,default,default,6,,predictions/plain_mix_patchtst_top5_default_seed2047.npz,0.4377441108226776,0.6616223324697237,0.4131832718849182,49.179527282714844,30.71262550354004,46.796104431152344,"[9, 14, 11, 16, 15, 4]","{""c_in"": 1, ""c_out"": 1, ""d_ff"": 128, ""d_model"": 16, ""dropout"": 0.2, ""n_heads"": 4, ""n_layers"": 3, ""padding_patch"": true, ""patch_len"": 4, ""pred_dim"": 1, ""seq_len"": 168, ""station_mixer"": ""Conv1d(S,32,1)-GELU-Conv1d(32,1,1)"", ""stride"": 2}",,,,,,168,1,experiments/results/baselines/beijing/168h_1h,False,beijing,,True
plain_mix_patchtst_top5_default,plain_mix_patchtst_top5,2048,completed,5,0.4497152864933014,10.159303993001233,0.0377396719995886,test,19207,19204,C,default,default,6,,predictions/plain_mix_patchtst_top5_default_seed2048.npz,0.3292321562767029,0.5737875532605277,0.42424723505973816,42.65061950683594,31.5350284576416,47.61985397338867,"[9, 14, 11, 16, 15, 4]","{""c_in"": 1, ""c_out"": 1, ""d_ff"": 128, ""d_model"": 16, ""dropout"": 0.2, ""n_heads"": 4, ""n_layers"": 3, ""padding_patch"": true, ""patch_len"": 4, ""pred_dim"": 1, ""seq_len"": 168, ""station_mixer"": ""Conv1d(S,32,1)-GELU-Conv1d(32,1,1)"", ""stride"": 2}",,,,,,168,1,experiments/results/baselines/beijing/168h_1h,False,beijing,,True
plain_mix_patchtst_top5_default,plain_mix_patchtst_top5,2049,completed,9,0.3715656101703644,13.611357038011192,0.0379099690035218,test,19207,19204,C,default,default,6,,predictions/plain_mix_patchtst_top5_default_seed2049.npz,1.3909670114517212,1.1793926451575494,0.584087610244751,87.66629791259766,43.4162483215332,53.160255432128906,"[9, 14, 11, 16, 15, 4]","{""c_in"": 1, ""c_out"": 1, ""d_ff"": 128, ""d_model"": 16, ""dropout"": 0.2, ""n_heads"": 4, ""n_layers"": 3, ""padding_patch"": true, ""patch_len"": 4, ""pred_dim"": 1, ""seq_len"": 168, ""station_mixer"": ""Conv1d(S,32,1)-GELU-Conv1d(32,1,1)"", ""stride"": 2}",,,,,,168,1,experiments/results/baselines/beijing/168h_1h,False,beijing,,True
patchtst_ci_all_default,patchtst_ci_all,2047,infeasible_oom,0,,,,test,18984,18984,C,default,default,18,,,,,,,,,"[0, 1, 2, 3, 4, 5, 6, 7, 8, 9, 10, 11, 12, 13, 14, 15, 16, 17]","{""c_in"": 18, ""c_out"": 1, ""d_ff"": 128, ""d_model"": 16, ""dropout"": 0.2, ""n_heads"": 4, ""n_layers"": 3, ""padding_patch"": true, ""patch_len"": 4, ""pred_dim"": 1, ""seq_len"": 168, ""stride"": 2}",,,"CUDA out of memory. Tried to allocate 994.00 MiB. GPU 0 has a total capacity of 7.98 GiB of which 792.00 MiB is free. Of the allocated memory 6.70 GiB is allocated by PyTorch, and 82.20 MiB is reserved by PyTorch but unallocated. If reserved but unallocated memory is large try setting PYTORCH_CUDA_ALLOC_CONF=expandable_segments:True to avoid fragmentation.  See documentation for Memory Management  (https://docs.pytorch.org/docs/stable/notes/cuda.html#optimizing-memory-usage-with-pytorch-cuda-alloc-conf)",AMD Radeon RX 7600,512.0,168,1,experiments/results/baselines/beijing/168h_1h,False,beijing,,False
patchtst_ci_all_default,patchtst_ci_all,2048,infeasible_oom,0,,,,test,18984,18984,C,default,default,18,,,,,,,,,"[0, 1, 2, 3, 4, 5, 6, 7, 8, 9, 10, 11, 12, 13, 14, 15, 16, 17]","{""c_in"": 18, ""c_out"": 1, ""d_ff"": 128, ""d_model"": 16, ""dropout"": 0.2, ""n_heads"": 4, ""n_layers"": 3, ""padding_patch"": true, ""patch_len"": 4, ""pred_dim"": 1, ""seq_len"": 168, ""stride"": 2}",,,"CUDA out of memory. Tried to allocate 994.00 MiB. GPU 0 has a total capacity of 7.98 GiB of which 812.00 MiB is free. Of the allocated memory 6.70 GiB is allocated by PyTorch, and 62.20 MiB is reserved by PyTorch but unallocated. If reserved but unallocated memory is large try setting PYTORCH_CUDA_ALLOC_CONF=expandable_segments:True to avoid fragmentation.  See documentation for Memory Management  (https://docs.pytorch.org/docs/stable/notes/cuda.html#optimizing-memory-usage-with-pytorch-cuda-alloc-conf)",AMD Radeon RX 7600,512.0,168,1,experiments/results/baselines/beijing/168h_1h,False,beijing,,False
patchtst_ci_all_default,patchtst_ci_all,2049,infeasible_oom,0,,,,test,18984,18984,C,default,default,18,,,,,,,,,"[0, 1, 2, 3, 4, 5, 6, 7, 8, 9, 10, 11, 12, 13, 14, 15, 16, 17]","{""c_in"": 18, ""c_out"": 1, ""d_ff"": 128, ""d_model"": 16, ""dropout"": 0.2, ""n_heads"": 4, ""n_layers"": 3, ""padding_patch"": true, ""patch_len"": 4, ""pred_dim"": 1, ""seq_len"": 168, ""stride"": 2}",,,"CUDA out of memory. Tried to allocate 994.00 MiB. GPU 0 has a total capacity of 7.98 GiB of which 812.00 MiB is free. Of the allocated memory 6.70 GiB is allocated by PyTorch, and 62.20 MiB is reserved by PyTorch but unallocated. If reserved but unallocated memory is large try setting PYTORCH_CUDA_ALLOC_CONF=expandable_segments:True to avoid fragmentation.  See documentation for Memory Management  (https://docs.pytorch.org/docs/stable/notes/cuda.html#optimizing-memory-usage-with-pytorch-cuda-alloc-conf)",AMD Radeon RX 7600,512.0,168,1,experiments/results/baselines/beijing/168h_1h,False,beijing,,False
patchtst_ci_top5_default,patchtst_ci_top5,2047,completed,24,0.1028264090418815,152.69654216099298,0.2455993119947379,test,18960,18957,C,default,default,6,,predictions/patchtst_ci_top5_default_seed2047.npz,0.09506715834140778,0.30832962611693315,0.17677392065525055,22.91867446899414,13.139911651611328,25.478553771972656,"[9, 14, 11, 16, 15, 4]","{""c_in"": 6, ""c_out"": 1, ""d_ff"": 128, ""d_model"": 16, ""dropout"": 0.2, ""n_heads"": 4, ""n_layers"": 3, ""padding_patch"": true, ""patch_len"": 4, ""pred_dim"": 1, ""seq_len"": 168, ""stride"": 2}",,,,,,168,1,experiments/results/baselines/beijing/168h_1h,False,beijing,,True
patchtst_ci_top5_default,patchtst_ci_top5,2048,completed,3,0.8187761902809143,45.44298230300774,0.2427918460016371,test,18960,18957,C,default,default,6,,predictions/patchtst_ci_top5_default_seed2048.npz,30.973106384277344,5.565348720815017,0.820702850818634,413.6819763183594,61.00426483154297,60.4517936706543,"[9, 14, 11, 16, 15, 4]","{""c_in"": 6, ""c_out"": 1, ""d_ff"": 128, ""d_model"": 16, ""dropout"": 0.2, ""n_heads"": 4, ""n_layers"": 3, ""padding_patch"": true, ""patch_len"": 4, ""pred_dim"": 1, ""seq_len"": 168, ""stride"": 2}",,,,,,168,1,experiments/results/baselines/beijing/168h_1h,False,beijing,,True
patchtst_ci_top5_default,patchtst_ci_top5,2049,completed,18,0.5252550840377808,120.29615158100204,0.241034437000053,test,18960,18957,C,default,default,6,,predictions/patchtst_ci_top5_default_seed2049.npz,0.744340717792511,0.8627518286231047,0.4334041476249695,64.12983703613281,32.21567916870117,44.045318603515625,"[9, 14, 11, 16, 15, 4]","{""c_in"": 6, ""c_out"": 1, ""d_ff"": 128, ""d_model"": 16, ""dropout"": 0.2, ""n_heads"": 4, ""n_layers"": 3, ""padding_patch"": true, ""patch_len"": 4, ""pred_dim"": 1, ""seq_len"": 168, ""stride"": 2}",,,,,,168,1,experiments/results/baselines/beijing/168h_1h,False,beijing,,True
multi_gru_default,multi_gru,2047,completed,27,0.0928037762641906,20.0816397699964,0.0568626519961981,test,36101,36101,C,default,default,18,,predictions/multi_gru_default_seed2047.npz,0.07300209254026413,0.2701889941138686,0.14023028314113617,20.083614349365234,10.423559188842773,17.74401092529297,"[0, 1, 2, 3, 4, 5, 6, 7, 8, 9, 10, 11, 12, 13, 14, 15, 16, 17]","{""hidden_size"": 100}",,,,,,168,1,experiments/results/baselines/beijing/168h_1h,False,beijing,,True
multi_gru_default,multi_gru,2048,completed,23,0.0920602157711982,19.664991042998736,0.054441008993308,test,36101,36101,C,default,default,18,,predictions/multi_gru_default_seed2048.npz,0.07082214951515198,0.2661243121459443,0.13105608522891998,19.781476974487305,9.74162483215332,16.56517219543457,"[0, 1, 2, 3, 4, 5, 6, 7, 8, 9, 10, 11, 12, 13, 14, 15, 16, 17]","{""hidden_size"": 100}",,,,,,168,1,experiments/results/baselines/beijing/168h_1h,False,beijing,,True
multi_gru_default,multi_gru,2049,completed,22,0.0911746993660926,19.277636814003927,0.0574718840071,test,36101,36101,C,default,default,18,,predictions/multi_gru_default_seed2049.npz,0.07204002887010574,0.26840273633125605,0.1376124769449234,19.950838088989258,10.228973388671875,18.282867431640625,"[0, 1, 2, 3, 4, 5, 6, 7, 8, 9, 10, 11, 12, 13, 14, 15, 16, 17]","{""hidden_size"": 100}",,,,,,168,1,experiments/results/baselines/beijing/168h_1h,False,beijing,,True
center_gru_default,center_gru,2047,completed,22,1.2095681428909302,19.02830116899986,0.0585611090000384,test,33324,33324,B,default,default,1,,predictions/center_gru_default_seed2047.npz,0.678965151309967,0.823993417030723,0.5747660994529724,61.28964614868164,42.751808166503906,55.89792251586914,[9],"{""hidden_size"": 100}",,,,,,168,24,experiments/results/baselines/beijing/168h_24h,False,beijing,,True
center_gru_default,center_gru,2048,nonfinite,0,,,,test,33324,33324,B,default,default,1,,,,,,,,,[9],"{""hidden_size"": 100}",,,non-finite training loss at protocol lr and at lr/10: center_gru_default seed=2048 has non-finite training loss,AMD Radeon RX 7600,512.0,168,24,experiments/results/baselines/beijing/168h_24h,False,beijing,,False
center_gru_default,center_gru,2049,nonfinite,0,,,,test,33324,33324,B,default,default,1,,,,,,,,,[9],"{""hidden_size"": 100}",,,non-finite training loss at protocol lr and at lr/10: center_gru_default seed=2049 has non-finite training loss,AMD Radeon RX 7600,512.0,168,24,experiments/results/baselines/beijing/168h_24h,False,beijing,,False
center_lstm_default,center_lstm,2047,nonfinite,0,,,,test,43624,43624,B,default,default,1,,,,,,,,,[9],"{""hidden_size"": 100}",,,non-finite training loss at protocol lr and at lr/10: center_lstm_default seed=2047 has non-finite training loss,AMD Radeon RX 7600,512.0,168,24,experiments/results/baselines/beijing/168h_24h,False,beijing,,False
center_lstm_default,center_lstm,2048,nonfinite,0,,,,test,43624,43624,B,default,default,1,,,,,,,,,[9],"{""hidden_size"": 100}",,,non-finite training loss at protocol lr and at lr/10: center_lstm_default seed=2048 has non-finite training loss,AMD Radeon RX 7600,512.0,168,24,experiments/results/baselines/beijing/168h_24h,False,beijing,,False
center_lstm_default,center_lstm,2049,nonfinite,0,,,,test,43624,43624,B,default,default,1,,,,,,,,,[9],"{""hidden_size"": 100}",,,non-finite training loss at protocol lr and at lr/10: center_lstm_default seed=2049 has non-finite training loss,AMD Radeon RX 7600,512.0,168,24,experiments/results/baselines/beijing/168h_24h,False,beijing,,False
center_tcn_default,center_tcn,2047,nonfinite,0,,,,test,67274,67274,B,default,default,1,,,,,,,,,[9],"{""ks"": 7, ""layers"": [25, 25, 25, 25, 25, 25, 25, 25]}",,,non-finite training loss at protocol lr and at lr/10: center_tcn_default seed=2047 has non-finite training loss,AMD Radeon RX 7600,512.0,168,24,experiments/results/baselines/beijing/168h_24h,False,beijing,,False
center_tcn_default,center_tcn,2048,nonfinite,0,,,,test,67274,67274,B,default,default,1,,,,,,,,,[9],"{""ks"": 7, ""layers"": [25, 25, 25, 25, 25, 25, 25, 25]}",,,non-finite training loss at protocol lr and at lr/10: center_tcn_default seed=2048 has non-finite training loss,AMD Radeon RX 7600,512.0,168,24,experiments/results/baselines/beijing/168h_24h,False,beijing,,False
center_tcn_default,center_tcn,2049,completed,16,1.5630260705947876,272.3153721580002,1.0860723769997094,test,67274,67274,B,default,default,1,,predictions/center_tcn_default_seed2049.npz,0.9554727673530579,0.9774828731763323,0.7554699182510376,72.70638275146484,56.192787170410156,69.61680603027344,[9],"{""ks"": 7, ""layers"": [25, 25, 25, 25, 25, 25, 25, 25]}",,,,,,168,24,experiments/results/baselines/beijing/168h_24h,False,beijing,,True
plain_mix_patchtst_all_default,plain_mix_patchtst_all,2047,completed,3,1.372762680053711,9.569003744999918,0.0881893490000038,test,50526,50523,C,default,default,18,,predictions/plain_mix_patchtst_all_default_seed2047.npz,0.8542025685310364,0.9242307983025865,0.6663917303085327,68.74542999267578,49.567039489746094,71.23380279541016,"[0, 1, 2, 3, 4, 5, 6, 7, 8, 9, 10, 11, 12, 13, 14, 15, 16, 17]","{""c_in"": 1, ""c_out"": 1, ""d_ff"": 128, ""d_model"": 16, ""dropout"": 0.2, ""n_heads"": 4, ""n_layers"": 3, ""padding_patch"": true, ""patch_len"": 4, ""pred_dim"": 24, ""seq_len"": 168, ""station_mixer"": ""Conv1d(S,32,1)-GELU-Conv1d(32,1,1)"", ""stride"": 2}",,,,,,168,24,experiments/results/baselines/beijing/168h_24h,False,beijing,,True
plain_mix_patchtst_all_default,plain_mix_patchtst_all,2048,completed,11,1.476961374282837,17.667581478000102,0.0779275749996486,test,50526,50523,C,default,default,18,,predictions/plain_mix_patchtst_all_default_seed2048.npz,1.059587001800537,1.0293624249022,0.77557772397995,76.56525421142578,57.68842315673828,74.69734191894531,"[0, 1, 2, 3, 4, 5, 6, 7, 8, 9, 10, 11, 12, 13, 14, 15, 16, 17]","{""c_in"": 1, ""c_out"": 1, ""d_ff"": 128, ""d_model"": 16, ""dropout"": 0.2, ""n_heads"": 4, ""n_layers"": 3, ""padding_patch"": true, ""patch_len"": 4, ""pred_dim"": 24, ""seq_len"": 168, ""station_mixer"": ""Conv1d(S,32,1)-GELU-Conv1d(32,1,1)"", ""stride"": 2}",,,,,,168,24,experiments/results/baselines/beijing/168h_24h,False,beijing,,True
plain_mix_patchtst_all_default,plain_mix_patchtst_all,2049,completed,13,1.2757811546325684,19.5645119310002,0.0774455519999719,test,50526,50523,C,default,default,18,,predictions/plain_mix_patchtst_all_default_seed2049.npz,0.717842698097229,0.8472559814467107,0.6037421226501465,63.01994705200195,44.90707778930664,59.72787857055664,"[0, 1, 2, 3, 4, 5, 6, 7, 8, 9, 10, 11, 12, 13, 14, 15, 16, 17]","{""c_in"": 1, ""c_out"": 1, ""d_ff"": 128, ""d_model"": 16, ""dropout"": 0.2, ""n_heads"": 4, ""n_layers"": 3, ""padding_patch"": true, ""patch_len"": 4, ""pred_dim"": 24, ""seq_len"": 168, ""station_mixer"": ""Conv1d(S,32,1)-GELU-Conv1d(32,1,1)"", ""stride"": 2}",,,,,,168,24,experiments/results/baselines/beijing/168h_24h,False,beijing,,True
plain_mix_patchtst_top5_default,plain_mix_patchtst_top5,2047,completed,3,1.914029836654663,10.450456185999885,0.0727643730001545,test,50142,50139,C,default,default,6,,predictions/plain_mix_patchtst_top5_default_seed2047.npz,2.189967155456543,1.4798537615104213,1.0322363376617432,110.07334899902344,76.77901458740234,80.9967041015625,"[9, 14, 11, 16, 15, 4]","{""c_in"": 1, ""c_out"": 1, ""d_ff"": 128, ""d_model"": 16, ""dropout"": 0.2, ""n_heads"": 4, ""n_layers"": 3, ""padding_patch"": true, ""patch_len"": 4, ""pred_dim"": 24, ""seq_len"": 168, ""station_mixer"": ""Conv1d(S,32,1)-GELU-Conv1d(32,1,1)"", ""stride"": 2}",,,,,,168,24,experiments/results/baselines/beijing/168h_24h,False,beijing,,True
plain_mix_patchtst_top5_default,plain_mix_patchtst_top5,2048,completed,6,1.344977617263794,13.802802730000169,0.0619664189998729,test,50142,50139,C,default,default,6,,predictions/plain_mix_patchtst_top5_default_seed2048.npz,0.6959677338600159,0.8342468063229346,0.5846258997917175,62.052303314208984,43.48519515991211,58.9768180847168,"[9, 14, 11, 16, 15, 4]","{""c_in"": 1, ""c_out"": 1, ""d_ff"": 128, ""d_model"": 16, ""dropout"": 0.2, ""n_heads"": 4, ""n_layers"": 3, ""padding_patch"": true, ""patch_len"": 4, ""pred_dim"": 24, ""seq_len"": 168, ""station_mixer"": ""Conv1d(S,32,1)-GELU-Conv1d(32,1,1)"", ""stride"": 2}",,,,,,168,24,experiments/results/baselines/beijing/168h_24h,False,beijing,,True
plain_mix_patchtst_top5_default,plain_mix_patchtst_top5,2049,completed,8,1.4208048582077026,16.92482168699962,0.0625156159999278,test,50142,50139,C,default,default,6,,predictions/plain_mix_patchtst_top5_default_seed2049.npz,0.9215576648712158,0.9599779502005323,0.7141976952552795,71.40434265136719,53.12290954589844,68.50121307373047,"[9, 14, 11, 16, 15, 4]","{""c_in"": 1, ""c_out"": 1, ""d_ff"": 128, ""d_model"": 16, ""dropout"": 0.2, ""n_heads"": 4, ""n_layers"": 3, ""padding_patch"": true, ""patch_len"": 4, ""pred_dim"": 24, ""seq_len"": 168, ""station_mixer"": ""Conv1d(S,32,1)-GELU-Conv1d(32,1,1)"", ""stride"": 2}",,,,,,168,24,experiments/results/baselines/beijing/168h_24h,False,beijing,,True
patchtst_ci_top5_default,patchtst_ci_top5,2047,completed,28,1.1430119276046753,161.78564573699987,0.3228949250001278,test,49895,49892,C,default,default,6,,predictions/patchtst_ci_top5_default_seed2047.npz,0.8248251676559448,0.9081988590919639,0.64142906665802,67.5529556274414,47.710289001464844,63.4046630859375,"[9, 14, 11, 16, 15, 4]","{""c_in"": 6, ""c_out"": 1, ""d_ff"": 128, ""d_model"": 16, ""dropout"": 0.2, ""n_heads"": 4, ""n_layers"": 3, ""padding_patch"": true, ""patch_len"": 4, ""pred_dim"": 24, ""seq_len"": 168, ""stride"": 2}",,,,,,168,24,experiments/results/baselines/beijing/168h_24h,False,beijing,,True
patchtst_ci_top5_default,patchtst_ci_top5,2048,nonfinite,0,,,,test,49895,49895,C,default,default,6,,,,,,,,,"[9, 14, 11, 16, 15, 4]","{""c_in"": 6, ""c_out"": 1, ""d_ff"": 128, ""d_model"": 16, ""dropout"": 0.2, ""n_heads"": 4, ""n_layers"": 3, ""padding_patch"": true, ""patch_len"": 4, ""pred_dim"": 24, ""seq_len"": 168, ""stride"": 2}",,,non-finite training loss at protocol lr and at lr/10: patchtst_ci_top5_default seed=2048 has non-finite training loss,AMD Radeon RX 7600,512.0,168,24,experiments/results/baselines/beijing/168h_24h,False,beijing,,False
patchtst_ci_top5_default,patchtst_ci_top5,2049,nonfinite,0,,,,test,49895,49895,C,default,default,6,,,,,,,,,"[9, 14, 11, 16, 15, 4]","{""c_in"": 6, ""c_out"": 1, ""d_ff"": 128, ""d_model"": 16, ""dropout"": 0.2, ""n_heads"": 4, ""n_layers"": 3, ""padding_patch"": true, ""patch_len"": 4, ""pred_dim"": 24, ""seq_len"": 168, ""stride"": 2}",,,non-finite training loss at protocol lr and at lr/10: patchtst_ci_top5_default seed=2049 has non-finite training loss,AMD Radeon RX 7600,512.0,168,24,experiments/results/baselines/beijing/168h_24h,False,beijing,,False
multi_gru_default,multi_gru,2047,nonfinite,0,,,,test,38424,38424,C,default,default,18,,,,,,,,,"[0, 1, 2, 3, 4, 5, 6, 7, 8, 9, 10, 11, 12, 13, 14, 15, 16, 17]","{""hidden_size"": 100}",,,non-finite training loss at protocol lr and at lr/10: multi_gru_default seed=2047 has non-finite training loss,AMD Radeon RX 7600,512.0,168,24,experiments/results/baselines/beijing/168h_24h,False,beijing,,False
multi_gru_default,multi_gru,2048,nonfinite,0,,,,test,38424,38424,C,default,default,18,,,,,,,,,"[0, 1, 2, 3, 4, 5, 6, 7, 8, 9, 10, 11, 12, 13, 14, 15, 16, 17]","{""hidden_size"": 100}",,,non-finite training loss at protocol lr and at lr/10: multi_gru_default seed=2048 has non-finite training loss,AMD Radeon RX 7600,512.0,168,24,experiments/results/baselines/beijing/168h_24h,False,beijing,,False
multi_gru_default,multi_gru,2049,completed,30,1.3001787662506104,21.71925810599987,0.054417948000264,test,38424,38424,C,default,default,18,,predictions/multi_gru_default_seed2049.npz,0.6789397597312927,0.823978009252245,0.5779640674591064,61.28849792480469,42.989681243896484,56.82734298706055,"[0, 1, 2, 3, 4, 5, 6, 7, 8, 9, 10, 11, 12, 13, 14, 15, 16, 17]","{""hidden_size"": 100}",True,nonfinite loss at protocol lr; retried once with lr/10,,,,168,24,experiments/results/baselines/beijing/168h_24h,False,beijing,,True
center_gru_default,center_gru,2047,completed,30,0.2559309601783752,20.11968106499989,0.0553919010126264,test,31203,31203,B,default,default,1,,predictions/center_gru_default_seed2047.npz,0.1786138266324997,0.42262729044927955,0.22180132567882538,31.414154052734375,16.48663330078125,24.914159774780273,[9],"{""hidden_size"": 100}",,,,,,168,3,experiments/results/baselines/beijing/168h_3h,False,beijing,,True
center_gru_default,center_gru,2048,nonfinite,0,,,,test,31203,31203,B,default,default,1,,,,,,,,,[9],"{""hidden_size"": 100}",,,non-finite training loss at protocol lr and at lr/10: center_gru_default seed=2048 has non-finite training loss,AMD Radeon RX 7600,512.0,168,3,experiments/results/baselines/beijing/168h_3h,False,beijing,,False
center_gru_default,center_gru,2049,nonfinite,0,,,,test,31203,31203,B,default,default,1,,,,,,,,,[9],"{""hidden_size"": 100}",,,non-finite training loss at protocol lr and at lr/10: center_gru_default seed=2049 has non-finite training loss,AMD Radeon RX 7600,512.0,168,3,experiments/results/baselines/beijing/168h_3h,False,beijing,,False
center_lstm_default,center_lstm,2047,completed,24,0.2679181396961212,14.340576684000553,0.0441524909983854,test,41503,41503,B,default,default,1,,predictions/center_lstm_default_seed2047.npz,0.18893852829933167,0.43467059746356396,0.235860675573349,32.30934143066406,17.531673431396484,25.723834991455078,[9],"{""hidden_size"": 100}",,,,,,168,3,experiments/results/baselines/beijing/168h_3h,False,beijing,,True
center_lstm_default,center_lstm,2048,nonfinite,0,,,,test,41503,41503,B,default,default,1,,,,,,,,,[9],"{""hidden_size"": 100}",,,non-finite training loss at protocol lr and at lr/10: center_lstm_default seed=2048 has non-finite training loss,AMD Radeon RX 7600,512.0,168,3,experiments/results/baselines/beijing/168h_3h,False,beijing,,False
center_lstm_default,center_lstm,2049,completed,30,0.2605681419372558,13.699660332000349,0.0404220780037576,test,41503,41503,B,default,default,1,,predictions/center_lstm_default_seed2049.npz,0.18151037395000458,0.42604034310145394,0.22732914984226227,31.667850494384766,16.897520065307617,24.711332321166992,[9],"{""hidden_size"": 100}",,,,,,168,3,experiments/results/baselines/beijing/168h_3h,False,beijing,,True
center_tcn_default,center_tcn,2047,completed,30,2.0030980110168457,367.11092655800167,0.8175218800024595,test,66728,66728,B,default,default,1,,predictions/center_tcn_default_seed2047.npz,0.9282638430595398,0.9634645001553196,0.7315542697906494,71.61492919921875,54.376895904541016,69.60089111328125,[9],"{""ks"": 7, ""layers"": [25, 25, 25, 25, 25, 25, 25, 25]}",True,nonfinite loss at protocol lr; retried once with lr/10,,,,168,3,experiments/results/baselines/beijing/168h_3h,False,beijing,,True
center_tcn_default,center_tcn,2048,completed,26,0.701069176197052,364.1880777370097,0.5865232630021637,test,66728,66728,B,default,default,1,,predictions/center_tcn_default_seed2048.npz,0.45271235704421997,0.6728390275870002,0.4547746777534485,50.012550354003906,33.803688049316406,54.154579162597656,[9],"{""ks"": 7, ""layers"": [25, 25, 25, 25, 25, 25, 25, 25]}",,,,,,168,3,experiments/results/baselines/beijing/168h_3h,False,beijing,,True
center_tcn_default,center_tcn,2049,completed,30,0.7498369812965393,367.4732374669984,0.5892161559895612,test,66728,66728,B,default,default,1,,predictions/center_tcn_default_seed2049.npz,0.4976184666156769,0.7054207727418274,0.5061237215995789,52.43437576293945,37.62049865722656,64.31319427490234,[9],"{""ks"": 7, ""layers"": [25, 25, 25, 25, 25, 25, 25, 25]}",,,,,,168,3,experiments/results/baselines/beijing/168h_3h,False,beijing,,True
plain_mix_patchtst_all_default,plain_mix_patchtst_all,2047,completed,6,2.1334025859832764,11.542357211001216,0.0403079719981178,test,22281,22278,C,default,default,18,,predictions/plain_mix_patchtst_all_default_seed2047.npz,0.9982843399047852,0.9991418017002317,0.7555681467056274,74.26685333251953,56.161861419677734,71.37998962402344,"[0, 1, 2, 3, 4, 5, 6, 7, 8, 9, 10, 11, 12, 13, 14, 15, 16, 17]","{""c_in"": 1, ""c_out"": 1, ""d_ff"": 128, ""d_model"": 16, ""dropout"": 0.2, ""n_heads"": 4, ""n_layers"": 3, ""padding_patch"": true, ""patch_len"": 4, ""pred_dim"": 3, ""seq_len"": 168, ""station_mixer"": ""Conv1d(S,32,1)-GELU-Conv1d(32,1,1)"", ""stride"": 2}",,,,,,168,3,experiments/results/baselines/beijing/168h_3h,False,beijing,,True
plain_mix_patchtst_all_default,plain_mix_patchtst_all,2048,nonfinite,0,,,,test,22281,22281,C,default,default,18,,,,,,,,,"[0, 1, 2, 3, 4, 5, 6, 7, 8, 9, 10, 11, 12, 13, 14, 15, 16, 17]","{""c_in"": 1, ""c_out"": 1, ""d_ff"": 128, ""d_model"": 16, ""dropout"": 0.2, ""n_heads"": 4, ""n_layers"": 3, ""padding_patch"": true, ""patch_len"": 4, ""pred_dim"": 3, ""seq_len"": 168, ""station_mixer"": ""Conv1d(S,32,1)-GELU-Conv1d(32,1,1)"", ""stride"": 2}",,,non-finite training loss at protocol lr and at lr/10: plain_mix_patchtst_all_default seed=2048 has non-finite training loss,AMD Radeon RX 7600,512.0,168,3,experiments/results/baselines/beijing/168h_3h,False,beijing,,False
plain_mix_patchtst_all_default,plain_mix_patchtst_all,2049,nonfinite,0,,,,test,22281,22281,C,default,default,18,,,,,,,,,"[0, 1, 2, 3, 4, 5, 6, 7, 8, 9, 10, 11, 12, 13, 14, 15, 16, 17]","{""c_in"": 1, ""c_out"": 1, ""d_ff"": 128, ""d_model"": 16, ""dropout"": 0.2, ""n_heads"": 4, ""n_layers"": 3, ""padding_patch"": true, ""patch_len"": 4, ""pred_dim"": 3, ""seq_len"": 168, ""station_mixer"": ""Conv1d(S,32,1)-GELU-Conv1d(32,1,1)"", ""stride"": 2}",,,non-finite training loss at protocol lr and at lr/10: plain_mix_patchtst_all_default seed=2049 has non-finite training loss,AMD Radeon RX 7600,512.0,168,3,experiments/results/baselines/beijing/168h_3h,False,beijing,,False
plain_mix_patchtst_top5_default,plain_mix_patchtst_top5,2047,nonfinite,0,,,,test,21897,21897,C,default,default,6,,,,,,,,,"[9, 14, 11, 16, 15, 4]","{""c_in"": 1, ""c_out"": 1, ""d_ff"": 128, ""d_model"": 16, ""dropout"": 0.2, ""n_heads"": 4, ""n_layers"": 3, ""padding_patch"": true, ""patch_len"": 4, ""pred_dim"": 3, ""seq_len"": 168, ""station_mixer"": ""Conv1d(S,32,1)-GELU-Conv1d(32,1,1)"", ""stride"": 2}",,,non-finite training loss at protocol lr and at lr/10: plain_mix_patchtst_top5_default seed=2047 has non-finite training loss,AMD Radeon RX 7600,512.0,168,3,experiments/results/baselines/beijing/168h_3h,False,beijing,,False
plain_mix_patchtst_top5_default,plain_mix_patchtst_top5,2048,nonfinite,0,,,,test,21897,21897,C,default,default,6,,,,,,,,,"[9, 14, 11, 16, 15, 4]","{""c_in"": 1, ""c_out"": 1, ""d_ff"": 128, ""d_model"": 16, ""dropout"": 0.2, ""n_heads"": 4, ""n_layers"": 3, ""padding_patch"": true, ""patch_len"": 4, ""pred_dim"": 3, ""seq_len"": 168, ""station_mixer"": ""Conv1d(S,32,1)-GELU-Conv1d(32,1,1)"", ""stride"": 2}",,,non-finite training loss at protocol lr and at lr/10: plain_mix_patchtst_top5_default seed=2048 has non-finite training loss,AMD Radeon RX 7600,512.0,168,3,experiments/results/baselines/beijing/168h_3h,False,beijing,,False
plain_mix_patchtst_top5_default,plain_mix_patchtst_top5,2049,nonfinite,0,,,,test,21897,21897,C,default,default,6,,,,,,,,,"[9, 14, 11, 16, 15, 4]","{""c_in"": 1, ""c_out"": 1, ""d_ff"": 128, ""d_model"": 16, ""dropout"": 0.2, ""n_heads"": 4, ""n_layers"": 3, ""padding_patch"": true, ""patch_len"": 4, ""pred_dim"": 3, ""seq_len"": 168, ""station_mixer"": ""Conv1d(S,32,1)-GELU-Conv1d(32,1,1)"", ""stride"": 2}",,,non-finite training loss at protocol lr and at lr/10: plain_mix_patchtst_top5_default seed=2049 has non-finite training loss,AMD Radeon RX 7600,512.0,168,3,experiments/results/baselines/beijing/168h_3h,False,beijing,,False
patchtst_ci_all_default,patchtst_ci_all,2047,infeasible_oom,0,,,,test,21674,21674,C,default,default,18,,,,,,,,,"[0, 1, 2, 3, 4, 5, 6, 7, 8, 9, 10, 11, 12, 13, 14, 15, 16, 17]","{""c_in"": 18, ""c_out"": 1, ""d_ff"": 128, ""d_model"": 16, ""dropout"": 0.2, ""n_heads"": 4, ""n_layers"": 3, ""padding_patch"": true, ""patch_len"": 4, ""pred_dim"": 3, ""seq_len"": 168, ""stride"": 2}",,,"CUDA out of memory. Tried to allocate 994.00 MiB. GPU 0 has a total capacity of 7.98 GiB of which 74.00 MiB is free. Of the allocated memory 6.73 GiB is allocated by PyTorch, and 90.19 MiB is reserved by PyTorch but unallocated. If reserved but unallocated memory is large try setting PYTORCH_CUDA_ALLOC_CONF=expandable_segments:True to avoid fragmentation.  See documentation for Memory Management  (https://docs.pytorch.org/docs/stable/notes/cuda.html#optimizing-memory-usage-with-pytorch-cuda-alloc-conf)",AMD Radeon RX 7600,512.0,168,3,experiments/results/baselines/beijing/168h_3h,False,beijing,,False
patchtst_ci_all_default,patchtst_ci_all,2048,infeasible_oom,0,,,,test,21674,21674,C,default,default,18,,,,,,,,,"[0, 1, 2, 3, 4, 5, 6, 7, 8, 9, 10, 11, 12, 13, 14, 15, 16, 17]","{""c_in"": 18, ""c_out"": 1, ""d_ff"": 128, ""d_model"": 16, ""dropout"": 0.2, ""n_heads"": 4, ""n_layers"": 3, ""padding_patch"": true, ""patch_len"": 4, ""pred_dim"": 3, ""seq_len"": 168, ""stride"": 2}",,,"CUDA out of memory. Tried to allocate 994.00 MiB. GPU 0 has a total capacity of 7.98 GiB of which 74.00 MiB is free. Of the allocated memory 6.73 GiB is allocated by PyTorch, and 90.19 MiB is reserved by PyTorch but unallocated. If reserved but unallocated memory is large try setting PYTORCH_CUDA_ALLOC_CONF=expandable_segments:True to avoid fragmentation.  See documentation for Memory Management  (https://docs.pytorch.org/docs/stable/notes/cuda.html#optimizing-memory-usage-with-pytorch-cuda-alloc-conf)",AMD Radeon RX 7600,512.0,168,3,experiments/results/baselines/beijing/168h_3h,False,beijing,,False
patchtst_ci_top5_default,patchtst_ci_top5,2047,completed,18,0.2577351331710815,123.54139448599994,0.2370624879999923,test,21650,21647,C,default,default,6,,predictions/patchtst_ci_top5_default_seed2047.npz,0.19387991726398468,0.440317972905927,0.257902592420578,32.7291145324707,19.170063018798828,31.855600357055664,"[9, 14, 11, 16, 15, 4]","{""c_in"": 6, ""c_out"": 1, ""d_ff"": 128, ""d_model"": 16, ""dropout"": 0.2, ""n_heads"": 4, ""n_layers"": 3, ""padding_patch"": true, ""patch_len"": 4, ""pred_dim"": 3, ""seq_len"": 168, ""stride"": 2}",,,,,,168,3,experiments/results/baselines/beijing/168h_3h,False,beijing,,True
patchtst_ci_top5_default,patchtst_ci_top5,2048,completed,19,0.2550179362297058,127.49505659600004,0.2369493839998995,test,21650,21647,C,default,default,6,,predictions/patchtst_ci_top5_default_seed2048.npz,0.189215287566185,0.43498883613971634,0.24767056107521057,32.3329963684082,18.409507751464844,30.259334564208984,"[9, 14, 11, 16, 15, 4]","{""c_in"": 6, ""c_out"": 1, ""d_ff"": 128, ""d_model"": 16, ""dropout"": 0.2, ""n_heads"": 4, ""n_layers"": 3, ""padding_patch"": true, ""patch_len"": 4, ""pred_dim"": 3, ""seq_len"": 168, ""stride"": 2}",,,,,,168,3,experiments/results/baselines/beijing/168h_3h,False,beijing,,True
patchtst_ci_top5_default,patchtst_ci_top5,2049,nonfinite,0,,,,test,21650,21650,C,default,default,6,,,,,,,,,"[9, 14, 11, 16, 15, 4]","{""c_in"": 6, ""c_out"": 1, ""d_ff"": 128, ""d_model"": 16, ""dropout"": 0.2, ""n_heads"": 4, ""n_layers"": 3, ""padding_patch"": true, ""patch_len"": 4, ""pred_dim"": 3, ""seq_len"": 168, ""stride"": 2}",,,non-finite training loss at protocol lr and at lr/10: patchtst_ci_top5_default seed=2049 has non-finite training loss,AMD Radeon RX 7600,512.0,168,3,experiments/results/baselines/beijing/168h_3h,False,beijing,,False
multi_gru_default,multi_gru,2047,completed,15,0.2282555997371673,15.144171704999962,0.0573994030000903,test,36303,36303,C,default,default,18,,predictions/multi_gru_default_seed2047.npz,0.1522267460823059,0.3901624611393386,0.2120317965745926,29.001022338867188,15.760457992553711,24.442157745361328,"[0, 1, 2, 3, 4, 5, 6, 7, 8, 9, 10, 11, 12, 13, 14, 15, 16, 17]","{""hidden_size"": 100}",,,,,,168,3,experiments/results/baselines/beijing/168h_3h,False,beijing,,True
multi_gru_default,multi_gru,2048,nonfinite,0,,,,test,36303,36303,C,default,default,18,,,,,,,,,"[0, 1, 2, 3, 4, 5, 6, 7, 8, 9, 10, 11, 12, 13, 14, 15, 16, 17]","{""hidden_size"": 100}",,,non-finite training loss at protocol lr and at lr/10: multi_gru_default seed=2048 has non-finite training loss,AMD Radeon RX 7600,512.0,168,3,experiments/results/baselines/beijing/168h_3h,False,beijing,,False
multi_gru_default,multi_gru,2049,completed,29,1.0805000066757202,20.87929704499993,0.0579888620000019,test,36303,36303,C,default,default,18,,predictions/multi_gru_default_seed2049.npz,0.5114184617996216,0.715135275174999,0.49875059723854065,53.15645980834961,37.072452545166016,51.800472259521484,"[0, 1, 2, 3, 4, 5, 6, 7, 8, 9, 10, 11, 12, 13, 14, 15, 16, 17]","{""hidden_size"": 100}",True,nonfinite loss at protocol lr; retried once with lr/10,,,,168,3,experiments/results/baselines/beijing/168h_3h,False,beijing,,True
center_gru_default,center_gru,2047,completed,23,0.7968712449073792,4.614976330005447,0.0089693320041988,test,32112,32112,B,default,default,1,,predictions/center_gru_default_seed2047.npz,0.4528622031211853,0.6729503719600616,0.4282161295413971,50.13657760620117,31.903228759765625,44.095703125,[9],"{""hidden_size"": 100}",,,,,,24,12,experiments/results/baselines/beijing/24h_12h,False,beijing,,True
center_gru_default,center_gru,2048,completed,16,0.7917330861091614,3.7241200339922216,0.0092127370007801,test,32112,32112,B,default,default,1,,predictions/center_gru_default_seed2048.npz,0.45233264565467834,0.6725567973447881,0.42384225130081177,50.10725021362305,31.577363967895508,43.15060806274414,[9],"{""hidden_size"": 100}",,,,,,24,12,experiments/results/baselines/beijing/24h_12h,False,beijing,,True
center_gru_default,center_gru,2049,completed,27,0.7825608849525452,5.122007658996154,0.0092507270019268,test,32112,32112,B,default,default,1,,predictions/center_gru_default_seed2049.npz,0.4584380090236664,0.6770805040936169,0.4282793402671814,50.44428253173828,31.90793800354004,44.29035949707031,[9],"{""hidden_size"": 100}",,,,,,24,12,experiments/results/baselines/beijing/24h_12h,False,beijing,,True
center_lstm_default,center_lstm,2047,completed,27,0.7743937373161316,3.847775248999824,0.0068606120039476,test,42412,42412,B,default,default,1,,predictions/center_lstm_default_seed2047.npz,0.45517227053642273,0.6746645614943938,0.4300987720489502,50.264286041259766,32.043495178222656,44.385990142822266,[9],"{""hidden_size"": 100}",,,,,,24,12,experiments/results/baselines/beijing/24h_12h,False,beijing,,True
center_lstm_default,center_lstm,2048,completed,13,0.78911292552948,1.9205914170015603,0.0069775299925822,test,42412,42412,B,default,default,1,,predictions/center_lstm_default_seed2048.npz,0.4649678170681,0.6818854867703961,0.442331463098526,50.80226516723633,32.95486068725586,45.33793640136719,[9],"{""hidden_size"": 100}",,,,,,24,12,experiments/results/baselines/beijing/24h_12h,False,beijing,,True
center_lstm_default,center_lstm,2049,completed,22,0.7894130349159241,2.8868881599919405,0.0069078809901839,test,42412,42412,B,default,default,1,,predictions/center_lstm_default_seed2049.npz,0.48230403661727905,0.6944811276177913,0.4456472098827362,51.74067306518555,33.20188903808594,45.12818145751953,[9],"{""hidden_size"": 100}",,,,,,24,12,experiments/results/baselines/beijing/24h_12h,False,beijing,,True
center_tcn_default,center_tcn,2047,completed,27,0.8451679944992065,164.77126765999128,0.5837032300041756,test,66962,66962,B,default,default,1,,predictions/center_tcn_default_seed2047.npz,0.496204674243927,0.7044179684277844,0.46014025807380676,52.480995178222656,34.28166198730469,47.97034454345703,[9],"{""ks"": 7, ""layers"": [25, 25, 25, 25, 25, 25, 25, 25]}",,,,,,24,12,experiments/results/baselines/beijing/24h_12h,False,beijing,,True
center_tcn_default,center_tcn,2048,completed,34,0.8217445611953735,186.95401556100117,0.2604255420010304,test,66962,66962,B,default,default,1,,predictions/center_tcn_default_seed2048.npz,0.5136619806289673,0.7167021561492384,0.4651637673377991,53.39619445800781,34.65592956542969,46.84037399291992,[9],"{""ks"": 7, ""layers"": [25, 25, 25, 25, 25, 25, 25, 25]}",,,,,,24,12,experiments/results/baselines/beijing/24h_12h,False,beijing,,True
center_tcn_default,center_tcn,2049,completed,23,0.828137993812561,144.97690715100907,0.2590933409956051,test,66962,66962,B,default,default,1,,predictions/center_tcn_default_seed2049.npz,0.49820801615715027,0.7058385198876229,0.48026925325393677,52.586830139160156,35.78132247924805,50.138980865478516,[9],"{""ks"": 7, ""layers"": [25, 25, 25, 25, 25, 25, 25, 25]}",,,,,,24,12,experiments/results/baselines/beijing/24h_12h,False,beijing,,True
plain_mix_patchtst_all_default,plain_mix_patchtst_all,2047,completed,6,0.8516910076141357,2.3035068519966444,0.0217848169995704,test,19410,19407,C,default,default,18,,predictions/plain_mix_patchtst_all_default_seed2047.npz,0.4683395028114319,0.684353346460315,0.47555071115493774,50.98612594604492,35.429779052734375,51.82048034667969,"[0, 1, 2, 3, 4, 5, 6, 7, 8, 9, 10, 11, 12, 13, 14, 15, 16, 17]","{""c_in"": 1, ""c_out"": 1, ""d_ff"": 128, ""d_model"": 16, ""dropout"": 0.2, ""n_heads"": 4, ""n_layers"": 3, ""padding_patch"": true, ""patch_len"": 4, ""pred_dim"": 12, ""seq_len"": 24, ""station_mixer"": ""Conv1d(S,32,1)-GELU-Conv1d(32,1,1)"", ""stride"": 2}",,,,,,24,12,experiments/results/baselines/beijing/24h_12h,False,beijing,,True
plain_mix_patchtst_all_default,plain_mix_patchtst_all,2048,completed,2,1.337035059928894,1.6205159240053035,0.0122037350083701,test,19410,19407,C,default,default,18,,predictions/plain_mix_patchtst_all_default_seed2048.npz,0.6421295404434204,0.8013298574516118,0.5389596223831177,59.70118713378906,40.15391159057617,53.713565826416016,"[0, 1, 2, 3, 4, 5, 6, 7, 8, 9, 10, 11, 12, 13, 14, 15, 16, 17]","{""c_in"": 1, ""c_out"": 1, ""d_ff"": 128, ""d_model"": 16, ""dropout"": 0.2, ""n_heads"": 4, ""n_layers"": 3, ""padding_patch"": true, ""patch_len"": 4, ""pred_dim"": 12, ""seq_len"": 24, ""station_mixer"": ""Conv1d(S,32,1)-GELU-Conv1d(32,1,1)"", ""stride"": 2}",,,,,,24,12,experiments/results/baselines/beijing/24h_12h,False,beijing,,True
plain_mix_patchtst_all_default,plain_mix_patchtst_all,2049,completed,6,1.389987826347351,2.3963641400041524,0.0126747180038364,test,19410,19407,C,default,default,18,,predictions/plain_mix_patchtst_all_default_seed2049.npz,0.6691969633102417,0.8180445973846668,0.5641149878501892,60.946475982666016,42.02805709838867,59.523338317871094,"[0, 1, 2, 3, 4, 5, 6, 7, 8, 9, 10, 11, 12, 13, 14, 15, 16, 17]","{""c_in"": 1, ""c_out"": 1, ""d_ff"": 128, ""d_model"": 16, ""dropout"": 0.2, ""n_heads"": 4, ""n_layers"": 3, ""padding_patch"": true, ""patch_len"": 4, ""pred_dim"": 12, ""seq_len"": 24, ""station_mixer"": ""Conv1d(S,32,1)-GELU-Conv1d(32,1,1)"", ""stride"": 2}",,,,,,24,12,experiments/results/baselines/beijing/24h_12h,False,beijing,,True
plain_mix_patchtst_top5_default,plain_mix_patchtst_top5,2047,completed,3,1.4324997663497925,1.824351058996399,0.0211934060062048,test,19026,19023,C,default,default,6,,predictions/plain_mix_patchtst_top5_default_seed2047.npz,0.7375068068504333,0.8587821649582817,0.6081598997116089,63.98153305053711,45.30950927734375,61.67353439331055,"[9, 14, 11, 16, 15, 4]","{""c_in"": 1, ""c_out"": 1, ""d_ff"": 128, ""d_model"": 16, ""dropout"": 0.2, ""n_heads"": 4, ""n_layers"": 3, ""padding_patch"": true, ""patch_len"": 4, ""pred_dim"": 12, ""seq_len"": 24, ""station_mixer"": ""Conv1d(S,32,1)-GELU-Conv1d(32,1,1)"", ""stride"": 2}",,,,,,24,12,experiments/results/baselines/beijing/24h_12h,False,beijing,,True
plain_mix_patchtst_top5_default,plain_mix_patchtst_top5,2048,completed,15,0.9500237703323364,3.707595231986488,0.0120691060001263,test,19026,19023,C,default,default,6,,predictions/plain_mix_patchtst_top5_default_seed2048.npz,0.6678482294082642,0.8172198170677606,0.5712669491767883,60.88502883911133,42.56089401245117,79.9450454711914,"[9, 14, 11, 16, 15, 4]","{""c_in"": 1, ""c_out"": 1, ""d_ff"": 128, ""d_model"": 16, ""dropout"": 0.2, ""n_heads"": 4, ""n_layers"": 3, ""padding_patch"": true, ""patch_len"": 4, ""pred_dim"": 12, ""seq_len"": 24, ""station_mixer"": ""Conv1d(S,32,1)-GELU-Conv1d(32,1,1)"", ""stride"": 2}",,,,,,24,12,experiments/results/baselines/beijing/24h_12h,False,beijing,,True
plain_mix_patchtst_top5_default,plain_mix_patchtst_top5,2049,completed,9,1.116881251335144,2.7608418590098154,0.0120234969945158,test,19026,19023,C,default,default,6,,predictions/plain_mix_patchtst_top5_default_seed2049.npz,0.6254388093948364,0.7908468937758031,0.5837807655334473,58.9201774597168,43.493202209472656,60.84624099731445,"[9, 14, 11, 16, 15, 4]","{""c_in"": 1, ""c_out"": 1, ""d_ff"": 128, ""d_model"": 16, ""dropout"": 0.2, ""n_heads"": 4, ""n_layers"": 3, ""padding_patch"": true, ""patch_len"": 4, ""pred_dim"": 12, ""seq_len"": 24, ""station_mixer"": ""Conv1d(S,32,1)-GELU-Conv1d(32,1,1)"", ""stride"": 2}",,,,,,24,12,experiments/results/baselines/beijing/24h_12h,False,beijing,,True
patchtst_ci_all_default,patchtst_ci_all,2047,completed,16,0.8771286010742188,47.28006029799872,0.1443792179925367,test,18803,18800,C,default,default,18,,predictions/patchtst_ci_all_default_seed2047.npz,0.5128170251846313,0.7161124389260609,0.4374457001686096,53.35226058959961,32.59085464477539,44.26824951171875,"[0, 1, 2, 3, 4, 5, 6, 7, 8, 9, 10, 11, 12, 13, 14, 15, 16, 17]","{""c_in"": 18, ""c_out"": 1, ""d_ff"": 128, ""d_model"": 16, ""dropout"": 0.2, ""n_heads"": 4, ""n_layers"": 3, ""padding_patch"": true, ""patch_len"": 4, ""pred_dim"": 12, ""seq_len"": 24, ""stride"": 2}",,,,,,24,12,experiments/results/baselines/beijing/24h_12h,False,beijing,,True
patchtst_ci_all_default,patchtst_ci_all,2048,completed,16,0.8674936294555664,46.55348281699116,0.1446433840028476,test,18803,18800,C,default,default,18,,predictions/patchtst_ci_all_default_seed2048.npz,0.5116199851036072,0.7152761600274451,0.43618038296699524,53.28995895385742,32.496585845947266,44.57943344116211,"[0, 1, 2, 3, 4, 5, 6, 7, 8, 9, 10, 11, 12, 13, 14, 15, 16, 17]","{""c_in"": 18, ""c_out"": 1, ""d_ff"": 128, ""d_model"": 16, ""dropout"": 0.2, ""n_heads"": 4, ""n_layers"": 3, ""padding_patch"": true, ""patch_len"": 4, ""pred_dim"": 12, ""seq_len"": 24, ""stride"": 2}",,,,,,24,12,experiments/results/baselines/beijing/24h_12h,False,beijing,,True
patchtst_ci_all_default,patchtst_ci_all,2049,completed,13,0.8712134957313538,40.937227259986685,0.1442117100086761,test,18803,18800,C,default,default,18,,predictions/patchtst_ci_all_default_seed2049.npz,0.5126692652702332,0.7160092633969432,0.43972140550613403,53.34457778930664,32.76040267944336,44.61449432373047,"[0, 1, 2, 3, 4, 5, 6, 7, 8, 9, 10, 11, 12, 13, 14, 15, 16, 17]","{""c_in"": 18, ""c_out"": 1, ""d_ff"": 128, ""d_model"": 16, ""dropout"": 0.2, ""n_heads"": 4, ""n_layers"": 3, ""padding_patch"": true, ""patch_len"": 4, ""pred_dim"": 12, ""seq_len"": 24, ""stride"": 2}",,,,,,24,12,experiments/results/baselines/beijing/24h_12h,False,beijing,,True
patchtst_ci_top5_default,patchtst_ci_top5,2047,completed,31,0.8783227801322937,25.34025847099838,0.0495399089995771,test,18779,18776,C,default,default,6,,predictions/patchtst_ci_top5_default_seed2047.npz,0.5137768387794495,0.7167822812956871,0.440074622631073,53.40216827392578,32.78671646118164,44.484867095947266,"[9, 14, 11, 16, 15, 4]","{""c_in"": 6, ""c_out"": 1, ""d_ff"": 128, ""d_model"": 16, ""dropout"": 0.2, ""n_heads"": 4, ""n_layers"": 3, ""padding_patch"": true, ""patch_len"": 4, ""pred_dim"": 12, ""seq_len"": 24, ""stride"": 2}",,,,,,24,12,experiments/results/baselines/beijing/24h_12h,False,beijing,,True
patchtst_ci_top5_default,patchtst_ci_top5,2048,completed,34,0.8704289793968201,25.58917043400288,0.0498068150045583,test,18779,18776,C,default,default,6,,predictions/patchtst_ci_top5_default_seed2048.npz,0.5135326981544495,0.7166119578645401,0.4414856731891632,53.38947677612305,32.891845703125,44.45926284790039,"[9, 14, 11, 16, 15, 4]","{""c_in"": 6, ""c_out"": 1, ""d_ff"": 128, ""d_model"": 16, ""dropout"": 0.2, ""n_heads"": 4, ""n_layers"": 3, ""padding_patch"": true, ""patch_len"": 4, ""pred_dim"": 12, ""seq_len"": 24, ""stride"": 2}",,,,,,24,12,experiments/results/baselines/beijing/24h_12h,False,beijing,,True
patchtst_ci_top5_default,patchtst_ci_top5,2049,completed,26,0.8628674149513245,21.77207177100354,0.0496383379941107,test,18779,18776,C,default,default,6,,predictions/patchtst_ci_top5_default_seed2049.npz,0.5141560435295105,0.7170467512857934,0.4413723647594452,53.421871185302734,32.88340759277344,44.4536018371582,"[9, 14, 11, 16, 15, 4]","{""c_in"": 6, ""c_out"": 1, ""d_ff"": 128, ""d_model"": 16, ""dropout"": 0.2, ""n_heads"": 4, ""n_layers"": 3, ""padding_patch"": true, ""patch_len"": 4, ""pred_dim"": 12, ""seq_len"": 24, ""stride"": 2}",,,,,,24,12,experiments/results/baselines/beijing/24h_12h,False,beijing,,True
multi_gru_default,multi_gru,2047,completed,9,0.6904169917106628,2.502954284995212,0.0094119949935702,test,37212,37212,C,default,default,18,,predictions/multi_gru_default_seed2047.npz,0.5470567941665649,0.7396328779648488,0.4780111312866211,55.104591369628906,35.61309051513672,49.79983901977539,"[0, 1, 2, 3, 4, 5, 6, 7, 8, 9, 10, 11, 12, 13, 14, 15, 16, 17]","{""hidden_size"": 100}",,,,,,24,12,experiments/results/baselines/beijing/24h_12h,False,beijing,,True
multi_gru_default,multi_gru,2048,completed,9,0.7024895548820496,2.5068619189987658,0.0094110650097718,test,37212,37212,C,default,default,18,,predictions/multi_gru_default_seed2048.npz,0.47734227776527405,0.6908996148249571,0.43973419070243835,51.47384262084961,32.7613525390625,46.06314468383789,"[0, 1, 2, 3, 4, 5, 6, 7, 8, 9, 10, 11, 12, 13, 14, 15, 16, 17]","{""hidden_size"": 100}",,,,,,24,12,experiments/results/baselines/beijing/24h_12h,False,beijing,,True
multi_gru_default,multi_gru,2049,completed,10,0.7057967185974121,2.8640955739974743,0.0094723149959463,test,37212,37212,C,default,default,18,,predictions/multi_gru_default_seed2049.npz,0.5059776902198792,0.711321087990423,0.4534620940685272,52.99529266357422,33.784114837646484,47.16835021972656,"[0, 1, 2, 3, 4, 5, 6, 7, 8, 9, 10, 11, 12, 13, 14, 15, 16, 17]","{""hidden_size"": 100}",,,,,,24,12,experiments/results/baselines/beijing/24h_12h,False,beijing,,True
center_mlp_default,center_mlp,2047,completed,14,0.1430484056472778,1.4216327449976234,0.0021299489890225,test,514001,514001,B,default,default,1,,predictions/center_mlp_default_seed2047.npz,0.10532570630311966,0.32453922151739945,0.1807364970445633,24.1845703125,13.468432426452637,24.73631477355957,[9],"{""layers"": [500, 500, 500]}",,,,,,24,1,experiments/results/baselines/beijing/24h_1h,False,beijing,,True
center_mlp_default,center_mlp,2048,completed,33,0.1249933615326881,1.7864002700080164,0.0024845989973982,test,514001,514001,B,default,default,1,,predictions/center_mlp_default_seed2048.npz,0.09396238625049591,0.3065328469356847,0.1699773222208023,22.84273910522461,12.666661262512207,22.500598907470703,[9],"{""layers"": [500, 500, 500]}",,,,,,24,1,experiments/results/baselines/beijing/24h_1h,False,beijing,,True
center_mlp_default,center_mlp,2049,completed,24,0.1403817385435104,1.447813849998056,0.0024013579968595,test,514001,514001,B,default,default,1,,predictions/center_mlp_default_seed2049.npz,0.1045014038681984,0.32326676888940875,0.18815141916275024,24.08974838256836,14.020989418029785,26.40497398376465,[9],"{""layers"": [500, 500, 500]}",,,,,,24,1,experiments/results/baselines/beijing/24h_1h,False,beijing,,True
center_mlp_default,center_mlp,2050,completed,19,0.1463034749031067,1.1150277970009483,0.0023514189961133,test,514001,514001,B,default,default,1,,predictions/center_mlp_default_seed2050.npz,0.10716091841459274,0.32735442323969405,0.18575680255889893,24.394357681274414,13.842544555664062,26.504650115966797,[9],"{""layers"": [500, 500, 500]}",,,,,,24,1,experiments/results/baselines/beijing/24h_1h,False,beijing,,True
center_mlp_default,center_mlp,2051,completed,37,0.141284629702568,1.7794059500010917,0.0023548980097984,test,514001,514001,B,default,default,1,,predictions/center_mlp_default_seed2051.npz,0.10293214023113251,0.32083039168871225,0.1897728592157364,23.90818977355957,14.141818046569824,26.428115844726562,[9],"{""layers"": [500, 500, 500]}",,,,,,24,1,experiments/results/baselines/beijing/24h_1h,False,beijing,,True
center_gru_default,center_gru,2047,completed,40,0.0990957394242286,5.909939895005664,0.0092904930061195,test,31001,31001,B,default,default,1,,predictions/center_gru_default_seed2047.npz,0.08211880177259445,0.28656378307908076,0.13311786949634552,21.354652404785156,9.919904708862305,16.35347557067871,[9],"{""hidden_size"": 100}",,,,,,24,1,experiments/results/baselines/beijing/24h_1h,False,beijing,,True
center_gru_default,center_gru,2048,completed,37,0.0990931540727615,5.914123576993006,0.009199633001117,test,31001,31001,B,default,default,1,,predictions/center_gru_default_seed2048.npz,0.08250566571950912,0.2872379949092897,0.1323799341917038,21.40489387512207,9.864914894104004,16.176254272460938,[9],"{""hidden_size"": 100}",,,,,,24,1,experiments/results/baselines/beijing/24h_1h,False,beijing,,True
center_gru_default,center_gru,2049,completed,24,0.0988436043262481,4.762463180988561,0.009773893005331,test,31001,31001,B,default,default,1,,predictions/center_gru_default_seed2049.npz,0.08323857933282852,0.28851096917245367,0.13562878966331482,21.499755859375,10.107019424438477,17.26927375793457,[9],"{""hidden_size"": 100}",,,,,,24,1,experiments/results/baselines/beijing/24h_1h,False,beijing,,True
center_gru_default,center_gru,2050,completed,28,0.0987535715103149,5.210180611000396,0.0093329429946606,test,31001,31001,B,default,default,1,,predictions/center_gru_default_seed2050.npz,0.08258398622274399,0.2873742963849481,0.13245351612567902,21.415050506591797,9.87039852142334,16.13134765625,[9],"{""hidden_size"": 100}",,,,,,24,1,experiments/results/baselines/beijing/24h_1h,False,beijing,,True
center_gru_default,center_gru,2051,completed,37,0.0996114537119865,5.959015833010199,0.0092550229892367,test,31001,31001,B,default,default,1,,predictions/center_gru_default_seed2051.npz,0.0830157920718193,0.2881246120549567,0.13369211554527283,21.470964431762695,9.962697982788086,16.467662811279297,[9],"{""hidden_size"": 100}",,,,,,24,1,experiments/results/baselines/beijing/24h_1h,False,beijing,,True
center_lstm_default,center_lstm,2047,completed,29,0.0981150642037391,3.3612757149967365,0.006804466000176,test,41301,41301,B,default,default,1,,predictions/center_lstm_default_seed2047.npz,0.08098535984754562,0.2845792681267306,0.13390475511550903,21.20676612854004,9.978544235229492,16.61643409729004,[9],"{""hidden_size"": 100}",,,,,,24,1,experiments/results/baselines/beijing/24h_1h,False,beijing,,True
center_lstm_default,center_lstm,2048,completed,28,0.0977735519409179,3.4104551579948748,0.0068700650008395,test,41301,41301,B,default,default,1,,predictions/center_lstm_default_seed2048.npz,0.07938992232084274,0.2817621733321255,0.13401342928409576,20.996835708618164,9.986642837524414,16.41778564453125,[9],"{""hidden_size"": 100}",,,,,,24,1,experiments/results/baselines/beijing/24h_1h,False,beijing,,True
center_lstm_default,center_lstm,2049,completed,39,0.0972211062908172,3.755575403003604,0.0068690050102304,test,41301,41301,B,default,default,1,,predictions/center_lstm_default_seed2049.npz,0.07992284744977951,0.2827062918468203,0.1324838548898697,21.06719207763672,9.872658729553223,15.929770469665527,[9],"{""hidden_size"": 100}",,,,,,24,1,experiments/results/baselines/beijing/24h_1h,False,beijing,,True
center_lstm_default,center_lstm,2050,completed,28,0.0975387766957283,3.238391983002657,0.0068472249986371,test,41301,41301,B,default,default,1,,predictions/center_lstm_default_seed2050.npz,0.08007806539535522,0.28298068025106454,0.13197670876979828,21.0876407623291,9.834867477416992,15.775616645812988,[9],"{""hidden_size"": 100}",,,,,,24,1,experiments/results/baselines/beijing/24h_1h,False,beijing,,True
center_lstm_default,center_lstm,2051,completed,36,0.0972807928919792,3.81209064500581,0.0071812740061432,test,41301,41301,B,default,default,1,,predictions/center_lstm_default_seed2051.npz,0.07891462743282318,0.28091747441699527,0.13467875123023987,20.933889389038086,10.036222457885742,16.881492614746094,[9],"{""hidden_size"": 100}",,,,,,24,1,experiments/results/baselines/beijing/24h_1h,False,beijing,,True
center_tcn_default,center_tcn,2047,completed,39,0.1509811580181121,189.1426817339961,0.3870364039903506,test,66676,66676,B,default,default,1,,predictions/center_tcn_default_seed2047.npz,0.11788506805896759,0.3433439500835388,0.180154487490654,25.585891723632812,13.425060272216797,20.962642669677734,[9],"{""ks"": 7, ""layers"": [25, 25, 25, 25, 25, 25, 25, 25]}",,,,,,24,1,experiments/results/baselines/beijing/24h_1h,False,beijing,,True
center_tcn_default,center_tcn,2048,completed,37,0.1446620821952819,186.6872017400019,0.2569118690007599,test,66676,66676,B,default,default,1,,predictions/center_tcn_default_seed2048.npz,0.11497949808835983,0.3390862693893102,0.1931031495332718,25.268613815307617,14.38999080657959,24.571144104003906,[9],"{""ks"": 7, ""layers"": [25, 25, 25, 25, 25, 25, 25, 25]}",,,,,,24,1,experiments/results/baselines/beijing/24h_1h,False,beijing,,True
center_tcn_default,center_tcn,2049,completed,40,0.1351624876260757,187.2712510349957,0.2605185809952672,test,66676,66676,B,default,default,1,,predictions/center_tcn_default_seed2049.npz,0.10093554854393005,0.31770355450314064,0.17080608010292053,23.67517852783203,12.728422164916992,21.904705047607422,[9],"{""ks"": 7, ""layers"": [25, 25, 25, 25, 25, 25, 25, 25]}",,,,,,24,1,experiments/results/baselines/beijing/24h_1h,False,beijing,,True
center_tcn_default,center_tcn,2050,completed,38,0.1522207558155059,187.5735611209966,0.2581756110012065,test,66676,66676,B,default,default,1,,predictions/center_tcn_default_seed2050.npz,0.11913585662841797,0.34516062438873,0.1771908551454544,25.721271514892578,13.204211235046387,20.087068557739258,[9],"{""ks"": 7, ""layers"": [25, 25, 25, 25, 25, 25, 25, 25]}",,,,,,24,1,experiments/results/baselines/beijing/24h_1h,False,beijing,,True
center_tcn_default,center_tcn,2051,completed,40,0.1394752413034439,187.61840816400945,0.2616795200010529,test,66676,66676,B,default,default,1,,predictions/center_tcn_default_seed2051.npz,0.10637394338846207,0.3261501853264261,0.18722790479660034,24.30461883544922,13.95217227935791,25.573877334594727,[9],"{""ks"": 7, ""layers"": [25, 25, 25, 25, 25, 25, 25, 25]}",,,,,,24,1,experiments/results/baselines/beijing/24h_1h,False,beijing,,True
center_resnet_default,center_resnet,2047,completed,4,0.0999814122915268,2.610427424006048,0.0193871710071107,test,478337,478337,B,default,default,1,,predictions/center_resnet_default_seed2047.npz,0.08436949551105499,0.29046427579145595,0.15113240480422974,21.645313262939453,11.262344360351562,18.4874210357666,[9],"{""library_fixed"": true}",,,,,,24,1,experiments/results/baselines/beijing/24h_1h,False,beijing,,True
center_resnet_default,center_resnet,2048,completed,9,0.102938637137413,3.6680647209868766,0.0187551019917009,test,478337,478337,B,default,default,1,,predictions/center_resnet_default_seed2048.npz,0.08108147233724594,0.28474808574816785,0.14374671876430511,21.219345092773438,10.711965560913086,18.181699752807617,[9],"{""library_fixed"": true}",,,,,,24,1,experiments/results/baselines/beijing/24h_1h,False,beijing,,True
center_resnet_default,center_resnet,2049,completed,4,0.1030559465289115,2.605952376005007,0.0187187120027374,test,478337,478337,B,default,default,1,,predictions/center_resnet_default_seed2049.npz,0.08888869732618332,0.2981420757393752,0.15357065200805664,22.21746253967285,11.44404125213623,19.21759033203125,[9],"{""library_fixed"": true}",,,,,,24,1,experiments/results/baselines/beijing/24h_1h,False,beijing,,True
center_resnet_default,center_resnet,2050,completed,6,0.1026022508740425,3.210719228998641,0.0187394519889494,test,478337,478337,B,default,default,1,,predictions/center_resnet_default_seed2050.npz,0.08679749816656113,0.29461415133452284,0.1540815383195877,21.95456314086914,11.482111930847168,18.899089813232422,[9],"{""library_fixed"": true}",,,,,,24,1,experiments/results/baselines/beijing/24h_1h,False,beijing,,True
center_resnet_default,center_resnet,2051,completed,9,0.1014448702335357,3.6800411239964887,0.0188062920060474,test,478337,478337,B,default,default,1,,predictions/center_resnet_default_seed2051.npz,0.08377932757139206,0.2894465884604482,0.14485342800617218,21.569477081298828,10.794435501098633,17.646751403808594,[9],"{""library_fixed"": true}",,,,,,24,1,experiments/results/baselines/beijing/24h_1h,False,beijing,,True
center_tst_default,center_tst,2047,completed,19,0.1042617484927177,10.715455326004305,0.030488635005895,test,402305,402305,B,default,default,1,,predictions/center_tst_default_seed2047.npz,0.08353219926357269,0.2890193752390533,0.1405050903558731,21.537643432617188,10.47039794921875,17.676666259765625,[9],"{""d_ff"": 256, ""d_model"": 128, ""n_heads"": 16, ""n_layers"": 3}",,,,,,24,1,experiments/results/baselines/beijing/24h_1h,False,beijing,,True
center_tst_default,center_tst,2048,completed,25,0.1090079471468925,13.179549503998714,0.0307043429929763,test,402305,402305,B,default,default,1,,predictions/center_tst_default_seed2048.npz,0.08411262929439545,0.2900217738280963,0.14456616342067719,21.612340927124023,10.773029327392578,17.29474449157715,[9],"{""d_ff"": 256, ""d_model"": 128, ""n_heads"": 16, ""n_layers"": 3}",,,,,,24,1,experiments/results/baselines/beijing/24h_1h,False,beijing,,True
center_tst_default,center_tst,2049,completed,18,0.1079686731100082,10.22432504000608,0.0305087440065108,test,402305,402305,B,default,default,1,,predictions/center_tst_default_seed2049.npz,0.08587563782930374,0.2930454535209576,0.1526220589876175,21.837663650512695,11.37335205078125,22.864788055419922,[9],"{""d_ff"": 256, ""d_model"": 128, ""n_heads"": 16, ""n_layers"": 3}",,,,,,24,1,experiments/results/baselines/beijing/24h_1h,False,beijing,,True
center_tst_default,center_tst,2050,completed,35,0.1055358126759529,15.884618334006518,0.0305821439978899,test,402305,402305,B,default,default,1,,predictions/center_tst_default_seed2050.npz,0.08139867335557938,0.28530452740112516,0.14023436605930328,21.260812759399414,10.450226783752441,17.522911071777344,[9],"{""d_ff"": 256, ""d_model"": 128, ""n_heads"": 16, ""n_layers"": 3}",,,,,,24,1,experiments/results/baselines/beijing/24h_1h,False,beijing,,True
center_tst_default,center_tst,2051,completed,17,0.1063596159219741,10.014549702013028,0.0304967139963991,test,402305,402305,B,default,default,1,,predictions/center_tst_default_seed2051.npz,0.0868302434682846,0.2946697192931174,0.1460912823677063,21.958702087402344,10.886680603027344,19.59395408630371,[9],"{""d_ff"": 256, ""d_model"": 128, ""n_heads"": 16, ""n_layers"": 3}",,,,,,24,1,experiments/results/baselines/beijing/24h_1h,False,beijing,,True
plain_mix_patchtst_all_default,plain_mix_patchtst_all,2047,completed,5,0.4815766215324402,2.490602093996131,0.0214156379952328,test,17287,17284,C,default,default,18,,predictions/plain_mix_patchtst_all_default_seed2047.npz,0.24831637740135193,0.49831353323118965,0.36190006136894226,37.13418197631836,26.968687057495117,44.78896713256836,"[0, 1, 2, 3, 4, 5, 6, 7, 8, 9, 10, 11, 12, 13, 14, 15, 16, 17]","{""c_in"": 1, ""c_out"": 1, ""d_ff"": 128, ""d_model"": 16, ""dropout"": 0.2, ""n_heads"": 4, ""n_layers"": 3, ""padding_patch"": true, ""patch_len"": 4, ""pred_dim"": 1, ""seq_len"": 24, ""station_mixer"": ""Conv1d(S,32,1)-GELU-Conv1d(32,1,1)"", ""stride"": 2}",,,,,,24,1,experiments/results/baselines/beijing/24h_1h,False,beijing,,True
plain_mix_patchtst_all_default,plain_mix_patchtst_all,2048,completed,8,0.5173665881156921,2.5893722629989497,0.0121121219999622,test,17287,17284,C,default,default,18,,predictions/plain_mix_patchtst_all_default_seed2048.npz,0.28577783703804016,0.534581927339524,0.4168645739555359,39.83689498901367,31.06463050842285,50.011558532714844,"[0, 1, 2, 3, 4, 5, 6, 7, 8, 9, 10, 11, 12, 13, 14, 15, 16, 17]","{""c_in"": 1, ""c_out"": 1, ""d_ff"": 128, ""d_model"": 16, ""dropout"": 0.2, ""n_heads"": 4, ""n_layers"": 3, ""padding_patch"": true, ""patch_len"": 4, ""pred_dim"": 1, ""seq_len"": 24, ""station_mixer"": ""Conv1d(S,32,1)-GELU-Conv1d(32,1,1)"", ""stride"": 2}",,,,,,24,1,experiments/results/baselines/beijing/24h_1h,False,beijing,,True
plain_mix_patchtst_all_default,plain_mix_patchtst_all,2049,completed,7,0.5739356279373169,2.420631507004145,0.012099132000003,test,17287,17284,C,default,default,18,,predictions/plain_mix_patchtst_all_default_seed2049.npz,0.3076219856739044,0.5546368051922848,0.4262823760509491,41.33137512207031,31.766443252563477,49.46292495727539,"[0, 1, 2, 3, 4, 5, 6, 7, 8, 9, 10, 11, 12, 13, 14, 15, 16, 17]","{""c_in"": 1, ""c_out"": 1, ""d_ff"": 128, ""d_model"": 16, ""dropout"": 0.2, ""n_heads"": 4, ""n_layers"": 3, ""padding_patch"": true, ""patch_len"": 4, ""pred_dim"": 1, ""seq_len"": 24, ""station_mixer"": ""Conv1d(S,32,1)-GELU-Conv1d(32,1,1)"", ""stride"": 2}",,,,,,24,1,experiments/results/baselines/beijing/24h_1h,False,beijing,,True
plain_mix_patchtst_all_default,plain_mix_patchtst_all,2050,completed,1,1.5603595972061155,1.623096773008001,0.0121383810037514,test,17287,17284,C,default,default,18,,predictions/plain_mix_patchtst_all_default_seed2050.npz,0.732327401638031,0.8557612994509807,0.6123775839805603,63.77108383178711,45.63420104980469,60.76988983154297,"[0, 1, 2, 3, 4, 5, 6, 7, 8, 9, 10, 11, 12, 13, 14, 15, 16, 17]","{""c_in"": 1, ""c_out"": 1, ""d_ff"": 128, ""d_model"": 16, ""dropout"": 0.2, ""n_heads"": 4, ""n_layers"": 3, ""padding_patch"": true, ""patch_len"": 4, ""pred_dim"": 1, ""seq_len"": 24, ""station_mixer"": ""Conv1d(S,32,1)-GELU-Conv1d(32,1,1)"", ""stride"": 2}",,,,,,24,1,experiments/results/baselines/beijing/24h_1h,False,beijing,,True
plain_mix_patchtst_all_default,plain_mix_patchtst_all,2051,completed,2,0.2722222208976745,1.6055376389995215,0.0122447519970592,test,17287,17284,C,default,default,18,,predictions/plain_mix_patchtst_all_default_seed2051.npz,0.19200456142425537,0.43818325096271693,0.324522465467453,32.653289794921875,24.183320999145508,64.57969665527344,"[0, 1, 2, 3, 4, 5, 6, 7, 8, 9, 10, 11, 12, 13, 14, 15, 16, 17]","{""c_in"": 1, ""c_out"": 1, ""d_ff"": 128, ""d_model"": 16, ""dropout"": 0.2, ""n_heads"": 4, ""n_layers"": 3, ""padding_patch"": true, ""patch_len"": 4, ""pred_dim"": 1, ""seq_len"": 24, ""station_mixer"": ""Conv1d(S,32,1)-GELU-Conv1d(32,1,1)"", ""stride"": 2}",,,,,,24,1,experiments/results/baselines/beijing/24h_1h,False,beijing,,True
plain_mix_patchtst_top5_default,plain_mix_patchtst_top5,2047,completed,2,1.524444580078125,1.6829688209982123,0.0210840079962508,test,16903,16900,C,default,default,6,,predictions/plain_mix_patchtst_top5_default_seed2047.npz,0.7529466152191162,0.8677249651929557,0.6349767446517944,64.66261291503906,47.31828308105469,63.337158203125,"[9, 14, 11, 16, 15, 4]","{""c_in"": 1, ""c_out"": 1, ""d_ff"": 128, ""d_model"": 16, ""dropout"": 0.2, ""n_heads"": 4, ""n_layers"": 3, ""padding_patch"": true, ""patch_len"": 4, ""pred_dim"": 1, ""seq_len"": 24, ""station_mixer"": ""Conv1d(S,32,1)-GELU-Conv1d(32,1,1)"", ""stride"": 2}",,,,,,24,1,experiments/results/baselines/beijing/24h_1h,False,beijing,,True
plain_mix_patchtst_top5_default,plain_mix_patchtst_top5,2048,completed,14,0.1862466782331466,3.553131125998334,0.012057071988238,test,16903,16900,C,default,default,6,,predictions/plain_mix_patchtst_top5_default_seed2048.npz,0.26229679584503174,0.5121491929555603,0.2875233590602875,38.16521453857422,21.426156997680664,29.916793823242188,"[9, 14, 11, 16, 15, 4]","{""c_in"": 1, ""c_out"": 1, ""d_ff"": 128, ""d_model"": 16, ""dropout"": 0.2, ""n_heads"": 4, ""n_layers"": 3, ""padding_patch"": true, ""patch_len"": 4, ""pred_dim"": 1, ""seq_len"": 24, ""station_mixer"": ""Conv1d(S,32,1)-GELU-Conv1d(32,1,1)"", ""stride"": 2}",,,,,,24,1,experiments/results/baselines/beijing/24h_1h,False,beijing,,True
plain_mix_patchtst_top5_default,plain_mix_patchtst_top5,2049,completed,10,1.228864669799805,3.0523630829993635,0.0120812120003392,test,16903,16900,C,default,default,6,,predictions/plain_mix_patchtst_top5_default_seed2049.npz,0.59111487865448,0.7688399564632941,0.581580638885498,57.293731689453125,43.3392219543457,59.66425704956055,"[9, 14, 11, 16, 15, 4]","{""c_in"": 1, ""c_out"": 1, ""d_ff"": 128, ""d_model"": 16, ""dropout"": 0.2, ""n_heads"": 4, ""n_layers"": 3, ""padding_patch"": true, ""patch_len"": 4, ""pred_dim"": 1, ""seq_len"": 24, ""station_mixer"": ""Conv1d(S,32,1)-GELU-Conv1d(32,1,1)"", ""stride"": 2}",,,,,,24,1,experiments/results/baselines/beijing/24h_1h,False,beijing,,True
plain_mix_patchtst_top5_default,plain_mix_patchtst_top5,2050,completed,6,0.8358516693115234,2.241311501013115,0.0120137320045614,test,16903,16900,C,default,default,6,,predictions/plain_mix_patchtst_top5_default_seed2050.npz,0.595626711845398,0.7717685610630935,0.6245578527450562,57.5119743347168,46.54187774658203,63.56614685058594,"[9, 14, 11, 16, 15, 4]","{""c_in"": 1, ""c_out"": 1, ""d_ff"": 128, ""d_model"": 16, ""dropout"": 0.2, ""n_heads"": 4, ""n_layers"": 3, ""padding_patch"": true, ""patch_len"": 4, ""pred_dim"": 1, ""seq_len"": 24, ""station_mixer"": ""Conv1d(S,32,1)-GELU-Conv1d(32,1,1)"", ""stride"": 2}",,,,,,24,1,experiments/results/baselines/beijing/24h_1h,False,beijing,,True
plain_mix_patchtst_top5_default,plain_mix_patchtst_top5,2051,completed,2,1.0758395195007324,1.6056815339979948,0.0119519220024812,test,16903,16900,C,default,default,6,,predictions/plain_mix_patchtst_top5_default_seed2051.npz,0.5038825273513794,0.7098468337263888,0.4657500684261322,52.8975830078125,34.70756149291992,45.8377799987793,"[9, 14, 11, 16, 15, 4]","{""c_in"": 1, ""c_out"": 1, ""d_ff"": 128, ""d_model"": 16, ""dropout"": 0.2, ""n_heads"": 4, ""n_layers"": 3, ""padding_patch"": true, ""patch_len"": 4, ""pred_dim"": 1, ""seq_len"": 24, ""station_mixer"": ""Conv1d(S,32,1)-GELU-Conv1d(32,1,1)"", ""stride"": 2}",,,,,,24,1,experiments/results/baselines/beijing/24h_1h,False,beijing,,True
patchtst_ci_all_default,patchtst_ci_all,2047,completed,31,0.102051705121994,76.29021962899424,0.1451928169990424,test,16680,16677,C,default,default,18,,predictions/patchtst_ci_all_default_seed2047.npz,0.08192373812198639,0.2862232312758459,0.13557009398937225,21.329275131225586,10.102643966674805,16.685062408447266,"[0, 1, 2, 3, 4, 5, 6, 7, 8, 9, 10, 11, 12, 13, 14, 15, 16, 17]","{""c_in"": 18, ""c_out"": 1, ""d_ff"": 128, ""d_model"": 16, ""dropout"": 0.2, ""n_heads"": 4, ""n_layers"": 3, ""padding_patch"": true, ""patch_len"": 4, ""pred_dim"": 1, ""seq_len"": 24, ""stride"": 2}",,,,,,24,1,experiments/results/baselines/beijing/24h_1h,False,beijing,,True
patchtst_ci_all_default,patchtst_ci_all,2048,completed,38,0.1013225689530372,78.19856675599294,0.1449171760032186,test,16680,16677,C,default,default,18,,predictions/patchtst_ci_all_default_seed2048.npz,0.08311536908149719,0.2882973622520629,0.13332930207252502,21.483837127685547,9.935662269592285,15.879972457885742,"[0, 1, 2, 3, 4, 5, 6, 7, 8, 9, 10, 11, 12, 13, 14, 15, 16, 17]","{""c_in"": 18, ""c_out"": 1, ""d_ff"": 128, ""d_model"": 16, ""dropout"": 0.2, ""n_heads"": 4, ""n_layers"": 3, ""padding_patch"": true, ""patch_len"": 4, ""pred_dim"": 1, ""seq_len"": 24, ""stride"": 2}",,,,,,24,1,experiments/results/baselines/beijing/24h_1h,False,beijing,,True
patchtst_ci_all_default,patchtst_ci_all,2049,completed,40,0.1016377955675125,77.97668799999519,0.1459373859979678,test,16680,16677,C,default,default,18,,predictions/patchtst_ci_all_default_seed2049.npz,0.08281102776527405,0.28776905282756526,0.1344580501317978,21.444467544555664,10.019777297973633,16.00151824951172,"[0, 1, 2, 3, 4, 5, 6, 7, 8, 9, 10, 11, 12, 13, 14, 15, 16, 17]","{""c_in"": 18, ""c_out"": 1, ""d_ff"": 128, ""d_model"": 16, ""dropout"": 0.2, ""n_heads"": 4, ""n_layers"": 3, ""padding_patch"": true, ""patch_len"": 4, ""pred_dim"": 1, ""seq_len"": 24, ""stride"": 2}",,,,,,24,1,experiments/results/baselines/beijing/24h_1h,False,beijing,,True
patchtst_ci_all_default,patchtst_ci_all,2050,completed,16,0.1037511676549911,47.006195872992976,0.1454054299974814,test,16680,16677,C,default,default,18,,predictions/patchtst_ci_all_default_seed2050.npz,0.08398208767175674,0.28979663157420715,0.13585466146469116,21.595563888549805,10.123851776123047,16.3588809967041,"[0, 1, 2, 3, 4, 5, 6, 7, 8, 9, 10, 11, 12, 13, 14, 15, 16, 17]","{""c_in"": 18, ""c_out"": 1, ""d_ff"": 128, ""d_model"": 16, ""dropout"": 0.2, ""n_heads"": 4, ""n_layers"": 3, ""padding_patch"": true, ""patch_len"": 4, ""pred_dim"": 1, ""seq_len"": 24, ""stride"": 2}",,,,,,24,1,experiments/results/baselines/beijing/24h_1h,False,beijing,,True
patchtst_ci_all_default,patchtst_ci_all,2051,completed,24,0.1015721634030342,62.42203520599287,0.1457330260018352,test,16680,16677,C,default,default,18,,predictions/patchtst_ci_all_default_seed2051.npz,0.08204299211502075,0.2864314789177697,0.13365237414836884,21.34479331970215,9.959737777709961,16.03917694091797,"[0, 1, 2, 3, 4, 5, 6, 7, 8, 9, 10, 11, 12, 13, 14, 15, 16, 17]","{""c_in"": 18, ""c_out"": 1, ""d_ff"": 128, ""d_model"": 16, ""dropout"": 0.2, ""n_heads"": 4, ""n_layers"": 3, ""padding_patch"": true, ""patch_len"": 4, ""pred_dim"": 1, ""seq_len"": 24, ""stride"": 2}",,,,,,24,1,experiments/results/baselines/beijing/24h_1h,False,beijing,,True
patchtst_ci_top5_default,patchtst_ci_top5,2047,completed,40,0.1008093208074569,25.63306977400498,0.0498661490128142,test,16656,16653,C,default,default,6,,predictions/patchtst_ci_top5_default_seed2047.npz,0.08131452649831772,0.28515702077683047,0.1363605409860611,21.249818801879883,10.161548614501953,16.624897003173828,"[9, 14, 11, 16, 15, 4]","{""c_in"": 6, ""c_out"": 1, ""d_ff"": 128, ""d_model"": 16, ""dropout"": 0.2, ""n_heads"": 4, ""n_layers"": 3, ""padding_patch"": true, ""patch_len"": 4, ""pred_dim"": 1, ""seq_len"": 24, ""stride"": 2}",,,,,,24,1,experiments/results/baselines/beijing/24h_1h,False,beijing,,True
patchtst_ci_top5_default,patchtst_ci_top5,2048,completed,24,0.1019143611192703,20.59070649900241,0.0496326749998843,test,16656,16653,C,default,default,6,,predictions/patchtst_ci_top5_default_seed2048.npz,0.08362533152103424,0.28918044802689247,0.1339525580406189,21.549646377563477,9.982107162475586,15.904808044433594,"[9, 14, 11, 16, 15, 4]","{""c_in"": 6, ""c_out"": 1, ""d_ff"": 128, ""d_model"": 16, ""dropout"": 0.2, ""n_heads"": 4, ""n_layers"": 3, ""padding_patch"": true, ""patch_len"": 4, ""pred_dim"": 1, ""seq_len"": 24, ""stride"": 2}",,,,,,24,1,experiments/results/baselines/beijing/24h_1h,False,beijing,,True
patchtst_ci_top5_default,patchtst_ci_top5,2049,completed,34,0.101560965180397,25.55899597601092,0.0498714059940539,test,16656,16653,C,default,default,6,,predictions/patchtst_ci_top5_default_seed2049.npz,0.0819053128361702,0.28619104255054906,0.13375826179981232,21.326875686645508,9.967628479003906,15.957868576049805,"[9, 14, 11, 16, 15, 4]","{""c_in"": 6, ""c_out"": 1, ""d_ff"": 128, ""d_model"": 16, ""dropout"": 0.2, ""n_heads"": 4, ""n_layers"": 3, ""padding_patch"": true, ""patch_len"": 4, ""pred_dim"": 1, ""seq_len"": 24, ""stride"": 2}",,,,,,24,1,experiments/results/baselines/beijing/24h_1h,False,beijing,,True
patchtst_ci_top5_default,patchtst_ci_top5,2050,completed,15,0.104393221437931,14.612351927993586,0.0496461690054275,test,16656,16653,C,default,default,6,,predictions/patchtst_ci_top5_default_seed2050.npz,0.08512841910123825,0.29176774856251375,0.1372123658657074,21.742450714111328,10.225027084350586,16.501375198364258,"[9, 14, 11, 16, 15, 4]","{""c_in"": 6, ""c_out"": 1, ""d_ff"": 128, ""d_model"": 16, ""dropout"": 0.2, ""n_heads"": 4, ""n_layers"": 3, ""padding_patch"": true, ""patch_len"": 4, ""pred_dim"": 1, ""seq_len"": 24, ""stride"": 2}",,,,,,24,1,experiments/results/baselines/beijing/24h_1h,False,beijing,,True
patchtst_ci_top5_default,patchtst_ci_top5,2051,completed,34,0.1012692078948021,25.592476015008288,0.0497255170048447,test,16656,16653,C,default,default,6,,predictions/patchtst_ci_top5_default_seed2051.npz,0.08185850083827972,0.28610924633482177,0.13457757234573364,21.320777893066406,10.028680801391602,15.930599212646484,"[9, 14, 11, 16, 15, 4]","{""c_in"": 6, ""c_out"": 1, ""d_ff"": 128, ""d_model"": 16, ""dropout"": 0.2, ""n_heads"": 4, ""n_layers"": 3, ""padding_patch"": true, ""patch_len"": 4, ""pred_dim"": 1, ""seq_len"": 24, ""stride"": 2}",,,,,,24,1,experiments/results/baselines/beijing/24h_1h,False,beijing,,True
multi_tst_default,multi_tst,2047,completed,17,0.0898429080843925,9.867639967997093,0.0305865520058432,test,404481,404481,C,default,default,18,,predictions/multi_tst_default_seed2047.npz,0.09760715812444687,0.31242144312522285,0.1726604551076889,23.28155517578125,12.866608619689941,21.67893409729004,"[0, 1, 2, 3, 4, 5, 6, 7, 8, 9, 10, 11, 12, 13, 14, 15, 16, 17]","{""d_ff"": 256, ""d_model"": 128, ""n_heads"": 16, ""n_layers"": 3}",,,,,,24,1,experiments/results/baselines/beijing/24h_1h,False,beijing,,True
multi_tst_default,multi_tst,2048,completed,13,0.1065479964017868,8.445508777993382,0.0306076080014463,test,404481,404481,C,default,default,18,,predictions/multi_tst_default_seed2048.npz,0.09394402801990509,0.30650290050814377,0.17896758019924164,22.84050941467285,13.336612701416016,22.60611915588379,"[0, 1, 2, 3, 4, 5, 6, 7, 8, 9, 10, 11, 12, 13, 14, 15, 16, 17]","{""d_ff"": 256, ""d_model"": 128, ""n_heads"": 16, ""n_layers"": 3}",,,,,,24,1,experiments/results/baselines/beijing/24h_1h,False,beijing,,True
multi_tst_default,multi_tst,2049,completed,19,0.0894066393375396,10.637168645000202,0.0305876779893878,test,404481,404481,C,default,default,18,,predictions/multi_tst_default_seed2049.npz,0.09139683097600937,0.3023190880113417,0.17159748077392578,22.52873420715332,12.787395477294922,21.247894287109375,"[0, 1, 2, 3, 4, 5, 6, 7, 8, 9, 10, 11, 12, 13, 14, 15, 16, 17]","{""d_ff"": 256, ""d_model"": 128, ""n_heads"": 16, ""n_layers"": 3}",,,,,,24,1,experiments/results/baselines/beijing/24h_1h,False,beijing,,True
multi_tst_default,multi_tst,2050,completed,22,0.0992432013154029,11.994665147998605,0.0306083189934724,test,404481,404481,C,default,default,18,,predictions/multi_tst_default_seed2050.npz,0.09750436991453171,0.3122568973049782,0.18297141790390015,23.26929473876953,13.634978294372559,22.39764404296875,"[0, 1, 2, 3, 4, 5, 6, 7, 8, 9, 10, 11, 12, 13, 14, 15, 16, 17]","{""d_ff"": 256, ""d_model"": 128, ""n_heads"": 16, ""n_layers"": 3}",,,,,,24,1,experiments/results/baselines/beijing/24h_1h,False,beijing,,True
multi_tst_default,multi_tst,2051,completed,17,0.0970117300748825,9.868458649987588,0.0305565200105775,test,404481,404481,C,default,default,18,,predictions/multi_tst_default_seed2051.npz,0.09383968263864517,0.30633263397595295,0.1738905906677246,22.827821731567383,12.95827579498291,21.598636627197266,"[0, 1, 2, 3, 4, 5, 6, 7, 8, 9, 10, 11, 12, 13, 14, 15, 16, 17]","{""d_ff"": 256, ""d_model"": 128, ""n_heads"": 16, ""n_layers"": 3}",,,,,,24,1,experiments/results/baselines/beijing/24h_1h,False,beijing,,True
multi_gru_default,multi_gru,2047,completed,16,0.0891484171152114,3.5324709609994898,0.0094048070022836,test,36101,36101,C,default,default,18,,predictions/multi_gru_default_seed2047.npz,0.06890016049146652,0.26248840067985196,0.13072846829891205,19.56056022644043,9.74184799194336,16.541807174682617,"[0, 1, 2, 3, 4, 5, 6, 7, 8, 9, 10, 11, 12, 13, 14, 15, 16, 17]","{""hidden_size"": 100}",,,,,,24,1,experiments/results/baselines/beijing/24h_1h,False,beijing,,True
multi_gru_default,multi_gru,2048,completed,26,0.0851177051663398,5.172013452989631,0.0094717759930063,test,36101,36101,C,default,default,18,,predictions/multi_gru_default_seed2048.npz,0.0732036679983139,0.2705617637403961,0.1336333453655243,20.162185668945312,9.958318710327148,17.899728775024414,"[0, 1, 2, 3, 4, 5, 6, 7, 8, 9, 10, 11, 12, 13, 14, 15, 16, 17]","{""hidden_size"": 100}",,,,,,24,1,experiments/results/baselines/beijing/24h_1h,False,beijing,,True
multi_gru_default,multi_gru,2049,completed,26,0.0860506445169448,5.133915754006011,0.0099521079973783,test,36101,36101,C,default,default,18,,predictions/multi_gru_default_seed2049.npz,0.07139459997415543,0.26719767958228124,0.13347728550434113,19.911495208740234,9.946688652038574,16.928985595703125,"[0, 1, 2, 3, 4, 5, 6, 7, 8, 9, 10, 11, 12, 13, 14, 15, 16, 17]","{""hidden_size"": 100}",,,,,,24,1,experiments/results/baselines/beijing/24h_1h,False,beijing,,True
multi_gru_default,multi_gru,2050,completed,16,0.0853173434734344,3.546549047008739,0.009491100005107,test,36101,36101,C,default,default,18,,predictions/multi_gru_default_seed2050.npz,0.06852232664823532,0.2617676959600541,0.13079506158828735,19.506853103637695,9.746810913085938,16.596498489379883,"[0, 1, 2, 3, 4, 5, 6, 7, 8, 9, 10, 11, 12, 13, 14, 15, 16, 17]","{""hidden_size"": 100}",,,,,,24,1,experiments/results/baselines/beijing/24h_1h,False,beijing,,True
multi_gru_default,multi_gru,2051,completed,37,0.0842080116271972,6.029552940992289,0.0095201030053431,test,36101,36101,C,default,default,18,,predictions/multi_gru_default_seed2051.npz,0.0707956850528717,0.2660745855072816,0.13365750014781952,19.827802658081055,9.960119247436523,16.821125030517578,"[0, 1, 2, 3, 4, 5, 6, 7, 8, 9, 10, 11, 12, 13, 14, 15, 16, 17]","{""hidden_size"": 100}",,,,,,24,1,experiments/results/baselines/beijing/24h_1h,False,beijing,,True
center_mlp_matched,center_mlp,2047,completed,2,0.163958340883255,0.3219663009949727,0.0013427730009425,test,21217,21217,B,matched,matched,1,,predictions/center_mlp_matched_seed2047.npz,0.11289433389902115,0.3359975206739198,0.18903690576553345,25.03843879699707,14.086977005004883,24.55370330810547,[9],"{""layers"": [816], ""ps"": [0.1]}",,,,,,24,1,experiments/results/baselines/beijing/24h_1h,False,beijing,,True
center_mlp_matched,center_mlp,2048,completed,7,0.1643875986337661,0.4832268969912547,0.0013368530053412,test,21217,21217,B,matched,matched,1,,predictions/center_mlp_matched_seed2048.npz,0.11044922471046448,0.3323390207460816,0.18648049235343933,24.765810012817383,13.896472930908203,22.797590255737305,[9],"{""layers"": [816], ""ps"": [0.1]}",,,,,,24,1,experiments/results/baselines/beijing/24h_1h,False,beijing,,True
center_mlp_matched,center_mlp,2049,completed,2,0.1531077772378921,0.3195051539951237,0.0013276530080474,test,21217,21217,B,matched,matched,1,,predictions/center_mlp_matched_seed2049.npz,0.10663659870624542,0.3265525971512789,0.1843527853488922,24.33460807800293,13.737915992736816,23.682283401489258,[9],"{""layers"": [816], ""ps"": [0.1]}",,,,,,24,1,experiments/results/baselines/beijing/24h_1h,False,beijing,,True
center_mlp_matched,center_mlp,2050,completed,9,0.1634560674428939,0.5432891710079275,0.0014442880055867,test,21217,21217,B,matched,matched,1,,predictions/center_mlp_matched_seed2050.npz,0.11453787982463837,0.33843445425168867,0.1900862604379654,25.22003936767578,14.165173530578613,23.016605377197266,[9],"{""layers"": [816], ""ps"": [0.1]}",,,,,,24,1,experiments/results/baselines/beijing/24h_1h,False,beijing,,True
center_mlp_matched,center_mlp,2051,completed,15,0.1577431261539459,0.8631655609933659,0.0014019600057508,test,21217,21217,B,matched,matched,1,,predictions/center_mlp_matched_seed2051.npz,0.11024452745914459,0.3320309134088942,0.18505647778511047,24.742849349975586,13.790356636047363,22.997270584106445,[9],"{""layers"": [816], ""ps"": [0.1]}",,,,,,24,1,experiments/results/baselines/beijing/24h_1h,False,beijing,,True
center_gru_matched,center_gru,2047,completed,23,0.0996033698320388,4.334470146000967,0.0085883150022709,test,20993,20993,B,matched,matched,1,,predictions/center_gru_matched_seed2047.npz,0.0828699916601181,0.28787148462485496,0.1350717693567276,21.452102661132812,10.065509796142578,17.084930419921875,[9],"{""hidden_size"": 82}",,,,,,24,1,experiments/results/baselines/beijing/24h_1h,False,beijing,,True
center_gru_matched,center_gru,2048,completed,37,0.0985217913985252,5.703357862992561,0.0085955480026314,test,20993,20993,B,matched,matched,1,,predictions/center_gru_matched_seed2048.npz,0.08189118653535843,0.2861663616418925,0.1327516883611679,21.325037002563477,9.892618179321289,16.28583526611328,[9],"{""hidden_size"": 82}",,,,,,24,1,experiments/results/baselines/beijing/24h_1h,False,beijing,,True
center_gru_matched,center_gru,2049,completed,33,0.0986286848783493,5.711491228998057,0.0086423589964397,test,20993,20993,B,matched,matched,1,,predictions/center_gru_matched_seed2049.npz,0.081193707883358,0.28494509626129383,0.13520684838294983,21.234027862548828,10.075576782226562,17.166156768798828,[9],"{""hidden_size"": 82}",,,,,,24,1,experiments/results/baselines/beijing/24h_1h,False,beijing,,True
center_gru_matched,center_gru,2050,completed,28,0.0984107032418251,5.015261648994056,0.0087412470020353,test,20993,20993,B,matched,matched,1,,predictions/center_gru_matched_seed2050.npz,0.08129657804965973,0.2851255478726165,0.13156260550022125,21.247474670410156,9.804008483886719,15.885688781738281,[9],"{""hidden_size"": 82}",,,,,,24,1,experiments/results/baselines/beijing/24h_1h,False,beijing,,True
center_gru_matched,center_gru,2051,completed,36,0.0982079580426216,5.710061334990314,0.0086303840071195,test,20993,20993,B,matched,matched,1,,predictions/center_gru_matched_seed2051.npz,0.07945834845304489,0.28188357251362645,0.1344383805990219,21.005882263183594,10.018309593200684,17.062700271606445,[9],"{""hidden_size"": 82}",,,,,,24,1,experiments/results/baselines/beijing/24h_1h,False,beijing,,True
center_lstm_matched,center_lstm,2047,completed,28,0.0975752398371696,3.120188116998179,0.0096470239950576,test,21088,21088,B,matched,matched,1,,predictions/center_lstm_matched_seed2047.npz,0.07800310105085373,0.2792903525918032,0.13315387070178986,20.812637329101562,9.922589302062988,16.309703826904297,[9],"{""hidden_size"": 71}",,,,,,24,1,experiments/results/baselines/beijing/24h_1h,False,beijing,,True
center_lstm_matched,center_lstm,2048,completed,35,0.0974127873778343,3.583076852999511,0.0066164099989691,test,21088,21088,B,matched,matched,1,,predictions/center_lstm_matched_seed2048.npz,0.07727467268705368,0.2779832237510992,0.13345028460025787,20.71523094177246,9.944676399230957,16.576162338256836,[9],"{""hidden_size"": 71}",,,,,,24,1,experiments/results/baselines/beijing/24h_1h,False,beijing,,True
center_lstm_matched,center_lstm,2049,completed,31,0.0972573086619377,3.5029331169935176,0.0065279550035484,test,21088,21088,B,matched,matched,1,,predictions/center_lstm_matched_seed2049.npz,0.07787134498357773,0.2790543763920891,0.13208742439746857,20.79505157470703,9.843116760253906,16.073707580566406,[9],"{""hidden_size"": 71}",,,,,,24,1,experiments/results/baselines/beijing/24h_1h,False,beijing,,True
center_lstm_matched,center_lstm,2050,completed,28,0.0978988632559776,3.115647960003116,0.0065623639966361,test,21088,21088,B,matched,matched,1,,predictions/center_lstm_matched_seed2050.npz,0.07810556888580322,0.27947373559210037,0.1323796808719635,20.826303482055664,9.864896774291992,16.187896728515625,[9],"{""hidden_size"": 71}",,,,,,24,1,experiments/results/baselines/beijing/24h_1h,False,beijing,,True
center_lstm_matched,center_lstm,2051,completed,35,0.0976743847131729,3.6006674810050754,0.0066449720034142,test,21088,21088,B,matched,matched,1,,predictions/center_lstm_matched_seed2051.npz,0.07943619042634964,0.2818442662648109,0.1326073408126831,21.00295639038086,9.881860733032227,15.763577461242676,[9],"{""hidden_size"": 71}",,,,,,24,1,experiments/results/baselines/beijing/24h_1h,False,beijing,,True
center_tcn_matched,center_tcn,2047,completed,40,0.132259652018547,42.87104973600072,0.1366073439858155,test,20737,20737,B,matched,matched,1,,predictions/center_tcn_matched_seed2047.npz,0.11234349012374878,0.33517680427462276,0.17294646799564362,24.97728157043457,12.887921333312988,20.631240844726562,[9],"{""ks"": 5, ""layers"": [24, 24, 24, 24]}",,,,,,24,1,experiments/results/baselines/beijing/24h_1h,False,beijing,,True
center_tcn_matched,center_tcn,2048,completed,38,0.1370640248060226,42.49776777300576,0.0893422000081045,test,20737,20737,B,matched,matched,1,,predictions/center_tcn_matched_seed2048.npz,0.1058943048119545,0.3254140513437527,0.17003807425498962,24.2497615814209,12.671189308166504,21.162715911865234,[9],"{""ks"": 5, ""layers"": [24, 24, 24, 24]}",,,,,,24,1,experiments/results/baselines/beijing/24h_1h,False,beijing,,True
center_tcn_matched,center_tcn,2049,completed,38,0.1459426134824752,42.25198259900208,0.089353924995521,test,20737,20737,B,matched,matched,1,,predictions/center_tcn_matched_seed2049.npz,0.10997508466243744,0.33162491562371704,0.17711444199085236,24.712594985961914,13.198516845703125,21.413475036621094,[9],"{""ks"": 5, ""layers"": [24, 24, 24, 24]}",,,,,,24,1,experiments/results/baselines/beijing/24h_1h,False,beijing,,True
center_tcn_matched,center_tcn,2050,completed,39,0.1597358137369156,42.29805347100773,0.0892131339933257,test,20737,20737,B,matched,matched,1,,predictions/center_tcn_matched_seed2050.npz,0.12581458687782288,0.35470351968626257,0.1994483321905136,26.432403564453125,14.862833976745605,25.527084350585938,[9],"{""ks"": 5, ""layers"": [24, 24, 24, 24]}",,,,,,24,1,experiments/results/baselines/beijing/24h_1h,False,beijing,,True
center_tcn_matched,center_tcn,2051,completed,38,0.1378711462020874,42.51496627199231,0.0889998339989688,test,20737,20737,B,matched,matched,1,,predictions/center_tcn_matched_seed2051.npz,0.11510784178972244,0.3392754659413534,0.18176186084747314,25.282711029052734,13.544841766357422,22.84873390197754,[9],"{""ks"": 5, ""layers"": [24, 24, 24, 24]}",,,,,,24,1,experiments/results/baselines/beijing/24h_1h,False,beijing,,True
center_resnet_matched,center_resnet,2047,completed,4,0.0999814122915268,2.59985358499398,0.0187164829985704,test,478337,478337,B,matched,matched_nearest,1,,predictions/center_resnet_matched_seed2047.npz,0.08436949551105499,0.29046427579145595,0.15113240480422974,21.645313262939453,11.262344360351562,18.4874210357666,[9],"{""library_fixed"": true}",,,,,,24,1,experiments/results/baselines/beijing/24h_1h,False,beijing,,True
center_resnet_matched,center_resnet,2048,completed,9,0.102938637137413,3.836498844000744,0.0189779270003782,test,478337,478337,B,matched,matched_nearest,1,,predictions/center_resnet_matched_seed2048.npz,0.08108147233724594,0.28474808574816785,0.14374671876430511,21.219345092773438,10.711965560913086,18.181699752807617,[9],"{""library_fixed"": true}",,,,,,24,1,experiments/results/baselines/beijing/24h_1h,False,beijing,,True
center_resnet_matched,center_resnet,2049,completed,4,0.1030559465289115,2.599312178004766,0.0187490560056176,test,478337,478337,B,matched,matched_nearest,1,,predictions/center_resnet_matched_seed2049.npz,0.08888869732618332,0.2981420757393752,0.15357065200805664,22.21746253967285,11.44404125213623,19.21759033203125,[9],"{""library_fixed"": true}",,,,,,24,1,experiments/results/baselines/beijing/24h_1h,False,beijing,,True
center_resnet_matched,center_resnet,2050,completed,6,0.1026022508740425,3.021385280007962,0.01875141900382,test,478337,478337,B,matched,matched_nearest,1,,predictions/center_resnet_matched_seed2050.npz,0.08679749816656113,0.29461415133452284,0.1540815383195877,21.95456314086914,11.482111930847168,18.899089813232422,[9],"{""library_fixed"": true}",,,,,,24,1,experiments/results/baselines/beijing/24h_1h,False,beijing,,True
center_resnet_matched,center_resnet,2051,completed,9,0.1014448702335357,3.667617892991984,0.0186796039924956,test,478337,478337,B,matched,matched_nearest,1,,predictions/center_resnet_matched_seed2051.npz,0.08377932757139206,0.2894465884604482,0.14485342800617218,21.569477081298828,10.794435501098633,17.646751403808594,[9],"{""library_fixed"": true}",,,,,,24,1,experiments/results/baselines/beijing/24h_1h,False,beijing,,True
center_tst_matched,center_tst,2047,completed,24,0.1076241731643676,6.010076464008307,0.0064169329998549,test,20609,20609,B,matched,matched,1,,predictions/center_tst_matched_seed2047.npz,0.08306729048490524,0.2882139664986852,0.15605615079402924,21.477622985839844,11.62926197052002,21.935808181762695,[9],"{""d_ff"": 32, ""d_model"": 32, ""n_heads"": 1, ""n_layers"": 3}",,,,,,24,1,experiments/results/baselines/beijing/24h_1h,False,beijing,,True
center_tst_matched,center_tst,2048,completed,8,0.1167548298835754,2.939506552007515,0.006274048006162,test,20609,20609,B,matched,matched,1,,predictions/center_tst_matched_seed2048.npz,0.08844423294067383,0.2973957513830247,0.16532787680625916,22.161846160888672,12.320186614990234,23.740764617919922,[9],"{""d_ff"": 32, ""d_model"": 32, ""n_heads"": 1, ""n_layers"": 3}",,,,,,24,1,experiments/results/baselines/beijing/24h_1h,False,beijing,,True
center_tst_matched,center_tst,2049,completed,16,0.1116931140422821,4.5378862759971526,0.006321217995719,test,20609,20609,B,matched,matched,1,,predictions/center_tst_matched_seed2049.npz,0.08717158436775208,0.2952483435478548,0.15309889614582062,22.001821517944336,11.408885955810547,18.2208251953125,[9],"{""d_ff"": 32, ""d_model"": 32, ""n_heads"": 1, ""n_layers"": 3}",,,,,,24,1,experiments/results/baselines/beijing/24h_1h,False,beijing,,True
center_tst_matched,center_tst,2050,completed,19,0.1127520874142646,4.914585967999301,0.0063276279979618,test,20609,20609,B,matched,matched,1,,predictions/center_tst_matched_seed2050.npz,0.08556433022022247,0.292513812016155,0.16620585322380066,21.798046112060547,12.385612487792969,23.894062042236328,[9],"{""d_ff"": 32, ""d_model"": 32, ""n_heads"": 1, ""n_layers"": 3}",,,,,,24,1,experiments/results/baselines/beijing/24h_1h,False,beijing,,True
center_tst_matched,center_tst,2051,completed,23,0.1075528040528297,5.651487478986383,0.0062880710029276,test,20609,20609,B,matched,matched,1,,predictions/center_tst_matched_seed2051.npz,0.0843753069639206,0.2904742793500323,0.14619646966457367,21.64606285095215,10.894519805908203,18.507713317871094,[9],"{""d_ff"": 32, ""d_model"": 32, ""n_heads"": 1, ""n_layers"": 3}",,,,,,24,1,experiments/results/baselines/beijing/24h_1h,False,beijing,,True
plain_mix_patchtst_all_matched,plain_mix_patchtst_all,2047,completed,5,0.4815766215324402,2.094688365003094,0.0120593180035939,test,17287,17284,C,matched,matched,18,,predictions/plain_mix_patchtst_all_matched_seed2047.npz,0.24831637740135193,0.49831353323118965,0.36190006136894226,37.13418197631836,26.968687057495117,44.78896713256836,"[0, 1, 2, 3, 4, 5, 6, 7, 8, 9, 10, 11, 12, 13, 14, 15, 16, 17]","{""c_in"": 1, ""c_out"": 1, ""d_ff"": 128, ""d_model"": 16, ""dropout"": 0.2, ""n_heads"": 4, ""n_layers"": 3, ""padding_patch"": true, ""patch_len"": 4, ""pred_dim"": 1, ""seq_len"": 24, ""station_mixer"": ""Conv1d(S,32,1)-GELU-Conv1d(32,1,1)"", ""stride"": 2}",,,,,,24,1,experiments/results/baselines/beijing/24h_1h,False,beijing,,True
plain_mix_patchtst_all_matched,plain_mix_patchtst_all,2048,completed,8,0.5173665881156921,2.746677817995078,0.0120345199975417,test,17287,17284,C,matched,matched,18,,predictions/plain_mix_patchtst_all_matched_seed2048.npz,0.28577783703804016,0.534581927339524,0.4168645739555359,39.83689498901367,31.06463050842285,50.011558532714844,"[0, 1, 2, 3, 4, 5, 6, 7, 8, 9, 10, 11, 12, 13, 14, 15, 16, 17]","{""c_in"": 1, ""c_out"": 1, ""d_ff"": 128, ""d_model"": 16, ""dropout"": 0.2, ""n_heads"": 4, ""n_layers"": 3, ""padding_patch"": true, ""patch_len"": 4, ""pred_dim"": 1, ""seq_len"": 24, ""station_mixer"": ""Conv1d(S,32,1)-GELU-Conv1d(32,1,1)"", ""stride"": 2}",,,,,,24,1,experiments/results/baselines/beijing/24h_1h,False,beijing,,True
plain_mix_patchtst_all_matched,plain_mix_patchtst_all,2049,completed,7,0.5739356279373169,2.406573650994688,0.0120349810022162,test,17287,17284,C,matched,matched,18,,predictions/plain_mix_patchtst_all_matched_seed2049.npz,0.3076219856739044,0.5546368051922848,0.4262823760509491,41.33137512207031,31.766443252563477,49.46292495727539,"[0, 1, 2, 3, 4, 5, 6, 7, 8, 9, 10, 11, 12, 13, 14, 15, 16, 17]","{""c_in"": 1, ""c_out"": 1, ""d_ff"": 128, ""d_model"": 16, ""dropout"": 0.2, ""n_heads"": 4, ""n_layers"": 3, ""padding_patch"": true, ""patch_len"": 4, ""pred_dim"": 1, ""seq_len"": 24, ""station_mixer"": ""Conv1d(S,32,1)-GELU-Conv1d(32,1,1)"", ""stride"": 2}",,,,,,24,1,experiments/results/baselines/beijing/24h_1h,False,beijing,,True
plain_mix_patchtst_all_matched,plain_mix_patchtst_all,2050,completed,1,1.5603595972061155,1.440901366993785,0.0120765799947548,test,17287,17284,C,matched,matched,18,,predictions/plain_mix_patchtst_all_matched_seed2050.npz,0.732327401638031,0.8557612994509807,0.6123775839805603,63.77108383178711,45.63420104980469,60.76988983154297,"[0, 1, 2, 3, 4, 5, 6, 7, 8, 9, 10, 11, 12, 13, 14, 15, 16, 17]","{""c_in"": 1, ""c_out"": 1, ""d_ff"": 128, ""d_model"": 16, ""dropout"": 0.2, ""n_heads"": 4, ""n_layers"": 3, ""padding_patch"": true, ""patch_len"": 4, ""pred_dim"": 1, ""seq_len"": 24, ""station_mixer"": ""Conv1d(S,32,1)-GELU-Conv1d(32,1,1)"", ""stride"": 2}",,,,,,24,1,experiments/results/baselines/beijing/24h_1h,False,beijing,,True
plain_mix_patchtst_all_matched,plain_mix_patchtst_all,2051,completed,2,0.2722222208976745,1.6034252339886734,0.0121078499942086,test,17287,17284,C,matched,matched,18,,predictions/plain_mix_patchtst_all_matched_seed2051.npz,0.19200456142425537,0.43818325096271693,0.324522465467453,32.653289794921875,24.183320999145508,64.57969665527344,"[0, 1, 2, 3, 4, 5, 6, 7, 8, 9, 10, 11, 12, 13, 14, 15, 16, 17]","{""c_in"": 1, ""c_out"": 1, ""d_ff"": 128, ""d_model"": 16, ""dropout"": 0.2, ""n_heads"": 4, ""n_layers"": 3, ""padding_patch"": true, ""patch_len"": 4, ""pred_dim"": 1, ""seq_len"": 24, ""station_mixer"": ""Conv1d(S,32,1)-GELU-Conv1d(32,1,1)"", ""stride"": 2}",,,,,,24,1,experiments/results/baselines/beijing/24h_1h,False,beijing,,True
plain_mix_patchtst_top5_matched,plain_mix_patchtst_top5,2047,completed,2,1.524444580078125,1.7490551740047522,0.0126684829883743,test,16903,16900,C,matched,matched_nearest,6,,predictions/plain_mix_patchtst_top5_matched_seed2047.npz,0.7529466152191162,0.8677249651929557,0.6349767446517944,64.66261291503906,47.31828308105469,63.337158203125,"[9, 14, 11, 16, 15, 4]","{""c_in"": 1, ""c_out"": 1, ""d_ff"": 128, ""d_model"": 16, ""dropout"": 0.2, ""n_heads"": 4, ""n_layers"": 3, ""padding_patch"": true, ""patch_len"": 4, ""pred_dim"": 1, ""seq_len"": 24, ""station_mixer"": ""Conv1d(S,32,1)-GELU-Conv1d(32,1,1)"", ""stride"": 2}",,,,,,24,1,experiments/results/baselines/beijing/24h_1h,False,beijing,,True
plain_mix_patchtst_top5_matched,plain_mix_patchtst_top5,2048,completed,14,0.1862466782331466,3.554284569996525,0.012035563995596,test,16903,16900,C,matched,matched_nearest,6,,predictions/plain_mix_patchtst_top5_matched_seed2048.npz,0.26229679584503174,0.5121491929555603,0.2875233590602875,38.16521453857422,21.426156997680664,29.916793823242188,"[9, 14, 11, 16, 15, 4]","{""c_in"": 1, ""c_out"": 1, ""d_ff"": 128, ""d_model"": 16, ""dropout"": 0.2, ""n_heads"": 4, ""n_layers"": 3, ""padding_patch"": true, ""patch_len"": 4, ""pred_dim"": 1, ""seq_len"": 24, ""station_mixer"": ""Conv1d(S,32,1)-GELU-Conv1d(32,1,1)"", ""stride"": 2}",,,,,,24,1,experiments/results/baselines/beijing/24h_1h,False,beijing,,True
plain_mix_patchtst_top5_matched,plain_mix_patchtst_top5,2049,completed,10,1.228864669799805,2.8926018950005528,0.0119815660000313,test,16903,16900,C,matched,matched_nearest,6,,predictions/plain_mix_patchtst_top5_matched_seed2049.npz,0.59111487865448,0.7688399564632941,0.581580638885498,57.293731689453125,43.3392219543457,59.66425704956055,"[9, 14, 11, 16, 15, 4]","{""c_in"": 1, ""c_out"": 1, ""d_ff"": 128, ""d_model"": 16, ""dropout"": 0.2, ""n_heads"": 4, ""n_layers"": 3, ""padding_patch"": true, ""patch_len"": 4, ""pred_dim"": 1, ""seq_len"": 24, ""station_mixer"": ""Conv1d(S,32,1)-GELU-Conv1d(32,1,1)"", ""stride"": 2}",,,,,,24,1,experiments/results/baselines/beijing/24h_1h,False,beijing,,True
plain_mix_patchtst_top5_matched,plain_mix_patchtst_top5,2050,completed,6,0.8358516693115234,2.3954605009930674,0.0123002879990963,test,16903,16900,C,matched,matched_nearest,6,,predictions/plain_mix_patchtst_top5_matched_seed2050.npz,0.595626711845398,0.7717685610630935,0.6245578527450562,57.5119743347168,46.54187774658203,63.56614685058594,"[9, 14, 11, 16, 15, 4]","{""c_in"": 1, ""c_out"": 1, ""d_ff"": 128, ""d_model"": 16, ""dropout"": 0.2, ""n_heads"": 4, ""n_layers"": 3, ""padding_patch"": true, ""patch_len"": 4, ""pred_dim"": 1, ""seq_len"": 24, ""station_mixer"": ""Conv1d(S,32,1)-GELU-Conv1d(32,1,1)"", ""stride"": 2}",,,,,,24,1,experiments/results/baselines/beijing/24h_1h,False,beijing,,True
plain_mix_patchtst_top5_matched,plain_mix_patchtst_top5,2051,completed,2,1.0758395195007324,1.6138052070018605,0.0120929340046131,test,16903,16900,C,matched,matched_nearest,6,,predictions/plain_mix_patchtst_top5_matched_seed2051.npz,0.5038825273513794,0.7098468337263888,0.4657500684261322,52.8975830078125,34.70756149291992,45.8377799987793,"[9, 14, 11, 16, 15, 4]","{""c_in"": 1, ""c_out"": 1, ""d_ff"": 128, ""d_model"": 16, ""dropout"": 0.2, ""n_heads"": 4, ""n_layers"": 3, ""padding_patch"": true, ""patch_len"": 4, ""pred_dim"": 1, ""seq_len"": 24, ""station_mixer"": ""Conv1d(S,32,1)-GELU-Conv1d(32,1,1)"", ""stride"": 2}",,,,,,24,1,experiments/results/baselines/beijing/24h_1h,False,beijing,,True
patchtst_ci_all_matched,patchtst_ci_all,2047,completed,31,0.102051705121994,75.66714318899903,0.1452978169982088,test,16680,16677,C,matched,matched_nearest,18,,predictions/patchtst_ci_all_matched_seed2047.npz,0.08192373812198639,0.2862232312758459,0.13557009398937225,21.329275131225586,10.102643966674805,16.685062408447266,"[0, 1, 2, 3, 4, 5, 6, 7, 8, 9, 10, 11, 12, 13, 14, 15, 16, 17]","{""c_in"": 18, ""c_out"": 1, ""d_ff"": 128, ""d_model"": 16, ""dropout"": 0.2, ""n_heads"": 4, ""n_layers"": 3, ""padding_patch"": true, ""patch_len"": 4, ""pred_dim"": 1, ""seq_len"": 24, ""stride"": 2}",,,,,,24,1,experiments/results/baselines/beijing/24h_1h,False,beijing,,True
patchtst_ci_all_matched,patchtst_ci_all,2048,completed,38,0.1013225689530372,77.82871790300123,0.1452844250015914,test,16680,16677,C,matched,matched_nearest,18,,predictions/patchtst_ci_all_matched_seed2048.npz,0.08311536908149719,0.2882973622520629,0.13332930207252502,21.483837127685547,9.935662269592285,15.879972457885742,"[0, 1, 2, 3, 4, 5, 6, 7, 8, 9, 10, 11, 12, 13, 14, 15, 16, 17]","{""c_in"": 18, ""c_out"": 1, ""d_ff"": 128, ""d_model"": 16, ""dropout"": 0.2, ""n_heads"": 4, ""n_layers"": 3, ""padding_patch"": true, ""patch_len"": 4, ""pred_dim"": 1, ""seq_len"": 24, ""stride"": 2}",,,,,,24,1,experiments/results/baselines/beijing/24h_1h,False,beijing,,True
patchtst_ci_all_matched,patchtst_ci_all,2049,completed,40,0.1016377955675125,77.79950893099885,0.1449833410006249,test,16680,16677,C,matched,matched_nearest,18,,predictions/patchtst_ci_all_matched_seed2049.npz,0.08281102776527405,0.28776905282756526,0.1344580501317978,21.444467544555664,10.019777297973633,16.00151824951172,"[0, 1, 2, 3, 4, 5, 6, 7, 8, 9, 10, 11, 12, 13, 14, 15, 16, 17]","{""c_in"": 18, ""c_out"": 1, ""d_ff"": 128, ""d_model"": 16, ""dropout"": 0.2, ""n_heads"": 4, ""n_layers"": 3, ""padding_patch"": true, ""patch_len"": 4, ""pred_dim"": 1, ""seq_len"": 24, ""stride"": 2}",,,,,,24,1,experiments/results/baselines/beijing/24h_1h,False,beijing,,True
patchtst_ci_all_matched,patchtst_ci_all,2050,completed,16,0.1037511676549911,46.57895643501252,0.1444516760093392,test,16680,16677,C,matched,matched_nearest,18,,predictions/patchtst_ci_all_matched_seed2050.npz,0.08398208767175674,0.28979663157420715,0.13585466146469116,21.595563888549805,10.123851776123047,16.3588809967041,"[0, 1, 2, 3, 4, 5, 6, 7, 8, 9, 10, 11, 12, 13, 14, 15, 16, 17]","{""c_in"": 18, ""c_out"": 1, ""d_ff"": 128, ""d_model"": 16, ""dropout"": 0.2, ""n_heads"": 4, ""n_layers"": 3, ""padding_patch"": true, ""patch_len"": 4, ""pred_dim"": 1, ""seq_len"": 24, ""stride"": 2}",,,,,,24,1,experiments/results/baselines/beijing/24h_1h,False,beijing,,True
patchtst_ci_all_matched,patchtst_ci_all,2051,completed,24,0.1015721634030342,62.288872121003806,0.1453671519993804,test,16680,16677,C,matched,matched_nearest,18,,predictions/patchtst_ci_all_matched_seed2051.npz,0.08204299211502075,0.2864314789177697,0.13365237414836884,21.34479331970215,9.959737777709961,16.03917694091797,"[0, 1, 2, 3, 4, 5, 6, 7, 8, 9, 10, 11, 12, 13, 14, 15, 16, 17]","{""c_in"": 18, ""c_out"": 1, ""d_ff"": 128, ""d_model"": 16, ""dropout"": 0.2, ""n_heads"": 4, ""n_layers"": 3, ""padding_patch"": true, ""patch_len"": 4, ""pred_dim"": 1, ""seq_len"": 24, ""stride"": 2}",,,,,,24,1,experiments/results/baselines/beijing/24h_1h,False,beijing,,True
patchtst_ci_top5_matched,patchtst_ci_top5,2047,completed,40,0.1008093208074569,25.6109904699988,0.0495782240031985,test,16656,16653,C,matched,matched_nearest,6,,predictions/patchtst_ci_top5_matched_seed2047.npz,0.08131452649831772,0.28515702077683047,0.1363605409860611,21.249818801879883,10.161548614501953,16.624897003173828,"[9, 14, 11, 16, 15, 4]","{""c_in"": 6, ""c_out"": 1, ""d_ff"": 128, ""d_model"": 16, ""dropout"": 0.2, ""n_heads"": 4, ""n_layers"": 3, ""padding_patch"": true, ""patch_len"": 4, ""pred_dim"": 1, ""seq_len"": 24, ""stride"": 2}",,,,,,24,1,experiments/results/baselines/beijing/24h_1h,False,beijing,,True
patchtst_ci_top5_matched,patchtst_ci_top5,2048,completed,24,0.1019143611192703,20.27824503699958,0.0494420619943412,test,16656,16653,C,matched,matched_nearest,6,,predictions/patchtst_ci_top5_matched_seed2048.npz,0.08362533152103424,0.28918044802689247,0.1339525580406189,21.549646377563477,9.982107162475586,15.904808044433594,"[9, 14, 11, 16, 15, 4]","{""c_in"": 6, ""c_out"": 1, ""d_ff"": 128, ""d_model"": 16, ""dropout"": 0.2, ""n_heads"": 4, ""n_layers"": 3, ""padding_patch"": true, ""patch_len"": 4, ""pred_dim"": 1, ""seq_len"": 24, ""stride"": 2}",,,,,,24,1,experiments/results/baselines/beijing/24h_1h,False,beijing,,True
patchtst_ci_top5_matched,patchtst_ci_top5,2049,completed,34,0.101560965180397,25.59043505199952,0.049588465000852,test,16656,16653,C,matched,matched_nearest,6,,predictions/patchtst_ci_top5_matched_seed2049.npz,0.0819053128361702,0.28619104255054906,0.13375826179981232,21.326875686645508,9.967628479003906,15.957868576049805,"[9, 14, 11, 16, 15, 4]","{""c_in"": 6, ""c_out"": 1, ""d_ff"": 128, ""d_model"": 16, ""dropout"": 0.2, ""n_heads"": 4, ""n_layers"": 3, ""padding_patch"": true, ""patch_len"": 4, ""pred_dim"": 1, ""seq_len"": 24, ""stride"": 2}",,,,,,24,1,experiments/results/baselines/beijing/24h_1h,False,beijing,,True
patchtst_ci_top5_matched,patchtst_ci_top5,2050,completed,15,0.104393221437931,14.59224329899007,0.0495838950009783,test,16656,16653,C,matched,matched_nearest,6,,predictions/patchtst_ci_top5_matched_seed2050.npz,0.08512841910123825,0.29176774856251375,0.1372123658657074,21.742450714111328,10.225027084350586,16.501375198364258,"[9, 14, 11, 16, 15, 4]","{""c_in"": 6, ""c_out"": 1, ""d_ff"": 128, ""d_model"": 16, ""dropout"": 0.2, ""n_heads"": 4, ""n_layers"": 3, ""padding_patch"": true, ""patch_len"": 4, ""pred_dim"": 1, ""seq_len"": 24, ""stride"": 2}",,,,,,24,1,experiments/results/baselines/beijing/24h_1h,False,beijing,,True
patchtst_ci_top5_matched,patchtst_ci_top5,2051,completed,34,0.1012692078948021,25.58206013799645,0.0494459139881655,test,16656,16653,C,matched,matched_nearest,6,,predictions/patchtst_ci_top5_matched_seed2051.npz,0.08185850083827972,0.28610924633482177,0.13457757234573364,21.320777893066406,10.028680801391602,15.930599212646484,"[9, 14, 11, 16, 15, 4]","{""c_in"": 6, ""c_out"": 1, ""d_ff"": 128, ""d_model"": 16, ""dropout"": 0.2, ""n_heads"": 4, ""n_layers"": 3, ""padding_patch"": true, ""patch_len"": 4, ""pred_dim"": 1, ""seq_len"": 24, ""stride"": 2}",,,,,,24,1,experiments/results/baselines/beijing/24h_1h,False,beijing,,True
multi_tst_matched,multi_tst,2047,completed,17,0.100891426205635,4.804506799002411,0.0063225810008589,test,21153,21153,C,matched,matched,18,,predictions/multi_tst_matched_seed2047.npz,0.09838468581438065,0.31366333195702145,0.17384988069534302,23.374101638793945,12.955243110656738,22.08133888244629,"[0, 1, 2, 3, 4, 5, 6, 7, 8, 9, 10, 11, 12, 13, 14, 15, 16, 17]","{""d_ff"": 32, ""d_model"": 32, ""n_heads"": 1, ""n_layers"": 3}",,,,,,24,1,experiments/results/baselines/beijing/24h_1h,False,beijing,,True
multi_tst_matched,multi_tst,2048,completed,24,0.1015506982803344,5.904501790006179,0.0062896309973439,test,21153,21153,C,matched,matched,18,,predictions/multi_tst_matched_seed2048.npz,0.1020311787724495,0.31942319698551874,0.18610930442810059,23.80332374572754,13.868812561035156,23.56607437133789,"[0, 1, 2, 3, 4, 5, 6, 7, 8, 9, 10, 11, 12, 13, 14, 15, 16, 17]","{""d_ff"": 32, ""d_model"": 32, ""n_heads"": 1, ""n_layers"": 3}",,,,,,24,1,experiments/results/baselines/beijing/24h_1h,False,beijing,,True
multi_tst_matched,multi_tst,2049,completed,21,0.1021915525197982,5.484169539995492,0.0063692499970784,test,21153,21153,C,matched,matched,18,,predictions/multi_tst_matched_seed2049.npz,0.09797050058841705,0.3130023970969185,0.17900653183460236,23.32485008239746,13.339515686035156,23.52825164794922,"[0, 1, 2, 3, 4, 5, 6, 7, 8, 9, 10, 11, 12, 13, 14, 15, 16, 17]","{""d_ff"": 32, ""d_model"": 32, ""n_heads"": 1, ""n_layers"": 3}",,,,,,24,1,experiments/results/baselines/beijing/24h_1h,False,beijing,,True
multi_tst_matched,multi_tst,2050,completed,22,0.0976419672369957,5.67169861200091,0.0063995999953476,test,21153,21153,C,matched,matched,18,,predictions/multi_tst_matched_seed2050.npz,0.09081163257360458,0.30134968487390956,0.16515707969665527,22.456493377685547,12.307458877563477,21.23002052307129,"[0, 1, 2, 3, 4, 5, 6, 7, 8, 9, 10, 11, 12, 13, 14, 15, 16, 17]","{""d_ff"": 32, ""d_model"": 32, ""n_heads"": 1, ""n_layers"": 3}",,,,,,24,1,experiments/results/baselines/beijing/24h_1h,False,beijing,,True
multi_tst_matched,multi_tst,2051,completed,23,0.097655713558197,5.685674175998429,0.0063615410035708,test,21153,21153,C,matched,matched,18,,predictions/multi_tst_matched_seed2051.npz,0.11050592362880707,0.3324243126319239,0.18402351438999176,24.772167205810547,13.713379859924316,23.925661087036133,"[0, 1, 2, 3, 4, 5, 6, 7, 8, 9, 10, 11, 12, 13, 14, 15, 16, 17]","{""d_ff"": 32, ""d_model"": 32, ""n_heads"": 1, ""n_layers"": 3}",,,,,,24,1,experiments/results/baselines/beijing/24h_1h,False,beijing,,True
multi_gru_matched,multi_gru,2047,completed,18,0.0885809585452079,3.7764322470029583,0.0087409740081056,test,21451,21451,C,matched,matched,18,,predictions/multi_gru_matched_seed2047.npz,0.06836007535457611,0.26145759762258985,0.13650298118591309,19.483747482299805,10.172163009643555,18.136600494384766,"[0, 1, 2, 3, 4, 5, 6, 7, 8, 9, 10, 11, 12, 13, 14, 15, 16, 17]","{""hidden_size"": 75}",,,,,,24,1,experiments/results/baselines/beijing/24h_1h,False,beijing,,True
multi_gru_matched,multi_gru,2048,completed,29,0.0911105424165725,5.080666827998357,0.0086615959880873,test,21451,21451,C,matched,matched,18,,predictions/multi_gru_matched_seed2048.npz,0.07186613231897354,0.26807859354855906,0.13796260952949524,19.977140426635742,10.280935287475586,17.04277801513672,"[0, 1, 2, 3, 4, 5, 6, 7, 8, 9, 10, 11, 12, 13, 14, 15, 16, 17]","{""hidden_size"": 75}",,,,,,24,1,experiments/results/baselines/beijing/24h_1h,False,beijing,,True
multi_gru_matched,multi_gru,2049,completed,26,0.0887749344110488,4.845884517999366,0.0089045810018433,test,21451,21451,C,matched,matched,18,,predictions/multi_gru_matched_seed2049.npz,0.06968158483505249,0.26397269713940585,0.13307689130306244,19.671171188354492,9.916853904724121,17.037607192993164,"[0, 1, 2, 3, 4, 5, 6, 7, 8, 9, 10, 11, 12, 13, 14, 15, 16, 17]","{""hidden_size"": 75}",,,,,,24,1,experiments/results/baselines/beijing/24h_1h,False,beijing,,True
multi_gru_matched,multi_gru,2050,completed,37,0.0928305685520172,5.490289217006648,0.0086450670060003,test,21451,21451,C,matched,matched,18,,predictions/multi_gru_matched_seed2050.npz,0.06940961629152298,0.2634570482859075,0.1335514932870865,19.63274574279785,9.952219009399414,16.611608505249023,"[0, 1, 2, 3, 4, 5, 6, 7, 8, 9, 10, 11, 12, 13, 14, 15, 16, 17]","{""hidden_size"": 75}",,,,,,24,1,experiments/results/baselines/beijing/24h_1h,False,beijing,,True
multi_gru_matched,multi_gru,2051,completed,26,0.0846529304981231,4.836135527992155,0.0086638680077157,test,21451,21451,C,matched,matched,18,,predictions/multi_gru_matched_seed2051.npz,0.06932692974805832,0.26330007548054046,0.13271355628967285,19.62104606628418,9.889777183532715,17.835926055908203,"[0, 1, 2, 3, 4, 5, 6, 7, 8, 9, 10, 11, 12, 13, 14, 15, 16, 17]","{""hidden_size"": 75}",,,,,,24,1,experiments/results/baselines/beijing/24h_1h,False,beijing,,True
concat_patchtst_all_default,concat_patchtst_all,2047,completed,40,0.0923738926649093,124.71236925700214,0.1850532030075555,test,23174,23171,C,default,default,18,,predictions/concat_patchtst_all_default_seed2047.npz,0.08150559663772583,0.28549185038758257,0.15287528932094574,21.274770736694336,11.392224311828613,21.60437774658203,"[0, 1, 2, 3, 4, 5, 6, 7, 8, 9, 10, 11, 12, 13, 14, 15, 16, 17]","{""c_in"": 1, ""c_out"": 1, ""d_ff"": 128, ""d_model"": 16, ""dropout"": 0.2, ""n_heads"": 4, ""n_layers"": 3, ""padding_patch"": true, ""patch_len"": 4, ""pred_dim"": 1, ""seq_len"": 432, ""station_flatten_order"": ""station_major"", ""stride"": 2}",,,,,,24,1,experiments/results/baselines/beijing/24h_1h,False,beijing,,True
concat_patchtst_all_default,concat_patchtst_all,2048,completed,22,0.0859358683228492,92.6582897430053,0.1853827380109578,test,23174,23171,C,default,default,18,,predictions/concat_patchtst_all_default_seed2048.npz,0.08341435343027115,0.288815431426839,0.15805022418498993,21.522445678710938,11.777857780456543,21.583232879638672,"[0, 1, 2, 3, 4, 5, 6, 7, 8, 9, 10, 11, 12, 13, 14, 15, 16, 17]","{""c_in"": 1, ""c_out"": 1, ""d_ff"": 128, ""d_model"": 16, ""dropout"": 0.2, ""n_heads"": 4, ""n_layers"": 3, ""padding_patch"": true, ""patch_len"": 4, ""pred_dim"": 1, ""seq_len"": 432, ""station_flatten_order"": ""station_major"", ""stride"": 2}",,,,,,24,1,experiments/results/baselines/beijing/24h_1h,False,beijing,,True
concat_patchtst_all_default,concat_patchtst_all,2049,completed,39,0.0902216210961341,123.76969184700285,0.1855034049949608,test,23174,23171,C,default,default,18,,predictions/concat_patchtst_all_default_seed2049.npz,0.07911540567874908,0.2812746090189249,0.14954525232315063,20.96050453186035,11.14406967163086,21.25092124938965,"[0, 1, 2, 3, 4, 5, 6, 7, 8, 9, 10, 11, 12, 13, 14, 15, 16, 17]","{""c_in"": 1, ""c_out"": 1, ""d_ff"": 128, ""d_model"": 16, ""dropout"": 0.2, ""n_heads"": 4, ""n_layers"": 3, ""padding_patch"": true, ""patch_len"": 4, ""pred_dim"": 1, ""seq_len"": 432, ""station_flatten_order"": ""station_major"", ""stride"": 2}",,,,,,24,1,experiments/results/baselines/beijing/24h_1h,False,beijing,,True
concat_patchtst_all_matched,concat_patchtst_all,2047,completed,40,0.0923738926649093,123.78504368000722,0.1855329459940549,test,23174,23171,C,matched,matched,18,,predictions/concat_patchtst_all_matched_seed2047.npz,0.08150559663772583,0.28549185038758257,0.15287528932094574,21.274770736694336,11.392224311828613,21.60437774658203,"[0, 1, 2, 3, 4, 5, 6, 7, 8, 9, 10, 11, 12, 13, 14, 15, 16, 17]","{""c_in"": 1, ""c_out"": 1, ""d_ff"": 128, ""d_model"": 16, ""dropout"": 0.2, ""n_heads"": 4, ""n_layers"": 3, ""padding_patch"": true, ""patch_len"": 4, ""pred_dim"": 1, ""seq_len"": 432, ""station_flatten_order"": ""station_major"", ""stride"": 2}",,,,,,24,1,experiments/results/baselines/beijing/24h_1h,False,beijing,,True
concat_patchtst_all_matched,concat_patchtst_all,2048,completed,22,0.0859358683228492,92.71430825299468,0.1854620069934753,test,23174,23171,C,matched,matched,18,,predictions/concat_patchtst_all_matched_seed2048.npz,0.08341435343027115,0.288815431426839,0.15805022418498993,21.522445678710938,11.777857780456543,21.583232879638672,"[0, 1, 2, 3, 4, 5, 6, 7, 8, 9, 10, 11, 12, 13, 14, 15, 16, 17]","{""c_in"": 1, ""c_out"": 1, ""d_ff"": 128, ""d_model"": 16, ""dropout"": 0.2, ""n_heads"": 4, ""n_layers"": 3, ""padding_patch"": true, ""patch_len"": 4, ""pred_dim"": 1, ""seq_len"": 432, ""station_flatten_order"": ""station_major"", ""stride"": 2}",,,,,,24,1,experiments/results/baselines/beijing/24h_1h,False,beijing,,True
concat_patchtst_all_matched,concat_patchtst_all,2049,completed,39,0.0902216210961341,123.74881778100098,0.1857767780020367,test,23174,23171,C,matched,matched,18,,predictions/concat_patchtst_all_matched_seed2049.npz,0.07911540567874908,0.2812746090189249,0.14954525232315063,20.96050453186035,11.14406967163086,21.25092124938965,"[0, 1, 2, 3, 4, 5, 6, 7, 8, 9, 10, 11, 12, 13, 14, 15, 16, 17]","{""c_in"": 1, ""c_out"": 1, ""d_ff"": 128, ""d_model"": 16, ""dropout"": 0.2, ""n_heads"": 4, ""n_layers"": 3, ""padding_patch"": true, ""patch_len"": 4, ""pred_dim"": 1, ""seq_len"": 432, ""station_flatten_order"": ""station_major"", ""stride"": 2}",,,,,,24,1,experiments/results/baselines/beijing/24h_1h,False,beijing,,True
center_gru_default,center_gru,2047,completed,11,1.205498456954956,2.854764748000889,0.0089793410006677,test,33324,33324,B,default,default,1,,predictions/center_gru_default_seed2047.npz,0.6443799138069153,0.8027327785800922,0.5584393739700317,59.788021087646484,41.5929069519043,55.356693267822266,[9],"{""hidden_size"": 100}",,,,,,24,24,experiments/results/baselines/beijing/24h_24h,False,beijing,,True
center_gru_default,center_gru,2048,completed,32,1.1524977684020996,6.031864899996435,0.0092433770041679,test,33324,33324,B,default,default,1,,predictions/center_gru_default_seed2048.npz,0.6670607924461365,0.8167378970307038,0.5582758188247681,60.83113098144531,41.58072280883789,54.7769660949707,[9],"{""hidden_size"": 100}",,,,,,24,24,experiments/results/baselines/beijing/24h_24h,False,beijing,,True
center_gru_default,center_gru,2049,completed,11,1.1976032257080078,2.785517420998076,0.0093278370040934,test,33324,33324,B,default,default,1,,predictions/center_gru_default_seed2049.npz,0.6483575105667114,0.8052065018159699,0.5575196743011475,59.97227096557617,41.5244026184082,54.54298782348633,[9],"{""hidden_size"": 100}",,,,,,24,24,experiments/results/baselines/beijing/24h_24h,False,beijing,,True
center_lstm_default,center_lstm,2047,completed,21,1.0952608585357666,2.645053276006365,0.0070704889949411,test,43624,43624,B,default,default,1,,predictions/center_lstm_default_seed2047.npz,0.6656304597854614,0.8158617896344095,0.5568150281906128,60.76588439941406,41.471927642822266,55.19599914550781,[9],"{""hidden_size"": 100}",,,,,,24,24,experiments/results/baselines/beijing/24h_24h,False,beijing,,True
center_lstm_default,center_lstm,2048,completed,15,1.1543034315109253,2.2610198269976536,0.0072014670004136,test,43624,43624,B,default,default,1,,predictions/center_lstm_default_seed2048.npz,0.6706386804580688,0.8189253204401906,0.5650936365127563,60.99405288696289,42.08852005004883,55.04178237915039,[9],"{""hidden_size"": 100}",,,,,,24,24,experiments/results/baselines/beijing/24h_24h,False,beijing,,True
center_lstm_default,center_lstm,2049,completed,24,1.1488240957260132,2.91673018799338,0.0070597390003968,test,43624,43624,B,default,default,1,,predictions/center_lstm_default_seed2049.npz,0.6661714911460876,0.8161932927598019,0.5560994148254395,60.79056930541992,41.41862487792969,55.143577575683594,[9],"{""hidden_size"": 100}",,,,,,24,24,experiments/results/baselines/beijing/24h_24h,False,beijing,,True
center_tcn_default,center_tcn,2047,completed,29,1.164625883102417,173.84480699199776,0.579368708000402,test,67274,67274,B,default,default,1,,predictions/center_tcn_default_seed2047.npz,0.7133691310882568,0.8446118227258347,0.5941315293312073,62.90719985961914,44.251277923583984,58.680267333984375,[9],"{""ks"": 7, ""layers"": [25, 25, 25, 25, 25, 25, 25, 25]}",,,,,,24,24,experiments/results/baselines/beijing/24h_24h,False,beijing,,True
center_tcn_default,center_tcn,2048,completed,26,1.198692798614502,158.84442904300522,0.2588422269909642,test,67274,67274,B,default,default,1,,predictions/center_tcn_default_seed2048.npz,0.7004382610321045,0.8369218966140775,0.5940414667129517,62.334449768066406,44.24456787109375,58.1094856262207,[9],"{""ks"": 7, ""layers"": [25, 25, 25, 25, 25, 25, 25, 25]}",,,,,,24,24,experiments/results/baselines/beijing/24h_24h,False,beijing,,True
center_tcn_default,center_tcn,2049,completed,36,1.158290147781372,186.55550627299817,0.2577318080002442,test,67274,67274,B,default,default,1,,predictions/center_tcn_default_seed2049.npz,0.6934121251106262,0.8327137113742191,0.5927314162254333,62.021018981933594,44.14699935913086,58.039581298828125,[9],"{""ks"": 7, ""layers"": [25, 25, 25, 25, 25, 25, 25, 25]}",,,,,,24,24,experiments/results/baselines/beijing/24h_24h,False,beijing,,True
plain_mix_patchtst_all_default,plain_mix_patchtst_all,2047,completed,9,1.323131799697876,2.945595223995042,0.0218364530010148,test,21726,21723,C,default,default,18,,predictions/plain_mix_patchtst_all_default_seed2047.npz,0.7162864208221436,0.8463370610000153,0.5853878855705261,63.03569793701172,43.600040435791016,57.519840240478516,"[0, 1, 2, 3, 4, 5, 6, 7, 8, 9, 10, 11, 12, 13, 14, 15, 16, 17]","{""c_in"": 1, ""c_out"": 1, ""d_ff"": 128, ""d_model"": 16, ""dropout"": 0.2, ""n_heads"": 4, ""n_layers"": 3, ""padding_patch"": true, ""patch_len"": 4, ""pred_dim"": 24, ""seq_len"": 24, ""station_mixer"": ""Conv1d(S,32,1)-GELU-Conv1d(32,1,1)"", ""stride"": 2}",,,,,,24,24,experiments/results/baselines/beijing/24h_24h,False,beijing,,True
plain_mix_patchtst_all_default,plain_mix_patchtst_all,2048,completed,10,1.4310357570648191,2.904334516002564,0.0121060509991366,test,21726,21723,C,default,default,18,,predictions/plain_mix_patchtst_all_default_seed2048.npz,0.7352261543273926,0.8574532957120129,0.6469591856002808,63.86363983154297,48.185909271240234,63.46608352661133,"[0, 1, 2, 3, 4, 5, 6, 7, 8, 9, 10, 11, 12, 13, 14, 15, 16, 17]","{""c_in"": 1, ""c_out"": 1, ""d_ff"": 128, ""d_model"": 16, ""dropout"": 0.2, ""n_heads"": 4, ""n_layers"": 3, ""padding_patch"": true, ""patch_len"": 4, ""pred_dim"": 24, ""seq_len"": 24, ""station_mixer"": ""Conv1d(S,32,1)-GELU-Conv1d(32,1,1)"", ""stride"": 2}",,,,,,24,24,experiments/results/baselines/beijing/24h_24h,False,beijing,,True
plain_mix_patchtst_all_default,plain_mix_patchtst_all,2049,completed,1,1.3793610334396362,1.4472707859968068,0.0120761709986254,test,21726,21723,C,default,default,18,,predictions/plain_mix_patchtst_all_default_seed2049.npz,0.7672654986381531,0.8759369261757111,0.6479848623275757,65.24031066894531,48.26231002807617,64.11006927490234,"[0, 1, 2, 3, 4, 5, 6, 7, 8, 9, 10, 11, 12, 13, 14, 15, 16, 17]","{""c_in"": 1, ""c_out"": 1, ""d_ff"": 128, ""d_model"": 16, ""dropout"": 0.2, ""n_heads"": 4, ""n_layers"": 3, ""padding_patch"": true, ""patch_len"": 4, ""pred_dim"": 24, ""seq_len"": 24, ""station_mixer"": ""Conv1d(S,32,1)-GELU-Conv1d(32,1,1)"", ""stride"": 2}",,,,,,24,24,experiments/results/baselines/beijing/24h_24h,False,beijing,,True
plain_mix_patchtst_top5_default,plain_mix_patchtst_top5,2047,completed,9,1.339734673500061,2.755498824000824,0.0215637719957157,test,21342,21339,C,default,default,6,,predictions/plain_mix_patchtst_top5_default_seed2047.npz,0.713738203048706,0.8448302806177735,0.5962743759155273,62.9234733581543,44.4108772277832,59.33827590942383,"[9, 14, 11, 16, 15, 4]","{""c_in"": 1, ""c_out"": 1, ""d_ff"": 128, ""d_model"": 16, ""dropout"": 0.2, ""n_heads"": 4, ""n_layers"": 3, ""padding_patch"": true, ""patch_len"": 4, ""pred_dim"": 24, ""seq_len"": 24, ""station_mixer"": ""Conv1d(S,32,1)-GELU-Conv1d(32,1,1)"", ""stride"": 2}",,,,,,24,24,experiments/results/baselines/beijing/24h_24h,False,beijing,,True
plain_mix_patchtst_top5_default,plain_mix_patchtst_top5,2048,completed,18,1.5207747220993042,4.340374446008354,0.0120658399973763,test,21342,21339,C,default,default,6,,predictions/plain_mix_patchtst_top5_default_seed2048.npz,0.8866927623748779,0.9416436493572704,0.7045719027519226,70.13419342041016,52.47694396972656,68.4693374633789,"[9, 14, 11, 16, 15, 4]","{""c_in"": 1, ""c_out"": 1, ""d_ff"": 128, ""d_model"": 16, ""dropout"": 0.2, ""n_heads"": 4, ""n_layers"": 3, ""padding_patch"": true, ""patch_len"": 4, ""pred_dim"": 24, ""seq_len"": 24, ""station_mixer"": ""Conv1d(S,32,1)-GELU-Conv1d(32,1,1)"", ""stride"": 2}",,,,,,24,24,experiments/results/baselines/beijing/24h_24h,False,beijing,,True
plain_mix_patchtst_top5_default,plain_mix_patchtst_top5,2049,completed,13,1.651511788368225,3.371710866005742,0.012054999009706,test,21342,21339,C,default,default,6,,predictions/plain_mix_patchtst_top5_default_seed2049.npz,0.964691162109375,0.9821869282928658,0.7420236468315125,73.15387725830078,55.26637649536133,71.61359405517578,"[9, 14, 11, 16, 15, 4]","{""c_in"": 1, ""c_out"": 1, ""d_ff"": 128, ""d_model"": 16, ""dropout"": 0.2, ""n_heads"": 4, ""n_layers"": 3, ""padding_patch"": true, ""patch_len"": 4, ""pred_dim"": 24, ""seq_len"": 24, ""station_mixer"": ""Conv1d(S,32,1)-GELU-Conv1d(32,1,1)"", ""stride"": 2}",,,,,,24,24,experiments/results/baselines/beijing/24h_24h,False,beijing,,True
patchtst_ci_all_default,patchtst_ci_all,2047,completed,40,1.3298463821411133,78.39814278300037,0.1453204970021033,test,21119,21116,C,default,default,18,,predictions/patchtst_ci_all_default_seed2047.npz,0.831378698348999,0.9117997029770294,0.6072915196418762,67.91139221191406,45.2314453125,59.169185638427734,"[0, 1, 2, 3, 4, 5, 6, 7, 8, 9, 10, 11, 12, 13, 14, 15, 16, 17]","{""c_in"": 18, ""c_out"": 1, ""d_ff"": 128, ""d_model"": 16, ""dropout"": 0.2, ""n_heads"": 4, ""n_layers"": 3, ""padding_patch"": true, ""patch_len"": 4, ""pred_dim"": 24, ""seq_len"": 24, ""stride"": 2}",,,,,,24,24,experiments/results/baselines/beijing/24h_24h,False,beijing,,True
patchtst_ci_all_default,patchtst_ci_all,2048,completed,32,1.3771525621414185,77.65863814399927,0.144266670991783,test,21119,21116,C,default,default,18,,predictions/patchtst_ci_all_default_seed2048.npz,0.8277626037597656,0.9098145985637764,0.6041910648345947,67.76354217529297,45.00051498413086,58.473331451416016,"[0, 1, 2, 3, 4, 5, 6, 7, 8, 9, 10, 11, 12, 13, 14, 15, 16, 17]","{""c_in"": 18, ""c_out"": 1, ""d_ff"": 128, ""d_model"": 16, ""dropout"": 0.2, ""n_heads"": 4, ""n_layers"": 3, ""padding_patch"": true, ""patch_len"": 4, ""pred_dim"": 24, ""seq_len"": 24, ""stride"": 2}",,,,,,24,24,experiments/results/baselines/beijing/24h_24h,False,beijing,,True
patchtst_ci_all_default,patchtst_ci_all,2049,completed,40,1.3418031930923462,77.49026625600527,0.1452247109991731,test,21119,21116,C,default,default,18,,predictions/patchtst_ci_all_default_seed2049.npz,0.8318414092063904,0.9120534026066622,0.6034905910491943,67.93029022216797,44.94834518432617,58.798362731933594,"[0, 1, 2, 3, 4, 5, 6, 7, 8, 9, 10, 11, 12, 13, 14, 15, 16, 17]","{""c_in"": 18, ""c_out"": 1, ""d_ff"": 128, ""d_model"": 16, ""dropout"": 0.2, ""n_heads"": 4, ""n_layers"": 3, ""padding_patch"": true, ""patch_len"": 4, ""pred_dim"": 24, ""seq_len"": 24, ""stride"": 2}",,,,,,24,24,experiments/results/baselines/beijing/24h_24h,False,beijing,,True
patchtst_ci_top5_default,patchtst_ci_top5,2047,completed,40,1.3289376497268677,26.23673100299493,0.0498767769895494,test,21095,21092,C,default,default,6,,predictions/patchtst_ci_top5_default_seed2047.npz,0.8250158429145813,0.9083038274248223,0.6061654686927795,67.65101623535156,45.14756774902344,59.43362045288086,"[9, 14, 11, 16, 15, 4]","{""c_in"": 6, ""c_out"": 1, ""d_ff"": 128, ""d_model"": 16, ""dropout"": 0.2, ""n_heads"": 4, ""n_layers"": 3, ""padding_patch"": true, ""patch_len"": 4, ""pred_dim"": 24, ""seq_len"": 24, ""stride"": 2}",,,,,,24,24,experiments/results/baselines/beijing/24h_24h,False,beijing,,True
patchtst_ci_top5_default,patchtst_ci_top5,2048,completed,40,1.3740288019180298,25.58797250300995,0.0498833339952398,test,21095,21092,C,default,default,6,,predictions/patchtst_ci_top5_default_seed2048.npz,0.8214811682701111,0.9063559831931993,0.6035370826721191,67.50594329833984,44.951812744140625,58.61571502685547,"[9, 14, 11, 16, 15, 4]","{""c_in"": 6, ""c_out"": 1, ""d_ff"": 128, ""d_model"": 16, ""dropout"": 0.2, ""n_heads"": 4, ""n_layers"": 3, ""padding_patch"": true, ""patch_len"": 4, ""pred_dim"": 24, ""seq_len"": 24, ""stride"": 2}",,,,,,24,24,experiments/results/baselines/beijing/24h_24h,False,beijing,,True
patchtst_ci_top5_default,patchtst_ci_top5,2049,completed,40,1.347565770149231,25.5900525879988,0.0498656740091973,test,21095,21092,C,default,default,6,,predictions/patchtst_ci_top5_default_seed2049.npz,0.827183187007904,0.9094961170933629,0.6037628650665283,67.73982238769531,44.968624114990234,59.13907241821289,"[9, 14, 11, 16, 15, 4]","{""c_in"": 6, ""c_out"": 1, ""d_ff"": 128, ""d_model"": 16, ""dropout"": 0.2, ""n_heads"": 4, ""n_layers"": 3, ""padding_patch"": true, ""patch_len"": 4, ""pred_dim"": 24, ""seq_len"": 24, ""stride"": 2}",,,,,,24,24,experiments/results/baselines/beijing/24h_24h,False,beijing,,True
multi_gru_default,multi_gru,2047,completed,10,1.0820330381393433,2.6576170589978574,0.0094374239997705,test,38424,38424,C,default,default,18,,predictions/multi_gru_default_seed2047.npz,0.7882463932037354,0.8878324127918148,0.6158404350280762,66.12629699707031,45.8681640625,59.793609619140625,"[0, 1, 2, 3, 4, 5, 6, 7, 8, 9, 10, 11, 12, 13, 14, 15, 16, 17]","{""hidden_size"": 100}",,,,,,24,24,experiments/results/baselines/beijing/24h_24h,False,beijing,,True
multi_gru_default,multi_gru,2048,completed,13,1.0855531692504885,3.091706234990852,0.0094016639923211,test,38424,38424,C,default,default,18,,predictions/multi_gru_default_seed2048.npz,0.8171031475067139,0.9039375794305234,0.6170799136161804,67.32581329345703,45.96049118041992,60.2464485168457,"[0, 1, 2, 3, 4, 5, 6, 7, 8, 9, 10, 11, 12, 13, 14, 15, 16, 17]","{""hidden_size"": 100}",,,,,,24,24,experiments/results/baselines/beijing/24h_24h,False,beijing,,True
multi_gru_default,multi_gru,2049,completed,10,1.0489033460617063,2.654615530991577,0.0094159639993449,test,38424,38424,C,default,default,18,,predictions/multi_gru_default_seed2049.npz,0.7760223746299744,0.8809213214754053,0.6056035757064819,65.61155700683594,45.1057243347168,59.4660530090332,"[0, 1, 2, 3, 4, 5, 6, 7, 8, 9, 10, 11, 12, 13, 14, 15, 16, 17]","{""hidden_size"": 100}",,,,,,24,24,experiments/results/baselines/beijing/24h_24h,False,beijing,,True
center_gru_default,center_gru,2047,completed,36,0.2577930986881256,6.081238368002232,0.0090581500116968,test,31203,31203,B,default,default,1,,predictions/center_gru_default_seed2047.npz,0.17839527130126953,0.42236864384240164,0.2178816944360733,31.474790573120117,16.236482620239258,24.779869079589844,[9],"{""hidden_size"": 100}",,,,,,24,3,experiments/results/baselines/beijing/24h_3h,False,beijing,,True
center_gru_default,center_gru,2048,completed,22,0.2563555836677551,4.377404533006484,0.0092063969932496,test,31203,31203,B,default,default,1,,predictions/center_gru_default_seed2048.npz,0.17865727841854095,0.4226786940674216,0.2203735113143921,31.49789810180664,16.422170639038086,25.546594619750977,[9],"{""hidden_size"": 100}",,,,,,24,3,experiments/results/baselines/beijing/24h_3h,False,beijing,,True
center_gru_default,center_gru,2049,completed,28,0.2564225196838379,5.4177008659899,0.0091908590111415,test,31203,31203,B,default,default,1,,predictions/center_gru_default_seed2049.npz,0.17959581315517426,0.42378746224395814,0.22053994238376617,31.580522537231445,16.434574127197266,25.5982666015625,[9],"{""hidden_size"": 100}",,,,,,24,3,experiments/results/baselines/beijing/24h_3h,False,beijing,,True
center_lstm_default,center_lstm,2047,completed,21,0.2521102726459503,2.6363512520038057,0.0069042940012877,test,41503,41503,B,default,default,1,,predictions/center_lstm_default_seed2047.npz,0.17602317035198212,0.41955115343898425,0.22182375192642212,31.26483154296875,16.530242919921875,24.64196014404297,[9],"{""hidden_size"": 100}",,,,,,24,3,experiments/results/baselines/beijing/24h_3h,False,beijing,,True
center_lstm_default,center_lstm,2048,completed,22,0.2500928044319153,2.8831560209946474,0.0069380639906739,test,41503,41503,B,default,default,1,,predictions/center_lstm_default_seed2048.npz,0.17444010078907013,0.41766026958410846,0.22722525894641876,31.123926162719727,16.932762145996094,27.51251220703125,[9],"{""hidden_size"": 100}",,,,,,24,3,experiments/results/baselines/beijing/24h_3h,False,beijing,,True
center_lstm_default,center_lstm,2049,completed,20,0.251554012298584,2.5463222959951963,0.0068518250045599,test,41503,41503,B,default,default,1,,predictions/center_lstm_default_seed2049.npz,0.17609377205371857,0.419635284567109,0.227755606174469,31.271100997924805,16.97228240966797,27.420696258544922,[9],"{""hidden_size"": 100}",,,,,,24,3,experiments/results/baselines/beijing/24h_3h,False,beijing,,True
center_tcn_default,center_tcn,2047,completed,39,0.293571412563324,188.4688556470064,0.5821246959967539,test,66728,66728,B,default,default,1,,predictions/center_tcn_default_seed2047.npz,0.20643223822116852,0.4543481464924981,0.25303858518600464,33.85789489746094,18.85636329650879,28.14396858215332,[9],"{""ks"": 7, ""layers"": [25, 25, 25, 25, 25, 25, 25, 25]}",,,,,,24,3,experiments/results/baselines/beijing/24h_3h,False,beijing,,True
center_tcn_default,center_tcn,2048,completed,40,0.3063265979290008,187.13709852000463,0.2600656870054081,test,66728,66728,B,default,default,1,,predictions/center_tcn_default_seed2048.npz,0.20876525342464447,0.45690836436275106,0.2518492341041565,34.048683166503906,18.76773452758789,27.981922149658203,[9],"{""ks"": 7, ""layers"": [25, 25, 25, 25, 25, 25, 25, 25]}",,,,,,24,3,experiments/results/baselines/beijing/24h_3h,False,beijing,,True
center_tcn_default,center_tcn,2049,completed,33,0.2957633733749389,186.9346940510004,0.2586910130048636,test,66728,66728,B,default,default,1,,predictions/center_tcn_default_seed2049.npz,0.21094366908073425,0.4592860427671782,0.28363868594169617,34.22586441040039,21.13667106628418,34.31450653076172,[9],"{""ks"": 7, ""layers"": [25, 25, 25, 25, 25, 25, 25, 25]}",,,,,,24,3,experiments/results/baselines/beijing/24h_3h,False,beijing,,True
plain_mix_patchtst_all_default,plain_mix_patchtst_all,2047,completed,5,0.6991881132125854,2.3211286809964804,0.0216922110121231,test,17673,17670,C,default,default,18,,predictions/plain_mix_patchtst_all_default_seed2047.npz,0.3940110206604004,0.6277029716835825,0.4981842041015625,46.7762451171875,37.124542236328125,55.50752258300781,"[0, 1, 2, 3, 4, 5, 6, 7, 8, 9, 10, 11, 12, 13, 14, 15, 16, 17]","{""c_in"": 1, ""c_out"": 1, ""d_ff"": 128, ""d_model"": 16, ""dropout"": 0.2, ""n_heads"": 4, ""n_layers"": 3, ""padding_patch"": true, ""patch_len"": 4, ""pred_dim"": 3, ""seq_len"": 24, ""station_mixer"": ""Conv1d(S,32,1)-GELU-Conv1d(32,1,1)"", ""stride"": 2}",,,,,,24,3,experiments/results/baselines/beijing/24h_3h,False,beijing,,True
plain_mix_patchtst_all_default,plain_mix_patchtst_all,2048,completed,3,0.8942137360572815,1.7837955770082772,0.0122081539884675,test,17673,17670,C,default,default,18,,predictions/plain_mix_patchtst_all_default_seed2048.npz,0.4158478379249573,0.6448626504341504,0.42230746150016785,48.05498123168945,31.470232009887695,45.853721618652344,"[0, 1, 2, 3, 4, 5, 6, 7, 8, 9, 10, 11, 12, 13, 14, 15, 16, 17]","{""c_in"": 1, ""c_out"": 1, ""d_ff"": 128, ""d_model"": 16, ""dropout"": 0.2, ""n_heads"": 4, ""n_layers"": 3, ""padding_patch"": true, ""patch_len"": 4, ""pred_dim"": 3, ""seq_len"": 24, ""station_mixer"": ""Conv1d(S,32,1)-GELU-Conv1d(32,1,1)"", ""stride"": 2}",,,,,,24,3,experiments/results/baselines/beijing/24h_3h,False,beijing,,True
plain_mix_patchtst_all_default,plain_mix_patchtst_all,2049,completed,6,0.7572675347328186,2.2574104590021307,0.0120538170012878,test,17673,17670,C,default,default,18,,predictions/plain_mix_patchtst_all_default_seed2049.npz,0.3776319622993469,0.6145176663850657,0.42108145356178284,45.79368591308594,31.378870010375977,51.80257034301758,"[0, 1, 2, 3, 4, 5, 6, 7, 8, 9, 10, 11, 12, 13, 14, 15, 16, 17]","{""c_in"": 1, ""c_out"": 1, ""d_ff"": 128, ""d_model"": 16, ""dropout"": 0.2, ""n_heads"": 4, ""n_layers"": 3, ""padding_patch"": true, ""patch_len"": 4, ""pred_dim"": 3, ""seq_len"": 24, ""station_mixer"": ""Conv1d(S,32,1)-GELU-Conv1d(32,1,1)"", ""stride"": 2}",,,,,,24,3,experiments/results/baselines/beijing/24h_3h,False,beijing,,True
plain_mix_patchtst_top5_default,plain_mix_patchtst_top5,2047,completed,3,0.91880601644516,1.8099984409927856,0.0216250520024914,test,17289,17286,C,default,default,6,,predictions/plain_mix_patchtst_top5_default_seed2047.npz,0.5377532243728638,0.733316592184347,0.510672390460968,54.646541595458984,38.05516052246094,56.22726058959961,"[9, 14, 11, 16, 15, 4]","{""c_in"": 1, ""c_out"": 1, ""d_ff"": 128, ""d_model"": 16, ""dropout"": 0.2, ""n_heads"": 4, ""n_layers"": 3, ""padding_patch"": true, ""patch_len"": 4, ""pred_dim"": 3, ""seq_len"": 24, ""station_mixer"": ""Conv1d(S,32,1)-GELU-Conv1d(32,1,1)"", ""stride"": 2}",,,,,,24,3,experiments/results/baselines/beijing/24h_3h,False,beijing,,True
plain_mix_patchtst_top5_default,plain_mix_patchtst_top5,2048,completed,16,0.2945007383823395,4.075109044002602,0.012034447005135,test,17289,17286,C,default,default,6,,predictions/plain_mix_patchtst_top5_default_seed2048.npz,0.27901965379714966,0.528223109866607,0.3536105453968048,39.363033294677734,26.3509578704834,58.564239501953125,"[9, 14, 11, 16, 15, 4]","{""c_in"": 1, ""c_out"": 1, ""d_ff"": 128, ""d_model"": 16, ""dropout"": 0.2, ""n_heads"": 4, ""n_layers"": 3, ""padding_patch"": true, ""patch_len"": 4, ""pred_dim"": 3, ""seq_len"": 24, ""station_mixer"": ""Conv1d(S,32,1)-GELU-Conv1d(32,1,1)"", ""stride"": 2}",,,,,,24,3,experiments/results/baselines/beijing/24h_3h,False,beijing,,True
plain_mix_patchtst_top5_default,plain_mix_patchtst_top5,2049,completed,7,1.1979433298110962,2.4281840609910432,0.0120285769953625,test,17289,17286,C,default,default,6,,predictions/plain_mix_patchtst_top5_default_seed2049.npz,0.6312682032585144,0.7945238846369028,0.5710306167602539,59.20769119262695,42.553043365478516,69.47748565673828,"[9, 14, 11, 16, 15, 4]","{""c_in"": 1, ""c_out"": 1, ""d_ff"": 128, ""d_model"": 16, ""dropout"": 0.2, ""n_heads"": 4, ""n_layers"": 3, ""padding_patch"": true, ""patch_len"": 4, ""pred_dim"": 3, ""seq_len"": 24, ""station_mixer"": ""Conv1d(S,32,1)-GELU-Conv1d(32,1,1)"", ""stride"": 2}",,,,,,24,3,experiments/results/baselines/beijing/24h_3h,False,beijing,,True
patchtst_ci_all_default,patchtst_ci_all,2047,completed,13,0.271518349647522,41.49186733399984,0.1444857790047535,test,17066,17063,C,default,default,18,,predictions/patchtst_ci_all_default_seed2047.npz,0.18357187509536743,0.42845288550244054,0.22108818590641022,31.928186416625977,16.475425720214844,24.683292388916016,"[0, 1, 2, 3, 4, 5, 6, 7, 8, 9, 10, 11, 12, 13, 14, 15, 16, 17]","{""c_in"": 18, ""c_out"": 1, ""d_ff"": 128, ""d_model"": 16, ""dropout"": 0.2, ""n_heads"": 4, ""n_layers"": 3, ""padding_patch"": true, ""patch_len"": 4, ""pred_dim"": 3, ""seq_len"": 24, ""stride"": 2}",,,,,,24,3,experiments/results/baselines/beijing/24h_3h,False,beijing,,True
patchtst_ci_all_default,patchtst_ci_all,2048,completed,15,0.2699417173862457,44.83842487201037,0.1450785100023495,test,17066,17063,C,default,default,18,,predictions/patchtst_ci_all_default_seed2048.npz,0.18226909637451172,0.42692984947706775,0.21918699145317078,31.8146915435791,16.333749771118164,24.255582809448242,"[0, 1, 2, 3, 4, 5, 6, 7, 8, 9, 10, 11, 12, 13, 14, 15, 16, 17]","{""c_in"": 18, ""c_out"": 1, ""d_ff"": 128, ""d_model"": 16, ""dropout"": 0.2, ""n_heads"": 4, ""n_layers"": 3, ""padding_patch"": true, ""patch_len"": 4, ""pred_dim"": 3, ""seq_len"": 24, ""stride"": 2}",,,,,,24,3,experiments/results/baselines/beijing/24h_3h,False,beijing,,True
patchtst_ci_all_default,patchtst_ci_all,2049,completed,14,0.2722900807857513,42.69536471599713,0.1455636379978386,test,17066,17063,C,default,default,18,,predictions/patchtst_ci_all_default_seed2049.npz,0.18131226301193237,0.4258077770684002,0.21949821710586548,31.7310733795166,16.356948852539062,23.89297866821289,"[0, 1, 2, 3, 4, 5, 6, 7, 8, 9, 10, 11, 12, 13, 14, 15, 16, 17]","{""c_in"": 18, ""c_out"": 1, ""d_ff"": 128, ""d_model"": 16, ""dropout"": 0.2, ""n_heads"": 4, ""n_layers"": 3, ""padding_patch"": true, ""patch_len"": 4, ""pred_dim"": 3, ""seq_len"": 24, ""stride"": 2}",,,,,,24,3,experiments/results/baselines/beijing/24h_3h,False,beijing,,True
patchtst_ci_top5_default,patchtst_ci_top5,2047,completed,13,0.2726201117038727,14.197815443010768,0.0498951699992176,test,17042,17039,C,default,default,6,,predictions/patchtst_ci_top5_default_seed2047.npz,0.18330009281635284,0.42813560096814285,0.22310160100460052,31.904542922973633,16.62546730041504,25.72268295288086,"[9, 14, 11, 16, 15, 4]","{""c_in"": 6, ""c_out"": 1, ""d_ff"": 128, ""d_model"": 16, ""dropout"": 0.2, ""n_heads"": 4, ""n_layers"": 3, ""padding_patch"": true, ""patch_len"": 4, ""pred_dim"": 3, ""seq_len"": 24, ""stride"": 2}",,,,,,24,3,experiments/results/baselines/beijing/24h_3h,False,beijing,,True
patchtst_ci_top5_default,patchtst_ci_top5,2048,completed,13,0.2714035511016845,13.335179754998537,0.0496502050082199,test,17042,17039,C,default,default,6,,predictions/patchtst_ci_top5_default_seed2048.npz,0.18289661407470703,0.4276641369985412,0.2231525480747223,31.869409561157227,16.62926483154297,24.91769790649414,"[9, 14, 11, 16, 15, 4]","{""c_in"": 6, ""c_out"": 1, ""d_ff"": 128, ""d_model"": 16, ""dropout"": 0.2, ""n_heads"": 4, ""n_layers"": 3, ""padding_patch"": true, ""patch_len"": 4, ""pred_dim"": 3, ""seq_len"": 24, ""stride"": 2}",,,,,,24,3,experiments/results/baselines/beijing/24h_3h,False,beijing,,True
patchtst_ci_top5_default,patchtst_ci_top5,2049,completed,30,0.2713507711887359,24.309016451996285,0.0498277699953177,test,17042,17039,C,default,default,6,,predictions/patchtst_ci_top5_default_seed2049.npz,0.18107296526432037,0.4255266916003277,0.2191718965768814,31.710126876831055,16.332626342773438,24.28359031677246,"[9, 14, 11, 16, 15, 4]","{""c_in"": 6, ""c_out"": 1, ""d_ff"": 128, ""d_model"": 16, ""dropout"": 0.2, ""n_heads"": 4, ""n_layers"": 3, ""padding_patch"": true, ""patch_len"": 4, ""pred_dim"": 3, ""seq_len"": 24, ""stride"": 2}",,,,,,24,3,experiments/results/baselines/beijing/24h_3h,False,beijing,,True
multi_gru_default,multi_gru,2047,completed,19,0.2256467342376709,3.9682528669945896,0.0094065840094117,test,36303,36303,C,default,default,18,,predictions/multi_gru_default_seed2047.npz,0.15963278710842133,0.39954072021312337,0.21641410887241364,29.77366065979004,16.127117156982422,24.710084915161133,"[0, 1, 2, 3, 4, 5, 6, 7, 8, 9, 10, 11, 12, 13, 14, 15, 16, 17]","{""hidden_size"": 100}",,,,,,24,3,experiments/results/baselines/beijing/24h_3h,False,beijing,,True
multi_gru_default,multi_gru,2048,completed,34,0.2218089699745178,6.053443623008207,0.0094134240061976,test,36303,36303,C,default,default,18,,predictions/multi_gru_default_seed2048.npz,0.15482337772846222,0.39347601925462017,0.21304108202457428,29.321718215942383,15.875760078430176,24.152904510498047,"[0, 1, 2, 3, 4, 5, 6, 7, 8, 9, 10, 11, 12, 13, 14, 15, 16, 17]","{""hidden_size"": 100}",,,,,,24,3,experiments/results/baselines/beijing/24h_3h,False,beijing,,True
multi_gru_default,multi_gru,2049,completed,20,0.2310709357261657,4.122910302001401,0.0093937939964234,test,36303,36303,C,default,default,18,,predictions/multi_gru_default_seed2049.npz,0.1537463665008545,0.39210504523769457,0.21197070181369781,29.219552993774414,15.795998573303223,24.642309188842773,"[0, 1, 2, 3, 4, 5, 6, 7, 8, 9, 10, 11, 12, 13, 14, 15, 16, 17]","{""hidden_size"": 100}",,,,,,24,3,experiments/results/baselines/beijing/24h_3h,False,beijing,,True
center_gru_default,center_gru,2047,completed,19,0.4675217568874359,4.205129629001021,0.0089766510063782,test,31506,31506,B,default,default,1,,predictions/center_gru_default_seed2047.npz,0.29004400968551636,0.5385573411304653,0.3085241913795471,40.1300163269043,22.98934555053711,33.45220947265625,[9],"{""hidden_size"": 100}",,,,,,24,6,experiments/results/baselines/beijing/24h_6h,False,beijing,,True
center_gru_default,center_gru,2048,completed,27,0.4659743010997772,5.137939379987074,0.0092041869938839,test,31506,31506,B,default,default,1,,predictions/center_gru_default_seed2048.npz,0.29167890548706055,0.540073055694376,0.31218671798706055,40.242958068847656,23.26225471496582,34.13778305053711,[9],"{""hidden_size"": 100}",,,,,,24,6,experiments/results/baselines/beijing/24h_6h,False,beijing,,True
center_gru_default,center_gru,2049,completed,21,0.4708218872547149,4.421550762999686,0.009208736999426,test,31506,31506,B,default,default,1,,predictions/center_gru_default_seed2049.npz,0.28825199604034424,0.5368910467127798,0.3063316345214844,40.00585174560547,22.825971603393555,32.72267150878906,[9],"{""hidden_size"": 100}",,,,,,24,6,experiments/results/baselines/beijing/24h_6h,False,beijing,,True
center_lstm_default,center_lstm,2047,completed,19,0.4622842371463775,2.462505855000927,0.0069645790063077,test,41806,41806,B,default,default,1,,predictions/center_lstm_default_seed2047.npz,0.2988228499889374,0.5466469152834738,0.3191915452480316,40.73280334472656,23.784212112426758,33.76536560058594,[9],"{""hidden_size"": 100}",,,,,,24,6,experiments/results/baselines/beijing/24h_6h,False,beijing,,True
center_lstm_default,center_lstm,2048,completed,29,0.4583235085010528,3.520602948003216,0.0069098709936952,test,41806,41806,B,default,default,1,,predictions/center_lstm_default_seed2048.npz,0.30172860622406006,0.5492982852913889,0.3188962936401367,40.93036651611328,23.762210845947266,34.081966400146484,[9],"{""hidden_size"": 100}",,,,,,24,6,experiments/results/baselines/beijing/24h_6h,False,beijing,,True
center_lstm_default,center_lstm,2049,completed,22,0.4591034650802612,2.776393317995826,0.0068843710032524,test,41806,41806,B,default,default,1,,predictions/center_lstm_default_seed2049.npz,0.2990261912345886,0.5468328732205011,0.317596435546875,40.74665832519531,23.665355682373047,33.91516876220703,[9],"{""hidden_size"": 100}",,,,,,24,6,experiments/results/baselines/beijing/24h_6h,False,beijing,,True
center_tcn_default,center_tcn,2047,completed,37,0.5242348313331604,188.3252150180051,0.2581516719947103,test,66806,66806,B,default,default,1,,predictions/center_tcn_default_seed2047.npz,0.3270852267742157,0.5719136532503973,0.3418550193309784,42.61552429199219,25.47295570373535,36.366859436035156,[9],"{""ks"": 7, ""layers"": [25, 25, 25, 25, 25, 25, 25, 25]}",,,,,,24,6,experiments/results/baselines/beijing/24h_6h,False,beijing,,True
center_tcn_default,center_tcn,2048,completed,38,0.5148864984512329,187.18549872600124,0.2591482319985516,test,66806,66806,B,default,default,1,,predictions/center_tcn_default_seed2048.npz,0.3318224251270294,0.5760402981797622,0.35168585181236267,42.92301559448242,26.20549201965332,37.76958465576172,[9],"{""ks"": 7, ""layers"": [25, 25, 25, 25, 25, 25, 25, 25]}",,,,,,24,6,experiments/results/baselines/beijing/24h_6h,False,beijing,,True
center_tcn_default,center_tcn,2049,completed,40,0.5078169107437134,187.10352560599856,0.2608640309917973,test,66806,66806,B,default,default,1,,predictions/center_tcn_default_seed2049.npz,0.3122238516807556,0.5587699452196365,0.3508204221725464,41.636138916015625,26.14100456237793,39.27513122558594,[9],"{""ks"": 7, ""layers"": [25, 25, 25, 25, 25, 25, 25, 25]}",,,,,,24,6,experiments/results/baselines/beijing/24h_6h,False,beijing,,True
plain_mix_patchtst_all_default,plain_mix_patchtst_all,2047,completed,6,0.5728752017021179,2.289011550004944,0.0120119969942606,test,18252,18249,C,default,default,18,,predictions/plain_mix_patchtst_all_default_seed2047.npz,0.37948375940322876,0.616022531571069,0.3962722420692444,45.902252197265625,29.52779769897461,46.96473693847656,"[0, 1, 2, 3, 4, 5, 6, 7, 8, 9, 10, 11, 12, 13, 14, 15, 16, 17]","{""c_in"": 1, ""c_out"": 1, ""d_ff"": 128, ""d_model"": 16, ""dropout"": 0.2, ""n_heads"": 4, ""n_layers"": 3, ""padding_patch"": true, ""patch_len"": 4, ""pred_dim"": 6, ""seq_len"": 24, ""station_mixer"": ""Conv1d(S,32,1)-GELU-Conv1d(32,1,1)"", ""stride"": 2}",,,,,,24,6,experiments/results/baselines/beijing/24h_6h,False,beijing,,True
plain_mix_patchtst_all_default,plain_mix_patchtst_all,2048,completed,9,0.64234858751297,2.72720260200731,0.0120776160038076,test,18252,18249,C,default,default,18,,predictions/plain_mix_patchtst_all_default_seed2048.npz,0.37504228949546814,0.6124069639508258,0.3981754183769226,45.63283920288086,29.66960906982422,44.60285568237305,"[0, 1, 2, 3, 4, 5, 6, 7, 8, 9, 10, 11, 12, 13, 14, 15, 16, 17]","{""c_in"": 1, ""c_out"": 1, ""d_ff"": 128, ""d_model"": 16, ""dropout"": 0.2, ""n_heads"": 4, ""n_layers"": 3, ""padding_patch"": true, ""patch_len"": 4, ""pred_dim"": 6, ""seq_len"": 24, ""station_mixer"": ""Conv1d(S,32,1)-GELU-Conv1d(32,1,1)"", ""stride"": 2}",,,,,,24,6,experiments/results/baselines/beijing/24h_6h,False,beijing,,True
plain_mix_patchtst_all_default,plain_mix_patchtst_all,2049,completed,7,0.7534523010253906,2.412978699998348,0.0120771559886634,test,18252,18249,C,default,default,18,,predictions/plain_mix_patchtst_all_default_seed2049.npz,0.46332859992980957,0.6806824516100071,0.4785805940628052,50.72031021118164,35.660911560058594,74.36817932128906,"[0, 1, 2, 3, 4, 5, 6, 7, 8, 9, 10, 11, 12, 13, 14, 15, 16, 17]","{""c_in"": 1, ""c_out"": 1, ""d_ff"": 128, ""d_model"": 16, ""dropout"": 0.2, ""n_heads"": 4, ""n_layers"": 3, ""padding_patch"": true, ""patch_len"": 4, ""pred_dim"": 6, ""seq_len"": 24, ""station_mixer"": ""Conv1d(S,32,1)-GELU-Conv1d(32,1,1)"", ""stride"": 2}",,,,,,24,6,experiments/results/baselines/beijing/24h_6h,False,beijing,,True
plain_mix_patchtst_top5_default,plain_mix_patchtst_top5,2047,completed,11,1.1174207925796509,3.2432189169921912,0.0120658770028967,test,17868,17865,C,default,default,6,,predictions/plain_mix_patchtst_top5_default_seed2047.npz,0.5922195315361023,0.7695580105073966,0.5218687057495117,57.34278106689453,38.886478424072266,52.97547149658203,"[9, 14, 11, 16, 15, 4]","{""c_in"": 1, ""c_out"": 1, ""d_ff"": 128, ""d_model"": 16, ""dropout"": 0.2, ""n_heads"": 4, ""n_layers"": 3, ""padding_patch"": true, ""patch_len"": 4, ""pred_dim"": 6, ""seq_len"": 24, ""station_mixer"": ""Conv1d(S,32,1)-GELU-Conv1d(32,1,1)"", ""stride"": 2}",,,,,,24,6,experiments/results/baselines/beijing/24h_6h,False,beijing,,True
plain_mix_patchtst_top5_default,plain_mix_patchtst_top5,2048,completed,6,0.7784232497215271,2.2581267149944324,0.0120234869973501,test,17868,17865,C,default,default,6,,predictions/plain_mix_patchtst_top5_default_seed2048.npz,0.6502870321273804,0.8064037649511443,0.599565863609314,60.08830261230469,44.676002502441406,84.67799377441406,"[9, 14, 11, 16, 15, 4]","{""c_in"": 1, ""c_out"": 1, ""d_ff"": 128, ""d_model"": 16, ""dropout"": 0.2, ""n_heads"": 4, ""n_layers"": 3, ""padding_patch"": true, ""patch_len"": 4, ""pred_dim"": 6, ""seq_len"": 24, ""station_mixer"": ""Conv1d(S,32,1)-GELU-Conv1d(32,1,1)"", ""stride"": 2}",,,,,,24,6,experiments/results/baselines/beijing/24h_6h,False,beijing,,True
plain_mix_patchtst_top5_default,plain_mix_patchtst_top5,2049,completed,12,1.271622657775879,3.200885066005867,0.0120948860130738,test,17868,17865,C,default,default,6,,predictions/plain_mix_patchtst_top5_default_seed2049.npz,0.655282735824585,0.8094953587418429,0.6096893548965454,60.31867218017578,45.43033981323242,61.97292709350586,"[9, 14, 11, 16, 15, 4]","{""c_in"": 1, ""c_out"": 1, ""d_ff"": 128, ""d_model"": 16, ""dropout"": 0.2, ""n_heads"": 4, ""n_layers"": 3, ""padding_patch"": true, ""patch_len"": 4, ""pred_dim"": 6, ""seq_len"": 24, ""station_mixer"": ""Conv1d(S,32,1)-GELU-Conv1d(32,1,1)"", ""stride"": 2}",,,,,,24,6,experiments/results/baselines/beijing/24h_6h,False,beijing,,True
patchtst_ci_all_default,patchtst_ci_all,2047,completed,24,0.5050416588783264,62.99663864799368,0.1452764120040228,test,17645,17642,C,default,default,18,,predictions/patchtst_ci_all_default_seed2047.npz,0.30944886803627014,0.5562812849955229,0.3154100179672241,41.45069885253906,23.502437591552734,33.39360427856445,"[0, 1, 2, 3, 4, 5, 6, 7, 8, 9, 10, 11, 12, 13, 14, 15, 16, 17]","{""c_in"": 18, ""c_out"": 1, ""d_ff"": 128, ""d_model"": 16, ""dropout"": 0.2, ""n_heads"": 4, ""n_layers"": 3, ""padding_patch"": true, ""patch_len"": 4, ""pred_dim"": 6, ""seq_len"": 24, ""stride"": 2}",,,,,,24,6,experiments/results/baselines/beijing/24h_6h,False,beijing,,True
patchtst_ci_all_default,patchtst_ci_all,2048,completed,15,0.5019201040267944,44.61808177099738,0.1454148710035951,test,17645,17642,C,default,default,18,,predictions/patchtst_ci_all_default_seed2048.npz,0.3083624243736267,0.5553039027178062,0.3132229447364807,41.377864837646484,23.339468002319336,32.9784049987793,"[0, 1, 2, 3, 4, 5, 6, 7, 8, 9, 10, 11, 12, 13, 14, 15, 16, 17]","{""c_in"": 18, ""c_out"": 1, ""d_ff"": 128, ""d_model"": 16, ""dropout"": 0.2, ""n_heads"": 4, ""n_layers"": 3, ""padding_patch"": true, ""patch_len"": 4, ""pred_dim"": 6, ""seq_len"": 24, ""stride"": 2}",,,,,,24,6,experiments/results/baselines/beijing/24h_6h,False,beijing,,True
patchtst_ci_all_default,patchtst_ci_all,2049,completed,19,0.5037871599197388,52.44397182800458,0.1448596800037194,test,17645,17642,C,default,default,18,,predictions/patchtst_ci_all_default_seed2049.npz,0.3074837327003479,0.5545121573963441,0.31280380487442017,41.318870544433594,23.30823516845703,33.4062385559082,"[0, 1, 2, 3, 4, 5, 6, 7, 8, 9, 10, 11, 12, 13, 14, 15, 16, 17]","{""c_in"": 18, ""c_out"": 1, ""d_ff"": 128, ""d_model"": 16, ""dropout"": 0.2, ""n_heads"": 4, ""n_layers"": 3, ""padding_patch"": true, ""patch_len"": 4, ""pred_dim"": 6, ""seq_len"": 24, ""stride"": 2}",,,,,,24,6,experiments/results/baselines/beijing/24h_6h,False,beijing,,True
patchtst_ci_top5_default,patchtst_ci_top5,2047,completed,29,0.5021386742591858,24.293693268002244,0.0496433869993779,test,17621,17618,C,default,default,6,,predictions/patchtst_ci_top5_default_seed2047.npz,0.30680006742477417,0.553895357829233,0.3139379322528839,41.27291488647461,23.392744064331055,33.502315521240234,"[9, 14, 11, 16, 15, 4]","{""c_in"": 6, ""c_out"": 1, ""d_ff"": 128, ""d_model"": 16, ""dropout"": 0.2, ""n_heads"": 4, ""n_layers"": 3, ""padding_patch"": true, ""patch_len"": 4, ""pred_dim"": 6, ""seq_len"": 24, ""stride"": 2}",,,,,,24,6,experiments/results/baselines/beijing/24h_6h,False,beijing,,True
patchtst_ci_top5_default,patchtst_ci_top5,2048,completed,30,0.5026459097862244,24.15589749900392,0.0494964990066364,test,17621,17618,C,default,default,6,,predictions/patchtst_ci_top5_default_seed2048.npz,0.3084125518798828,0.5553490360844096,0.3138636648654938,41.38123321533203,23.387210845947266,32.98402786254883,"[9, 14, 11, 16, 15, 4]","{""c_in"": 6, ""c_out"": 1, ""d_ff"": 128, ""d_model"": 16, ""dropout"": 0.2, ""n_heads"": 4, ""n_layers"": 3, ""padding_patch"": true, ""patch_len"": 4, ""pred_dim"": 6, ""seq_len"": 24, ""stride"": 2}",,,,,,24,6,experiments/results/baselines/beijing/24h_6h,False,beijing,,True
patchtst_ci_top5_default,patchtst_ci_top5,2049,completed,15,0.5080605745315552,14.831439788991702,0.0497424149943981,test,17621,17618,C,default,default,6,,predictions/patchtst_ci_top5_default_seed2049.npz,0.31115132570266724,0.5578093990806064,0.31289753317832947,41.5645637512207,23.31521987915039,32.760841369628906,"[9, 14, 11, 16, 15, 4]","{""c_in"": 6, ""c_out"": 1, ""d_ff"": 128, ""d_model"": 16, ""dropout"": 0.2, ""n_heads"": 4, ""n_layers"": 3, ""padding_patch"": true, ""patch_len"": 4, ""pred_dim"": 6, ""seq_len"": 24, ""stride"": 2}",,,,,,24,6,experiments/results/baselines/beijing/24h_6h,False,beijing,,True
multi_gru_default,multi_gru,2047,completed,19,0.4198937118053436,3.979257028986467,0.00947522399656,test,36606,36606,C,default,default,18,,predictions/multi_gru_default_seed2047.npz,0.27559781074523926,0.5249741048330282,0.3103446960449219,39.11787796020508,23.124996185302734,33.796566009521484,"[0, 1, 2, 3, 4, 5, 6, 7, 8, 9, 10, 11, 12, 13, 14, 15, 16, 17]","{""hidden_size"": 100}",,,,,,24,6,experiments/results/baselines/beijing/24h_6h,False,beijing,,True
multi_gru_default,multi_gru,2048,completed,10,0.4108645319938659,2.7890705129975686,0.0099193679925519,test,36606,36606,C,default,default,18,,predictions/multi_gru_default_seed2048.npz,0.27197572588920593,0.5215129201555854,0.3093176484107971,38.85997009277344,23.0484676361084,33.83399963378906,"[0, 1, 2, 3, 4, 5, 6, 7, 8, 9, 10, 11, 12, 13, 14, 15, 16, 17]","{""hidden_size"": 100}",,,,,,24,6,experiments/results/baselines/beijing/24h_6h,False,beijing,,True
multi_gru_default,multi_gru,2049,completed,15,0.4123173952102661,3.4177975229977164,0.00940720399376,test,36606,36606,C,default,default,18,,predictions/multi_gru_default_seed2049.npz,0.2818891704082489,0.5309323595414476,0.31427693367004395,39.56184768676758,23.41800308227539,33.76042938232422,"[0, 1, 2, 3, 4, 5, 6, 7, 8, 9, 10, 11, 12, 13, 14, 15, 16, 17]","{""hidden_size"": 100}",,,,,,24,6,experiments/results/baselines/beijing/24h_6h,False,beijing,,True
concat_patchtst_all_default,concat_patchtst_all,2047,completed,16,0.4428892135620117,75.13041164900642,0.189072656998178,test,40459,40456,C,default,default,18,,predictions/concat_patchtst_all_default_seed2047.npz,0.35283517837524414,0.5939993083962676,0.3624100983142853,44.26121520996094,27.004596710205078,42.53105926513672,"[0, 1, 2, 3, 4, 5, 6, 7, 8, 9, 10, 11, 12, 13, 14, 15, 16, 17]","{""c_in"": 1, ""c_out"": 1, ""d_ff"": 128, ""d_model"": 16, ""dropout"": 0.2, ""n_heads"": 4, ""n_layers"": 3, ""padding_patch"": true, ""patch_len"": 4, ""pred_dim"": 6, ""seq_len"": 432, ""station_flatten_order"": ""station_major"", ""stride"": 2}",,,,,,24,6,experiments/results/baselines/beijing/24h_6h,False,beijing,,True
concat_patchtst_all_default,concat_patchtst_all,2048,completed,19,0.4290062189102173,83.43090199799917,0.1854659629898378,test,40459,40456,C,default,default,18,,predictions/concat_patchtst_all_default_seed2048.npz,0.3654925525188446,0.6045598006143351,0.3609279990196228,45.048118591308594,26.89415740966797,42.786434173583984,"[0, 1, 2, 3, 4, 5, 6, 7, 8, 9, 10, 11, 12, 13, 14, 15, 16, 17]","{""c_in"": 1, ""c_out"": 1, ""d_ff"": 128, ""d_model"": 16, ""dropout"": 0.2, ""n_heads"": 4, ""n_layers"": 3, ""padding_patch"": true, ""patch_len"": 4, ""pred_dim"": 6, ""seq_len"": 432, ""station_flatten_order"": ""station_major"", ""stride"": 2}",,,,,,24,6,experiments/results/baselines/beijing/24h_6h,False,beijing,,True
concat_patchtst_all_default,concat_patchtst_all,2049,completed,14,0.4254520833492279,67.98121727000398,0.1855055449996143,test,40459,40456,C,default,default,18,,predictions/concat_patchtst_all_default_seed2049.npz,0.399179607629776,0.6318066220211498,0.3768635392189026,47.07838439941406,28.08157730102539,43.44532012939453,"[0, 1, 2, 3, 4, 5, 6, 7, 8, 9, 10, 11, 12, 13, 14, 15, 16, 17]","{""c_in"": 1, ""c_out"": 1, ""d_ff"": 128, ""d_model"": 16, ""dropout"": 0.2, ""n_heads"": 4, ""n_layers"": 3, ""padding_patch"": true, ""patch_len"": 4, ""pred_dim"": 6, ""seq_len"": 432, ""station_flatten_order"": ""station_major"", ""stride"": 2}",,,,,,24,6,experiments/results/baselines/beijing/24h_6h,False,beijing,,True
center_gru_default,center_gru,2047,completed,19,0.791337788105011,7.580200444004731,0.0167405050015077,test,32112,32112,B,default,default,1,,predictions/center_gru_default_seed2047.npz,0.45771369338035583,0.6765454111738219,0.4270477294921875,50.37738800048828,31.799116134643555,43.73809814453125,[9],"{""hidden_size"": 100}",,,,,,48,12,experiments/results/baselines/beijing/48h_12h,False,beijing,,True
center_gru_default,center_gru,2048,completed,26,0.7929512858390808,9.199094060008065,0.0167482149990974,test,32112,32112,B,default,default,1,,predictions/center_gru_default_seed2048.npz,0.4513481855392456,0.6718245199002829,0.4261307120323181,50.025856018066406,31.730836868286133,43.73929977416992,[9],"{""hidden_size"": 100}",,,,,,48,12,experiments/results/baselines/beijing/48h_12h,False,beijing,,True
center_gru_default,center_gru,2049,completed,25,0.7720959186553955,9.125065710002673,0.0167061350075528,test,32112,32112,B,default,default,1,,predictions/center_gru_default_seed2049.npz,0.45345160365104675,0.6733881522948312,0.427504301071167,50.14228820800781,31.833120346069336,44.19293975830078,[9],"{""hidden_size"": 100}",,,,,,48,12,experiments/results/baselines/beijing/48h_12h,False,beijing,,True
center_lstm_default,center_lstm,2047,completed,17,0.7325414419174194,4.267922941013239,0.012242752010934,test,42412,42412,B,default,default,1,,predictions/center_lstm_default_seed2047.npz,0.5361416935920715,0.7322169716635033,0.48153263330459595,54.52284240722656,35.8562126159668,47.496009826660156,[9],"{""hidden_size"": 100}",,,,,,48,12,experiments/results/baselines/beijing/48h_12h,False,beijing,,True
center_lstm_default,center_lstm,2048,completed,18,0.7782832980155945,4.578707188004046,0.0122297119960421,test,42412,42412,B,default,default,1,,predictions/center_lstm_default_seed2048.npz,0.523346483707428,0.7234269028087275,0.46664202213287354,53.868309020996094,34.747413635253906,46.29429244995117,[9],"{""hidden_size"": 100}",,,,,,48,12,experiments/results/baselines/beijing/48h_12h,False,beijing,,True
center_lstm_default,center_lstm,2049,completed,10,0.780738115310669,3.0829174899990903,0.0122986119968118,test,42412,42412,B,default,default,1,,predictions/center_lstm_default_seed2049.npz,0.5070741176605225,0.7120913688990497,0.4506687819957733,53.02423858642578,33.558006286621094,46.024776458740234,[9],"{""hidden_size"": 100}",,,,,,48,12,experiments/results/baselines/beijing/48h_12h,False,beijing,,True
center_tcn_default,center_tcn,2047,completed,28,0.879599392414093,215.0575878640084,0.6178832340083318,test,66962,66962,B,default,default,1,,predictions/center_tcn_default_seed2047.npz,0.5653301477432251,0.7518843978586237,0.5193583369255066,55.987327575683594,38.67281723022461,53.25592041015625,[9],"{""ks"": 7, ""layers"": [25, 25, 25, 25, 25, 25, 25, 25]}",,,,,,48,12,experiments/results/baselines/beijing/48h_12h,False,beijing,,True
center_tcn_default,center_tcn,2048,completed,36,0.8711857795715332,237.42055200699545,0.2880014080001274,test,66962,66962,B,default,default,1,,predictions/center_tcn_default_seed2048.npz,0.5547540783882141,0.7448181512209635,0.500805675983429,55.46115493774414,37.29133224487305,51.29322814941406,[9],"{""ks"": 7, ""layers"": [25, 25, 25, 25, 25, 25, 25, 25]}",,,,,,48,12,experiments/results/baselines/beijing/48h_12h,False,beijing,,True
center_tcn_default,center_tcn,2049,completed,30,0.814018189907074,225.71478300800663,0.2875536009960342,test,66962,66962,B,default,default,1,,predictions/center_tcn_default_seed2049.npz,0.5827644467353821,0.7633901012820261,0.5257105231285095,56.84407424926758,39.14582061767578,53.72442626953125,[9],"{""ks"": 7, ""layers"": [25, 25, 25, 25, 25, 25, 25, 25]}",,,,,,48,12,experiments/results/baselines/beijing/48h_12h,False,beijing,,True
plain_mix_patchtst_all_default,plain_mix_patchtst_all,2047,completed,2,1.1151018142700195,2.4912860240001464,0.0243826340010855,test,21906,21903,C,default,default,18,,predictions/plain_mix_patchtst_all_default_seed2047.npz,0.6073865294456482,0.7793500686120765,0.5998006463050842,58.032501220703125,44.66276550292969,63.5759162902832,"[0, 1, 2, 3, 4, 5, 6, 7, 8, 9, 10, 11, 12, 13, 14, 15, 16, 17]","{""c_in"": 1, ""c_out"": 1, ""d_ff"": 128, ""d_model"": 16, ""dropout"": 0.2, ""n_heads"": 4, ""n_layers"": 3, ""padding_patch"": true, ""patch_len"": 4, ""pred_dim"": 12, ""seq_len"": 48, ""station_mixer"": ""Conv1d(S,32,1)-GELU-Conv1d(32,1,1)"", ""stride"": 2}",,,,,,48,12,experiments/results/baselines/beijing/48h_12h,False,beijing,,True
plain_mix_patchtst_all_default,plain_mix_patchtst_all,2048,completed,9,0.9609683752059937,4.382425057992805,0.0137907169992104,test,21906,21903,C,default,default,18,,predictions/plain_mix_patchtst_all_default_seed2048.npz,0.5095821022987366,0.7138501959786356,0.4869192838668823,53.15520477294922,36.25731658935547,50.43132781982422,"[0, 1, 2, 3, 4, 5, 6, 7, 8, 9, 10, 11, 12, 13, 14, 15, 16, 17]","{""c_in"": 1, ""c_out"": 1, ""d_ff"": 128, ""d_model"": 16, ""dropout"": 0.2, ""n_heads"": 4, ""n_layers"": 3, ""padding_patch"": true, ""patch_len"": 4, ""pred_dim"": 12, ""seq_len"": 48, ""station_mixer"": ""Conv1d(S,32,1)-GELU-Conv1d(32,1,1)"", ""stride"": 2}",,,,,,48,12,experiments/results/baselines/beijing/48h_12h,False,beijing,,True
plain_mix_patchtst_all_default,plain_mix_patchtst_all,2049,completed,1,1.1195605993270874,2.209043976996327,0.0138436669949442,test,21906,21903,C,default,default,18,,predictions/plain_mix_patchtst_all_default_seed2049.npz,0.6349884867668152,0.7968616484477185,0.5530641078948975,59.336456298828125,41.182640075683594,56.84479904174805,"[0, 1, 2, 3, 4, 5, 6, 7, 8, 9, 10, 11, 12, 13, 14, 15, 16, 17]","{""c_in"": 1, ""c_out"": 1, ""d_ff"": 128, ""d_model"": 16, ""dropout"": 0.2, ""n_heads"": 4, ""n_layers"": 3, ""padding_patch"": true, ""patch_len"": 4, ""pred_dim"": 12, ""seq_len"": 48, ""station_mixer"": ""Conv1d(S,32,1)-GELU-Conv1d(32,1,1)"", ""stride"": 2}",,,,,,48,12,experiments/results/baselines/beijing/48h_12h,False,beijing,,True
plain_mix_patchtst_top5_default,plain_mix_patchtst_top5,2047,completed,6,1.14785897731781,3.449120713004959,0.0235022389970254,test,21522,21519,C,default,default,6,,predictions/plain_mix_patchtst_top5_default_seed2047.npz,0.973385751247406,0.9866031376634711,0.7415491938591003,73.46511840820312,55.21774673461914,69.9471664428711,"[9, 14, 11, 16, 15, 4]","{""c_in"": 1, ""c_out"": 1, ""d_ff"": 128, ""d_model"": 16, ""dropout"": 0.2, ""n_heads"": 4, ""n_layers"": 3, ""padding_patch"": true, ""patch_len"": 4, ""pred_dim"": 12, ""seq_len"": 48, ""station_mixer"": ""Conv1d(S,32,1)-GELU-Conv1d(32,1,1)"", ""stride"": 2}",,,,,,48,12,experiments/results/baselines/beijing/48h_12h,False,beijing,,True
plain_mix_patchtst_top5_default,plain_mix_patchtst_top5,2048,completed,9,0.9026304483413696,4.180004686990287,0.0138949079992016,test,21522,21519,C,default,default,6,,predictions/plain_mix_patchtst_top5_default_seed2048.npz,0.5402634143829346,0.7350261317687519,0.49613896012306213,54.73202133178711,36.94384002685547,60.5438232421875,"[9, 14, 11, 16, 15, 4]","{""c_in"": 1, ""c_out"": 1, ""d_ff"": 128, ""d_model"": 16, ""dropout"": 0.2, ""n_heads"": 4, ""n_layers"": 3, ""padding_patch"": true, ""patch_len"": 4, ""pred_dim"": 12, ""seq_len"": 48, ""station_mixer"": ""Conv1d(S,32,1)-GELU-Conv1d(32,1,1)"", ""stride"": 2}",,,,,,48,12,experiments/results/baselines/beijing/48h_12h,False,beijing,,True
plain_mix_patchtst_top5_default,plain_mix_patchtst_top5,2049,completed,4,1.0968890190124512,3.149393321000389,0.01377879800566,test,21522,21519,C,default,default,6,,predictions/plain_mix_patchtst_top5_default_seed2049.npz,0.6779283881187439,0.8233640677845638,0.562357485294342,61.309898376464844,41.8746452331543,60.31498336791992,"[9, 14, 11, 16, 15, 4]","{""c_in"": 1, ""c_out"": 1, ""d_ff"": 128, ""d_model"": 16, ""dropout"": 0.2, ""n_heads"": 4, ""n_layers"": 3, ""padding_patch"": true, ""patch_len"": 4, ""pred_dim"": 12, ""seq_len"": 48, ""station_mixer"": ""Conv1d(S,32,1)-GELU-Conv1d(32,1,1)"", ""stride"": 2}",,,,,,48,12,experiments/results/baselines/beijing/48h_12h,False,beijing,,True
patchtst_ci_all_default,patchtst_ci_all,2047,completed,10,0.8357337713241577,65.2715799669968,0.1968269030039664,test,21299,21296,C,default,default,18,,predictions/patchtst_ci_all_default_seed2047.npz,0.5399831533432007,0.7348354600474862,0.45486393570899963,54.71781921386719,33.870391845703125,44.74000549316406,"[0, 1, 2, 3, 4, 5, 6, 7, 8, 9, 10, 11, 12, 13, 14, 15, 16, 17]","{""c_in"": 18, ""c_out"": 1, ""d_ff"": 128, ""d_model"": 16, ""dropout"": 0.2, ""n_heads"": 4, ""n_layers"": 3, ""padding_patch"": true, ""patch_len"": 4, ""pred_dim"": 12, ""seq_len"": 48, ""stride"": 2}",,,,,,48,12,experiments/results/baselines/beijing/48h_12h,False,beijing,,True
patchtst_ci_all_default,patchtst_ci_all,2048,completed,12,0.8245947957038879,71.54665459399985,0.1968904949899297,test,21299,21296,C,default,default,18,,predictions/patchtst_ci_all_default_seed2048.npz,0.590864896774292,0.768677368454602,0.47434771060943604,57.2377815246582,35.32120132446289,45.78852844238281,"[0, 1, 2, 3, 4, 5, 6, 7, 8, 9, 10, 11, 12, 13, 14, 15, 16, 17]","{""c_in"": 18, ""c_out"": 1, ""d_ff"": 128, ""d_model"": 16, ""dropout"": 0.2, ""n_heads"": 4, ""n_layers"": 3, ""padding_patch"": true, ""patch_len"": 4, ""pred_dim"": 12, ""seq_len"": 48, ""stride"": 2}",,,,,,48,12,experiments/results/baselines/beijing/48h_12h,False,beijing,,True
patchtst_ci_all_default,patchtst_ci_all,2049,completed,12,0.8216550946235657,71.75954764899507,0.1967401319998316,test,21299,21296,C,default,default,18,,predictions/patchtst_ci_all_default_seed2049.npz,0.579709529876709,0.7613865837251855,0.4679024815559387,56.694889068603516,34.84127426147461,46.58149719238281,"[0, 1, 2, 3, 4, 5, 6, 7, 8, 9, 10, 11, 12, 13, 14, 15, 16, 17]","{""c_in"": 18, ""c_out"": 1, ""d_ff"": 128, ""d_model"": 16, ""dropout"": 0.2, ""n_heads"": 4, ""n_layers"": 3, ""padding_patch"": true, ""patch_len"": 4, ""pred_dim"": 12, ""seq_len"": 48, ""stride"": 2}",,,,,,48,12,experiments/results/baselines/beijing/48h_12h,False,beijing,,True
patchtst_ci_top5_default,patchtst_ci_top5,2047,completed,10,0.831061065196991,22.728234218986472,0.0611356660083401,test,21275,21272,C,default,default,6,,predictions/patchtst_ci_top5_default_seed2047.npz,0.5472095012664795,0.7397361024490284,0.45710474252700806,55.082733154296875,34.03724670410156,45.60664749145508,"[9, 14, 11, 16, 15, 4]","{""c_in"": 6, ""c_out"": 1, ""d_ff"": 128, ""d_model"": 16, ""dropout"": 0.2, ""n_heads"": 4, ""n_layers"": 3, ""padding_patch"": true, ""patch_len"": 4, ""pred_dim"": 12, ""seq_len"": 48, ""stride"": 2}",,,,,,48,12,experiments/results/baselines/beijing/48h_12h,False,beijing,,True
patchtst_ci_top5_default,patchtst_ci_top5,2048,completed,10,0.831078827381134,22.072263415000634,0.0606353979965206,test,21275,21272,C,default,default,6,,predictions/patchtst_ci_top5_default_seed2048.npz,0.5597063302993774,0.7481352353013306,0.46765077114105225,55.708160400390625,34.822532653808594,46.38428497314453,"[9, 14, 11, 16, 15, 4]","{""c_in"": 6, ""c_out"": 1, ""d_ff"": 128, ""d_model"": 16, ""dropout"": 0.2, ""n_heads"": 4, ""n_layers"": 3, ""padding_patch"": true, ""patch_len"": 4, ""pred_dim"": 12, ""seq_len"": 48, ""stride"": 2}",,,,,,48,12,experiments/results/baselines/beijing/48h_12h,False,beijing,,True
patchtst_ci_top5_default,patchtst_ci_top5,2049,completed,12,0.8197482824325562,24.727459197994904,0.060969220008701,test,21275,21272,C,default,default,6,,predictions/patchtst_ci_top5_default_seed2049.npz,0.5975808501243591,0.7730335375159082,0.4761573374271393,57.56215286254883,35.455955505371094,48.264549255371094,"[9, 14, 11, 16, 15, 4]","{""c_in"": 6, ""c_out"": 1, ""d_ff"": 128, ""d_model"": 16, ""dropout"": 0.2, ""n_heads"": 4, ""n_layers"": 3, ""padding_patch"": true, ""patch_len"": 4, ""pred_dim"": 12, ""seq_len"": 48, ""stride"": 2}",,,,,,48,12,experiments/results/baselines/beijing/48h_12h,False,beijing,,True
multi_gru_default,multi_gru,2047,completed,7,0.7598215937614441,4.104361662990414,0.0171772409958066,test,37212,37212,C,default,default,18,,predictions/multi_gru_default_seed2047.npz,0.5084249973297119,0.7130392677333499,0.4655114412307739,53.094818115234375,34.663230895996094,48.76110076904297,"[0, 1, 2, 3, 4, 5, 6, 7, 8, 9, 10, 11, 12, 13, 14, 15, 16, 17]","{""hidden_size"": 100}",,,,,,48,12,experiments/results/baselines/beijing/48h_12h,False,beijing,,True
multi_gru_default,multi_gru,2048,completed,8,0.7553701400756836,4.37266806900152,0.0171056420076638,test,37212,37212,C,default,default,18,,predictions/multi_gru_default_seed2048.npz,0.48257341980934143,0.6946750461973867,0.4494698643684387,51.72736740112305,33.46873092651367,47.27827453613281,"[0, 1, 2, 3, 4, 5, 6, 7, 8, 9, 10, 11, 12, 13, 14, 15, 16, 17]","{""hidden_size"": 100}",,,,,,48,12,experiments/results/baselines/beijing/48h_12h,False,beijing,,True
multi_gru_default,multi_gru,2049,completed,6,0.7404158115386963,3.837563878987567,0.0171686810062965,test,37212,37212,C,default,default,18,,predictions/multi_gru_default_seed2049.npz,0.46786749362945557,0.6840084017243176,0.4420061409473419,50.933101654052734,32.9129638671875,46.47312927246094,"[0, 1, 2, 3, 4, 5, 6, 7, 8, 9, 10, 11, 12, 13, 14, 15, 16, 17]","{""hidden_size"": 100}",,,,,,48,12,experiments/results/baselines/beijing/48h_12h,False,beijing,,True
center_gru_default,center_gru,2047,completed,29,0.099111683666706,11.414304164005443,0.0166220249957405,test,31001,31001,B,default,default,1,,predictions/center_gru_default_seed2047.npz,0.08190098404884338,0.2861834796923879,0.13355615735054016,21.315120697021484,9.947344779968262,16.5391845703125,[9],"{""hidden_size"": 100}",,,,,,48,1,experiments/results/baselines/beijing/48h_1h,False,beijing,,True
center_gru_default,center_gru,2048,completed,24,0.0990528091788292,8.825425543996971,0.016751273011323,test,31001,31001,B,default,default,1,,predictions/center_gru_default_seed2048.npz,0.08205676823854446,0.2864555257601858,0.13375550508499146,21.33538246154785,9.962190628051758,16.723705291748047,[9],"{""hidden_size"": 100}",,,,,,48,1,experiments/results/baselines/beijing/48h_1h,False,beijing,,True
center_gru_default,center_gru,2049,completed,38,0.0989038199186325,10.882162067995525,0.0167382809886476,test,31001,31001,B,default,default,1,,predictions/center_gru_default_seed2049.npz,0.08327243477106094,0.28856963591317253,0.13279570639133453,21.492841720581055,9.890704154968262,16.22667694091797,[9],"{""hidden_size"": 100}",,,,,,48,1,experiments/results/baselines/beijing/48h_1h,False,beijing,,True
center_lstm_default,center_lstm,2047,completed,27,0.0989585891366005,7.066171498008771,0.0123529870033962,test,41301,41301,B,default,default,1,,predictions/center_lstm_default_seed2047.npz,0.08128613978624344,0.2851072426057315,0.13230149447917938,21.234960556030273,9.85389518737793,15.839402198791504,[9],"{""hidden_size"": 100}",,,,,,48,1,experiments/results/baselines/beijing/48h_1h,False,beijing,,True
center_lstm_default,center_lstm,2048,completed,24,0.0976847037672996,5.26806924000266,0.0121602889994392,test,41301,41301,B,default,default,1,,predictions/center_lstm_default_seed2048.npz,0.07955187559127808,0.2820494204767634,0.13351912796497345,21.007211685180664,9.944586753845215,16.023588180541992,[9],"{""hidden_size"": 100}",,,,,,48,1,experiments/results/baselines/beijing/48h_1h,False,beijing,,True
center_lstm_default,center_lstm,2049,completed,31,0.0972773432731628,6.564027814994915,0.012164207000751,test,41301,41301,B,default,default,1,,predictions/center_lstm_default_seed2049.npz,0.08018181473016739,0.28316393613976937,0.13195320963859558,21.090219497680664,9.827954292297363,15.724949836730957,[9],"{""hidden_size"": 100}",,,,,,48,1,experiments/results/baselines/beijing/48h_1h,False,beijing,,True
center_tcn_default,center_tcn,2047,completed,20,0.3327538669109344,169.52712074000738,0.6152216520131333,test,66676,66676,B,default,default,1,,predictions/center_tcn_default_seed2047.npz,0.2342633306980133,0.48400757297589186,0.3161170780658722,36.04917907714844,23.544593811035156,42.44957733154297,[9],"{""ks"": 7, ""layers"": [25, 25, 25, 25, 25, 25, 25, 25]}",,,,,,48,1,experiments/results/baselines/beijing/48h_1h,False,beijing,,True
center_tcn_default,center_tcn,2048,completed,34,0.2142119854688644,237.5824688199937,0.2885557580011664,test,66676,66676,B,default,default,1,,predictions/center_tcn_default_seed2048.npz,0.15857744216918945,0.39821783256050886,0.238411545753479,29.659503936767578,17.757034301757812,29.933839797973633,[9],"{""ks"": 7, ""layers"": [25, 25, 25, 25, 25, 25, 25, 25]}",,,,,,48,1,experiments/results/baselines/beijing/48h_1h,False,beijing,,True
center_tcn_default,center_tcn,2049,completed,40,0.1775597482919693,237.78884577399003,0.2908371410012478,test,66676,66676,B,default,default,1,,predictions/center_tcn_default_seed2049.npz,0.1376497596502304,0.37101180527070887,0.2064315378665924,27.6331844329834,15.375147819519043,25.959800720214844,[9],"{""ks"": 7, ""layers"": [25, 25, 25, 25, 25, 25, 25, 25]}",,,,,,48,1,experiments/results/baselines/beijing/48h_1h,False,beijing,,True
plain_mix_patchtst_all_default,plain_mix_patchtst_all,2047,completed,7,0.4288173019886017,3.763636464005685,0.0228369020042009,test,17671,17668,C,default,default,18,,predictions/plain_mix_patchtst_all_default_seed2047.npz,0.2710876166820526,0.5206607500878596,0.4003390669822693,38.77912521362305,29.81749725341797,51.52210998535156,"[0, 1, 2, 3, 4, 5, 6, 7, 8, 9, 10, 11, 12, 13, 14, 15, 16, 17]","{""c_in"": 1, ""c_out"": 1, ""d_ff"": 128, ""d_model"": 16, ""dropout"": 0.2, ""n_heads"": 4, ""n_layers"": 3, ""padding_patch"": true, ""patch_len"": 4, ""pred_dim"": 1, ""seq_len"": 48, ""station_mixer"": ""Conv1d(S,32,1)-GELU-Conv1d(32,1,1)"", ""stride"": 2}",,,,,,48,1,experiments/results/baselines/beijing/48h_1h,False,beijing,,True
plain_mix_patchtst_all_default,plain_mix_patchtst_all,2048,completed,2,0.4649723470211029,2.4449401599995326,0.0137689050025073,test,17671,17668,C,default,default,18,,predictions/plain_mix_patchtst_all_default_seed2048.npz,0.262338787317276,0.5121901866663163,0.37023112177848816,38.14823532104492,27.575040817260742,45.91883087158203,"[0, 1, 2, 3, 4, 5, 6, 7, 8, 9, 10, 11, 12, 13, 14, 15, 16, 17]","{""c_in"": 1, ""c_out"": 1, ""d_ff"": 128, ""d_model"": 16, ""dropout"": 0.2, ""n_heads"": 4, ""n_layers"": 3, ""padding_patch"": true, ""patch_len"": 4, ""pred_dim"": 1, ""seq_len"": 48, ""station_mixer"": ""Conv1d(S,32,1)-GELU-Conv1d(32,1,1)"", ""stride"": 2}",,,,,,48,1,experiments/results/baselines/beijing/48h_1h,False,beijing,,True
plain_mix_patchtst_all_default,plain_mix_patchtst_all,2049,completed,8,0.661063551902771,4.088195365999127,0.013773434999166,test,17671,17668,C,default,default,18,,predictions/plain_mix_patchtst_all_default_seed2049.npz,0.37194427847862244,0.6098723460517147,0.4646148085594177,45.42366027832031,34.604793548583984,52.65299606323242,"[0, 1, 2, 3, 4, 5, 6, 7, 8, 9, 10, 11, 12, 13, 14, 15, 16, 17]","{""c_in"": 1, ""c_out"": 1, ""d_ff"": 128, ""d_model"": 16, ""dropout"": 0.2, ""n_heads"": 4, ""n_layers"": 3, ""padding_patch"": true, ""patch_len"": 4, ""pred_dim"": 1, ""seq_len"": 48, ""station_mixer"": ""Conv1d(S,32,1)-GELU-Conv1d(32,1,1)"", ""stride"": 2}",,,,,,48,1,experiments/results/baselines/beijing/48h_1h,False,beijing,,True
plain_mix_patchtst_top5_default,plain_mix_patchtst_top5,2047,completed,6,0.6349295973777771,3.4978698030026862,0.023219787995913,test,17287,17284,C,default,default,6,,predictions/plain_mix_patchtst_top5_default_seed2047.npz,0.8319900035858154,0.9121348604158354,0.6262746453285217,67.93635559082031,46.64531326293945,63.15727233886719,"[9, 14, 11, 16, 15, 4]","{""c_in"": 1, ""c_out"": 1, ""d_ff"": 128, ""d_model"": 16, ""dropout"": 0.2, ""n_heads"": 4, ""n_layers"": 3, ""padding_patch"": true, ""patch_len"": 4, ""pred_dim"": 1, ""seq_len"": 48, ""station_mixer"": ""Conv1d(S,32,1)-GELU-Conv1d(32,1,1)"", ""stride"": 2}",,,,,,48,1,experiments/results/baselines/beijing/48h_1h,False,beijing,,True
plain_mix_patchtst_top5_default,plain_mix_patchtst_top5,2048,completed,4,0.6838856935501099,2.9272136709914776,0.0138326330052223,test,17287,17284,C,default,default,6,,predictions/plain_mix_patchtst_top5_default_seed2048.npz,0.3962360918521881,0.6294728682415058,0.432862788438797,46.88351821899414,32.2398796081543,45.95573425292969,"[9, 14, 11, 16, 15, 4]","{""c_in"": 1, ""c_out"": 1, ""d_ff"": 128, ""d_model"": 16, ""dropout"": 0.2, ""n_heads"": 4, ""n_layers"": 3, ""padding_patch"": true, ""patch_len"": 4, ""pred_dim"": 1, ""seq_len"": 48, ""station_mixer"": ""Conv1d(S,32,1)-GELU-Conv1d(32,1,1)"", ""stride"": 2}",,,,,,48,1,experiments/results/baselines/beijing/48h_1h,False,beijing,,True
plain_mix_patchtst_top5_default,plain_mix_patchtst_top5,2049,completed,10,0.54163658618927,4.530702475007274,0.0141407899936893,test,17287,17284,C,default,default,6,,predictions/plain_mix_patchtst_top5_default_seed2049.npz,0.5157229900360107,0.7181385590789641,0.49771201610565186,53.487396240234375,37.06989288330078,55.4615364074707,"[9, 14, 11, 16, 15, 4]","{""c_in"": 1, ""c_out"": 1, ""d_ff"": 128, ""d_model"": 16, ""dropout"": 0.2, ""n_heads"": 4, ""n_layers"": 3, ""padding_patch"": true, ""patch_len"": 4, ""pred_dim"": 1, ""seq_len"": 48, ""station_mixer"": ""Conv1d(S,32,1)-GELU-Conv1d(32,1,1)"", ""stride"": 2}",,,,,,48,1,experiments/results/baselines/beijing/48h_1h,False,beijing,,True
patchtst_ci_all_default,patchtst_ci_all,2047,completed,17,0.1022227481007576,91.31463330100814,0.1967232479946687,test,17064,17061,C,default,default,18,,predictions/patchtst_ci_all_default_seed2047.npz,0.08630882203578949,0.29378363132718865,0.14411309361457825,21.881183624267578,10.733631134033203,19.57052230834961,"[0, 1, 2, 3, 4, 5, 6, 7, 8, 9, 10, 11, 12, 13, 14, 15, 16, 17]","{""c_in"": 18, ""c_out"": 1, ""d_ff"": 128, ""d_model"": 16, ""dropout"": 0.2, ""n_heads"": 4, ""n_layers"": 3, ""padding_patch"": true, ""patch_len"": 4, ""pred_dim"": 1, ""seq_len"": 48, ""stride"": 2}",,,,,,48,1,experiments/results/baselines/beijing/48h_1h,False,beijing,,True
patchtst_ci_all_default,patchtst_ci_all,2048,completed,25,0.1023066490888595,118.28020963100424,0.1960317300108727,test,17064,17061,C,default,default,18,,predictions/patchtst_ci_all_default_seed2048.npz,0.0839514210820198,0.28974371620799616,0.13852547109127045,21.58028793334961,10.317461013793945,17.12702178955078,"[0, 1, 2, 3, 4, 5, 6, 7, 8, 9, 10, 11, 12, 13, 14, 15, 16, 17]","{""c_in"": 18, ""c_out"": 1, ""d_ff"": 128, ""d_model"": 16, ""dropout"": 0.2, ""n_heads"": 4, ""n_layers"": 3, ""padding_patch"": true, ""patch_len"": 4, ""pred_dim"": 1, ""seq_len"": 48, ""stride"": 2}",,,,,,48,1,experiments/results/baselines/beijing/48h_1h,False,beijing,,True
patchtst_ci_all_default,patchtst_ci_all,2049,completed,37,0.1012487933039665,143.07272951101186,0.1960204459901433,test,17064,17061,C,default,default,18,,predictions/patchtst_ci_all_default_seed2049.npz,0.08277032524347305,0.287698323324056,0.136504665017128,21.427946090698242,10.166950225830078,16.93194580078125,"[0, 1, 2, 3, 4, 5, 6, 7, 8, 9, 10, 11, 12, 13, 14, 15, 16, 17]","{""c_in"": 18, ""c_out"": 1, ""d_ff"": 128, ""d_model"": 16, ""dropout"": 0.2, ""n_heads"": 4, ""n_layers"": 3, ""padding_patch"": true, ""patch_len"": 4, ""pred_dim"": 1, ""seq_len"": 48, ""stride"": 2}",,,,,,48,1,experiments/results/baselines/beijing/48h_1h,False,beijing,,True
patchtst_ci_top5_default,patchtst_ci_top5,2047,completed,38,0.1003839895129203,50.51498636099859,0.0606312879972392,test,17040,17037,C,default,default,6,,predictions/patchtst_ci_top5_default_seed2047.npz,0.08230516314506531,0.2868887644106428,0.13919994235038757,21.36764907836914,10.367695808410645,16.536815643310547,"[9, 14, 11, 16, 15, 4]","{""c_in"": 6, ""c_out"": 1, ""d_ff"": 128, ""d_model"": 16, ""dropout"": 0.2, ""n_heads"": 4, ""n_layers"": 3, ""padding_patch"": true, ""patch_len"": 4, ""pred_dim"": 1, ""seq_len"": 48, ""stride"": 2}",,,,,,48,1,experiments/results/baselines/beijing/48h_1h,False,beijing,,True
patchtst_ci_top5_default,patchtst_ci_top5,2048,completed,29,0.1028526499867439,45.5208832520002,0.060990361002041,test,17040,17037,C,default,default,6,,predictions/patchtst_ci_top5_default_seed2048.npz,0.08423420786857605,0.29023130063550356,0.1412612646818161,21.61660385131836,10.521223068237305,17.235187530517578,"[9, 14, 11, 16, 15, 4]","{""c_in"": 6, ""c_out"": 1, ""d_ff"": 128, ""d_model"": 16, ""dropout"": 0.2, ""n_heads"": 4, ""n_layers"": 3, ""padding_patch"": true, ""patch_len"": 4, ""pred_dim"": 1, ""seq_len"": 48, ""stride"": 2}",,,,,,48,1,experiments/results/baselines/beijing/48h_1h,False,beijing,,True
patchtst_ci_top5_default,patchtst_ci_top5,2049,completed,28,0.1018345355987548,44.14246878100676,0.0609997189894784,test,17040,17037,C,default,default,6,,predictions/patchtst_ci_top5_default_seed2049.npz,0.0843234658241272,0.2903850303030912,0.1401650607585907,21.628053665161133,10.439579010009766,16.6115779876709,"[9, 14, 11, 16, 15, 4]","{""c_in"": 6, ""c_out"": 1, ""d_ff"": 128, ""d_model"": 16, ""dropout"": 0.2, ""n_heads"": 4, ""n_layers"": 3, ""padding_patch"": true, ""patch_len"": 4, ""pred_dim"": 1, ""seq_len"": 48, ""stride"": 2}",,,,,,48,1,experiments/results/baselines/beijing/48h_1h,False,beijing,,True
multi_gru_default,multi_gru,2047,completed,22,0.087953396141529,8.36173791300098,0.0171190949913579,test,36101,36101,C,default,default,18,,predictions/multi_gru_default_seed2047.npz,0.07051654160022736,0.265549508755387,0.1316753476858139,19.778287887573242,9.807260513305664,16.52417755126953,"[0, 1, 2, 3, 4, 5, 6, 7, 8, 9, 10, 11, 12, 13, 14, 15, 16, 17]","{""hidden_size"": 100}",,,,,,48,1,experiments/results/baselines/beijing/48h_1h,False,beijing,,True
multi_gru_default,multi_gru,2048,completed,35,0.0856399610638618,10.869487709991516,0.0173369310068665,test,36101,36101,C,default,default,18,,predictions/multi_gru_default_seed2048.npz,0.073665089905262,0.2714131351008311,0.13231538236141205,20.21501350402832,9.854930877685547,16.875078201293945,"[0, 1, 2, 3, 4, 5, 6, 7, 8, 9, 10, 11, 12, 13, 14, 15, 16, 17]","{""hidden_size"": 100}",,,,,,48,1,experiments/results/baselines/beijing/48h_1h,False,beijing,,True
multi_gru_default,multi_gru,2049,completed,24,0.0871573090553283,8.88614475200302,0.0171877329994458,test,36101,36101,C,default,default,18,,predictions/multi_gru_default_seed2049.npz,0.07192128151655197,0.26818143395200195,0.13395938277244568,19.974313735961914,9.977375984191895,17.475807189941406,"[0, 1, 2, 3, 4, 5, 6, 7, 8, 9, 10, 11, 12, 13, 14, 15, 16, 17]","{""hidden_size"": 100}",,,,,,48,1,experiments/results/baselines/beijing/48h_1h,False,beijing,,True
center_gru_default,center_gru,2047,completed,23,1.200364589691162,8.64342535501055,0.0167227079946314,test,33324,33324,B,default,default,1,,predictions/center_gru_default_seed2047.npz,0.6404873728752136,0.8003045500777899,0.5561234354972839,59.5742301940918,41.397518157958984,54.98084259033203,[9],"{""hidden_size"": 100}",,,,,,48,24,experiments/results/baselines/beijing/48h_24h,False,beijing,,True
center_gru_default,center_gru,2048,completed,29,1.1554253101348877,10.19551098199736,0.0167956780060194,test,33324,33324,B,default,default,1,,predictions/center_gru_default_seed2048.npz,0.6668772101402283,0.8166255017694637,0.5533339977264404,60.78915786743164,41.18988037109375,54.613834381103516,[9],"{""hidden_size"": 100}",,,,,,48,24,experiments/results/baselines/beijing/48h_24h,False,beijing,,True
center_gru_default,center_gru,2049,completed,23,1.1691123247146606,8.384895650990075,0.0167485200072405,test,33324,33324,B,default,default,1,,predictions/center_gru_default_seed2049.npz,0.6636425852775574,0.8146426119947061,0.55228590965271,60.64154815673828,41.11185836791992,53.29328918457031,[9],"{""hidden_size"": 100}",,,,,,48,24,experiments/results/baselines/beijing/48h_24h,False,beijing,,True
center_lstm_default,center_lstm,2047,completed,14,1.164642333984375,3.74966262599628,0.0123142600059509,test,43624,43624,B,default,default,1,,predictions/center_lstm_default_seed2047.npz,0.7093908190727234,0.8422534173707599,0.5765403509140015,62.69688415527344,42.917354583740234,56.24108123779297,[9],"{""hidden_size"": 100}",,,,,,48,24,experiments/results/baselines/beijing/48h_24h,False,beijing,,True
center_lstm_default,center_lstm,2048,completed,22,1.1202434301376345,5.2812345619895495,0.0122796709911199,test,43624,43624,B,default,default,1,,predictions/center_lstm_default_seed2048.npz,0.7776569724082947,0.8818486108217751,0.6000686287879944,65.64432525634766,44.66878128051758,58.491302490234375,[9],"{""hidden_size"": 100}",,,,,,48,24,experiments/results/baselines/beijing/48h_24h,False,beijing,,True
center_lstm_default,center_lstm,2049,completed,13,1.20826518535614,3.598778397004935,0.0123521100031211,test,43624,43624,B,default,default,1,,predictions/center_lstm_default_seed2049.npz,0.7555742263793945,0.8692377271951526,0.5981879234313965,64.70558166503906,44.52878189086914,57.58305358886719,[9],"{""hidden_size"": 100}",,,,,,48,24,experiments/results/baselines/beijing/48h_24h,False,beijing,,True
center_tcn_default,center_tcn,2047,completed,14,1.2911372184753418,132.06815253499371,0.286611012998037,test,67274,67274,B,default,default,1,,predictions/center_tcn_default_seed2047.npz,0.761353611946106,0.872555793027647,0.6142815351486206,64.95257568359375,45.72678756713867,61.19269561767578,[9],"{""ks"": 7, ""layers"": [25, 25, 25, 25, 25, 25, 25, 25]}",,,,,,48,24,experiments/results/baselines/beijing/48h_24h,False,beijing,,True
center_tcn_default,center_tcn,2048,completed,24,1.2183585166931152,189.73409637300935,0.288296756989439,test,67274,67274,B,default,default,1,,predictions/center_tcn_default_seed2048.npz,0.7222276926040649,0.8498398040831372,0.6077092885971069,63.26161193847656,45.237548828125,60.17826843261719,[9],"{""ks"": 7, ""layers"": [25, 25, 25, 25, 25, 25, 25, 25]}",,,,,,48,24,experiments/results/baselines/beijing/48h_24h,False,beijing,,True
center_tcn_default,center_tcn,2049,completed,25,1.191221833229065,195.82189595900127,0.2887277330009965,test,67274,67274,B,default,default,1,,predictions/center_tcn_default_seed2049.npz,0.731538712978363,0.8553003641869698,0.6095735430717468,63.6680908203125,45.376319885253906,60.09545135498047,[9],"{""ks"": 7, ""layers"": [25, 25, 25, 25, 25, 25, 25, 25]}",,,,,,48,24,experiments/results/baselines/beijing/48h_24h,False,beijing,,True
plain_mix_patchtst_all_default,plain_mix_patchtst_all,2047,completed,1,1.4112728834152222,2.252192985994043,0.0138586749962996,test,26526,26523,C,default,default,18,,predictions/plain_mix_patchtst_all_default_seed2047.npz,0.7342321872711182,0.8568734954887555,0.6332849264144897,63.78519821166992,47.141387939453125,63.87532424926758,"[0, 1, 2, 3, 4, 5, 6, 7, 8, 9, 10, 11, 12, 13, 14, 15, 16, 17]","{""c_in"": 1, ""c_out"": 1, ""d_ff"": 128, ""d_model"": 16, ""dropout"": 0.2, ""n_heads"": 4, ""n_layers"": 3, ""padding_patch"": true, ""patch_len"": 4, ""pred_dim"": 24, ""seq_len"": 48, ""station_mixer"": ""Conv1d(S,32,1)-GELU-Conv1d(32,1,1)"", ""stride"": 2}",,,,,,48,24,experiments/results/baselines/beijing/48h_24h,False,beijing,,True
plain_mix_patchtst_all_default,plain_mix_patchtst_all,2048,completed,3,1.385109305381775,2.701001787005225,0.0140567519993055,test,26526,26523,C,default,default,18,,predictions/plain_mix_patchtst_all_default_seed2048.npz,0.7564138174057007,0.8697205398320202,0.6332629323005676,64.74151611328125,47.13975143432617,60.478294372558594,"[0, 1, 2, 3, 4, 5, 6, 7, 8, 9, 10, 11, 12, 13, 14, 15, 16, 17]","{""c_in"": 1, ""c_out"": 1, ""d_ff"": 128, ""d_model"": 16, ""dropout"": 0.2, ""n_heads"": 4, ""n_layers"": 3, ""padding_patch"": true, ""patch_len"": 4, ""pred_dim"": 24, ""seq_len"": 48, ""station_mixer"": ""Conv1d(S,32,1)-GELU-Conv1d(32,1,1)"", ""stride"": 2}",,,,,,48,24,experiments/results/baselines/beijing/48h_24h,False,beijing,,True
plain_mix_patchtst_all_default,plain_mix_patchtst_all,2049,completed,1,1.642621636390686,2.2075951650040224,0.0141597799956798,test,26526,26523,C,default,default,18,,predictions/plain_mix_patchtst_all_default_seed2049.npz,0.9241675138473511,0.9613363167213392,0.6774750351905823,71.56135559082031,50.430870056152344,71.32246398925781,"[0, 1, 2, 3, 4, 5, 6, 7, 8, 9, 10, 11, 12, 13, 14, 15, 16, 17]","{""c_in"": 1, ""c_out"": 1, ""d_ff"": 128, ""d_model"": 16, ""dropout"": 0.2, ""n_heads"": 4, ""n_layers"": 3, ""padding_patch"": true, ""patch_len"": 4, ""pred_dim"": 24, ""seq_len"": 48, ""station_mixer"": ""Conv1d(S,32,1)-GELU-Conv1d(32,1,1)"", ""stride"": 2}",,,,,,48,24,experiments/results/baselines/beijing/48h_24h,False,beijing,,True
plain_mix_patchtst_top5_default,plain_mix_patchtst_top5,2047,completed,5,1.4125196933746338,3.439432336002937,0.0138479850138537,test,26142,26139,C,default,default,6,,predictions/plain_mix_patchtst_top5_default_seed2047.npz,0.9519372582435608,0.9756727208667673,0.7162260413169861,72.6285400390625,53.31547164916992,67.8419189453125,"[9, 14, 11, 16, 15, 4]","{""c_in"": 1, ""c_out"": 1, ""d_ff"": 128, ""d_model"": 16, ""dropout"": 0.2, ""n_heads"": 4, ""n_layers"": 3, ""padding_patch"": true, ""patch_len"": 4, ""pred_dim"": 24, ""seq_len"": 48, ""station_mixer"": ""Conv1d(S,32,1)-GELU-Conv1d(32,1,1)"", ""stride"": 2}",,,,,,48,24,experiments/results/baselines/beijing/48h_24h,False,beijing,,True
plain_mix_patchtst_top5_default,plain_mix_patchtst_top5,2048,completed,7,1.5033700466156006,3.695226846000878,0.0138585139939095,test,26142,26139,C,default,default,6,,predictions/plain_mix_patchtst_top5_default_seed2048.npz,0.7777670621871948,0.8819110284984505,0.6245607733726501,65.64897918701172,46.49196243286133,63.38343811035156,"[9, 14, 11, 16, 15, 4]","{""c_in"": 1, ""c_out"": 1, ""d_ff"": 128, ""d_model"": 16, ""dropout"": 0.2, ""n_heads"": 4, ""n_layers"": 3, ""padding_patch"": true, ""patch_len"": 4, ""pred_dim"": 24, ""seq_len"": 48, ""station_mixer"": ""Conv1d(S,32,1)-GELU-Conv1d(32,1,1)"", ""stride"": 2}",,,,,,48,24,experiments/results/baselines/beijing/48h_24h,False,beijing,,True
plain_mix_patchtst_top5_default,plain_mix_patchtst_top5,2049,completed,4,1.7526004314422607,2.9553068110108143,0.0138550940027926,test,26142,26139,C,default,default,6,,predictions/plain_mix_patchtst_top5_default_seed2049.npz,1.2961273193359375,1.1384758756056,0.788935124874115,84.74752807617188,58.727901458740234,80.42494201660156,"[9, 14, 11, 16, 15, 4]","{""c_in"": 1, ""c_out"": 1, ""d_ff"": 128, ""d_model"": 16, ""dropout"": 0.2, ""n_heads"": 4, ""n_layers"": 3, ""padding_patch"": true, ""patch_len"": 4, ""pred_dim"": 24, ""seq_len"": 48, ""station_mixer"": ""Conv1d(S,32,1)-GELU-Conv1d(32,1,1)"", ""stride"": 2}",,,,,,48,24,experiments/results/baselines/beijing/48h_24h,False,beijing,,True
patchtst_ci_all_default,patchtst_ci_all,2047,completed,15,1.330879807472229,83.24180123998667,0.1961965000082273,test,25919,25916,C,default,default,18,,predictions/patchtst_ci_all_default_seed2047.npz,0.8646416068077087,0.9298610685514846,0.6296947002410889,69.21834564208984,46.87413024902344,58.213783264160156,"[0, 1, 2, 3, 4, 5, 6, 7, 8, 9, 10, 11, 12, 13, 14, 15, 16, 17]","{""c_in"": 18, ""c_out"": 1, ""d_ff"": 128, ""d_model"": 16, ""dropout"": 0.2, ""n_heads"": 4, ""n_layers"": 3, ""padding_patch"": true, ""patch_len"": 4, ""pred_dim"": 24, ""seq_len"": 48, ""stride"": 2}",,,,,,48,24,experiments/results/baselines/beijing/48h_24h,False,beijing,,True
patchtst_ci_all_default,patchtst_ci_all,2048,completed,14,1.335596799850464,78.57221153100545,0.1966667490050895,test,25919,25916,C,default,default,18,,predictions/patchtst_ci_all_default_seed2048.npz,0.8757350444793701,0.9358071620154284,0.6322851181030273,69.66097259521484,47.06695556640625,58.715999603271484,"[0, 1, 2, 3, 4, 5, 6, 7, 8, 9, 10, 11, 12, 13, 14, 15, 16, 17]","{""c_in"": 18, ""c_out"": 1, ""d_ff"": 128, ""d_model"": 16, ""dropout"": 0.2, ""n_heads"": 4, ""n_layers"": 3, ""padding_patch"": true, ""patch_len"": 4, ""pred_dim"": 24, ""seq_len"": 48, ""stride"": 2}",,,,,,48,24,experiments/results/baselines/beijing/48h_24h,False,beijing,,True
patchtst_ci_all_default,patchtst_ci_all,2049,completed,15,1.3106380701065063,82.16925202299899,0.1956683929893188,test,25919,25916,C,default,default,18,,predictions/patchtst_ci_all_default_seed2049.npz,0.9184391498565674,0.95835230988221,0.6389372944831848,71.33922576904297,47.5621452331543,60.05266189575195,"[0, 1, 2, 3, 4, 5, 6, 7, 8, 9, 10, 11, 12, 13, 14, 15, 16, 17]","{""c_in"": 18, ""c_out"": 1, ""d_ff"": 128, ""d_model"": 16, ""dropout"": 0.2, ""n_heads"": 4, ""n_layers"": 3, ""padding_patch"": true, ""patch_len"": 4, ""pred_dim"": 24, ""seq_len"": 48, ""stride"": 2}",,,,,,48,24,experiments/results/baselines/beijing/48h_24h,False,beijing,,True
patchtst_ci_top5_default,patchtst_ci_top5,2047,completed,28,1.3053295612335205,44.94992408699181,0.061163000005763,test,25895,25892,C,default,default,6,,predictions/patchtst_ci_top5_default_seed2047.npz,0.9038013815879822,0.9506846909401572,0.6421153545379639,70.76844787597656,47.79871368408203,59.95322036743164,"[9, 14, 11, 16, 15, 4]","{""c_in"": 6, ""c_out"": 1, ""d_ff"": 128, ""d_model"": 16, ""dropout"": 0.2, ""n_heads"": 4, ""n_layers"": 3, ""padding_patch"": true, ""patch_len"": 4, ""pred_dim"": 24, ""seq_len"": 48, ""stride"": 2}",,,,,,48,24,experiments/results/baselines/beijing/48h_24h,False,beijing,,True
patchtst_ci_top5_default,patchtst_ci_top5,2048,completed,30,1.3110334873199463,46.74133464200713,0.0611328219965798,test,25895,25892,C,default,default,6,,predictions/patchtst_ci_top5_default_seed2048.npz,0.8800618648529053,0.9381161254625705,0.632713794708252,69.83284759521484,47.09886932373047,59.62633514404297,"[9, 14, 11, 16, 15, 4]","{""c_in"": 6, ""c_out"": 1, ""d_ff"": 128, ""d_model"": 16, ""dropout"": 0.2, ""n_heads"": 4, ""n_layers"": 3, ""padding_patch"": true, ""patch_len"": 4, ""pred_dim"": 24, ""seq_len"": 48, ""stride"": 2}",,,,,,48,24,experiments/results/baselines/beijing/48h_24h,False,beijing,,True
patchtst_ci_top5_default,patchtst_ci_top5,2049,completed,15,1.3124078512191772,28.195280189000187,0.0611324329947819,test,25895,25892,C,default,default,6,,predictions/patchtst_ci_top5_default_seed2049.npz,0.9483674764633179,0.9738416074820986,0.6434367299079895,72.49224090576172,47.89707565307617,59.38676071166992,"[9, 14, 11, 16, 15, 4]","{""c_in"": 6, ""c_out"": 1, ""d_ff"": 128, ""d_model"": 16, ""dropout"": 0.2, ""n_heads"": 4, ""n_layers"": 3, ""padding_patch"": true, ""patch_len"": 4, ""pred_dim"": 24, ""seq_len"": 48, ""stride"": 2}",,,,,,48,24,experiments/results/baselines/beijing/48h_24h,False,beijing,,True
multi_gru_default,multi_gru,2047,completed,9,1.1498456001281738,4.647854294991703,0.0173393150034826,test,38424,38424,C,default,default,18,,predictions/multi_gru_default_seed2047.npz,0.8084520697593689,0.8991396275103044,0.6322551369667053,66.93145751953125,47.064727783203125,61.47285842895508,"[0, 1, 2, 3, 4, 5, 6, 7, 8, 9, 10, 11, 12, 13, 14, 15, 16, 17]","{""hidden_size"": 100}",,,,,,48,24,experiments/results/baselines/beijing/48h_24h,False,beijing,,True
multi_gru_default,multi_gru,2048,completed,7,1.12599515914917,4.289984824004932,0.0172681459953309,test,38424,38424,C,default,default,18,,predictions/multi_gru_default_seed2048.npz,0.765846848487854,0.8751267613825177,0.5964273810386658,65.14395904541016,44.397727966308594,59.3709831237793,"[0, 1, 2, 3, 4, 5, 6, 7, 8, 9, 10, 11, 12, 13, 14, 15, 16, 17]","{""hidden_size"": 100}",,,,,,48,24,experiments/results/baselines/beijing/48h_24h,False,beijing,,True
multi_gru_default,multi_gru,2049,completed,10,1.1371586322784424,4.929990667995298,0.0171751369925914,test,38424,38424,C,default,default,18,,predictions/multi_gru_default_seed2049.npz,0.8288170695304871,0.9103939089924136,0.6332117915153503,67.76921844482422,47.13594055175781,62.872230529785156,"[0, 1, 2, 3, 4, 5, 6, 7, 8, 9, 10, 11, 12, 13, 14, 15, 16, 17]","{""hidden_size"": 100}",,,,,,48,24,experiments/results/baselines/beijing/48h_24h,False,beijing,,True
center_gru_default,center_gru,2047,completed,21,0.2576232850551605,7.936251060003997,0.0168385980068705,test,31203,31203,B,default,default,1,,predictions/center_gru_default_seed2047.npz,0.17701749503612518,0.4207344709387682,0.21931011974811554,31.334152221679688,16.33309555053711,25.38721466064453,[9],"{""hidden_size"": 100}",,,,,,48,3,experiments/results/baselines/beijing/48h_3h,False,beijing,,True
center_gru_default,center_gru,2048,completed,22,0.2565425336360931,8.297425492011826,0.0167592889920342,test,31203,31203,B,default,default,1,,predictions/center_gru_default_seed2048.npz,0.17706316709518433,0.4207887440214915,0.2187928855419159,31.338191986083984,16.294574737548828,25.34019660949707,[9],"{""hidden_size"": 100}",,,,,,48,3,experiments/results/baselines/beijing/48h_3h,False,beijing,,True
center_gru_default,center_gru,2049,completed,23,0.2572188079357147,8.380600611999398,0.0167372589930892,test,31203,31203,B,default,default,1,,predictions/center_gru_default_seed2049.npz,0.17901596426963806,0.42310278215776137,0.217097669839859,31.510530471801758,16.168325424194336,24.426790237426758,[9],"{""hidden_size"": 100}",,,,,,48,3,experiments/results/baselines/beijing/48h_3h,False,beijing,,True
center_lstm_default,center_lstm,2047,completed,26,0.2553854882717132,6.382528287998866,0.0122269429994048,test,41503,41503,B,default,default,1,,predictions/center_lstm_default_seed2047.npz,0.17516089975833893,0.41852228107752987,0.22018271684646606,31.169397354125977,16.398082733154297,24.10542106628418,[9],"{""hidden_size"": 100}",,,,,,48,3,experiments/results/baselines/beijing/48h_3h,False,beijing,,True
center_lstm_default,center_lstm,2048,completed,22,0.2492524236440658,5.121306824992644,0.0122565330093493,test,41503,41503,B,default,default,1,,predictions/center_lstm_default_seed2048.npz,0.1766747534275055,0.42032696014829396,0.22684895992279053,31.303800582885742,16.894550323486328,26.34166145324707,[9],"{""hidden_size"": 100}",,,,,,48,3,experiments/results/baselines/beijing/48h_3h,False,beijing,,True
center_lstm_default,center_lstm,2049,completed,27,0.253434419631958,6.085907954999129,0.0123057019955012,test,41503,41503,B,default,default,1,,predictions/center_lstm_default_seed2049.npz,0.17781896889209747,0.42168586517939805,0.22223590314388275,31.405004501342773,16.550992965698242,24.831716537475586,[9],"{""hidden_size"": 100}",,,,,,48,3,experiments/results/baselines/beijing/48h_3h,False,beijing,,True
center_tcn_default,center_tcn,2047,completed,39,0.3405738472938537,239.276544983004,0.2885290389967849,test,66728,66728,B,default,default,1,,predictions/center_tcn_default_seed2047.npz,0.254905641078949,0.5048818090196447,0.2891763150691986,37.60101318359375,21.536373138427734,33.0386848449707,[9],"{""ks"": 7, ""layers"": [25, 25, 25, 25, 25, 25, 25, 25]}",,,,,,48,3,experiments/results/baselines/beijing/48h_3h,False,beijing,,True
center_tcn_default,center_tcn,2048,completed,40,0.3682582974433899,237.6414872789901,0.2886681950039929,test,66728,66728,B,default,default,1,,predictions/center_tcn_default_seed2048.npz,0.26634225249290466,0.5160835712294131,0.30796027183532715,38.43526077270508,22.935306549072266,33.67836380004883,[9],"{""ks"": 7, ""layers"": [25, 25, 25, 25, 25, 25, 25, 25]}",,,,,,48,3,experiments/results/baselines/beijing/48h_3h,False,beijing,,True
center_tcn_default,center_tcn,2049,completed,40,0.3235576450824737,237.77820853500447,0.290807858997141,test,66728,66728,B,default,default,1,,predictions/center_tcn_default_seed2049.npz,0.24546866118907928,0.49544793993827374,0.29926127195358276,36.89842987060547,22.287450790405273,33.737876892089844,[9],"{""ks"": 7, ""layers"": [25, 25, 25, 25, 25, 25, 25, 25]}",,,,,,48,3,experiments/results/baselines/beijing/48h_3h,False,beijing,,True
plain_mix_patchtst_all_default,plain_mix_patchtst_all,2047,completed,8,0.7271732091903687,3.969797734011081,0.0138193919992772,test,18441,18438,C,default,default,18,,predictions/plain_mix_patchtst_all_default_seed2047.npz,0.4244692623615265,0.6515130561711918,0.4932457208633423,48.5213623046875,36.73441696166992,55.85951232910156,"[0, 1, 2, 3, 4, 5, 6, 7, 8, 9, 10, 11, 12, 13, 14, 15, 16, 17]","{""c_in"": 1, ""c_out"": 1, ""d_ff"": 128, ""d_model"": 16, ""dropout"": 0.2, ""n_heads"": 4, ""n_layers"": 3, ""padding_patch"": true, ""patch_len"": 4, ""pred_dim"": 3, ""seq_len"": 48, ""station_mixer"": ""Conv1d(S,32,1)-GELU-Conv1d(32,1,1)"", ""stride"": 2}",,,,,,48,3,experiments/results/baselines/beijing/48h_3h,False,beijing,,True
plain_mix_patchtst_all_default,plain_mix_patchtst_all,2048,completed,5,0.6510453224182129,3.376782103005098,0.0138395719986874,test,18441,18438,C,default,default,18,,predictions/plain_mix_patchtst_all_default_seed2048.npz,0.3536447584629059,0.5946803834522423,0.44892024993896484,44.288753509521484,33.433284759521484,52.665283203125,"[0, 1, 2, 3, 4, 5, 6, 7, 8, 9, 10, 11, 12, 13, 14, 15, 16, 17]","{""c_in"": 1, ""c_out"": 1, ""d_ff"": 128, ""d_model"": 16, ""dropout"": 0.2, ""n_heads"": 4, ""n_layers"": 3, ""padding_patch"": true, ""patch_len"": 4, ""pred_dim"": 3, ""seq_len"": 48, ""station_mixer"": ""Conv1d(S,32,1)-GELU-Conv1d(32,1,1)"", ""stride"": 2}",,,,,,48,3,experiments/results/baselines/beijing/48h_3h,False,beijing,,True
plain_mix_patchtst_all_default,plain_mix_patchtst_all,2049,completed,1,0.5689452290534973,2.20151569400332,0.0137831619940698,test,18441,18438,C,default,default,18,,predictions/plain_mix_patchtst_all_default_seed2049.npz,0.3273769021034241,0.5721685958731255,0.39443475008010864,42.612186431884766,29.37548065185547,45.30276870727539,"[0, 1, 2, 3, 4, 5, 6, 7, 8, 9, 10, 11, 12, 13, 14, 15, 16, 17]","{""c_in"": 1, ""c_out"": 1, ""d_ff"": 128, ""d_model"": 16, ""dropout"": 0.2, ""n_heads"": 4, ""n_layers"": 3, ""padding_patch"": true, ""patch_len"": 4, ""pred_dim"": 3, ""seq_len"": 48, ""station_mixer"": ""Conv1d(S,32,1)-GELU-Conv1d(32,1,1)"", ""stride"": 2}",,,,,,48,3,experiments/results/baselines/beijing/48h_3h,False,beijing,,True
plain_mix_patchtst_top5_default,plain_mix_patchtst_top5,2047,completed,8,1.1053282022476196,3.942682787994272,0.0137701909989118,test,18057,18054,C,default,default,6,,predictions/plain_mix_patchtst_top5_default_seed2047.npz,2.2063369750976562,1.4853743552039858,0.9167776703834534,110.62308502197266,68.27690887451172,73.62679290771484,"[9, 14, 11, 16, 15, 4]","{""c_in"": 1, ""c_out"": 1, ""d_ff"": 128, ""d_model"": 16, ""dropout"": 0.2, ""n_heads"": 4, ""n_layers"": 3, ""padding_patch"": true, ""patch_len"": 4, ""pred_dim"": 3, ""seq_len"": 48, ""station_mixer"": ""Conv1d(S,32,1)-GELU-Conv1d(32,1,1)"", ""stride"": 2}",,,,,,48,3,experiments/results/baselines/beijing/48h_3h,False,beijing,,True
plain_mix_patchtst_top5_default,plain_mix_patchtst_top5,2048,completed,12,1.3767833709716797,5.044622553992667,0.0138871399976778,test,18057,18054,C,default,default,6,,predictions/plain_mix_patchtst_top5_default_seed2048.npz,1.0908546447753906,1.0444398713068124,0.6926407217979431,77.78453826904297,51.5843391418457,66.43270111083984,"[9, 14, 11, 16, 15, 4]","{""c_in"": 1, ""c_out"": 1, ""d_ff"": 128, ""d_model"": 16, ""dropout"": 0.2, ""n_heads"": 4, ""n_layers"": 3, ""padding_patch"": true, ""patch_len"": 4, ""pred_dim"": 3, ""seq_len"": 48, ""station_mixer"": ""Conv1d(S,32,1)-GELU-Conv1d(32,1,1)"", ""stride"": 2}",,,,,,48,3,experiments/results/baselines/beijing/48h_3h,False,beijing,,True
plain_mix_patchtst_top5_default,plain_mix_patchtst_top5,2049,completed,4,1.0347859859466553,2.934746514001745,0.0138292009942233,test,18057,18054,C,default,default,6,,predictions/plain_mix_patchtst_top5_default_seed2049.npz,2.103421211242676,1.4503176242612084,0.8772212862968445,108.0122299194336,65.3309555053711,75.12548828125,"[9, 14, 11, 16, 15, 4]","{""c_in"": 1, ""c_out"": 1, ""d_ff"": 128, ""d_model"": 16, ""dropout"": 0.2, ""n_heads"": 4, ""n_layers"": 3, ""padding_patch"": true, ""patch_len"": 4, ""pred_dim"": 3, ""seq_len"": 48, ""station_mixer"": ""Conv1d(S,32,1)-GELU-Conv1d(32,1,1)"", ""stride"": 2}",,,,,,48,3,experiments/results/baselines/beijing/48h_3h,False,beijing,,True
patchtst_ci_all_default,patchtst_ci_all,2047,completed,19,0.2674061954021454,97.60592251300112,0.196576525006094,test,17834,17831,C,default,default,18,,predictions/patchtst_ci_all_default_seed2047.npz,0.18578438460826874,0.4310271274621456,0.2301705926656723,32.1006965637207,17.14192771911621,25.86760902404785,"[0, 1, 2, 3, 4, 5, 6, 7, 8, 9, 10, 11, 12, 13, 14, 15, 16, 17]","{""c_in"": 18, ""c_out"": 1, ""d_ff"": 128, ""d_model"": 16, ""dropout"": 0.2, ""n_heads"": 4, ""n_layers"": 3, ""padding_patch"": true, ""patch_len"": 4, ""pred_dim"": 3, ""seq_len"": 48, ""stride"": 2}",,,,,,48,3,experiments/results/baselines/beijing/48h_3h,False,beijing,,True
patchtst_ci_all_default,patchtst_ci_all,2048,completed,11,0.267265647649765,68.2043261929939,0.1961339239933295,test,17834,17831,C,default,default,18,,predictions/patchtst_ci_all_default_seed2048.npz,0.19024570286273956,0.4361716438086497,0.23099027574062347,32.48383331298828,17.202972412109375,26.887454986572266,"[0, 1, 2, 3, 4, 5, 6, 7, 8, 9, 10, 11, 12, 13, 14, 15, 16, 17]","{""c_in"": 18, ""c_out"": 1, ""d_ff"": 128, ""d_model"": 16, ""dropout"": 0.2, ""n_heads"": 4, ""n_layers"": 3, ""padding_patch"": true, ""patch_len"": 4, ""pred_dim"": 3, ""seq_len"": 48, ""stride"": 2}",,,,,,48,3,experiments/results/baselines/beijing/48h_3h,False,beijing,,True
patchtst_ci_all_default,patchtst_ci_all,2049,completed,26,0.2676208615303039,121.65039114300453,0.1972257700108457,test,17834,17831,C,default,default,18,,predictions/patchtst_ci_all_default_seed2049.npz,0.18790604174137115,0.43348130495024945,0.2270379215478897,32.283470153808594,16.90862274169922,25.010507583618164,"[0, 1, 2, 3, 4, 5, 6, 7, 8, 9, 10, 11, 12, 13, 14, 15, 16, 17]","{""c_in"": 18, ""c_out"": 1, ""d_ff"": 128, ""d_model"": 16, ""dropout"": 0.2, ""n_heads"": 4, ""n_layers"": 3, ""padding_patch"": true, ""patch_len"": 4, ""pred_dim"": 3, ""seq_len"": 48, ""stride"": 2}",,,,,,48,3,experiments/results/baselines/beijing/48h_3h,False,beijing,,True
patchtst_ci_top5_default,patchtst_ci_top5,2047,completed,16,0.2673261165618896,30.26844158800668,0.0607917089946568,test,17810,17807,C,default,default,6,,predictions/patchtst_ci_top5_default_seed2047.npz,0.18502908945083618,0.430150077822655,0.22855743765830994,32.035377502441406,17.021787643432617,26.173036575317383,"[9, 14, 11, 16, 15, 4]","{""c_in"": 6, ""c_out"": 1, ""d_ff"": 128, ""d_model"": 16, ""dropout"": 0.2, ""n_heads"": 4, ""n_layers"": 3, ""padding_patch"": true, ""patch_len"": 4, ""pred_dim"": 3, ""seq_len"": 48, ""stride"": 2}",,,,,,48,3,experiments/results/baselines/beijing/48h_3h,False,beijing,,True
patchtst_ci_top5_default,patchtst_ci_top5,2048,completed,10,0.2685506343841553,22.08666371900472,0.0609538220014655,test,17810,17807,C,default,default,6,,predictions/patchtst_ci_top5_default_seed2048.npz,0.18674056231975555,0.43213488903322256,0.2266777753829956,32.183197021484375,16.881799697875977,25.505998611450195,"[9, 14, 11, 16, 15, 4]","{""c_in"": 6, ""c_out"": 1, ""d_ff"": 128, ""d_model"": 16, ""dropout"": 0.2, ""n_heads"": 4, ""n_layers"": 3, ""padding_patch"": true, ""patch_len"": 4, ""pred_dim"": 3, ""seq_len"": 48, ""stride"": 2}",,,,,,48,3,experiments/results/baselines/beijing/48h_3h,False,beijing,,True
patchtst_ci_top5_default,patchtst_ci_top5,2049,completed,26,0.2671176791191101,41.90622087899828,0.0606954339891672,test,17810,17807,C,default,default,6,,predictions/patchtst_ci_top5_default_seed2049.npz,0.18620778620243073,0.4315180021765381,0.22700324654579163,32.13725280761719,16.90604019165039,24.94405746459961,"[9, 14, 11, 16, 15, 4]","{""c_in"": 6, ""c_out"": 1, ""d_ff"": 128, ""d_model"": 16, ""dropout"": 0.2, ""n_heads"": 4, ""n_layers"": 3, ""padding_patch"": true, ""patch_len"": 4, ""pred_dim"": 3, ""seq_len"": 48, ""stride"": 2}",,,,,,48,3,experiments/results/baselines/beijing/48h_3h,False,beijing,,True
multi_gru_default,multi_gru,2047,completed,13,0.2302831709384918,5.7202963849995285,0.0170863609964726,test,36303,36303,C,default,default,18,,predictions/multi_gru_default_seed2047.npz,0.15465743839740753,0.39326509938895865,0.214725062251091,29.28837013244629,15.991623878479004,24.440298080444336,"[0, 1, 2, 3, 4, 5, 6, 7, 8, 9, 10, 11, 12, 13, 14, 15, 16, 17]","{""hidden_size"": 100}",,,,,,48,3,experiments/results/baselines/beijing/48h_3h,False,beijing,,True
multi_gru_default,multi_gru,2048,completed,19,0.226554274559021,7.355973798999912,0.0171219509938964,test,36303,36303,C,default,default,18,,predictions/multi_gru_default_seed2048.npz,0.15426498651504517,0.3927658163779597,0.2116813361644745,29.251190185546875,15.764944076538086,24.9143009185791,"[0, 1, 2, 3, 4, 5, 6, 7, 8, 9, 10, 11, 12, 13, 14, 15, 16, 17]","{""hidden_size"": 100}",,,,,,48,3,experiments/results/baselines/beijing/48h_3h,False,beijing,,True
multi_gru_default,multi_gru,2049,completed,12,0.2353226542472839,5.641457800011267,0.0170501510001486,test,36303,36303,C,default,default,18,,predictions/multi_gru_default_seed2049.npz,0.15095007419586182,0.3885229390857917,0.21317382156848907,28.93520164489746,15.876094818115234,24.85093116760254,"[0, 1, 2, 3, 4, 5, 6, 7, 8, 9, 10, 11, 12, 13, 14, 15, 16, 17]","{""hidden_size"": 100}",,,,,,48,3,experiments/results/baselines/beijing/48h_3h,False,beijing,,True
center_gru_default,center_gru,2047,completed,21,0.4679188132286072,7.944697004990303,0.016642773989588,test,31506,31506,B,default,default,1,,predictions/center_gru_default_seed2047.npz,0.2921288311481476,0.5404894366665713,0.3042431175708771,40.25288772583008,22.658472061157227,32.297752380371094,[9],"{""hidden_size"": 100}",,,,,,48,6,experiments/results/baselines/beijing/48h_6h,False,beijing,,True
center_gru_default,center_gru,2048,completed,33,0.4616747796535492,11.03412469899922,0.0168706809927243,test,31506,31506,B,default,default,1,,predictions/center_gru_default_seed2048.npz,0.2954256534576416,0.5435307290831325,0.3050907552242279,40.47938919067383,22.72159767150879,32.26414489746094,[9],"{""hidden_size"": 100}",,,,,,48,6,experiments/results/baselines/beijing/48h_6h,False,beijing,,True
center_gru_default,center_gru,2049,completed,27,0.4640422761440277,9.453864869006791,0.01668840298953,test,31506,31506,B,default,default,1,,predictions/center_gru_default_seed2049.npz,0.2928069829940796,0.5411164227724747,0.3089902698993683,40.299583435058594,23.01201629638672,33.484859466552734,[9],"{""hidden_size"": 100}",,,,,,48,6,experiments/results/baselines/beijing/48h_6h,False,beijing,,True
center_lstm_default,center_lstm,2047,completed,21,0.4494147598743438,5.050963305999176,0.0122524519974831,test,41806,41806,B,default,default,1,,predictions/center_lstm_default_seed2047.npz,0.30540186166763306,0.5526317595538941,0.3267779052257538,41.15718460083008,24.336748123168945,33.667354583740234,[9],"{""hidden_size"": 100}",,,,,,48,6,experiments/results/baselines/beijing/48h_6h,False,beijing,,True
center_lstm_default,center_lstm,2048,completed,17,0.472257524728775,4.241537102003349,0.0122373609920032,test,41806,41806,B,default,default,1,,predictions/center_lstm_default_seed2048.npz,0.31797918677330017,0.5638964326658754,0.3353896141052246,41.99612045288086,24.978099822998047,34.35860061645508,[9],"{""hidden_size"": 100}",,,,,,48,6,experiments/results/baselines/beijing/48h_6h,False,beijing,,True
center_lstm_default,center_lstm,2049,completed,12,0.4702668488025665,3.537088999000844,0.0123465409997152,test,41806,41806,B,default,default,1,,predictions/center_lstm_default_seed2049.npz,0.3130352199077606,0.5594955048146147,0.33259180188179016,41.66836166381836,24.769733428955078,34.19578552246094,[9],"{""hidden_size"": 100}",,,,,,48,6,experiments/results/baselines/beijing/48h_6h,False,beijing,,True
center_tcn_default,center_tcn,2047,completed,36,0.550361156463623,238.6853623729985,0.2865112670115195,test,66806,66806,B,default,default,1,,predictions/center_tcn_default_seed2047.npz,0.3775545060634613,0.6144546411765976,0.39838507771492004,45.76144027709961,29.669679641723633,43.09361267089844,[9],"{""ks"": 7, ""layers"": [25, 25, 25, 25, 25, 25, 25, 25]}",,,,,,48,6,experiments/results/baselines/beijing/48h_6h,False,beijing,,True
center_tcn_default,center_tcn,2048,completed,25,0.5670309662818909,196.04737953000583,0.288665016007144,test,66806,66806,B,default,default,1,,predictions/center_tcn_default_seed2048.npz,0.3697454333305359,0.6080669645117517,0.38001808524131775,45.28571319580078,28.301801681518555,42.406578063964844,[9],"{""ks"": 7, ""layers"": [25, 25, 25, 25, 25, 25, 25, 25]}",,,,,,48,6,experiments/results/baselines/beijing/48h_6h,False,beijing,,True
center_tcn_default,center_tcn,2049,completed,38,0.5507584810256958,237.641407787989,0.2883206789992982,test,66806,66806,B,default,default,1,,predictions/center_tcn_default_seed2049.npz,0.38159483671188354,0.6177336292544575,0.409206360578537,46.00564193725586,30.475597381591797,45.00605010986328,[9],"{""ks"": 7, ""layers"": [25, 25, 25, 25, 25, 25, 25, 25]}",,,,,,48,6,experiments/results/baselines/beijing/48h_6h,False,beijing,,True
plain_mix_patchtst_all_default,plain_mix_patchtst_all,2047,completed,7,1.197044014930725,3.7162316539906897,0.0138188090058974,test,19596,19593,C,default,default,18,,predictions/plain_mix_patchtst_all_default_seed2047.npz,0.7499120831489563,0.8659746434792166,0.6790559887886047,64.49336242675781,50.57261657714844,67.5404052734375,"[0, 1, 2, 3, 4, 5, 6, 7, 8, 9, 10, 11, 12, 13, 14, 15, 16, 17]","{""c_in"": 1, ""c_out"": 1, ""d_ff"": 128, ""d_model"": 16, ""dropout"": 0.2, ""n_heads"": 4, ""n_layers"": 3, ""padding_patch"": true, ""patch_len"": 4, ""pred_dim"": 6, ""seq_len"": 48, ""station_mixer"": ""Conv1d(S,32,1)-GELU-Conv1d(32,1,1)"", ""stride"": 2}",,,,,,48,6,experiments/results/baselines/beijing/48h_6h,False,beijing,,True
plain_mix_patchtst_all_default,plain_mix_patchtst_all,2048,completed,16,1.2664361000061035,5.843996334006079,0.0140185079944785,test,19596,19593,C,default,default,18,,predictions/plain_mix_patchtst_all_default_seed2048.npz,0.767589271068573,0.8761217216052647,0.7256916761398315,65.24906158447266,54.04580307006836,69.07623291015625,"[0, 1, 2, 3, 4, 5, 6, 7, 8, 9, 10, 11, 12, 13, 14, 15, 16, 17]","{""c_in"": 1, ""c_out"": 1, ""d_ff"": 128, ""d_model"": 16, ""dropout"": 0.2, ""n_heads"": 4, ""n_layers"": 3, ""padding_patch"": true, ""patch_len"": 4, ""pred_dim"": 6, ""seq_len"": 48, ""station_mixer"": ""Conv1d(S,32,1)-GELU-Conv1d(32,1,1)"", ""stride"": 2}",,,,,,48,6,experiments/results/baselines/beijing/48h_6h,False,beijing,,True
plain_mix_patchtst_all_default,plain_mix_patchtst_all,2049,completed,4,0.7823495268821716,3.121420465002302,0.0137705800007097,test,19596,19593,C,default,default,18,,predictions/plain_mix_patchtst_all_default_seed2049.npz,0.46790191531181335,0.6840335630009783,0.5314528942108154,50.94331741333008,39.57988739013672,59.289405822753906,"[0, 1, 2, 3, 4, 5, 6, 7, 8, 9, 10, 11, 12, 13, 14, 15, 16, 17]","{""c_in"": 1, ""c_out"": 1, ""d_ff"": 128, ""d_model"": 16, ""dropout"": 0.2, ""n_heads"": 4, ""n_layers"": 3, ""padding_patch"": true, ""patch_len"": 4, ""pred_dim"": 6, ""seq_len"": 48, ""station_mixer"": ""Conv1d(S,32,1)-GELU-Conv1d(32,1,1)"", ""stride"": 2}",,,,,,48,6,experiments/results/baselines/beijing/48h_6h,False,beijing,,True
plain_mix_patchtst_top5_default,plain_mix_patchtst_top5,2047,completed,6,1.0392221212387085,3.4494729569996707,0.013794760001474,test,19212,19209,C,default,default,6,,predictions/plain_mix_patchtst_top5_default_seed2047.npz,1.101619839668274,1.049580792349152,0.7573192715644836,78.16740417480469,56.401268005371094,69.63005828857422,"[9, 14, 11, 16, 15, 4]","{""c_in"": 1, ""c_out"": 1, ""d_ff"": 128, ""d_model"": 16, ""dropout"": 0.2, ""n_heads"": 4, ""n_layers"": 3, ""padding_patch"": true, ""patch_len"": 4, ""pred_dim"": 6, ""seq_len"": 48, ""station_mixer"": ""Conv1d(S,32,1)-GELU-Conv1d(32,1,1)"", ""stride"": 2}",,,,,,48,6,experiments/results/baselines/beijing/48h_6h,False,beijing,,True
plain_mix_patchtst_top5_default,plain_mix_patchtst_top5,2048,completed,15,0.5751596093177795,5.611150459997589,0.013894458010327,test,19212,19209,C,default,default,6,,predictions/plain_mix_patchtst_top5_default_seed2048.npz,0.6330036520957947,0.7956152663792938,0.4945527911186218,59.253353118896484,36.831764221191406,50.94155502319336,"[9, 14, 11, 16, 15, 4]","{""c_in"": 1, ""c_out"": 1, ""d_ff"": 128, ""d_model"": 16, ""dropout"": 0.2, ""n_heads"": 4, ""n_layers"": 3, ""padding_patch"": true, ""patch_len"": 4, ""pred_dim"": 6, ""seq_len"": 48, ""station_mixer"": ""Conv1d(S,32,1)-GELU-Conv1d(32,1,1)"", ""stride"": 2}",,,,,,48,6,experiments/results/baselines/beijing/48h_6h,False,beijing,,True
plain_mix_patchtst_top5_default,plain_mix_patchtst_top5,2049,completed,10,0.9571555852890016,4.582115319004515,0.0138364089943934,test,19212,19209,C,default,default,6,,predictions/plain_mix_patchtst_top5_default_seed2049.npz,1.2149983644485474,1.1022696423509755,0.698429524898529,82.0914077758789,52.01545715332031,64.17687225341797,"[9, 14, 11, 16, 15, 4]","{""c_in"": 1, ""c_out"": 1, ""d_ff"": 128, ""d_model"": 16, ""dropout"": 0.2, ""n_heads"": 4, ""n_layers"": 3, ""padding_patch"": true, ""patch_len"": 4, ""pred_dim"": 6, ""seq_len"": 48, ""station_mixer"": ""Conv1d(S,32,1)-GELU-Conv1d(32,1,1)"", ""stride"": 2}",,,,,,48,6,experiments/results/baselines/beijing/48h_6h,False,beijing,,True
patchtst_ci_all_default,patchtst_ci_all,2047,completed,25,0.489712655544281,118.93833204299152,0.1961238130024867,test,18989,18986,C,default,default,18,,predictions/patchtst_ci_all_default_seed2047.npz,0.3216910660266876,0.5671781607455347,0.32555729150772095,42.24052810668945,24.24584197998047,34.277889251708984,"[0, 1, 2, 3, 4, 5, 6, 7, 8, 9, 10, 11, 12, 13, 14, 15, 16, 17]","{""c_in"": 18, ""c_out"": 1, ""d_ff"": 128, ""d_model"": 16, ""dropout"": 0.2, ""n_heads"": 4, ""n_layers"": 3, ""padding_patch"": true, ""patch_len"": 4, ""pred_dim"": 6, ""seq_len"": 48, ""stride"": 2}",,,,,,48,6,experiments/results/baselines/beijing/48h_6h,False,beijing,,True
patchtst_ci_all_default,patchtst_ci_all,2048,completed,11,0.4897125959396362,68.16866825400211,0.1962756339926272,test,18989,18986,C,default,default,18,,predictions/patchtst_ci_all_default_seed2048.npz,0.3149632513523102,0.561215868763803,0.3237454295158386,41.79648208618164,24.11090087890625,35.7977294921875,"[0, 1, 2, 3, 4, 5, 6, 7, 8, 9, 10, 11, 12, 13, 14, 15, 16, 17]","{""c_in"": 18, ""c_out"": 1, ""d_ff"": 128, ""d_model"": 16, ""dropout"": 0.2, ""n_heads"": 4, ""n_layers"": 3, ""padding_patch"": true, ""patch_len"": 4, ""pred_dim"": 6, ""seq_len"": 48, ""stride"": 2}",,,,,,48,6,experiments/results/baselines/beijing/48h_6h,False,beijing,,True
patchtst_ci_all_default,patchtst_ci_all,2049,completed,21,0.4872266352176666,103.7156727900001,0.1964420200092718,test,18989,18986,C,default,default,18,,predictions/patchtst_ci_all_default_seed2049.npz,0.3269042372703552,0.5717553998611252,0.3249890208244324,42.5814208984375,24.203516006469727,34.698081970214844,"[0, 1, 2, 3, 4, 5, 6, 7, 8, 9, 10, 11, 12, 13, 14, 15, 16, 17]","{""c_in"": 18, ""c_out"": 1, ""d_ff"": 128, ""d_model"": 16, ""dropout"": 0.2, ""n_heads"": 4, ""n_layers"": 3, ""padding_patch"": true, ""patch_len"": 4, ""pred_dim"": 6, ""seq_len"": 48, ""stride"": 2}",,,,,,48,6,experiments/results/baselines/beijing/48h_6h,False,beijing,,True
patchtst_ci_top5_default,patchtst_ci_top5,2047,completed,15,0.4938658475875854,28.860842261987276,0.0610259949899045,test,18965,18962,C,default,default,6,,predictions/patchtst_ci_top5_default_seed2047.npz,0.3154362738132477,0.5616371371386045,0.3217115104198456,41.827857971191406,23.95942497253418,33.92326736450195,"[9, 14, 11, 16, 15, 4]","{""c_in"": 6, ""c_out"": 1, ""d_ff"": 128, ""d_model"": 16, ""dropout"": 0.2, ""n_heads"": 4, ""n_layers"": 3, ""padding_patch"": true, ""patch_len"": 4, ""pred_dim"": 6, ""seq_len"": 48, ""stride"": 2}",,,,,,48,6,experiments/results/baselines/beijing/48h_6h,False,beijing,,True
patchtst_ci_top5_default,patchtst_ci_top5,2048,completed,17,0.4866591691970825,30.830361878994157,0.0612718229967867,test,18965,18962,C,default,default,6,,predictions/patchtst_ci_top5_default_seed2048.npz,0.3338637053966522,0.5778094023089727,0.33023756742477417,43.03228759765625,24.59440803527832,34.798221588134766,"[9, 14, 11, 16, 15, 4]","{""c_in"": 6, ""c_out"": 1, ""d_ff"": 128, ""d_model"": 16, ""dropout"": 0.2, ""n_heads"": 4, ""n_layers"": 3, ""padding_patch"": true, ""patch_len"": 4, ""pred_dim"": 6, ""seq_len"": 48, ""stride"": 2}",,,,,,48,6,experiments/results/baselines/beijing/48h_6h,False,beijing,,True
patchtst_ci_top5_default,patchtst_ci_top5,2049,completed,25,0.4872100055217743,40.61246399299125,0.0623704299941891,test,18965,18962,C,default,default,6,,predictions/patchtst_ci_top5_default_seed2049.npz,0.3296934962272644,0.5741894253878805,0.32825738191604614,42.7626953125,24.44693374633789,34.26296615600586,"[9, 14, 11, 16, 15, 4]","{""c_in"": 6, ""c_out"": 1, ""d_ff"": 128, ""d_model"": 16, ""dropout"": 0.2, ""n_heads"": 4, ""n_layers"": 3, ""padding_patch"": true, ""patch_len"": 4, ""pred_dim"": 6, ""seq_len"": 48, ""stride"": 2}",,,,,,48,6,experiments/results/baselines/beijing/48h_6h,False,beijing,,True
multi_gru_default,multi_gru,2047,completed,12,0.4170781970024109,5.468545727999299,0.0171738909994019,test,36606,36606,C,default,default,18,,predictions/multi_gru_default_seed2047.npz,0.27077025175094604,0.5203558895130774,0.31319305300712585,38.75344467163086,23.325016021728516,34.877384185791016,"[0, 1, 2, 3, 4, 5, 6, 7, 8, 9, 10, 11, 12, 13, 14, 15, 16, 17]","{""hidden_size"": 100}",,,,,,48,6,experiments/results/baselines/beijing/48h_6h,False,beijing,,True
multi_gru_default,multi_gru,2048,completed,10,0.4114465713500976,4.910775673997705,0.0173120099934749,test,36606,36606,C,default,default,18,,predictions/multi_gru_default_seed2048.npz,0.282042533159256,0.531076767670415,0.31338584423065186,39.5518798828125,23.339372634887695,33.611412048339844,"[0, 1, 2, 3, 4, 5, 6, 7, 8, 9, 10, 11, 12, 13, 14, 15, 16, 17]","{""hidden_size"": 100}",,,,,,48,6,experiments/results/baselines/beijing/48h_6h,False,beijing,,True
multi_gru_default,multi_gru,2049,completed,9,0.4199181497097015,4.636224999005208,0.0170978719979757,test,36606,36606,C,default,default,18,,predictions/multi_gru_default_seed2049.npz,0.269443154335022,0.5190791407242463,0.3068692684173584,38.65835952758789,22.854053497314453,33.254302978515625,"[0, 1, 2, 3, 4, 5, 6, 7, 8, 9, 10, 11, 12, 13, 14, 15, 16, 17]","{""hidden_size"": 100}",,,,,,48,6,experiments/results/baselines/beijing/48h_6h,False,beijing,,True
center_gru_default,center_gru,2047,completed,20,0.8083783984184265,7.919290826990618,0.0225704490003408,test,32112,32112,B,default,default,1,,predictions/center_gru_default_seed2047.npz,0.4565553367137909,0.6756887868788344,0.432308167219162,50.289676666259766,32.17551803588867,44.26776885986328,[9],"{""hidden_size"": 100}",,,,,,72,12,experiments/results/baselines/beijing/72h_12h,False,beijing,,True
center_gru_default,center_gru,2048,completed,27,0.7949079871177673,9.03487241800758,0.0227595180040225,test,32112,32112,B,default,default,1,,predictions/center_gru_default_seed2048.npz,0.45134636759757996,0.6718231669104452,0.43069735169410706,50.00196838378906,32.05562973022461,44.293128967285156,[9],"{""hidden_size"": 100}",,,,,,72,12,experiments/results/baselines/beijing/72h_12h,False,beijing,,True
center_gru_default,center_gru,2049,completed,29,0.8023869395256042,8.867056625997066,0.0225742900074692,test,32112,32112,B,default,default,1,,predictions/center_gru_default_seed2049.npz,0.45227140188217163,0.6725112652455508,0.42901331186294556,50.053184509277344,31.93029022216797,43.84986877441406,[9],"{""hidden_size"": 100}",,,,,,72,12,experiments/results/baselines/beijing/72h_12h,False,beijing,,True
center_lstm_default,center_lstm,2047,completed,25,0.7401872873306274,6.398760944997775,0.0172341569996206,test,42412,42412,B,default,default,1,,predictions/center_lstm_default_seed2047.npz,0.5325151681900024,0.7297363689648492,0.47155648469924927,54.31229019165039,35.0966682434082,47.905941009521484,[9],"{""hidden_size"": 100}",,,,,,72,12,experiments/results/baselines/beijing/72h_12h,False,beijing,,True
center_lstm_default,center_lstm,2048,completed,15,0.8316313028335571,4.333188035991043,0.0172493269928963,test,42412,42412,B,default,default,1,,predictions/center_lstm_default_seed2048.npz,0.48842212557792664,0.6988720380569869,0.4596143662929535,52.015140533447266,34.20784378051758,47.29442596435547,[9],"{""hidden_size"": 100}",,,,,,72,12,experiments/results/baselines/beijing/72h_12h,False,beijing,,True
center_lstm_default,center_lstm,2049,completed,13,0.8156651854515076,4.087995006004348,0.0172833570104558,test,42412,42412,B,default,default,1,,predictions/center_lstm_default_seed2049.npz,0.4943258762359619,0.7030831218539967,0.46343472599983215,52.32856750488281,34.492183685302734,47.45772933959961,[9],"{""hidden_size"": 100}",,,,,,72,12,experiments/results/baselines/beijing/72h_12h,False,beijing,,True
center_tcn_default,center_tcn,2047,completed,29,0.9043001532554626,212.5183234599972,0.6647221419989364,test,66962,66962,B,default,default,1,,predictions/center_tcn_default_seed2047.npz,0.6032536625862122,0.7766940598370842,0.5202133059501648,57.80722427368164,38.71805953979492,53.87815856933594,[9],"{""ks"": 7, ""layers"": [25, 25, 25, 25, 25, 25, 25, 25]}",,,,,,72,12,experiments/results/baselines/beijing/72h_12h,False,beijing,,True
center_tcn_default,center_tcn,2048,completed,30,0.9438945055007936,209.73274926700103,0.32521553200786,test,66962,66962,B,default,default,1,,predictions/center_tcn_default_seed2048.npz,0.6076213121414185,0.7795006812963144,0.5275858640670776,58.01611328125,39.26677703857422,54.724700927734375,[9],"{""ks"": 7, ""layers"": [25, 25, 25, 25, 25, 25, 25, 25]}",,,,,,72,12,experiments/results/baselines/beijing/72h_12h,False,beijing,,True
center_tcn_default,center_tcn,2049,completed,30,0.9174270033836364,209.5840382250026,0.3235864099988248,test,66962,66962,B,default,default,1,,predictions/center_tcn_default_seed2049.npz,0.5702412724494934,0.7551432132049479,0.5154626369476318,56.20325469970703,38.36447525024414,53.32829284667969,[9],"{""ks"": 7, ""layers"": [25, 25, 25, 25, 25, 25, 25, 25]}",,,,,,72,12,experiments/results/baselines/beijing/72h_12h,False,beijing,,True
plain_mix_patchtst_all_default,plain_mix_patchtst_all,2047,completed,3,0.9632190465927124,3.326414092007326,0.0278855340002337,test,24402,24399,C,default,default,18,,predictions/plain_mix_patchtst_all_default_seed2047.npz,0.5261685848236084,0.7253747892114865,0.53465336561203,53.9876708984375,39.79279327392578,57.39286422729492,"[0, 1, 2, 3, 4, 5, 6, 7, 8, 9, 10, 11, 12, 13, 14, 15, 16, 17]","{""c_in"": 1, ""c_out"": 1, ""d_ff"": 128, ""d_model"": 16, ""dropout"": 0.2, ""n_heads"": 4, ""n_layers"": 3, ""padding_patch"": true, ""patch_len"": 4, ""pred_dim"": 12, ""seq_len"": 72, ""station_mixer"": ""Conv1d(S,32,1)-GELU-Conv1d(32,1,1)"", ""stride"": 2}",,,,,,72,12,experiments/results/baselines/beijing/72h_12h,False,beijing,,True
plain_mix_patchtst_all_default,plain_mix_patchtst_all,2048,completed,6,1.1065250635147097,4.076778145987191,0.016029045000323,test,24402,24399,C,default,default,18,,predictions/plain_mix_patchtst_all_default_seed2048.npz,0.7255272269248962,0.851778860341636,0.6498802304267883,63.39557647705078,48.368812561035156,64.56648254394531,"[0, 1, 2, 3, 4, 5, 6, 7, 8, 9, 10, 11, 12, 13, 14, 15, 16, 17]","{""c_in"": 1, ""c_out"": 1, ""d_ff"": 128, ""d_model"": 16, ""dropout"": 0.2, ""n_heads"": 4, ""n_layers"": 3, ""padding_patch"": true, ""patch_len"": 4, ""pred_dim"": 12, ""seq_len"": 72, ""station_mixer"": ""Conv1d(S,32,1)-GELU-Conv1d(32,1,1)"", ""stride"": 2}",,,,,,72,12,experiments/results/baselines/beijing/72h_12h,False,beijing,,True
plain_mix_patchtst_all_default,plain_mix_patchtst_all,2049,completed,2,1.1075550317764282,2.718050173003576,0.0158314559957943,test,24402,24399,C,default,default,18,,predictions/plain_mix_patchtst_all_default_seed2049.npz,0.629440188407898,0.7933726667890052,0.547288715839386,59.04856872558594,40.733211517333984,67.35031127929688,"[0, 1, 2, 3, 4, 5, 6, 7, 8, 9, 10, 11, 12, 13, 14, 15, 16, 17]","{""c_in"": 1, ""c_out"": 1, ""d_ff"": 128, ""d_model"": 16, ""dropout"": 0.2, ""n_heads"": 4, ""n_layers"": 3, ""padding_patch"": true, ""patch_len"": 4, ""pred_dim"": 12, ""seq_len"": 72, ""station_mixer"": ""Conv1d(S,32,1)-GELU-Conv1d(32,1,1)"", ""stride"": 2}",,,,,,72,12,experiments/results/baselines/beijing/72h_12h,False,beijing,,True
plain_mix_patchtst_top5_default,plain_mix_patchtst_top5,2047,completed,23,1.204533338546753,10.111283859994728,0.0263400019903201,test,24018,24015,C,default,default,6,,predictions/plain_mix_patchtst_top5_default_seed2047.npz,0.7691496014595032,0.8770117453372578,0.6698498725891113,65.27359771728516,49.8551025390625,66.88202667236328,"[9, 14, 11, 16, 15, 4]","{""c_in"": 1, ""c_out"": 1, ""d_ff"": 128, ""d_model"": 16, ""dropout"": 0.2, ""n_heads"": 4, ""n_layers"": 3, ""padding_patch"": true, ""patch_len"": 4, ""pred_dim"": 12, ""seq_len"": 72, ""station_mixer"": ""Conv1d(S,32,1)-GELU-Conv1d(32,1,1)"", ""stride"": 2}",,,,,,72,12,experiments/results/baselines/beijing/72h_12h,False,beijing,,True
plain_mix_patchtst_top5_default,plain_mix_patchtst_top5,2048,completed,6,1.007354736328125,4.082476071998826,0.0158356750034727,test,24018,24015,C,default,default,6,,predictions/plain_mix_patchtst_top5_default_seed2048.npz,0.956255316734314,0.9778830792760012,0.6713894605636597,72.78117370605469,49.969688415527344,61.07579040527344,"[9, 14, 11, 16, 15, 4]","{""c_in"": 1, ""c_out"": 1, ""d_ff"": 128, ""d_model"": 16, ""dropout"": 0.2, ""n_heads"": 4, ""n_layers"": 3, ""padding_patch"": true, ""patch_len"": 4, ""pred_dim"": 12, ""seq_len"": 72, ""station_mixer"": ""Conv1d(S,32,1)-GELU-Conv1d(32,1,1)"", ""stride"": 2}",,,,,,72,12,experiments/results/baselines/beijing/72h_12h,False,beijing,,True
plain_mix_patchtst_top5_default,plain_mix_patchtst_top5,2049,completed,11,1.1702792644500732,5.754314407997299,0.0158836769987829,test,24018,24015,C,default,default,6,,predictions/plain_mix_patchtst_top5_default_seed2049.npz,2.202390193939209,1.484045212902629,0.8738972544670105,110.45344543457031,65.04180145263672,71.4544677734375,"[9, 14, 11, 16, 15, 4]","{""c_in"": 1, ""c_out"": 1, ""d_ff"": 128, ""d_model"": 16, ""dropout"": 0.2, ""n_heads"": 4, ""n_layers"": 3, ""padding_patch"": true, ""patch_len"": 4, ""pred_dim"": 12, ""seq_len"": 72, ""station_mixer"": ""Conv1d(S,32,1)-GELU-Conv1d(32,1,1)"", ""stride"": 2}",,,,,,72,12,experiments/results/baselines/beijing/72h_12h,False,beijing,,True
patchtst_ci_all_default,patchtst_ci_all,2047,completed,28,0.8033044338226318,176.27807145898987,0.2965456490055658,test,23795,23792,C,default,default,18,,predictions/patchtst_ci_all_default_seed2047.npz,0.5134267807006836,0.7165380525140892,0.45360738039016724,53.32997512817383,33.760765075683594,46.17662048339844,"[0, 1, 2, 3, 4, 5, 6, 7, 8, 9, 10, 11, 12, 13, 14, 15, 16, 17]","{""c_in"": 18, ""c_out"": 1, ""d_ff"": 128, ""d_model"": 16, ""dropout"": 0.2, ""n_heads"": 4, ""n_layers"": 3, ""padding_patch"": true, ""patch_len"": 4, ""pred_dim"": 12, ""seq_len"": 72, ""stride"": 2}",,,,,,72,12,experiments/results/baselines/beijing/72h_12h,False,beijing,,True
patchtst_ci_all_default,patchtst_ci_all,2048,completed,29,0.7936092019081116,175.7059527879901,0.2963172890013084,test,23795,23792,C,default,default,18,,predictions/patchtst_ci_all_default_seed2048.npz,0.567852795124054,0.7535600806332923,0.4706650674343109,56.085426330566406,35.03031539916992,46.11582565307617,"[0, 1, 2, 3, 4, 5, 6, 7, 8, 9, 10, 11, 12, 13, 14, 15, 16, 17]","{""c_in"": 18, ""c_out"": 1, ""d_ff"": 128, ""d_model"": 16, ""dropout"": 0.2, ""n_heads"": 4, ""n_layers"": 3, ""padding_patch"": true, ""patch_len"": 4, ""pred_dim"": 12, ""seq_len"": 72, ""stride"": 2}",,,,,,72,12,experiments/results/baselines/beijing/72h_12h,False,beijing,,True
patchtst_ci_all_default,patchtst_ci_all,2049,completed,23,0.7967789769172668,169.99248950499168,0.2954240739927627,test,23795,23792,C,default,default,18,,predictions/patchtst_ci_all_default_seed2049.npz,0.5529589056968689,0.7436120666697582,0.4689205288887024,55.34502029418945,34.90047836303711,46.550697326660156,"[0, 1, 2, 3, 4, 5, 6, 7, 8, 9, 10, 11, 12, 13, 14, 15, 16, 17]","{""c_in"": 18, ""c_out"": 1, ""d_ff"": 128, ""d_model"": 16, ""dropout"": 0.2, ""n_heads"": 4, ""n_layers"": 3, ""padding_patch"": true, ""patch_len"": 4, ""pred_dim"": 12, ""seq_len"": 72, ""stride"": 2}",,,,,,72,12,experiments/results/baselines/beijing/72h_12h,False,beijing,,True
patchtst_ci_top5_default,patchtst_ci_top5,2047,completed,20,0.8110122680664062,49.14145231500152,0.0901137070031836,test,23771,23768,C,default,default,6,,predictions/patchtst_ci_top5_default_seed2047.npz,0.5178558826446533,0.7196220415222517,0.4551127254962921,53.55950927734375,33.872802734375,45.97419357299805,"[9, 14, 11, 16, 15, 4]","{""c_in"": 6, ""c_out"": 1, ""d_ff"": 128, ""d_model"": 16, ""dropout"": 0.2, ""n_heads"": 4, ""n_layers"": 3, ""padding_patch"": true, ""patch_len"": 4, ""pred_dim"": 12, ""seq_len"": 72, ""stride"": 2}",,,,,,72,12,experiments/results/baselines/beijing/72h_12h,False,beijing,,True
patchtst_ci_top5_default,patchtst_ci_top5,2048,completed,17,0.7919049859046936,42.8765614030126,0.0901717880042269,test,23771,23768,C,default,default,6,,predictions/patchtst_ci_top5_default_seed2048.npz,0.5348615050315857,0.7313422625772324,0.4578094184398651,54.43180847167969,34.07350540161133,45.771183013916016,"[9, 14, 11, 16, 15, 4]","{""c_in"": 6, ""c_out"": 1, ""d_ff"": 128, ""d_model"": 16, ""dropout"": 0.2, ""n_heads"": 4, ""n_layers"": 3, ""padding_patch"": true, ""patch_len"": 4, ""pred_dim"": 12, ""seq_len"": 72, ""stride"": 2}",,,,,,72,12,experiments/results/baselines/beijing/72h_12h,False,beijing,,True
patchtst_ci_top5_default,patchtst_ci_top5,2049,completed,14,0.8017348647117615,37.10450470198703,0.0901038589945528,test,23771,23768,C,default,default,6,,predictions/patchtst_ci_top5_default_seed2049.npz,0.5374144911766052,0.7330855960777058,0.46262773871421814,54.56156539916992,34.4321174621582,46.375526428222656,"[9, 14, 11, 16, 15, 4]","{""c_in"": 6, ""c_out"": 1, ""d_ff"": 128, ""d_model"": 16, ""dropout"": 0.2, ""n_heads"": 4, ""n_layers"": 3, ""padding_patch"": true, ""patch_len"": 4, ""pred_dim"": 12, ""seq_len"": 72, ""stride"": 2}",,,,,,72,12,experiments/results/baselines/beijing/72h_12h,False,beijing,,True
multi_gru_default,multi_gru,2047,completed,12,0.7401566505432129,5.481530845994712,0.0241955090023111,test,37212,37212,C,default,default,18,,predictions/multi_gru_default_seed2047.npz,0.49664807319641113,0.704732625324251,0.4568094313144684,52.45132827758789,33.999080657958984,47.61870574951172,"[0, 1, 2, 3, 4, 5, 6, 7, 8, 9, 10, 11, 12, 13, 14, 15, 16, 17]","{""hidden_size"": 100}",,,,,,72,12,experiments/results/baselines/beijing/72h_12h,False,beijing,,True
multi_gru_default,multi_gru,2048,completed,12,0.7322834730148315,5.390891647999524,0.0227064210048411,test,37212,37212,C,default,default,18,,predictions/multi_gru_default_seed2048.npz,0.46098676323890686,0.6789600601205544,0.43835553526878357,50.53314971923828,32.625606536865234,45.75844955444336,"[0, 1, 2, 3, 4, 5, 6, 7, 8, 9, 10, 11, 12, 13, 14, 15, 16, 17]","{""hidden_size"": 100}",,,,,,72,12,experiments/results/baselines/beijing/72h_12h,False,beijing,,True
multi_gru_default,multi_gru,2049,completed,12,0.7666542530059814,5.510528831000556,0.0230544850055594,test,37212,37212,C,default,default,18,,predictions/multi_gru_default_seed2049.npz,0.4751894772052765,0.6893398851113117,0.44781509041786194,51.30569076538086,33.329654693603516,46.257972717285156,"[0, 1, 2, 3, 4, 5, 6, 7, 8, 9, 10, 11, 12, 13, 14, 15, 16, 17]","{""hidden_size"": 100}",,,,,,72,12,experiments/results/baselines/beijing/72h_12h,False,beijing,,True
center_gru_default,center_gru,2047,completed,30,0.1012260541319847,9.133716559997993,0.0231167140009347,test,31001,31001,B,default,default,1,,predictions/center_gru_default_seed2047.npz,0.08159365504980087,0.28564603104156877,0.13482391834259033,21.263334274291992,10.036219596862793,16.11370277404785,[9],"{""hidden_size"": 100}",,,,,,72,1,experiments/results/baselines/beijing/72h_1h,False,beijing,,True
center_gru_default,center_gru,2048,completed,30,0.1007942259311676,8.873808767995797,0.0228240080032264,test,31001,31001,B,default,default,1,,predictions/center_gru_default_seed2048.npz,0.08228477835655212,0.2868532348720372,0.1341920793056488,21.35319709777832,9.989184379577637,16.269393920898438,[9],"{""hidden_size"": 100}",,,,,,72,1,experiments/results/baselines/beijing/72h_1h,False,beijing,,True
center_gru_default,center_gru,2049,completed,30,0.0996385440230369,9.0530327460001,0.0228995170036796,test,31001,31001,B,default,default,1,,predictions/center_gru_default_seed2049.npz,0.08304999023675919,0.2881839520805404,0.13392996788024902,21.45225715637207,9.969674110412598,16.51243019104004,[9],"{""hidden_size"": 100}",,,,,,72,1,experiments/results/baselines/beijing/72h_1h,False,beijing,,True
center_lstm_default,center_lstm,2047,completed,30,0.1023735776543617,8.181171814998379,0.0172377470007631,test,41301,41301,B,default,default,1,,predictions/center_lstm_default_seed2047.npz,0.08170835673809052,0.28584673644820663,0.13453345000743866,21.278274536132812,10.014595985412598,15.43734073638916,[9],"{""hidden_size"": 100}",,,,,,72,1,experiments/results/baselines/beijing/72h_1h,False,beijing,,True
center_lstm_default,center_lstm,2048,completed,30,0.1014889106154441,6.243482210993534,0.0173383159999502,test,41301,41301,B,default,default,1,,predictions/center_lstm_default_seed2048.npz,0.08037422597408295,0.2835034849416898,0.13638626039028168,21.103843688964844,10.152519226074219,16.455055236816406,[9],"{""hidden_size"": 100}",,,,,,72,1,experiments/results/baselines/beijing/72h_1h,False,beijing,,True
center_lstm_default,center_lstm,2049,completed,30,0.1014612466096878,6.400543611001922,0.0172755969979334,test,41301,41301,B,default,default,1,,predictions/center_lstm_default_seed2049.npz,0.08076257258653641,0.2841875658549058,0.13561993837356567,21.154767990112305,10.095474243164062,16.176410675048828,[9],"{""hidden_size"": 100}",,,,,,72,1,experiments/results/baselines/beijing/72h_1h,False,beijing,,True
center_tcn_default,center_tcn,2047,completed,30,0.3781868815422058,216.9151996919973,0.6702342850039713,test,66676,66676,B,default,default,1,,predictions/center_tcn_default_seed2047.npz,0.23728299140930176,0.48711702024185294,0.30142462253570557,36.26072692871094,22.437881469726562,38.94504165649414,[9],"{""ks"": 7, ""layers"": [25, 25, 25, 25, 25, 25, 25, 25]}",,,,,,72,1,experiments/results/baselines/beijing/72h_1h,False,beijing,,True
center_tcn_default,center_tcn,2048,completed,25,0.4100989997386932,209.65208321399405,0.321645570002147,test,66676,66676,B,default,default,1,,predictions/center_tcn_default_seed2048.npz,0.26784640550613403,0.5175387961362259,0.32564061880111694,38.525306701660156,24.240510940551758,39.75920104980469,[9],"{""ks"": 7, ""layers"": [25, 25, 25, 25, 25, 25, 25, 25]}",,,,,,72,1,experiments/results/baselines/beijing/72h_1h,False,beijing,,True
center_tcn_default,center_tcn,2049,completed,30,0.3196804523468017,209.98698668999717,0.3270172330085188,test,66676,66676,B,default,default,1,,predictions/center_tcn_default_seed2049.npz,0.20316053926944733,0.45073333498804735,0.29101303219795227,33.552345275878906,21.66284942626953,35.80976867675781,[9],"{""ks"": 7, ""layers"": [25, 25, 25, 25, 25, 25, 25, 25]}",,,,,,72,1,experiments/results/baselines/beijing/72h_1h,False,beijing,,True
plain_mix_patchtst_all_default,plain_mix_patchtst_all,2047,completed,4,0.6103550791740417,3.7355256270093378,0.0269364459963981,test,18055,18052,C,default,default,18,,predictions/plain_mix_patchtst_all_default_seed2047.npz,0.35348445177078247,0.5945455842664904,0.4589717388153076,44.25764846801758,34.16560363769531,56.77116012573242,"[0, 1, 2, 3, 4, 5, 6, 7, 8, 9, 10, 11, 12, 13, 14, 15, 16, 17]","{""c_in"": 1, ""c_out"": 1, ""d_ff"": 128, ""d_model"": 16, ""dropout"": 0.2, ""n_heads"": 4, ""n_layers"": 3, ""padding_patch"": true, ""patch_len"": 4, ""pred_dim"": 1, ""seq_len"": 72, ""station_mixer"": ""Conv1d(S,32,1)-GELU-Conv1d(32,1,1)"", ""stride"": 2}",,,,,,72,1,experiments/results/baselines/beijing/72h_1h,False,beijing,,True
plain_mix_patchtst_all_default,plain_mix_patchtst_all,2048,completed,5,1.4566279649734497,3.739067379996413,0.0158876469940878,test,18055,18052,C,default,default,18,,predictions/plain_mix_patchtst_all_default_seed2048.npz,0.6284210085868835,0.7927300981966583,0.542306661605835,59.01039123535156,40.36901092529297,58.53471755981445,"[0, 1, 2, 3, 4, 5, 6, 7, 8, 9, 10, 11, 12, 13, 14, 15, 16, 17]","{""c_in"": 1, ""c_out"": 1, ""d_ff"": 128, ""d_model"": 16, ""dropout"": 0.2, ""n_heads"": 4, ""n_layers"": 3, ""padding_patch"": true, ""patch_len"": 4, ""pred_dim"": 1, ""seq_len"": 72, ""station_mixer"": ""Conv1d(S,32,1)-GELU-Conv1d(32,1,1)"", ""stride"": 2}",,,,,,72,1,experiments/results/baselines/beijing/72h_1h,False,beijing,,True
plain_mix_patchtst_all_default,plain_mix_patchtst_all,2049,completed,2,0.8401563167572021,2.707700013997965,0.0160907760000554,test,18055,18052,C,default,default,18,,predictions/plain_mix_patchtst_all_default_seed2049.npz,0.45244836807250977,0.6726428235494004,0.5201054215431213,50.071163177490234,38.71636199951172,55.776458740234375,"[0, 1, 2, 3, 4, 5, 6, 7, 8, 9, 10, 11, 12, 13, 14, 15, 16, 17]","{""c_in"": 1, ""c_out"": 1, ""d_ff"": 128, ""d_model"": 16, ""dropout"": 0.2, ""n_heads"": 4, ""n_layers"": 3, ""padding_patch"": true, ""patch_len"": 4, ""pred_dim"": 1, ""seq_len"": 72, ""station_mixer"": ""Conv1d(S,32,1)-GELU-Conv1d(32,1,1)"", ""stride"": 2}",,,,,,72,1,experiments/results/baselines/beijing/72h_1h,False,beijing,,True
plain_mix_patchtst_top5_default,plain_mix_patchtst_top5,2047,completed,9,0.9771528840065002,5.222291836995282,0.026332009001635,test,17671,17668,C,default,default,6,,predictions/plain_mix_patchtst_top5_default_seed2047.npz,0.4566057622432709,0.6757261000163238,0.46288415789604187,50.30067825317383,34.456844329833984,50.528343200683594,"[9, 14, 11, 16, 15, 4]","{""c_in"": 1, ""c_out"": 1, ""d_ff"": 128, ""d_model"": 16, ""dropout"": 0.2, ""n_heads"": 4, ""n_layers"": 3, ""padding_patch"": true, ""patch_len"": 4, ""pred_dim"": 1, ""seq_len"": 72, ""station_mixer"": ""Conv1d(S,32,1)-GELU-Conv1d(32,1,1)"", ""stride"": 2}",,,,,,72,1,experiments/results/baselines/beijing/72h_1h,False,beijing,,True
plain_mix_patchtst_top5_default,plain_mix_patchtst_top5,2048,completed,12,0.4414480030536651,6.274250251997728,0.0158519669930683,test,17671,17668,C,default,default,6,,predictions/plain_mix_patchtst_top5_default_seed2048.npz,0.917901873588562,0.9580719563730911,0.5578887462615967,71.31835174560547,41.5289306640625,53.426273345947266,"[9, 14, 11, 16, 15, 4]","{""c_in"": 1, ""c_out"": 1, ""d_ff"": 128, ""d_model"": 16, ""dropout"": 0.2, ""n_heads"": 4, ""n_layers"": 3, ""padding_patch"": true, ""patch_len"": 4, ""pred_dim"": 1, ""seq_len"": 72, ""station_mixer"": ""Conv1d(S,32,1)-GELU-Conv1d(32,1,1)"", ""stride"": 2}",,,,,,72,1,experiments/results/baselines/beijing/72h_1h,False,beijing,,True
plain_mix_patchtst_top5_default,plain_mix_patchtst_top5,2049,completed,6,0.6259386539459229,4.056320105999475,0.0159926560008898,test,17671,17668,C,default,default,6,,predictions/plain_mix_patchtst_top5_default_seed2049.npz,1.3307491540908813,1.153581013232656,0.6939601898193359,85.87193298339844,51.658016204833984,63.49415588378906,"[9, 14, 11, 16, 15, 4]","{""c_in"": 1, ""c_out"": 1, ""d_ff"": 128, ""d_model"": 16, ""dropout"": 0.2, ""n_heads"": 4, ""n_layers"": 3, ""padding_patch"": true, ""patch_len"": 4, ""pred_dim"": 1, ""seq_len"": 72, ""station_mixer"": ""Conv1d(S,32,1)-GELU-Conv1d(32,1,1)"", ""stride"": 2}",,,,,,72,1,experiments/results/baselines/beijing/72h_1h,False,beijing,,True
patchtst_ci_all_default,patchtst_ci_all,2047,completed,29,0.1054935455322265,176.88238145700598,0.2963498059980338,test,17448,17445,C,default,default,18,,predictions/patchtst_ci_all_default_seed2047.npz,0.08464671671390533,0.29094108804688507,0.1469583660364151,21.657495498657227,10.939498901367188,17.904354095458984,"[0, 1, 2, 3, 4, 5, 6, 7, 8, 9, 10, 11, 12, 13, 14, 15, 16, 17]","{""c_in"": 18, ""c_out"": 1, ""d_ff"": 128, ""d_model"": 16, ""dropout"": 0.2, ""n_heads"": 4, ""n_layers"": 3, ""padding_patch"": true, ""patch_len"": 4, ""pred_dim"": 1, ""seq_len"": 72, ""stride"": 2}",,,,,,72,1,experiments/results/baselines/beijing/72h_1h,False,beijing,,True
patchtst_ci_all_default,patchtst_ci_all,2048,completed,13,0.105461485683918,111.44389136499376,0.2959606029908173,test,17448,17445,C,default,default,18,,predictions/patchtst_ci_all_default_seed2048.npz,0.08446720242500305,0.2906324180558718,0.14506061375141144,21.634519577026367,10.798232078552246,17.673812866210938,"[0, 1, 2, 3, 4, 5, 6, 7, 8, 9, 10, 11, 12, 13, 14, 15, 16, 17]","{""c_in"": 18, ""c_out"": 1, ""d_ff"": 128, ""d_model"": 16, ""dropout"": 0.2, ""n_heads"": 4, ""n_layers"": 3, ""padding_patch"": true, ""patch_len"": 4, ""pred_dim"": 1, ""seq_len"": 72, ""stride"": 2}",,,,,,72,1,experiments/results/baselines/beijing/72h_1h,False,beijing,,True
patchtst_ci_all_default,patchtst_ci_all,2049,completed,29,0.102446861565113,175.76216597099847,0.2971365169942146,test,17448,17445,C,default,default,18,,predictions/patchtst_ci_all_default_seed2049.npz,0.08311361074447632,0.2882943127161483,0.14364488422870636,21.46047019958496,10.69284725189209,17.501279830932617,"[0, 1, 2, 3, 4, 5, 6, 7, 8, 9, 10, 11, 12, 13, 14, 15, 16, 17]","{""c_in"": 18, ""c_out"": 1, ""d_ff"": 128, ""d_model"": 16, ""dropout"": 0.2, ""n_heads"": 4, ""n_layers"": 3, ""padding_patch"": true, ""patch_len"": 4, ""pred_dim"": 1, ""seq_len"": 72, ""stride"": 2}",,,,,,72,1,experiments/results/baselines/beijing/72h_1h,False,beijing,,True
patchtst_ci_top5_default,patchtst_ci_top5,2047,completed,18,0.1045193001627922,46.673098195999046,0.0902750370005378,test,17424,17421,C,default,default,6,,predictions/patchtst_ci_top5_default_seed2047.npz,0.08325248211622238,0.28853506219560626,0.14601735770702362,21.4783935546875,10.869453430175781,17.91592025756836,"[9, 14, 11, 16, 15, 4]","{""c_in"": 6, ""c_out"": 1, ""d_ff"": 128, ""d_model"": 16, ""dropout"": 0.2, ""n_heads"": 4, ""n_layers"": 3, ""padding_patch"": true, ""patch_len"": 4, ""pred_dim"": 1, ""seq_len"": 72, ""stride"": 2}",,,,,,72,1,experiments/results/baselines/beijing/72h_1h,False,beijing,,True
patchtst_ci_top5_default,patchtst_ci_top5,2048,completed,30,0.10437473654747,55.91703092701209,0.0905505970004014,test,17424,17421,C,default,default,6,,predictions/patchtst_ci_top5_default_seed2048.npz,0.08372845500707626,0.2893586960972078,0.1431966871023178,21.539703369140625,10.659482955932617,17.57341957092285,"[9, 14, 11, 16, 15, 4]","{""c_in"": 6, ""c_out"": 1, ""d_ff"": 128, ""d_model"": 16, ""dropout"": 0.2, ""n_heads"": 4, ""n_layers"": 3, ""padding_patch"": true, ""patch_len"": 4, ""pred_dim"": 1, ""seq_len"": 72, ""stride"": 2}",,,,,,72,1,experiments/results/baselines/beijing/72h_1h,False,beijing,,True
patchtst_ci_top5_default,patchtst_ci_top5,2049,completed,18,0.1035332828760147,44.56888898099714,0.0904543409997131,test,17424,17421,C,default,default,6,,predictions/patchtst_ci_top5_default_seed2049.npz,0.08324875682592392,0.2885286065989366,0.14409582316875458,21.4779109954834,10.72641372680664,17.515029907226562,"[9, 14, 11, 16, 15, 4]","{""c_in"": 6, ""c_out"": 1, ""d_ff"": 128, ""d_model"": 16, ""dropout"": 0.2, ""n_heads"": 4, ""n_layers"": 3, ""padding_patch"": true, ""patch_len"": 4, ""pred_dim"": 1, ""seq_len"": 72, ""stride"": 2}",,,,,,72,1,experiments/results/baselines/beijing/72h_1h,False,beijing,,True
multi_gru_default,multi_gru,2047,completed,30,0.0958473607897758,9.083415362998494,0.0230420079897157,test,36101,36101,C,default,default,18,,predictions/multi_gru_default_seed2047.npz,0.0727669820189476,0.26975355793566025,0.1412024348974228,20.08030891418457,10.511032104492188,18.002965927124023,"[0, 1, 2, 3, 4, 5, 6, 7, 8, 9, 10, 11, 12, 13, 14, 15, 16, 17]","{""hidden_size"": 100}",,,,,,72,1,experiments/results/baselines/beijing/72h_1h,False,beijing,,True
multi_gru_default,multi_gru,2048,completed,26,0.0918819680809974,8.911885446999804,0.0250226280040806,test,36101,36101,C,default,default,18,,predictions/multi_gru_default_seed2048.npz,0.07080156356096268,0.266085632007748,0.13123123347759247,19.807268142700195,9.768780708312988,17.020355224609375,"[0, 1, 2, 3, 4, 5, 6, 7, 8, 9, 10, 11, 12, 13, 14, 15, 16, 17]","{""hidden_size"": 100}",,,,,,72,1,experiments/results/baselines/beijing/72h_1h,False,beijing,,True
multi_gru_default,multi_gru,2049,completed,21,0.0924652218818664,8.067924185001175,0.0228792099951533,test,36101,36101,C,default,default,18,,predictions/multi_gru_default_seed2049.npz,0.07056586444377899,0.2656423619149984,0.13629670441150665,19.77427101135254,10.145852088928223,18.181598663330078,"[0, 1, 2, 3, 4, 5, 6, 7, 8, 9, 10, 11, 12, 13, 14, 15, 16, 17]","{""hidden_size"": 100}",,,,,,72,1,experiments/results/baselines/beijing/72h_1h,False,beijing,,True
center_gru_default,center_gru,2047,completed,30,1.21384859085083,8.916109612997388,0.0226737560005858,test,33324,33324,B,default,default,1,,predictions/center_gru_default_seed2047.npz,0.6405011415481567,0.800313152177419,0.5566432476043701,59.55198287963867,41.42029571533203,55.04792785644531,[9],"{""hidden_size"": 100}",,,,,,72,24,experiments/results/baselines/beijing/72h_24h,False,beijing,,True
center_gru_default,center_gru,2048,completed,23,1.2090919017791748,8.73211674200138,0.0225443419913062,test,33324,33324,B,default,default,1,,predictions/center_gru_default_seed2048.npz,0.6414898633956909,0.8009306233349371,0.5568574070930481,59.59792709350586,41.43623733520508,54.90645217895508,[9],"{""hidden_size"": 100}",,,,,,72,24,experiments/results/baselines/beijing/72h_24h,False,beijing,,True
center_gru_default,center_gru,2049,completed,19,1.219942569732666,7.509032139001647,0.0239596329920459,test,33324,33324,B,default,default,1,,predictions/center_gru_default_seed2049.npz,0.6435408592224121,0.8022099844943418,0.558344841003418,59.6931266784668,41.54690933227539,55.03260040283203,[9],"{""hidden_size"": 100}",,,,,,72,24,experiments/results/baselines/beijing/72h_24h,False,beijing,,True
center_lstm_default,center_lstm,2047,completed,17,1.116934299468994,4.832090110998252,0.0176701449963729,test,43624,43624,B,default,default,1,,predictions/center_lstm_default_seed2047.npz,0.7241408228874207,0.8509646425600894,0.5824794769287109,63.32100296020508,43.34279251098633,56.16065216064453,[9],"{""hidden_size"": 100}",,,,,,72,24,experiments/results/baselines/beijing/72h_24h,False,beijing,,True
center_lstm_default,center_lstm,2048,completed,13,1.2107912302017212,3.9710125510027865,0.0175020780006889,test,43624,43624,B,default,default,1,,predictions/center_lstm_default_seed2048.npz,0.6712936758995056,0.8193251344243662,0.5627408623695374,60.96668243408203,41.874027252197266,54.78413009643555,[9],"{""hidden_size"": 100}",,,,,,72,24,experiments/results/baselines/beijing/72h_24h,False,beijing,,True
center_lstm_default,center_lstm,2049,completed,11,1.1916329860687256,3.696958543005167,0.0174459709960501,test,43624,43624,B,default,default,1,,predictions/center_lstm_default_seed2049.npz,0.6632041335105896,0.8143734607111098,0.573573648929596,60.59822082519531,42.68010330200195,56.34815216064453,[9],"{""hidden_size"": 100}",,,,,,72,24,experiments/results/baselines/beijing/72h_24h,False,beijing,,True
center_tcn_default,center_tcn,2047,completed,20,1.3697036504745483,184.7674938909913,0.6616728189983405,test,67274,67274,B,default,default,1,,predictions/center_tcn_default_seed2047.npz,0.7809847593307495,0.8837334209651401,0.6455027461051941,65.75934600830078,48.032405853271484,62.16399002075195,[9],"{""ks"": 7, ""layers"": [25, 25, 25, 25, 25, 25, 25, 25]}",,,,,,72,24,experiments/results/baselines/beijing/72h_24h,False,beijing,,True
center_tcn_default,center_tcn,2048,completed,25,1.2523235082626345,209.32363886399253,0.3230721150030149,test,67274,67274,B,default,default,1,,predictions/center_tcn_default_seed2048.npz,0.7581005692481995,0.8706897089366564,0.6298556327819824,64.78876495361328,46.86809539794922,61.86909103393555,[9],"{""ks"": 7, ""layers"": [25, 25, 25, 25, 25, 25, 25, 25]}",,,,,,72,24,experiments/results/baselines/beijing/72h_24h,False,beijing,,True
center_tcn_default,center_tcn,2049,completed,22,1.3421730995178225,195.384417571011,0.3226116590085439,test,67274,67274,B,default,default,1,,predictions/center_tcn_default_seed2049.npz,0.7782880067825317,0.8822063289177491,0.6263760328292847,65.64572143554688,46.60917282104492,61.910491943359375,[9],"{""ks"": 7, ""layers"": [25, 25, 25, 25, 25, 25, 25, 25]}",,,,,,72,24,experiments/results/baselines/beijing/72h_24h,False,beijing,,True
plain_mix_patchtst_all_default,plain_mix_patchtst_all,2047,completed,2,1.428135871887207,2.924110624997411,0.0278576900018379,test,31326,31323,C,default,default,18,,predictions/plain_mix_patchtst_all_default_seed2047.npz,0.7673580050468445,0.8759897288478014,0.6170931458473206,65.18314361572266,45.918434143066406,63.832454681396484,"[0, 1, 2, 3, 4, 5, 6, 7, 8, 9, 10, 11, 12, 13, 14, 15, 16, 17]","{""c_in"": 1, ""c_out"": 1, ""d_ff"": 128, ""d_model"": 16, ""dropout"": 0.2, ""n_heads"": 4, ""n_layers"": 3, ""padding_patch"": true, ""patch_len"": 4, ""pred_dim"": 24, ""seq_len"": 72, ""station_mixer"": ""Conv1d(S,32,1)-GELU-Conv1d(32,1,1)"", ""stride"": 2}",,,,,,72,24,experiments/results/baselines/beijing/72h_24h,False,beijing,,True
plain_mix_patchtst_all_default,plain_mix_patchtst_all,2048,completed,6,1.4803868532180786,4.103431921001175,0.0159566200018161,test,31326,31323,C,default,default,18,,predictions/plain_mix_patchtst_all_default_seed2048.npz,0.8474439978599548,0.9205672152862902,0.7015734910964966,68.50019073486328,52.204681396484375,67.8099365234375,"[0, 1, 2, 3, 4, 5, 6, 7, 8, 9, 10, 11, 12, 13, 14, 15, 16, 17]","{""c_in"": 1, ""c_out"": 1, ""d_ff"": 128, ""d_model"": 16, ""dropout"": 0.2, ""n_heads"": 4, ""n_layers"": 3, ""padding_patch"": true, ""patch_len"": 4, ""pred_dim"": 24, ""seq_len"": 72, ""station_mixer"": ""Conv1d(S,32,1)-GELU-Conv1d(32,1,1)"", ""stride"": 2}",,,,,,72,24,experiments/results/baselines/beijing/72h_24h,False,beijing,,True
plain_mix_patchtst_all_default,plain_mix_patchtst_all,2049,completed,2,1.5839277505874634,2.718635338009335,0.0159766700089676,test,31326,31323,C,default,default,18,,predictions/plain_mix_patchtst_all_default_seed2049.npz,0.8559921383857727,0.9251984318975971,0.6503394842147827,68.84480285644531,48.39231491088867,71.37223052978516,"[0, 1, 2, 3, 4, 5, 6, 7, 8, 9, 10, 11, 12, 13, 14, 15, 16, 17]","{""c_in"": 1, ""c_out"": 1, ""d_ff"": 128, ""d_model"": 16, ""dropout"": 0.2, ""n_heads"": 4, ""n_layers"": 3, ""padding_patch"": true, ""patch_len"": 4, ""pred_dim"": 24, ""seq_len"": 72, ""station_mixer"": ""Conv1d(S,32,1)-GELU-Conv1d(32,1,1)"", ""stride"": 2}",,,,,,72,24,experiments/results/baselines/beijing/72h_24h,False,beijing,,True
plain_mix_patchtst_top5_default,plain_mix_patchtst_top5,2047,completed,1,1.9191346168518064,2.445841540989932,0.0268384579976554,test,30942,30939,C,default,default,6,,predictions/plain_mix_patchtst_top5_default_seed2047.npz,1.1732960939407349,1.083187931035393,0.7892714142799377,80.60093688964844,58.73036193847656,78.57945251464844,"[9, 14, 11, 16, 15, 4]","{""c_in"": 1, ""c_out"": 1, ""d_ff"": 128, ""d_model"": 16, ""dropout"": 0.2, ""n_heads"": 4, ""n_layers"": 3, ""padding_patch"": true, ""patch_len"": 4, ""pred_dim"": 24, ""seq_len"": 72, ""station_mixer"": ""Conv1d(S,32,1)-GELU-Conv1d(32,1,1)"", ""stride"": 2}",,,,,,72,24,experiments/results/baselines/beijing/72h_24h,False,beijing,,True
plain_mix_patchtst_top5_default,plain_mix_patchtst_top5,2048,completed,11,1.2955708503723145,5.97709808399668,0.0160036010056501,test,30942,30939,C,default,default,6,,predictions/plain_mix_patchtst_top5_default_seed2048.npz,0.9090020060539246,0.9534159669598179,0.682685911655426,70.94449615478516,50.79923629760742,63.53385543823242,"[9, 14, 11, 16, 15, 4]","{""c_in"": 1, ""c_out"": 1, ""d_ff"": 128, ""d_model"": 16, ""dropout"": 0.2, ""n_heads"": 4, ""n_layers"": 3, ""padding_patch"": true, ""patch_len"": 4, ""pred_dim"": 24, ""seq_len"": 72, ""station_mixer"": ""Conv1d(S,32,1)-GELU-Conv1d(32,1,1)"", ""stride"": 2}",,,,,,72,24,experiments/results/baselines/beijing/72h_24h,False,beijing,,True
plain_mix_patchtst_top5_default,plain_mix_patchtst_top5,2049,completed,9,1.497044324874878,5.071469421993243,0.0161504790012259,test,30942,30939,C,default,default,6,,predictions/plain_mix_patchtst_top5_default_seed2049.npz,1.3371610641479492,1.1563568065904006,0.8025757670402527,86.04549407958984,59.720340728759766,71.68550109863281,"[9, 14, 11, 16, 15, 4]","{""c_in"": 1, ""c_out"": 1, ""d_ff"": 128, ""d_model"": 16, ""dropout"": 0.2, ""n_heads"": 4, ""n_layers"": 3, ""padding_patch"": true, ""patch_len"": 4, ""pred_dim"": 24, ""seq_len"": 72, ""station_mixer"": ""Conv1d(S,32,1)-GELU-Conv1d(32,1,1)"", ""stride"": 2}",,,,,,72,24,experiments/results/baselines/beijing/72h_24h,False,beijing,,True
patchtst_ci_all_default,patchtst_ci_all,2047,completed,30,1.209702730178833,176.08216200899915,0.2964449540013447,test,30719,30716,C,default,default,18,,predictions/patchtst_ci_all_default_seed2047.npz,0.8272859454154968,0.9095526072831064,0.6157252788543701,67.68058013916016,45.816646575927734,57.34518051147461,"[0, 1, 2, 3, 4, 5, 6, 7, 8, 9, 10, 11, 12, 13, 14, 15, 16, 17]","{""c_in"": 18, ""c_out"": 1, ""d_ff"": 128, ""d_model"": 16, ""dropout"": 0.2, ""n_heads"": 4, ""n_layers"": 3, ""padding_patch"": true, ""patch_len"": 4, ""pred_dim"": 24, ""seq_len"": 72, ""stride"": 2}",,,,,,72,24,experiments/results/baselines/beijing/72h_24h,False,beijing,,True
patchtst_ci_all_default,patchtst_ci_all,2048,completed,11,1.222102403640747,99.37725342098564,0.2961891779996222,test,30719,30716,C,default,default,18,,predictions/patchtst_ci_all_default_seed2048.npz,0.7919276356697083,0.8899031608381376,0.6100072860717773,66.21845245361328,45.39115905761719,57.58150863647461,"[0, 1, 2, 3, 4, 5, 6, 7, 8, 9, 10, 11, 12, 13, 14, 15, 16, 17]","{""c_in"": 18, ""c_out"": 1, ""d_ff"": 128, ""d_model"": 16, ""dropout"": 0.2, ""n_heads"": 4, ""n_layers"": 3, ""padding_patch"": true, ""patch_len"": 4, ""pred_dim"": 24, ""seq_len"": 72, ""stride"": 2}",,,,,,72,24,experiments/results/baselines/beijing/72h_24h,False,beijing,,True
patchtst_ci_all_default,patchtst_ci_all,2049,completed,27,1.1575968265533447,175.30378734398982,0.2965440190018853,test,30719,30716,C,default,default,18,,predictions/patchtst_ci_all_default_seed2049.npz,0.8831902146339417,0.9397820037827611,0.6360373497009277,69.92997741699219,47.32808303833008,59.80968475341797,"[0, 1, 2, 3, 4, 5, 6, 7, 8, 9, 10, 11, 12, 13, 14, 15, 16, 17]","{""c_in"": 18, ""c_out"": 1, ""d_ff"": 128, ""d_model"": 16, ""dropout"": 0.2, ""n_heads"": 4, ""n_layers"": 3, ""padding_patch"": true, ""patch_len"": 4, ""pred_dim"": 24, ""seq_len"": 72, ""stride"": 2}",,,,,,72,24,experiments/results/baselines/beijing/72h_24h,False,beijing,,True
patchtst_ci_top5_default,patchtst_ci_top5,2047,completed,30,1.2049052715301514,56.70817804000399,0.0906513369991444,test,30695,30692,C,default,default,6,,predictions/patchtst_ci_top5_default_seed2047.npz,0.8388534784317017,0.9158894466209891,0.6206029057502747,68.15211486816406,46.17959213256836,57.4547233581543,"[9, 14, 11, 16, 15, 4]","{""c_in"": 6, ""c_out"": 1, ""d_ff"": 128, ""d_model"": 16, ""dropout"": 0.2, ""n_heads"": 4, ""n_layers"": 3, ""padding_patch"": true, ""patch_len"": 4, ""pred_dim"": 24, ""seq_len"": 72, ""stride"": 2}",,,,,,72,24,experiments/results/baselines/beijing/72h_24h,False,beijing,,True
patchtst_ci_top5_default,patchtst_ci_top5,2048,completed,16,1.2248746156692505,40.97107412200421,0.0900157110008876,test,30695,30692,C,default,default,6,,predictions/patchtst_ci_top5_default_seed2048.npz,0.7858330011367798,0.886472222428193,0.5992915630340576,65.9631576538086,44.59379959106445,56.44181442260742,"[9, 14, 11, 16, 15, 4]","{""c_in"": 6, ""c_out"": 1, ""d_ff"": 128, ""d_model"": 16, ""dropout"": 0.2, ""n_heads"": 4, ""n_layers"": 3, ""padding_patch"": true, ""patch_len"": 4, ""pred_dim"": 24, ""seq_len"": 72, ""stride"": 2}",,,,,,72,24,experiments/results/baselines/beijing/72h_24h,False,beijing,,True
patchtst_ci_top5_default,patchtst_ci_top5,2049,completed,28,1.1543349027633667,55.616348929994274,0.0905551519972505,test,30695,30692,C,default,default,6,,predictions/patchtst_ci_top5_default_seed2049.npz,0.8482953906059265,0.9210295275429157,0.6296886205673218,68.53459167480469,46.85566711425781,58.89297866821289,"[9, 14, 11, 16, 15, 4]","{""c_in"": 6, ""c_out"": 1, ""d_ff"": 128, ""d_model"": 16, ""dropout"": 0.2, ""n_heads"": 4, ""n_layers"": 3, ""padding_patch"": true, ""patch_len"": 4, ""pred_dim"": 24, ""seq_len"": 72, ""stride"": 2}",,,,,,72,24,experiments/results/baselines/beijing/72h_24h,False,beijing,,True
multi_gru_default,multi_gru,2047,completed,13,1.152403473854065,5.813233114007744,0.0227942199999233,test,38424,38424,C,default,default,18,,predictions/multi_gru_default_seed2047.npz,0.7508730888366699,0.8665293352429968,0.6009606719017029,64.47918701171875,44.717994689941406,59.39617919921875,"[0, 1, 2, 3, 4, 5, 6, 7, 8, 9, 10, 11, 12, 13, 14, 15, 16, 17]","{""hidden_size"": 100}",,,,,,72,24,experiments/results/baselines/beijing/72h_24h,False,beijing,,True
multi_gru_default,multi_gru,2048,completed,8,1.1879351139068604,4.160051936996752,0.0228256179980235,test,38424,38424,C,default,default,18,,predictions/multi_gru_default_seed2048.npz,0.6482586860656738,0.8051451335415708,0.557972252368927,59.91153335571289,41.51919174194336,55.39693069458008,"[0, 1, 2, 3, 4, 5, 6, 7, 8, 9, 10, 11, 12, 13, 14, 15, 16, 17]","{""hidden_size"": 100}",,,,,,72,24,experiments/results/baselines/beijing/72h_24h,False,beijing,,True
multi_gru_default,multi_gru,2049,completed,13,1.0843238830566406,5.819469708992983,0.0229422350093955,test,38424,38424,C,default,default,18,,predictions/multi_gru_default_seed2049.npz,0.8143140077590942,0.9023934883182027,0.6241859197616577,67.14787292480469,46.44620132446289,61.40230178833008,"[0, 1, 2, 3, 4, 5, 6, 7, 8, 9, 10, 11, 12, 13, 14, 15, 16, 17]","{""hidden_size"": 100}",,,,,,72,24,experiments/results/baselines/beijing/72h_24h,False,beijing,,True
center_gru_default,center_gru,2047,completed,30,0.2624275088310241,9.111691016994882,0.022754650999559,test,31203,31203,B,default,default,1,,predictions/center_gru_default_seed2047.npz,0.17632247507572174,0.4199076982810886,0.2219228446483612,31.255599975585938,16.518705368041992,25.165372848510742,[9],"{""hidden_size"": 100}",,,,,,72,3,experiments/results/baselines/beijing/72h_3h,False,beijing,,True
center_gru_default,center_gru,2048,completed,30,0.2585726380348205,9.041826145999948,0.0227181699883658,test,31203,31203,B,default,default,1,,predictions/center_gru_default_seed2048.npz,0.1758614182472229,0.41935834109651726,0.2177700251340866,31.214710235595703,16.209592819213867,24.145381927490234,[9],"{""hidden_size"": 100}",,,,,,72,3,experiments/results/baselines/beijing/72h_3h,False,beijing,,True
center_gru_default,center_gru,2049,completed,30,0.2622466385364532,8.868819480994716,0.02273167000385,test,31203,31203,B,default,default,1,,predictions/center_gru_default_seed2049.npz,0.17844142019748688,0.42242327137302327,0.21994923055171967,31.442846298217773,16.371801376342773,24.129915237426758,[9],"{""hidden_size"": 100}",,,,,,72,3,experiments/results/baselines/beijing/72h_3h,False,beijing,,True
center_lstm_default,center_lstm,2047,completed,27,0.266728937625885,6.431358117988566,0.0173696540005039,test,41503,41503,B,default,default,1,,predictions/center_lstm_default_seed2047.npz,0.1846298724412918,0.4296857833828015,0.2363642305135727,31.983428955078125,17.59364128112793,25.7015438079834,[9],"{""hidden_size"": 100}",,,,,,72,3,experiments/results/baselines/beijing/72h_3h,False,beijing,,True
center_lstm_default,center_lstm,2048,completed,29,0.2632640898227691,6.423491237001144,0.0173146250017453,test,41503,41503,B,default,default,1,,predictions/center_lstm_default_seed2048.npz,0.18160086870193481,0.42614653430707944,0.23487401008605957,31.719985961914062,17.482717514038086,26.384750366210938,[9],"{""hidden_size"": 100}",,,,,,72,3,experiments/results/baselines/beijing/72h_3h,False,beijing,,True
center_lstm_default,center_lstm,2049,completed,28,0.2660762965679168,6.274489756004186,0.0173048549913801,test,41503,41503,B,default,default,1,,predictions/center_lstm_default_seed2049.npz,0.18390394747257233,0.4288402353704376,0.2301519364118576,31.920488357543945,17.131235122680664,25.143150329589844,[9],"{""hidden_size"": 100}",,,,,,72,3,experiments/results/baselines/beijing/72h_3h,False,beijing,,True
center_tcn_default,center_tcn,2047,completed,30,0.5260291695594788,213.5619218580105,0.3247812590125249,test,66728,66728,B,default,default,1,,predictions/center_tcn_default_seed2047.npz,0.319164514541626,0.564946470509929,0.3702790141105652,42.051483154296875,27.561519622802734,42.08959197998047,[9],"{""ks"": 7, ""layers"": [25, 25, 25, 25, 25, 25, 25, 25]}",,,,,,72,3,experiments/results/baselines/beijing/72h_3h,False,beijing,,True
center_tcn_default,center_tcn,2048,completed,29,0.4985813796520233,209.9013655089948,0.3245550179999554,test,66728,66728,B,default,default,1,,predictions/center_tcn_default_seed2048.npz,0.3038221001625061,0.5512005988408449,0.34342023730278015,41.028316497802734,25.56229591369629,37.9930534362793,[9],"{""ks"": 7, ""layers"": [25, 25, 25, 25, 25, 25, 25, 25]}",,,,,,72,3,experiments/results/baselines/beijing/72h_3h,False,beijing,,True
center_tcn_default,center_tcn,2049,completed,27,0.4767270386219024,209.8135382160108,0.3234985989984125,test,66728,66728,B,default,default,1,,predictions/center_tcn_default_seed2049.npz,0.3268105089664459,0.5716734285992711,0.37431174516677856,42.55220031738281,27.8616886138916,51.08263397216797,[9],"{""ks"": 7, ""layers"": [25, 25, 25, 25, 25, 25, 25, 25]}",,,,,,72,3,experiments/results/baselines/beijing/72h_3h,False,beijing,,True
plain_mix_patchtst_all_default,plain_mix_patchtst_all,2047,completed,2,0.7470346093177795,2.7894137520052027,0.0159716310008661,test,19209,19206,C,default,default,18,,predictions/plain_mix_patchtst_all_default_seed2047.npz,0.42988261580467224,0.655654341711143,0.5110068321228027,48.80327224731445,38.0365104675293,56.871150970458984,"[0, 1, 2, 3, 4, 5, 6, 7, 8, 9, 10, 11, 12, 13, 14, 15, 16, 17]","{""c_in"": 1, ""c_out"": 1, ""d_ff"": 128, ""d_model"": 16, ""dropout"": 0.2, ""n_heads"": 4, ""n_layers"": 3, ""padding_patch"": true, ""patch_len"": 4, ""pred_dim"": 3, ""seq_len"": 72, ""station_mixer"": ""Conv1d(S,32,1)-GELU-Conv1d(32,1,1)"", ""stride"": 2}",,,,,,72,3,experiments/results/baselines/beijing/72h_3h,False,beijing,,True
plain_mix_patchtst_all_default,plain_mix_patchtst_all,2048,completed,5,1.1878467798233032,3.724569739002618,0.0160492599970893,test,19209,19206,C,default,default,18,,predictions/plain_mix_patchtst_all_default_seed2048.npz,0.5340636372566223,0.7307965772064223,0.5262569785118103,54.39644241333008,39.171653747558594,73.02063751220703,"[0, 1, 2, 3, 4, 5, 6, 7, 8, 9, 10, 11, 12, 13, 14, 15, 16, 17]","{""c_in"": 1, ""c_out"": 1, ""d_ff"": 128, ""d_model"": 16, ""dropout"": 0.2, ""n_heads"": 4, ""n_layers"": 3, ""padding_patch"": true, ""patch_len"": 4, ""pred_dim"": 3, ""seq_len"": 72, ""station_mixer"": ""Conv1d(S,32,1)-GELU-Conv1d(32,1,1)"", ""stride"": 2}",,,,,,72,3,experiments/results/baselines/beijing/72h_3h,False,beijing,,True
plain_mix_patchtst_all_default,plain_mix_patchtst_all,2049,completed,3,0.507058322429657,3.05318870699557,0.0159207110118586,test,19209,19206,C,default,default,18,,predictions/plain_mix_patchtst_all_default_seed2049.npz,0.29668593406677246,0.5446888415111627,0.36438605189323425,40.543617248535156,27.122879028320312,52.785945892333984,"[0, 1, 2, 3, 4, 5, 6, 7, 8, 9, 10, 11, 12, 13, 14, 15, 16, 17]","{""c_in"": 1, ""c_out"": 1, ""d_ff"": 128, ""d_model"": 16, ""dropout"": 0.2, ""n_heads"": 4, ""n_layers"": 3, ""padding_patch"": true, ""patch_len"": 4, ""pred_dim"": 3, ""seq_len"": 72, ""station_mixer"": ""Conv1d(S,32,1)-GELU-Conv1d(32,1,1)"", ""stride"": 2}",,,,,,72,3,experiments/results/baselines/beijing/72h_3h,False,beijing,,True
plain_mix_patchtst_top5_default,plain_mix_patchtst_top5,2047,completed,2,1.5896530151367188,2.995927618991118,0.0160104209935525,test,18825,18822,C,default,default,6,,predictions/plain_mix_patchtst_top5_default_seed2047.npz,1.3099302053451538,1.1445218238832993,0.7645506858825684,85.19185638427734,56.908912658691406,72.1851806640625,"[9, 14, 11, 16, 15, 4]","{""c_in"": 1, ""c_out"": 1, ""d_ff"": 128, ""d_model"": 16, ""dropout"": 0.2, ""n_heads"": 4, ""n_layers"": 3, ""padding_patch"": true, ""patch_len"": 4, ""pred_dim"": 3, ""seq_len"": 72, ""station_mixer"": ""Conv1d(S,32,1)-GELU-Conv1d(32,1,1)"", ""stride"": 2}",,,,,,72,3,experiments/results/baselines/beijing/72h_3h,False,beijing,,True
plain_mix_patchtst_top5_default,plain_mix_patchtst_top5,2048,completed,7,0.6493886709213257,4.40976436699566,0.01591351100069,test,18825,18822,C,default,default,6,,predictions/plain_mix_patchtst_top5_default_seed2048.npz,0.8598401546478271,0.9272756627065261,0.6166529655456543,69.02125549316406,45.90022659301758,60.03177261352539,"[9, 14, 11, 16, 15, 4]","{""c_in"": 1, ""c_out"": 1, ""d_ff"": 128, ""d_model"": 16, ""dropout"": 0.2, ""n_heads"": 4, ""n_layers"": 3, ""padding_patch"": true, ""patch_len"": 4, ""pred_dim"": 3, ""seq_len"": 72, ""station_mixer"": ""Conv1d(S,32,1)-GELU-Conv1d(32,1,1)"", ""stride"": 2}",,,,,,72,3,experiments/results/baselines/beijing/72h_3h,False,beijing,,True
plain_mix_patchtst_top5_default,plain_mix_patchtst_top5,2049,completed,14,0.6092127561569214,6.9375617720070295,0.0161656190030043,test,18825,18822,C,default,default,6,,predictions/plain_mix_patchtst_top5_default_seed2049.npz,2.672269582748413,1.6347077973596422,0.8328153491020203,121.67858123779297,61.99015426635742,64.81781768798828,"[9, 14, 11, 16, 15, 4]","{""c_in"": 1, ""c_out"": 1, ""d_ff"": 128, ""d_model"": 16, ""dropout"": 0.2, ""n_heads"": 4, ""n_layers"": 3, ""padding_patch"": true, ""patch_len"": 4, ""pred_dim"": 3, ""seq_len"": 72, ""station_mixer"": ""Conv1d(S,32,1)-GELU-Conv1d(32,1,1)"", ""stride"": 2}",,,,,,72,3,experiments/results/baselines/beijing/72h_3h,False,beijing,,True
patchtst_ci_all_default,patchtst_ci_all,2047,completed,13,0.2728422284126282,111.84716721800214,0.2968125990009866,test,18602,18599,C,default,default,18,,predictions/patchtst_ci_all_default_seed2047.npz,0.18657413125038147,0.43194227768346716,0.2370975911617279,32.151390075683594,17.648231506347656,27.41765594482422,"[0, 1, 2, 3, 4, 5, 6, 7, 8, 9, 10, 11, 12, 13, 14, 15, 16, 17]","{""c_in"": 18, ""c_out"": 1, ""d_ff"": 128, ""d_model"": 16, ""dropout"": 0.2, ""n_heads"": 4, ""n_layers"": 3, ""padding_patch"": true, ""patch_len"": 4, ""pred_dim"": 3, ""seq_len"": 72, ""stride"": 2}",,,,,,72,3,experiments/results/baselines/beijing/72h_3h,False,beijing,,True
patchtst_ci_all_default,patchtst_ci_all,2048,completed,13,0.2692988812923431,111.52791074701236,0.2964620630082208,test,18602,18599,C,default,default,18,,predictions/patchtst_ci_all_default_seed2048.npz,0.18383540213108063,0.4287603084837502,0.2348148673772812,31.914541244506836,17.478317260742188,26.700719833374023,"[0, 1, 2, 3, 4, 5, 6, 7, 8, 9, 10, 11, 12, 13, 14, 15, 16, 17]","{""c_in"": 18, ""c_out"": 1, ""d_ff"": 128, ""d_model"": 16, ""dropout"": 0.2, ""n_heads"": 4, ""n_layers"": 3, ""padding_patch"": true, ""patch_len"": 4, ""pred_dim"": 3, ""seq_len"": 72, ""stride"": 2}",,,,,,72,3,experiments/results/baselines/beijing/72h_3h,False,beijing,,True
patchtst_ci_all_default,patchtst_ci_all,2049,completed,30,0.2657475769519806,175.61496690700005,0.2966379849967779,test,18602,18599,C,default,default,18,,predictions/patchtst_ci_all_default_seed2049.npz,0.18585558235645294,0.4311097103481351,0.23491476476192474,32.08941650390625,17.485750198364258,26.677644729614258,"[0, 1, 2, 3, 4, 5, 6, 7, 8, 9, 10, 11, 12, 13, 14, 15, 16, 17]","{""c_in"": 18, ""c_out"": 1, ""d_ff"": 128, ""d_model"": 16, ""dropout"": 0.2, ""n_heads"": 4, ""n_layers"": 3, ""padding_patch"": true, ""patch_len"": 4, ""pred_dim"": 3, ""seq_len"": 72, ""stride"": 2}",,,,,,72,3,experiments/results/baselines/beijing/72h_3h,False,beijing,,True
patchtst_ci_top5_default,patchtst_ci_top5,2047,completed,14,0.2727982103824615,38.25725298799807,0.0907725550059694,test,18578,18575,C,default,default,6,,predictions/patchtst_ci_top5_default_seed2047.npz,0.18975035846233368,0.4356034417475758,0.2404249906539917,32.42390441894531,17.895902633666992,27.783180236816406,"[9, 14, 11, 16, 15, 4]","{""c_in"": 6, ""c_out"": 1, ""d_ff"": 128, ""d_model"": 16, ""dropout"": 0.2, ""n_heads"": 4, ""n_layers"": 3, ""padding_patch"": true, ""patch_len"": 4, ""pred_dim"": 3, ""seq_len"": 72, ""stride"": 2}",,,,,,72,3,experiments/results/baselines/beijing/72h_3h,False,beijing,,True
patchtst_ci_top5_default,patchtst_ci_top5,2048,completed,8,0.2688601613044739,25.99596437100263,0.0906988240021746,test,18578,18575,C,default,default,6,,predictions/patchtst_ci_top5_default_seed2048.npz,0.1872904896736145,0.43277071258764094,0.23282510042190552,32.213050842285156,17.330211639404297,26.564077377319336,"[9, 14, 11, 16, 15, 4]","{""c_in"": 6, ""c_out"": 1, ""d_ff"": 128, ""d_model"": 16, ""dropout"": 0.2, ""n_heads"": 4, ""n_layers"": 3, ""padding_patch"": true, ""patch_len"": 4, ""pred_dim"": 3, ""seq_len"": 72, ""stride"": 2}",,,,,,72,3,experiments/results/baselines/beijing/72h_3h,False,beijing,,True
patchtst_ci_top5_default,patchtst_ci_top5,2049,completed,12,0.2702420949935913,33.60131858100067,0.0907304149877745,test,18578,18575,C,default,default,6,,predictions/patchtst_ci_top5_default_seed2049.npz,0.18292631208896637,0.42769885677771735,0.23949970304965973,31.83553123474121,17.8270320892334,27.62830924987793,"[9, 14, 11, 16, 15, 4]","{""c_in"": 6, ""c_out"": 1, ""d_ff"": 128, ""d_model"": 16, ""dropout"": 0.2, ""n_heads"": 4, ""n_layers"": 3, ""padding_patch"": true, ""patch_len"": 4, ""pred_dim"": 3, ""seq_len"": 72, ""stride"": 2}",,,,,,72,3,experiments/results/baselines/beijing/72h_3h,False,beijing,,True
multi_gru_default,multi_gru,2047,completed,21,0.2326141148805618,8.166396882996196,0.0243679039995186,test,36303,36303,C,default,default,18,,predictions/multi_gru_default_seed2047.npz,0.15652252733707428,0.39562928018168003,0.21537679433822632,29.448450088500977,16.03145408630371,24.64374542236328,"[0, 1, 2, 3, 4, 5, 6, 7, 8, 9, 10, 11, 12, 13, 14, 15, 16, 17]","{""hidden_size"": 100}",,,,,,72,3,experiments/results/baselines/beijing/72h_3h,False,beijing,,True
multi_gru_default,multi_gru,2048,completed,14,0.2301105856895446,5.975298025994562,0.0228395409940276,test,36303,36303,C,default,default,18,,predictions/multi_gru_default_seed2048.npz,0.14848382771015167,0.38533599327100454,0.21223649382591248,28.682275772094727,15.797708511352539,25.98484992980957,"[0, 1, 2, 3, 4, 5, 6, 7, 8, 9, 10, 11, 12, 13, 14, 15, 16, 17]","{""hidden_size"": 100}",,,,,,72,3,experiments/results/baselines/beijing/72h_3h,False,beijing,,True
multi_gru_default,multi_gru,2049,completed,27,0.2342502623796463,8.9170653730107,0.0229713389999233,test,36303,36303,C,default,default,18,,predictions/multi_gru_default_seed2049.npz,0.1565532088279724,0.3956680538380277,0.21357233822345734,29.451335906982422,15.897139549255371,24.728288650512695,"[0, 1, 2, 3, 4, 5, 6, 7, 8, 9, 10, 11, 12, 13, 14, 15, 16, 17]","{""hidden_size"": 100}",,,,,,72,3,experiments/results/baselines/beijing/72h_3h,False,beijing,,True
center_gru_default,center_gru,2047,completed,26,0.4754718244075775,9.097801529002028,0.0226911350036971,test,31506,31506,B,default,default,1,,predictions/center_gru_default_seed2047.npz,0.28843390941619873,0.5370604336722253,0.3131296634674072,39.97315216064453,23.306093215942383,33.749412536621094,[9],"{""hidden_size"": 100}",,,,,,72,6,experiments/results/baselines/beijing/72h_6h,False,beijing,,True
center_gru_default,center_gru,2048,completed,30,0.474697083234787,8.861600159987574,0.0226963320019422,test,31506,31506,B,default,default,1,,predictions/center_gru_default_seed2048.npz,0.2894425392150879,0.5379986423914914,0.3098078966140747,40.04298400878906,23.058853149414062,32.83464431762695,[9],"{""hidden_size"": 100}",,,,,,72,6,experiments/results/baselines/beijing/72h_6h,False,beijing,,True
center_gru_default,center_gru,2049,completed,29,0.4769614934921264,9.030351181994774,0.0226459190016612,test,31506,31506,B,default,default,1,,predictions/center_gru_default_seed2049.npz,0.28890642523765564,0.537500163011748,0.31056874990463257,40.005882263183594,23.115482330322266,33.04484176635742,[9],"{""hidden_size"": 100}",,,,,,72,6,experiments/results/baselines/beijing/72h_6h,False,beijing,,True
center_lstm_default,center_lstm,2047,completed,20,0.4921936988830566,5.53621523900074,0.0173496500065084,test,41806,41806,B,default,default,1,,predictions/center_lstm_default_seed2047.npz,0.31455981731414795,0.560856325019294,0.3305344879627228,41.744266510009766,24.601524353027344,34.06748962402344,[9],"{""hidden_size"": 100}",,,,,,72,6,experiments/results/baselines/beijing/72h_6h,False,beijing,,True
center_lstm_default,center_lstm,2048,completed,15,0.510245680809021,4.331419394002296,0.0171807690057903,test,41806,41806,B,default,default,1,,predictions/center_lstm_default_seed2048.npz,0.3258747458457947,0.5708543998654952,0.35035791993141174,42.48841857910156,26.07697105407715,37.863670349121094,[9],"{""hidden_size"": 100}",,,,,,72,6,experiments/results/baselines/beijing/72h_6h,False,beijing,,True
center_lstm_default,center_lstm,2049,completed,23,0.4864014089107513,6.141076873987913,0.0171298869972815,test,41806,41806,B,default,default,1,,predictions/center_lstm_default_seed2049.npz,0.3205863833427429,0.5662034822771252,0.3397488594055176,42.14225769042969,25.287342071533203,35.441226959228516,[9],"{""hidden_size"": 100}",,,,,,72,6,experiments/results/baselines/beijing/72h_6h,False,beijing,,True
center_tcn_default,center_tcn,2047,completed,29,0.705801784992218,212.8225024209969,0.664397230008035,test,66806,66806,B,default,default,1,,predictions/center_tcn_default_seed2047.npz,0.4433039426803589,0.6658107408868972,0.436446875333786,49.555973052978516,32.48453140258789,48.7110595703125,[9],"{""ks"": 7, ""layers"": [25, 25, 25, 25, 25, 25, 25, 25]}",,,,,,72,6,experiments/results/baselines/beijing/72h_6h,False,beijing,,True
center_tcn_default,center_tcn,2048,completed,30,0.712528645992279,209.78777343100228,0.324284488990088,test,66806,66806,B,default,default,1,,predictions/center_tcn_default_seed2048.npz,0.4520818293094635,0.6723703066833511,0.44437912106513977,50.0442008972168,33.07492446899414,45.96698760986328,[9],"{""ks"": 7, ""layers"": [25, 25, 25, 25, 25, 25, 25, 25]}",,,,,,72,6,experiments/results/baselines/beijing/72h_6h,False,beijing,,True
center_tcn_default,center_tcn,2049,completed,30,0.6146247982978821,209.74365405199933,0.3239653469936456,test,66806,66806,B,default,default,1,,predictions/center_tcn_default_seed2049.npz,0.38124117255210876,0.6174473034616872,0.4196963310241699,45.95630645751953,31.237796783447266,45.34882736206055,[9],"{""ks"": 7, ""layers"": [25, 25, 25, 25, 25, 25, 25, 25]}",,,,,,72,6,experiments/results/baselines/beijing/72h_6h,False,beijing,,True
plain_mix_patchtst_all_default,plain_mix_patchtst_all,2047,completed,5,0.8268510699272156,3.792849010002101,0.0279203199897892,test,20940,20937,C,default,default,18,,predictions/plain_mix_patchtst_all_default_seed2047.npz,0.4525277018547058,0.6727017926650009,0.49741601943969727,50.068870544433594,37.02243423461914,59.981719970703125,"[0, 1, 2, 3, 4, 5, 6, 7, 8, 9, 10, 11, 12, 13, 14, 15, 16, 17]","{""c_in"": 1, ""c_out"": 1, ""d_ff"": 128, ""d_model"": 16, ""dropout"": 0.2, ""n_heads"": 4, ""n_layers"": 3, ""padding_patch"": true, ""patch_len"": 4, ""pred_dim"": 6, ""seq_len"": 72, ""station_mixer"": ""Conv1d(S,32,1)-GELU-Conv1d(32,1,1)"", ""stride"": 2}",,,,,,72,6,experiments/results/baselines/beijing/72h_6h,False,beijing,,True
plain_mix_patchtst_all_default,plain_mix_patchtst_all,2048,completed,6,1.017100214958191,4.065653593002935,0.0159494999970775,test,20940,20937,C,default,default,18,,predictions/plain_mix_patchtst_all_default_seed2048.npz,0.49295735359191895,0.7021092177089822,0.49230054020881653,52.257652282714844,36.64168930053711,58.20926284790039,"[0, 1, 2, 3, 4, 5, 6, 7, 8, 9, 10, 11, 12, 13, 14, 15, 16, 17]","{""c_in"": 1, ""c_out"": 1, ""d_ff"": 128, ""d_model"": 16, ""dropout"": 0.2, ""n_heads"": 4, ""n_layers"": 3, ""padding_patch"": true, ""patch_len"": 4, ""pred_dim"": 6, ""seq_len"": 72, ""station_mixer"": ""Conv1d(S,32,1)-GELU-Conv1d(32,1,1)"", ""stride"": 2}",,,,,,72,6,experiments/results/baselines/beijing/72h_6h,False,beijing,,True
plain_mix_patchtst_all_default,plain_mix_patchtst_all,2049,completed,4,0.6436677575111389,3.58374997098872,0.0161818070046138,test,20940,20937,C,default,default,18,,predictions/plain_mix_patchtst_all_default_seed2049.npz,0.3797304034233093,0.6162226897991581,0.3951394259929657,45.86516189575195,29.4100399017334,51.50101089477539,"[0, 1, 2, 3, 4, 5, 6, 7, 8, 9, 10, 11, 12, 13, 14, 15, 16, 17]","{""c_in"": 1, ""c_out"": 1, ""d_ff"": 128, ""d_model"": 16, ""dropout"": 0.2, ""n_heads"": 4, ""n_layers"": 3, ""padding_patch"": true, ""patch_len"": 4, ""pred_dim"": 6, ""seq_len"": 72, ""station_mixer"": ""Conv1d(S,32,1)-GELU-Conv1d(32,1,1)"", ""stride"": 2}",,,,,,72,6,experiments/results/baselines/beijing/72h_6h,False,beijing,,True
plain_mix_patchtst_top5_default,plain_mix_patchtst_top5,2047,completed,28,0.9096442461013794,10.371637888005353,0.0274103620031382,test,20556,20553,C,default,default,6,,predictions/plain_mix_patchtst_top5_default_seed2047.npz,0.9160158038139343,0.9570871453603033,0.6860089302062988,71.23553466796875,51.0593147277832,65.38679504394531,"[9, 14, 11, 16, 15, 4]","{""c_in"": 1, ""c_out"": 1, ""d_ff"": 128, ""d_model"": 16, ""dropout"": 0.2, ""n_heads"": 4, ""n_layers"": 3, ""padding_patch"": true, ""patch_len"": 4, ""pred_dim"": 6, ""seq_len"": 72, ""station_mixer"": ""Conv1d(S,32,1)-GELU-Conv1d(32,1,1)"", ""stride"": 2}",,,,,,72,6,experiments/results/baselines/beijing/72h_6h,False,beijing,,True
plain_mix_patchtst_top5_default,plain_mix_patchtst_top5,2048,completed,6,0.721574604511261,4.108556348990533,0.0159014379896689,test,20556,20553,C,default,default,6,,predictions/plain_mix_patchtst_top5_default_seed2048.npz,0.6097767949104309,0.7808820621005652,0.5715115666389465,58.12068176269531,42.53733444213867,57.3021240234375,"[9, 14, 11, 16, 15, 4]","{""c_in"": 1, ""c_out"": 1, ""d_ff"": 128, ""d_model"": 16, ""dropout"": 0.2, ""n_heads"": 4, ""n_layers"": 3, ""padding_patch"": true, ""patch_len"": 4, ""pred_dim"": 6, ""seq_len"": 72, ""station_mixer"": ""Conv1d(S,32,1)-GELU-Conv1d(32,1,1)"", ""stride"": 2}",,,,,,72,6,experiments/results/baselines/beijing/72h_6h,False,beijing,,True
plain_mix_patchtst_top5_default,plain_mix_patchtst_top5,2049,completed,13,1.166948676109314,6.414172487013275,0.0159253980091307,test,20556,20553,C,default,default,6,,predictions/plain_mix_patchtst_top5_default_seed2049.npz,1.1916710138320923,1.091636850711853,0.7777025103569031,81.25001525878906,57.88402557373047,70.63993072509766,"[9, 14, 11, 16, 15, 4]","{""c_in"": 1, ""c_out"": 1, ""d_ff"": 128, ""d_model"": 16, ""dropout"": 0.2, ""n_heads"": 4, ""n_layers"": 3, ""padding_patch"": true, ""patch_len"": 4, ""pred_dim"": 6, ""seq_len"": 72, ""station_mixer"": ""Conv1d(S,32,1)-GELU-Conv1d(32,1,1)"", ""stride"": 2}",,,,,,72,6,experiments/results/baselines/beijing/72h_6h,False,beijing,,True
patchtst_ci_all_default,patchtst_ci_all,2047,completed,21,0.4840533137321472,158.9315299269947,0.2972917099978076,test,20333,20330,C,default,default,18,,predictions/patchtst_ci_all_default_seed2047.npz,0.3133794367313385,0.5598030338711452,0.3299561142921448,41.665870666503906,24.5584774017334,36.66566848754883,"[0, 1, 2, 3, 4, 5, 6, 7, 8, 9, 10, 11, 12, 13, 14, 15, 16, 17]","{""c_in"": 18, ""c_out"": 1, ""d_ff"": 128, ""d_model"": 16, ""dropout"": 0.2, ""n_heads"": 4, ""n_layers"": 3, ""padding_patch"": true, ""patch_len"": 4, ""pred_dim"": 6, ""seq_len"": 72, ""stride"": 2}",,,,,,72,6,experiments/results/baselines/beijing/72h_6h,False,beijing,,True
patchtst_ci_all_default,patchtst_ci_all,2048,completed,15,0.4766902029514313,123.24945476499852,0.2973940399970161,test,20333,20330,C,default,default,18,,predictions/patchtst_ci_all_default_seed2048.npz,0.32114356756210327,0.5666953039880455,0.32964980602264404,42.17885971069336,24.535676956176758,35.9678955078125,"[0, 1, 2, 3, 4, 5, 6, 7, 8, 9, 10, 11, 12, 13, 14, 15, 16, 17]","{""c_in"": 18, ""c_out"": 1, ""d_ff"": 128, ""d_model"": 16, ""dropout"": 0.2, ""n_heads"": 4, ""n_layers"": 3, ""padding_patch"": true, ""patch_len"": 4, ""pred_dim"": 6, ""seq_len"": 72, ""stride"": 2}",,,,,,72,6,experiments/results/baselines/beijing/72h_6h,False,beijing,,True
patchtst_ci_all_default,patchtst_ci_all,2049,completed,20,0.4772937893867492,152.35042975899705,0.297229776988388,test,20333,20330,C,default,default,18,,predictions/patchtst_ci_all_default_seed2049.npz,0.319559782743454,0.56529619027856,0.33315709233283997,42.07472610473633,24.796722412109375,36.95357131958008,"[0, 1, 2, 3, 4, 5, 6, 7, 8, 9, 10, 11, 12, 13, 14, 15, 16, 17]","{""c_in"": 18, ""c_out"": 1, ""d_ff"": 128, ""d_model"": 16, ""dropout"": 0.2, ""n_heads"": 4, ""n_layers"": 3, ""padding_patch"": true, ""patch_len"": 4, ""pred_dim"": 6, ""seq_len"": 72, ""stride"": 2}",,,,,,72,6,experiments/results/baselines/beijing/72h_6h,False,beijing,,True
patchtst_ci_top5_default,patchtst_ci_top5,2047,completed,18,0.4859858155250549,45.67171633000544,0.0906992169911973,test,20309,20306,C,default,default,6,,predictions/patchtst_ci_top5_default_seed2047.npz,0.31771010160446167,0.5636577876730363,0.3309464156627655,41.95278549194336,24.63218116760254,35.725276947021484,"[9, 14, 11, 16, 15, 4]","{""c_in"": 6, ""c_out"": 1, ""d_ff"": 128, ""d_model"": 16, ""dropout"": 0.2, ""n_heads"": 4, ""n_layers"": 3, ""padding_patch"": true, ""patch_len"": 4, ""pred_dim"": 6, ""seq_len"": 72, ""stride"": 2}",,,,,,72,6,experiments/results/baselines/beijing/72h_6h,False,beijing,,True
patchtst_ci_top5_default,patchtst_ci_top5,2048,completed,9,0.4752100706100464,27.84950653401029,0.0902739770099287,test,20309,20306,C,default,default,6,,predictions/patchtst_ci_top5_default_seed2048.npz,0.31229835748672485,0.558836610725107,0.329031765460968,41.59394073486328,24.489675521850586,35.40299987792969,"[9, 14, 11, 16, 15, 4]","{""c_in"": 6, ""c_out"": 1, ""d_ff"": 128, ""d_model"": 16, ""dropout"": 0.2, ""n_heads"": 4, ""n_layers"": 3, ""padding_patch"": true, ""patch_len"": 4, ""pred_dim"": 6, ""seq_len"": 72, ""stride"": 2}",,,,,,72,6,experiments/results/baselines/beijing/72h_6h,False,beijing,,True
patchtst_ci_top5_default,patchtst_ci_top5,2049,completed,12,0.4793230593204498,33.42736725900613,0.0902209430059883,test,20309,20306,C,default,default,6,,predictions/patchtst_ci_top5_default_seed2049.npz,0.3142310082912445,0.56056311713423,0.32931390404701233,41.722442626953125,24.51067543029785,35.527099609375,"[9, 14, 11, 16, 15, 4]","{""c_in"": 6, ""c_out"": 1, ""d_ff"": 128, ""d_model"": 16, ""dropout"": 0.2, ""n_heads"": 4, ""n_layers"": 3, ""padding_patch"": true, ""patch_len"": 4, ""pred_dim"": 6, ""seq_len"": 72, ""stride"": 2}",,,,,,72,6,experiments/results/baselines/beijing/72h_6h,False,beijing,,True
multi_gru_default,multi_gru,2047,completed,19,0.4172650277614593,7.608994927999447,0.0228262890013866,test,36606,36606,C,default,default,18,,predictions/multi_gru_default_seed2047.npz,0.27049487829208374,0.5200912211257596,0.30448365211486816,38.710140228271484,22.66257095336914,33.935890197753906,"[0, 1, 2, 3, 4, 5, 6, 7, 8, 9, 10, 11, 12, 13, 14, 15, 16, 17]","{""hidden_size"": 100}",,,,,,72,6,experiments/results/baselines/beijing/72h_6h,False,beijing,,True
multi_gru_default,multi_gru,2048,completed,20,0.4172480404376983,7.738183559005847,0.0230716459918767,test,36606,36606,C,default,default,18,,predictions/multi_gru_default_seed2048.npz,0.2893548905849457,0.5379171781835431,0.3169548213481903,40.03691864013672,23.590797424316406,33.73045349121094,"[0, 1, 2, 3, 4, 5, 6, 7, 8, 9, 10, 11, 12, 13, 14, 15, 16, 17]","{""hidden_size"": 100}",,,,,,72,6,experiments/results/baselines/beijing/72h_6h,False,beijing,,True
multi_gru_default,multi_gru,2049,completed,19,0.4210353195667267,7.603370479992009,0.0228882480005268,test,36606,36606,C,default,default,18,,predictions/multi_gru_default_seed2049.npz,0.2721812129020691,0.5217098934293551,0.3078352212905884,38.83061981201172,22.91202735900879,33.39142608642578,"[0, 1, 2, 3, 4, 5, 6, 7, 8, 9, 10, 11, 12, 13, 14, 15, 16, 17]","{""hidden_size"": 100}",,,,,,72,6,experiments/results/baselines/beijing/72h_6h,False,beijing,,True
