run_id,city,history,horizon,station_id,seed,family,backbone,variant,d_model,e_layers,n_layers,capacity_alignment,status,best_epoch,best_valid_loss,training_seconds,test_inference_seconds,selection_split,evaluation_split,test_evaluation_count,input_channels,selected_channel_index,total_parameter_count,trainable_parameter_count,parameter_count,prediction_file,checkpoint_file,training_log_file,mse_scaled,rmse_scaled,mae_scaled,rmse_ugm3_baseline,mae_ugm3_baseline,smape_percent,learning_rate_retry,retry_reason,failure_reason,rmse_ugm3_o_locked,mae_ugm3_o_locked,baseline_relative_to_o_percent,baseline_better,arm,hidden_size,prediction_path
beijing_24h_1h_station1013_seed2047_informer_d8_e1,beijing,24,1,1013,2047,informer,informer_d8_e1,informer_d8_e1,8.0,1.0,,matched,completed,38.0,0.1615616679191589,8.961442461994011,0.011798159990576,valid,test,1.0,1,9.0,1609.0,1609.0,1609.0,predictions/beijing_24h_1h_station1013_seed2047_informer_d8_e1.npz,checkpoints/beijing_24h_1h_station1013_seed2047_informer_d8_e1.pt,training_logs/beijing_24h_1h_station1013_seed2047_informer_d8_e1.csv,0.0892020091414451,0.2986670539939837,0.1602236181497573,22.25658416748047,11.939818382263184,20.02092933654785,False,,,20.988380432128903,10.146111488342283,6.0424087482720035,False,informer_d8_e1,,
beijing_24h_1h_station1013_seed2048_informer_d8_e1,beijing,24,1,1013,2048,informer,informer_d8_e1,informer_d8_e1,8.0,1.0,,matched,completed,39.0,0.1596536040306091,7.508686026005307,0.010682211999665,valid,test,1.0,1,9.0,1609.0,1609.0,1609.0,predictions/beijing_24h_1h_station1013_seed2048_informer_d8_e1.npz,checkpoints/beijing_24h_1h_station1013_seed2048_informer_d8_e1.pt,training_logs/beijing_24h_1h_station1013_seed2048_informer_d8_e1.csv,0.083398051559925,0.2887872080960739,0.1488127261400222,21.520339965820312,11.089481353759766,17.676218032836914,False,,,20.778905868530277,10.011322021484377,3.568205669639901,False,informer_d8_e1,,
beijing_24h_1h_station1013_seed2049_informer_d8_e1,beijing,24,1,1013,2049,informer,informer_d8_e1,informer_d8_e1,8.0,1.0,,matched,completed,40.0,0.1760801672935485,7.530626372987172,0.0105970900040119,valid,test,1.0,1,9.0,1609.0,1609.0,1609.0,predictions/beijing_24h_1h_station1013_seed2049_informer_d8_e1.npz,checkpoints/beijing_24h_1h_station1013_seed2049_informer_d8_e1.pt,training_logs/beijing_24h_1h_station1013_seed2049_informer_d8_e1.csv,0.0913307070732116,0.3022097071128121,0.161773681640625,22.520580291748047,12.05532932281494,19.91669654846192,False,,,20.896221160888672,10.110241889953612,7.773458743342926,False,informer_d8_e1,,
beijing_24h_1h_station1013_seed2050_informer_d8_e1,beijing,24,1,1013,2050,informer,informer_d8_e1,informer_d8_e1,8.0,1.0,,matched,completed,36.0,0.1695779860019683,7.561408049004967,0.0106892549956683,valid,test,1.0,1,9.0,1609.0,1609.0,1609.0,predictions/beijing_24h_1h_station1013_seed2050_informer_d8_e1.npz,checkpoints/beijing_24h_1h_station1013_seed2050_informer_d8_e1.pt,training_logs/beijing_24h_1h_station1013_seed2050_informer_d8_e1.csv,0.0830090343952179,0.2881128848129113,0.153511494398117,21.470090866088867,11.4396333694458,19.38492584228516,False,,,21.0170955657959,10.084884643554688,2.155365849076655,False,informer_d8_e1,,
beijing_24h_1h_station1013_seed2051_informer_d8_e1,beijing,24,1,1013,2051,informer,informer_d8_e1,informer_d8_e1,8.0,1.0,,matched,completed,40.0,0.1766693294048309,7.565674769997713,0.0107659509958466,valid,test,1.0,1,9.0,1609.0,1609.0,1609.0,predictions/beijing_24h_1h_station1013_seed2051_informer_d8_e1.npz,checkpoints/beijing_24h_1h_station1013_seed2051_informer_d8_e1.pt,training_logs/beijing_24h_1h_station1013_seed2051_informer_d8_e1.csv,0.0873387232422828,0.2955312559481363,0.1605794429779052,22.022905349731445,11.966334342956545,20.34453010559082,False,,,20.71529197692871,10.02131462097168,6.312309641877438,False,informer_d8_e1,,
beijing_24h_3h_station1013_seed2047_informer_d8_e1,beijing,24,3,1013,2047,informer,informer_d8_e1,informer_d8_e1,8.0,1.0,,matched,completed,40.0,0.3544834554195404,9.413022628999896,0.2345889240095857,valid,test,1.0,1,9.0,1609.0,1609.0,1609.0,predictions/beijing_24h_3h_station1013_seed2047_informer_d8_e1.npz,checkpoints/beijing_24h_3h_station1013_seed2047_informer_d8_e1.pt,training_logs/beijing_24h_3h_station1013_seed2047_informer_d8_e1.csv,0.2015376836061477,0.4489294862293496,0.2718308568000793,33.454097747802734,20.25675773620605,31.245868682861328,False,,,30.44579696655273,16.024797439575195,9.880840973073804,False,informer_d8_e1,,
beijing_24h_3h_station1013_seed2048_informer_d8_e1,beijing,24,3,1013,2048,informer,informer_d8_e1,informer_d8_e1,8.0,1.0,,matched,completed,40.0,0.3196898996829986,7.719225284992717,0.0108046870009275,valid,test,1.0,1,9.0,1609.0,1609.0,1609.0,predictions/beijing_24h_3h_station1013_seed2048_informer_d8_e1.npz,checkpoints/beijing_24h_3h_station1013_seed2048_informer_d8_e1.pt,training_logs/beijing_24h_3h_station1013_seed2048_informer_d8_e1.csv,0.183547705411911,0.4284246788082019,0.2451499104499817,31.926084518432617,18.26850128173828,28.6701889038086,False,,,30.800689697265625,16.063575744628906,3.6537974708628056,False,informer_d8_e1,,
beijing_24h_3h_station1013_seed2049_informer_d8_e1,beijing,24,3,1013,2049,informer,informer_d8_e1,informer_d8_e1,8.0,1.0,,matched,completed,40.0,0.4376821219921112,7.717641873008688,0.010955855002976,valid,test,1.0,1,9.0,1609.0,1609.0,1609.0,predictions/beijing_24h_3h_station1013_seed2049_informer_d8_e1.npz,checkpoints/beijing_24h_3h_station1013_seed2049_informer_d8_e1.pt,training_logs/beijing_24h_3h_station1013_seed2049_informer_d8_e1.csv,0.2477609068155288,0.4977558706992102,0.3008868396282196,37.09262466430664,22.4220027923584,33.69462585449219,False,,,30.58614921569824,16.17045021057129,21.272620501272435,False,informer_d8_e1,,
beijing_24h_6h_station1013_seed2047_informer_d8_e1,beijing,24,6,1013,2047,informer,informer_d8_e1,informer_d8_e1,8.0,1.0,,matched,completed,39.0,0.5638828277587891,8.867889347995515,0.123200338013703,valid,test,1.0,1,9.0,1609.0,1609.0,1609.0,predictions/beijing_24h_6h_station1013_seed2047_informer_d8_e1.npz,checkpoints/beijing_24h_6h_station1013_seed2047_informer_d8_e1.pt,training_logs/beijing_24h_6h_station1013_seed2047_informer_d8_e1.csv,0.3072789907455444,0.5543275121672606,0.3365170657634735,41.30511474609375,25.07520294189453,35.75901412963867,False,,,40.0059814453125,22.94923591613769,3.2473476561427277,False,informer_d8_e1,,
beijing_24h_6h_station1013_seed2048_informer_d8_e1,beijing,24,6,1013,2048,informer,informer_d8_e1,informer_d8_e1,8.0,1.0,,matched,completed,40.0,0.5283128619194031,7.970264971998404,0.0115376120083965,valid,test,1.0,1,9.0,1609.0,1609.0,1609.0,predictions/beijing_24h_6h_station1013_seed2048_informer_d8_e1.npz,checkpoints/beijing_24h_6h_station1013_seed2048_informer_d8_e1.pt,training_logs/beijing_24h_6h_station1013_seed2048_informer_d8_e1.csv,0.3009105026721954,0.5485530992275911,0.3297109305858612,40.87484359741211,24.56805229187012,36.15222930908203,False,,,39.84638977050781,22.57869529724121,2.5810464456820226,False,informer_d8_e1,,
beijing_24h_6h_station1013_seed2049_informer_d8_e1,beijing,24,6,1013,2049,informer,informer_d8_e1,informer_d8_e1,8.0,1.0,,matched,completed,37.0,0.6213728189468384,7.978756751996116,0.0111463450011797,valid,test,1.0,1,9.0,1609.0,1609.0,1609.0,predictions/beijing_24h_6h_station1013_seed2049_informer_d8_e1.npz,checkpoints/beijing_24h_6h_station1013_seed2049_informer_d8_e1.pt,training_logs/beijing_24h_6h_station1013_seed2049_informer_d8_e1.csv,0.358883798122406,0.5990691096379499,0.3830252289772033,44.63898468017578,28.540712356567383,41.18708801269531,False,,,39.889404296875,22.915658950805664,11.906872180773256,False,informer_d8_e1,,
beijing_24h_12h_station1013_seed2047_informer_d8_e1,beijing,24,12,1013,2047,informer,informer_d8_e1,informer_d8_e1,8.0,1.0,,matched,completed,39.0,0.8589317202568054,8.993200287994114,0.125494644002174,valid,test,1.0,1,9.0,1609.0,1609.0,1609.0,predictions/beijing_24h_12h_station1013_seed2047_informer_d8_e1.npz,checkpoints/beijing_24h_12h_station1013_seed2047_informer_d8_e1.pt,training_logs/beijing_24h_12h_station1013_seed2047_informer_d8_e1.csv,0.468050479888916,0.6841421488907959,0.4604340195655823,50.97039413452149,34.30354690551758,47.7871208190918,False,,,51.547157287597656,31.825634002685547,-1.118903899701439,True,informer_d8_e1,,
beijing_24h_12h_station1013_seed2048_informer_d8_e1,beijing,24,12,1013,2048,informer,informer_d8_e1,informer_d8_e1,8.0,1.0,,matched,completed,40.0,0.8514794111251831,8.677502391001326,0.011657387993182,valid,test,1.0,1,9.0,1609.0,1609.0,1609.0,predictions/beijing_24h_12h_station1013_seed2048_informer_d8_e1.npz,checkpoints/beijing_24h_12h_station1013_seed2048_informer_d8_e1.pt,training_logs/beijing_24h_12h_station1013_seed2048_informer_d8_e1.csv,0.4689186215400696,0.6847763295705172,0.4523912668228149,51.01763916015625,33.704341888427734,46.879669189453125,False,,,51.48316192626953,31.6285343170166,-0.9042233396230973,True,informer_d8_e1,,
beijing_24h_12h_station1013_seed2049_informer_d8_e1,beijing,24,12,1013,2049,informer,informer_d8_e1,informer_d8_e1,8.0,1.0,,matched,completed,39.0,0.9019577503204346,8.661244374001399,0.0115040079981554,valid,test,1.0,1,9.0,1609.0,1609.0,1609.0,predictions/beijing_24h_12h_station1013_seed2049_informer_d8_e1.npz,checkpoints/beijing_24h_12h_station1013_seed2049_informer_d8_e1.pt,training_logs/beijing_24h_12h_station1013_seed2049_informer_d8_e1.csv,0.5241097807884216,0.7239542670558836,0.48222815990448,53.93649673461914,35.927268981933594,47.9464225769043,False,,,51.83720016479492,32.26030349731445,4.0497877260931805,False,informer_d8_e1,,
beijing_24h_24h_station1013_seed2047_informer_d8_e1,beijing,24,24,1013,2047,informer,informer_d8_e1,informer_d8_e1,8.0,1.0,,matched,completed,33.0,1.2687830924987793,10.66495262600074,0.2255426280025858,valid,test,1.0,1,9.0,1609.0,1609.0,1609.0,predictions/beijing_24h_24h_station1013_seed2047_informer_d8_e1.npz,checkpoints/beijing_24h_24h_station1013_seed2047_informer_d8_e1.pt,training_logs/beijing_24h_24h_station1013_seed2047_informer_d8_e1.csv,0.6956436038017273,0.8340525186112246,0.5983517169952393,62.1207389831543,44.56560134887695,58.01660537719727,False,,,64.3062973022461,43.40291213989258,-3.3986691984759316,True,informer_d8_e1,,
beijing_24h_24h_station1013_seed2048_informer_d8_e1,beijing,24,24,1013,2048,informer,informer_d8_e1,informer_d8_e1,8.0,1.0,,matched,completed,33.0,1.2476534843444824,9.769656870004836,0.0124002809898229,valid,test,1.0,1,9.0,1609.0,1609.0,1609.0,predictions/beijing_24h_24h_station1013_seed2048_informer_d8_e1.npz,checkpoints/beijing_24h_24h_station1013_seed2048_informer_d8_e1.pt,training_logs/beijing_24h_24h_station1013_seed2048_informer_d8_e1.csv,0.6724163889884949,0.8200099932247746,0.587749719619751,61.0748405456543,43.77595138549805,57.54368209838867,False,,,64.8437271118164,43.64160919189453,-5.8122608524075865,True,informer_d8_e1,,
beijing_24h_24h_station1013_seed2049_informer_d8_e1,beijing,24,24,1013,2049,informer,informer_d8_e1,informer_d8_e1,8.0,1.0,,matched,completed,40.0,1.2936875820159912,9.773739723998006,0.0123731869971379,valid,test,1.0,1,9.0,1609.0,1609.0,1609.0,predictions/beijing_24h_24h_station1013_seed2049_informer_d8_e1.npz,checkpoints/beijing_24h_24h_station1013_seed2049_informer_d8_e1.pt,training_logs/beijing_24h_24h_station1013_seed2049_informer_d8_e1.csv,0.7152665257453918,0.8457343115573542,0.5933891534805298,62.99079895019531,44.195987701416016,57.17034912109375,False,,,65.344482421875,44.265323638916016,-3.601962070009079,True,informer_d8_e1,,
beijing_48h_1h_station1013_seed2047_informer_d8_e1,beijing,48,1,1013,2047,informer,informer_d8_e1,informer_d8_e1,8.0,1.0,,matched,completed,30.0,0.2261252105236053,11.63481689899345,0.2262930809956742,valid,test,1.0,1,9.0,1609.0,1609.0,1609.0,predictions/beijing_48h_1h_station1013_seed2047_informer_d8_e1.npz,checkpoints/beijing_48h_1h_station1013_seed2047_informer_d8_e1.pt,training_logs/beijing_48h_1h_station1013_seed2047_informer_d8_e1.csv,0.1240741237998008,0.35224157023242,0.191444456577301,26.235164642333984,14.258899688720703,22.60573959350586,False,,,20.97980499267578,10.450782775878906,25.049611526384023,False,informer_d8_e1,,
beijing_48h_1h_station1013_seed2048_informer_d8_e1,beijing,48,1,1013,2048,informer,informer_d8_e1,informer_d8_e1,8.0,1.0,,matched,completed,40.0,0.1894067376852035,10.886354419009876,0.013085584010696,valid,test,1.0,1,9.0,1609.0,1609.0,1609.0,predictions/beijing_48h_1h_station1013_seed2048_informer_d8_e1.npz,checkpoints/beijing_48h_1h_station1013_seed2048_informer_d8_e1.pt,training_logs/beijing_48h_1h_station1013_seed2048_informer_d8_e1.csv,0.0994146317243576,0.3153008590606083,0.182911530137062,23.48379898071289,13.623360633850098,22.23871421813965,False,,,20.553361892700195,10.137685775756836,14.25770199206914,False,informer_d8_e1,,
beijing_48h_1h_station1013_seed2049_informer_d8_e1,beijing,48,1,1013,2049,informer,informer_d8_e1,informer_d8_e1,8.0,1.0,,matched,completed,37.0,0.2368929982185363,10.911253881989978,0.0132053050037939,valid,test,1.0,1,9.0,1609.0,1609.0,1609.0,predictions/beijing_48h_1h_station1013_seed2049_informer_d8_e1.npz,checkpoints/beijing_48h_1h_station1013_seed2049_informer_d8_e1.pt,training_logs/beijing_48h_1h_station1013_seed2049_informer_d8_e1.csv,0.1250037848949432,0.3535587432025168,0.1952012032270431,26.33326911926269,14.538703918457031,24.06232070922852,False,,,20.929391860961918,10.169209480285645,25.81956176366613,False,informer_d8_e1,,
beijing_48h_3h_station1013_seed2047_informer_d8_e1,beijing,48,3,1013,2047,informer,informer_d8_e1,informer_d8_e1,8.0,1.0,,matched,completed,39.0,0.391680508852005,12.103135708006448,0.124963882000884,valid,test,1.0,1,9.0,1609.0,1609.0,1609.0,predictions/beijing_48h_3h_station1013_seed2047_informer_d8_e1.npz,checkpoints/beijing_48h_3h_station1013_seed2047_informer_d8_e1.pt,training_logs/beijing_48h_3h_station1013_seed2047_informer_d8_e1.csv,0.2436729073524475,0.4936323605198989,0.2952239215373993,36.763214111328125,21.986766815185547,31.59284210205078,False,,,31.18783187866211,16.69637680053711,17.87678686468919,False,informer_d8_e1,,
beijing_48h_3h_station1013_seed2048_informer_d8_e1,beijing,48,3,1013,2048,informer,informer_d8_e1,informer_d8_e1,8.0,1.0,,matched,completed,39.0,0.4128242135047912,11.10050950999721,0.0133647610055049,valid,test,1.0,1,9.0,1609.0,1609.0,1609.0,predictions/beijing_48h_3h_station1013_seed2048_informer_d8_e1.npz,checkpoints/beijing_48h_3h_station1013_seed2048_informer_d8_e1.pt,training_logs/beijing_48h_3h_station1013_seed2048_informer_d8_e1.csv,0.2333173602819442,0.4830293575777193,0.3140073716640472,35.97355651855469,23.385662078857425,37.05239486694336,False,,,31.051353454589844,16.6970157623291,15.851814869078662,False,informer_d8_e1,,
beijing_48h_3h_station1013_seed2049_informer_d8_e1,beijing,48,3,1013,2049,informer,informer_d8_e1,informer_d8_e1,8.0,1.0,,matched,completed,38.0,0.4099359214305877,11.11527953899349,0.0132383510062936,valid,test,1.0,1,9.0,1609.0,1609.0,1609.0,predictions/beijing_48h_3h_station1013_seed2049_informer_d8_e1.npz,checkpoints/beijing_48h_3h_station1013_seed2049_informer_d8_e1.pt,training_logs/beijing_48h_3h_station1013_seed2049_informer_d8_e1.csv,0.244562566280365,0.494532674633704,0.3022670149803161,36.83026123046875,22.51130104064941,32.530670166015625,False,,,31.17669677734375,16.931669235229492,18.133943096991185,False,informer_d8_e1,,
beijing_48h_6h_station1013_seed2047_informer_d8_e1,beijing,48,6,1013,2047,informer,informer_d8_e1,informer_d8_e1,8.0,1.0,,matched,completed,38.0,0.5802893042564392,12.371031025992124,0.0137531599903013,valid,test,1.0,1,9.0,1609.0,1609.0,1609.0,predictions/beijing_48h_6h_station1013_seed2047_informer_d8_e1.npz,checkpoints/beijing_48h_6h_station1013_seed2047_informer_d8_e1.pt,training_logs/beijing_48h_6h_station1013_seed2047_informer_d8_e1.csv,0.3706428408622741,0.6088044356460243,0.3946678936481476,45.34063720703125,29.392847061157227,41.7495231628418,False,,,41.811302185058594,24.404136657714844,8.441102853844805,False,informer_d8_e1,,
beijing_48h_6h_station1013_seed2048_informer_d8_e1,beijing,48,6,1013,2048,informer,informer_d8_e1,informer_d8_e1,8.0,1.0,,matched,completed,39.0,0.7257605791091919,11.412766433000796,0.0137803660036297,valid,test,1.0,1,9.0,1609.0,1609.0,1609.0,predictions/beijing_48h_6h_station1013_seed2048_informer_d8_e1.npz,checkpoints/beijing_48h_6h_station1013_seed2048_informer_d8_e1.pt,training_logs/beijing_48h_6h_station1013_seed2048_informer_d8_e1.csv,0.415332019329071,0.6444625817912712,0.4247590005397796,47.99627685546875,31.63388061523437,45.4657096862793,False,,,41.650672912597656,23.962068557739254,15.235297533336619,False,informer_d8_e1,,
beijing_48h_6h_station1013_seed2049_informer_d8_e1,beijing,48,6,1013,2049,informer,informer_d8_e1,informer_d8_e1,8.0,1.0,,matched,completed,39.0,0.5913406610488892,11.46112782099226,0.0137085760070476,valid,test,1.0,1,9.0,1609.0,1609.0,1609.0,predictions/beijing_48h_6h_station1013_seed2049_informer_d8_e1.npz,checkpoints/beijing_48h_6h_station1013_seed2049_informer_d8_e1.pt,training_logs/beijing_48h_6h_station1013_seed2049_informer_d8_e1.csv,0.3507975935935974,0.5922816843306885,0.3703841865062713,44.110107421875,27.58432006835937,38.12821578979492,False,,,42.05476379394531,24.104082107543945,4.8873027512417,False,informer_d8_e1,,
beijing_48h_12h_station1013_seed2047_informer_d8_e1,beijing,48,12,1013,2047,informer,informer_d8_e1,informer_d8_e1,8.0,1.0,,matched,completed,38.0,0.8865423202514648,12.679813973009004,0.2340490790084004,valid,test,1.0,1,9.0,1609.0,1609.0,1609.0,predictions/beijing_48h_12h_station1013_seed2047_informer_d8_e1.npz,checkpoints/beijing_48h_12h_station1013_seed2047_informer_d8_e1.pt,training_logs/beijing_48h_12h_station1013_seed2047_informer_d8_e1.csv,0.5171319842338562,0.719118894365776,0.4982462227344513,53.54752349853516,37.10074996948242,51.13254928588867,False,,,57.32188415527344,35.63805389404297,-6.5845020839061945,True,informer_d8_e1,,
beijing_48h_12h_station1013_seed2048_informer_d8_e1,beijing,48,12,1013,2048,informer,informer_d8_e1,informer_d8_e1,8.0,1.0,,matched,completed,39.0,0.9303555488586426,12.07516808800574,0.014270243991632,valid,test,1.0,1,9.0,1609.0,1609.0,1609.0,predictions/beijing_48h_12h_station1013_seed2048_informer_d8_e1.npz,checkpoints/beijing_48h_12h_station1013_seed2048_informer_d8_e1.pt,training_logs/beijing_48h_12h_station1013_seed2048_informer_d8_e1.csv,0.5390600562095642,0.7342070935434799,0.4854909479618072,54.67102813720703,36.15095901489258,49.2689094543457,False,,,52.859134674072266,33.03700637817383,3.4277773828626645,False,informer_d8_e1,,
beijing_48h_12h_station1013_seed2049_informer_d8_e1,beijing,48,12,1013,2049,informer,informer_d8_e1,informer_d8_e1,8.0,1.0,,matched,completed,38.0,0.8998329639434814,12.065278878988464,0.0144222980015911,valid,test,1.0,1,9.0,1609.0,1609.0,1609.0,predictions/beijing_48h_12h_station1013_seed2049_informer_d8_e1.npz,checkpoints/beijing_48h_12h_station1013_seed2049_informer_d8_e1.pt,training_logs/beijing_48h_12h_station1013_seed2049_informer_d8_e1.csv,0.5203229784965515,0.721334165624055,0.4761094748973846,53.71247863769531,35.452392578125,47.220951080322266,False,,,55.133583068847656,34.52684020996094,-2.5775658900633216,True,informer_d8_e1,,
beijing_48h_24h_station1013_seed2047_informer_d8_e1,beijing,48,24,1013,2047,informer,informer_d8_e1,informer_d8_e1,8.0,1.0,,matched,completed,39.0,1.279509425163269,13.888479660992743,0.0156771460024174,valid,test,1.0,1,9.0,1609.0,1609.0,1609.0,predictions/beijing_48h_24h_station1013_seed2047_informer_d8_e1.npz,checkpoints/beijing_48h_24h_station1013_seed2047_informer_d8_e1.pt,training_logs/beijing_48h_24h_station1013_seed2047_informer_d8_e1.csv,0.7059005498886108,0.8401788796968244,0.6012847423553467,62.542457580566406,44.759307861328125,57.8676872253418,False,,,69.85392761230469,46.93188095092773,-10.466798763725311,True,informer_d8_e1,,
beijing_48h_24h_station1013_seed2048_informer_d8_e1,beijing,48,24,1013,2048,informer,informer_d8_e1,informer_d8_e1,8.0,1.0,,matched,completed,38.0,1.3530765771865845,13.541133068007184,0.0156822400022065,valid,test,1.0,1,9.0,1609.0,1609.0,1609.0,predictions/beijing_48h_24h_station1013_seed2048_informer_d8_e1.npz,checkpoints/beijing_48h_24h_station1013_seed2048_informer_d8_e1.pt,training_logs/beijing_48h_24h_station1013_seed2048_informer_d8_e1.csv,0.7647068500518799,0.8744751854980677,0.6358687877655029,65.095458984375,47.3337287902832,60.579620361328125,False,,,68.12368774414062,45.795066833496094,-4.445192061737858,True,informer_d8_e1,,
beijing_48h_24h_station1013_seed2049_informer_d8_e1,beijing,48,24,1013,2049,informer,informer_d8_e1,informer_d8_e1,8.0,1.0,,matched,completed,39.0,1.249253749847412,13.559849301003853,0.0157576289930148,valid,test,1.0,1,9.0,1609.0,1609.0,1609.0,predictions/beijing_48h_24h_station1013_seed2049_informer_d8_e1.npz,checkpoints/beijing_48h_24h_station1013_seed2049_informer_d8_e1.pt,training_logs/beijing_48h_24h_station1013_seed2049_informer_d8_e1.csv,0.6855547428131104,0.8279823324281204,0.5900583267211914,61.634552001953125,43.923614501953125,57.57883834838867,False,,,70.52690887451172,47.815460205078125,-12.608459685055434,True,informer_d8_e1,,
beijing_72h_1h_station1013_seed2047_informer_d8_e1,beijing,72,1,1013,2047,informer,informer_d8_e1,informer_d8_e1,8.0,1.0,,matched,completed,30.0,0.3028809428215027,14.606572389006033,0.23728547700739,valid,test,1.0,1,9.0,1609.0,1609.0,1609.0,predictions/beijing_72h_1h_station1013_seed2047_informer_d8_e1.npz,checkpoints/beijing_72h_1h_station1013_seed2047_informer_d8_e1.pt,training_logs/beijing_72h_1h_station1013_seed2047_informer_d8_e1.csv,0.1638828665018081,0.4048244885154654,0.2613276541233063,30.13491439819336,19.453088760375977,35.52273941040039,False,,,21.06454849243164,10.74881076812744,43.059863870429716,False,informer_d8_e1,,
beijing_72h_1h_station1013_seed2048_informer_d8_e1,beijing,72,1,1013,2048,informer,informer_d8_e1,informer_d8_e1,8.0,1.0,,matched,completed,29.0,0.5656927227973938,12.00551504798932,0.0152580870053498,valid,test,1.0,1,9.0,1609.0,1609.0,1609.0,predictions/beijing_72h_1h_station1013_seed2048_informer_d8_e1.npz,checkpoints/beijing_72h_1h_station1013_seed2048_informer_d8_e1.pt,training_logs/beijing_72h_1h_station1013_seed2048_informer_d8_e1.csv,0.3291917443275451,0.5737523370998546,0.3791531324386596,42.709808349609375,28.22395133972168,38.13902282714844,False,,,20.968732833862305,10.600374221801758,103.68330641629194,False,informer_d8_e1,,
beijing_72h_1h_station1013_seed2049_informer_d8_e1,beijing,72,1,1013,2049,informer,informer_d8_e1,informer_d8_e1,8.0,1.0,,matched,completed,29.0,0.421741247177124,11.992911776003892,0.0152878109947778,valid,test,1.0,1,9.0,1609.0,1609.0,1609.0,predictions/beijing_72h_1h_station1013_seed2049_informer_d8_e1.npz,checkpoints/beijing_72h_1h_station1013_seed2049_informer_d8_e1.pt,training_logs/beijing_72h_1h_station1013_seed2049_informer_d8_e1.csv,0.2184862792491912,0.4674251589818324,0.3110764920711517,34.79487228393555,23.156362533569336,33.48297500610352,False,,,21.28269386291504,10.951455116271973,63.48904188564867,False,informer_d8_e1,,
beijing_72h_3h_station1013_seed2047_informer_d8_e1,beijing,72,3,1013,2047,informer,informer_d8_e1,informer_d8_e1,8.0,1.0,,matched,completed,28.0,0.7883061766624451,14.186383956010104,0.1278386019985191,valid,test,1.0,1,9.0,1609.0,1609.0,1609.0,predictions/beijing_72h_3h_station1013_seed2047_informer_d8_e1.npz,checkpoints/beijing_72h_3h_station1013_seed2047_informer_d8_e1.pt,training_logs/beijing_72h_3h_station1013_seed2047_informer_d8_e1.csv,0.3909285366535187,0.62524278216827,0.4182367622852325,46.53960418701172,31.131227493286133,43.2050895690918,False,,,31.00885581970215,17.128154754638672,50.08488045354377,False,informer_d8_e1,,
beijing_72h_3h_station1013_seed2048_informer_d8_e1,beijing,72,3,1013,2048,informer,informer_d8_e1,informer_d8_e1,8.0,1.0,,matched,completed,30.0,0.9666939377784728,12.186039208987497,0.0153885400068247,valid,test,1.0,1,9.0,1609.0,1609.0,1609.0,predictions/beijing_72h_3h_station1013_seed2048_informer_d8_e1.npz,checkpoints/beijing_72h_3h_station1013_seed2048_informer_d8_e1.pt,training_logs/beijing_72h_3h_station1013_seed2048_informer_d8_e1.csv,0.5367966294288635,0.7326640631482232,0.5229147672653198,54.53544998168945,38.9228744506836,53.80303192138672,False,,,31.21354103088379,16.76036262512207,74.71728032308201,False,informer_d8_e1,,
beijing_72h_3h_station1013_seed2049_informer_d8_e1,beijing,72,3,1013,2049,informer,informer_d8_e1,informer_d8_e1,8.0,1.0,,matched,completed,30.0,0.960699200630188,12.17481369600864,0.0154954720055684,valid,test,1.0,1,9.0,1609.0,1609.0,1609.0,predictions/beijing_72h_3h_station1013_seed2049_informer_d8_e1.npz,checkpoints/beijing_72h_3h_station1013_seed2049_informer_d8_e1.pt,training_logs/beijing_72h_3h_station1013_seed2049_informer_d8_e1.csv,0.4505907893180847,0.6712605971737688,0.4469432830810547,49.96491622924805,33.26797866821289,45.146881103515625,False,,,31.59510612487793,17.138343811035156,58.141314771232125,False,informer_d8_e1,,
beijing_72h_6h_station1013_seed2047_informer_d8_e1,beijing,72,6,1013,2047,informer,informer_d8_e1,informer_d8_e1,8.0,1.0,,matched,completed,30.0,0.8048830032348633,14.26095997399534,0.238494866003748,valid,test,1.0,1,9.0,1609.0,1609.0,1609.0,predictions/beijing_72h_6h_station1013_seed2047_informer_d8_e1.npz,checkpoints/beijing_72h_6h_station1013_seed2047_informer_d8_e1.pt,training_logs/beijing_72h_6h_station1013_seed2047_informer_d8_e1.csv,0.4488072097301483,0.6699307499511784,0.4430094063282013,49.86262512207031,32.97297668457031,43.53522491455078,False,,,41.74861526489258,24.63315200805664,19.43539876878504,False,informer_d8_e1,,
beijing_72h_6h_station1013_seed2048_informer_d8_e1,beijing,72,6,1013,2048,informer,informer_d8_e1,informer_d8_e1,8.0,1.0,,matched,completed,29.0,0.9067506790161132,12.455051646000356,0.0159396730014123,valid,test,1.0,1,9.0,1609.0,1609.0,1609.0,predictions/beijing_72h_6h_station1013_seed2048_informer_d8_e1.npz,checkpoints/beijing_72h_6h_station1013_seed2048_informer_d8_e1.pt,training_logs/beijing_72h_6h_station1013_seed2048_informer_d8_e1.csv,0.5038017630577087,0.7097899429110761,0.4847109317779541,52.82933044433594,36.07679748535156,49.70789337158203,False,,,41.156280517578125,24.216215133666992,28.36274264816563,False,informer_d8_e1,,
beijing_72h_6h_station1013_seed2049_informer_d8_e1,beijing,72,6,1013,2049,informer,informer_d8_e1,informer_d8_e1,8.0,1.0,,matched,completed,30.0,1.0192407369613647,12.454422911003348,0.0160112650046357,valid,test,1.0,1,9.0,1609.0,1609.0,1609.0,predictions/beijing_72h_6h_station1013_seed2049_informer_d8_e1.npz,checkpoints/beijing_72h_6h_station1013_seed2049_informer_d8_e1.pt,training_logs/beijing_72h_6h_station1013_seed2049_informer_d8_e1.csv,0.4804761409759521,0.6931638630049551,0.4795998632907867,51.59185409545898,35.696388244628906,49.18582534790039,False,,,41.276737213134766,24.22653007507324,24.99014597268559,False,informer_d8_e1,,
beijing_72h_12h_station1013_seed2047_informer_d8_e1,beijing,72,12,1013,2047,informer,informer_d8_e1,informer_d8_e1,8.0,1.0,,matched,completed,30.0,1.258040189743042,15.30887218400312,0.2391792200069176,valid,test,1.0,1,9.0,1609.0,1609.0,1609.0,predictions/beijing_72h_12h_station1013_seed2047_informer_d8_e1.npz,checkpoints/beijing_72h_12h_station1013_seed2047_informer_d8_e1.pt,training_logs/beijing_72h_12h_station1013_seed2047_informer_d8_e1.csv,0.6170409917831421,0.7855195680459794,0.540611207485199,58.46408462524414,40.23622131347656,52.85829162597656,False,,,56.09211349487305,35.244869232177734,4.228707001008079,False,informer_d8_e1,,
beijing_72h_12h_station1013_seed2048_informer_d8_e1,beijing,72,12,1013,2048,informer,informer_d8_e1,informer_d8_e1,8.0,1.0,,matched,completed,28.0,1.7491434812545776,13.461497889002205,0.0166282110003521,valid,test,1.0,1,9.0,1609.0,1609.0,1609.0,predictions/beijing_72h_12h_station1013_seed2048_informer_d8_e1.npz,checkpoints/beijing_72h_12h_station1013_seed2048_informer_d8_e1.pt,training_logs/beijing_72h_12h_station1013_seed2048_informer_d8_e1.csv,0.8587144017219543,0.9266684421744136,0.7080566883087158,68.96940612792969,52.69873428344727,67.70474243164062,False,,,55.03749084472656,34.67401123046875,25.313500069449507,False,informer_d8_e1,,
beijing_72h_12h_station1013_seed2049_informer_d8_e1,beijing,72,12,1013,2049,informer,informer_d8_e1,informer_d8_e1,8.0,1.0,,matched,completed,30.0,1.5622849464416504,13.46753977998742,0.0165130569948814,valid,test,1.0,1,9.0,1609.0,1609.0,1609.0,predictions/beijing_72h_12h_station1013_seed2049_informer_d8_e1.npz,checkpoints/beijing_72h_12h_station1013_seed2049_informer_d8_e1.pt,training_logs/beijing_72h_12h_station1013_seed2049_informer_d8_e1.csv,0.7822445034980774,0.8844458736961112,0.6626739501953125,65.82689666748047,49.32101821899414,63.97224044799805,False,,,54.70387268066406,35.244651794433594,20.33315639597855,False,informer_d8_e1,,
beijing_72h_24h_station1013_seed2047_informer_d8_e1,beijing,72,24,1013,2047,informer,informer_d8_e1,informer_d8_e1,8.0,1.0,,matched,completed,29.0,1.5521562099456787,16.902955487006693,0.2425086769944755,valid,test,1.0,1,9.0,1609.0,1609.0,1609.0,predictions/beijing_72h_24h_station1013_seed2047_informer_d8_e1.npz,checkpoints/beijing_72h_24h_station1013_seed2047_informer_d8_e1.pt,training_logs/beijing_72h_24h_station1013_seed2047_informer_d8_e1.csv,0.7742194533348083,0.8798974106876372,0.6341166496276855,65.47391510009766,47.185157775878906,60.78252029418945,False,,,65.6296157836914,44.675662994384766,-0.237241497964766,True,informer_d8_e1,,
beijing_72h_24h_station1013_seed2048_informer_d8_e1,beijing,72,24,1013,2048,informer,informer_d8_e1,informer_d8_e1,8.0,1.0,,matched,completed,30.0,1.6977567672729492,14.823945828000433,0.0182965679996414,valid,test,1.0,1,9.0,1609.0,1609.0,1609.0,predictions/beijing_72h_24h_station1013_seed2048_informer_d8_e1.npz,checkpoints/beijing_72h_24h_station1013_seed2048_informer_d8_e1.pt,training_logs/beijing_72h_24h_station1013_seed2048_informer_d8_e1.csv,0.8354679942131042,0.9140393832943438,0.6812419295310974,68.01444244384766,50.69178771972656,65.87090301513672,False,,,64.7675552368164,43.77329254150391,5.013138438156752,False,informer_d8_e1,,
beijing_72h_24h_station1013_seed2049_informer_d8_e1,beijing,72,24,1013,2049,informer,informer_d8_e1,informer_d8_e1,8.0,1.0,,matched,completed,30.0,1.5776875019073486,14.862672680988908,0.0183810730086406,valid,test,1.0,1,9.0,1609.0,1609.0,1609.0,predictions/beijing_72h_24h_station1013_seed2049_informer_d8_e1.npz,checkpoints/beijing_72h_24h_station1013_seed2049_informer_d8_e1.pt,training_logs/beijing_72h_24h_station1013_seed2049_informer_d8_e1.csv,0.8587866425514221,0.9267074201447952,0.6800622344017029,68.95709228515625,50.60401153564453,65.48509979248047,False,,,68.50748443603516,46.28374862670898,0.6562901160688344,False,informer_d8_e1,,
beijing_168h_1h_station1013_seed2047_informer_d8_e1,beijing,168,1,1013,2047,informer,informer_d8_e1,informer_d8_e1,8.0,1.0,,matched,completed,30.0,0.3819604218006134,24.02136017700832,0.2456962190044578,valid,test,1.0,1,9.0,1609.0,1609.0,1609.0,predictions/beijing_168h_1h_station1013_seed2047_informer_d8_e1.npz,checkpoints/beijing_168h_1h_station1013_seed2047_informer_d8_e1.pt,training_logs/beijing_168h_1h_station1013_seed2047_informer_d8_e1.csv,0.1579651236534118,0.3974482653797999,0.2603628635406494,29.54301643371582,19.353221893310547,33.222068786621094,False,,,21.871671676635746,11.994721412658691,35.07434123233906,False,informer_d8_e1,,
beijing_168h_1h_station1013_seed2048_informer_d8_e1,beijing,168,1,1013,2048,informer,informer_d8_e1,informer_d8_e1,8.0,1.0,,matched,completed,2.0,1.4833287000656128,5.874654343992006,0.0289783699990948,valid,test,1.0,1,9.0,1609.0,1609.0,1609.0,predictions/beijing_168h_1h_station1013_seed2048_informer_d8_e1.npz,checkpoints/beijing_168h_1h_station1013_seed2048_informer_d8_e1.pt,training_logs/beijing_168h_1h_station1013_seed2048_informer_d8_e1.csv,0.8738887906074524,0.9348201915916518,0.7085149884223938,69.48680114746094,52.66514587402344,67.50130462646484,False,,,21.76912498474121,11.43486213684082,219.1988708602979,False,informer_d8_e1,,
beijing_168h_1h_station1013_seed2049_informer_d8_e1,beijing,168,1,1013,2049,informer,informer_d8_e1,informer_d8_e1,8.0,1.0,,matched,completed,22.0,0.649163544178009,20.43666000799567,0.0276887120126048,valid,test,1.0,1,9.0,1609.0,1609.0,1609.0,predictions/beijing_168h_1h_station1013_seed2049_informer_d8_e1.npz,checkpoints/beijing_168h_1h_station1013_seed2049_informer_d8_e1.pt,training_logs/beijing_168h_1h_station1013_seed2049_informer_d8_e1.csv,0.3340184986591339,0.5779433351628288,0.4173161387443542,42.95952606201172,31.019824981689453,46.78628921508789,False,,,22.61062812805176,12.07103443145752,89.99704837352218,False,informer_d8_e1,,
beijing_168h_3h_station1013_seed2047_informer_d8_e1,beijing,168,3,1013,2047,informer,informer_d8_e1,informer_d8_e1,8.0,1.0,,matched,completed,30.0,1.0096033811569214,24.1663223719952,0.1357914230029564,valid,test,1.0,1,9.0,1609.0,1609.0,1609.0,predictions/beijing_168h_3h_station1013_seed2047_informer_d8_e1.npz,checkpoints/beijing_168h_3h_station1013_seed2047_informer_d8_e1.pt,training_logs/beijing_168h_3h_station1013_seed2047_informer_d8_e1.csv,0.4162624180316925,0.6451840187355019,0.4563519358634949,47.956939697265625,33.92092514038086,48.60440826416016,False,,,31.7686710357666,18.36850929260254,50.95670713853136,False,informer_d8_e1,,
beijing_168h_3h_station1013_seed2048_informer_d8_e1,beijing,168,3,1013,2048,informer,informer_d8_e1,informer_d8_e1,8.0,1.0,,matched,completed,1.0,1.7532427310943604,5.1899162249901565,0.0279928990057669,valid,test,1.0,1,9.0,1609.0,1609.0,1609.0,predictions/beijing_168h_3h_station1013_seed2048_informer_d8_e1.npz,checkpoints/beijing_168h_3h_station1013_seed2048_informer_d8_e1.pt,training_logs/beijing_168h_3h_station1013_seed2048_informer_d8_e1.csv,0.8961447477340698,0.9466492210602984,0.7217603325843811,70.36503601074219,53.64890670776367,68.21424102783203,False,,,31.73417854309082,18.07464408874512,121.73265306110183,False,informer_d8_e1,,
beijing_168h_3h_station1013_seed2049_informer_d8_e1,beijing,168,3,1013,2049,informer,informer_d8_e1,informer_d8_e1,8.0,1.0,,matched,completed,28.0,1.1628470420837402,22.12279714700708,0.027879616987775,valid,test,1.0,1,9.0,1609.0,1609.0,1609.0,predictions/beijing_168h_3h_station1013_seed2049_informer_d8_e1.npz,checkpoints/beijing_168h_3h_station1013_seed2049_informer_d8_e1.pt,training_logs/beijing_168h_3h_station1013_seed2049_informer_d8_e1.csv,0.6270378828048706,0.7918572363784211,0.5844434499740601,58.85924911499024,43.44205474853516,60.15099334716797,False,,,32.07843780517578,18.52771759033203,83.48539748869392,False,informer_d8_e1,,
beijing_168h_6h_station1013_seed2047_informer_d8_e1,beijing,168,6,1013,2047,informer,informer_d8_e1,informer_d8_e1,8.0,1.0,,matched,completed,30.0,1.337904930114746,23.74036493898893,0.2453413390030618,valid,test,1.0,1,9.0,1609.0,1609.0,1609.0,predictions/beijing_168h_6h_station1013_seed2047_informer_d8_e1.npz,checkpoints/beijing_168h_6h_station1013_seed2047_informer_d8_e1.pt,training_logs/beijing_168h_6h_station1013_seed2047_informer_d8_e1.csv,0.6824722290039062,0.8261187741504887,0.5992838740348816,61.40593338012695,44.54514694213867,57.3355598449707,False,,,42.01683807373047,25.93600273132324,46.146012397155665,False,informer_d8_e1,,
beijing_168h_6h_station1013_seed2048_informer_d8_e1,beijing,168,6,1013,2048,informer,informer_d8_e1,informer_d8_e1,8.0,1.0,,matched,completed,30.0,0.8340622782707214,22.4257973000058,0.0285441750020254,valid,test,1.0,1,9.0,1609.0,1609.0,1609.0,predictions/beijing_168h_6h_station1013_seed2048_informer_d8_e1.npz,checkpoints/beijing_168h_6h_station1013_seed2048_informer_d8_e1.pt,training_logs/beijing_168h_6h_station1013_seed2048_informer_d8_e1.csv,0.4891510903835296,0.6993933731338392,0.4631753265857696,51.9863510131836,34.42811584472656,45.31654357910156,False,,,42.51594543457031,26.329206466674805,22.274949978914893,False,informer_d8_e1,,
beijing_168h_6h_station1013_seed2049_informer_d8_e1,beijing,168,6,1013,2049,informer,informer_d8_e1,informer_d8_e1,8.0,1.0,,matched,completed,30.0,1.3964564800262451,22.40582312499464,0.0285833000089041,valid,test,1.0,1,9.0,1609.0,1609.0,1609.0,predictions/beijing_168h_6h_station1013_seed2049_informer_d8_e1.npz,checkpoints/beijing_168h_6h_station1013_seed2049_informer_d8_e1.pt,training_logs/beijing_168h_6h_station1013_seed2049_informer_d8_e1.csv,0.6608211994171143,0.8129090966504892,0.6030911207199097,60.424049377441406,44.8281478881836,62.258575439453125,False,,,42.00048828125,26.010665893554688,43.86511169303742,False,informer_d8_e1,,
beijing_168h_6h_station1013_seed2050_informer_d8_e1,beijing,168,6,1013,2050,informer,informer_d8_e1,informer_d8_e1,8.0,1.0,,matched,completed,29.0,0.938536822795868,22.414494980010204,0.0284251809935085,valid,test,1.0,1,9.0,1609.0,1609.0,1609.0,predictions/beijing_168h_6h_station1013_seed2050_informer_d8_e1.npz,checkpoints/beijing_168h_6h_station1013_seed2050_informer_d8_e1.pt,training_logs/beijing_168h_6h_station1013_seed2050_informer_d8_e1.csv,0.4818581342697143,0.6941600206506525,0.482527494430542,51.597354888916016,35.8665771484375,50.55538558959961,False,,,42.20603942871094,26.009906768798828,22.25111758251492,False,informer_d8_e1,,
beijing_168h_6h_station1013_seed2051_informer_d8_e1,beijing,168,6,1013,2051,informer,informer_d8_e1,informer_d8_e1,8.0,1.0,,matched,completed,30.0,0.9551772475242616,22.41931188700255,0.0285191619914257,valid,test,1.0,1,9.0,1609.0,1609.0,1609.0,predictions/beijing_168h_6h_station1013_seed2051_informer_d8_e1.npz,checkpoints/beijing_168h_6h_station1013_seed2051_informer_d8_e1.pt,training_logs/beijing_168h_6h_station1013_seed2051_informer_d8_e1.csv,0.5730968713760376,0.7570316184784078,0.5519561767578125,56.27063751220703,41.02725601196289,56.68942260742188,False,,,41.76411056518555,25.687108993530277,34.734432867616455,False,informer_d8_e1,,
beijing_168h_12h_station1013_seed2047_informer_d8_e1,beijing,168,12,1013,2047,informer,informer_d8_e1,informer_d8_e1,8.0,1.0,,matched,completed,5.0,1.831509232521057,10.587349933004589,0.2410773580049863,valid,test,1.0,1,9.0,1609.0,1609.0,1609.0,predictions/beijing_168h_12h_station1013_seed2047_informer_d8_e1.npz,checkpoints/beijing_168h_12h_station1013_seed2047_informer_d8_e1.pt,training_logs/beijing_168h_12h_station1013_seed2047_informer_d8_e1.csv,0.9311667680740356,0.9649698275459372,0.7486414909362793,71.73558807373047,55.6537971496582,69.67842102050781,False,,,54.23294448852539,36.208377838134766,32.273083732173696,False,informer_d8_e1,,
beijing_168h_12h_station1013_seed2048_informer_d8_e1,beijing,168,12,1013,2048,informer,informer_d8_e1,informer_d8_e1,8.0,1.0,,matched,completed,30.0,1.1197954416275024,23.15739777800627,0.0295037690084427,valid,test,1.0,1,9.0,1609.0,1609.0,1609.0,predictions/beijing_168h_12h_station1013_seed2048_informer_d8_e1.npz,checkpoints/beijing_168h_12h_station1013_seed2048_informer_d8_e1.pt,training_logs/beijing_168h_12h_station1013_seed2048_informer_d8_e1.csv,0.6133079528808594,0.783139804173469,0.543114423751831,58.2183952331543,40.374977111816406,53.48637771606445,False,,,55.16896057128906,36.87693405151367,5.527446285533638,False,informer_d8_e1,,
beijing_168h_12h_station1013_seed2049_informer_d8_e1,beijing,168,12,1013,2049,informer,informer_d8_e1,informer_d8_e1,8.0,1.0,,matched,completed,30.0,1.6738098859786987,23.16997485999309,0.0295711409999057,valid,test,1.0,1,9.0,1609.0,1609.0,1609.0,predictions/beijing_168h_12h_station1013_seed2049_informer_d8_e1.npz,checkpoints/beijing_168h_12h_station1013_seed2049_informer_d8_e1.pt,training_logs/beijing_168h_12h_station1013_seed2049_informer_d8_e1.csv,0.7761638760566711,0.8810016322667462,0.6471782922744751,65.49341583251953,48.11104583740234,64.74594116210938,False,,,58.07843780517578,38.81656646728516,12.767178849089065,False,informer_d8_e1,,
beijing_168h_24h_station1013_seed2047_informer_d8_e1,beijing,168,24,1013,2047,informer,informer_d8_e1,informer_d8_e1,8.0,1.0,,matched,completed,4.0,1.9652957916259768,9.609444047993748,0.2479061670019291,valid,test,1.0,1,9.0,1609.0,1609.0,1609.0,predictions/beijing_168h_24h_station1013_seed2047_informer_d8_e1.npz,checkpoints/beijing_168h_24h_station1013_seed2047_informer_d8_e1.pt,training_logs/beijing_168h_24h_station1013_seed2047_informer_d8_e1.csv,0.9892552495002748,0.9946131154877632,0.7710334658622742,73.98054504394531,57.35042190551758,71.64388275146484,False,,,67.65840148925781,47.55368041992188,9.344210645726344,False,informer_d8_e1,,
beijing_168h_24h_station1013_seed2048_informer_d8_e1,beijing,168,24,1013,2048,informer,informer_d8_e1,informer_d8_e1,8.0,1.0,,matched,completed,11.0,1.987093448638916,13.770078707995708,0.0314631349901901,valid,test,1.0,1,9.0,1609.0,1609.0,1609.0,predictions/beijing_168h_24h_station1013_seed2048_informer_d8_e1.npz,checkpoints/beijing_168h_24h_station1013_seed2048_informer_d8_e1.pt,training_logs/beijing_168h_24h_station1013_seed2048_informer_d8_e1.csv,0.972251832485199,0.986028312212788,0.7687593102455139,73.34200286865234,57.181270599365234,71.5211410522461,False,,,72.7971420288086,50.40897750854492,0.7484646026737257,False,informer_d8_e1,,
beijing_168h_24h_station1013_seed2049_informer_d8_e1,beijing,168,24,1013,2049,informer,informer_d8_e1,informer_d8_e1,8.0,1.0,,matched,completed,4.0,1.969981789588928,8.130719217995647,0.0313691220071632,valid,test,1.0,1,9.0,1609.0,1609.0,1609.0,predictions/beijing_168h_24h_station1013_seed2049_informer_d8_e1.npz,checkpoints/beijing_168h_24h_station1013_seed2049_informer_d8_e1.pt,training_logs/beijing_168h_24h_station1013_seed2049_informer_d8_e1.csv,1.0028036832809448,1.0014008604354925,0.7795184850692749,74.48542785644531,57.98154830932617,72.15315246582031,False,,,66.645751953125,46.83631896972656,11.763204215678014,False,informer_d8_e1,,
beijing_24h_1h_station1013_seed2047_informer_d12_e2,beijing,24,1,1013,2047,informer,informer_d12_e2,informer_d12_e2,12.0,2.0,,matched,completed,39.0,0.1438968330621719,9.69675910299702,0.0167007039999589,valid,test,1.0,1,9.0,5125.0,5125.0,5125.0,predictions/beijing_24h_1h_station1013_seed2047_informer_d12_e2.npz,checkpoints/beijing_24h_1h_station1013_seed2047_informer_d12_e2.pt,training_logs/beijing_24h_1h_station1013_seed2047_informer_d12_e2.csv,0.0815577208995819,0.2855831243256189,0.1458856910467147,21.28157424926757,10.871359825134276,17.686199188232422,False,,,20.988380432128903,10.146111488342283,1.3969339753812007,False,informer_d12_e2,,
beijing_24h_1h_station1013_seed2048_informer_d12_e2,beijing,24,1,1013,2048,informer,informer_d12_e2,informer_d12_e2,12.0,2.0,,matched,completed,40.0,0.1308601796627044,9.702623270000911,0.0153034749964717,valid,test,1.0,1,9.0,5125.0,5125.0,5125.0,predictions/beijing_24h_1h_station1013_seed2048_informer_d12_e2.npz,checkpoints/beijing_24h_1h_station1013_seed2048_informer_d12_e2.pt,training_logs/beijing_24h_1h_station1013_seed2048_informer_d12_e2.csv,0.0774664431810379,0.2783279417899645,0.1443641930818557,20.74092102050781,10.757977485656738,18.18399238586425,False,,,20.778905868530277,10.011322021484377,-0.18280485152972478,True,informer_d12_e2,,
beijing_24h_1h_station1013_seed2049_informer_d12_e2,beijing,24,1,1013,2049,informer,informer_d12_e2,informer_d12_e2,12.0,2.0,,matched,completed,39.0,0.1327312290668487,9.678157619011472,0.0148685620079049,valid,test,1.0,1,9.0,5125.0,5125.0,5125.0,predictions/beijing_24h_1h_station1013_seed2049_informer_d12_e2.npz,checkpoints/beijing_24h_1h_station1013_seed2049_informer_d12_e2.pt,training_logs/beijing_24h_1h_station1013_seed2049_informer_d12_e2.csv,0.086892083287239,0.2947746313495092,0.1508851200342178,21.96652030944824,11.24391746520996,18.876218795776367,False,,,20.896221160888672,10.110241889953612,5.121974639906851,False,informer_d12_e2,,
beijing_24h_1h_station1013_seed2050_informer_d12_e2,beijing,24,1,1013,2050,informer,informer_d12_e2,informer_d12_e2,12.0,2.0,,matched,completed,40.0,0.1377569288015365,9.76294827599486,0.0151104300020961,valid,test,1.0,1,9.0,5125.0,5125.0,5125.0,predictions/beijing_24h_1h_station1013_seed2050_informer_d12_e2.npz,checkpoints/beijing_24h_1h_station1013_seed2050_informer_d12_e2.pt,training_logs/beijing_24h_1h_station1013_seed2050_informer_d12_e2.csv,0.0797473117709159,0.2823956652835095,0.1420636922121048,21.044044494628903,10.58654499053955,16.834386825561523,False,,,21.0170955657959,10.084884643554688,0.12822384876463175,False,informer_d12_e2,,
beijing_24h_1h_station1013_seed2051_informer_d12_e2,beijing,24,1,1013,2051,informer,informer_d12_e2,informer_d12_e2,12.0,2.0,,matched,completed,38.0,0.1585355252027511,9.772780519007938,0.0150623850058764,valid,test,1.0,1,9.0,5125.0,5125.0,5125.0,predictions/beijing_24h_1h_station1013_seed2051_informer_d12_e2.npz,checkpoints/beijing_24h_1h_station1013_seed2051_informer_d12_e2.pt,training_logs/beijing_24h_1h_station1013_seed2051_informer_d12_e2.csv,0.0823317095637321,0.2869350267285821,0.1455851942300796,21.38231658935547,10.848965644836426,16.91012954711914,False,,,20.71529197692871,10.02131462097168,3.219962398645622,False,informer_d12_e2,,
beijing_24h_3h_station1013_seed2047_informer_d12_e2,beijing,24,3,1013,2047,informer,informer_d12_e2,informer_d12_e2,12.0,2.0,,matched,completed,40.0,0.313452273607254,11.871073369009537,0.3484617690119194,valid,test,1.0,1,9.0,5125.0,5125.0,5125.0,predictions/beijing_24h_3h_station1013_seed2047_informer_d12_e2.npz,checkpoints/beijing_24h_3h_station1013_seed2047_informer_d12_e2.pt,training_logs/beijing_24h_3h_station1013_seed2047_informer_d12_e2.csv,0.1754271984100341,0.4188403017977546,0.2467294484376907,31.21186065673828,18.386207580566406,28.939319610595703,False,,,30.44579696655273,16.024797439575195,2.516155812991645,False,informer_d12_e2,,
beijing_24h_3h_station1013_seed2048_informer_d12_e2,beijing,24,3,1013,2048,informer,informer_d12_e2,informer_d12_e2,12.0,2.0,,matched,completed,37.0,0.2971721589565277,9.9139706309943,0.0152158690034411,valid,test,1.0,1,9.0,5125.0,5125.0,5125.0,predictions/beijing_24h_3h_station1013_seed2048_informer_d12_e2.npz,checkpoints/beijing_24h_3h_station1013_seed2048_informer_d12_e2.pt,training_logs/beijing_24h_3h_station1013_seed2048_informer_d12_e2.csv,0.1900842487812042,0.4359865236233847,0.239002451300621,32.489593505859375,17.810394287109375,26.796430587768555,False,,,30.800689697265625,16.063575744628906,5.483331137041665,False,informer_d12_e2,,
beijing_24h_3h_station1013_seed2049_informer_d12_e2,beijing,24,3,1013,2049,informer,informer_d12_e2,informer_d12_e2,12.0,2.0,,matched,completed,40.0,0.3049845695495605,9.80394491799234,0.015379671996925,valid,test,1.0,1,9.0,5125.0,5125.0,5125.0,predictions/beijing_24h_3h_station1013_seed2049_informer_d12_e2.npz,checkpoints/beijing_24h_3h_station1013_seed2049_informer_d12_e2.pt,training_logs/beijing_24h_3h_station1013_seed2049_informer_d12_e2.csv,0.1776358634233474,0.4214686980350349,0.2326403558254242,31.40772819519043,17.336294174194336,26.355690002441406,False,,,30.58614921569824,16.17045021057129,2.6861144686710623,False,informer_d12_e2,,
beijing_24h_6h_station1013_seed2047_informer_d12_e2,beijing,24,6,1013,2047,informer,informer_d12_e2,informer_d12_e2,12.0,2.0,,matched,completed,32.0,0.5212718844413757,11.966838134001591,0.1297279079881264,valid,test,1.0,1,9.0,5125.0,5125.0,5125.0,predictions/beijing_24h_6h_station1013_seed2047_informer_d12_e2.npz,checkpoints/beijing_24h_6h_station1013_seed2047_informer_d12_e2.pt,training_logs/beijing_24h_6h_station1013_seed2047_informer_d12_e2.csv,0.2916131317615509,0.5400121589015852,0.3256891965866089,40.23842239379883,24.26837921142578,34.506736755371094,False,,,40.0059814453125,22.94923591613769,0.5810154884065798,False,informer_d12_e2,,
beijing_24h_6h_station1013_seed2048_informer_d12_e2,beijing,24,6,1013,2048,informer,informer_d12_e2,informer_d12_e2,12.0,2.0,,matched,completed,34.0,0.509149432182312,10.042026422001072,0.0151388829981442,valid,test,1.0,1,9.0,5125.0,5125.0,5125.0,predictions/beijing_24h_6h_station1013_seed2048_informer_d12_e2.npz,checkpoints/beijing_24h_6h_station1013_seed2048_informer_d12_e2.pt,training_logs/beijing_24h_6h_station1013_seed2048_informer_d12_e2.csv,0.3174349963665008,0.5634136991292463,0.3316536545753479,41.98215866088867,24.71281242370605,34.27459716796875,False,,,39.84638977050781,22.57869529724121,5.360006019821757,False,informer_d12_e2,,
beijing_24h_6h_station1013_seed2049_informer_d12_e2,beijing,24,6,1013,2049,informer,informer_d12_e2,informer_d12_e2,12.0,2.0,,matched,completed,21.0,0.5169949531555176,7.375053469993873,0.0158636869891779,valid,test,1.0,1,9.0,5125.0,5125.0,5125.0,predictions/beijing_24h_6h_station1013_seed2049_informer_d12_e2.npz,checkpoints/beijing_24h_6h_station1013_seed2049_informer_d12_e2.pt,training_logs/beijing_24h_6h_station1013_seed2049_informer_d12_e2.csv,0.3066623508930206,0.5537710274951377,0.3313705623149872,41.263648986816406,24.69171714782715,35.435184478759766,False,,,39.889404296875,22.915658950805664,3.445137159015099,False,informer_d12_e2,,
beijing_24h_12h_station1013_seed2047_informer_d12_e2,beijing,24,12,1013,2047,informer,informer_d12_e2,informer_d12_e2,12.0,2.0,,matched,completed,27.0,0.827793300151825,10.77256637100072,0.2572159490082413,valid,test,1.0,1,9.0,5125.0,5125.0,5125.0,predictions/beijing_24h_12h_station1013_seed2047_informer_d12_e2.npz,checkpoints/beijing_24h_12h_station1013_seed2047_informer_d12_e2.pt,training_logs/beijing_24h_12h_station1013_seed2047_informer_d12_e2.csv,0.4795547723770141,0.6924989331233762,0.4527736008167267,51.592994689941406,33.73282623291016,45.78058242797852,False,,,51.547157287597656,31.825634002685547,0.08892323991410205,False,informer_d12_e2,,
beijing_24h_12h_station1013_seed2048_informer_d12_e2,beijing,24,12,1013,2048,informer,informer_d12_e2,informer_d12_e2,12.0,2.0,,matched,completed,23.0,0.8148648142814636,8.423803402998601,0.0158949979959288,valid,test,1.0,1,9.0,5125.0,5125.0,5125.0,predictions/beijing_24h_12h_station1013_seed2048_informer_d12_e2.npz,checkpoints/beijing_24h_12h_station1013_seed2048_informer_d12_e2.pt,training_logs/beijing_24h_12h_station1013_seed2048_informer_d12_e2.csv,0.484282523393631,0.6959041050271445,0.4477455615997314,51.8466911315918,33.35822296142578,44.74936676025391,False,,,51.48316192626953,31.6285343170166,0.7061128177070514,False,informer_d12_e2,,
beijing_24h_12h_station1013_seed2049_informer_d12_e2,beijing,24,12,1013,2049,informer,informer_d12_e2,informer_d12_e2,12.0,2.0,,matched,completed,18.0,0.8363791108131409,7.0483213259867625,0.015795552986674,valid,test,1.0,1,9.0,5125.0,5125.0,5125.0,predictions/beijing_24h_12h_station1013_seed2049_informer_d12_e2.npz,checkpoints/beijing_24h_12h_station1013_seed2049_informer_d12_e2.pt,training_logs/beijing_24h_12h_station1013_seed2049_informer_d12_e2.csv,0.4796225130558014,0.6925478417090053,0.4506669044494629,51.59663772583008,33.575870513916016,46.17952346801758,False,,,51.83720016479492,32.26030349731445,-0.46407297886474397,True,informer_d12_e2,,
beijing_24h_24h_station1013_seed2047_informer_d12_e2,beijing,24,24,1013,2047,informer,informer_d12_e2,informer_d12_e2,12.0,2.0,,matched,completed,37.0,1.2163037061691284,13.911353568997583,0.3472500019997824,valid,test,1.0,1,9.0,5125.0,5125.0,5125.0,predictions/beijing_24h_24h_station1013_seed2047_informer_d12_e2.npz,checkpoints/beijing_24h_24h_station1013_seed2047_informer_d12_e2.pt,training_logs/beijing_24h_24h_station1013_seed2047_informer_d12_e2.csv,0.6864867210388184,0.8285449420754546,0.5825157761573792,61.71053314208984,43.38612747192383,56.68492889404297,False,,,64.3062973022461,43.40291213989258,-4.036562932485294,True,informer_d12_e2,,
beijing_24h_24h_station1013_seed2048_informer_d12_e2,beijing,24,24,1013,2048,informer,informer_d12_e2,informer_d12_e2,12.0,2.0,,matched,completed,16.0,1.1978975534439087,7.352330913010519,0.0171593190025305,valid,test,1.0,1,9.0,5125.0,5125.0,5125.0,predictions/beijing_24h_24h_station1013_seed2048_informer_d12_e2.npz,checkpoints/beijing_24h_24h_station1013_seed2048_informer_d12_e2.pt,training_logs/beijing_24h_24h_station1013_seed2048_informer_d12_e2.csv,0.6795892119407654,0.8243720106485696,0.5867863893508911,61.39972686767578,43.70420837402344,57.53556442260742,False,,,64.8437271118164,43.64160919189453,-5.311231166897296,True,informer_d12_e2,,
beijing_24h_24h_station1013_seed2049_informer_d12_e2,beijing,24,24,1013,2049,informer,informer_d12_e2,informer_d12_e2,12.0,2.0,,matched,completed,24.0,1.2042211294174194,9.732879554998362,0.016998027000227,valid,test,1.0,1,9.0,5125.0,5125.0,5125.0,predictions/beijing_24h_24h_station1013_seed2049_informer_d12_e2.npz,checkpoints/beijing_24h_24h_station1013_seed2049_informer_d12_e2.pt,training_logs/beijing_24h_24h_station1013_seed2049_informer_d12_e2.csv,0.6808782815933228,0.8251534897177147,0.5818720459938049,61.45793151855469,43.33818435668945,57.03325271606445,False,,,65.344482421875,44.265323638916016,-5.947787417196274,True,informer_d12_e2,,
beijing_48h_1h_station1013_seed2047_informer_d12_e2,beijing,48,1,1013,2047,informer,informer_d12_e2,informer_d12_e2,12.0,2.0,,matched,completed,38.0,0.1657334268093109,17.509024391998537,0.3250778229994466,valid,test,1.0,1,9.0,5125.0,5125.0,5125.0,predictions/beijing_48h_1h_station1013_seed2047_informer_d12_e2.npz,checkpoints/beijing_48h_1h_station1013_seed2047_informer_d12_e2.pt,training_logs/beijing_48h_1h_station1013_seed2047_informer_d12_e2.csv,0.1088140606880188,0.3298697632218188,0.1706760972738266,24.56889915466309,12.712059020996094,19.85127258300781,False,,,20.97980499267578,10.450782775878906,17.10737618028523,False,informer_d12_e2,,
beijing_48h_1h_station1013_seed2048_informer_d12_e2,beijing,48,1,1013,2048,informer,informer_d12_e2,informer_d12_e2,12.0,2.0,,matched,completed,40.0,0.1628169268369674,14.372659154003486,0.0184617990016704,valid,test,1.0,1,9.0,5125.0,5125.0,5125.0,predictions/beijing_48h_1h_station1013_seed2048_informer_d12_e2.npz,checkpoints/beijing_48h_1h_station1013_seed2048_informer_d12_e2.pt,training_logs/beijing_48h_1h_station1013_seed2048_informer_d12_e2.csv,0.1189535558223724,0.3448964421712298,0.1791926324367523,25.68809509277344,13.346375465393066,20.1026554107666,False,,,20.553361892700195,10.137685775756836,24.982449230833208,False,informer_d12_e2,,
beijing_48h_1h_station1013_seed2049_informer_d12_e2,beijing,48,1,1013,2049,informer,informer_d12_e2,informer_d12_e2,12.0,2.0,,matched,completed,37.0,0.1485088318586349,14.338776717995644,0.0184456510032759,valid,test,1.0,1,9.0,5125.0,5125.0,5125.0,predictions/beijing_48h_1h_station1013_seed2049_informer_d12_e2.npz,checkpoints/beijing_48h_1h_station1013_seed2049_informer_d12_e2.pt,training_logs/beijing_48h_1h_station1013_seed2049_informer_d12_e2.csv,0.1017671599984169,0.3190096550238204,0.1668207645416259,23.7600326538086,12.424911499023438,21.336822509765625,False,,,20.929391860961918,10.169209480285645,13.524715919369223,False,informer_d12_e2,,
beijing_48h_3h_station1013_seed2047_informer_d12_e2,beijing,48,3,1013,2047,informer,informer_d12_e2,informer_d12_e2,12.0,2.0,,matched,completed,39.0,0.3278615772724151,16.593187039004988,0.1304583870078204,valid,test,1.0,1,9.0,5125.0,5125.0,5125.0,predictions/beijing_48h_3h_station1013_seed2047_informer_d12_e2.npz,checkpoints/beijing_48h_3h_station1013_seed2047_informer_d12_e2.pt,training_logs/beijing_48h_3h_station1013_seed2047_informer_d12_e2.csv,0.2042790949344635,0.4519724493090961,0.2554769814014435,33.66059494018555,19.02661895751953,28.57452964782715,False,,,31.18783187866211,16.69637680053711,7.928614823703845,False,informer_d12_e2,,
beijing_48h_3h_station1013_seed2048_informer_d12_e2,beijing,48,3,1013,2048,informer,informer_d12_e2,informer_d12_e2,12.0,2.0,,matched,completed,37.0,0.3282687664031982,14.57875693400274,0.0186811400053557,valid,test,1.0,1,9.0,5125.0,5125.0,5125.0,predictions/beijing_48h_3h_station1013_seed2048_informer_d12_e2.npz,checkpoints/beijing_48h_3h_station1013_seed2048_informer_d12_e2.pt,training_logs/beijing_48h_3h_station1013_seed2048_informer_d12_e2.csv,0.2093028277158737,0.4574962597834803,0.2573364675045013,34.07197952270508,19.16510391235352,28.118640899658203,False,,,31.051353454589844,16.6970157623291,9.727840277663457,False,informer_d12_e2,,
beijing_48h_3h_station1013_seed2049_informer_d12_e2,beijing,48,3,1013,2049,informer,informer_d12_e2,informer_d12_e2,12.0,2.0,,matched,completed,40.0,0.301114946603775,14.58573916000023,0.018634516003658,valid,test,1.0,1,9.0,5125.0,5125.0,5125.0,predictions/beijing_48h_3h_station1013_seed2049_informer_d12_e2.npz,checkpoints/beijing_48h_3h_station1013_seed2049_informer_d12_e2.pt,training_logs/beijing_48h_3h_station1013_seed2049_informer_d12_e2.csv,0.1847799718379974,0.4298604097122663,0.2396971136331558,32.0138053894043,17.85141372680664,27.48231315612793,False,,,31.17669677734375,16.931669235229492,2.6850458791031304,False,informer_d12_e2,,
beijing_48h_6h_station1013_seed2047_informer_d12_e2,beijing,48,6,1013,2047,informer,informer_d12_e2,informer_d12_e2,12.0,2.0,,matched,completed,37.0,0.5197903513908386,16.851659634994576,0.0191493760066805,valid,test,1.0,1,9.0,5125.0,5125.0,5125.0,predictions/beijing_48h_6h_station1013_seed2047_informer_d12_e2.npz,checkpoints/beijing_48h_6h_station1013_seed2047_informer_d12_e2.pt,training_logs/beijing_48h_6h_station1013_seed2047_informer_d12_e2.csv,0.3062490820884704,0.5533977611885238,0.3260517120361328,41.2142333984375,24.28266334533692,33.91559219360352,False,,,41.811302185058594,24.404136657714844,-1.4280081112481071,True,informer_d12_e2,,
beijing_48h_6h_station1013_seed2048_informer_d12_e2,beijing,48,6,1013,2048,informer,informer_d12_e2,informer_d12_e2,12.0,2.0,,matched,completed,39.0,0.5206961035728455,14.920639315008884,0.0191019630001392,valid,test,1.0,1,9.0,5125.0,5125.0,5125.0,predictions/beijing_48h_6h_station1013_seed2048_informer_d12_e2.npz,checkpoints/beijing_48h_6h_station1013_seed2048_informer_d12_e2.pt,training_logs/beijing_48h_6h_station1013_seed2048_informer_d12_e2.csv,0.3292493820190429,0.5738025636218812,0.3401785492897033,42.73387908935547,25.33475685119629,36.23659896850586,False,,,41.650672912597656,23.962068557739254,2.6006931005193583,False,informer_d12_e2,,
beijing_48h_6h_station1013_seed2049_informer_d12_e2,beijing,48,6,1013,2049,informer,informer_d12_e2,informer_d12_e2,12.0,2.0,,matched,completed,27.0,0.5189477205276489,13.086156215998926,0.0191799669992178,valid,test,1.0,1,9.0,5125.0,5125.0,5125.0,predictions/beijing_48h_6h_station1013_seed2049_informer_d12_e2.npz,checkpoints/beijing_48h_6h_station1013_seed2049_informer_d12_e2.pt,training_logs/beijing_48h_6h_station1013_seed2049_informer_d12_e2.csv,0.3016801178455353,0.549254146862393,0.3259046971797943,40.9056396484375,24.27171516418457,35.49531555175781,False,,,42.05476379394531,24.104082107543945,-2.7324470329643216,True,informer_d12_e2,,
beijing_48h_12h_station1013_seed2047_informer_d12_e2,beijing,48,12,1013,2047,informer,informer_d12_e2,informer_d12_e2,12.0,2.0,,matched,completed,39.0,0.8655310869216919,17.281188737993944,0.3506576780055184,valid,test,1.0,1,9.0,5125.0,5125.0,5125.0,predictions/beijing_48h_12h_station1013_seed2047_informer_d12_e2.npz,checkpoints/beijing_48h_12h_station1013_seed2047_informer_d12_e2.pt,training_logs/beijing_48h_12h_station1013_seed2047_informer_d12_e2.csv,0.4923148155212402,0.701651491497909,0.4481577575206756,52.246856689453125,33.371028900146484,45.20096206665039,False,,,57.32188415527344,35.63805389404297,-8.853560102932216,True,informer_d12_e2,,
beijing_48h_12h_station1013_seed2048_informer_d12_e2,beijing,48,12,1013,2048,informer,informer_d12_e2,informer_d12_e2,12.0,2.0,,matched,completed,18.0,0.8359791040420532,10.249651954,0.0199380959966219,valid,test,1.0,1,9.0,5125.0,5125.0,5125.0,predictions/beijing_48h_12h_station1013_seed2048_informer_d12_e2.npz,checkpoints/beijing_48h_12h_station1013_seed2048_informer_d12_e2.pt,training_logs/beijing_48h_12h_station1013_seed2048_informer_d12_e2.csv,0.5002774000167847,0.7073029054208562,0.4735588133335113,52.66767120361328,35.2624626159668,48.62054443359375,False,,,52.859134674072266,33.03700637817383,-0.36221453801607234,True,informer_d12_e2,,
beijing_48h_12h_station1013_seed2049_informer_d12_e2,beijing,48,12,1013,2049,informer,informer_d12_e2,informer_d12_e2,12.0,2.0,,matched,completed,38.0,0.8494822382926941,15.707152207003674,0.0198740749910939,valid,test,1.0,1,9.0,5125.0,5125.0,5125.0,predictions/beijing_48h_12h_station1013_seed2049_informer_d12_e2.npz,checkpoints/beijing_48h_12h_station1013_seed2049_informer_d12_e2.pt,training_logs/beijing_48h_12h_station1013_seed2049_informer_d12_e2.csv,0.4707108736038208,0.6860837220076139,0.4436895251274109,51.0876350402832,33.03831481933594,45.46479034423828,False,,,55.133583068847656,34.52684020996094,-7.338445650289235,True,informer_d12_e2,,
beijing_48h_24h_station1013_seed2047_informer_d12_e2,beijing,48,24,1013,2047,informer,informer_d12_e2,informer_d12_e2,12.0,2.0,,matched,completed,28.0,1.229250192642212,16.98885061100009,0.0215183800028171,valid,test,1.0,1,9.0,5125.0,5125.0,5125.0,predictions/beijing_48h_24h_station1013_seed2047_informer_d12_e2.npz,checkpoints/beijing_48h_24h_station1013_seed2047_informer_d12_e2.pt,training_logs/beijing_48h_24h_station1013_seed2047_informer_d12_e2.csv,0.686724841594696,0.8286886276489476,0.5790998339653015,61.68712615966797,43.107872009277344,56.00268173217773,False,,,69.85392761230469,46.93188095092773,-11.691255927602482,True,informer_d12_e2,,
beijing_48h_24h_station1013_seed2048_informer_d12_e2,beijing,48,24,1013,2048,informer,informer_d12_e2,informer_d12_e2,12.0,2.0,,matched,completed,21.0,1.1741148233413696,12.618015521002237,0.0212911179987713,valid,test,1.0,1,9.0,5125.0,5125.0,5125.0,predictions/beijing_48h_24h_station1013_seed2048_informer_d12_e2.npz,checkpoints/beijing_48h_24h_station1013_seed2048_informer_d12_e2.pt,training_logs/beijing_48h_24h_station1013_seed2048_informer_d12_e2.csv,0.6691944003105164,0.8180430308428257,0.5753520727157593,60.89468002319336,42.82889175415039,56.364219665527344,False,,,68.12368774414062,45.795066833496094,-10.611591885774033,True,informer_d12_e2,,
beijing_48h_24h_station1013_seed2049_informer_d12_e2,beijing,48,24,1013,2049,informer,informer_d12_e2,informer_d12_e2,12.0,2.0,,matched,completed,27.0,1.23155415058136,15.215445827008809,0.0214074429968604,valid,test,1.0,1,9.0,5125.0,5125.0,5125.0,predictions/beijing_48h_24h_station1013_seed2049_informer_d12_e2.npz,checkpoints/beijing_48h_24h_station1013_seed2049_informer_d12_e2.pt,training_logs/beijing_48h_24h_station1013_seed2049_informer_d12_e2.csv,0.6795615553855896,0.8243552361607158,0.5834628343582153,61.36455154418945,43.432655334472656,56.47983551025391,False,,,70.52690887451172,47.815460205078125,-12.991292935615277,True,informer_d12_e2,,
beijing_72h_1h_station1013_seed2047_informer_d12_e2,beijing,72,1,1013,2047,informer,informer_d12_e2,informer_d12_e2,12.0,2.0,,matched,completed,30.0,0.2281868159770965,20.16090164399065,0.3336442930012708,valid,test,1.0,1,9.0,5125.0,5125.0,5125.0,predictions/beijing_72h_1h_station1013_seed2047_informer_d12_e2.npz,checkpoints/beijing_72h_1h_station1013_seed2047_informer_d12_e2.pt,training_logs/beijing_72h_1h_station1013_seed2047_informer_d12_e2.csv,0.1050749719142913,0.3241526984528918,0.1868094801902771,24.12974739074707,13.905996322631836,23.915218353271484,False,,,21.06454849243164,10.74881076812744,14.551457864937083,False,informer_d12_e2,,
beijing_72h_1h_station1013_seed2048_informer_d12_e2,beijing,72,1,1013,2048,informer,informer_d12_e2,informer_d12_e2,12.0,2.0,,matched,completed,30.0,0.2210023254156112,14.562216243997682,0.0212924219958949,valid,test,1.0,1,9.0,5125.0,5125.0,5125.0,predictions/beijing_72h_1h_station1013_seed2048_informer_d12_e2.npz,checkpoints/beijing_72h_1h_station1013_seed2048_informer_d12_e2.pt,training_logs/beijing_72h_1h_station1013_seed2048_informer_d12_e2.csv,0.1205769702792167,0.3472419477528842,0.1946399509906768,25.848501205444336,14.488890647888184,22.94392967224121,False,,,20.968732833862305,10.600374221801758,23.2716416878645,False,informer_d12_e2,,
beijing_72h_1h_station1013_seed2049_informer_d12_e2,beijing,72,1,1013,2049,informer,informer_d12_e2,informer_d12_e2,12.0,2.0,,matched,completed,30.0,0.2207720279693603,14.571632510007476,0.0215453609998803,valid,test,1.0,1,9.0,5125.0,5125.0,5125.0,predictions/beijing_72h_1h_station1013_seed2049_informer_d12_e2.npz,checkpoints/beijing_72h_1h_station1013_seed2049_informer_d12_e2.pt,training_logs/beijing_72h_1h_station1013_seed2049_informer_d12_e2.csv,0.1105851531028747,0.3325434604722738,0.1897499710321426,24.75435447692871,14.124885559082031,21.7496395111084,False,,,21.28269386291504,10.951455116271973,16.312129640989756,False,informer_d12_e2,,
beijing_72h_3h_station1013_seed2047_informer_d12_e2,beijing,72,3,1013,2047,informer,informer_d12_e2,informer_d12_e2,12.0,2.0,,matched,completed,30.0,0.3825761079788208,18.285205228006816,0.1342890399973839,valid,test,1.0,1,9.0,5125.0,5125.0,5125.0,predictions/beijing_72h_3h_station1013_seed2047_informer_d12_e2.npz,checkpoints/beijing_72h_3h_station1013_seed2047_informer_d12_e2.pt,training_logs/beijing_72h_3h_station1013_seed2047_informer_d12_e2.csv,0.1985132694244384,0.4455482795662424,0.2607429921627044,33.16414260864258,19.40826416015625,31.551963806152344,False,,,31.00885581970215,17.128154754638672,6.950552453376953,False,informer_d12_e2,,
beijing_72h_3h_station1013_seed2048_informer_d12_e2,beijing,72,3,1013,2048,informer,informer_d12_e2,informer_d12_e2,12.0,2.0,,matched,completed,28.0,0.3970254361629486,14.751411493998605,0.0216313740093028,valid,test,1.0,1,9.0,5125.0,5125.0,5125.0,predictions/beijing_72h_3h_station1013_seed2048_informer_d12_e2.npz,checkpoints/beijing_72h_3h_station1013_seed2048_informer_d12_e2.pt,training_logs/beijing_72h_3h_station1013_seed2048_informer_d12_e2.csv,0.2358701676130294,0.4856646658065928,0.2903807759284973,36.15018081665039,21.614334106445312,34.68412780761719,False,,,31.21354103088379,16.76036262512207,15.81569928539064,False,informer_d12_e2,,
beijing_72h_3h_station1013_seed2049_informer_d12_e2,beijing,72,3,1013,2049,informer,informer_d12_e2,informer_d12_e2,12.0,2.0,,matched,completed,30.0,0.3420169055461883,14.788197931004106,0.0217393299972172,valid,test,1.0,1,9.0,5125.0,5125.0,5125.0,predictions/beijing_72h_3h_station1013_seed2049_informer_d12_e2.npz,checkpoints/beijing_72h_3h_station1013_seed2049_informer_d12_e2.pt,training_logs/beijing_72h_3h_station1013_seed2049_informer_d12_e2.csv,0.1958470195531845,0.4425460648940226,0.2577881515026092,32.940673828125,19.18832015991211,29.737058639526367,False,,,31.59510612487793,17.138343811035156,4.25878519897603,False,informer_d12_e2,,
beijing_72h_6h_station1013_seed2047_informer_d12_e2,beijing,72,6,1013,2047,informer,informer_d12_e2,informer_d12_e2,12.0,2.0,,matched,completed,28.0,0.5916162729263306,18.14772162800364,0.362916554993717,valid,test,1.0,1,9.0,5125.0,5125.0,5125.0,predictions/beijing_72h_6h_station1013_seed2047_informer_d12_e2.npz,checkpoints/beijing_72h_6h_station1013_seed2047_informer_d12_e2.pt,training_logs/beijing_72h_6h_station1013_seed2047_informer_d12_e2.csv,0.3214825987815857,0.5669943551584845,0.3452971875667572,42.20111846923828,25.70030403137207,36.5284423828125,False,,,41.74861526489258,24.63315200805664,1.0838759596566165,False,informer_d12_e2,,
beijing_72h_6h_station1013_seed2048_informer_d12_e2,beijing,72,6,1013,2048,informer,informer_d12_e2,informer_d12_e2,12.0,2.0,,matched,completed,29.0,0.5726812481880188,15.02449920300569,0.0222907470015343,valid,test,1.0,1,9.0,5125.0,5125.0,5125.0,predictions/beijing_72h_6h_station1013_seed2048_informer_d12_e2.npz,checkpoints/beijing_72h_6h_station1013_seed2048_informer_d12_e2.pt,training_logs/beijing_72h_6h_station1013_seed2048_informer_d12_e2.csv,0.3445059955120086,0.5869463310320703,0.3481703698635101,43.686134338378906,25.91415786743164,36.844482421875,False,,,41.156280517578125,24.216215133666992,6.146944740840377,False,informer_d12_e2,,
beijing_72h_6h_station1013_seed2049_informer_d12_e2,beijing,72,6,1013,2049,informer,informer_d12_e2,informer_d12_e2,12.0,2.0,,matched,completed,28.0,0.5630435347557068,15.00045079899428,0.0220010310003999,valid,test,1.0,1,9.0,5125.0,5125.0,5125.0,predictions/beijing_72h_6h_station1013_seed2049_informer_d12_e2.npz,checkpoints/beijing_72h_6h_station1013_seed2049_informer_d12_e2.pt,training_logs/beijing_72h_6h_station1013_seed2049_informer_d12_e2.csv,0.3167615532875061,0.5628157365315101,0.3430277109146118,41.89010620117188,25.53138542175293,36.85262680053711,False,,,41.276737213134766,24.22653007507324,1.4859919398908665,False,informer_d12_e2,,
beijing_72h_12h_station1013_seed2047_informer_d12_e2,beijing,72,12,1013,2047,informer,informer_d12_e2,informer_d12_e2,12.0,2.0,,matched,completed,29.0,0.896152675151825,19.123253983008908,0.3599099519924493,valid,test,1.0,1,9.0,5125.0,5125.0,5125.0,predictions/beijing_72h_12h_station1013_seed2047_informer_d12_e2.npz,checkpoints/beijing_72h_12h_station1013_seed2047_informer_d12_e2.pt,training_logs/beijing_72h_12h_station1013_seed2047_informer_d12_e2.csv,0.5010752081871033,0.7078666598923157,0.462163507938385,52.68458557128906,34.3975715637207,45.73247528076172,False,,,56.09211349487305,35.244869232177734,-6.074878822127893,True,informer_d12_e2,,
beijing_72h_12h_station1013_seed2048_informer_d12_e2,beijing,72,12,1013,2048,informer,informer_d12_e2,informer_d12_e2,12.0,2.0,,matched,completed,27.0,0.9080824851989746,15.9630865049985,0.0228840679919812,valid,test,1.0,1,9.0,5125.0,5125.0,5125.0,predictions/beijing_72h_12h_station1013_seed2048_informer_d12_e2.npz,checkpoints/beijing_72h_12h_station1013_seed2048_informer_d12_e2.pt,training_logs/beijing_72h_12h_station1013_seed2048_informer_d12_e2.csv,0.5341848731040955,0.7308795202385243,0.4670183360576629,54.397369384765625,34.75890350341797,46.27353286743164,False,,,55.03749084472656,34.67401123046875,-1.1630643950809232,True,informer_d12_e2,,
beijing_72h_12h_station1013_seed2049_informer_d12_e2,beijing,72,12,1013,2049,informer,informer_d12_e2,informer_d12_e2,12.0,2.0,,matched,completed,30.0,0.9341970682144164,15.988617373994202,0.0229888019966892,valid,test,1.0,1,9.0,5125.0,5125.0,5125.0,predictions/beijing_72h_12h_station1013_seed2049_informer_d12_e2.npz,checkpoints/beijing_72h_12h_station1013_seed2049_informer_d12_e2.pt,training_logs/beijing_72h_12h_station1013_seed2049_informer_d12_e2.csv,0.5555545687675476,0.7453553305421164,0.5037564635276794,55.47476196289063,37.49322509765625,50.55232620239258,False,,,54.70387268066406,35.244651794433594,1.4092042198304042,False,informer_d12_e2,,
beijing_72h_24h_station1013_seed2047_informer_d12_e2,beijing,72,24,1013,2047,informer,informer_d12_e2,informer_d12_e2,12.0,2.0,,matched,completed,30.0,1.3159433603286743,21.183368345999043,0.3599064550071489,valid,test,1.0,1,9.0,5125.0,5125.0,5125.0,predictions/beijing_72h_24h_station1013_seed2047_informer_d12_e2.npz,checkpoints/beijing_72h_24h_station1013_seed2047_informer_d12_e2.pt,training_logs/beijing_72h_24h_station1013_seed2047_informer_d12_e2.csv,0.7401270866394043,0.8603063911417863,0.610307514667511,64.01612854003906,45.41350173950195,58.6282958984375,False,,,65.6296157836914,44.675662994384766,-2.4584743097845263,True,informer_d12_e2,,
beijing_72h_24h_station1013_seed2048_informer_d12_e2,beijing,72,24,1013,2048,informer,informer_d12_e2,informer_d12_e2,12.0,2.0,,matched,completed,25.0,1.331660509109497,17.62586446000205,0.0248018319980474,valid,test,1.0,1,9.0,5125.0,5125.0,5125.0,predictions/beijing_72h_24h_station1013_seed2048_informer_d12_e2.npz,checkpoints/beijing_72h_24h_station1013_seed2048_informer_d12_e2.pt,training_logs/beijing_72h_24h_station1013_seed2048_informer_d12_e2.csv,0.6857357621192932,0.8280916387207959,0.5941631197929382,61.61900329589844,44.212181091308594,58.07512283325195,False,,,64.7675552368164,43.77329254150391,-4.861310465410633,True,informer_d12_e2,,
beijing_72h_24h_station1013_seed2049_informer_d12_e2,beijing,72,24,1013,2049,informer,informer_d12_e2,informer_d12_e2,12.0,2.0,,matched,completed,30.0,1.2940267324447632,17.64054423601192,0.0249277989933034,valid,test,1.0,1,9.0,5125.0,5125.0,5125.0,predictions/beijing_72h_24h_station1013_seed2049_informer_d12_e2.npz,checkpoints/beijing_72h_24h_station1013_seed2049_informer_d12_e2.pt,training_logs/beijing_72h_24h_station1013_seed2049_informer_d12_e2.csv,0.7306901812553406,0.8548041771396186,0.6186041831970215,63.60670852661133,46.030860900878906,58.71360397338867,False,,,68.50748443603516,46.28374862670898,-7.153635766614143,True,informer_d12_e2,,
beijing_168h_1h_station1013_seed2047_informer_d12_e2,beijing,168,1,1013,2047,informer,informer_d12_e2,informer_d12_e2,12.0,2.0,,matched,completed,30.0,0.2084317207336425,29.89891351299593,1.0369774569990111,valid,test,1.0,1,9.0,5125.0,5125.0,5125.0,predictions/beijing_168h_1h_station1013_seed2047_informer_d12_e2.npz,checkpoints/beijing_168h_1h_station1013_seed2047_informer_d12_e2.pt,training_logs/beijing_168h_1h_station1013_seed2047_informer_d12_e2.csv,0.1041348204016685,0.322699272390981,0.1885868459939956,23.986793518066406,14.017986297607422,23.065723419189453,False,,,21.871671676635746,11.994721412658691,9.670599818349158,False,informer_d12_e2,,
beijing_168h_1h_station1013_seed2048_informer_d12_e2,beijing,168,1,1013,2048,informer,informer_d12_e2,informer_d12_e2,12.0,2.0,,matched,completed,29.0,0.2490541487932205,28.371548494003942,0.0397876180068124,valid,test,1.0,1,9.0,5125.0,5125.0,5125.0,predictions/beijing_168h_1h_station1013_seed2048_informer_d12_e2.npz,checkpoints/beijing_168h_1h_station1013_seed2048_informer_d12_e2.pt,training_logs/beijing_168h_1h_station1013_seed2048_informer_d12_e2.csv,0.1276222616434097,0.3572425809494295,0.2052189707756042,26.55445671081543,15.254280090332031,24.135892868041992,False,,,21.76912498474121,11.43486213684082,21.982196020411642,False,informer_d12_e2,,
beijing_168h_1h_station1013_seed2049_informer_d12_e2,beijing,168,1,1013,2049,informer,informer_d12_e2,informer_d12_e2,12.0,2.0,,matched,completed,30.0,0.1913105398416519,28.44793923900579,0.0399909930129069,valid,test,1.0,1,9.0,5125.0,5125.0,5125.0,predictions/beijing_168h_1h_station1013_seed2049_informer_d12_e2.npz,checkpoints/beijing_168h_1h_station1013_seed2049_informer_d12_e2.pt,training_logs/beijing_168h_1h_station1013_seed2049_informer_d12_e2.csv,0.0905955657362937,0.3009909728485122,0.1629075706005096,22.373178482055664,12.109201431274414,20.670108795166016,False,,,22.61062812805176,12.07103443145752,-1.0501682865745186,True,informer_d12_e2,,
beijing_168h_3h_station1013_seed2047_informer_d12_e2,beijing,168,3,1013,2047,informer,informer_d12_e2,informer_d12_e2,12.0,2.0,,matched,completed,28.0,0.5620428323745728,32.20074543899682,0.1491844039992429,valid,test,1.0,1,9.0,5125.0,5125.0,5125.0,predictions/beijing_168h_3h_station1013_seed2047_informer_d12_e2.npz,checkpoints/beijing_168h_3h_station1013_seed2047_informer_d12_e2.pt,training_logs/beijing_168h_3h_station1013_seed2047_informer_d12_e2.csv,0.3467817604541778,0.5888817881834841,0.3911990523338318,43.77195739746094,29.07807731628418,40.326438903808594,False,,,31.7686710357666,18.36850929260254,37.78340726994999,False,informer_d12_e2,,
beijing_168h_3h_station1013_seed2048_informer_d12_e2,beijing,168,3,1013,2048,informer,informer_d12_e2,informer_d12_e2,12.0,2.0,,matched,completed,7.0,1.1342787742614746,12.419972314994084,0.0402657090016873,valid,test,1.0,1,9.0,5125.0,5125.0,5125.0,predictions/beijing_168h_3h_station1013_seed2048_informer_d12_e2.npz,checkpoints/beijing_168h_3h_station1013_seed2048_informer_d12_e2.pt,training_logs/beijing_168h_3h_station1013_seed2048_informer_d12_e2.csv,0.5961529016494751,0.7721093845106891,0.5763474702835083,57.391380310058594,42.84027099609375,58.05575180053711,False,,,31.73417854309082,18.07464408874512,80.85037314619215,False,informer_d12_e2,,
beijing_168h_3h_station1013_seed2049_informer_d12_e2,beijing,168,3,1013,2049,informer,informer_d12_e2,informer_d12_e2,12.0,2.0,,matched,completed,30.0,0.3955117762088775,28.63008753399481,0.0403297470038523,valid,test,1.0,1,9.0,5125.0,5125.0,5125.0,predictions/beijing_168h_3h_station1013_seed2049_informer_d12_e2.npz,checkpoints/beijing_168h_3h_station1013_seed2049_informer_d12_e2.pt,training_logs/beijing_168h_3h_station1013_seed2049_informer_d12_e2.csv,0.2223596274852752,0.471550238559239,0.2653520405292511,35.050628662109375,19.723785400390625,30.169313430786133,False,,,32.07843780517578,18.52771759033203,9.265385287727565,False,informer_d12_e2,,
beijing_168h_6h_station1013_seed2047_informer_d12_e2,beijing,168,6,1013,2047,informer,informer_d12_e2,informer_d12_e2,12.0,2.0,,matched,completed,29.0,0.7032893300056458,28.882508708004025,0.0417915569996694,valid,test,1.0,1,9.0,5125.0,5125.0,5125.0,predictions/beijing_168h_6h_station1013_seed2047_informer_d12_e2.npz,checkpoints/beijing_168h_6h_station1013_seed2047_informer_d12_e2.pt,training_logs/beijing_168h_6h_station1013_seed2047_informer_d12_e2.csv,0.4079379141330719,0.6387001754603422,0.4120473265647888,47.47499084472656,30.62773704528809,45.26276397705078,False,,,42.01683807373047,25.93600273132324,12.990393902126131,False,informer_d12_e2,,
beijing_168h_6h_station1013_seed2048_informer_d12_e2,beijing,168,6,1013,2048,informer,informer_d12_e2,informer_d12_e2,12.0,2.0,,matched,completed,30.0,0.6017211675643921,28.866017977998126,0.0406520060059847,valid,test,1.0,1,9.0,5125.0,5125.0,5125.0,predictions/beijing_168h_6h_station1013_seed2048_informer_d12_e2.npz,checkpoints/beijing_168h_6h_station1013_seed2048_informer_d12_e2.pt,training_logs/beijing_168h_6h_station1013_seed2048_informer_d12_e2.csv,0.3766598999500274,0.6137262418619783,0.3737384676933288,45.61865997314453,27.78022003173828,38.516727447509766,False,,,42.51594543457031,26.329206466674805,7.297766771643652,False,informer_d12_e2,,
beijing_168h_6h_station1013_seed2049_informer_d12_e2,beijing,168,6,1013,2049,informer,informer_d12_e2,informer_d12_e2,12.0,2.0,,matched,completed,29.0,0.5886328220367432,28.879571393001243,0.0404170400142902,valid,test,1.0,1,9.0,5125.0,5125.0,5125.0,predictions/beijing_168h_6h_station1013_seed2049_informer_d12_e2.npz,checkpoints/beijing_168h_6h_station1013_seed2049_informer_d12_e2.pt,training_logs/beijing_168h_6h_station1013_seed2049_informer_d12_e2.csv,0.3341418504714966,0.5780500414942434,0.3537149131298065,42.966827392578125,26.29185485839844,37.28765106201172,False,,,42.00048828125,26.010665893554688,2.3007806596370486,False,informer_d12_e2,,
beijing_168h_6h_station1013_seed2050_informer_d12_e2,beijing,168,6,1013,2050,informer,informer_d12_e2,informer_d12_e2,12.0,2.0,,matched,completed,29.0,0.6575364470481873,28.87029801400785,0.0403009909932734,valid,test,1.0,1,9.0,5125.0,5125.0,5125.0,predictions/beijing_168h_6h_station1013_seed2050_informer_d12_e2.npz,checkpoints/beijing_168h_6h_station1013_seed2050_informer_d12_e2.pt,training_logs/beijing_168h_6h_station1013_seed2050_informer_d12_e2.csv,0.3676122725009918,0.6063103763758227,0.3699783086776733,45.06743621826172,27.500720977783203,37.93914794921875,False,,,42.20603942871094,26.009906768798828,6.779590855436431,False,informer_d12_e2,,
beijing_168h_6h_station1013_seed2051_informer_d12_e2,beijing,168,6,1013,2051,informer,informer_d12_e2,informer_d12_e2,12.0,2.0,,matched,completed,30.0,0.6304170489311218,30.22402523799974,0.042462383993552,valid,test,1.0,1,9.0,5125.0,5125.0,5125.0,predictions/beijing_168h_6h_station1013_seed2051_informer_d12_e2.npz,checkpoints/beijing_168h_6h_station1013_seed2051_informer_d12_e2.pt,training_logs/beijing_168h_6h_station1013_seed2051_informer_d12_e2.csv,0.3204405307769775,0.566074668905947,0.3539932668209076,42.076690673828125,26.312545776367188,36.7716178894043,False,,,41.76411056518555,25.687108993530277,0.7484419143913101,False,informer_d12_e2,,
beijing_168h_12h_station1013_seed2047_informer_d12_e2,beijing,168,12,1013,2047,informer,informer_d12_e2,informer_d12_e2,12.0,2.0,,matched,completed,29.0,1.1759591102600098,32.17082266299985,0.3643178220081609,valid,test,1.0,1,9.0,5125.0,5125.0,5125.0,predictions/beijing_168h_12h_station1013_seed2047_informer_d12_e2.npz,checkpoints/beijing_168h_12h_station1013_seed2047_informer_d12_e2.pt,training_logs/beijing_168h_12h_station1013_seed2047_informer_d12_e2.csv,0.6290431022644043,0.7931223753396472,0.5606176853179932,58.96049499511719,41.6761589050293,54.20914459228516,False,,,54.23294448852539,36.208377838134766,8.717119365687497,False,informer_d12_e2,,
beijing_168h_12h_station1013_seed2048_informer_d12_e2,beijing,168,12,1013,2048,informer,informer_d12_e2,informer_d12_e2,12.0,2.0,,matched,completed,18.0,0.9708503484725952,23.607700937995105,0.0418422119983006,valid,test,1.0,1,9.0,5125.0,5125.0,5125.0,predictions/beijing_168h_12h_station1013_seed2048_informer_d12_e2.npz,checkpoints/beijing_168h_12h_station1013_seed2048_informer_d12_e2.pt,training_logs/beijing_168h_12h_station1013_seed2048_informer_d12_e2.csv,0.5950312614440918,0.7713826945453806,0.514497697353363,57.34437561035156,38.24761581420898,50.408912658691406,False,,,55.16896057128906,36.87693405151367,3.943186560949321,False,informer_d12_e2,,
beijing_168h_12h_station1013_seed2049_informer_d12_e2,beijing,168,12,1013,2049,informer,informer_d12_e2,informer_d12_e2,12.0,2.0,,matched,completed,23.0,0.9071239233016968,28.54809282399947,0.0417477529990719,valid,test,1.0,1,9.0,5125.0,5125.0,5125.0,predictions/beijing_168h_12h_station1013_seed2049_informer_d12_e2.npz,checkpoints/beijing_168h_12h_station1013_seed2049_informer_d12_e2.pt,training_logs/beijing_168h_12h_station1013_seed2049_informer_d12_e2.csv,0.5558821558952332,0.7455750504779738,0.4985784888267517,55.42584228515625,37.064186096191406,49.96923828125,False,,,58.07843780517578,38.81656646728516,-4.567263893904426,True,informer_d12_e2,,
beijing_168h_24h_station1013_seed2047_informer_d12_e2,beijing,168,24,1013,2047,informer,informer_d12_e2,informer_d12_e2,12.0,2.0,,matched,completed,17.0,1.4985828399658203,26.46565472400107,0.3679291599983116,valid,test,1.0,1,9.0,5125.0,5125.0,5125.0,predictions/beijing_168h_24h_station1013_seed2047_informer_d12_e2.npz,checkpoints/beijing_168h_24h_station1013_seed2047_informer_d12_e2.pt,training_logs/beijing_168h_24h_station1013_seed2047_informer_d12_e2.csv,0.8001710176467896,0.8945227876621085,0.6585111618041992,66.53571319580078,48.98087692260742,62.131935119628906,False,,,67.65840148925781,47.55368041992188,-1.659347943115803,True,informer_d12_e2,,
beijing_168h_24h_station1013_seed2048_informer_d12_e2,beijing,168,24,1013,2048,informer,informer_d12_e2,informer_d12_e2,12.0,2.0,,matched,completed,27.0,1.4243403673171997,30.61120225201012,0.0432347239984665,valid,test,1.0,1,9.0,5125.0,5125.0,5125.0,predictions/beijing_168h_24h_station1013_seed2048_informer_d12_e2.npz,checkpoints/beijing_168h_24h_station1013_seed2048_informer_d12_e2.pt,training_logs/beijing_168h_24h_station1013_seed2048_informer_d12_e2.csv,0.8028043508529663,0.8959934993363324,0.6405471563339233,66.64510345458984,47.64468383789063,60.529781341552734,False,,,72.7971420288086,50.40897750854492,-8.450934202587451,True,informer_d12_e2,,
beijing_168h_24h_station1013_seed2049_informer_d12_e2,beijing,168,24,1013,2049,informer,informer_d12_e2,informer_d12_e2,12.0,2.0,,matched,completed,26.0,1.557735562324524,30.60845918999985,0.043536267010495,valid,test,1.0,1,9.0,5125.0,5125.0,5125.0,predictions/beijing_168h_24h_station1013_seed2049_informer_d12_e2.npz,checkpoints/beijing_168h_24h_station1013_seed2049_informer_d12_e2.pt,training_logs/beijing_168h_24h_station1013_seed2049_informer_d12_e2.csv,0.8766493201255798,0.93629553033515,0.7072875499725342,69.64281463623047,52.60892105102539,65.6760482788086,False,,,66.645751953125,46.83631896972656,4.4970048281748545,False,informer_d12_e2,,
beijing_24h_1h_station1013_seed2047_informer_d16_e1,beijing,24,1,1013,2047,informer,informer_d16_e1,informer_d16_e1,16.0,1.0,,matched,completed,39.0,0.1304821372032165,7.534883001993876,0.011859562000609,valid,test,1.0,1,9.0,5777.0,5777.0,5777.0,predictions/beijing_24h_1h_station1013_seed2047_informer_d16_e1.npz,checkpoints/beijing_24h_1h_station1013_seed2047_informer_d16_e1.pt,training_logs/beijing_24h_1h_station1013_seed2047_informer_d16_e1.csv,0.078677125275135,0.2804944300251523,0.1469706147909164,20.90236473083496,10.952208518981934,19.0632381439209,False,,,20.988380432128903,10.146111488342283,-0.4098253391780024,True,informer_d16_e1,,
beijing_24h_1h_station1013_seed2048_informer_d16_e1,beijing,24,1,1013,2048,informer,informer_d16_e1,informer_d16_e1,16.0,1.0,,matched,completed,40.0,0.1461345702409744,7.551798742992105,0.0108542829984799,valid,test,1.0,1,9.0,5777.0,5777.0,5777.0,predictions/beijing_24h_1h_station1013_seed2048_informer_d16_e1.npz,checkpoints/beijing_24h_1h_station1013_seed2048_informer_d16_e1.pt,training_logs/beijing_24h_1h_station1013_seed2048_informer_d16_e1.csv,0.0830169767141342,0.2881266678288114,0.1499156802892685,21.47111701965332,11.171673774719238,18.387357711791992,False,,,20.778905868530277,10.011322021484377,3.3313166511399404,False,informer_d16_e1,,
beijing_24h_1h_station1013_seed2049_informer_d16_e1,beijing,24,1,1013,2049,informer,informer_d16_e1,informer_d16_e1,16.0,1.0,,matched,completed,38.0,0.143982782959938,7.512268765000044,0.010807989994646,valid,test,1.0,1,9.0,5777.0,5777.0,5777.0,predictions/beijing_24h_1h_station1013_seed2049_informer_d16_e1.npz,checkpoints/beijing_24h_1h_station1013_seed2049_informer_d16_e1.pt,training_logs/beijing_24h_1h_station1013_seed2049_informer_d16_e1.csv,0.0841054320335388,0.2900093654238407,0.1471562087535858,21.61141586303711,10.966039657592772,17.63994026184082,False,,,20.896221160888672,10.110241889953612,3.422603046942588,False,informer_d16_e1,,
beijing_24h_1h_station1013_seed2050_informer_d16_e1,beijing,24,1,1013,2050,informer,informer_d16_e1,informer_d16_e1,16.0,1.0,,matched,completed,40.0,0.1402382403612136,7.638350081993849,0.0109193259995663,valid,test,1.0,1,9.0,5777.0,5777.0,5777.0,predictions/beijing_24h_1h_station1013_seed2050_informer_d16_e1.npz,checkpoints/beijing_24h_1h_station1013_seed2050_informer_d16_e1.pt,training_logs/beijing_24h_1h_station1013_seed2050_informer_d16_e1.csv,0.0807163193821907,0.2841061762478787,0.1442051827907562,21.17151260375977,10.74612808227539,16.795398712158203,False,,,21.0170955657959,10.084884643554688,0.7347211106332671,False,informer_d16_e1,,
beijing_24h_1h_station1013_seed2051_informer_d16_e1,beijing,24,1,1013,2051,informer,informer_d16_e1,informer_d16_e1,16.0,1.0,,matched,completed,37.0,0.1327132582664489,7.55368307599565,0.0109269429958658,valid,test,1.0,1,9.0,5777.0,5777.0,5777.0,predictions/beijing_24h_1h_station1013_seed2051_informer_d16_e1.npz,checkpoints/beijing_24h_1h_station1013_seed2051_informer_d16_e1.pt,training_logs/beijing_24h_1h_station1013_seed2051_informer_d16_e1.csv,0.0777419432997703,0.2788224225197291,0.1440674066543579,20.777767181396484,10.73586368560791,17.53788948059082,False,,,20.71529197692871,10.02131462097168,0.30158978467382497,False,informer_d16_e1,,
beijing_24h_3h_station1013_seed2047_informer_d16_e1,beijing,24,3,1013,2047,informer,informer_d16_e1,informer_d16_e1,16.0,1.0,,matched,completed,35.0,0.3150756657123565,8.668066881000414,0.2251998970023123,valid,test,1.0,1,9.0,5777.0,5777.0,5777.0,predictions/beijing_24h_3h_station1013_seed2047_informer_d16_e1.npz,checkpoints/beijing_24h_3h_station1013_seed2047_informer_d16_e1.pt,training_logs/beijing_24h_3h_station1013_seed2047_informer_d16_e1.csv,0.1847431063652038,0.4298175268241209,0.2396820485591888,32.02988052368164,17.861038208007812,27.407859802246094,False,,,30.44579696655273,16.024797439575195,5.202963019392,False,informer_d16_e1,,
beijing_24h_3h_station1013_seed2048_informer_d16_e1,beijing,24,3,1013,2048,informer,informer_d16_e1,informer_d16_e1,16.0,1.0,,matched,completed,38.0,0.3328869640827179,7.794939619998331,0.0112092939962167,valid,test,1.0,1,9.0,5777.0,5777.0,5777.0,predictions/beijing_24h_3h_station1013_seed2048_informer_d16_e1.npz,checkpoints/beijing_24h_3h_station1013_seed2048_informer_d16_e1.pt,training_logs/beijing_24h_3h_station1013_seed2048_informer_d16_e1.csv,0.1984556764364242,0.4454836432871854,0.2489069402217865,33.19731521606445,18.548473358154297,28.370534896850582,False,,,30.800689697265625,16.063575744628906,7.781077444546938,False,informer_d16_e1,,
beijing_24h_3h_station1013_seed2049_informer_d16_e1,beijing,24,3,1013,2049,informer,informer_d16_e1,informer_d16_e1,16.0,1.0,,matched,completed,38.0,0.3117352426052093,7.75350702200376,0.0110794579959474,valid,test,1.0,1,9.0,5777.0,5777.0,5777.0,predictions/beijing_24h_3h_station1013_seed2049_informer_d16_e1.npz,checkpoints/beijing_24h_3h_station1013_seed2049_informer_d16_e1.pt,training_logs/beijing_24h_3h_station1013_seed2049_informer_d16_e1.csv,0.2093877792358398,0.457589094314801,0.2554812729358673,34.09940719604492,19.038393020629883,28.604736328125,False,,,30.58614921569824,16.17045021057129,11.486434449693704,False,informer_d16_e1,,
beijing_24h_6h_station1013_seed2047_informer_d16_e1,beijing,24,6,1013,2047,informer,informer_d16_e1,informer_d16_e1,16.0,1.0,,matched,completed,36.0,0.5326272249221802,8.880311864006217,0.1209088350005913,valid,test,1.0,1,9.0,5777.0,5777.0,5777.0,predictions/beijing_24h_6h_station1013_seed2047_informer_d16_e1.npz,checkpoints/beijing_24h_6h_station1013_seed2047_informer_d16_e1.pt,training_logs/beijing_24h_6h_station1013_seed2047_informer_d16_e1.csv,0.3140463531017303,0.5603983878471906,0.3392772078514099,41.75748062133789,25.280874252319336,36.13938522338867,False,,,40.0059814453125,22.94923591613769,4.378093256928743,False,informer_d16_e1,,
beijing_24h_6h_station1013_seed2048_informer_d16_e1,beijing,24,6,1013,2048,informer,informer_d16_e1,informer_d16_e1,16.0,1.0,,matched,completed,21.0,0.5681864619255066,5.882754043996101,0.0116746269923169,valid,test,1.0,1,9.0,5777.0,5777.0,5777.0,predictions/beijing_24h_6h_station1013_seed2048_informer_d16_e1.npz,checkpoints/beijing_24h_6h_station1013_seed2048_informer_d16_e1.pt,training_logs/beijing_24h_6h_station1013_seed2048_informer_d16_e1.csv,0.3349577188491821,0.5787553186357618,0.3692270219326019,43.12532806396485,27.512550354003903,39.52410888671875,False,,,39.84638977050781,22.57869529724121,8.228946994550393,False,informer_d16_e1,,
beijing_24h_6h_station1013_seed2049_informer_d16_e1,beijing,24,6,1013,2049,informer,informer_d16_e1,informer_d16_e1,16.0,1.0,,matched,completed,25.0,0.5378482937812805,6.620882058996358,0.0115382829972077,valid,test,1.0,1,9.0,5777.0,5777.0,5777.0,predictions/beijing_24h_6h_station1013_seed2049_informer_d16_e1.npz,checkpoints/beijing_24h_6h_station1013_seed2049_informer_d16_e1.pt,training_logs/beijing_24h_6h_station1013_seed2049_informer_d16_e1.csv,0.3114526867866516,0.5580794627888144,0.3364180028438568,41.58468627929688,25.067821502685547,35.40721893310547,False,,,39.889404296875,22.915658950805664,4.249955626824673,False,informer_d16_e1,,
beijing_24h_12h_station1013_seed2047_informer_d16_e1,beijing,24,12,1013,2047,informer,informer_d16_e1,informer_d16_e1,16.0,1.0,,matched,completed,16.0,0.8826821446418762,5.621061584999552,0.1219388940080534,valid,test,1.0,1,9.0,5777.0,5777.0,5777.0,predictions/beijing_24h_12h_station1013_seed2047_informer_d16_e1.npz,checkpoints/beijing_24h_12h_station1013_seed2047_informer_d16_e1.pt,training_logs/beijing_24h_12h_station1013_seed2047_informer_d16_e1.csv,0.4796842038631439,0.6925923792990679,0.4510956108570099,51.59995651245117,33.607810974121094,46.09217834472656,False,,,51.547157287597656,31.825634002685547,0.10242897500425154,False,informer_d16_e1,,
beijing_24h_12h_station1013_seed2048_informer_d16_e1,beijing,24,12,1013,2048,informer,informer_d16_e1,informer_d16_e1,16.0,1.0,,matched,completed,37.0,0.855567216873169,8.791988208002294,0.0127012689918046,valid,test,1.0,1,9.0,5777.0,5777.0,5777.0,predictions/beijing_24h_12h_station1013_seed2048_informer_d16_e1.npz,checkpoints/beijing_24h_12h_station1013_seed2048_informer_d16_e1.pt,training_logs/beijing_24h_12h_station1013_seed2048_informer_d16_e1.csv,0.4790869653224945,0.6921610833631825,0.4602344930171966,51.56782150268555,34.28868103027344,47.42327499389648,False,,,51.48316192626953,31.6285343170166,0.16444129157657209,False,informer_d16_e1,,
beijing_24h_12h_station1013_seed2049_informer_d16_e1,beijing,24,12,1013,2049,informer,informer_d16_e1,informer_d16_e1,16.0,1.0,,matched,completed,26.0,0.8202165365219116,7.500322273001075,0.0126118460029829,valid,test,1.0,1,9.0,5777.0,5777.0,5777.0,predictions/beijing_24h_12h_station1013_seed2049_informer_d16_e1.npz,checkpoints/beijing_24h_12h_station1013_seed2049_informer_d16_e1.pt,training_logs/beijing_24h_12h_station1013_seed2049_informer_d16_e1.csv,0.486031025648117,0.6971592541508124,0.478476345539093,51.9401969909668,35.64774703979492,49.56304168701172,False,,,51.83720016479492,32.26030349731445,0.19869288048821931,False,informer_d16_e1,,
beijing_24h_24h_station1013_seed2047_informer_d16_e1,beijing,24,24,1013,2047,informer,informer_d16_e1,informer_d16_e1,16.0,1.0,,matched,completed,37.0,1.2478344440460205,11.318309716996737,0.2290651590010384,valid,test,1.0,1,9.0,5777.0,5777.0,5777.0,predictions/beijing_24h_24h_station1013_seed2047_informer_d16_e1.npz,checkpoints/beijing_24h_24h_station1013_seed2047_informer_d16_e1.pt,training_logs/beijing_24h_24h_station1013_seed2047_informer_d16_e1.csv,0.6811526417732239,0.825319720940451,0.5847095847129822,61.470314025878906,43.54951858520508,57.126712799072266,False,,,64.3062973022461,43.40291213989258,-4.410117508457655,True,informer_d16_e1,,
beijing_24h_24h_station1013_seed2048_informer_d16_e1,beijing,24,24,1013,2048,informer,informer_d16_e1,informer_d16_e1,16.0,1.0,,matched,completed,19.0,1.2472599744796753,7.0956117259920575,0.0141331710037775,valid,test,1.0,1,9.0,5777.0,5777.0,5777.0,predictions/beijing_24h_24h_station1013_seed2048_informer_d16_e1.npz,checkpoints/beijing_24h_24h_station1013_seed2048_informer_d16_e1.pt,training_logs/beijing_24h_24h_station1013_seed2048_informer_d16_e1.csv,0.6964243054389954,0.834520404447366,0.6001487374305725,62.15558624267578,44.699440002441406,58.41024017333984,False,,,64.8437271118164,43.64160919189453,-4.14556810484567,True,informer_d16_e1,,
beijing_24h_24h_station1013_seed2049_informer_d16_e1,beijing,24,24,1013,2049,informer,informer_d16_e1,informer_d16_e1,16.0,1.0,,matched,completed,34.0,1.2255678176879885,10.456951296990155,0.0142610619950573,valid,test,1.0,1,9.0,5777.0,5777.0,5777.0,predictions/beijing_24h_24h_station1013_seed2049_informer_d16_e1.npz,checkpoints/beijing_24h_24h_station1013_seed2049_informer_d16_e1.pt,training_logs/beijing_24h_24h_station1013_seed2049_informer_d16_e1.csv,0.6901952028274536,0.8307798762773768,0.5764725804328918,61.876991271972656,42.93602752685547,55.87534332275391,False,,,65.344482421875,44.265323638916016,-5.306478866135378,True,informer_d16_e1,,
beijing_48h_1h_station1013_seed2047_informer_d16_e1,beijing,48,1,1013,2047,informer,informer_d16_e1,informer_d16_e1,16.0,1.0,,matched,completed,37.0,0.2004574984312057,13.207265263001318,0.2354719629947794,valid,test,1.0,1,9.0,5777.0,5777.0,5777.0,predictions/beijing_48h_1h_station1013_seed2047_informer_d16_e1.npz,checkpoints/beijing_48h_1h_station1013_seed2047_informer_d16_e1.pt,training_logs/beijing_48h_1h_station1013_seed2047_informer_d16_e1.csv,0.1030392870306968,0.3209973318124262,0.1808059513568878,23.9080753326416,13.46653652191162,23.89362525939941,False,,,20.97980499267578,10.450782775878906,13.95756700783493,False,informer_d16_e1,,
beijing_48h_1h_station1013_seed2048_informer_d16_e1,beijing,48,1,1013,2048,informer,informer_d16_e1,informer_d16_e1,16.0,1.0,,matched,completed,40.0,0.1866272836923599,11.95632482500514,0.0152087409951491,valid,test,1.0,1,9.0,5777.0,5777.0,5777.0,predictions/beijing_48h_1h_station1013_seed2048_informer_d16_e1.npz,checkpoints/beijing_48h_1h_station1013_seed2048_informer_d16_e1.pt,training_logs/beijing_48h_1h_station1013_seed2048_informer_d16_e1.csv,0.1039284616708755,0.3223793753807392,0.1777645498514175,24.011011123657227,13.240010261535645,21.785301208496094,False,,,20.553361892700195,10.137685775756836,16.82279156571978,False,informer_d16_e1,,
beijing_48h_1h_station1013_seed2049_informer_d16_e1,beijing,48,1,1013,2049,informer,informer_d16_e1,informer_d16_e1,16.0,1.0,,matched,completed,36.0,0.1786957681179046,11.930925533990376,0.0153419000125722,valid,test,1.0,1,9.0,5777.0,5777.0,5777.0,predictions/beijing_48h_1h_station1013_seed2049_informer_d16_e1.npz,checkpoints/beijing_48h_1h_station1013_seed2049_informer_d16_e1.pt,training_logs/beijing_48h_1h_station1013_seed2049_informer_d16_e1.csv,0.1089974716305732,0.3301476512570902,0.1876023560762405,24.58959579467773,13.972737312316896,23.24227523803711,False,,,20.929391860961918,10.169209480285645,17.488343464689613,False,informer_d16_e1,,
beijing_48h_3h_station1013_seed2047_informer_d16_e1,beijing,48,3,1013,2047,informer,informer_d16_e1,informer_d16_e1,16.0,1.0,,matched,completed,37.0,0.3313002288341522,13.14457477799442,0.1261494950013002,valid,test,1.0,1,9.0,5777.0,5777.0,5777.0,predictions/beijing_48h_3h_station1013_seed2047_informer_d16_e1.npz,checkpoints/beijing_48h_3h_station1013_seed2047_informer_d16_e1.pt,training_logs/beijing_48h_3h_station1013_seed2047_informer_d16_e1.csv,0.2179941833019256,0.4668984721563411,0.2597968876361847,34.77220916748047,19.34834289550781,28.793880462646484,False,,,31.18783187866211,16.69637680053711,11.492871010603002,False,informer_d16_e1,,
beijing_48h_3h_station1013_seed2048_informer_d16_e1,beijing,48,3,1013,2048,informer,informer_d16_e1,informer_d16_e1,16.0,1.0,,matched,completed,40.0,0.3426460027694702,12.165951009999844,0.0156147509987931,valid,test,1.0,1,9.0,5777.0,5777.0,5777.0,predictions/beijing_48h_3h_station1013_seed2048_informer_d16_e1.npz,checkpoints/beijing_48h_3h_station1013_seed2048_informer_d16_e1.pt,training_logs/beijing_48h_3h_station1013_seed2048_informer_d16_e1.csv,0.1946662962436676,0.44121003642672,0.255468338727951,32.859066009521484,19.025978088378903,31.982608795166016,False,,,31.051353454589844,16.6970157623291,5.821686831059644,False,informer_d16_e1,,
beijing_48h_3h_station1013_seed2049_informer_d16_e1,beijing,48,3,1013,2049,informer,informer_d16_e1,informer_d16_e1,16.0,1.0,,matched,completed,39.0,0.3804621994495392,12.16818210099882,0.0154916209867224,valid,test,1.0,1,9.0,5777.0,5777.0,5777.0,predictions/beijing_48h_3h_station1013_seed2049_informer_d16_e1.npz,checkpoints/beijing_48h_3h_station1013_seed2049_informer_d16_e1.pt,training_logs/beijing_48h_3h_station1013_seed2049_informer_d16_e1.csv,0.2353564649820327,0.4851355119778728,0.2803270518779754,36.130409240722656,20.877321243286133,31.19709205627441,False,,,31.17669677734375,16.931669235229492,15.889151114234759,False,informer_d16_e1,,
beijing_48h_6h_station1013_seed2047_informer_d16_e1,beijing,48,6,1013,2047,informer,informer_d16_e1,informer_d16_e1,16.0,1.0,,matched,completed,30.0,0.5318321585655212,12.844063894997817,0.0160070299898507,valid,test,1.0,1,9.0,5777.0,5777.0,5777.0,predictions/beijing_48h_6h_station1013_seed2047_informer_d16_e1.npz,checkpoints/beijing_48h_6h_station1013_seed2047_informer_d16_e1.pt,training_logs/beijing_48h_6h_station1013_seed2047_informer_d16_e1.csv,0.3320340514183044,0.5762239594274994,0.3357039391994476,42.91421127319336,25.001510620117188,36.58684539794922,False,,,41.811302185058594,24.404136657714844,2.637825254169897,False,informer_d16_e1,,
beijing_48h_6h_station1013_seed2048_informer_d16_e1,beijing,48,6,1013,2048,informer,informer_d16_e1,informer_d16_e1,16.0,1.0,,matched,completed,40.0,0.7207019925117493,12.565405647008449,0.016148102004081,valid,test,1.0,1,9.0,5777.0,5777.0,5777.0,predictions/beijing_48h_6h_station1013_seed2048_informer_d16_e1.npz,checkpoints/beijing_48h_6h_station1013_seed2048_informer_d16_e1.pt,training_logs/beijing_48h_6h_station1013_seed2048_informer_d16_e1.csv,0.3672192692756653,0.6059861956147725,0.3932515978813171,45.13075256347656,29.28736686706543,42.59078598022461,False,,,41.650672912597656,23.962068557739254,8.35539838259449,False,informer_d16_e1,,
beijing_48h_6h_station1013_seed2049_informer_d16_e1,beijing,48,6,1013,2049,informer,informer_d16_e1,informer_d16_e1,16.0,1.0,,matched,completed,39.0,0.5669576525688171,12.582019634006429,0.0161510589969111,valid,test,1.0,1,9.0,5777.0,5777.0,5777.0,predictions/beijing_48h_6h_station1013_seed2049_informer_d16_e1.npz,checkpoints/beijing_48h_6h_station1013_seed2049_informer_d16_e1.pt,training_logs/beijing_48h_6h_station1013_seed2049_informer_d16_e1.csv,0.336519181728363,0.5801027337708063,0.3566265404224396,43.20308303833008,26.559722900390625,38.42726516723633,False,,,42.05476379394531,24.104082107543945,2.7305330972994097,False,informer_d16_e1,,
beijing_48h_12h_station1013_seed2047_informer_d16_e1,beijing,48,12,1013,2047,informer,informer_d16_e1,informer_d16_e1,16.0,1.0,,matched,completed,38.0,0.8498561382293701,13.93093147900072,0.2452043230005074,valid,test,1.0,1,9.0,5777.0,5777.0,5777.0,predictions/beijing_48h_12h_station1013_seed2047_informer_d16_e1.npz,checkpoints/beijing_48h_12h_station1013_seed2047_informer_d16_e1.pt,training_logs/beijing_48h_12h_station1013_seed2047_informer_d16_e1.csv,0.4942900240421295,0.7030576249797235,0.4475118815898895,52.351558685302734,33.322933197021484,45.4170150756836,False,,,57.32188415527344,35.63805389404297,-8.670903867198595,True,informer_d16_e1,,
beijing_48h_12h_station1013_seed2048_informer_d16_e1,beijing,48,12,1013,2048,informer,informer_d16_e1,informer_d16_e1,16.0,1.0,,matched,completed,23.0,1.0242173671722412,10.338745757006109,0.0171012150094611,valid,test,1.0,1,9.0,5777.0,5777.0,5777.0,predictions/beijing_48h_12h_station1013_seed2048_informer_d16_e1.npz,checkpoints/beijing_48h_12h_station1013_seed2048_informer_d16_e1.pt,training_logs/beijing_48h_12h_station1013_seed2048_informer_d16_e1.csv,0.5926873087882996,0.7698618764351821,0.5255481004714966,57.32598114013672,39.13372421264648,51.15944290161133,False,,,52.859134674072266,33.03700637817383,8.45047217213616,False,informer_d16_e1,,
beijing_48h_12h_station1013_seed2049_informer_d16_e1,beijing,48,12,1013,2049,informer,informer_d16_e1,informer_d16_e1,16.0,1.0,,matched,completed,34.0,0.8458065986633301,13.340310500003396,0.017109442007495,valid,test,1.0,1,9.0,5777.0,5777.0,5777.0,predictions/beijing_48h_12h_station1013_seed2049_informer_d16_e1.npz,checkpoints/beijing_48h_12h_station1013_seed2049_informer_d16_e1.pt,training_logs/beijing_48h_12h_station1013_seed2049_informer_d16_e1.csv,0.5273027420043945,0.7261561416144564,0.4743439555168152,54.071533203125,35.3209228515625,46.93536376953125,False,,,55.133583068847656,34.52684020996094,-1.9263211396879998,True,informer_d16_e1,,
beijing_48h_24h_station1013_seed2047_informer_d16_e1,beijing,48,24,1013,2047,informer,informer_d16_e1,informer_d16_e1,16.0,1.0,,matched,completed,32.0,1.2223984003067017,15.625908890986466,0.0187764059955952,valid,test,1.0,1,9.0,5777.0,5777.0,5777.0,predictions/beijing_48h_24h_station1013_seed2047_informer_d16_e1.npz,checkpoints/beijing_48h_24h_station1013_seed2047_informer_d16_e1.pt,training_logs/beijing_48h_24h_station1013_seed2047_informer_d16_e1.csv,0.7107092142105103,0.8430357134846128,0.6023694276809692,62.75511932373047,44.84005355834961,57.819862365722656,False,,,69.85392761230469,46.93188095092773,-10.16236098845181,True,informer_d16_e1,,
beijing_48h_24h_station1013_seed2048_informer_d16_e1,beijing,48,24,1013,2048,informer,informer_d16_e1,informer_d16_e1,16.0,1.0,,matched,completed,35.0,1.2706396579742432,15.307233912011723,0.0188532030006172,valid,test,1.0,1,9.0,5777.0,5777.0,5777.0,predictions/beijing_48h_24h_station1013_seed2048_informer_d16_e1.npz,checkpoints/beijing_48h_24h_station1013_seed2048_informer_d16_e1.pt,training_logs/beijing_48h_24h_station1013_seed2048_informer_d16_e1.csv,0.7218287587165833,0.849605060434896,0.6149274110794067,63.244136810302734,45.77486038208008,58.837646484375,False,,,68.12368774414062,45.795066833496094,-7.162781545480243,True,informer_d16_e1,,
beijing_48h_24h_station1013_seed2049_informer_d16_e1,beijing,48,24,1013,2049,informer,informer_d16_e1,informer_d16_e1,16.0,1.0,,matched,completed,40.0,1.2225688695907593,15.304330501996446,0.0188236260000849,valid,test,1.0,1,9.0,5777.0,5777.0,5777.0,predictions/beijing_48h_24h_station1013_seed2049_informer_d16_e1.npz,checkpoints/beijing_48h_24h_station1013_seed2049_informer_d16_e1.pt,training_logs/beijing_48h_24h_station1013_seed2049_informer_d16_e1.csv,0.678772509098053,0.8238765132579354,0.5798481106758118,61.328914642333984,43.16357421875,55.97011566162109,False,,,70.52690887451172,47.815460205078125,-13.041822446158378,True,informer_d16_e1,,
beijing_72h_1h_station1013_seed2047_informer_d16_e1,beijing,72,1,1013,2047,informer,informer_d16_e1,informer_d16_e1,16.0,1.0,,matched,completed,30.0,0.6757655143737793,13.739234168009716,0.2413444830017397,valid,test,1.0,1,9.0,5777.0,5777.0,5777.0,predictions/beijing_72h_1h_station1013_seed2047_informer_d16_e1.npz,checkpoints/beijing_72h_1h_station1013_seed2047_informer_d16_e1.pt,training_logs/beijing_72h_1h_station1013_seed2047_informer_d16_e1.csv,0.273386538028717,0.5228637853482655,0.3566930294036865,38.92169570922852,26.55203628540039,43.41396331787109,True,beijing_72h_1h_station1013_seed2047_informer_d16_e1 出现非有限训练损失,,21.06454849243164,10.74881076812744,84.77346297364429,False,informer_d16_e1,,
beijing_72h_1h_station1013_seed2048_informer_d16_e1,beijing,72,1,1013,2048,informer,informer_d16_e1,informer_d16_e1,16.0,1.0,,matched,completed,30.0,0.2296886444091797,12.692398234998109,0.0194790480018127,valid,test,1.0,1,9.0,5777.0,5777.0,5777.0,predictions/beijing_72h_1h_station1013_seed2048_informer_d16_e1.npz,checkpoints/beijing_72h_1h_station1013_seed2048_informer_d16_e1.pt,training_logs/beijing_72h_1h_station1013_seed2048_informer_d16_e1.csv,0.1015200912952423,0.3186221764021492,0.1862476766109466,23.718061447143555,13.864174842834473,23.696548461914062,False,,,20.968732833862305,10.600374221801758,13.111562987923488,False,informer_d16_e1,,
beijing_72h_1h_station1013_seed2049_informer_d16_e1,beijing,72,1,1013,2049,informer,informer_d16_e1,informer_d16_e1,16.0,1.0,,matched,completed,7.0,0.3640299439430237,5.542040891989018,0.0195896119985263,valid,test,1.0,1,9.0,5777.0,5777.0,5777.0,predictions/beijing_72h_1h_station1013_seed2049_informer_d16_e1.npz,checkpoints/beijing_72h_1h_station1013_seed2049_informer_d16_e1.pt,training_logs/beijing_72h_1h_station1013_seed2049_informer_d16_e1.csv,0.1940967440605163,0.4405641202600551,0.2994963526725769,32.795352935791016,22.29434394836425,40.47786712646485,False,,,21.28269386291504,10.951455116271973,54.0939936787641,False,informer_d16_e1,,
beijing_72h_3h_station1013_seed2047_informer_d16_e1,beijing,72,3,1013,2047,informer,informer_d16_e1,informer_d16_e1,16.0,1.0,,matched,completed,30.0,1.3957140445709229,13.919536702000189,0.1320481330039911,valid,test,1.0,1,9.0,5777.0,5777.0,5777.0,predictions/beijing_72h_3h_station1013_seed2047_informer_d16_e1.npz,checkpoints/beijing_72h_3h_station1013_seed2047_informer_d16_e1.pt,training_logs/beijing_72h_3h_station1013_seed2047_informer_d16_e1.csv,0.6453666090965271,0.8033471286414903,0.5778236389160156,59.79670715332031,43.00999069213867,57.2212028503418,True,beijing_72h_3h_station1013_seed2047_informer_d16_e1 出现非有限训练损失,,31.00885581970215,17.128154754638672,92.83751551815459,False,informer_d16_e1,,
beijing_72h_3h_station1013_seed2048_informer_d16_e1,beijing,72,3,1013,2048,informer,informer_d16_e1,informer_d16_e1,16.0,1.0,,matched,completed,30.0,0.5328187942504883,12.90716877298837,0.0198990229982882,valid,test,1.0,1,9.0,5777.0,5777.0,5777.0,predictions/beijing_72h_3h_station1013_seed2048_informer_d16_e1.npz,checkpoints/beijing_72h_3h_station1013_seed2048_informer_d16_e1.pt,training_logs/beijing_72h_3h_station1013_seed2048_informer_d16_e1.csv,0.286443293094635,0.5352039733546782,0.3474811315536499,39.83761596679688,25.86456871032715,42.050899505615234,False,,,31.21354103088379,16.76036262512207,27.62927451063667,False,informer_d16_e1,,
beijing_72h_3h_station1013_seed2049_informer_d16_e1,beijing,72,3,1013,2049,informer,informer_d16_e1,informer_d16_e1,16.0,1.0,,matched,completed,30.0,0.4521043300628662,12.928917950004688,0.0197952470043674,valid,test,1.0,1,9.0,5777.0,5777.0,5777.0,predictions/beijing_72h_3h_station1013_seed2049_informer_d16_e1.npz,checkpoints/beijing_72h_3h_station1013_seed2049_informer_d16_e1.pt,training_logs/beijing_72h_3h_station1013_seed2049_informer_d16_e1.csv,0.2497079521417617,0.4997078667999552,0.2908399701118469,37.19548416137695,21.648515701293945,31.408279418945312,False,,,31.59510612487793,17.138343811035156,17.72546043796731,False,informer_d16_e1,,
beijing_72h_6h_station1013_seed2047_informer_d16_e1,beijing,72,6,1013,2047,informer,informer_d16_e1,informer_d16_e1,16.0,1.0,,matched,completed,30.0,0.6297848224639893,15.062762472996836,0.2443583009880967,valid,test,1.0,1,9.0,5777.0,5777.0,5777.0,predictions/beijing_72h_6h_station1013_seed2047_informer_d16_e1.npz,checkpoints/beijing_72h_6h_station1013_seed2047_informer_d16_e1.pt,training_logs/beijing_72h_6h_station1013_seed2047_informer_d16_e1.csv,0.3547413349151611,0.595601657918412,0.3648454248905182,44.330345153808594,27.15526962280273,38.89961242675781,False,,,41.74861526489258,24.63315200805664,6.183989271344899,False,informer_d16_e1,,
beijing_72h_6h_station1013_seed2048_informer_d16_e1,beijing,72,6,1013,2048,informer,informer_d16_e1,informer_d16_e1,16.0,1.0,,matched,completed,21.0,0.7449418306350708,11.912998461993991,0.0201363600062904,valid,test,1.0,1,9.0,5777.0,5777.0,5777.0,predictions/beijing_72h_6h_station1013_seed2048_informer_d16_e1.npz,checkpoints/beijing_72h_6h_station1013_seed2048_informer_d16_e1.pt,training_logs/beijing_72h_6h_station1013_seed2048_informer_d16_e1.csv,0.4107145667076111,0.6408701636896595,0.4332513213157654,47.69966125488281,32.24668884277344,46.83497619628906,False,,,41.156280517578125,24.216215133666992,15.89886319904435,False,informer_d16_e1,,
beijing_72h_6h_station1013_seed2049_informer_d16_e1,beijing,72,6,1013,2049,informer,informer_d16_e1,informer_d16_e1,16.0,1.0,,matched,completed,26.0,0.5908593535423279,13.22131357798935,0.0201263539929641,valid,test,1.0,1,9.0,5777.0,5777.0,5777.0,predictions/beijing_72h_6h_station1013_seed2049_informer_d16_e1.npz,checkpoints/beijing_72h_6h_station1013_seed2049_informer_d16_e1.pt,training_logs/beijing_72h_6h_station1013_seed2049_informer_d16_e1.csv,0.3657642006874084,0.6047844249709218,0.3634691834449768,45.013816833496094,27.052839279174805,37.7176513671875,False,,,41.276737213134766,24.22653007507324,9.053718565652867,False,informer_d16_e1,,
beijing_72h_12h_station1013_seed2047_informer_d16_e1,beijing,72,12,1013,2047,informer,informer_d16_e1,informer_d16_e1,16.0,1.0,,matched,completed,19.0,0.9088571667671204,13.858475165005077,0.2469400639965897,valid,test,1.0,1,9.0,5777.0,5777.0,5777.0,predictions/beijing_72h_12h_station1013_seed2047_informer_d16_e1.npz,checkpoints/beijing_72h_12h_station1013_seed2047_informer_d16_e1.pt,training_logs/beijing_72h_12h_station1013_seed2047_informer_d16_e1.csv,0.5344205498695374,0.731040730650172,0.4924125671386719,54.40937042236328,36.648921966552734,49.76695251464844,False,,,56.09211349487305,35.244869232177734,-2.999963751880329,True,informer_d16_e1,,
beijing_72h_12h_station1013_seed2048_informer_d16_e1,beijing,72,12,1013,2048,informer,informer_d16_e1,informer_d16_e1,16.0,1.0,,matched,completed,28.0,0.9123474359512328,14.431664612988245,0.0209957199986092,valid,test,1.0,1,9.0,5777.0,5777.0,5777.0,predictions/beijing_72h_12h_station1013_seed2048_informer_d16_e1.npz,checkpoints/beijing_72h_12h_station1013_seed2048_informer_d16_e1.pt,training_logs/beijing_72h_12h_station1013_seed2048_informer_d16_e1.csv,0.5687540173530579,0.7541578199243564,0.5155931711196899,56.129913330078125,38.37419128417969,51.42325210571289,False,,,55.03749084472656,34.67401123046875,1.9848697107823063,False,informer_d16_e1,,
beijing_72h_12h_station1013_seed2049_informer_d16_e1,beijing,72,12,1013,2049,informer,informer_d16_e1,informer_d16_e1,16.0,1.0,,matched,completed,20.0,0.893144428730011,12.52118892299768,0.0211014300002716,valid,test,1.0,1,9.0,5777.0,5777.0,5777.0,predictions/beijing_72h_12h_station1013_seed2049_informer_d16_e1.npz,checkpoints/beijing_72h_12h_station1013_seed2049_informer_d16_e1.pt,training_logs/beijing_72h_12h_station1013_seed2049_informer_d16_e1.csv,0.5321505069732666,0.7294864679850248,0.4742857217788696,54.2936897277832,35.29979705810547,48.09581756591797,False,,,54.70387268066406,35.244651794433594,-0.7498243410943096,True,informer_d16_e1,,
beijing_72h_24h_station1013_seed2047_informer_d16_e1,beijing,72,24,1013,2047,informer,informer_d16_e1,informer_d16_e1,16.0,1.0,,matched,completed,30.0,1.47752845287323,17.838846485014074,0.2488391789956949,valid,test,1.0,1,9.0,5777.0,5777.0,5777.0,predictions/beijing_72h_24h_station1013_seed2047_informer_d16_e1.npz,checkpoints/beijing_72h_24h_station1013_seed2047_informer_d16_e1.pt,training_logs/beijing_72h_24h_station1013_seed2047_informer_d16_e1.csv,0.7823162078857422,0.8844864091017691,0.6687329411506653,65.81539154052734,49.760986328125,64.12679290771484,False,,,65.6296157836914,44.675662994384766,0.2830669578323232,False,informer_d16_e1,,
beijing_72h_24h_station1013_seed2048_informer_d16_e1,beijing,72,24,1013,2048,informer,informer_d16_e1,informer_d16_e1,16.0,1.0,,matched,completed,30.0,1.360856056213379,15.852051622001454,0.0230921269976533,valid,test,1.0,1,9.0,5777.0,5777.0,5777.0,predictions/beijing_72h_24h_station1013_seed2048_informer_d16_e1.npz,checkpoints/beijing_72h_24h_station1013_seed2048_informer_d16_e1.pt,training_logs/beijing_72h_24h_station1013_seed2048_informer_d16_e1.csv,0.7547681331634521,0.8687739252322506,0.6330615282058716,64.64620208740234,47.10664749145508,60.707366943359375,False,,,64.7675552368164,43.77329254150391,-0.1873671917526395,True,informer_d16_e1,,
beijing_72h_24h_station1013_seed2049_informer_d16_e1,beijing,72,24,1013,2049,informer,informer_d16_e1,informer_d16_e1,16.0,1.0,,matched,completed,29.0,1.4054338932037354,15.817703823006012,0.0230399179999949,valid,test,1.0,1,9.0,5777.0,5777.0,5777.0,predictions/beijing_72h_24h_station1013_seed2049_informer_d16_e1.npz,checkpoints/beijing_72h_24h_station1013_seed2049_informer_d16_e1.pt,training_logs/beijing_72h_24h_station1013_seed2049_informer_d16_e1.csv,0.813751757144928,0.90208190157265,0.656049907207489,67.12468719482422,48.81722640991211,64.36515045166016,False,,,68.50748443603516,46.28374862670898,-2.0184615631333584,True,informer_d16_e1,,
beijing_168h_1h_station1013_seed2047_informer_d16_e1,beijing,168,1,1013,2047,informer,informer_d16_e1,informer_d16_e1,16.0,1.0,,matched,completed,30.0,0.7689476013183594,23.40951826299716,0.2524127290089382,valid,test,1.0,1,9.0,5777.0,5777.0,5777.0,predictions/beijing_168h_1h_station1013_seed2047_informer_d16_e1.npz,checkpoints/beijing_168h_1h_station1013_seed2047_informer_d16_e1.pt,training_logs/beijing_168h_1h_station1013_seed2047_informer_d16_e1.csv,0.3420387506484985,0.5848407908555101,0.426756352186203,43.47222518920898,31.72153663635254,49.148712158203125,True,beijing_168h_1h_station1013_seed2047_informer_d16_e1 出现非有限训练损失,,21.871671676635746,11.994721412658691,98.76041407318613,False,informer_d16_e1,,
beijing_168h_1h_station1013_seed2048_informer_d16_e1,beijing,168,1,1013,2048,informer,informer_d16_e1,informer_d16_e1,16.0,1.0,,matched,completed,24.0,0.2781735956668854,23.39956869301386,0.0360415510076563,valid,test,1.0,1,9.0,5777.0,5777.0,5777.0,predictions/beijing_168h_1h_station1013_seed2048_informer_d16_e1.npz,checkpoints/beijing_168h_1h_station1013_seed2048_informer_d16_e1.pt,training_logs/beijing_168h_1h_station1013_seed2048_informer_d16_e1.csv,0.1293398290872573,0.3596384699768051,0.2115860879421234,26.73254776000977,15.727559089660645,26.09328269958496,False,,,21.76912498474121,11.43486213684082,22.800286087509743,False,informer_d16_e1,,
beijing_168h_1h_station1013_seed2049_informer_d16_e1,beijing,168,1,1013,2049,informer,informer_d16_e1,informer_d16_e1,16.0,1.0,,matched,completed,8.0,0.6042717099189758,10.964747896010522,0.0358280890068272,valid,test,1.0,1,9.0,5777.0,5777.0,5777.0,predictions/beijing_168h_1h_station1013_seed2049_informer_d16_e1.npz,checkpoints/beijing_168h_1h_station1013_seed2049_informer_d16_e1.pt,training_logs/beijing_168h_1h_station1013_seed2049_informer_d16_e1.csv,0.263187438249588,0.5130179706887352,0.3653165698051452,38.13351058959961,27.154613494873047,46.64683532714844,False,,,22.61062812805176,12.07103443145752,68.65303508437017,False,informer_d16_e1,,
beijing_168h_3h_station1013_seed2047_informer_d16_e1,beijing,168,3,1013,2047,informer,informer_d16_e1,informer_d16_e1,16.0,1.0,,matched,completed,30.0,1.542112112045288,23.752825625997502,0.1469893390021752,valid,test,1.0,1,9.0,5777.0,5777.0,5777.0,predictions/beijing_168h_3h_station1013_seed2047_informer_d16_e1.npz,checkpoints/beijing_168h_3h_station1013_seed2047_informer_d16_e1.pt,training_logs/beijing_168h_3h_station1013_seed2047_informer_d16_e1.csv,0.7408753037452698,0.8607411363152512,0.6472059488296509,63.979434967041016,48.10723114013672,62.660736083984375,True,beijing_168h_3h_station1013_seed2047_informer_d16_e1 出现非有限训练损失,,31.7686710357666,18.36850929260254,101.39160021837263,False,informer_d16_e1,,
beijing_168h_3h_station1013_seed2048_informer_d16_e1,beijing,168,3,1013,2048,informer,informer_d16_e1,informer_d16_e1,16.0,1.0,,matched,completed,30.0,1.00633704662323,23.719914175002486,0.0363438970089191,valid,test,1.0,1,9.0,5777.0,5777.0,5777.0,predictions/beijing_168h_3h_station1013_seed2048_informer_d16_e1.npz,checkpoints/beijing_168h_3h_station1013_seed2048_informer_d16_e1.pt,training_logs/beijing_168h_3h_station1013_seed2048_informer_d16_e1.csv,0.5147221684455872,0.7174414041896294,0.5115656852722168,53.32787704467773,38.02500915527344,53.76095199584961,False,,,31.73417854309082,18.07464408874512,68.04555685052794,False,informer_d16_e1,,
beijing_168h_3h_station1013_seed2049_informer_d16_e1,beijing,168,3,1013,2049,informer,informer_d16_e1,informer_d16_e1,16.0,1.0,,matched,completed,30.0,0.7819305658340454,23.74609334699926,0.0368097769969608,valid,test,1.0,1,9.0,5777.0,5777.0,5777.0,predictions/beijing_168h_3h_station1013_seed2049_informer_d16_e1.npz,checkpoints/beijing_168h_3h_station1013_seed2049_informer_d16_e1.pt,training_logs/beijing_168h_3h_station1013_seed2049_informer_d16_e1.csv,0.4526143372058868,0.672766183161644,0.4357704222202301,50.007137298583984,32.39109420776367,45.72350692749024,False,,,32.07843780517578,18.52771759033203,55.89018892470957,False,informer_d16_e1,,
beijing_168h_6h_station1013_seed2047_informer_d16_e1,beijing,168,6,1013,2047,informer,informer_d16_e1,informer_d16_e1,16.0,1.0,,matched,completed,2.0,1.7938385009765625,7.376056797002093,0.2559005150105804,valid,test,1.0,1,9.0,5777.0,5777.0,5777.0,predictions/beijing_168h_6h_station1013_seed2047_informer_d16_e1.npz,checkpoints/beijing_168h_6h_station1013_seed2047_informer_d16_e1.pt,training_logs/beijing_168h_6h_station1013_seed2047_informer_d16_e1.csv,0.941565990447998,0.9703432333190138,0.7533653974533081,72.12622833251953,55.99813079833984,68.71488952636719,False,,,42.01683807373047,25.93600273132324,71.66029534624569,False,informer_d16_e1,,
beijing_168h_6h_station1013_seed2048_informer_d16_e1,beijing,168,6,1013,2048,informer,informer_d16_e1,informer_d16_e1,16.0,1.0,,matched,completed,28.0,1.1055104732513428,24.028767331998097,0.036636899007135,valid,test,1.0,1,9.0,5777.0,5777.0,5777.0,predictions/beijing_168h_6h_station1013_seed2048_informer_d16_e1.npz,checkpoints/beijing_168h_6h_station1013_seed2048_informer_d16_e1.pt,training_logs/beijing_168h_6h_station1013_seed2048_informer_d16_e1.csv,0.4731255769729614,0.6878412440185319,0.4876393973827362,51.12767791748047,36.246543884277344,51.45003890991211,False,,,42.51594543457031,26.329206466674805,20.255300440544445,False,informer_d16_e1,,
beijing_168h_6h_station1013_seed2049_informer_d16_e1,beijing,168,6,1013,2049,informer,informer_d16_e1,informer_d16_e1,16.0,1.0,,matched,completed,29.0,0.871284008026123,24.037458769002114,0.0366893960017478,valid,test,1.0,1,9.0,5777.0,5777.0,5777.0,predictions/beijing_168h_6h_station1013_seed2049_informer_d16_e1.npz,checkpoints/beijing_168h_6h_station1013_seed2049_informer_d16_e1.pt,training_logs/beijing_168h_6h_station1013_seed2049_informer_d16_e1.csv,0.5279536247253418,0.7266041733470444,0.4641919434070587,54.00894927978516,34.503684997558594,44.72311401367188,False,,,42.00048828125,26.010665893554688,28.591241411581446,False,informer_d16_e1,,
beijing_168h_6h_station1013_seed2050_informer_d16_e1,beijing,168,6,1013,2050,informer,informer_d16_e1,informer_d16_e1,16.0,1.0,,matched,completed,29.0,0.8021346926689148,24.02338814899849,0.036799471010454,valid,test,1.0,1,9.0,5777.0,5777.0,5777.0,predictions/beijing_168h_6h_station1013_seed2050_informer_d16_e1.npz,checkpoints/beijing_168h_6h_station1013_seed2050_informer_d16_e1.pt,training_logs/beijing_168h_6h_station1013_seed2050_informer_d16_e1.csv,0.6845424771308899,0.8273708220205073,0.5458926558494568,61.499000549316406,40.5765495300293,49.40160751342773,False,,,42.20603942871094,26.009906768798828,45.71137539022746,False,informer_d16_e1,,
beijing_168h_6h_station1013_seed2051_informer_d16_e1,beijing,168,6,1013,2051,informer,informer_d16_e1,informer_d16_e1,16.0,1.0,,matched,completed,30.0,0.6731507182121277,23.981752751002205,0.0386362709978129,valid,test,1.0,1,9.0,5777.0,5777.0,5777.0,predictions/beijing_168h_6h_station1013_seed2051_informer_d16_e1.npz,checkpoints/beijing_168h_6h_station1013_seed2051_informer_d16_e1.pt,training_logs/beijing_168h_6h_station1013_seed2051_informer_d16_e1.csv,0.4243777096271515,0.6514427907553751,0.429765373468399,48.42216110229492,31.944730758666992,44.56037139892578,False,,,41.76411056518555,25.687108993530277,15.942038384170711,False,informer_d16_e1,,
beijing_168h_12h_station1013_seed2047_informer_d16_e1,beijing,168,12,1013,2047,informer,informer_d16_e1,informer_d16_e1,16.0,1.0,,matched,completed,2.0,1.908508777618408,7.944844284997089,0.2708442599978298,valid,test,1.0,1,9.0,5777.0,5777.0,5777.0,predictions/beijing_168h_12h_station1013_seed2047_informer_d16_e1.npz,checkpoints/beijing_168h_12h_station1013_seed2047_informer_d16_e1.pt,training_logs/beijing_168h_12h_station1013_seed2047_informer_d16_e1.csv,1.0173465013504028,1.0086359607660254,0.7765486240386963,74.9817123413086,57.72840118408203,71.58878326416016,False,,,54.23294448852539,36.208377838134766,38.25860470691063,False,informer_d16_e1,,
beijing_168h_12h_station1013_seed2048_informer_d16_e1,beijing,168,12,1013,2048,informer,informer_d16_e1,informer_d16_e1,16.0,1.0,,matched,completed,17.0,1.5264965295791626,19.05658289699932,0.0378982609981903,valid,test,1.0,1,9.0,5777.0,5777.0,5777.0,predictions/beijing_168h_12h_station1013_seed2048_informer_d16_e1.npz,checkpoints/beijing_168h_12h_station1013_seed2048_informer_d16_e1.pt,training_logs/beijing_168h_12h_station1013_seed2048_informer_d16_e1.csv,0.7457150220870972,0.8635479269195759,0.6410824656486511,64.19591522216797,47.65789413452149,63.28750991821289,False,,,55.16896057128906,36.87693405151367,16.3623794202436,False,informer_d16_e1,,
beijing_168h_12h_station1013_seed2049_informer_d16_e1,beijing,168,12,1013,2049,informer,informer_d16_e1,informer_d16_e1,16.0,1.0,,matched,completed,28.0,1.025539517402649,24.84350927099877,0.0381926429981831,valid,test,1.0,1,9.0,5777.0,5777.0,5777.0,predictions/beijing_168h_12h_station1013_seed2049_informer_d16_e1.npz,checkpoints/beijing_168h_12h_station1013_seed2049_informer_d16_e1.pt,training_logs/beijing_168h_12h_station1013_seed2049_informer_d16_e1.csv,0.5876692533493042,0.7665958865982155,0.5405594110488892,56.988525390625,40.185035705566406,54.24350357055664,False,,,58.07843780517578,38.81656646728516,-1.8766214377302886,True,informer_d16_e1,,
beijing_168h_24h_station1013_seed2047_informer_d16_e1,beijing,168,24,1013,2047,informer,informer_d16_e1,informer_d16_e1,16.0,1.0,,matched,completed,20.0,1.9818400144577024,22.534100140997907,0.2585003929998493,valid,test,1.0,1,9.0,5777.0,5777.0,5777.0,predictions/beijing_168h_24h_station1013_seed2047_informer_d16_e1.npz,checkpoints/beijing_168h_24h_station1013_seed2047_informer_d16_e1.pt,training_logs/beijing_168h_24h_station1013_seed2047_informer_d16_e1.csv,1.017630934715271,1.008776949932576,0.7801764607429504,75.03407287597656,58.03049087524414,72.55087280273438,True,beijing_168h_24h_station1013_seed2047_informer_d16_e1 出现非有限训练损失,,67.65840148925781,47.55368041992188,10.901338524661703,False,informer_d16_e1,,
beijing_168h_24h_station1013_seed2048_informer_d16_e1,beijing,168,24,1013,2048,informer,informer_d16_e1,informer_d16_e1,16.0,1.0,,matched,completed,14.0,1.709505558013916,17.35640926499036,0.0407547619979595,valid,test,1.0,1,9.0,5777.0,5777.0,5777.0,predictions/beijing_168h_24h_station1013_seed2048_informer_d16_e1.npz,checkpoints/beijing_168h_24h_station1013_seed2048_informer_d16_e1.pt,training_logs/beijing_168h_24h_station1013_seed2048_informer_d16_e1.csv,0.8906458616256714,0.9437403571034098,0.7202236652374268,70.19657897949219,53.57112503051758,68.44625854492188,False,,,72.7971420288086,50.40897750854492,-3.5723422332806205,True,informer_d16_e1,,
beijing_168h_24h_station1013_seed2049_informer_d16_e1,beijing,168,24,1013,2049,informer,informer_d16_e1,informer_d16_e1,16.0,1.0,,matched,completed,27.0,1.6361457109451294,26.00916686501296,0.0403837630001362,valid,test,1.0,1,9.0,5777.0,5777.0,5777.0,predictions/beijing_168h_24h_station1013_seed2049_informer_d16_e1.npz,checkpoints/beijing_168h_24h_station1013_seed2049_informer_d16_e1.pt,training_logs/beijing_168h_24h_station1013_seed2049_informer_d16_e1.csv,0.9941049218177797,0.9970481040640816,0.7380038499832153,74.16166687011719,54.893646240234375,68.47914123535156,False,,,66.645751953125,46.83631896972656,11.27741033258725,False,informer_d16_e1,,
beijing_24h_1h_station1013_seed2047_informer_d32_e1,beijing,24,1,1013,2047,informer,informer_d32_e1,informer_d32_e1,32.0,1.0,,matched,completed,16.0,0.1542088240385055,4.9610807330027455,0.0903135319967987,valid,test,1.0,1,9.0,21793.0,21793.0,21793.0,predictions/beijing_24h_1h_station1013_seed2047_informer_d32_e1.npz,checkpoints/beijing_24h_1h_station1013_seed2047_informer_d32_e1.pt,training_logs/beijing_24h_1h_station1013_seed2047_informer_d32_e1.csv,0.0872090458869934,0.2953117774268297,0.1497727632522583,22.006547927856445,11.161023139953612,17.183122634887695,False,,,20.988380432128903,10.146111488342283,4.851100822286112,False,informer_d32_e1,,
beijing_24h_1h_station1013_seed2048_informer_d32_e1,beijing,24,1,1013,2048,informer,informer_d32_e1,informer_d32_e1,32.0,1.0,,matched,completed,39.0,0.1423952430486679,8.200121336994926,0.0127873489982448,valid,test,1.0,1,9.0,21793.0,21793.0,21793.0,predictions/beijing_24h_1h_station1013_seed2048_informer_d32_e1.npz,checkpoints/beijing_24h_1h_station1013_seed2048_informer_d32_e1.pt,training_logs/beijing_24h_1h_station1013_seed2048_informer_d32_e1.csv,0.0789160653948783,0.2809200338083391,0.1431366801261901,20.934080123901367,10.666504859924316,17.228416442871094,False,,,20.778905868530277,10.011322021484377,0.7467874215942338,False,informer_d32_e1,,
beijing_24h_1h_station1013_seed2049_informer_d32_e1,beijing,24,1,1013,2049,informer,informer_d32_e1,informer_d32_e1,32.0,1.0,,matched,completed,38.0,0.1373179256916046,8.242056693008635,0.0128389820019947,valid,test,1.0,1,9.0,21793.0,21793.0,21793.0,predictions/beijing_24h_1h_station1013_seed2049_informer_d32_e1.npz,checkpoints/beijing_24h_1h_station1013_seed2049_informer_d32_e1.pt,training_logs/beijing_24h_1h_station1013_seed2049_informer_d32_e1.csv,0.0864799842238426,0.2940747935880303,0.150384709239006,21.914369583129883,11.206624984741213,17.0197811126709,False,,,20.896221160888672,10.110241889953612,4.872404509897096,False,informer_d32_e1,,
beijing_24h_1h_station1013_seed2050_informer_d32_e1,beijing,24,1,1013,2050,informer,informer_d32_e1,informer_d32_e1,32.0,1.0,,matched,completed,40.0,0.128322347998619,8.213023168005748,0.0128035779925994,valid,test,1.0,1,9.0,21793.0,21793.0,21793.0,predictions/beijing_24h_1h_station1013_seed2050_informer_d32_e1.npz,checkpoints/beijing_24h_1h_station1013_seed2050_informer_d32_e1.pt,training_logs/beijing_24h_1h_station1013_seed2050_informer_d32_e1.csv,0.0797576755285263,0.2824140143982346,0.1414074450731277,21.04541206359864,10.537642478942873,16.596223831176758,False,,,21.0170955657959,10.084884643554688,0.13473078482273704,False,informer_d32_e1,,
beijing_24h_1h_station1013_seed2051_informer_d32_e1,beijing,24,1,1013,2051,informer,informer_d32_e1,informer_d32_e1,32.0,1.0,,matched,completed,39.0,0.1313756704330444,8.23718385999382,0.0128185229987138,valid,test,1.0,1,9.0,21793.0,21793.0,21793.0,predictions/beijing_24h_1h_station1013_seed2051_informer_d32_e1.npz,checkpoints/beijing_24h_1h_station1013_seed2051_informer_d32_e1.pt,training_logs/beijing_24h_1h_station1013_seed2051_informer_d32_e1.csv,0.0805619359016418,0.2838343458809061,0.1444135457277298,21.151256561279297,10.761655807495115,16.87115478515625,False,,,20.71529197692871,10.02131462097168,2.1045543786500027,False,informer_d32_e1,,
beijing_24h_3h_station1013_seed2047_informer_d32_e1,beijing,24,3,1013,2047,informer,informer_d32_e1,informer_d32_e1,32.0,1.0,,matched,completed,39.0,0.2832271456718445,9.417805806995602,0.2287612819927744,valid,test,1.0,1,9.0,21793.0,21793.0,21793.0,predictions/beijing_24h_3h_station1013_seed2047_informer_d32_e1.npz,checkpoints/beijing_24h_3h_station1013_seed2047_informer_d32_e1.pt,training_logs/beijing_24h_3h_station1013_seed2047_informer_d32_e1.csv,0.183861568570137,0.4287908214620936,0.2353071272373199,31.953369140625,17.535018920898438,26.536067962646484,False,,,30.44579696655273,16.024797439575195,4.95165942191779,False,informer_d32_e1,,
beijing_24h_3h_station1013_seed2048_informer_d32_e1,beijing,24,3,1013,2048,informer,informer_d32_e1,informer_d32_e1,32.0,1.0,,matched,completed,37.0,0.2786862552165985,8.507095088003553,0.0132564880041172,valid,test,1.0,1,9.0,21793.0,21793.0,21793.0,predictions/beijing_24h_3h_station1013_seed2048_informer_d32_e1.npz,checkpoints/beijing_24h_3h_station1013_seed2048_informer_d32_e1.pt,training_logs/beijing_24h_3h_station1013_seed2048_informer_d32_e1.csv,0.201681911945343,0.4490900933502575,0.2449051141738891,33.466064453125,18.250259399414062,27.058216094970703,False,,,30.800689697265625,16.063575744628906,8.653620363884245,False,informer_d32_e1,,
beijing_24h_3h_station1013_seed2049_informer_d32_e1,beijing,24,3,1013,2049,informer,informer_d32_e1,informer_d32_e1,32.0,1.0,,matched,completed,27.0,0.2938516736030578,7.441743477000273,0.0132999750057933,valid,test,1.0,1,9.0,21793.0,21793.0,21793.0,predictions/beijing_24h_3h_station1013_seed2049_informer_d32_e1.npz,checkpoints/beijing_24h_3h_station1013_seed2049_informer_d32_e1.pt,training_logs/beijing_24h_3h_station1013_seed2049_informer_d32_e1.csv,0.2278006672859192,0.4772846815957109,0.269926518201828,35.56711959838867,20.11484909057617,30.45254898071289,False,,,30.58614921569824,16.17045021057129,16.2850522553979,False,informer_d32_e1,,
beijing_24h_6h_station1013_seed2047_informer_d32_e1,beijing,24,6,1013,2047,informer,informer_d32_e1,informer_d32_e1,32.0,1.0,,matched,completed,19.0,0.5440198183059692,6.824414339993382,0.1228230950073339,valid,test,1.0,1,9.0,21793.0,21793.0,21793.0,predictions/beijing_24h_6h_station1013_seed2047_informer_d32_e1.npz,checkpoints/beijing_24h_6h_station1013_seed2047_informer_d32_e1.pt,training_logs/beijing_24h_6h_station1013_seed2047_informer_d32_e1.csv,0.3196106553077698,0.5653411848678369,0.3388323783874511,42.12578582763672,25.24772834777832,37.07174682617188,False,,,40.0059814453125,22.94923591613769,5.298718605921356,False,informer_d32_e1,,
beijing_24h_6h_station1013_seed2048_informer_d32_e1,beijing,24,6,1013,2048,informer,informer_d32_e1,informer_d32_e1,32.0,1.0,,matched,completed,29.0,0.5300115346908569,8.246556910002255,0.0138565020024543,valid,test,1.0,1,9.0,21793.0,21793.0,21793.0,predictions/beijing_24h_6h_station1013_seed2048_informer_d32_e1.npz,checkpoints/beijing_24h_6h_station1013_seed2048_informer_d32_e1.pt,training_logs/beijing_24h_6h_station1013_seed2048_informer_d32_e1.csv,0.3024165034294128,0.5499240887880916,0.3291665315628052,40.97699737548828,24.52748680114746,36.03424835205078,False,,,39.84638977050781,22.57869529724121,2.837415413271103,False,informer_d32_e1,,
beijing_24h_6h_station1013_seed2049_informer_d32_e1,beijing,24,6,1013,2049,informer,informer_d32_e1,informer_d32_e1,32.0,1.0,,matched,completed,22.0,0.5127702355384827,6.6499481789942365,0.0139766009961022,valid,test,1.0,1,9.0,21793.0,21793.0,21793.0,predictions/beijing_24h_6h_station1013_seed2049_informer_d32_e1.npz,checkpoints/beijing_24h_6h_station1013_seed2049_informer_d32_e1.pt,training_logs/beijing_24h_6h_station1013_seed2049_informer_d32_e1.csv,0.3275178372859955,0.5722917414099171,0.3509334027767181,42.64369583129883,26.149423599243164,36.95269012451172,False,,,39.889404296875,22.915658950805664,6.904819921413576,False,informer_d32_e1,,
beijing_24h_12h_station1013_seed2047_informer_d32_e1,beijing,24,12,1013,2047,informer,informer_d32_e1,informer_d32_e1,32.0,1.0,,matched,completed,33.0,0.8423445224761963,10.295618282994838,0.1252599919971544,valid,test,1.0,1,9.0,21793.0,21793.0,21793.0,predictions/beijing_24h_12h_station1013_seed2047_informer_d32_e1.npz,checkpoints/beijing_24h_12h_station1013_seed2047_informer_d32_e1.pt,training_logs/beijing_24h_12h_station1013_seed2047_informer_d32_e1.csv,0.4868228435516357,0.6977269118728585,0.4507886469364166,51.98249053955078,33.58494186401367,45.478763580322266,False,,,51.547157287597656,31.825634002685547,0.8445339662947174,False,informer_d32_e1,,
beijing_24h_12h_station1013_seed2048_informer_d32_e1,beijing,24,12,1013,2048,informer,informer_d32_e1,informer_d32_e1,32.0,1.0,,matched,completed,19.0,0.8313885927200317,6.770665058997111,0.0154120960069121,valid,test,1.0,1,9.0,21793.0,21793.0,21793.0,predictions/beijing_24h_12h_station1013_seed2048_informer_d32_e1.npz,checkpoints/beijing_24h_12h_station1013_seed2048_informer_d32_e1.pt,training_logs/beijing_24h_12h_station1013_seed2048_informer_d32_e1.csv,0.4659269452095032,0.682588415671921,0.4426910877227783,50.85463333129883,32.98165512084961,45.934661865234375,False,,,51.48316192626953,31.6285343170166,-1.2208430318845536,True,informer_d32_e1,,
beijing_24h_12h_station1013_seed2049_informer_d32_e1,beijing,24,12,1013,2049,informer,informer_d32_e1,informer_d32_e1,32.0,1.0,,matched,completed,15.0,0.8204297423362732,5.775961109000491,0.0154068800038658,valid,test,1.0,1,9.0,21793.0,21793.0,21793.0,predictions/beijing_24h_12h_station1013_seed2049_informer_d32_e1.npz,checkpoints/beijing_24h_12h_station1013_seed2049_informer_d32_e1.pt,training_logs/beijing_24h_12h_station1013_seed2049_informer_d32_e1.csv,0.4666653573513031,0.6831290927425819,0.4474055469036102,50.89491653442383,33.332889556884766,46.59959411621094,False,,,51.83720016479492,32.26030349731445,-1.8177749326265558,True,informer_d32_e1,,
beijing_24h_24h_station1013_seed2047_informer_d32_e1,beijing,24,24,1013,2047,informer,informer_d32_e1,informer_d32_e1,32.0,1.0,,matched,completed,10.0,1.2232844829559326,6.255191350006498,0.2361774400051217,valid,test,1.0,1,9.0,21793.0,21793.0,21793.0,predictions/beijing_24h_24h_station1013_seed2047_informer_d32_e1.npz,checkpoints/beijing_24h_24h_station1013_seed2047_informer_d32_e1.pt,training_logs/beijing_24h_24h_station1013_seed2047_informer_d32_e1.csv,0.6931955218315125,0.8325836425438062,0.5853663682937622,62.01133346557617,43.59844207763672,56.62997817993164,False,,,64.3062973022461,43.40291213989258,-3.568801086281426,True,informer_d32_e1,,
beijing_24h_24h_station1013_seed2048_informer_d32_e1,beijing,24,24,1013,2048,informer,informer_d32_e1,informer_d32_e1,32.0,1.0,,matched,completed,14.0,1.217558979988098,6.581823360000271,0.0183393640036229,valid,test,1.0,1,9.0,21793.0,21793.0,21793.0,predictions/beijing_24h_24h_station1013_seed2048_informer_d32_e1.npz,checkpoints/beijing_24h_24h_station1013_seed2048_informer_d32_e1.pt,training_logs/beijing_24h_24h_station1013_seed2048_informer_d32_e1.csv,0.6754042506217957,0.8218298185280184,0.5954842567443848,61.21038436889648,44.352027893066406,58.55215835571289,False,,,64.8437271118164,43.64160919189453,-5.603229340371812,True,informer_d32_e1,,
beijing_24h_24h_station1013_seed2049_informer_d32_e1,beijing,24,24,1013,2049,informer,informer_d32_e1,informer_d32_e1,32.0,1.0,,matched,completed,16.0,1.2281028032302856,7.17531329600024,0.0183841250109253,valid,test,1.0,1,9.0,21793.0,21793.0,21793.0,predictions/beijing_24h_24h_station1013_seed2049_informer_d32_e1.npz,checkpoints/beijing_24h_24h_station1013_seed2049_informer_d32_e1.pt,training_logs/beijing_24h_24h_station1013_seed2049_informer_d32_e1.csv,0.6782609224319458,0.8235659794041676,0.5769043564796448,61.33969497680664,42.96818923950195,56.57551956176758,False,,,65.344482421875,44.265323638916016,-6.128730837919529,True,informer_d32_e1,,
beijing_48h_1h_station1013_seed2047_informer_d32_e1,beijing,48,1,1013,2047,informer,informer_d32_e1,informer_d32_e1,32.0,1.0,,matched,completed,30.0,0.1428289860486984,14.150822097988566,0.2388733379921177,valid,test,1.0,1,9.0,21793.0,21793.0,21793.0,predictions/beijing_48h_1h_station1013_seed2047_informer_d32_e1.npz,checkpoints/beijing_48h_1h_station1013_seed2047_informer_d32_e1.pt,training_logs/beijing_48h_1h_station1013_seed2047_informer_d32_e1.csv,0.1047620475292205,0.3236696580299435,0.1713564246892929,24.10711097717285,12.76272964477539,19.688796997070312,False,,,20.97980499267578,10.450782775878906,14.906268125889817,False,informer_d32_e1,,
beijing_48h_1h_station1013_seed2048_informer_d32_e1,beijing,48,1,1013,2048,informer,informer_d32_e1,informer_d32_e1,32.0,1.0,,matched,completed,37.0,0.18830206990242,13.56858601499698,0.0204830360016785,valid,test,1.0,1,9.0,21793.0,21793.0,21793.0,predictions/beijing_48h_1h_station1013_seed2048_informer_d32_e1.npz,checkpoints/beijing_48h_1h_station1013_seed2048_informer_d32_e1.pt,training_logs/beijing_48h_1h_station1013_seed2048_informer_d32_e1.csv,0.1401114165782928,0.374314595732377,0.1932686418294906,27.87917900085449,14.394765853881836,21.8234977722168,False,,,20.553361892700195,10.137685775756836,35.64291402252863,False,informer_d32_e1,,
beijing_48h_1h_station1013_seed2049_informer_d32_e1,beijing,48,1,1013,2049,informer,informer_d32_e1,informer_d32_e1,32.0,1.0,,matched,completed,22.0,0.1984701305627823,10.180050524999388,0.0204173599922796,valid,test,1.0,1,9.0,21793.0,21793.0,21793.0,predictions/beijing_48h_1h_station1013_seed2049_informer_d32_e1.npz,checkpoints/beijing_48h_1h_station1013_seed2049_informer_d32_e1.pt,training_logs/beijing_48h_1h_station1013_seed2049_informer_d32_e1.csv,0.1252708882093429,0.3539362770462261,0.196480706334114,26.36138916015625,14.63400173187256,22.62045860290528,False,,,20.929391860961918,10.169209480285645,25.953918466815296,False,informer_d32_e1,,
beijing_48h_3h_station1013_seed2047_informer_d32_e1,beijing,48,3,1013,2047,informer,informer_d32_e1,informer_d32_e1,32.0,1.0,,matched,completed,39.0,0.3083705008029938,14.80820575299731,0.1317456990072969,valid,test,1.0,1,9.0,21793.0,21793.0,21793.0,predictions/beijing_48h_3h_station1013_seed2047_informer_d32_e1.npz,checkpoints/beijing_48h_3h_station1013_seed2047_informer_d32_e1.pt,training_logs/beijing_48h_3h_station1013_seed2047_informer_d32_e1.csv,0.1896705627441406,0.4355118399586177,0.2575504183769226,32.4346923828125,19.18103790283203,30.7674617767334,False,,,31.18783187866211,16.69637680053711,3.997906968978692,False,informer_d32_e1,,
beijing_48h_3h_station1013_seed2048_informer_d32_e1,beijing,48,3,1013,2048,informer,informer_d32_e1,informer_d32_e1,32.0,1.0,,matched,completed,37.0,0.3069794178009033,13.92224445399188,0.0208990510000148,valid,test,1.0,1,9.0,21793.0,21793.0,21793.0,predictions/beijing_48h_3h_station1013_seed2048_informer_d32_e1.npz,checkpoints/beijing_48h_3h_station1013_seed2048_informer_d32_e1.pt,training_logs/beijing_48h_3h_station1013_seed2048_informer_d32_e1.csv,0.2151161879301071,0.4638061965197393,0.253073900938034,34.54191207885742,18.84764862060547,27.631175994873047,False,,,31.051353454589844,16.6970157623291,11.241244699276136,False,informer_d32_e1,,
beijing_48h_3h_station1013_seed2049_informer_d32_e1,beijing,48,3,1013,2049,informer,informer_d32_e1,informer_d32_e1,32.0,1.0,,matched,completed,34.0,0.3133667111396789,13.844420189998344,0.0209500939963618,valid,test,1.0,1,9.0,21793.0,21793.0,21793.0,predictions/beijing_48h_3h_station1013_seed2049_informer_d32_e1.npz,checkpoints/beijing_48h_3h_station1013_seed2049_informer_d32_e1.pt,training_logs/beijing_48h_3h_station1013_seed2049_informer_d32_e1.csv,0.1993921995162964,0.4465335368326733,0.2557844817638397,33.25553512573242,19.04951858520508,32.450523376464844,False,,,31.17669677734375,16.931669235229492,6.667923684267197,False,informer_d32_e1,,
beijing_48h_6h_station1013_seed2047_informer_d32_e1,beijing,48,6,1013,2047,informer,informer_d32_e1,informer_d32_e1,32.0,1.0,,matched,completed,37.0,0.5205576419830322,15.229150871993625,0.0216703260084614,valid,test,1.0,1,9.0,21793.0,21793.0,21793.0,predictions/beijing_48h_6h_station1013_seed2047_informer_d32_e1.npz,checkpoints/beijing_48h_6h_station1013_seed2047_informer_d32_e1.pt,training_logs/beijing_48h_6h_station1013_seed2047_informer_d32_e1.csv,0.3168058693408966,0.5628551051033441,0.3443247973918915,41.91857147216797,25.6435489654541,36.90056610107422,False,,,41.811302185058594,24.404136657714844,0.2565557193951927,False,informer_d32_e1,,
beijing_48h_6h_station1013_seed2048_informer_d32_e1,beijing,48,6,1013,2048,informer,informer_d32_e1,informer_d32_e1,32.0,1.0,,matched,completed,38.0,0.5202305912971497,14.29219648599974,0.0217093699902761,valid,test,1.0,1,9.0,21793.0,21793.0,21793.0,predictions/beijing_48h_6h_station1013_seed2048_informer_d32_e1.npz,checkpoints/beijing_48h_6h_station1013_seed2048_informer_d32_e1.pt,training_logs/beijing_48h_6h_station1013_seed2048_informer_d32_e1.csv,0.3326816260814667,0.5767855980184202,0.3488672971725464,42.9560432434082,25.98185157775879,37.298858642578125,False,,,41.650672912597656,23.962068557739254,3.1340918153947155,False,informer_d32_e1,,
beijing_48h_6h_station1013_seed2049_informer_d32_e1,beijing,48,6,1013,2049,informer,informer_d32_e1,informer_d32_e1,32.0,1.0,,matched,completed,29.0,0.5215755701065063,13.23518713300291,0.0215591109881643,valid,test,1.0,1,9.0,21793.0,21793.0,21793.0,predictions/beijing_48h_6h_station1013_seed2049_informer_d32_e1.npz,checkpoints/beijing_48h_6h_station1013_seed2049_informer_d32_e1.pt,training_logs/beijing_48h_6h_station1013_seed2049_informer_d32_e1.csv,0.3398927748203277,0.5830032374012409,0.3533955514431,43.41910171508789,26.319089889526367,37.421722412109375,False,,,42.05476379394531,24.104082107543945,3.244193518307203,False,informer_d32_e1,,
beijing_48h_12h_station1013_seed2047_informer_d32_e1,beijing,48,12,1013,2047,informer,informer_d32_e1,informer_d32_e1,32.0,1.0,,matched,completed,21.0,0.8615202307701111,11.739794801993412,0.2478256140020676,valid,test,1.0,1,9.0,21793.0,21793.0,21793.0,predictions/beijing_48h_12h_station1013_seed2047_informer_d32_e1.npz,checkpoints/beijing_48h_12h_station1013_seed2047_informer_d32_e1.pt,training_logs/beijing_48h_12h_station1013_seed2047_informer_d32_e1.csv,0.517917275428772,0.7196646965280233,0.4632231593132019,53.588165283203125,34.49283981323242,46.499305725097656,False,,,57.32188415527344,35.63805389404297,-6.513601091611749,True,informer_d32_e1,,
beijing_48h_12h_station1013_seed2048_informer_d32_e1,beijing,48,12,1013,2048,informer,informer_d32_e1,informer_d32_e1,32.0,1.0,,matched,completed,15.0,0.8615132570266724,8.848160681998706,0.0234806039952673,valid,test,1.0,1,9.0,21793.0,21793.0,21793.0,predictions/beijing_48h_12h_station1013_seed2048_informer_d32_e1.npz,checkpoints/beijing_48h_12h_station1013_seed2048_informer_d32_e1.pt,training_logs/beijing_48h_12h_station1013_seed2048_informer_d32_e1.csv,0.5094353556632996,0.7137474032620361,0.4645939469337463,53.14754486083984,34.59490966796875,47.0761604309082,False,,,52.859134674072266,33.03700637817383,0.5456203332610324,False,informer_d32_e1,,
beijing_48h_12h_station1013_seed2049_informer_d32_e1,beijing,48,12,1013,2049,informer,informer_d32_e1,informer_d32_e1,32.0,1.0,,matched,completed,8.0,0.8173849582672119,6.192233829002362,0.0233399760036263,valid,test,1.0,1,9.0,21793.0,21793.0,21793.0,predictions/beijing_48h_12h_station1013_seed2049_informer_d32_e1.npz,checkpoints/beijing_48h_12h_station1013_seed2049_informer_d32_e1.pt,training_logs/beijing_48h_12h_station1013_seed2049_informer_d32_e1.csv,0.4993277490139007,0.7066312680697768,0.4726594686508178,52.61766052246094,35.195491790771484,49.196537017822266,False,,,55.133583068847656,34.52684020996094,-4.56332131224807,True,informer_d32_e1,,
beijing_48h_24h_station1013_seed2047_informer_d32_e1,beijing,48,24,1013,2047,informer,informer_d32_e1,informer_d32_e1,32.0,1.0,,matched,completed,11.0,1.2801964282989502,8.643830575994798,0.0264196329953847,valid,test,1.0,1,9.0,21793.0,21793.0,21793.0,predictions/beijing_48h_24h_station1013_seed2047_informer_d32_e1.npz,checkpoints/beijing_48h_24h_station1013_seed2047_informer_d32_e1.pt,training_logs/beijing_48h_24h_station1013_seed2047_informer_d32_e1.csv,0.7886273860931396,0.8880469503878382,0.6496357321739197,66.10572814941406,48.35852813720703,61.28326034545898,False,,,69.85392761230469,46.93188095092773,-5.365767668345658,True,informer_d32_e1,,
beijing_48h_24h_station1013_seed2048_informer_d32_e1,beijing,48,24,1013,2048,informer,informer_d32_e1,informer_d32_e1,32.0,1.0,,matched,completed,12.0,1.2448272705078125,8.743832612002734,0.0260223049990599,valid,test,1.0,1,9.0,21793.0,21793.0,21793.0,predictions/beijing_48h_24h_station1013_seed2048_informer_d32_e1.npz,checkpoints/beijing_48h_24h_station1013_seed2048_informer_d32_e1.pt,training_logs/beijing_48h_24h_station1013_seed2048_informer_d32_e1.csv,0.7175407409667969,0.847077765595814,0.6079211831092834,63.05600738525391,45.25332260131836,58.58880233764648,False,,,68.12368774414062,45.795066833496094,-7.438940149452768,True,informer_d32_e1,,
beijing_48h_24h_station1013_seed2049_informer_d32_e1,beijing,48,24,1013,2049,informer,informer_d32_e1,informer_d32_e1,32.0,1.0,,matched,completed,10.0,1.2090450525283811,7.889036851993296,0.0260070660006022,valid,test,1.0,1,9.0,21793.0,21793.0,21793.0,predictions/beijing_48h_24h_station1013_seed2049_informer_d32_e1.npz,checkpoints/beijing_48h_24h_station1013_seed2049_informer_d32_e1.pt,training_logs/beijing_48h_24h_station1013_seed2049_informer_d32_e1.csv,0.7111323475837708,0.8432866342968864,0.5915923714637756,62.77379608154297,44.03780746459961,56.337249755859375,False,,,70.52690887451172,47.815460205078125,-10.993127186055803,True,informer_d32_e1,,
beijing_72h_1h_station1013_seed2047_informer_d32_e1,beijing,72,1,1013,2047,informer,informer_d32_e1,informer_d32_e1,32.0,1.0,,matched,completed,27.0,0.2876197695732116,14.3864984880056,0.2520838510099565,valid,test,1.0,1,9.0,21793.0,21793.0,21793.0,predictions/beijing_72h_1h_station1013_seed2047_informer_d32_e1.npz,checkpoints/beijing_72h_1h_station1013_seed2047_informer_d32_e1.pt,training_logs/beijing_72h_1h_station1013_seed2047_informer_d32_e1.csv,0.1807047575712204,0.4250938220807501,0.2880199551582336,31.64375305175781,21.44004821777344,41.46870422363281,True,beijing_72h_1h_station1013_seed2047_informer_d32_e1 出现非有限验证损失,,21.06454849243164,10.74881076812744,50.2227928746121,False,informer_d32_e1,,
beijing_72h_1h_station1013_seed2048_informer_d32_e1,beijing,72,1,1013,2048,informer,informer_d32_e1,informer_d32_e1,32.0,1.0,,matched,completed,27.0,0.1687362790107727,14.293964430005872,0.0276800840074429,valid,test,1.0,1,9.0,21793.0,21793.0,21793.0,predictions/beijing_72h_1h_station1013_seed2048_informer_d32_e1.npz,checkpoints/beijing_72h_1h_station1013_seed2048_informer_d32_e1.pt,training_logs/beijing_72h_1h_station1013_seed2048_informer_d32_e1.csv,0.1002907529473304,0.3166871531138112,0.1708074808120727,23.574018478393555,12.714816093444824,19.94542694091797,False,,,20.968732833862305,10.600374221801758,12.424621292918506,False,informer_d32_e1,,
beijing_72h_1h_station1013_seed2049_informer_d32_e1,beijing,72,1,1013,2049,informer,informer_d32_e1,informer_d32_e1,32.0,1.0,,matched,completed,29.0,0.1476350575685501,14.289701429006527,0.0277787850063759,valid,test,1.0,1,9.0,21793.0,21793.0,21793.0,predictions/beijing_72h_1h_station1013_seed2049_informer_d32_e1.npz,checkpoints/beijing_72h_1h_station1013_seed2049_informer_d32_e1.pt,training_logs/beijing_72h_1h_station1013_seed2049_informer_d32_e1.csv,0.1115308329463005,0.3339623226447865,0.1717949360609054,24.85997200012207,12.788321495056152,18.760517120361328,False,,,21.28269386291504,10.951455116271973,16.808389766111404,False,informer_d32_e1,,
beijing_72h_3h_station1013_seed2047_informer_d32_e1,beijing,72,3,1013,2047,informer,informer_d32_e1,informer_d32_e1,32.0,1.0,,matched,completed,30.0,1.1720118522644043,14.521184316996369,0.1422332119982456,valid,test,1.0,1,9.0,21793.0,21793.0,21793.0,predictions/beijing_72h_3h_station1013_seed2047_informer_d32_e1.npz,checkpoints/beijing_72h_3h_station1013_seed2047_informer_d32_e1.pt,training_logs/beijing_72h_3h_station1013_seed2047_informer_d32_e1.csv,0.5539513230323792,0.7442790626051354,0.5399757623672485,55.40000534057617,40.19280242919922,60.73939895629883,True,beijing_72h_3h_station1013_seed2047_informer_d32_e1 出现非有限验证损失,,31.00885581970215,17.128154754638672,78.65865694204872,False,informer_d32_e1,,
beijing_72h_3h_station1013_seed2048_informer_d32_e1,beijing,72,3,1013,2048,informer,informer_d32_e1,informer_d32_e1,32.0,1.0,,matched,completed,28.0,0.3056221604347229,14.514369429001816,0.0279289140016771,valid,test,1.0,1,9.0,21793.0,21793.0,21793.0,predictions/beijing_72h_3h_station1013_seed2048_informer_d32_e1.npz,checkpoints/beijing_72h_3h_station1013_seed2048_informer_d32_e1.pt,training_logs/beijing_72h_3h_station1013_seed2048_informer_d32_e1.csv,0.2006281614303589,0.4479153507420335,0.2712209820747375,33.34033203125,20.188188552856445,31.60592269897461,False,,,31.21354103088379,16.76036262512207,6.81368063386941,False,informer_d32_e1,,
beijing_72h_3h_station1013_seed2049_informer_d32_e1,beijing,72,3,1013,2049,informer,informer_d32_e1,informer_d32_e1,32.0,1.0,,matched,completed,18.0,0.3552594482898712,11.623551030003,0.028187624993734,valid,test,1.0,1,9.0,21793.0,21793.0,21793.0,predictions/beijing_72h_3h_station1013_seed2049_informer_d32_e1.npz,checkpoints/beijing_72h_3h_station1013_seed2049_informer_d32_e1.pt,training_logs/beijing_72h_3h_station1013_seed2049_informer_d32_e1.csv,0.3150715827941894,0.5613123754151421,0.3116702437400818,41.780982971191406,23.199005126953125,38.61997604370117,False,,,31.59510612487793,17.138343811035156,32.238780291018344,False,informer_d32_e1,,
beijing_72h_6h_station1013_seed2047_informer_d32_e1,beijing,72,6,1013,2047,informer,informer_d32_e1,informer_d32_e1,32.0,1.0,,matched,completed,27.0,0.595360517501831,16.676334457006305,0.2540411899972241,valid,test,1.0,1,9.0,21793.0,21793.0,21793.0,predictions/beijing_72h_6h_station1013_seed2047_informer_d32_e1.npz,checkpoints/beijing_72h_6h_station1013_seed2047_informer_d32_e1.pt,training_logs/beijing_72h_6h_station1013_seed2047_informer_d32_e1.csv,0.3928605914115906,0.6267859215167413,0.40623340010643,46.65137481689453,30.23575782775879,43.303009033203125,False,,,41.74861526489258,24.63315200805664,11.743526152650151,False,informer_d32_e1,,
beijing_72h_6h_station1013_seed2048_informer_d32_e1,beijing,72,6,1013,2048,informer,informer_d32_e1,informer_d32_e1,32.0,1.0,,matched,completed,21.0,0.5791068077087402,13.37287748599192,0.0289632920030271,valid,test,1.0,1,9.0,21793.0,21793.0,21793.0,predictions/beijing_72h_6h_station1013_seed2048_informer_d32_e1.npz,checkpoints/beijing_72h_6h_station1013_seed2048_informer_d32_e1.pt,training_logs/beijing_72h_6h_station1013_seed2048_informer_d32_e1.csv,0.3659538626670837,0.6049412059589624,0.3791793584823608,45.025482177734375,28.22213554382324,40.38899993896485,False,,,41.156280517578125,24.216215133666992,9.401242317083751,False,informer_d32_e1,,
beijing_72h_6h_station1013_seed2049_informer_d32_e1,beijing,72,6,1013,2049,informer,informer_d32_e1,informer_d32_e1,32.0,1.0,,matched,completed,18.0,0.542413592338562,11.895848961008596,0.0286986629944294,valid,test,1.0,1,9.0,21793.0,21793.0,21793.0,predictions/beijing_72h_6h_station1013_seed2049_informer_d32_e1.npz,checkpoints/beijing_72h_6h_station1013_seed2049_informer_d32_e1.pt,training_logs/beijing_72h_6h_station1013_seed2049_informer_d32_e1.csv,0.3777131736278534,0.6145837401264805,0.3765193223953247,45.7431755065918,28.024152755737305,38.34649658203125,False,,,41.276737213134766,24.22653007507324,10.820715480475902,False,informer_d32_e1,,
beijing_72h_12h_station1013_seed2047_informer_d32_e1,beijing,72,12,1013,2047,informer,informer_d32_e1,informer_d32_e1,32.0,1.0,,matched,completed,30.0,0.8445088863372803,17.967370317986934,0.254436329996679,valid,test,1.0,1,9.0,21793.0,21793.0,21793.0,predictions/beijing_72h_12h_station1013_seed2047_informer_d32_e1.npz,checkpoints/beijing_72h_12h_station1013_seed2047_informer_d32_e1.pt,training_logs/beijing_72h_12h_station1013_seed2047_informer_d32_e1.csv,0.5404956340789795,0.7351840817638665,0.5075340270996094,54.71774673461914,37.77437973022461,51.84606170654297,False,,,56.09211349487305,35.244869232177734,-2.4501960696837117,True,informer_d32_e1,,
beijing_72h_12h_station1013_seed2048_informer_d32_e1,beijing,72,12,1013,2048,informer,informer_d32_e1,informer_d32_e1,32.0,1.0,,matched,completed,29.0,0.8309317827224731,16.106636619995697,0.0299705260113114,valid,test,1.0,1,9.0,21793.0,21793.0,21793.0,predictions/beijing_72h_12h_station1013_seed2048_informer_d32_e1.npz,checkpoints/beijing_72h_12h_station1013_seed2048_informer_d32_e1.pt,training_logs/beijing_72h_12h_station1013_seed2048_informer_d32_e1.csv,0.494840145111084,0.7034487508774779,0.4693454504013061,52.35577392578125,34.932106018066406,47.68255615234375,False,,,55.03749084472656,34.67401123046875,-4.872527576722299,True,informer_d32_e1,,
beijing_72h_12h_station1013_seed2049_informer_d32_e1,beijing,72,12,1013,2049,informer,informer_d32_e1,informer_d32_e1,32.0,1.0,,matched,completed,14.0,0.8311034440994263,10.765817963998416,0.0299719449976691,valid,test,1.0,1,9.0,21793.0,21793.0,21793.0,predictions/beijing_72h_12h_station1013_seed2049_informer_d32_e1.npz,checkpoints/beijing_72h_12h_station1013_seed2049_informer_d32_e1.pt,training_logs/beijing_72h_12h_station1013_seed2049_informer_d32_e1.csv,0.5281527042388916,0.7267411535332863,0.4842795431613922,54.0893669128418,36.04360580444336,47.921165466308594,False,,,54.70387268066406,35.244651794433594,-1.1233313798631157,True,informer_d32_e1,,
beijing_72h_24h_station1013_seed2047_informer_d32_e1,beijing,72,24,1013,2047,informer,informer_d32_e1,informer_d32_e1,32.0,1.0,,matched,completed,28.0,1.2198612689971924,19.8142066099972,0.2591017730010208,valid,test,1.0,1,9.0,21793.0,21793.0,21793.0,predictions/beijing_72h_24h_station1013_seed2047_informer_d32_e1.npz,checkpoints/beijing_72h_24h_station1013_seed2047_informer_d32_e1.pt,training_logs/beijing_72h_24h_station1013_seed2047_informer_d32_e1.csv,0.7414377927780151,0.8610678212417505,0.6018409132957458,64.07279205322266,44.78349304199219,57.820987701416016,False,,,65.6296157836914,44.675662994384766,-2.3721359814140675,True,informer_d32_e1,,
beijing_72h_24h_station1013_seed2048_informer_d32_e1,beijing,72,24,1013,2048,informer,informer_d32_e1,informer_d32_e1,32.0,1.0,,matched,completed,20.0,1.2079570293426514,15.450105805997737,0.033229131004191,valid,test,1.0,1,9.0,21793.0,21793.0,21793.0,predictions/beijing_72h_24h_station1013_seed2048_informer_d32_e1.npz,checkpoints/beijing_72h_24h_station1013_seed2048_informer_d32_e1.pt,training_logs/beijing_72h_24h_station1013_seed2048_informer_d32_e1.csv,0.6693006157875061,0.818107948737516,0.569360613822937,60.87610626220703,42.36661148071289,55.53758239746094,False,,,64.7675552368164,43.77329254150391,-6.008330807578983,True,informer_d32_e1,,
beijing_72h_24h_station1013_seed2049_informer_d32_e1,beijing,72,24,1013,2049,informer,informer_d32_e1,informer_d32_e1,32.0,1.0,,matched,completed,14.0,1.256922721862793,11.87970692900126,0.0335756889980984,valid,test,1.0,1,9.0,21793.0,21793.0,21793.0,predictions/beijing_72h_24h_station1013_seed2049_informer_d32_e1.npz,checkpoints/beijing_72h_24h_station1013_seed2049_informer_d32_e1.pt,training_logs/beijing_72h_24h_station1013_seed2049_informer_d32_e1.csv,0.6885513067245483,0.8297899172227561,0.5867230296134949,61.74537658691406,43.65856170654297,56.83451843261719,False,,,68.50748443603516,46.28374862670898,-9.870611809480197,True,informer_d32_e1,,
beijing_168h_1h_station1013_seed2048_informer_d32_e1,beijing,168,1,1013,2048,informer,informer_d32_e1,informer_d32_e1,32.0,1.0,,matched,completed,30.0,0.1938992440700531,27.04505308199441,0.2685651990032056,valid,test,1.0,1,9.0,21793.0,21793.0,21793.0,predictions/beijing_168h_1h_station1013_seed2048_informer_d32_e1.npz,checkpoints/beijing_168h_1h_station1013_seed2048_informer_d32_e1.pt,training_logs/beijing_168h_1h_station1013_seed2048_informer_d32_e1.csv,0.1060846596956253,0.325706401066398,0.1814405173063278,24.21031951904297,13.486786842346191,20.535127639770508,False,,,21.76912498474121,11.43486213684082,11.214022318365492,False,informer_d32_e1,,
beijing_168h_1h_station1013_seed2049_informer_d32_e1,beijing,168,1,1013,2049,informer,informer_d32_e1,informer_d32_e1,32.0,1.0,,matched,completed,8.0,0.2640667557716369,12.666895713002305,0.0538473729975521,valid,test,1.0,1,9.0,21793.0,21793.0,21793.0,predictions/beijing_168h_1h_station1013_seed2049_informer_d32_e1.npz,checkpoints/beijing_168h_1h_station1013_seed2049_informer_d32_e1.pt,training_logs/beijing_168h_1h_station1013_seed2049_informer_d32_e1.csv,0.1793006658554077,0.4234390934425017,0.276848167181015,31.47496032714844,20.578601837158203,30.718978881835938,False,,,22.61062812805176,12.07103443145752,39.20427220727756,False,informer_d32_e1,,
beijing_168h_3h_station1013_seed2047_informer_d32_e1,beijing,168,3,1013,2047,informer,informer_d32_e1,informer_d32_e1,32.0,1.0,,matched,completed,23.0,0.402616024017334,28.448136325998348,0.1635614190017804,valid,test,1.0,1,9.0,21793.0,21793.0,21793.0,predictions/beijing_168h_3h_station1013_seed2047_informer_d32_e1.npz,checkpoints/beijing_168h_3h_station1013_seed2047_informer_d32_e1.pt,training_logs/beijing_168h_3h_station1013_seed2047_informer_d32_e1.csv,0.2817461490631103,0.5307976535960859,0.3075936436653137,39.45452499389648,22.86363220214844,37.469482421875,False,,,31.7686710357666,18.36850929260254,24.193186896224887,False,informer_d32_e1,,
beijing_168h_3h_station1013_seed2048_informer_d32_e1,beijing,168,3,1013,2048,informer,informer_d32_e1,informer_d32_e1,32.0,1.0,,matched,completed,21.0,0.333048552274704,24.540935726996395,0.0539201920037157,valid,test,1.0,1,9.0,21793.0,21793.0,21793.0,predictions/beijing_168h_3h_station1013_seed2048_informer_d32_e1.npz,checkpoints/beijing_168h_3h_station1013_seed2048_informer_d32_e1.pt,training_logs/beijing_168h_3h_station1013_seed2048_informer_d32_e1.csv,0.2257303744554519,0.4751109075315488,0.2910086512565613,35.3152961730957,21.630859375,33.63434600830078,False,,,31.73417854309082,18.07464408874512,11.284733982139157,False,informer_d32_e1,,
beijing_168h_3h_station1013_seed2049_informer_d32_e1,beijing,168,3,1013,2049,informer,informer_d32_e1,informer_d32_e1,32.0,1.0,,matched,completed,23.0,0.3911547660827636,26.38321374599764,0.0544401060033123,valid,test,1.0,1,9.0,21793.0,21793.0,21793.0,predictions/beijing_168h_3h_station1013_seed2049_informer_d32_e1.npz,checkpoints/beijing_168h_3h_station1013_seed2049_informer_d32_e1.pt,training_logs/beijing_168h_3h_station1013_seed2049_informer_d32_e1.csv,0.4549033939838409,0.6744652652167056,0.4264553487300873,50.13343048095703,31.69869613647461,51.55592727661133,False,,,32.07843780517578,18.52771759033203,56.283890086655404,False,informer_d32_e1,,
beijing_168h_6h_station1013_seed2047_informer_d32_e1,beijing,168,6,1013,2047,informer,informer_d32_e1,informer_d32_e1,32.0,1.0,,matched,completed,23.0,0.7311569452285767,26.74462409599801,0.056792255010805,valid,test,1.0,1,9.0,21793.0,21793.0,21793.0,predictions/beijing_168h_6h_station1013_seed2047_informer_d32_e1.npz,checkpoints/beijing_168h_6h_station1013_seed2047_informer_d32_e1.pt,training_logs/beijing_168h_6h_station1013_seed2047_informer_d32_e1.csv,0.5341871976852417,0.7308811104996774,0.500596284866333,54.32685852050781,37.20963668823242,50.86747360229492,False,,,42.01683807373047,25.93600273132324,29.297826802616413,False,informer_d32_e1,,
beijing_168h_6h_station1013_seed2048_informer_d32_e1,beijing,168,6,1013,2048,informer,informer_d32_e1,informer_d32_e1,32.0,1.0,,matched,completed,17.0,0.548028826713562,21.20330319000641,0.0549596220080275,valid,test,1.0,1,9.0,21793.0,21793.0,21793.0,predictions/beijing_168h_6h_station1013_seed2048_informer_d32_e1.npz,checkpoints/beijing_168h_6h_station1013_seed2048_informer_d32_e1.pt,training_logs/beijing_168h_6h_station1013_seed2048_informer_d32_e1.csv,0.3358234763145447,0.5795027836987021,0.3621423542499542,43.07481002807617,26.918270111083984,40.35896682739258,False,,,42.51594543457031,26.329206466674805,1.3144823378464465,False,informer_d32_e1,,
beijing_168h_6h_station1013_seed2049_informer_d32_e1,beijing,168,6,1013,2049,informer,informer_d32_e1,informer_d32_e1,32.0,1.0,,matched,completed,27.0,0.5631951689720154,27.66350958000112,0.0547787709947442,valid,test,1.0,1,9.0,21793.0,21793.0,21793.0,predictions/beijing_168h_6h_station1013_seed2049_informer_d32_e1.npz,checkpoints/beijing_168h_6h_station1013_seed2049_informer_d32_e1.pt,training_logs/beijing_168h_6h_station1013_seed2049_informer_d32_e1.csv,0.3475882411003113,0.5895661465012313,0.3707927167415619,43.82282257080078,27.561256408691406,40.93767166137695,False,,,42.00048828125,26.010665893554688,4.338840723345386,False,informer_d32_e1,,
beijing_168h_6h_station1013_seed2050_informer_d32_e1,beijing,168,6,1013,2050,informer,informer_d32_e1,informer_d32_e1,32.0,1.0,,matched,completed,19.0,0.526159405708313,23.045049663007376,0.0548054079990834,valid,test,1.0,1,9.0,21793.0,21793.0,21793.0,predictions/beijing_168h_6h_station1013_seed2050_informer_d32_e1.npz,checkpoints/beijing_168h_6h_station1013_seed2050_informer_d32_e1.pt,training_logs/beijing_168h_6h_station1013_seed2050_informer_d32_e1.csv,0.3375433981418609,0.5809848519039553,0.3438076078891754,43.18497085571289,25.55543708801269,35.300384521484375,False,,,42.20603942871094,26.009906768798828,2.319410776875758,False,informer_d32_e1,,
beijing_168h_6h_station1013_seed2051_informer_d32_e1,beijing,168,6,1013,2051,informer,informer_d32_e1,informer_d32_e1,32.0,1.0,,matched,completed,30.0,1.4996711015701294,27.5380348359904,0.0566660839976975,valid,test,1.0,1,9.0,21793.0,21793.0,21793.0,predictions/beijing_168h_6h_station1013_seed2051_informer_d32_e1.npz,checkpoints/beijing_168h_6h_station1013_seed2051_informer_d32_e1.pt,training_logs/beijing_168h_6h_station1013_seed2051_informer_d32_e1.csv,0.7501576542854309,0.8661164207457511,0.634232223033905,64.37898254394531,47.14288330078125,61.84346008300781,True,beijing_168h_6h_station1013_seed2051_informer_d32_e1 出现非有限训练损失,,41.76411056518555,25.687108993530277,54.14905686417626,False,informer_d32_e1,,
beijing_168h_12h_station1013_seed2047_informer_d32_e1,beijing,168,12,1013,2047,informer,informer_d32_e1,informer_d32_e1,32.0,1.0,,matched,completed,30.0,1.5904403924942017,28.55001747499045,0.2740763900073943,valid,test,1.0,1,9.0,21793.0,21793.0,21793.0,predictions/beijing_168h_12h_station1013_seed2047_informer_d32_e1.npz,checkpoints/beijing_168h_12h_station1013_seed2047_informer_d32_e1.pt,training_logs/beijing_168h_12h_station1013_seed2047_informer_d32_e1.csv,0.7809251546859741,0.8836996971177337,0.6655640602111816,65.6939926147461,49.47784423828125,66.639892578125,True,beijing_168h_12h_station1013_seed2047_informer_d32_e1 出现非有限验证损失,,54.23294448852539,36.208377838134766,21.132999940000737,False,informer_d32_e1,,
beijing_168h_12h_station1013_seed2048_informer_d32_e1,beijing,168,12,1013,2048,informer,informer_d32_e1,informer_d32_e1,32.0,1.0,,matched,completed,24.0,0.8688653707504272,28.526251326009515,0.056902401993284,valid,test,1.0,1,9.0,21793.0,21793.0,21793.0,predictions/beijing_168h_12h_station1013_seed2048_informer_d32_e1.npz,checkpoints/beijing_168h_12h_station1013_seed2048_informer_d32_e1.pt,training_logs/beijing_168h_12h_station1013_seed2048_informer_d32_e1.csv,0.520616352558136,0.7215374921361578,0.4815881550312042,53.63889694213867,35.80113220214844,48.59298324584961,False,,,55.16896057128906,36.87693405151367,-2.77341391482852,True,informer_d32_e1,,
beijing_168h_12h_station1013_seed2049_informer_d32_e1,beijing,168,12,1013,2049,informer,informer_d32_e1,informer_d32_e1,32.0,1.0,,matched,completed,22.0,0.9403610229492188,26.650510106002912,0.0566825159912696,valid,test,1.0,1,9.0,21793.0,21793.0,21793.0,predictions/beijing_168h_12h_station1013_seed2049_informer_d32_e1.npz,checkpoints/beijing_168h_12h_station1013_seed2049_informer_d32_e1.pt,training_logs/beijing_168h_12h_station1013_seed2049_informer_d32_e1.csv,0.6418616771697998,0.8011627033067626,0.5394580960273743,59.55821228027344,40.10316467285156,52.772491455078125,False,,,58.07843780517578,38.81656646728516,2.5478895972745725,False,informer_d32_e1,,
beijing_168h_24h_station1013_seed2047_informer_d32_e1,beijing,168,24,1013,2047,informer,informer_d32_e1,informer_d32_e1,32.0,1.0,,matched,completed,30.0,1.7673604488372805,29.99949714000104,0.2798993940086802,valid,test,1.0,1,9.0,21793.0,21793.0,21793.0,predictions/beijing_168h_24h_station1013_seed2047_informer_d32_e1.npz,checkpoints/beijing_168h_24h_station1013_seed2047_informer_d32_e1.pt,training_logs/beijing_168h_24h_station1013_seed2047_informer_d32_e1.csv,0.8760167956352234,0.9359576890197672,0.7122313976287842,69.61769104003906,52.97665023803711,68.1171875,True,beijing_168h_24h_station1013_seed2047_informer_d32_e1 出现非有限验证损失,,67.65840148925781,47.55368041992188,2.89585551484294,False,informer_d32_e1,,
beijing_168h_24h_station1013_seed2048_informer_d32_e1,beijing,168,24,1013,2048,informer,informer_d32_e1,informer_d32_e1,32.0,1.0,,matched,completed,19.0,1.3518939018249512,25.048169939997024,0.0619576320023043,valid,test,1.0,1,9.0,21793.0,21793.0,21793.0,predictions/beijing_168h_24h_station1013_seed2048_informer_d32_e1.npz,checkpoints/beijing_168h_24h_station1013_seed2048_informer_d32_e1.pt,training_logs/beijing_168h_24h_station1013_seed2048_informer_d32_e1.csv,0.7952435612678528,0.8917642969237178,0.6304777264595032,66.33052825927734,46.89571380615234,59.76012802124024,False,,,72.7971420288086,50.40897750854492,-8.883059951683496,True,informer_d32_e1,,
beijing_168h_24h_station1013_seed2049_informer_d32_e1,beijing,168,24,1013,2049,informer,informer_d32_e1,informer_d32_e1,32.0,1.0,,matched,completed,17.0,1.5488204956054688,23.052269852996687,0.0615748209966113,valid,test,1.0,1,9.0,21793.0,21793.0,21793.0,predictions/beijing_168h_24h_station1013_seed2049_informer_d32_e1.npz,checkpoints/beijing_168h_24h_station1013_seed2049_informer_d32_e1.pt,training_logs/beijing_168h_24h_station1013_seed2049_informer_d32_e1.csv,0.8955630660057068,0.946341939261759,0.6943612098693848,70.39008331298828,51.647438049316406,64.73736572265625,False,,,66.645751953125,46.83631896972656,5.618259604148274,False,informer_d32_e1,,
beijing_24h_1h_station1013_seed2047_tst_d8_n1,beijing,24,1,1013,2047,tst,tst_d8_n1,tst_d8_n1,8.0,,1.0,non_aligned_as_is,completed,26.0,0.115923210978508,2.7592275789938867,0.0030520930013153,valid,test,1.0,1,9.0,969.0,969.0,969.0,predictions/beijing_24h_1h_station1013_seed2047_tst_d8_n1.npz,checkpoints/beijing_24h_1h_station1013_seed2047_tst_d8_n1.pt,training_logs/beijing_24h_1h_station1013_seed2047_tst_d8_n1.csv,0.0887652933597564,0.2979350488944804,0.1587577611207962,22.2020320892334,11.830584526062012,21.01878929138184,False,,,20.988380432128903,10.146111488342283,5.782493132469831,False,tst_d8_n1,,
beijing_24h_1h_station1013_seed2048_tst_d8_n1,beijing,24,1,1013,2048,tst,tst_d8_n1,tst_d8_n1,8.0,,1.0,non_aligned_as_is,completed,27.0,0.1285836398601532,2.843901800995809,0.0030533099925378,valid,test,1.0,1,9.0,969.0,969.0,969.0,predictions/beijing_24h_1h_station1013_seed2048_tst_d8_n1.npz,checkpoints/beijing_24h_1h_station1013_seed2048_tst_d8_n1.pt,training_logs/beijing_24h_1h_station1013_seed2048_tst_d8_n1.csv,0.0945890471339225,0.307553324049542,0.1640472114086151,22.918785095214844,12.224750518798828,19.43111801147461,False,,,20.778905868530277,10.011322021484377,10.298324850325354,False,tst_d8_n1,,
beijing_24h_1h_station1013_seed2049_tst_d8_n1,beijing,24,1,1013,2049,tst,tst_d8_n1,tst_d8_n1,8.0,,1.0,non_aligned_as_is,completed,39.0,0.1254680156707763,3.3162018900038674,0.0031195040064631,valid,test,1.0,1,9.0,969.0,969.0,969.0,predictions/beijing_24h_1h_station1013_seed2049_tst_d8_n1.npz,checkpoints/beijing_24h_1h_station1013_seed2049_tst_d8_n1.pt,training_logs/beijing_24h_1h_station1013_seed2049_tst_d8_n1.csv,0.0888618603348732,0.2980970652906083,0.1569761335849762,22.214109420776367,11.6978178024292,19.204984664916992,False,,,20.896221160888672,10.110241889953612,6.306825764049524,False,tst_d8_n1,,
beijing_24h_1h_station1013_seed2050_tst_d8_n1,beijing,24,1,1013,2050,tst,tst_d8_n1,tst_d8_n1,8.0,,1.0,non_aligned_as_is,completed,36.0,0.1273999065160751,3.2582392229960533,0.0030606310028815,valid,test,1.0,1,9.0,969.0,969.0,969.0,predictions/beijing_24h_1h_station1013_seed2050_tst_d8_n1.npz,checkpoints/beijing_24h_1h_station1013_seed2050_tst_d8_n1.pt,training_logs/beijing_24h_1h_station1013_seed2050_tst_d8_n1.csv,0.0976590812206268,0.3125045299201706,0.1965913474559784,23.287748336791992,14.649932861328123,29.533143997192383,False,,,21.0170955657959,10.084884643554688,10.803837113875284,False,tst_d8_n1,,
beijing_24h_1h_station1013_seed2051_tst_d8_n1,beijing,24,1,1013,2051,tst,tst_d8_n1,tst_d8_n1,8.0,,1.0,non_aligned_as_is,completed,38.0,0.1236075088381767,3.276458933003596,0.0030655980081064,valid,test,1.0,1,9.0,969.0,969.0,969.0,predictions/beijing_24h_1h_station1013_seed2051_tst_d8_n1.npz,checkpoints/beijing_24h_1h_station1013_seed2051_tst_d8_n1.pt,training_logs/beijing_24h_1h_station1013_seed2051_tst_d8_n1.csv,0.0905006900429725,0.3008333260178675,0.1650775521993637,22.418014526367188,12.301531791687012,22.56919288635254,False,,,20.71529197692871,10.02131462097168,8.219640598524286,False,tst_d8_n1,,
beijing_24h_3h_station1013_seed2047_tst_d8_n1,beijing,24,3,1013,2047,tst,tst_d8_n1,tst_d8_n1,8.0,,1.0,non_aligned_as_is,completed,30.0,0.2785246968269348,3.693688020997797,0.0031532340071862,valid,test,1.0,1,9.0,1355.0,1355.0,1355.0,predictions/beijing_24h_3h_station1013_seed2047_tst_d8_n1.npz,checkpoints/beijing_24h_3h_station1013_seed2047_tst_d8_n1.pt,training_logs/beijing_24h_3h_station1013_seed2047_tst_d8_n1.csv,0.1862585395574569,0.4315768060930255,0.2486879080533981,32.160980224609375,18.532150268554688,29.32718086242676,False,,,30.44579696655273,16.024797439575195,5.633563345183301,False,tst_d8_n1,,
beijing_24h_3h_station1013_seed2048_tst_d8_n1,beijing,24,3,1013,2048,tst,tst_d8_n1,tst_d8_n1,8.0,,1.0,non_aligned_as_is,completed,24.0,0.2901092767715454,2.629460192998522,0.0030580119928345,valid,test,1.0,1,9.0,1355.0,1355.0,1355.0,predictions/beijing_24h_3h_station1013_seed2048_tst_d8_n1.npz,checkpoints/beijing_24h_3h_station1013_seed2048_tst_d8_n1.pt,training_logs/beijing_24h_3h_station1013_seed2048_tst_d8_n1.csv,0.1911432594060897,0.4371993360082901,0.2471043914556503,32.57997131347656,18.41415023803711,26.47092628479004,False,,,30.800689697265625,16.063575744628906,5.776759006694891,False,tst_d8_n1,,
beijing_24h_3h_station1013_seed2049_tst_d8_n1,beijing,24,3,1013,2049,tst,tst_d8_n1,tst_d8_n1,8.0,,1.0,non_aligned_as_is,completed,33.0,0.2858630120754242,3.314204087000689,0.0033206639927811,valid,test,1.0,1,9.0,1355.0,1355.0,1355.0,predictions/beijing_24h_3h_station1013_seed2049_tst_d8_n1.npz,checkpoints/beijing_24h_3h_station1013_seed2049_tst_d8_n1.pt,training_logs/beijing_24h_3h_station1013_seed2049_tst_d8_n1.csv,0.1831013411283493,0.4279034250018914,0.2471089512109756,31.88724136352539,18.41448974609375,28.650161743164062,False,,,30.58614921569824,16.17045021057129,4.253860591118056,False,tst_d8_n1,,
beijing_24h_6h_station1013_seed2047_tst_d8_n1,beijing,24,6,1013,2047,tst,tst_d8_n1,tst_d8_n1,8.0,,1.0,non_aligned_as_is,completed,29.0,0.4929151535034179,3.592923162999796,0.0031046660005813,valid,test,1.0,1,9.0,1934.0,1934.0,1934.0,predictions/beijing_24h_6h_station1013_seed2047_tst_d8_n1.npz,checkpoints/beijing_24h_6h_station1013_seed2047_tst_d8_n1.pt,training_logs/beijing_24h_6h_station1013_seed2047_tst_d8_n1.csv,0.3021723628044128,0.549702067309568,0.3373974859714508,40.96045303344727,25.14080619812012,37.44304275512695,False,,,40.0059814453125,22.94923591613769,2.385822203711011,False,tst_d8_n1,,
beijing_24h_6h_station1013_seed2048_tst_d8_n1,beijing,24,6,1013,2048,tst,tst_d8_n1,tst_d8_n1,8.0,,1.0,non_aligned_as_is,completed,18.0,0.5098887085914612,2.1522473889926914,0.0030464459996437,valid,test,1.0,1,9.0,1934.0,1934.0,1934.0,predictions/beijing_24h_6h_station1013_seed2048_tst_d8_n1.npz,checkpoints/beijing_24h_6h_station1013_seed2048_tst_d8_n1.pt,training_logs/beijing_24h_6h_station1013_seed2048_tst_d8_n1.csv,0.3025832176208496,0.5500756471803215,0.3339617252349853,40.98828887939453,24.88479423522949,35.471580505371094,False,,,39.84638977050781,22.57869529724121,2.8657529966037023,False,tst_d8_n1,,
beijing_24h_6h_station1013_seed2049_tst_d8_n1,beijing,24,6,1013,2049,tst,tst_d8_n1,tst_d8_n1,8.0,,1.0,non_aligned_as_is,completed,34.0,0.4987131059169769,3.280174640007317,0.0030762130045332,valid,test,1.0,1,9.0,1934.0,1934.0,1934.0,predictions/beijing_24h_6h_station1013_seed2049_tst_d8_n1.npz,checkpoints/beijing_24h_6h_station1013_seed2049_tst_d8_n1.pt,training_logs/beijing_24h_6h_station1013_seed2049_tst_d8_n1.csv,0.2942189276218414,0.5424195125747611,0.3265986442565918,40.41780090332031,24.336143493652344,34.856483459472656,False,,,39.889404296875,22.915658950805664,1.3246540422432629,False,tst_d8_n1,,
beijing_24h_12h_station1013_seed2047_tst_d8_n1,beijing,24,12,1013,2047,tst,tst_d8_n1,tst_d8_n1,8.0,,1.0,non_aligned_as_is,completed,21.0,0.8102561831474304,2.9693440520059085,0.0032364669896196,valid,test,1.0,1,9.0,3092.0,3092.0,3092.0,predictions/beijing_24h_12h_station1013_seed2047_tst_d8_n1.npz,checkpoints/beijing_24h_12h_station1013_seed2047_tst_d8_n1.pt,training_logs/beijing_24h_12h_station1013_seed2047_tst_d8_n1.csv,0.489043265581131,0.6993162843671888,0.4566718935966491,52.10090637207031,34.02326202392578,46.71169662475586,False,,,51.547157287597656,31.825634002685547,1.074257269674674,False,tst_d8_n1,,
beijing_24h_12h_station1013_seed2048_tst_d8_n1,beijing,24,12,1013,2048,tst,tst_d8_n1,tst_d8_n1,8.0,,1.0,non_aligned_as_is,completed,14.0,0.8293150663375854,1.847863218994462,0.0030672090069856,valid,test,1.0,1,9.0,3092.0,3092.0,3092.0,predictions/beijing_24h_12h_station1013_seed2048_tst_d8_n1.npz,checkpoints/beijing_24h_12h_station1013_seed2048_tst_d8_n1.pt,training_logs/beijing_24h_12h_station1013_seed2048_tst_d8_n1.csv,0.4849875569343567,0.6964104802014087,0.4482021033763885,51.88441467285156,33.39223861694336,45.4402961730957,False,,,51.48316192626953,31.6285343170166,0.779386369385541,False,tst_d8_n1,,
beijing_24h_12h_station1013_seed2049_tst_d8_n1,beijing,24,12,1013,2049,tst,tst_d8_n1,tst_d8_n1,8.0,,1.0,non_aligned_as_is,completed,29.0,0.797774076461792,3.0389321480033686,0.0030935579998185,valid,test,1.0,1,9.0,3092.0,3092.0,3092.0,predictions/beijing_24h_12h_station1013_seed2049_tst_d8_n1.npz,checkpoints/beijing_24h_12h_station1013_seed2049_tst_d8_n1.pt,training_logs/beijing_24h_12h_station1013_seed2049_tst_d8_n1.csv,0.474824994802475,0.6890754637936798,0.4598317742347717,51.33793258666992,34.25867462158203,47.81039810180664,False,,,51.83720016479492,32.26030349731445,-0.9631453406777091,True,tst_d8_n1,,
beijing_24h_24h_station1013_seed2047_tst_d8_n1,beijing,24,24,1013,2047,tst,tst_d8_n1,tst_d8_n1,8.0,,1.0,non_aligned_as_is,completed,40.0,1.1698936223983765,3.9040835100022377,0.0033144900080515,valid,test,1.0,1,9.0,5408.0,5408.0,5408.0,predictions/beijing_24h_24h_station1013_seed2047_tst_d8_n1.npz,checkpoints/beijing_24h_24h_station1013_seed2047_tst_d8_n1.pt,training_logs/beijing_24h_24h_station1013_seed2047_tst_d8_n1.csv,0.6893811225891113,0.8302897822983921,0.5734289884567261,61.84048461914063,42.7093391418457,56.0068588256836,False,,,64.3062973022461,43.40291213989258,-3.8344808930856225,True,tst_d8_n1,,
beijing_24h_24h_station1013_seed2048_tst_d8_n1,beijing,24,24,1013,2048,tst,tst_d8_n1,tst_d8_n1,8.0,,1.0,non_aligned_as_is,completed,19.0,1.231303572654724,2.2206663800025126,0.0032416500034742,valid,test,1.0,1,9.0,5408.0,5408.0,5408.0,predictions/beijing_24h_24h_station1013_seed2048_tst_d8_n1.npz,checkpoints/beijing_24h_24h_station1013_seed2048_tst_d8_n1.pt,training_logs/beijing_24h_24h_station1013_seed2048_tst_d8_n1.csv,0.6745625734329224,0.8213175837840819,0.558441698551178,61.1722297668457,41.593074798583984,55.14438629150391,False,,,64.8437271118164,43.64160919189453,-5.66207019321943,True,tst_d8_n1,,
beijing_24h_24h_station1013_seed2049_tst_d8_n1,beijing,24,24,1013,2049,tst,tst_d8_n1,tst_d8_n1,8.0,,1.0,non_aligned_as_is,completed,33.0,1.1637969017028809,3.2858225460076937,0.0032126389996847,valid,test,1.0,1,9.0,5408.0,5408.0,5408.0,predictions/beijing_24h_24h_station1013_seed2049_tst_d8_n1.npz,checkpoints/beijing_24h_24h_station1013_seed2049_tst_d8_n1.pt,training_logs/beijing_24h_24h_station1013_seed2049_tst_d8_n1.csv,0.6726795434951782,0.8201704356383362,0.5760715007781982,61.08678817749024,42.90615463256836,56.60708999633789,False,,,65.344482421875,44.265323638916016,-6.515767034309595,True,tst_d8_n1,,
beijing_48h_1h_station1013_seed2047_tst_d8_n1,beijing,48,1,1013,2047,tst,tst_d8_n1,tst_d8_n1,8.0,,1.0,non_aligned_as_is,completed,34.0,0.1206553652882576,5.988455309008714,0.0032325979991583,valid,test,1.0,1,9.0,1353.0,1353.0,1353.0,predictions/beijing_48h_1h_station1013_seed2047_tst_d8_n1.npz,checkpoints/beijing_48h_1h_station1013_seed2047_tst_d8_n1.pt,training_logs/beijing_48h_1h_station1013_seed2047_tst_d8_n1.csv,0.0917480066418647,0.3028993341720393,0.1651748120784759,22.56012535095215,12.302319526672363,20.94485092163086,False,,,20.97980499267578,10.450782775878906,7.532578872053719,False,tst_d8_n1,,
beijing_48h_1h_station1013_seed2048_tst_d8_n1,beijing,48,1,1013,2048,tst,tst_d8_n1,tst_d8_n1,8.0,,1.0,non_aligned_as_is,completed,23.0,0.1437751799821853,3.7186501980031608,0.0031827170023461,valid,test,1.0,1,9.0,1353.0,1353.0,1353.0,predictions/beijing_48h_1h_station1013_seed2048_tst_d8_n1.npz,checkpoints/beijing_48h_1h_station1013_seed2048_tst_d8_n1.pt,training_logs/beijing_48h_1h_station1013_seed2048_tst_d8_n1.csv,0.1012894511222839,0.3182600369545066,0.1822895407676696,23.704200744628903,13.57703685760498,20.955585479736328,False,,,20.553361892700195,10.137685775756836,15.330041228183553,False,tst_d8_n1,,
beijing_48h_1h_station1013_seed2049_tst_d8_n1,beijing,48,1,1013,2049,tst,tst_d8_n1,tst_d8_n1,8.0,,1.0,non_aligned_as_is,completed,28.0,0.1412581205368042,4.335726909004734,0.0032019060017773,valid,test,1.0,1,9.0,1353.0,1353.0,1353.0,predictions/beijing_48h_1h_station1013_seed2049_tst_d8_n1.npz,checkpoints/beijing_48h_1h_station1013_seed2049_tst_d8_n1.pt,training_logs/beijing_48h_1h_station1013_seed2049_tst_d8_n1.csv,0.100022554397583,0.3162634256400556,0.1778394430875778,23.55549049377441,13.24558925628662,21.447452545166016,False,,,20.929391860961918,10.169209480285645,12.547419677830034,False,tst_d8_n1,,
beijing_48h_3h_station1013_seed2047_tst_d8_n1,beijing,48,3,1013,2047,tst,tst_d8_n1,tst_d8_n1,8.0,,1.0,non_aligned_as_is,completed,40.0,0.2832911014556885,5.40121550099866,0.0032082950056064,valid,test,1.0,1,9.0,2123.0,2123.0,2123.0,predictions/beijing_48h_3h_station1013_seed2047_tst_d8_n1.npz,checkpoints/beijing_48h_3h_station1013_seed2047_tst_d8_n1.pt,training_logs/beijing_48h_3h_station1013_seed2047_tst_d8_n1.csv,0.1894854307174682,0.4352992427255855,0.2454832345247268,32.41886138916016,18.28233337402344,29.153221130371094,False,,,31.18783187866211,16.69637680053711,3.9471468080482115,False,tst_d8_n1,,
beijing_48h_3h_station1013_seed2048_tst_d8_n1,beijing,48,3,1013,2048,tst,tst_d8_n1,tst_d8_n1,8.0,,1.0,non_aligned_as_is,completed,18.0,0.2992435991764068,3.182146367005771,0.0033163810003316,valid,test,1.0,1,9.0,2123.0,2123.0,2123.0,predictions/beijing_48h_3h_station1013_seed2048_tst_d8_n1.npz,checkpoints/beijing_48h_3h_station1013_seed2048_tst_d8_n1.pt,training_logs/beijing_48h_3h_station1013_seed2048_tst_d8_n1.csv,0.1968183368444442,0.4436421269947707,0.2581257224082947,33.04019546508789,19.22388458251953,29.24350547790528,False,,,31.051353454589844,16.6970157623291,6.405009087306199,False,tst_d8_n1,,
beijing_48h_3h_station1013_seed2049_tst_d8_n1,beijing,48,3,1013,2049,tst,tst_d8_n1,tst_d8_n1,8.0,,1.0,non_aligned_as_is,completed,23.0,0.309068351984024,3.746737256005872,0.0032611909991828,valid,test,1.0,1,9.0,2123.0,2123.0,2123.0,predictions/beijing_48h_3h_station1013_seed2049_tst_d8_n1.npz,checkpoints/beijing_48h_3h_station1013_seed2049_tst_d8_n1.pt,training_logs/beijing_48h_3h_station1013_seed2049_tst_d8_n1.csv,0.195199579000473,0.4418139642434053,0.2610779404640198,32.90404510498047,19.443748474121094,30.012365341186523,False,,,31.17669677734375,16.931669235229492,5.540511042503999,False,tst_d8_n1,,
beijing_48h_6h_station1013_seed2047_tst_d8_n1,beijing,48,6,1013,2047,tst,tst_d8_n1,tst_d8_n1,8.0,,1.0,non_aligned_as_is,completed,37.0,0.4906542599201202,5.376021250995109,0.0034377550036879,valid,test,1.0,1,9.0,3278.0,3278.0,3278.0,predictions/beijing_48h_6h_station1013_seed2047_tst_d8_n1.npz,checkpoints/beijing_48h_6h_station1013_seed2047_tst_d8_n1.pt,training_logs/beijing_48h_6h_station1013_seed2047_tst_d8_n1.csv,0.3114978969097137,0.5581199664137754,0.3351505696773529,41.56592178344727,24.960298538208008,35.740516662597656,False,,,41.811302185058594,24.404136657714844,-0.5868757699180402,True,tst_d8_n1,,
beijing_48h_6h_station1013_seed2048_tst_d8_n1,beijing,48,6,1013,2048,tst,tst_d8_n1,tst_d8_n1,8.0,,1.0,non_aligned_as_is,completed,16.0,0.5145731568336487,2.9066515380109195,0.0032102709956234,valid,test,1.0,1,9.0,3278.0,3278.0,3278.0,predictions/beijing_48h_6h_station1013_seed2048_tst_d8_n1.npz,checkpoints/beijing_48h_6h_station1013_seed2048_tst_d8_n1.pt,training_logs/beijing_48h_6h_station1013_seed2048_tst_d8_n1.csv,0.3114640414714813,0.5580896356961679,0.3416415750980377,41.56365966796875,25.443716049194336,37.28247833251953,False,,,41.650672912597656,23.962068557739254,-0.208911977992529,True,tst_d8_n1,,
beijing_48h_6h_station1013_seed2049_tst_d8_n1,beijing,48,6,1013,2049,tst,tst_d8_n1,tst_d8_n1,8.0,,1.0,non_aligned_as_is,completed,40.0,0.5046795010566711,4.874454290998983,0.0032150199986062,valid,test,1.0,1,9.0,3278.0,3278.0,3278.0,predictions/beijing_48h_6h_station1013_seed2049_tst_d8_n1.npz,checkpoints/beijing_48h_6h_station1013_seed2049_tst_d8_n1.pt,training_logs/beijing_48h_6h_station1013_seed2049_tst_d8_n1.csv,0.3051527142524719,0.5524062945445788,0.348175972700119,41.14039611816406,25.930362701416016,39.176944732666016,False,,,42.05476379394531,24.104082107543945,-2.174230915340185,True,tst_d8_n1,,
beijing_48h_12h_station1013_seed2047_tst_d8_n1,beijing,48,12,1013,2047,tst,tst_d8_n1,tst_d8_n1,8.0,,1.0,non_aligned_as_is,completed,36.0,0.7959161996841431,5.4302777359989705,0.0032674980029696,valid,test,1.0,1,9.0,5588.0,5588.0,5588.0,predictions/beijing_48h_12h_station1013_seed2047_tst_d8_n1.npz,checkpoints/beijing_48h_12h_station1013_seed2047_tst_d8_n1.pt,training_logs/beijing_48h_12h_station1013_seed2047_tst_d8_n1.csv,0.5649363398551941,0.7516224716273417,0.485329121351242,55.96783065795898,36.13891220092773,47.7495231628418,False,,,57.32188415527344,35.63805389404297,-2.362192934284229,True,tst_d8_n1,,
beijing_48h_12h_station1013_seed2048_tst_d8_n1,beijing,48,12,1013,2048,tst,tst_d8_n1,tst_d8_n1,8.0,,1.0,non_aligned_as_is,completed,19.0,0.8034517168998718,3.262581089991727,0.0031939499895088,valid,test,1.0,1,9.0,5588.0,5588.0,5588.0,predictions/beijing_48h_12h_station1013_seed2048_tst_d8_n1.npz,checkpoints/beijing_48h_12h_station1013_seed2048_tst_d8_n1.pt,training_logs/beijing_48h_12h_station1013_seed2048_tst_d8_n1.csv,0.4912554919719696,0.7008962062759148,0.4522427320480346,52.19060897827149,33.67520523071289,47.66260528564453,False,,,52.859134674072266,33.03700637817383,-1.2647306845314101,True,tst_d8_n1,,
beijing_48h_12h_station1013_seed2049_tst_d8_n1,beijing,48,12,1013,2049,tst,tst_d8_n1,tst_d8_n1,8.0,,1.0,non_aligned_as_is,completed,29.0,0.8238239884376526,4.499080877008964,0.0032020490034483,valid,test,1.0,1,9.0,5588.0,5588.0,5588.0,predictions/beijing_48h_12h_station1013_seed2049_tst_d8_n1.npz,checkpoints/beijing_48h_12h_station1013_seed2049_tst_d8_n1.pt,training_logs/beijing_48h_12h_station1013_seed2049_tst_d8_n1.csv,0.4876127243041992,0.698292721073476,0.4566336870193481,51.99674987792969,34.00217056274414,47.34782028198242,False,,,55.133583068847656,34.52684020996094,-5.68951447795597,True,tst_d8_n1,,
beijing_48h_24h_station1013_seed2047_tst_d8_n1,beijing,48,24,1013,2047,tst,tst_d8_n1,tst_d8_n1,8.0,,1.0,non_aligned_as_is,completed,39.0,1.1697412729263306,5.403491015997133,0.003387434000615,valid,test,1.0,1,9.0,10208.0,10208.0,10208.0,predictions/beijing_48h_24h_station1013_seed2047_tst_d8_n1.npz,checkpoints/beijing_48h_24h_station1013_seed2047_tst_d8_n1.pt,training_logs/beijing_48h_24h_station1013_seed2047_tst_d8_n1.csv,0.8113412261009216,0.9007448174155218,0.6158760786056519,67.05094909667969,45.84547805786133,58.29594039916992,False,,,69.85392761230469,46.93188095092773,-4.0126283681309545,True,tst_d8_n1,,
beijing_48h_24h_station1013_seed2048_tst_d8_n1,beijing,48,24,1013,2048,tst,tst_d8_n1,tst_d8_n1,8.0,,1.0,non_aligned_as_is,completed,25.0,1.1889042854309082,3.998156059999019,0.0033846890000859,valid,test,1.0,1,9.0,10208.0,10208.0,10208.0,predictions/beijing_48h_24h_station1013_seed2048_tst_d8_n1.npz,checkpoints/beijing_48h_24h_station1013_seed2048_tst_d8_n1.pt,training_logs/beijing_48h_24h_station1013_seed2048_tst_d8_n1.csv,0.6917061805725098,0.8316887522219534,0.5719807744026184,61.910457611083984,42.57793426513672,56.18495178222656,False,,,68.12368774414062,45.795066833496094,-9.120513493621088,True,tst_d8_n1,,
beijing_48h_24h_station1013_seed2049_tst_d8_n1,beijing,48,24,1013,2049,tst,tst_d8_n1,tst_d8_n1,8.0,,1.0,non_aligned_as_is,completed,15.0,1.2122406959533691,2.805254581006011,0.0033899579866556,valid,test,1.0,1,9.0,10208.0,10208.0,10208.0,predictions/beijing_48h_24h_station1013_seed2049_tst_d8_n1.npz,checkpoints/beijing_48h_24h_station1013_seed2049_tst_d8_n1.pt,training_logs/beijing_48h_24h_station1013_seed2049_tst_d8_n1.csv,0.6722905039787292,0.819933231415052,0.5667532086372375,61.03538131713867,42.18879699707031,56.72737884521485,False,,,70.52690887451172,47.815460205078125,-13.45802291471655,True,tst_d8_n1,,
beijing_72h_1h_station1013_seed2047_tst_d8_n1,beijing,72,1,1013,2047,tst,tst_d8_n1,tst_d8_n1,8.0,,1.0,non_aligned_as_is,completed,30.0,0.1362657397985458,6.610979028002475,0.0033380099921487,valid,test,1.0,1,9.0,1737.0,1737.0,1737.0,predictions/beijing_72h_1h_station1013_seed2047_tst_d8_n1.npz,checkpoints/beijing_72h_1h_station1013_seed2047_tst_d8_n1.pt,training_logs/beijing_72h_1h_station1013_seed2047_tst_d8_n1.csv,0.0988087356090545,0.3143385684402322,0.1733827888965606,23.39919090270996,12.906519889831545,21.60444641113281,False,,,21.06454849243164,10.74881076812744,11.08327772188966,False,tst_d8_n1,,
beijing_72h_1h_station1013_seed2048_tst_d8_n1,beijing,72,1,1013,2048,tst,tst_d8_n1,tst_d8_n1,8.0,,1.0,non_aligned_as_is,completed,27.0,0.1449250429868698,5.393641705988557,0.0033637949964031,valid,test,1.0,1,9.0,1737.0,1737.0,1737.0,predictions/beijing_72h_1h_station1013_seed2048_tst_d8_n1.npz,checkpoints/beijing_72h_1h_station1013_seed2048_tst_d8_n1.pt,training_logs/beijing_72h_1h_station1013_seed2048_tst_d8_n1.csv,0.1005115732550621,0.3170356025039808,0.1775151491165161,23.599958419799805,13.214131355285645,22.97454833984375,False,,,20.968732833862305,10.600374221801758,12.548329013417284,False,tst_d8_n1,,
beijing_72h_1h_station1013_seed2049_tst_d8_n1,beijing,72,1,1013,2049,tst,tst_d8_n1,tst_d8_n1,8.0,,1.0,non_aligned_as_is,completed,28.0,0.1834524720907211,5.402191500994377,0.0032014809985412,valid,test,1.0,1,9.0,1737.0,1737.0,1737.0,predictions/beijing_72h_1h_station1013_seed2049_tst_d8_n1.npz,checkpoints/beijing_72h_1h_station1013_seed2049_tst_d8_n1.pt,training_logs/beijing_72h_1h_station1013_seed2049_tst_d8_n1.csv,0.1244231015443801,0.3527365894607195,0.2157578766345977,26.257518768310547,16.060897827148438,25.440410614013672,False,,,21.28269386291504,10.951455116271973,23.374977516657836,False,tst_d8_n1,,
beijing_72h_3h_station1013_seed2047_tst_d8_n1,beijing,72,3,1013,2047,tst,tst_d8_n1,tst_d8_n1,8.0,,1.0,non_aligned_as_is,completed,29.0,0.3047527372837066,6.077834568000981,0.0031737289973534,valid,test,1.0,1,9.0,2891.0,2891.0,2891.0,predictions/beijing_72h_3h_station1013_seed2047_tst_d8_n1.npz,checkpoints/beijing_72h_3h_station1013_seed2047_tst_d8_n1.pt,training_logs/beijing_72h_3h_station1013_seed2047_tst_d8_n1.csv,0.1952140480279922,0.4418303385101483,0.2576465606689453,32.88739776611328,19.177778244018555,30.084232330322266,False,,,31.00885581970215,17.128154754638672,6.058082108329713,False,tst_d8_n1,,
beijing_72h_3h_station1013_seed2048_tst_d8_n1,beijing,72,3,1013,2048,tst,tst_d8_n1,tst_d8_n1,8.0,,1.0,non_aligned_as_is,completed,30.0,0.3144250512123108,5.45954820899351,0.0032129250030266,valid,test,1.0,1,9.0,2891.0,2891.0,2891.0,predictions/beijing_72h_3h_station1013_seed2048_tst_d8_n1.npz,checkpoints/beijing_72h_3h_station1013_seed2048_tst_d8_n1.pt,training_logs/beijing_72h_3h_station1013_seed2048_tst_d8_n1.csv,0.1962259411811828,0.4429739734805905,0.2599632143974304,32.97252655029297,19.35022354125977,30.44095039367676,False,,,31.21354103088379,16.76036262512207,5.635328326474644,False,tst_d8_n1,,
beijing_72h_3h_station1013_seed2049_tst_d8_n1,beijing,72,3,1013,2049,tst,tst_d8_n1,tst_d8_n1,8.0,,1.0,non_aligned_as_is,completed,30.0,0.3405791521072387,5.452671158011071,0.0031813109962968,valid,test,1.0,1,9.0,2891.0,2891.0,2891.0,predictions/beijing_72h_3h_station1013_seed2049_tst_d8_n1.npz,checkpoints/beijing_72h_3h_station1013_seed2049_tst_d8_n1.pt,training_logs/beijing_72h_3h_station1013_seed2049_tst_d8_n1.csv,0.2145711630582809,0.4632182671897568,0.2848927080631256,34.479400634765625,21.2058334350586,33.770294189453125,False,,,31.59510612487793,17.138343811035156,9.12892806400991,False,tst_d8_n1,,
beijing_72h_6h_station1013_seed2047_tst_d8_n1,beijing,72,6,1013,2047,tst,tst_d8_n1,tst_d8_n1,8.0,,1.0,non_aligned_as_is,completed,30.0,0.5245697498321533,6.012561600990011,0.0033172190014738,valid,test,1.0,1,9.0,4622.0,4622.0,4622.0,predictions/beijing_72h_6h_station1013_seed2047_tst_d8_n1.npz,checkpoints/beijing_72h_6h_station1013_seed2047_tst_d8_n1.pt,training_logs/beijing_72h_6h_station1013_seed2047_tst_d8_n1.csv,0.3065486550331116,0.5536683619578706,0.3405577540397644,41.20927429199219,25.347551345825195,37.53266525268555,False,,,41.74861526489258,24.63315200805664,-1.2918775137290255,True,tst_d8_n1,,
beijing_72h_6h_station1013_seed2048_tst_d8_n1,beijing,72,6,1013,2048,tst,tst_d8_n1,tst_d8_n1,8.0,,1.0,non_aligned_as_is,completed,29.0,0.5239190459251404,5.40606862900313,0.0032197980035562,valid,test,1.0,1,9.0,4622.0,4622.0,4622.0,predictions/beijing_72h_6h_station1013_seed2048_tst_d8_n1.npz,checkpoints/beijing_72h_6h_station1013_seed2048_tst_d8_n1.pt,training_logs/beijing_72h_6h_station1013_seed2048_tst_d8_n1.csv,0.3058141767978668,0.5530046806292572,0.3413030505180359,41.15987777709961,25.40302276611328,37.96726608276367,False,,,41.156280517578125,24.216215133666992,0.00874048742074241,False,tst_d8_n1,,
beijing_72h_6h_station1013_seed2049_tst_d8_n1,beijing,72,6,1013,2049,tst,tst_d8_n1,tst_d8_n1,8.0,,1.0,non_aligned_as_is,completed,25.0,0.5389974117279053,5.413493415006087,0.0032363000063924,valid,test,1.0,1,9.0,4622.0,4622.0,4622.0,predictions/beijing_72h_6h_station1013_seed2049_tst_d8_n1.npz,checkpoints/beijing_72h_6h_station1013_seed2049_tst_d8_n1.pt,training_logs/beijing_72h_6h_station1013_seed2049_tst_d8_n1.csv,0.3200120031833648,0.5656960342651917,0.3535744249820709,42.10448455810547,26.31637382507324,38.20920944213867,False,,,41.276737213134766,24.22653007507324,2.0053604060238164,False,tst_d8_n1,,
beijing_72h_12h_station1013_seed2047_tst_d8_n1,beijing,72,12,1013,2047,tst,tst_d8_n1,tst_d8_n1,8.0,,1.0,non_aligned_as_is,completed,25.0,0.8333919048309326,6.082383122993633,0.0033369409939041,valid,test,1.0,1,9.0,8084.0,8084.0,8084.0,predictions/beijing_72h_12h_station1013_seed2047_tst_d8_n1.npz,checkpoints/beijing_72h_12h_station1013_seed2047_tst_d8_n1.pt,training_logs/beijing_72h_12h_station1013_seed2047_tst_d8_n1.csv,0.4766362905502319,0.6903885069656301,0.4502050280570984,51.38373565673828,33.507530212402344,46.587501525878906,False,,,56.09211349487305,35.244869232177734,-8.394010396069534,True,tst_d8_n1,,
beijing_72h_12h_station1013_seed2048_tst_d8_n1,beijing,72,12,1013,2048,tst,tst_d8_n1,tst_d8_n1,8.0,,1.0,non_aligned_as_is,completed,25.0,0.8417211174964905,5.51416079000046,0.0032866340043256,valid,test,1.0,1,9.0,8084.0,8084.0,8084.0,predictions/beijing_72h_12h_station1013_seed2048_tst_d8_n1.npz,checkpoints/beijing_72h_12h_station1013_seed2048_tst_d8_n1.pt,training_logs/beijing_72h_12h_station1013_seed2048_tst_d8_n1.csv,0.4691307544708252,0.684931204188293,0.4480485916137695,50.9775619506836,33.34703826904297,47.69221878051758,False,,,55.03749084472656,34.67401123046875,-7.376660584867425,True,tst_d8_n1,,
beijing_72h_12h_station1013_seed2049_tst_d8_n1,beijing,72,12,1013,2049,tst,tst_d8_n1,tst_d8_n1,8.0,,1.0,non_aligned_as_is,completed,22.0,0.8534470200538635,5.130952840001555,0.0034291479969397,valid,test,1.0,1,9.0,8084.0,8084.0,8084.0,predictions/beijing_72h_12h_station1013_seed2049_tst_d8_n1.npz,checkpoints/beijing_72h_12h_station1013_seed2049_tst_d8_n1.pt,training_logs/beijing_72h_12h_station1013_seed2049_tst_d8_n1.csv,0.4860075116157532,0.6971423897710949,0.4553030133247375,51.88640975952149,33.886962890625,47.29965972900391,False,,,54.70387268066406,35.244651794433594,-5.15039024309964,True,tst_d8_n1,,
beijing_72h_24h_station1013_seed2047_tst_d8_n1,beijing,72,24,1013,2047,tst,tst_d8_n1,tst_d8_n1,8.0,,1.0,non_aligned_as_is,completed,28.0,1.2429276704788208,6.027735854004277,0.0034204609983135,valid,test,1.0,1,9.0,15008.0,15008.0,15008.0,predictions/beijing_72h_24h_station1013_seed2047_tst_d8_n1.npz,checkpoints/beijing_72h_24h_station1013_seed2047_tst_d8_n1.pt,training_logs/beijing_72h_24h_station1013_seed2047_tst_d8_n1.csv,0.6543735861778259,0.8089336104884169,0.5547023415565491,60.19343948364258,41.27587127685547,55.20741271972656,False,,,65.6296157836914,44.675662994384766,-8.283114620030561,True,tst_d8_n1,,
beijing_72h_24h_station1013_seed2048_tst_d8_n1,beijing,72,24,1013,2048,tst,tst_d8_n1,tst_d8_n1,8.0,,1.0,non_aligned_as_is,completed,30.0,1.2003792524337769,5.42305337000289,0.0033224159997189,valid,test,1.0,1,9.0,15008.0,15008.0,15008.0,predictions/beijing_72h_24h_station1013_seed2048_tst_d8_n1.npz,checkpoints/beijing_72h_24h_station1013_seed2048_tst_d8_n1.pt,training_logs/beijing_72h_24h_station1013_seed2048_tst_d8_n1.csv,0.676653265953064,0.822589366545097,0.5640988945960999,61.20957565307617,41.97508239746094,57.421417236328125,False,,,64.7675552368164,43.77329254150391,-5.493459758872819,True,tst_d8_n1,,
beijing_72h_24h_station1013_seed2049_tst_d8_n1,beijing,72,24,1013,2049,tst,tst_d8_n1,tst_d8_n1,8.0,,1.0,non_aligned_as_is,completed,24.0,1.238064885139465,5.449141653007246,0.0033128029899671,valid,test,1.0,1,9.0,15008.0,15008.0,15008.0,predictions/beijing_72h_24h_station1013_seed2049_tst_d8_n1.npz,checkpoints/beijing_72h_24h_station1013_seed2049_tst_d8_n1.pt,training_logs/beijing_72h_24h_station1013_seed2049_tst_d8_n1.csv,0.6612687110900879,0.8131843032733034,0.5622605681419373,60.50973510742188,41.83829116821289,56.18838119506836,False,,,68.50748443603516,46.28374862670898,-11.674270912809101,True,tst_d8_n1,,
beijing_168h_1h_station1013_seed2047_tst_d8_n1,beijing,168,1,1013,2047,tst,tst_d8_n1,tst_d8_n1,8.0,,1.0,non_aligned_as_is,completed,27.0,0.134665161371231,13.251864402001956,0.0094927549944259,valid,test,1.0,1,9.0,3273.0,3273.0,3273.0,predictions/beijing_168h_1h_station1013_seed2047_tst_d8_n1.npz,checkpoints/beijing_168h_1h_station1013_seed2047_tst_d8_n1.pt,training_logs/beijing_168h_1h_station1013_seed2047_tst_d8_n1.csv,0.1021829172968864,0.3196606283183564,0.1863787174224853,23.76092529296875,13.85385036468506,24.643741607666016,False,,,21.871671676635746,11.994721412658691,8.637902233834215,False,tst_d8_n1,,
beijing_168h_1h_station1013_seed2048_tst_d8_n1,beijing,168,1,1013,2048,tst,tst_d8_n1,tst_d8_n1,8.0,,1.0,non_aligned_as_is,completed,30.0,0.1337331533432006,12.616069600000628,0.0095319240062963,valid,test,1.0,1,9.0,3273.0,3273.0,3273.0,predictions/beijing_168h_1h_station1013_seed2048_tst_d8_n1.npz,checkpoints/beijing_168h_1h_station1013_seed2048_tst_d8_n1.pt,training_logs/beijing_168h_1h_station1013_seed2048_tst_d8_n1.csv,0.1015917360782623,0.3187345856324072,0.1787540465593338,23.69209289550781,13.287096977233888,22.72389030456543,False,,,21.76912498474121,11.43486213684082,8.833464423188703,False,tst_d8_n1,,
beijing_168h_1h_station1013_seed2049_tst_d8_n1,beijing,168,1,1013,2049,tst,tst_d8_n1,tst_d8_n1,8.0,,1.0,non_aligned_as_is,completed,29.0,0.1418200135231018,12.614134335992276,0.0094571579975308,valid,test,1.0,1,9.0,3273.0,3273.0,3273.0,predictions/beijing_168h_1h_station1013_seed2049_tst_d8_n1.npz,checkpoints/beijing_168h_1h_station1013_seed2049_tst_d8_n1.pt,training_logs/beijing_168h_1h_station1013_seed2049_tst_d8_n1.csv,0.1030454263091087,0.3210068944884342,0.1863941252231598,23.86099624633789,13.854995727539062,23.48388671875,False,,,22.61062812805176,12.07103443145752,5.530001693030661,False,tst_d8_n1,,
beijing_168h_3h_station1013_seed2047_tst_d8_n1,beijing,168,3,1013,2047,tst,tst_d8_n1,tst_d8_n1,8.0,,1.0,non_aligned_as_is,completed,30.0,0.2949532568454742,13.275720837002154,0.0095333589997608,valid,test,1.0,1,9.0,5963.0,5963.0,5963.0,predictions/beijing_168h_3h_station1013_seed2047_tst_d8_n1.npz,checkpoints/beijing_168h_3h_station1013_seed2047_tst_d8_n1.pt,training_logs/beijing_168h_3h_station1013_seed2047_tst_d8_n1.csv,0.1992956548929214,0.4464254191832287,0.2670412957668304,33.183082580566406,19.849349975585938,33.38542175292969,False,,,31.7686710357666,18.36850929260254,4.452221319574233,False,tst_d8_n1,,
beijing_168h_3h_station1013_seed2048_tst_d8_n1,beijing,168,3,1013,2048,tst,tst_d8_n1,tst_d8_n1,8.0,,1.0,non_aligned_as_is,completed,30.0,0.2980827987194061,12.652187875995878,0.0096065239922609,valid,test,1.0,1,9.0,5963.0,5963.0,5963.0,predictions/beijing_168h_3h_station1013_seed2048_tst_d8_n1.npz,checkpoints/beijing_168h_3h_station1013_seed2048_tst_d8_n1.pt,training_logs/beijing_168h_3h_station1013_seed2048_tst_d8_n1.csv,0.2054944634437561,0.4533149715636536,0.2729650437831878,33.6951904296875,20.2896671295166,35.42070007324219,False,,,31.73417854309082,18.07464408874512,6.1794947171356105,False,tst_d8_n1,,
beijing_168h_3h_station1013_seed2049_tst_d8_n1,beijing,168,3,1013,2049,tst,tst_d8_n1,tst_d8_n1,8.0,,1.0,non_aligned_as_is,completed,30.0,0.3072768151760101,12.652378173996112,0.0095343499997397,valid,test,1.0,1,9.0,5963.0,5963.0,5963.0,predictions/beijing_168h_3h_station1013_seed2049_tst_d8_n1.npz,checkpoints/beijing_168h_3h_station1013_seed2049_tst_d8_n1.pt,training_logs/beijing_168h_3h_station1013_seed2049_tst_d8_n1.csv,0.2020687609910965,0.4495205901747955,0.2735108435153961,33.41315078735352,20.33023452758789,33.46036911010742,False,,,32.07843780517578,18.52771759033203,4.160779244562803,False,tst_d8_n1,,
beijing_168h_6h_station1013_seed2047_tst_d8_n1,beijing,168,6,1013,2047,tst,tst_d8_n1,tst_d8_n1,8.0,,1.0,non_aligned_as_is,completed,28.0,0.5024315118789673,12.639325676005685,0.0095137739990605,valid,test,1.0,1,9.0,9998.0,9998.0,9998.0,predictions/beijing_168h_6h_station1013_seed2047_tst_d8_n1.npz,checkpoints/beijing_168h_6h_station1013_seed2047_tst_d8_n1.pt,training_logs/beijing_168h_6h_station1013_seed2047_tst_d8_n1.csv,0.3199117481708526,0.5656074152367989,0.3644227385520935,42.04195785522461,27.0877742767334,42.2381591796875,False,,,42.01683807373047,25.93600273132324,0.059785035347164485,False,tst_d8_n1,,
beijing_168h_6h_station1013_seed2048_tst_d8_n1,beijing,168,6,1013,2048,tst,tst_d8_n1,tst_d8_n1,8.0,,1.0,non_aligned_as_is,completed,20.0,0.5144758820533752,10.952879651988042,0.009479222993832,valid,test,1.0,1,9.0,9998.0,9998.0,9998.0,predictions/beijing_168h_6h_station1013_seed2048_tst_d8_n1.npz,checkpoints/beijing_168h_6h_station1013_seed2048_tst_d8_n1.pt,training_logs/beijing_168h_6h_station1013_seed2048_tst_d8_n1.csv,0.3234601020812988,0.5687355291181472,0.362801730632782,42.27447509765625,26.9672794342041,41.12534332275391,False,,,42.51594543457031,26.329206466674805,-0.5679524104330974,True,tst_d8_n1,,
beijing_168h_6h_station1013_seed2049_tst_d8_n1,beijing,168,6,1013,2049,tst,tst_d8_n1,tst_d8_n1,8.0,,1.0,non_aligned_as_is,completed,26.0,0.5209623575210571,12.63734258900513,0.0095351320051122,valid,test,1.0,1,9.0,9998.0,9998.0,9998.0,predictions/beijing_168h_6h_station1013_seed2049_tst_d8_n1.npz,checkpoints/beijing_168h_6h_station1013_seed2049_tst_d8_n1.pt,training_logs/beijing_168h_6h_station1013_seed2049_tst_d8_n1.csv,0.3213625848293304,0.5668885118163275,0.3602681159973144,42.13718032836914,26.77895736694336,41.57018661499024,False,,,42.00048828125,26.010665893554688,0.3254534714068149,False,tst_d8_n1,,
beijing_168h_6h_station1013_seed2050_tst_d8_n1,beijing,168,6,1013,2050,tst,tst_d8_n1,tst_d8_n1,8.0,,1.0,non_aligned_as_is,completed,27.0,0.5087599754333496,12.643566762009868,0.0094863190024625,valid,test,1.0,1,9.0,9998.0,9998.0,9998.0,predictions/beijing_168h_6h_station1013_seed2050_tst_d8_n1.npz,checkpoints/beijing_168h_6h_station1013_seed2050_tst_d8_n1.pt,training_logs/beijing_168h_6h_station1013_seed2050_tst_d8_n1.csv,0.3135074079036712,0.5599173223822168,0.3622672259807586,41.61901092529297,26.927553176879883,41.33778381347656,False,,,42.20603942871094,26.009906768798828,-1.3908637516427063,True,tst_d8_n1,,
beijing_168h_6h_station1013_seed2051_tst_d8_n1,beijing,168,6,1013,2051,tst,tst_d8_n1,tst_d8_n1,8.0,,1.0,non_aligned_as_is,completed,29.0,0.5170738101005554,12.534589994000273,0.009535181990941,valid,test,1.0,1,9.0,9998.0,9998.0,9998.0,predictions/beijing_168h_6h_station1013_seed2051_tst_d8_n1.npz,checkpoints/beijing_168h_6h_station1013_seed2051_tst_d8_n1.pt,training_logs/beijing_168h_6h_station1013_seed2051_tst_d8_n1.csv,0.3220970928668976,0.5675359837639351,0.3717866539955139,42.1853141784668,27.6351375579834,42.79559326171875,False,,,41.76411056518555,25.687108993530277,1.0085300694332617,False,tst_d8_n1,,
beijing_168h_12h_station1013_seed2047_tst_d8_n1,beijing,168,12,1013,2047,tst,tst_d8_n1,tst_d8_n1,8.0,,1.0,non_aligned_as_is,completed,29.0,0.814148485660553,13.204362740987564,0.0096715360123198,valid,test,1.0,1,9.0,18068.0,18068.0,18068.0,predictions/beijing_168h_12h_station1013_seed2047_tst_d8_n1.npz,checkpoints/beijing_168h_12h_station1013_seed2047_tst_d8_n1.pt,training_logs/beijing_168h_12h_station1013_seed2047_tst_d8_n1.csv,0.5300528407096863,0.7280472791719548,0.4977034032344818,54.122833251953125,36.9991340637207,52.22079849243164,False,,,54.23294448852539,36.208377838134766,-0.2030338525977747,True,tst_d8_n1,,
beijing_168h_12h_station1013_seed2048_tst_d8_n1,beijing,168,12,1013,2048,tst,tst_d8_n1,tst_d8_n1,8.0,,1.0,non_aligned_as_is,completed,28.0,0.8284607529640198,12.5888961719902,0.0095992790011223,valid,test,1.0,1,9.0,18068.0,18068.0,18068.0,predictions/beijing_168h_12h_station1013_seed2048_tst_d8_n1.npz,checkpoints/beijing_168h_12h_station1013_seed2048_tst_d8_n1.pt,training_logs/beijing_168h_12h_station1013_seed2048_tst_d8_n1.csv,0.5054486393928528,0.7109491116759713,0.4777409732341766,52.85176086425781,35.515132904052734,52.03839111328125,False,,,55.16896057128906,36.87693405151367,-4.200187357231384,True,tst_d8_n1,,
beijing_168h_12h_station1013_seed2049_tst_d8_n1,beijing,168,12,1013,2049,tst,tst_d8_n1,tst_d8_n1,8.0,,1.0,non_aligned_as_is,completed,16.0,0.8385635018348694,9.24259767800686,0.0095652820018585,valid,test,1.0,1,9.0,18068.0,18068.0,18068.0,predictions/beijing_168h_12h_station1013_seed2049_tst_d8_n1.npz,checkpoints/beijing_168h_12h_station1013_seed2049_tst_d8_n1.pt,training_logs/beijing_168h_12h_station1013_seed2049_tst_d8_n1.csv,0.5100182294845581,0.7141556059323193,0.4826759099960327,53.09013366699219,35.88199615478516,52.25085067749024,False,,,58.07843780517578,38.81656646728516,-8.588908942277113,True,tst_d8_n1,,
beijing_168h_24h_station1013_seed2047_tst_d8_n1,beijing,168,24,1013,2047,tst,tst_d8_n1,tst_d8_n1,8.0,,1.0,non_aligned_as_is,completed,29.0,1.1675516366958618,13.202286040002946,0.0096104030089918,valid,test,1.0,1,9.0,34208.0,34208.0,34208.0,predictions/beijing_168h_24h_station1013_seed2047_tst_d8_n1.npz,checkpoints/beijing_168h_24h_station1013_seed2047_tst_d8_n1.pt,training_logs/beijing_168h_24h_station1013_seed2047_tst_d8_n1.csv,0.8087087273597717,0.8992823401800859,0.6436612606048584,66.88973236083984,47.87631607055664,63.51466751098633,False,,,67.65840148925781,47.55368041992188,-1.1361029990340683,True,tst_d8_n1,,
beijing_168h_24h_station1013_seed2048_tst_d8_n1,beijing,168,24,1013,2048,tst,tst_d8_n1,tst_d8_n1,8.0,,1.0,non_aligned_as_is,completed,21.0,1.2106925249099731,11.332032915990569,0.0095291980105685,valid,test,1.0,1,9.0,34208.0,34208.0,34208.0,predictions/beijing_168h_24h_station1013_seed2048_tst_d8_n1.npz,checkpoints/beijing_168h_24h_station1013_seed2048_tst_d8_n1.pt,training_logs/beijing_168h_24h_station1013_seed2048_tst_d8_n1.csv,0.730400025844574,0.8546344398891107,0.6094546914100647,63.56876373291016,45.331993103027344,62.71558380126953,False,,,72.7971420288086,50.40897750854492,-12.676841478538279,True,tst_d8_n1,,
beijing_168h_24h_station1013_seed2049_tst_d8_n1,beijing,168,24,1013,2049,tst,tst_d8_n1,tst_d8_n1,8.0,,1.0,non_aligned_as_is,completed,11.0,1.2174291610717771,7.171445970991044,0.0094669950049137,valid,test,1.0,1,9.0,34208.0,34208.0,34208.0,predictions/beijing_168h_24h_station1013_seed2049_tst_d8_n1.npz,checkpoints/beijing_168h_24h_station1013_seed2049_tst_d8_n1.pt,training_logs/beijing_168h_24h_station1013_seed2049_tst_d8_n1.csv,0.7037566304206848,0.8389020386318565,0.5920006632804871,62.3985710144043,44.03374099731445,61.17999649047852,False,,,66.645751953125,46.83631896972656,-6.372770678179068,True,tst_d8_n1,,
beijing_24h_1h_station1013_seed2047_tst_d12_n1,beijing,24,1,1013,2047,tst,tst_d12_n1,tst_d12_n1,12.0,,1.0,non_aligned_as_is,completed,17.0,0.1228975355625152,2.0585167390090646,0.0031786109902895,valid,test,1.0,1,9.0,1837.0,1837.0,1837.0,predictions/beijing_24h_1h_station1013_seed2047_tst_d12_n1.npz,checkpoints/beijing_24h_1h_station1013_seed2047_tst_d12_n1.pt,training_logs/beijing_24h_1h_station1013_seed2047_tst_d12_n1.csv,0.0928466767072677,0.3047075265024935,0.1676027178764343,22.70671844482422,12.489706039428713,23.082714080810547,False,,,20.988380432128903,10.146111488342283,8.187091987645188,False,tst_d12_n1,,
beijing_24h_1h_station1013_seed2048_tst_d12_n1,beijing,24,1,1013,2048,tst,tst_d12_n1,tst_d12_n1,12.0,,1.0,non_aligned_as_is,completed,19.0,0.1176667958498001,2.2613909200008493,0.0031114580051507,valid,test,1.0,1,9.0,1837.0,1837.0,1837.0,predictions/beijing_24h_1h_station1013_seed2048_tst_d12_n1.npz,checkpoints/beijing_24h_1h_station1013_seed2048_tst_d12_n1.pt,training_logs/beijing_24h_1h_station1013_seed2048_tst_d12_n1.csv,0.0914269462227821,0.3023688909639715,0.1609933078289032,22.53244400024414,11.997175216674805,20.957181930541992,False,,,20.778905868530277,10.011322021484377,8.439030153024579,False,tst_d12_n1,,
beijing_24h_1h_station1013_seed2049_tst_d12_n1,beijing,24,1,1013,2049,tst,tst_d12_n1,tst_d12_n1,12.0,,1.0,non_aligned_as_is,completed,28.0,0.1325533837080001,3.013396748996456,0.0031759019911987,valid,test,1.0,1,9.0,1837.0,1837.0,1837.0,predictions/beijing_24h_1h_station1013_seed2049_tst_d12_n1.npz,checkpoints/beijing_24h_1h_station1013_seed2049_tst_d12_n1.pt,training_logs/beijing_24h_1h_station1013_seed2049_tst_d12_n1.csv,0.0997776389122009,0.3158759866026553,0.1977326422929763,23.53898811340332,14.734980583190918,28.53352737426757,False,,,20.896221160888672,10.110241889953612,12.647104623208616,False,tst_d12_n1,,
beijing_24h_1h_station1013_seed2050_tst_d12_n1,beijing,24,1,1013,2050,tst,tst_d12_n1,tst_d12_n1,12.0,,1.0,non_aligned_as_is,completed,28.0,0.1173980012536048,2.9993916819948936,0.0030683410004712,valid,test,1.0,1,9.0,1837.0,1837.0,1837.0,predictions/beijing_24h_1h_station1013_seed2050_tst_d12_n1.npz,checkpoints/beijing_24h_1h_station1013_seed2050_tst_d12_n1.pt,training_logs/beijing_24h_1h_station1013_seed2050_tst_d12_n1.csv,0.0881844535470008,0.2969586731297823,0.1566785871982574,22.12927627563477,11.675644874572754,19.485271453857425,False,,,21.0170955657959,10.084884643554688,5.291790706080626,False,tst_d12_n1,,
beijing_24h_1h_station1013_seed2051_tst_d12_n1,beijing,24,1,1013,2051,tst,tst_d12_n1,tst_d12_n1,12.0,,1.0,non_aligned_as_is,completed,10.0,0.135867491364479,1.5140321379876696,0.0030837480007903,valid,test,1.0,1,9.0,1837.0,1837.0,1837.0,predictions/beijing_24h_1h_station1013_seed2051_tst_d12_n1.npz,checkpoints/beijing_24h_1h_station1013_seed2051_tst_d12_n1.pt,training_logs/beijing_24h_1h_station1013_seed2051_tst_d12_n1.csv,0.0987351462244987,0.3142214923020046,0.1722966581583023,23.41569709777832,12.839497566223145,20.17829322814941,False,,,20.71529197692871,10.02131462097168,13.035805258536243,False,tst_d12_n1,,
beijing_24h_3h_station1013_seed2047_tst_d12_n1,beijing,24,3,1013,2047,tst,tst_d12_n1,tst_d12_n1,12.0,,1.0,non_aligned_as_is,completed,26.0,0.2759276926517486,2.848863496998092,0.0031575520115438,valid,test,1.0,1,9.0,2415.0,2415.0,2415.0,predictions/beijing_24h_3h_station1013_seed2047_tst_d12_n1.npz,checkpoints/beijing_24h_3h_station1013_seed2047_tst_d12_n1.pt,training_logs/beijing_24h_3h_station1013_seed2047_tst_d12_n1.csv,0.1857699900865554,0.4310104292085697,0.2571275532245636,32.1187744140625,19.16106986999512,32.00086975097656,False,,,30.44579696655273,16.024797439575195,5.494937279348199,False,tst_d12_n1,,
beijing_24h_3h_station1013_seed2048_tst_d12_n1,beijing,24,3,1013,2048,tst,tst_d12_n1,tst_d12_n1,12.0,,1.0,non_aligned_as_is,completed,24.0,0.2716597616672516,2.680169672006741,0.003111710990197,valid,test,1.0,1,9.0,2415.0,2415.0,2415.0,predictions/beijing_24h_3h_station1013_seed2048_tst_d12_n1.npz,checkpoints/beijing_24h_3h_station1013_seed2048_tst_d12_n1.pt,training_logs/beijing_24h_3h_station1013_seed2048_tst_d12_n1.csv,0.1850069761276245,0.4301243728593213,0.2456137388944625,32.0527458190918,18.30306434631348,29.175138473510746,False,,,30.800689697265625,16.063575744628906,4.065026251465158,False,tst_d12_n1,,
beijing_24h_3h_station1013_seed2049_tst_d12_n1,beijing,24,3,1013,2049,tst,tst_d12_n1,tst_d12_n1,12.0,,1.0,non_aligned_as_is,completed,16.0,0.2899216115474701,2.055049799004337,0.0030723700037924,valid,test,1.0,1,9.0,2415.0,2415.0,2415.0,predictions/beijing_24h_3h_station1013_seed2049_tst_d12_n1.npz,checkpoints/beijing_24h_3h_station1013_seed2049_tst_d12_n1.pt,training_logs/beijing_24h_3h_station1013_seed2049_tst_d12_n1.csv,0.1877245008945465,0.4332718556455595,0.2648634016513824,32.28729248046875,19.737546920776367,32.98580551147461,False,,,30.58614921569824,16.17045021057129,5.56180921231302,False,tst_d12_n1,,
beijing_24h_6h_station1013_seed2047_tst_d12_n1,beijing,24,6,1013,2047,tst,tst_d12_n1,tst_d12_n1,12.0,,1.0,non_aligned_as_is,completed,23.0,0.4771920442581177,2.59899837699777,0.0030848769965814,valid,test,1.0,1,9.0,3282.0,3282.0,3282.0,predictions/beijing_24h_6h_station1013_seed2047_tst_d12_n1.npz,checkpoints/beijing_24h_6h_station1013_seed2047_tst_d12_n1.pt,training_logs/beijing_24h_6h_station1013_seed2047_tst_d12_n1.csv,0.2945618629455566,0.542735536836825,0.3362684845924377,40.441349029541016,25.05668067932129,38.10346221923828,False,,,40.0059814453125,22.94923591613769,1.0882562269436027,False,tst_d12_n1,,
beijing_24h_6h_station1013_seed2048_tst_d12_n1,beijing,24,6,1013,2048,tst,tst_d12_n1,tst_d12_n1,12.0,,1.0,non_aligned_as_is,completed,18.0,0.486098051071167,2.178831070996239,0.0030767449934501,valid,test,1.0,1,9.0,3282.0,3282.0,3282.0,predictions/beijing_24h_6h_station1013_seed2048_tst_d12_n1.npz,checkpoints/beijing_24h_6h_station1013_seed2048_tst_d12_n1.pt,training_logs/beijing_24h_6h_station1013_seed2048_tst_d12_n1.csv,0.2964476644992828,0.5444700767712426,0.3372646868228912,40.570594787597656,25.13091468811035,37.43365859985352,False,,,39.84638977050781,22.57869529724121,1.817492177486709,False,tst_d12_n1,,
beijing_24h_6h_station1013_seed2049_tst_d12_n1,beijing,24,6,1013,2049,tst,tst_d12_n1,tst_d12_n1,12.0,,1.0,non_aligned_as_is,completed,34.0,0.4835658967494964,3.3412712850113166,0.0030553130054613,valid,test,1.0,1,9.0,3282.0,3282.0,3282.0,predictions/beijing_24h_6h_station1013_seed2049_tst_d12_n1.npz,checkpoints/beijing_24h_6h_station1013_seed2049_tst_d12_n1.pt,training_logs/beijing_24h_6h_station1013_seed2049_tst_d12_n1.csv,0.2993758022785187,0.5471524488463144,0.3533000349998474,40.770469665527344,26.32576942443848,40.82993698120117,False,,,39.889404296875,22.915658950805664,2.2087704346123007,False,tst_d12_n1,,
beijing_24h_12h_station1013_seed2047_tst_d12_n1,beijing,24,12,1013,2047,tst,tst_d12_n1,tst_d12_n1,12.0,,1.0,non_aligned_as_is,completed,23.0,0.789034903049469,2.6163861749955686,0.0031470289977733,valid,test,1.0,1,9.0,5016.0,5016.0,5016.0,predictions/beijing_24h_12h_station1013_seed2047_tst_d12_n1.npz,checkpoints/beijing_24h_12h_station1013_seed2047_tst_d12_n1.pt,training_logs/beijing_24h_12h_station1013_seed2047_tst_d12_n1.csv,0.4700836837291717,0.6856264899558445,0.4538470804691314,51.08097457885742,33.81279754638672,47.61635208129883,False,,,51.547157287597656,31.825634002685547,-0.9043810236503552,True,tst_d12_n1,,
beijing_24h_12h_station1013_seed2048_tst_d12_n1,beijing,24,12,1013,2048,tst,tst_d12_n1,tst_d12_n1,12.0,,1.0,non_aligned_as_is,completed,24.0,0.791965126991272,2.687320274999365,0.0031100390042411,valid,test,1.0,1,9.0,5016.0,5016.0,5016.0,predictions/beijing_24h_12h_station1013_seed2048_tst_d12_n1.npz,checkpoints/beijing_24h_12h_station1013_seed2048_tst_d12_n1.pt,training_logs/beijing_24h_12h_station1013_seed2048_tst_d12_n1.csv,0.4658820331096649,0.6825555165037236,0.4482961595058441,50.85218048095703,33.39924240112305,46.60920715332031,False,,,51.48316192626953,31.6285343170166,-1.225607405808031,True,tst_d12_n1,,
beijing_24h_12h_station1013_seed2049_tst_d12_n1,beijing,24,12,1013,2049,tst,tst_d12_n1,tst_d12_n1,12.0,,1.0,non_aligned_as_is,completed,16.0,0.807949423789978,2.0168406300072093,0.0030989069928182,valid,test,1.0,1,9.0,5016.0,5016.0,5016.0,predictions/beijing_24h_12h_station1013_seed2049_tst_d12_n1.npz,checkpoints/beijing_24h_12h_station1013_seed2049_tst_d12_n1.pt,training_logs/beijing_24h_12h_station1013_seed2049_tst_d12_n1.csv,0.4677354097366333,0.6839118435417194,0.4538474380970001,50.95323181152344,33.81283187866211,47.27829360961914,False,,,51.83720016479492,32.26030349731445,-1.7052779672923555,True,tst_d12_n1,,
beijing_24h_24h_station1013_seed2047_tst_d12_n1,beijing,24,24,1013,2047,tst,tst_d12_n1,tst_d12_n1,12.0,,1.0,non_aligned_as_is,completed,24.0,1.154373288154602,2.7463157210004283,0.0033430890034651,valid,test,1.0,1,9.0,8484.0,8484.0,8484.0,predictions/beijing_24h_24h_station1013_seed2047_tst_d12_n1.npz,checkpoints/beijing_24h_24h_station1013_seed2047_tst_d12_n1.pt,training_logs/beijing_24h_24h_station1013_seed2047_tst_d12_n1.csv,0.6653891205787659,0.8157138717582078,0.5720224380493164,60.754859924316406,42.60457992553711,57.02635192871094,False,,,64.3062973022461,43.40291213989258,-5.522689887177881,True,tst_d12_n1,,
beijing_24h_24h_station1013_seed2048_tst_d12_n1,beijing,24,24,1013,2048,tst,tst_d12_n1,tst_d12_n1,12.0,,1.0,non_aligned_as_is,completed,37.0,1.1823655366897583,3.347114618998603,0.0032253800018224,valid,test,1.0,1,9.0,8484.0,8484.0,8484.0,predictions/beijing_24h_24h_station1013_seed2048_tst_d12_n1.npz,checkpoints/beijing_24h_24h_station1013_seed2048_tst_d12_n1.pt,training_logs/beijing_24h_24h_station1013_seed2048_tst_d12_n1.csv,0.6711159348487854,0.8192166592842124,0.5663884282112122,61.01575469970703,42.18495178222656,55.72379684448242,False,,,64.8437271118164,43.64160919189453,-5.903381225308697,True,tst_d12_n1,,
beijing_24h_24h_station1013_seed2049_tst_d12_n1,beijing,24,24,1013,2049,tst,tst_d12_n1,tst_d12_n1,12.0,,1.0,non_aligned_as_is,completed,14.0,1.1888506412506104,1.865015597009915,0.0032922480022534,valid,test,1.0,1,9.0,8484.0,8484.0,8484.0,predictions/beijing_24h_24h_station1013_seed2049_tst_d12_n1.npz,checkpoints/beijing_24h_24h_station1013_seed2049_tst_d12_n1.pt,training_logs/beijing_24h_24h_station1013_seed2049_tst_d12_n1.csv,0.6593340635299683,0.8119938814609186,0.5692824125289917,60.4777946472168,42.40049743652344,56.28304290771485,False,,,65.344482421875,44.265323638916016,-7.447740948100325,True,tst_d12_n1,,
beijing_48h_1h_station1013_seed2047_tst_d12_n1,beijing,48,1,1013,2047,tst,tst_d12_n1,tst_d12_n1,12.0,,1.0,non_aligned_as_is,completed,29.0,0.1197055578231811,4.544862470997032,0.0032828060066094,valid,test,1.0,1,9.0,2413.0,2413.0,2413.0,predictions/beijing_48h_1h_station1013_seed2047_tst_d12_n1.npz,checkpoints/beijing_48h_1h_station1013_seed2047_tst_d12_n1.pt,training_logs/beijing_48h_1h_station1013_seed2047_tst_d12_n1.csv,0.0902148708701133,0.3003579046239891,0.1703985333442688,22.37084007263184,12.691386222839355,24.031322479248047,False,,,20.97980499267578,10.450782775878906,6.630352762772007,False,tst_d12_n1,,
beijing_48h_1h_station1013_seed2048_tst_d12_n1,beijing,48,1,1013,2048,tst,tst_d12_n1,tst_d12_n1,12.0,,1.0,non_aligned_as_is,completed,18.0,0.1219081804156303,3.1810818899975857,0.0032536649960093,valid,test,1.0,1,9.0,2413.0,2413.0,2413.0,predictions/beijing_48h_1h_station1013_seed2048_tst_d12_n1.npz,checkpoints/beijing_48h_1h_station1013_seed2048_tst_d12_n1.pt,training_logs/beijing_48h_1h_station1013_seed2048_tst_d12_n1.csv,0.0935015603899955,0.3057802485282455,0.172293871641159,22.774696350097656,12.83255386352539,24.08053970336914,False,,,20.553361892700195,10.137685775756836,10.80764533312868,False,tst_d12_n1,,
beijing_48h_1h_station1013_seed2049_tst_d12_n1,beijing,48,1,1013,2049,tst,tst_d12_n1,tst_d12_n1,12.0,,1.0,non_aligned_as_is,completed,19.0,0.1368756145238876,3.3152407109882915,0.0032237249979516,valid,test,1.0,1,9.0,2413.0,2413.0,2413.0,predictions/beijing_48h_1h_station1013_seed2049_tst_d12_n1.npz,checkpoints/beijing_48h_1h_station1013_seed2049_tst_d12_n1.pt,training_logs/beijing_48h_1h_station1013_seed2049_tst_d12_n1.csv,0.099177174270153,0.3149240769934129,0.1912171989679336,23.45573616027832,14.241971015930176,26.71392250061035,False,,,20.929391860961918,10.169209480285645,12.07079649566221,False,tst_d12_n1,,
beijing_48h_3h_station1013_seed2047_tst_d12_n1,beijing,48,3,1013,2047,tst,tst_d12_n1,tst_d12_n1,12.0,,1.0,non_aligned_as_is,completed,39.0,0.2805598676204681,4.892196724002133,0.0032546730071771,valid,test,1.0,1,9.0,3567.0,3567.0,3567.0,predictions/beijing_48h_3h_station1013_seed2047_tst_d12_n1.npz,checkpoints/beijing_48h_3h_station1013_seed2047_tst_d12_n1.pt,training_logs/beijing_48h_3h_station1013_seed2047_tst_d12_n1.csv,0.1861841827630996,0.4314906519996692,0.2565391957759857,32.135215759277344,19.10572624206543,31.513578414916992,False,,,31.18783187866211,16.69637680053711,3.037671500542522,False,tst_d12_n1,,
beijing_48h_3h_station1013_seed2048_tst_d12_n1,beijing,48,3,1013,2048,tst,tst_d12_n1,tst_d12_n1,12.0,,1.0,non_aligned_as_is,completed,21.0,0.2911814749240875,3.5748184620024404,0.0032635509996907,valid,test,1.0,1,9.0,3567.0,3567.0,3567.0,predictions/beijing_48h_3h_station1013_seed2048_tst_d12_n1.npz,checkpoints/beijing_48h_3h_station1013_seed2048_tst_d12_n1.pt,training_logs/beijing_48h_3h_station1013_seed2048_tst_d12_n1.csv,0.1900679767131805,0.4359678620187279,0.2539251446723938,32.468658447265625,18.911046981811523,29.751617431640625,False,,,31.051353454589844,16.6970157623291,4.564390388806975,False,tst_d12_n1,,
beijing_48h_3h_station1013_seed2049_tst_d12_n1,beijing,48,3,1013,2049,tst,tst_d12_n1,tst_d12_n1,12.0,,1.0,non_aligned_as_is,completed,18.0,0.3006190955638885,3.1979997150046984,0.0032232419907813,valid,test,1.0,1,9.0,3567.0,3567.0,3567.0,predictions/beijing_48h_3h_station1013_seed2049_tst_d12_n1.npz,checkpoints/beijing_48h_3h_station1013_seed2049_tst_d12_n1.pt,training_logs/beijing_48h_3h_station1013_seed2049_tst_d12_n1.csv,0.1977897435426712,0.4447355883473586,0.2798962593078613,33.12163162231445,20.84524154663086,34.660484313964844,False,,,31.17669677734375,16.931669235229492,6.238424996916596,False,tst_d12_n1,,
beijing_48h_6h_station1013_seed2047_tst_d12_n1,beijing,48,6,1013,2047,tst,tst_d12_n1,tst_d12_n1,12.0,,1.0,non_aligned_as_is,completed,28.0,0.4880123436450958,4.4652045460097725,0.0032963590056169,valid,test,1.0,1,9.0,5298.0,5298.0,5298.0,predictions/beijing_48h_6h_station1013_seed2047_tst_d12_n1.npz,checkpoints/beijing_48h_6h_station1013_seed2047_tst_d12_n1.pt,training_logs/beijing_48h_6h_station1013_seed2047_tst_d12_n1.csv,0.3001096546649933,0.5478226489156808,0.3391482532024383,40.79903030395508,25.258028030395508,38.29701614379883,False,,,41.811302185058594,24.404136657714844,-2.4210484443253106,True,tst_d12_n1,,
beijing_48h_6h_station1013_seed2048_tst_d12_n1,beijing,48,6,1013,2048,tst,tst_d12_n1,tst_d12_n1,12.0,,1.0,non_aligned_as_is,completed,35.0,0.4947605431079864,4.905685400008224,0.0033161269966512,valid,test,1.0,1,9.0,5298.0,5298.0,5298.0,predictions/beijing_48h_6h_station1013_seed2048_tst_d12_n1.npz,checkpoints/beijing_48h_6h_station1013_seed2048_tst_d12_n1.pt,training_logs/beijing_48h_6h_station1013_seed2048_tst_d12_n1.csv,0.3076447546482086,0.5546573308342806,0.3335081338882446,41.30804061889648,24.83797836303711,36.27381896972656,False,,,41.650672912597656,23.962068557739254,-0.8226332727449079,True,tst_d12_n1,,
beijing_48h_6h_station1013_seed2049_tst_d12_n1,beijing,48,6,1013,2049,tst,tst_d12_n1,tst_d12_n1,12.0,,1.0,non_aligned_as_is,completed,11.0,0.5093930959701538,2.3898070979921613,0.0032737779984017,valid,test,1.0,1,9.0,5298.0,5298.0,5298.0,predictions/beijing_48h_6h_station1013_seed2049_tst_d12_n1.npz,checkpoints/beijing_48h_6h_station1013_seed2049_tst_d12_n1.pt,training_logs/beijing_48h_6h_station1013_seed2049_tst_d12_n1.csv,0.3099170923233032,0.5567019780127453,0.3495742380619049,41.46031188964844,26.034502029418945,39.12834930419922,False,,,42.05476379394531,24.104082107543945,-1.4135185902113165,True,tst_d12_n1,,
beijing_48h_12h_station1013_seed2047_tst_d12_n1,beijing,48,12,1013,2047,tst,tst_d12_n1,tst_d12_n1,12.0,,1.0,non_aligned_as_is,completed,34.0,0.7984257340431213,4.898129487992264,0.003423392001423,valid,test,1.0,1,9.0,8760.0,8760.0,8760.0,predictions/beijing_48h_12h_station1013_seed2047_tst_d12_n1.npz,checkpoints/beijing_48h_12h_station1013_seed2047_tst_d12_n1.pt,training_logs/beijing_48h_12h_station1013_seed2047_tst_d12_n1.csv,0.4735147356986999,0.6881240699893443,0.4500899910926819,51.23956298828125,33.51491165161133,47.45644760131836,False,,,57.32188415527344,35.63805389404297,-10.610818636938738,True,tst_d12_n1,,
beijing_48h_12h_station1013_seed2048_tst_d12_n1,beijing,48,12,1013,2048,tst,tst_d12_n1,tst_d12_n1,12.0,,1.0,non_aligned_as_is,completed,26.0,0.8187569379806519,4.180480173003161,0.0032795969891594,valid,test,1.0,1,9.0,8760.0,8760.0,8760.0,predictions/beijing_48h_12h_station1013_seed2048_tst_d12_n1.npz,checkpoints/beijing_48h_12h_station1013_seed2048_tst_d12_n1.pt,training_logs/beijing_48h_12h_station1013_seed2048_tst_d12_n1.csv,0.4898414611816406,0.6998867488255801,0.4551430940628052,52.11544418334961,33.89117431640625,46.80475234985352,False,,,52.859134674072266,33.03700637817383,-1.4069289921377413,True,tst_d12_n1,,
beijing_48h_12h_station1013_seed2049_tst_d12_n1,beijing,48,12,1013,2049,tst,tst_d12_n1,tst_d12_n1,12.0,,1.0,non_aligned_as_is,completed,35.0,0.804250955581665,4.900492433007457,0.0032955160131677,valid,test,1.0,1,9.0,8760.0,8760.0,8760.0,predictions/beijing_48h_12h_station1013_seed2049_tst_d12_n1.npz,checkpoints/beijing_48h_12h_station1013_seed2049_tst_d12_n1.pt,training_logs/beijing_48h_12h_station1013_seed2049_tst_d12_n1.csv,0.4986862242221832,0.7061771903865086,0.4712354242801666,52.58384704589844,35.089454650878906,49.107547760009766,False,,,55.133583068847656,34.52684020996094,-4.624651403057288,True,tst_d12_n1,,
beijing_48h_24h_station1013_seed2047_tst_d12_n1,beijing,48,24,1013,2047,tst,tst_d12_n1,tst_d12_n1,12.0,,1.0,non_aligned_as_is,completed,23.0,1.180930495262146,3.8306498719903175,0.0034445149940438,valid,test,1.0,1,9.0,15684.0,15684.0,15684.0,predictions/beijing_48h_24h_station1013_seed2047_tst_d12_n1.npz,checkpoints/beijing_48h_24h_station1013_seed2047_tst_d12_n1.pt,training_logs/beijing_48h_24h_station1013_seed2047_tst_d12_n1.csv,0.6654048562049866,0.8157235170111173,0.5663684606552124,60.722015380859375,42.16015625,56.96902847290039,False,,,69.85392761230469,46.93188095092773,-13.072868689829743,True,tst_d12_n1,,
beijing_48h_24h_station1013_seed2048_tst_d12_n1,beijing,48,24,1013,2048,tst,tst_d12_n1,tst_d12_n1,12.0,,1.0,non_aligned_as_is,completed,40.0,1.1235283613204956,4.940241739997873,0.0035621379938675,valid,test,1.0,1,9.0,15684.0,15684.0,15684.0,predictions/beijing_48h_24h_station1013_seed2048_tst_d12_n1.npz,checkpoints/beijing_48h_24h_station1013_seed2048_tst_d12_n1.pt,training_logs/beijing_48h_24h_station1013_seed2048_tst_d12_n1.csv,0.7559800148010254,0.869471112114155,0.5977957844734192,64.72295379638672,44.49958801269531,57.301116943359375,False,,,68.12368774414062,45.795066833496094,-4.991999200816028,True,tst_d12_n1,,
beijing_48h_24h_station1013_seed2049_tst_d12_n1,beijing,48,24,1013,2049,tst,tst_d12_n1,tst_d12_n1,12.0,,1.0,non_aligned_as_is,completed,40.0,1.1245245933532717,4.996385427002679,0.003538714008755,valid,test,1.0,1,9.0,15684.0,15684.0,15684.0,predictions/beijing_48h_24h_station1013_seed2049_tst_d12_n1.npz,checkpoints/beijing_48h_24h_station1013_seed2049_tst_d12_n1.pt,training_logs/beijing_48h_24h_station1013_seed2049_tst_d12_n1.csv,0.7532147765159607,0.8678794711916861,0.6103332042694092,64.6044692993164,45.4328727722168,58.50913619995117,False,,,70.52690887451172,47.815460205078125,-8.39741833253048,True,tst_d12_n1,,
beijing_72h_1h_station1013_seed2047_tst_d12_n1,beijing,72,1,1013,2047,tst,tst_d12_n1,tst_d12_n1,12.0,,1.0,non_aligned_as_is,completed,30.0,0.1279810965061187,5.555366881992086,0.0036649709945777,valid,test,1.0,1,9.0,2989.0,2989.0,2989.0,predictions/beijing_72h_1h_station1013_seed2047_tst_d12_n1.npz,checkpoints/beijing_72h_1h_station1013_seed2047_tst_d12_n1.pt,training_logs/beijing_72h_1h_station1013_seed2047_tst_d12_n1.csv,0.0940603390336036,0.3066925806627928,0.1698954254388809,22.83002662658692,12.646923065185549,22.439817428588867,False,,,21.06454849243164,10.74881076812744,8.381276887038931,False,tst_d12_n1,,
beijing_72h_1h_station1013_seed2048_tst_d12_n1,beijing,72,1,1013,2048,tst,tst_d12_n1,tst_d12_n1,12.0,,1.0,non_aligned_as_is,completed,27.0,0.1334482580423355,5.555288892996032,0.0036179519956931,valid,test,1.0,1,9.0,2989.0,2989.0,2989.0,predictions/beijing_72h_1h_station1013_seed2048_tst_d12_n1.npz,checkpoints/beijing_72h_1h_station1013_seed2048_tst_d12_n1.pt,training_logs/beijing_72h_1h_station1013_seed2048_tst_d12_n1.csv,0.0982074216008186,0.3133806337360664,0.1746784001588821,23.327880859375,13.002964973449709,21.7546443939209,False,,,20.968732833862305,10.600374221801758,11.250789660035721,False,tst_d12_n1,,
beijing_72h_1h_station1013_seed2049_tst_d12_n1,beijing,72,1,1013,2049,tst,tst_d12_n1,tst_d12_n1,12.0,,1.0,non_aligned_as_is,completed,26.0,0.150375947356224,5.577468991992646,0.0036106309999013,valid,test,1.0,1,9.0,2989.0,2989.0,2989.0,predictions/beijing_72h_1h_station1013_seed2049_tst_d12_n1.npz,checkpoints/beijing_72h_1h_station1013_seed2049_tst_d12_n1.pt,training_logs/beijing_72h_1h_station1013_seed2049_tst_d12_n1.csv,0.1048186123371124,0.3237570266992091,0.1936597675085067,24.10029411315918,14.41592788696289,25.7258415222168,False,,,21.28269386291504,10.951455116271973,13.238926746739478,False,tst_d12_n1,,
beijing_72h_3h_station1013_seed2047_tst_d12_n1,beijing,72,3,1013,2047,tst,tst_d12_n1,tst_d12_n1,12.0,,1.0,non_aligned_as_is,completed,26.0,0.299928218126297,5.553294069002732,0.0037066299992147,valid,test,1.0,1,9.0,4719.0,4719.0,4719.0,predictions/beijing_72h_3h_station1013_seed2047_tst_d12_n1.npz,checkpoints/beijing_72h_3h_station1013_seed2047_tst_d12_n1.pt,training_logs/beijing_72h_3h_station1013_seed2047_tst_d12_n1.csv,0.193665936589241,0.4400749215636367,0.2600008249282837,32.756736755371094,19.35301971435547,30.326112747192383,False,,,31.00885581970215,17.128154754638672,5.636715349420895,False,tst_d12_n1,,
beijing_72h_3h_station1013_seed2048_tst_d12_n1,beijing,72,3,1013,2048,tst,tst_d12_n1,tst_d12_n1,12.0,,1.0,non_aligned_as_is,completed,23.0,0.3041673302650451,5.3742296089913,0.003661700990051,valid,test,1.0,1,9.0,4719.0,4719.0,4719.0,predictions/beijing_72h_3h_station1013_seed2048_tst_d12_n1.npz,checkpoints/beijing_72h_3h_station1013_seed2048_tst_d12_n1.pt,training_logs/beijing_72h_3h_station1013_seed2048_tst_d12_n1.csv,0.1950739920139312,0.4416718148285345,0.2595742642879486,32.87560272216797,19.32126808166504,29.53357315063477,False,,,31.21354103088379,16.76036262512207,5.324809798541206,False,tst_d12_n1,,
beijing_72h_3h_station1013_seed2049_tst_d12_n1,beijing,72,3,1013,2049,tst,tst_d12_n1,tst_d12_n1,12.0,,1.0,non_aligned_as_is,completed,29.0,0.3027689456939697,5.565545107005164,0.003739156993106,valid,test,1.0,1,9.0,4719.0,4719.0,4719.0,predictions/beijing_72h_3h_station1013_seed2049_tst_d12_n1.npz,checkpoints/beijing_72h_3h_station1013_seed2049_tst_d12_n1.pt,training_logs/beijing_72h_3h_station1013_seed2049_tst_d12_n1.csv,0.1960289478302002,0.4427515644582187,0.2750075459480285,32.95597076416016,20.47003936767578,33.2325325012207,False,,,31.59510612487793,17.138343811035156,4.3072007224900295,False,tst_d12_n1,,
beijing_72h_6h_station1013_seed2047_tst_d12_n1,beijing,72,6,1013,2047,tst,tst_d12_n1,tst_d12_n1,12.0,,1.0,non_aligned_as_is,completed,27.0,0.5233977437019348,5.553941097998177,0.0037303220015019,valid,test,1.0,1,9.0,7314.0,7314.0,7314.0,predictions/beijing_72h_6h_station1013_seed2047_tst_d12_n1.npz,checkpoints/beijing_72h_6h_station1013_seed2047_tst_d12_n1.pt,training_logs/beijing_72h_6h_station1013_seed2047_tst_d12_n1.csv,0.3074102103710174,0.5544458588275482,0.345155119895935,41.26713943481445,25.68973159790039,37.77393341064453,False,,,41.74861526489258,24.63315200805664,-1.1532737721315747,True,tst_d12_n1,,
beijing_72h_6h_station1013_seed2048_tst_d12_n1,beijing,72,6,1013,2048,tst,tst_d12_n1,tst_d12_n1,12.0,,1.0,non_aligned_as_is,completed,29.0,0.5193610787391663,5.555821000001743,0.0037714310019509,valid,test,1.0,1,9.0,7314.0,7314.0,7314.0,predictions/beijing_72h_6h_station1013_seed2048_tst_d12_n1.npz,checkpoints/beijing_72h_6h_station1013_seed2048_tst_d12_n1.pt,training_logs/beijing_72h_6h_station1013_seed2048_tst_d12_n1.csv,0.3091398775577545,0.5560034870014346,0.3442753255367279,41.38307571411133,25.624250411987305,37.42902755737305,False,,,41.156280517578125,24.216215133666992,0.551058535127676,False,tst_d12_n1,,
beijing_72h_6h_station1013_seed2049_tst_d12_n1,beijing,72,6,1013,2049,tst,tst_d12_n1,tst_d12_n1,12.0,,1.0,non_aligned_as_is,completed,28.0,0.519256591796875,5.544473814006778,0.0037168599956203,valid,test,1.0,1,9.0,7314.0,7314.0,7314.0,predictions/beijing_72h_6h_station1013_seed2049_tst_d12_n1.npz,checkpoints/beijing_72h_6h_station1013_seed2049_tst_d12_n1.pt,training_logs/beijing_72h_6h_station1013_seed2049_tst_d12_n1.csv,0.3106577098369598,0.557366764201957,0.3554444015026092,41.48454284667969,26.45555686950684,38.76654052734375,False,,,41.276737213134766,24.22653007507324,0.5034449124985478,False,tst_d12_n1,,
beijing_72h_12h_station1013_seed2047_tst_d12_n1,beijing,72,12,1013,2047,tst,tst_d12_n1,tst_d12_n1,12.0,,1.0,non_aligned_as_is,completed,25.0,0.8351972699165344,5.557385046005948,0.0039112899976316,valid,test,1.0,1,9.0,12504.0,12504.0,12504.0,predictions/beijing_72h_12h_station1013_seed2047_tst_d12_n1.npz,checkpoints/beijing_72h_12h_station1013_seed2047_tst_d12_n1.pt,training_logs/beijing_72h_12h_station1013_seed2047_tst_d12_n1.csv,0.4753453731536865,0.689452952095853,0.4530003368854522,51.31410217285156,33.715579986572266,47.90397644042969,False,,,56.09211349487305,35.244869232177734,-8.518151704977575,True,tst_d12_n1,,
beijing_72h_12h_station1013_seed2048_tst_d12_n1,beijing,72,12,1013,2048,tst,tst_d12_n1,tst_d12_n1,12.0,,1.0,non_aligned_as_is,completed,16.0,0.8269926905632019,4.105752539995592,0.0038156929949764,valid,test,1.0,1,9.0,12504.0,12504.0,12504.0,predictions/beijing_72h_12h_station1013_seed2048_tst_d12_n1.npz,checkpoints/beijing_72h_12h_station1013_seed2048_tst_d12_n1.pt,training_logs/beijing_72h_12h_station1013_seed2048_tst_d12_n1.csv,0.4796410799026489,0.6925612463187996,0.4492070376873016,51.54544448852539,33.433258056640625,46.46800231933594,False,,,55.03749084472656,34.67401123046875,-6.344850215016232,True,tst_d12_n1,,
beijing_72h_12h_station1013_seed2049_tst_d12_n1,beijing,72,12,1013,2049,tst,tst_d12_n1,tst_d12_n1,12.0,,1.0,non_aligned_as_is,completed,28.0,0.8264482617378235,5.578851097001461,0.0037011860113125,valid,test,1.0,1,9.0,12504.0,12504.0,12504.0,predictions/beijing_72h_12h_station1013_seed2049_tst_d12_n1.npz,checkpoints/beijing_72h_12h_station1013_seed2049_tst_d12_n1.pt,training_logs/beijing_72h_12h_station1013_seed2049_tst_d12_n1.csv,0.4796608686447143,0.6925755328083099,0.460343599319458,51.5465087890625,34.26211929321289,47.35740280151367,False,,,54.70387268066406,35.244651794433594,-5.771737423477848,True,tst_d12_n1,,
beijing_72h_24h_station1013_seed2047_tst_d12_n1,beijing,72,24,1013,2047,tst,tst_d12_n1,tst_d12_n1,12.0,,1.0,non_aligned_as_is,completed,30.0,1.2211309671401978,5.567937999003334,0.0037593680026475,valid,test,1.0,1,9.0,22884.0,22884.0,22884.0,predictions/beijing_72h_24h_station1013_seed2047_tst_d12_n1.npz,checkpoints/beijing_72h_24h_station1013_seed2047_tst_d12_n1.pt,training_logs/beijing_72h_24h_station1013_seed2047_tst_d12_n1.csv,0.6588259339332581,0.8116809311134875,0.561090886592865,60.39786529541016,41.751251220703125,57.01447296142578,False,,,65.6296157836914,44.675662994384766,-7.971630529614199,True,tst_d12_n1,,
beijing_72h_24h_station1013_seed2048_tst_d12_n1,beijing,72,24,1013,2048,tst,tst_d12_n1,tst_d12_n1,12.0,,1.0,non_aligned_as_is,completed,27.0,1.208451747894287,5.573477566009387,0.0037824339960934,valid,test,1.0,1,9.0,22884.0,22884.0,22884.0,predictions/beijing_72h_24h_station1013_seed2048_tst_d12_n1.npz,checkpoints/beijing_72h_24h_station1013_seed2048_tst_d12_n1.pt,training_logs/beijing_72h_24h_station1013_seed2048_tst_d12_n1.csv,0.6712972521781921,0.8193273168753695,0.5658603310585022,60.96684265136719,42.10614776611328,56.73257827758789,False,,,64.7675552368164,43.77329254150391,-5.8682353711704485,True,tst_d12_n1,,
beijing_72h_24h_station1013_seed2049_tst_d12_n1,beijing,72,24,1013,2049,tst,tst_d12_n1,tst_d12_n1,12.0,,1.0,non_aligned_as_is,completed,29.0,1.187913179397583,5.578387444998953,0.003852818001178,valid,test,1.0,1,9.0,22884.0,22884.0,22884.0,predictions/beijing_72h_24h_station1013_seed2049_tst_d12_n1.npz,checkpoints/beijing_72h_24h_station1013_seed2049_tst_d12_n1.pt,training_logs/beijing_72h_24h_station1013_seed2049_tst_d12_n1.csv,0.664668083190918,0.8152717848612927,0.5743088722229004,60.66506576538086,42.73481369018555,56.62384033203125,False,,,68.50748443603516,46.28374862670898,-11.447535601714723,True,tst_d12_n1,,
beijing_168h_1h_station1013_seed2047_tst_d12_n1,beijing,168,1,1013,2047,tst,tst_d12_n1,tst_d12_n1,12.0,,1.0,non_aligned_as_is,completed,30.0,0.1249086633324623,13.390835188998608,0.0101182669895933,valid,test,1.0,1,9.0,5293.0,5293.0,5293.0,predictions/beijing_168h_1h_station1013_seed2047_tst_d12_n1.npz,checkpoints/beijing_168h_1h_station1013_seed2047_tst_d12_n1.pt,training_logs/beijing_168h_1h_station1013_seed2047_tst_d12_n1.csv,0.0999066308140754,0.3160801018951928,0.1812237948179245,23.494779586791992,13.470678329467772,24.326892852783203,False,,,21.871671676635746,11.994721412658691,7.421051002197147,False,tst_d12_n1,,
beijing_168h_1h_station1013_seed2048_tst_d12_n1,beijing,168,1,1013,2048,tst,tst_d12_n1,tst_d12_n1,12.0,,1.0,non_aligned_as_is,completed,26.0,0.1368025690317154,13.368453931005206,0.010121255996637,valid,test,1.0,1,9.0,5293.0,5293.0,5293.0,predictions/beijing_168h_1h_station1013_seed2048_tst_d12_n1.npz,checkpoints/beijing_168h_1h_station1013_seed2048_tst_d12_n1.pt,training_logs/beijing_168h_1h_station1013_seed2048_tst_d12_n1.csv,0.1032196804881095,0.3212781979657343,0.1886567026376724,23.881162643432617,14.023178100585938,24.441551208496094,False,,,21.76912498474121,11.43486213684082,9.701986920337,False,tst_d12_n1,,
beijing_168h_1h_station1013_seed2049_tst_d12_n1,beijing,168,1,1013,2049,tst,tst_d12_n1,tst_d12_n1,12.0,,1.0,non_aligned_as_is,completed,24.0,0.1511616855859756,13.420984782002051,0.0101377379905898,valid,test,1.0,1,9.0,5293.0,5293.0,5293.0,predictions/beijing_168h_1h_station1013_seed2049_tst_d12_n1.npz,checkpoints/beijing_168h_1h_station1013_seed2049_tst_d12_n1.pt,training_logs/beijing_168h_1h_station1013_seed2049_tst_d12_n1.csv,0.1102452427148819,0.3320319904992317,0.209782674908638,24.68051147460937,15.59350872039795,29.288116455078125,False,,,22.61062812805176,12.07103443145752,9.154470786194656,False,tst_d12_n1,,
beijing_168h_3h_station1013_seed2047_tst_d12_n1,beijing,168,3,1013,2047,tst,tst_d12_n1,tst_d12_n1,12.0,,1.0,non_aligned_as_is,completed,30.0,0.2912610471248626,13.407543770008488,0.010249508995912,valid,test,1.0,1,9.0,9327.0,9327.0,9327.0,predictions/beijing_168h_3h_station1013_seed2047_tst_d12_n1.npz,checkpoints/beijing_168h_3h_station1013_seed2047_tst_d12_n1.pt,training_logs/beijing_168h_3h_station1013_seed2047_tst_d12_n1.csv,0.2020641267299652,0.4495154354746511,0.274288147687912,33.41276931762695,20.38801383972168,34.25315475463867,False,,,31.7686710357666,18.36850929260254,5.17521894450464,False,tst_d12_n1,,
beijing_168h_3h_station1013_seed2048_tst_d12_n1,beijing,168,3,1013,2048,tst,tst_d12_n1,tst_d12_n1,12.0,,1.0,non_aligned_as_is,completed,30.0,0.2855481803417206,13.438431085989578,0.0103220739983953,valid,test,1.0,1,9.0,9327.0,9327.0,9327.0,predictions/beijing_168h_3h_station1013_seed2048_tst_d12_n1.npz,checkpoints/beijing_168h_3h_station1013_seed2048_tst_d12_n1.pt,training_logs/beijing_168h_3h_station1013_seed2048_tst_d12_n1.csv,0.194590225815773,0.4411238214104663,0.2634802758693695,32.78901672363281,19.58465576171875,33.06990051269531,False,,,31.73417854309082,18.07464408874512,3.323981363215882,False,tst_d12_n1,,
beijing_168h_3h_station1013_seed2049_tst_d12_n1,beijing,168,3,1013,2049,tst,tst_d12_n1,tst_d12_n1,12.0,,1.0,non_aligned_as_is,completed,30.0,0.3051567375659942,13.414325562000158,0.0101828710030531,valid,test,1.0,1,9.0,9327.0,9327.0,9327.0,predictions/beijing_168h_3h_station1013_seed2049_tst_d12_n1.npz,checkpoints/beijing_168h_3h_station1013_seed2049_tst_d12_n1.pt,training_logs/beijing_168h_3h_station1013_seed2049_tst_d12_n1.csv,0.2006775140762329,0.4479704388419318,0.2805600464344024,33.29792785644531,20.85420608520508,33.89481735229492,False,,,32.07843780517578,18.52771759033203,3.8015880283071932,False,tst_d12_n1,,
beijing_168h_6h_station1013_seed2047_tst_d12_n1,beijing,168,6,1013,2047,tst,tst_d12_n1,tst_d12_n1,12.0,,1.0,non_aligned_as_is,completed,28.0,0.4925747513771057,13.416710948004038,0.0103697189915692,valid,test,1.0,1,9.0,15378.0,15378.0,15378.0,predictions/beijing_168h_6h_station1013_seed2047_tst_d12_n1.npz,checkpoints/beijing_168h_6h_station1013_seed2047_tst_d12_n1.pt,training_logs/beijing_168h_6h_station1013_seed2047_tst_d12_n1.csv,0.3208468854427337,0.5664334783915352,0.3661548495292663,42.10335922241211,27.216522216796875,41.85431671142578,False,,,42.01683807373047,25.93600273132324,0.20592018021397687,False,tst_d12_n1,,
beijing_168h_6h_station1013_seed2048_tst_d12_n1,beijing,168,6,1013,2048,tst,tst_d12_n1,tst_d12_n1,12.0,,1.0,non_aligned_as_is,completed,29.0,0.5012295842170715,13.412536780000664,0.0101956909929867,valid,test,1.0,1,9.0,15378.0,15378.0,15378.0,predictions/beijing_168h_6h_station1013_seed2048_tst_d12_n1.npz,checkpoints/beijing_168h_6h_station1013_seed2048_tst_d12_n1.pt,training_logs/beijing_168h_6h_station1013_seed2048_tst_d12_n1.csv,0.3087137937545776,0.5556201883972338,0.35262131690979,41.299598693847656,26.210567474365234,40.6812858581543,False,,,42.51594543457031,26.329206466674805,-2.860918952383516,True,tst_d12_n1,,
beijing_168h_6h_station1013_seed2049_tst_d12_n1,beijing,168,6,1013,2049,tst,tst_d12_n1,tst_d12_n1,12.0,,1.0,non_aligned_as_is,completed,30.0,0.513526439666748,13.4381855380052,0.0101898249995429,valid,test,1.0,1,9.0,15378.0,15378.0,15378.0,predictions/beijing_168h_6h_station1013_seed2049_tst_d12_n1.npz,checkpoints/beijing_168h_6h_station1013_seed2049_tst_d12_n1.pt,training_logs/beijing_168h_6h_station1013_seed2049_tst_d12_n1.csv,0.3204414546489715,0.566075484939042,0.3704549968242645,42.076751708984375,27.5361557006836,41.803829193115234,False,,,42.00048828125,26.010665893554688,0.18157747887045583,False,tst_d12_n1,,
beijing_168h_6h_station1013_seed2050_tst_d12_n1,beijing,168,6,1013,2050,tst,tst_d12_n1,tst_d12_n1,12.0,,1.0,non_aligned_as_is,completed,29.0,0.4985228478908539,13.447700998003713,0.0101627389958594,valid,test,1.0,1,9.0,15378.0,15378.0,15378.0,predictions/beijing_168h_6h_station1013_seed2050_tst_d12_n1.npz,checkpoints/beijing_168h_6h_station1013_seed2050_tst_d12_n1.pt,training_logs/beijing_168h_6h_station1013_seed2050_tst_d12_n1.csv,0.3199678957462311,0.5656570478180495,0.3610121607780456,42.04565048217773,26.834264755249023,41.585411071777344,False,,,42.20603942871094,26.009906768798828,-0.38001420816591613,True,tst_d12_n1,,
beijing_168h_6h_station1013_seed2051_tst_d12_n1,beijing,168,6,1013,2051,tst,tst_d12_n1,tst_d12_n1,12.0,,1.0,non_aligned_as_is,completed,30.0,0.5226661562919617,13.411454077009694,0.0101808799954596,valid,test,1.0,1,9.0,15378.0,15378.0,15378.0,predictions/beijing_168h_6h_station1013_seed2051_tst_d12_n1.npz,checkpoints/beijing_168h_6h_station1013_seed2051_tst_d12_n1.pt,training_logs/beijing_168h_6h_station1013_seed2051_tst_d12_n1.csv,0.3167679011821747,0.5628213759108432,0.3600543737411499,41.834869384765625,26.76306915283203,43.90684509277344,False,,,41.76411056518555,25.687108993530277,0.16942494075059386,False,tst_d12_n1,,
beijing_168h_12h_station1013_seed2047_tst_d12_n1,beijing,168,12,1013,2047,tst,tst_d12_n1,tst_d12_n1,12.0,,1.0,non_aligned_as_is,completed,26.0,0.8172963857650757,13.4370205180021,0.0104908170033013,valid,test,1.0,1,9.0,27480.0,27480.0,27480.0,predictions/beijing_168h_12h_station1013_seed2047_tst_d12_n1.npz,checkpoints/beijing_168h_12h_station1013_seed2047_tst_d12_n1.pt,training_logs/beijing_168h_12h_station1013_seed2047_tst_d12_n1.csv,0.5274748206138611,0.7262746179055558,0.4985455870628357,53.99105072021485,37.06174087524414,51.546382904052734,False,,,54.23294448852539,36.208377838134766,-0.44602735586617404,True,tst_d12_n1,,
beijing_168h_12h_station1013_seed2048_tst_d12_n1,beijing,168,12,1013,2048,tst,tst_d12_n1,tst_d12_n1,12.0,,1.0,non_aligned_as_is,completed,14.0,0.8340246081352234,8.978719389997423,0.0102594749914715,valid,test,1.0,1,9.0,27480.0,27480.0,27480.0,predictions/beijing_168h_12h_station1013_seed2048_tst_d12_n1.npz,checkpoints/beijing_168h_12h_station1013_seed2048_tst_d12_n1.pt,training_logs/beijing_168h_12h_station1013_seed2048_tst_d12_n1.csv,0.5082185864448547,0.7128945128452419,0.483193963766098,52.99638366699219,35.92050552368164,51.74560546875,False,,,55.16896057128906,36.87693405151367,-3.938042119697872,True,tst_d12_n1,,
beijing_168h_12h_station1013_seed2049_tst_d12_n1,beijing,168,12,1013,2049,tst,tst_d12_n1,tst_d12_n1,12.0,,1.0,non_aligned_as_is,completed,13.0,0.8726212978363037,8.542216100991936,0.0102511270088143,valid,test,1.0,1,9.0,27480.0,27480.0,27480.0,predictions/beijing_168h_12h_station1013_seed2049_tst_d12_n1.npz,checkpoints/beijing_168h_12h_station1013_seed2049_tst_d12_n1.pt,training_logs/beijing_168h_12h_station1013_seed2049_tst_d12_n1.csv,0.5175848007202148,0.7194336666574722,0.4909528195858001,53.48249816894531,36.49729537963867,51.89553451538086,False,,,58.07843780517578,38.81656646728516,-7.913332055603073,True,tst_d12_n1,,
beijing_168h_24h_station1013_seed2047_tst_d12_n1,beijing,168,24,1013,2047,tst,tst_d12_n1,tst_d12_n1,12.0,,1.0,non_aligned_as_is,completed,16.0,1.2156271934509275,9.876944233008544,0.0103912899940041,valid,test,1.0,1,9.0,51684.0,51684.0,51684.0,predictions/beijing_168h_24h_station1013_seed2047_tst_d12_n1.npz,checkpoints/beijing_168h_24h_station1013_seed2047_tst_d12_n1.pt,training_logs/beijing_168h_24h_station1013_seed2047_tst_d12_n1.csv,0.7194221019744873,0.8481875393888355,0.6058257818222046,63.089237213134766,45.06207275390625,59.86547470092773,False,,,67.65840148925781,47.55368041992188,-6.753284404522175,True,tst_d12_n1,,
beijing_168h_24h_station1013_seed2048_tst_d12_n1,beijing,168,24,1013,2048,tst,tst_d12_n1,tst_d12_n1,12.0,,1.0,non_aligned_as_is,completed,10.0,1.2286728620529177,7.1945061790029285,0.0103029220044845,valid,test,1.0,1,9.0,51684.0,51684.0,51684.0,predictions/beijing_168h_24h_station1013_seed2048_tst_d12_n1.npz,checkpoints/beijing_168h_24h_station1013_seed2048_tst_d12_n1.pt,training_logs/beijing_168h_24h_station1013_seed2048_tst_d12_n1.csv,0.7141001224517822,0.8450444499857875,0.6022987365722656,62.85544967651367,44.79972457885742,62.70405578613281,False,,,72.7971420288086,50.40897750854492,-13.656706946490587,True,tst_d12_n1,,
beijing_168h_24h_station1013_seed2049_tst_d12_n1,beijing,168,24,1013,2049,tst,tst_d12_n1,tst_d12_n1,12.0,,1.0,non_aligned_as_is,completed,7.0,1.3116426467895508,5.869705913995858,0.0102886120002949,valid,test,1.0,1,9.0,51684.0,51684.0,51684.0,predictions/beijing_168h_24h_station1013_seed2049_tst_d12_n1.npz,checkpoints/beijing_168h_24h_station1013_seed2049_tst_d12_n1.pt,training_logs/beijing_168h_24h_station1013_seed2049_tst_d12_n1.csv,0.7095289826393127,0.8423354335651047,0.5893825888633728,62.65394592285156,43.83900451660156,61.45826721191406,False,,,66.645751953125,46.83631896972656,-5.989588103201322,True,tst_d12_n1,,
beijing_24h_1h_station1013_seed2047_tst_d24_n1,beijing,24,1,1013,2047,tst,tst_d24_n1,tst_d24_n1,24.0,,1.0,non_aligned_as_is,completed,24.0,0.1073974519968032,2.681991630990524,0.0031228519947035,valid,test,1.0,1,9.0,5977.0,5977.0,5977.0,predictions/beijing_24h_1h_station1013_seed2047_tst_d24_n1.npz,checkpoints/beijing_24h_1h_station1013_seed2047_tst_d24_n1.pt,training_logs/beijing_24h_1h_station1013_seed2047_tst_d24_n1.csv,0.0858643651008606,0.2930262191355248,0.1449580639600753,21.836231231689453,10.802233695983888,18.30684280395508,False,,,20.988380432128903,10.146111488342283,4.03961993304955,False,tst_d24_n1,,
beijing_24h_1h_station1013_seed2048_tst_d24_n1,beijing,24,1,1013,2048,tst,tst_d24_n1,tst_d24_n1,24.0,,1.0,non_aligned_as_is,completed,27.0,0.1082489117980003,2.961583184005576,0.0031394469988299,valid,test,1.0,1,9.0,5977.0,5977.0,5977.0,predictions/beijing_24h_1h_station1013_seed2048_tst_d24_n1.npz,checkpoints/beijing_24h_1h_station1013_seed2048_tst_d24_n1.pt,training_logs/beijing_24h_1h_station1013_seed2048_tst_d24_n1.csv,0.0878716707229614,0.2964315616174523,0.1519462168216705,22.089996337890625,11.322989463806152,20.888107299804688,False,,,20.778905868530277,10.011322021484377,6.30971850806639,False,tst_d24_n1,,
beijing_24h_1h_station1013_seed2049_tst_d24_n1,beijing,24,1,1013,2049,tst,tst_d24_n1,tst_d24_n1,24.0,,1.0,non_aligned_as_is,completed,18.0,0.1121496260166168,2.199581988999853,0.0031244630081346,valid,test,1.0,1,9.0,5977.0,5977.0,5977.0,predictions/beijing_24h_1h_station1013_seed2049_tst_d24_n1.npz,checkpoints/beijing_24h_1h_station1013_seed2049_tst_d24_n1.pt,training_logs/beijing_24h_1h_station1013_seed2049_tst_d24_n1.csv,0.0889518931508064,0.2982480396428557,0.1617458015680313,22.225360870361328,12.053250312805176,22.66376304626465,False,,,20.896221160888672,10.110241889953612,6.360670186437339,False,tst_d24_n1,,
beijing_24h_1h_station1013_seed2050_tst_d24_n1,beijing,24,1,1013,2050,tst,tst_d24_n1,tst_d24_n1,24.0,,1.0,non_aligned_as_is,completed,19.0,0.1164671033620834,2.277942308995989,0.0031399489962495,valid,test,1.0,1,9.0,5977.0,5977.0,5977.0,predictions/beijing_24h_1h_station1013_seed2050_tst_d24_n1.npz,checkpoints/beijing_24h_1h_station1013_seed2050_tst_d24_n1.pt,training_logs/beijing_24h_1h_station1013_seed2050_tst_d24_n1.csv,0.0929388999938964,0.3048588197738364,0.1643602102994918,22.717992782592773,12.248075485229492,18.87106132507324,False,,,21.0170955657959,10.084884643554688,8.092922313989884,False,tst_d24_n1,,
beijing_24h_1h_station1013_seed2051_tst_d24_n1,beijing,24,1,1013,2051,tst,tst_d24_n1,tst_d24_n1,24.0,,1.0,non_aligned_as_is,completed,18.0,0.1112405434250831,2.2075889269908657,0.0031339270062744,valid,test,1.0,1,9.0,5977.0,5977.0,5977.0,predictions/beijing_24h_1h_station1013_seed2051_tst_d24_n1.npz,checkpoints/beijing_24h_1h_station1013_seed2051_tst_d24_n1.pt,training_logs/beijing_24h_1h_station1013_seed2051_tst_d24_n1.csv,0.0886033326387405,0.2976631193795102,0.1550144106149673,22.18177032470703,11.551628112792969,21.30077743530273,False,,,20.71529197692871,10.02131462097168,7.079206749350115,False,tst_d24_n1,,
beijing_24h_3h_station1013_seed2047_tst_d24_n1,beijing,24,3,1013,2047,tst,tst_d24_n1,tst_d24_n1,24.0,,1.0,non_aligned_as_is,completed,14.0,0.268572062253952,2.434043014989584,0.0031949010008247,valid,test,1.0,1,9.0,7131.0,7131.0,7131.0,predictions/beijing_24h_3h_station1013_seed2047_tst_d24_n1.npz,checkpoints/beijing_24h_3h_station1013_seed2047_tst_d24_n1.pt,training_logs/beijing_24h_3h_station1013_seed2047_tst_d24_n1.csv,0.1805709600448608,0.4249364188262296,0.2321354299783706,31.66614151000977,17.298664093017578,26.52623748779297,False,,,30.44579696655273,16.024797439575195,4.008252911880381,False,tst_d24_n1,,
beijing_24h_3h_station1013_seed2048_tst_d24_n1,beijing,24,3,1013,2048,tst,tst_d24_n1,tst_d24_n1,24.0,,1.0,non_aligned_as_is,completed,24.0,0.2637646496295929,2.716000843996881,0.0032693069952074,valid,test,1.0,1,9.0,7131.0,7131.0,7131.0,predictions/beijing_24h_3h_station1013_seed2048_tst_d24_n1.npz,checkpoints/beijing_24h_3h_station1013_seed2048_tst_d24_n1.pt,training_logs/beijing_24h_3h_station1013_seed2048_tst_d24_n1.csv,0.1778396368026733,0.4217103707554194,0.2280057519674301,31.425737380981445,16.990922927856445,25.254159927368164,False,,,30.800689697265625,16.063575744628906,2.029330154159859,False,tst_d24_n1,,
beijing_24h_3h_station1013_seed2049_tst_d24_n1,beijing,24,3,1013,2049,tst,tst_d24_n1,tst_d24_n1,24.0,,1.0,non_aligned_as_is,completed,29.0,0.2734443545341491,3.136114193999674,0.0031345579918706,valid,test,1.0,1,9.0,7131.0,7131.0,7131.0,predictions/beijing_24h_3h_station1013_seed2049_tst_d24_n1.npz,checkpoints/beijing_24h_3h_station1013_seed2049_tst_d24_n1.pt,training_logs/beijing_24h_3h_station1013_seed2049_tst_d24_n1.csv,0.1903229653835296,0.4362602037586395,0.2645770609378814,32.509986877441406,19.716209411621094,34.430870056152344,False,,,30.58614921569824,16.17045021057129,6.2898982417693965,False,tst_d24_n1,,
beijing_24h_6h_station1013_seed2047_tst_d24_n1,beijing,24,6,1013,2047,tst,tst_d24_n1,tst_d24_n1,24.0,,1.0,non_aligned_as_is,completed,12.0,0.4802555441856384,2.2595269739977084,0.0031533540022792,valid,test,1.0,1,9.0,8862.0,8862.0,8862.0,predictions/beijing_24h_6h_station1013_seed2047_tst_d24_n1.npz,checkpoints/beijing_24h_6h_station1013_seed2047_tst_d24_n1.pt,training_logs/beijing_24h_6h_station1013_seed2047_tst_d24_n1.csv,0.3098735213279724,0.5566628434950301,0.3297913670539856,41.479129791259766,24.57404327392578,36.461875915527344,False,,,40.0059814453125,22.94923591613769,3.682320224941949,False,tst_d24_n1,,
beijing_24h_6h_station1013_seed2048_tst_d24_n1,beijing,24,6,1013,2048,tst,tst_d24_n1,tst_d24_n1,24.0,,1.0,non_aligned_as_is,completed,18.0,0.4843465089797973,2.2173675390076824,0.0031228529987856,valid,test,1.0,1,9.0,8862.0,8862.0,8862.0,predictions/beijing_24h_6h_station1013_seed2048_tst_d24_n1.npz,checkpoints/beijing_24h_6h_station1013_seed2048_tst_d24_n1.pt,training_logs/beijing_24h_6h_station1013_seed2048_tst_d24_n1.csv,0.2975397109985351,0.5454720075297496,0.3266433477401733,40.6452522277832,24.3394718170166,35.37209701538086,False,,,39.84638977050781,22.57869529724121,2.004855300257757,False,tst_d24_n1,,
beijing_24h_6h_station1013_seed2049_tst_d24_n1,beijing,24,6,1013,2049,tst,tst_d24_n1,tst_d24_n1,24.0,,1.0,non_aligned_as_is,completed,19.0,0.4847307205200195,2.289009212996461,0.0031258609960787,valid,test,1.0,1,9.0,8862.0,8862.0,8862.0,predictions/beijing_24h_6h_station1013_seed2049_tst_d24_n1.npz,checkpoints/beijing_24h_6h_station1013_seed2049_tst_d24_n1.pt,training_logs/beijing_24h_6h_station1013_seed2049_tst_d24_n1.csv,0.3010970950126648,0.5487231496963335,0.3497750163078308,40.88751220703125,26.063108444213867,40.87177658081055,False,,,39.889404296875,22.915658950805664,2.5021880565773285,False,tst_d24_n1,,
beijing_24h_12h_station1013_seed2047_tst_d24_n1,beijing,24,12,1013,2047,tst,tst_d24_n1,tst_d24_n1,24.0,,1.0,non_aligned_as_is,completed,33.0,0.7855737209320068,3.9415146819956135,0.0032310460082953,valid,test,1.0,1,9.0,12324.0,12324.0,12324.0,predictions/beijing_24h_12h_station1013_seed2047_tst_d24_n1.npz,checkpoints/beijing_24h_12h_station1013_seed2047_tst_d24_n1.pt,training_logs/beijing_24h_12h_station1013_seed2047_tst_d24_n1.csv,0.4863430261611938,0.6973829838483255,0.4445976018905639,51.95686721801758,33.12369155883789,45.0975341796875,False,,,51.547157287597656,31.825634002685547,0.7948254607601782,False,tst_d24_n1,,
beijing_24h_12h_station1013_seed2048_tst_d24_n1,beijing,24,12,1013,2048,tst,tst_d24_n1,tst_d24_n1,24.0,,1.0,non_aligned_as_is,completed,4.0,0.8182322382926941,1.0519275670085335,0.0031682870030635,valid,test,1.0,1,9.0,12324.0,12324.0,12324.0,predictions/beijing_24h_12h_station1013_seed2048_tst_d24_n1.npz,checkpoints/beijing_24h_12h_station1013_seed2048_tst_d24_n1.pt,training_logs/beijing_24h_12h_station1013_seed2048_tst_d24_n1.csv,0.4760053157806396,0.6899313848352165,0.4561803340911865,51.401702880859375,33.98663711547852,47.804141998291016,False,,,51.48316192626953,31.6285343170166,-0.1582246357106349,True,tst_d24_n1,,
beijing_24h_12h_station1013_seed2049_tst_d24_n1,beijing,24,12,1013,2049,tst,tst_d24_n1,tst_d24_n1,24.0,,1.0,non_aligned_as_is,completed,10.0,0.8100352883338928,1.545360135001829,0.0031688360031694,valid,test,1.0,1,9.0,12324.0,12324.0,12324.0,predictions/beijing_24h_12h_station1013_seed2049_tst_d24_n1.npz,checkpoints/beijing_24h_12h_station1013_seed2049_tst_d24_n1.pt,training_logs/beijing_24h_12h_station1013_seed2049_tst_d24_n1.csv,0.4751470983028412,0.689309145668938,0.4524937272071838,51.3553466796875,33.711971282958984,47.26601409912109,False,,,51.83720016479492,32.26030349731445,-0.9295515258840527,True,tst_d24_n1,,
beijing_24h_24h_station1013_seed2047_tst_d24_n1,beijing,24,24,1013,2047,tst,tst_d24_n1,tst_d24_n1,24.0,,1.0,non_aligned_as_is,completed,11.0,1.149314045906067,2.2177648280048743,0.0033872279891511,valid,test,1.0,1,9.0,19248.0,19248.0,19248.0,predictions/beijing_24h_24h_station1013_seed2047_tst_d24_n1.npz,checkpoints/beijing_24h_24h_station1013_seed2047_tst_d24_n1.pt,training_logs/beijing_24h_24h_station1013_seed2047_tst_d24_n1.csv,0.6888692378997803,0.829981468407446,0.5698710083961487,61.8175163269043,42.44433975219727,55.947242736816406,False,,,64.3062973022461,43.40291213989258,-3.870197911791243,True,tst_d24_n1,,
beijing_24h_24h_station1013_seed2048_tst_d24_n1,beijing,24,24,1013,2048,tst,tst_d24_n1,tst_d24_n1,24.0,,1.0,non_aligned_as_is,completed,22.0,1.1689378023147583,2.5711972300050547,0.0032966180006042,valid,test,1.0,1,9.0,19248.0,19248.0,19248.0,predictions/beijing_24h_24h_station1013_seed2048_tst_d24_n1.npz,checkpoints/beijing_24h_24h_station1013_seed2048_tst_d24_n1.pt,training_logs/beijing_24h_24h_station1013_seed2048_tst_d24_n1.csv,0.6776894330978394,0.8232189460270211,0.5597590208053589,61.313846588134766,41.69118881225586,54.93182373046875,False,,,64.8437271118164,43.64160919189453,-5.443673090528435,True,tst_d24_n1,,
beijing_24h_24h_station1013_seed2049_tst_d24_n1,beijing,24,24,1013,2049,tst,tst_d24_n1,tst_d24_n1,24.0,,1.0,non_aligned_as_is,completed,19.0,1.1842297315597534,2.315993491007248,0.0033566249912837,valid,test,1.0,1,9.0,19248.0,19248.0,19248.0,predictions/beijing_24h_24h_station1013_seed2049_tst_d24_n1.npz,checkpoints/beijing_24h_24h_station1013_seed2049_tst_d24_n1.pt,training_logs/beijing_24h_24h_station1013_seed2049_tst_d24_n1.csv,0.690582275390625,0.8310128009787966,0.5758383274078369,61.89434051513672,42.88878631591797,56.79473876953125,False,,,65.344482421875,44.265323638916016,-5.2799284329219764,True,tst_d24_n1,,
beijing_48h_1h_station1013_seed2047_tst_d24_n1,beijing,48,1,1013,2047,tst,tst_d24_n1,tst_d24_n1,24.0,,1.0,non_aligned_as_is,completed,27.0,0.1092641800642013,5.640050379006425,0.0038471100124297,valid,test,1.0,1,9.0,7129.0,7129.0,7129.0,predictions/beijing_48h_1h_station1013_seed2047_tst_d24_n1.npz,checkpoints/beijing_48h_1h_station1013_seed2047_tst_d24_n1.pt,training_logs/beijing_48h_1h_station1013_seed2047_tst_d24_n1.csv,0.0875770151615142,0.2959341399053415,0.1513338834047317,22.041353225708008,11.271440505981444,20.624629974365234,False,,,20.97980499267578,10.450782775878906,5.059857483912847,False,tst_d24_n1,,
beijing_48h_1h_station1013_seed2048_tst_d24_n1,beijing,48,1,1013,2048,tst,tst_d24_n1,tst_d24_n1,24.0,,1.0,non_aligned_as_is,completed,18.0,0.1098004430532455,3.288780449991464,0.0038203690055524,valid,test,1.0,1,9.0,7129.0,7129.0,7129.0,predictions/beijing_48h_1h_station1013_seed2048_tst_d24_n1.npz,checkpoints/beijing_48h_1h_station1013_seed2048_tst_d24_n1.pt,training_logs/beijing_48h_1h_station1013_seed2048_tst_d24_n1.csv,0.085818700492382,0.2929482897925538,0.1491520404815673,21.818967819213867,11.108935356140137,18.49327087402344,False,,,20.553361892700195,10.137685775756836,6.157658942224771,False,tst_d24_n1,,
beijing_48h_1h_station1013_seed2049_tst_d24_n1,beijing,48,1,1013,2049,tst,tst_d24_n1,tst_d24_n1,24.0,,1.0,non_aligned_as_is,completed,19.0,0.115234188735485,3.42487493500812,0.0038073980103945,valid,test,1.0,1,9.0,7129.0,7129.0,7129.0,predictions/beijing_48h_1h_station1013_seed2049_tst_d24_n1.npz,checkpoints/beijing_48h_1h_station1013_seed2049_tst_d24_n1.pt,training_logs/beijing_48h_1h_station1013_seed2049_tst_d24_n1.csv,0.0913271456956863,0.3022038148264948,0.1694064140319824,22.5083236694336,12.61749267578125,24.757858276367188,False,,,20.929391860961918,10.169209480285645,7.544088327844587,False,tst_d24_n1,,
beijing_48h_3h_station1013_seed2047_tst_d24_n1,beijing,48,3,1013,2047,tst,tst_d24_n1,tst_d24_n1,24.0,,1.0,non_aligned_as_is,completed,13.0,0.2753201425075531,3.239144524006406,0.0038269659999059,valid,test,1.0,1,9.0,9435.0,9435.0,9435.0,predictions/beijing_48h_3h_station1013_seed2047_tst_d24_n1.npz,checkpoints/beijing_48h_3h_station1013_seed2047_tst_d24_n1.pt,training_logs/beijing_48h_3h_station1013_seed2047_tst_d24_n1.csv,0.1841203570365905,0.4290924807504678,0.238699585199356,31.95661354064941,17.777122497558594,27.81195640563965,False,,,31.18783187866211,16.69637680053711,2.4650051500158345,False,tst_d24_n1,,
beijing_48h_3h_station1013_seed2048_tst_d24_n1,beijing,48,3,1013,2048,tst,tst_d24_n1,tst_d24_n1,24.0,,1.0,non_aligned_as_is,completed,18.0,0.2765325307846069,3.303066831009346,0.0038640829880023,valid,test,1.0,1,9.0,9435.0,9435.0,9435.0,predictions/beijing_48h_3h_station1013_seed2048_tst_d24_n1.npz,checkpoints/beijing_48h_3h_station1013_seed2048_tst_d24_n1.pt,training_logs/beijing_48h_3h_station1013_seed2048_tst_d24_n1.csv,0.1927232444286346,0.4390025562894077,0.2486384361982345,32.694664001464844,18.517318725585938,30.09598159790039,False,,,31.051353454589844,16.6970157623291,5.292234843412581,False,tst_d24_n1,,
beijing_48h_3h_station1013_seed2049_tst_d24_n1,beijing,48,3,1013,2049,tst,tst_d24_n1,tst_d24_n1,24.0,,1.0,non_aligned_as_is,completed,27.0,0.2798105180263519,4.410978650994366,0.003852463007206,valid,test,1.0,1,9.0,9435.0,9435.0,9435.0,predictions/beijing_48h_3h_station1013_seed2049_tst_d24_n1.npz,checkpoints/beijing_48h_3h_station1013_seed2049_tst_d24_n1.pt,training_logs/beijing_48h_3h_station1013_seed2049_tst_d24_n1.csv,0.1910967975854873,0.4371461970388023,0.253356009721756,32.55641174316406,18.86865997314453,30.642683029174805,False,,,31.17669677734375,16.931669235229492,4.425468726446215,False,tst_d24_n1,,
beijing_48h_6h_station1013_seed2047_tst_d24_n1,beijing,48,6,1013,2047,tst,tst_d24_n1,tst_d24_n1,24.0,,1.0,non_aligned_as_is,completed,22.0,0.4883742034435272,4.384589476001565,0.0038738010043743,valid,test,1.0,1,9.0,12894.0,12894.0,12894.0,predictions/beijing_48h_6h_station1013_seed2047_tst_d24_n1.npz,checkpoints/beijing_48h_6h_station1013_seed2047_tst_d24_n1.pt,training_logs/beijing_48h_6h_station1013_seed2047_tst_d24_n1.csv,0.3218379020690918,0.5673075903503246,0.337013691663742,42.25016784667969,25.099056243896484,38.19266891479492,False,,,41.811302185058594,24.404136657714844,1.0496340431557376,False,tst_d24_n1,,
beijing_48h_6h_station1013_seed2048_tst_d24_n1,beijing,48,6,1013,2048,tst,tst_d24_n1,tst_d24_n1,24.0,,1.0,non_aligned_as_is,completed,21.0,0.4847419559955597,3.685195976999239,0.0038906300032977,valid,test,1.0,1,9.0,12894.0,12894.0,12894.0,predictions/beijing_48h_6h_station1013_seed2048_tst_d24_n1.npz,checkpoints/beijing_48h_6h_station1013_seed2048_tst_d24_n1.pt,training_logs/beijing_48h_6h_station1013_seed2048_tst_d24_n1.csv,0.3064669072628021,0.5535945332667241,0.3334253430366516,41.22888946533203,24.83181381225586,36.44736099243164,False,,,41.650672912597656,23.962068557739254,-1.0126689865268719,True,tst_d24_n1,,
beijing_48h_6h_station1013_seed2049_tst_d24_n1,beijing,48,6,1013,2049,tst,tst_d24_n1,tst_d24_n1,24.0,,1.0,non_aligned_as_is,completed,30.0,0.4940208494663238,4.839814129009028,0.0039988960052141,valid,test,1.0,1,9.0,12894.0,12894.0,12894.0,predictions/beijing_48h_6h_station1013_seed2049_tst_d24_n1.npz,checkpoints/beijing_48h_6h_station1013_seed2049_tst_d24_n1.pt,training_logs/beijing_48h_6h_station1013_seed2049_tst_d24_n1.csv,0.3081865608692169,0.5551455312521365,0.3389586508274078,41.34440231323242,25.243906021118164,38.32861328125,False,,,42.05476379394531,24.104082107543945,-1.689134396743806,True,tst_d24_n1,,
beijing_48h_12h_station1013_seed2047_tst_d24_n1,beijing,48,12,1013,2047,tst,tst_d24_n1,tst_d24_n1,24.0,,1.0,non_aligned_as_is,completed,13.0,0.7981941103935242,3.3071325000055367,0.0039304079982684,valid,test,1.0,1,9.0,19812.0,19812.0,19812.0,predictions/beijing_48h_12h_station1013_seed2047_tst_d24_n1.npz,checkpoints/beijing_48h_12h_station1013_seed2047_tst_d24_n1.pt,training_logs/beijing_48h_12h_station1013_seed2047_tst_d24_n1.csv,0.5181323289871216,0.7198140933512774,0.4662111699581146,53.59928512573242,34.715335845947266,48.17670822143555,False,,,57.32188415527344,35.63805389404297,-6.494202143560468,True,tst_d24_n1,,
beijing_48h_12h_station1013_seed2048_tst_d24_n1,beijing,48,12,1013,2048,tst,tst_d24_n1,tst_d24_n1,24.0,,1.0,non_aligned_as_is,completed,10.0,0.7867200374603271,2.3366206799983047,0.0039582750032423,valid,test,1.0,1,9.0,19812.0,19812.0,19812.0,predictions/beijing_48h_12h_station1013_seed2048_tst_d24_n1.npz,checkpoints/beijing_48h_12h_station1013_seed2048_tst_d24_n1.pt,training_logs/beijing_48h_12h_station1013_seed2048_tst_d24_n1.csv,0.4932392239570617,0.7023099201613642,0.4554015398025512,52.29588317871094,33.91041946411133,48.3408203125,False,,,52.859134674072266,33.03700637817383,-1.0655707832417591,True,tst_d24_n1,,
beijing_48h_12h_station1013_seed2049_tst_d24_n1,beijing,48,12,1013,2049,tst,tst_d24_n1,tst_d24_n1,24.0,,1.0,non_aligned_as_is,completed,10.0,0.7947938442230225,2.348153997998452,0.0041183010034728,valid,test,1.0,1,9.0,19812.0,19812.0,19812.0,predictions/beijing_48h_12h_station1013_seed2049_tst_d24_n1.npz,checkpoints/beijing_48h_12h_station1013_seed2049_tst_d24_n1.pt,training_logs/beijing_48h_12h_station1013_seed2049_tst_d24_n1.csv,0.5553607940673828,0.7452253310693235,0.4805187582969665,55.491477966308594,35.78071975708008,48.3280029296875,False,,,55.133583068847656,34.52684020996094,0.6491413718096625,False,tst_d24_n1,,
beijing_48h_24h_station1013_seed2047_tst_d24_n1,beijing,48,24,1013,2047,tst,tst_d24_n1,tst_d24_n1,24.0,,1.0,non_aligned_as_is,completed,16.0,1.165231227874756,3.669130137001048,0.0040352350042667,valid,test,1.0,1,9.0,33648.0,33648.0,33648.0,predictions/beijing_48h_24h_station1013_seed2047_tst_d24_n1.npz,checkpoints/beijing_48h_24h_station1013_seed2047_tst_d24_n1.pt,training_logs/beijing_48h_24h_station1013_seed2047_tst_d24_n1.csv,0.6982696652412415,0.835625313906443,0.5774798393249512,62.2034912109375,42.987281799316406,56.69511032104492,False,,,69.85392761230469,46.93188095092773,-10.952049029838047,True,tst_d24_n1,,
beijing_48h_24h_station1013_seed2048_tst_d24_n1,beijing,48,24,1013,2048,tst,tst_d24_n1,tst_d24_n1,24.0,,1.0,non_aligned_as_is,completed,28.0,1.1244962215423584,4.605974670994328,0.0040013109974097,valid,test,1.0,1,9.0,33648.0,33648.0,33648.0,predictions/beijing_48h_24h_station1013_seed2048_tst_d24_n1.npz,checkpoints/beijing_48h_24h_station1013_seed2048_tst_d24_n1.pt,training_logs/beijing_48h_24h_station1013_seed2048_tst_d24_n1.csv,0.6677694916725159,0.8171716415004352,0.5622314214706421,60.82980728149414,41.85219955444336,55.20777130126953,False,,,68.12368774414062,45.795066833496094,-10.706819762959524,True,tst_d24_n1,,
beijing_48h_24h_station1013_seed2049_tst_d24_n1,beijing,48,24,1013,2049,tst,tst_d24_n1,tst_d24_n1,24.0,,1.0,non_aligned_as_is,completed,35.0,1.1148440837860107,5.111759606006672,0.0040277669904753,valid,test,1.0,1,9.0,33648.0,33648.0,33648.0,predictions/beijing_48h_24h_station1013_seed2049_tst_d24_n1.npz,checkpoints/beijing_48h_24h_station1013_seed2049_tst_d24_n1.pt,training_logs/beijing_48h_24h_station1013_seed2049_tst_d24_n1.csv,0.7550711631774902,0.8689483086913112,0.6005443334579468,64.68403625488281,44.704193115234375,57.34855651855469,False,,,70.52690887451172,47.815460205078125,-8.284600463668568,True,tst_d24_n1,,
beijing_72h_1h_station1013_seed2047_tst_d24_n1,beijing,72,1,1013,2047,tst,tst_d24_n1,tst_d24_n1,24.0,,1.0,non_aligned_as_is,completed,30.0,0.1154012531042099,7.325206932000583,0.0046698189980816,valid,test,1.0,1,9.0,8281.0,8281.0,8281.0,predictions/beijing_72h_1h_station1013_seed2047_tst_d24_n1.npz,checkpoints/beijing_72h_1h_station1013_seed2047_tst_d24_n1.pt,training_logs/beijing_72h_1h_station1013_seed2047_tst_d24_n1.csv,0.0920843482017517,0.3034540297998227,0.157780721783638,22.588951110839844,11.745109558105469,20.35968017578125,False,,,21.06454849243164,10.74881076812744,7.236816013198248,False,tst_d24_n1,,
beijing_72h_1h_station1013_seed2048_tst_d24_n1,beijing,72,1,1013,2048,tst,tst_d24_n1,tst_d24_n1,24.0,,1.0,non_aligned_as_is,completed,27.0,0.1179572120308876,6.124987952003721,0.0046445540065178,valid,test,1.0,1,9.0,8281.0,8281.0,8281.0,predictions/beijing_72h_1h_station1013_seed2048_tst_d24_n1.npz,checkpoints/beijing_72h_1h_station1013_seed2048_tst_d24_n1.pt,training_logs/beijing_72h_1h_station1013_seed2048_tst_d24_n1.csv,0.0903384238481521,0.3005635105067682,0.1600363105535507,22.3737850189209,11.913015365600586,20.507871627807617,False,,,20.968732833862305,10.600374221801758,6.700701450063696,False,tst_d24_n1,,
beijing_72h_1h_station1013_seed2049_tst_d24_n1,beijing,72,1,1013,2049,tst,tst_d24_n1,tst_d24_n1,24.0,,1.0,non_aligned_as_is,completed,24.0,0.1200254410505294,6.120175850999658,0.0048485330044059,valid,test,1.0,1,9.0,8281.0,8281.0,8281.0,predictions/beijing_72h_1h_station1013_seed2049_tst_d24_n1.npz,checkpoints/beijing_72h_1h_station1013_seed2049_tst_d24_n1.pt,training_logs/beijing_72h_1h_station1013_seed2049_tst_d24_n1.csv,0.0949088111519813,0.3080727367878913,0.1755065321922302,22.93276596069336,13.064610481262209,25.48891830444336,False,,,21.28269386291504,10.951455116271973,7.75311672670141,False,tst_d24_n1,,
beijing_72h_3h_station1013_seed2047_tst_d24_n1,beijing,72,3,1013,2047,tst,tst_d24_n1,tst_d24_n1,24.0,,1.0,non_aligned_as_is,completed,19.0,0.284379631280899,5.739832532999571,0.0045514660014305,valid,test,1.0,1,9.0,11739.0,11739.0,11739.0,predictions/beijing_72h_3h_station1013_seed2047_tst_d24_n1.npz,checkpoints/beijing_72h_3h_station1013_seed2047_tst_d24_n1.pt,training_logs/beijing_72h_3h_station1013_seed2047_tst_d24_n1.csv,0.1911131292581558,0.4371648765147491,0.2471957504749298,32.540130615234375,18.39988136291504,29.64414978027344,False,,,31.00885581970215,17.128154754638672,4.938185415275136,False,tst_d24_n1,,
beijing_72h_3h_station1013_seed2048_tst_d24_n1,beijing,72,3,1013,2048,tst,tst_d24_n1,tst_d24_n1,24.0,,1.0,non_aligned_as_is,completed,13.0,0.292576253414154,3.918777899001725,0.0046598670014645,valid,test,1.0,1,9.0,11739.0,11739.0,11739.0,predictions/beijing_72h_3h_station1013_seed2048_tst_d24_n1.npz,checkpoints/beijing_72h_3h_station1013_seed2048_tst_d24_n1.pt,training_logs/beijing_72h_3h_station1013_seed2048_tst_d24_n1.csv,0.1914999186992645,0.4376070368484315,0.2549379765987396,32.57304000854492,18.97616958618164,32.44857406616211,False,,,31.21354103088379,16.76036262512207,4.355478208371156,False,tst_d24_n1,,
beijing_72h_3h_station1013_seed2049_tst_d24_n1,beijing,72,3,1013,2049,tst,tst_d24_n1,tst_d24_n1,24.0,,1.0,non_aligned_as_is,completed,17.0,0.2998259365558624,4.75247766400571,0.0046048169897403,valid,test,1.0,1,9.0,11739.0,11739.0,11739.0,predictions/beijing_72h_3h_station1013_seed2049_tst_d24_n1.npz,checkpoints/beijing_72h_3h_station1013_seed2049_tst_d24_n1.pt,training_logs/beijing_72h_3h_station1013_seed2049_tst_d24_n1.csv,0.1978462487459182,0.4447991105498282,0.2680428326129913,33.10837936401367,19.95162010192871,34.377540588378906,False,,,31.59510612487793,17.138343811035156,4.789581124224152,False,tst_d24_n1,,
beijing_72h_6h_station1013_seed2047_tst_d24_n1,beijing,72,6,1013,2047,tst,tst_d24_n1,tst_d24_n1,24.0,,1.0,non_aligned_as_is,completed,29.0,0.495311439037323,6.759217646002071,0.004870970005868,valid,test,1.0,1,9.0,16926.0,16926.0,16926.0,predictions/beijing_72h_6h_station1013_seed2047_tst_d24_n1.npz,checkpoints/beijing_72h_6h_station1013_seed2047_tst_d24_n1.pt,training_logs/beijing_72h_6h_station1013_seed2047_tst_d24_n1.csv,0.3024397194385528,0.5499451967592343,0.331819474697113,40.932159423828125,24.697166442871094,37.9130744934082,False,,,41.74861526489258,24.63315200805664,-1.9556477164190655,True,tst_d24_n1,,
beijing_72h_6h_station1013_seed2048_tst_d24_n1,beijing,72,6,1013,2048,tst,tst_d24_n1,tst_d24_n1,24.0,,1.0,non_aligned_as_is,completed,20.0,0.5005917549133301,5.357092869002372,0.004648914997233,valid,test,1.0,1,9.0,16926.0,16926.0,16926.0,predictions/beijing_72h_6h_station1013_seed2048_tst_d24_n1.npz,checkpoints/beijing_72h_6h_station1013_seed2048_tst_d24_n1.pt,training_logs/beijing_72h_6h_station1013_seed2048_tst_d24_n1.csv,0.3039617836475372,0.5513272926742674,0.3376982510089874,41.03502655029297,25.13471794128418,39.07905578613281,False,,,41.156280517578125,24.216215133666992,-0.2946183808650246,True,tst_d24_n1,,
beijing_72h_6h_station1013_seed2049_tst_d24_n1,beijing,72,6,1013,2049,tst,tst_d24_n1,tst_d24_n1,24.0,,1.0,non_aligned_as_is,completed,21.0,0.5060783624649048,5.53735246299766,0.0046765720035182,valid,test,1.0,1,9.0,16926.0,16926.0,16926.0,predictions/beijing_72h_6h_station1013_seed2049_tst_d24_n1.npz,checkpoints/beijing_72h_6h_station1013_seed2049_tst_d24_n1.pt,training_logs/beijing_72h_6h_station1013_seed2049_tst_d24_n1.csv,0.3149785101413727,0.5612294630018747,0.3468035161495209,41.77204132080078,25.81241607666016,38.16328430175781,False,,,41.276737213134766,24.22653007507324,1.1999594471541801,False,tst_d24_n1,,
beijing_72h_12h_station1013_seed2047_tst_d24_n1,beijing,72,12,1013,2047,tst,tst_d24_n1,tst_d24_n1,24.0,,1.0,non_aligned_as_is,completed,28.0,0.7940921187400818,6.79792687499139,0.0047123689873842,valid,test,1.0,1,9.0,27300.0,27300.0,27300.0,predictions/beijing_72h_12h_station1013_seed2047_tst_d24_n1.npz,checkpoints/beijing_72h_12h_station1013_seed2047_tst_d24_n1.pt,training_logs/beijing_72h_12h_station1013_seed2047_tst_d24_n1.csv,0.4773925244808197,0.6909359771214839,0.4523480534553528,51.42448043823242,33.66703414916992,46.947601318359375,False,,,56.09211349487305,35.244869232177734,-8.32137134049559,True,tst_d24_n1,,
beijing_72h_12h_station1013_seed2048_tst_d24_n1,beijing,72,12,1013,2048,tst,tst_d24_n1,tst_d24_n1,24.0,,1.0,non_aligned_as_is,completed,30.0,0.7849564552307129,6.211501291007153,0.0047184589930111,valid,test,1.0,1,9.0,27300.0,27300.0,27300.0,predictions/beijing_72h_12h_station1013_seed2048_tst_d24_n1.npz,checkpoints/beijing_72h_12h_station1013_seed2048_tst_d24_n1.pt,training_logs/beijing_72h_12h_station1013_seed2048_tst_d24_n1.csv,0.4709913432598114,0.6862880905711619,0.4498750567436218,51.07855224609375,33.48297119140625,46.47866439819336,False,,,55.03749084472656,34.67401123046875,-7.193166944695735,True,tst_d24_n1,,
beijing_72h_12h_station1013_seed2049_tst_d24_n1,beijing,72,12,1013,2049,tst,tst_d24_n1,tst_d24_n1,24.0,,1.0,non_aligned_as_is,completed,30.0,0.8006873726844788,6.206848418005393,0.0047392720007337,valid,test,1.0,1,9.0,27300.0,27300.0,27300.0,predictions/beijing_72h_12h_station1013_seed2049_tst_d24_n1.npz,checkpoints/beijing_72h_12h_station1013_seed2049_tst_d24_n1.pt,training_logs/beijing_72h_12h_station1013_seed2049_tst_d24_n1.csv,0.4883246719837188,0.6988023125202999,0.4616753458976745,52.00994873046875,34.36124038696289,48.19977569580078,False,,,54.70387268066406,35.244651794433594,-4.924558021552142,True,tst_d24_n1,,
beijing_72h_24h_station1013_seed2047_tst_d24_n1,beijing,72,24,1013,2047,tst,tst_d24_n1,tst_d24_n1,24.0,,1.0,non_aligned_as_is,completed,26.0,1.1696275472640991,6.780279398997664,0.0047389219980686,valid,test,1.0,1,9.0,48048.0,48048.0,48048.0,predictions/beijing_72h_24h_station1013_seed2047_tst_d24_n1.npz,checkpoints/beijing_72h_24h_station1013_seed2047_tst_d24_n1.pt,training_logs/beijing_72h_24h_station1013_seed2047_tst_d24_n1.csv,0.7004469037055969,0.8369270599673528,0.5853937268257141,62.276458740234375,43.55964660644531,57.23126602172852,False,,,65.6296157836914,44.675662994384766,-5.109213277293438,True,tst_d24_n1,,
beijing_72h_24h_station1013_seed2048_tst_d24_n1,beijing,72,24,1013,2048,tst,tst_d24_n1,tst_d24_n1,24.0,,1.0,non_aligned_as_is,completed,24.0,1.1415693759918213,6.176865480010747,0.0049200639914488,valid,test,1.0,1,9.0,48048.0,48048.0,48048.0,predictions/beijing_72h_24h_station1013_seed2048_tst_d24_n1.npz,checkpoints/beijing_72h_24h_station1013_seed2048_tst_d24_n1.pt,training_logs/beijing_72h_24h_station1013_seed2048_tst_d24_n1.csv,0.662643551826477,0.8140292082145929,0.5703497529029846,60.57260894775391,42.44021224975586,56.80095672607422,False,,,64.7675552368164,43.77329254150391,-6.476925481784932,True,tst_d24_n1,,
beijing_72h_24h_station1013_seed2049_tst_d24_n1,beijing,72,24,1013,2049,tst,tst_d24_n1,tst_d24_n1,24.0,,1.0,non_aligned_as_is,completed,27.0,1.1621085405349731,6.219902947006631,0.0047218609979609,valid,test,1.0,1,9.0,48048.0,48048.0,48048.0,predictions/beijing_72h_24h_station1013_seed2049_tst_d24_n1.npz,checkpoints/beijing_72h_24h_station1013_seed2049_tst_d24_n1.pt,training_logs/beijing_72h_24h_station1013_seed2049_tst_d24_n1.csv,0.673840343952179,0.8208777886824439,0.5696589946746826,61.08221435546875,42.38880920410156,58.23211669921875,False,,,68.50748443603516,46.28374862670898,-10.838626088364574,True,tst_d24_n1,,
beijing_168h_1h_station1013_seed2047_tst_d24_n1,beijing,168,1,1013,2047,tst,tst_d24_n1,tst_d24_n1,24.0,,1.0,non_aligned_as_is,completed,30.0,0.1165271252393722,15.323651769998833,0.0130884350073756,valid,test,1.0,1,9.0,12889.0,12889.0,12889.0,predictions/beijing_168h_1h_station1013_seed2047_tst_d24_n1.npz,checkpoints/beijing_168h_1h_station1013_seed2047_tst_d24_n1.pt,training_logs/beijing_168h_1h_station1013_seed2047_tst_d24_n1.csv,0.0948754921555519,0.3080186555316933,0.1718791723251342,22.89555931091309,12.77607536315918,23.40145492553711,False,,,21.871671676635746,11.994721412658691,4.681341460383681,False,tst_d24_n1,,
beijing_168h_1h_station1013_seed2048_tst_d24_n1,beijing,168,1,1013,2048,tst,tst_d24_n1,tst_d24_n1,24.0,,1.0,non_aligned_as_is,completed,22.0,0.1185407117009162,13.759772414996403,0.0129948829999193,valid,test,1.0,1,9.0,12889.0,12889.0,12889.0,predictions/beijing_168h_1h_station1013_seed2048_tst_d24_n1.npz,checkpoints/beijing_168h_1h_station1013_seed2048_tst_d24_n1.pt,training_logs/beijing_168h_1h_station1013_seed2048_tst_d24_n1.csv,0.0951375812292099,0.3084438056262597,0.1710720211267471,22.92716217041016,12.716079711914062,23.28677558898925,False,,,21.76912498474121,11.43486213684082,5.31963129652965,False,tst_d24_n1,,
beijing_168h_1h_station1013_seed2049_tst_d24_n1,beijing,168,1,1013,2049,tst,tst_d24_n1,tst_d24_n1,24.0,,1.0,non_aligned_as_is,completed,18.0,0.123007446527481,11.811783723998817,0.0129836440028157,valid,test,1.0,1,9.0,12889.0,12889.0,12889.0,predictions/beijing_168h_1h_station1013_seed2049_tst_d24_n1.npz,checkpoints/beijing_168h_1h_station1013_seed2049_tst_d24_n1.pt,training_logs/beijing_168h_1h_station1013_seed2049_tst_d24_n1.csv,0.0998909547924995,0.3160553033766393,0.1861146688461303,23.492935180664062,13.834223747253418,26.03096389770508,False,,,22.61062812805176,12.07103443145752,3.9021784251878935,False,tst_d24_n1,,
beijing_168h_3h_station1013_seed2047_tst_d24_n1,beijing,168,3,1013,2047,tst,tst_d24_n1,tst_d24_n1,24.0,,1.0,non_aligned_as_is,completed,22.0,0.277254581451416,14.428201188988169,0.0131312910089036,valid,test,1.0,1,9.0,20955.0,20955.0,20955.0,predictions/beijing_168h_3h_station1013_seed2047_tst_d24_n1.npz,checkpoints/beijing_168h_3h_station1013_seed2047_tst_d24_n1.pt,training_logs/beijing_168h_3h_station1013_seed2047_tst_d24_n1.csv,0.200727105140686,0.4480257862452629,0.2712862193584442,33.302040100097656,20.16487693786621,33.979469299316406,False,,,31.7686710357666,18.36850929260254,4.826670472317582,False,tst_d24_n1,,
beijing_168h_3h_station1013_seed2048_tst_d24_n1,beijing,168,3,1013,2048,tst,tst_d24_n1,tst_d24_n1,24.0,,1.0,non_aligned_as_is,completed,28.0,0.2776388823986053,14.791837998011031,0.0131159049924463,valid,test,1.0,1,9.0,20955.0,20955.0,20955.0,predictions/beijing_168h_3h_station1013_seed2048_tst_d24_n1.npz,checkpoints/beijing_168h_3h_station1013_seed2048_tst_d24_n1.pt,training_logs/beijing_168h_3h_station1013_seed2048_tst_d24_n1.csv,0.1964299529790878,0.4432041888104035,0.2645899057388305,32.94364929199219,19.667133331298828,32.79972076416016,False,,,31.73417854309082,18.07464408874512,3.8112558901093525,False,tst_d24_n1,,
beijing_168h_3h_station1013_seed2049_tst_d24_n1,beijing,168,3,1013,2049,tst,tst_d24_n1,tst_d24_n1,24.0,,1.0,non_aligned_as_is,completed,28.0,0.2804675102233886,14.770199253995088,0.0132074379944242,valid,test,1.0,1,9.0,20955.0,20955.0,20955.0,predictions/beijing_168h_3h_station1013_seed2049_tst_d24_n1.npz,checkpoints/beijing_168h_3h_station1013_seed2049_tst_d24_n1.pt,training_logs/beijing_168h_3h_station1013_seed2049_tst_d24_n1.csv,0.1968312561511993,0.4436566872607685,0.2763845026493072,32.97727966308594,20.543832778930664,34.8758659362793,False,,,32.07843780517578,18.52771759033203,2.8020125648547953,False,tst_d24_n1,,
beijing_168h_6h_station1013_seed2047_tst_d24_n1,beijing,168,6,1013,2047,tst,tst_d24_n1,tst_d24_n1,24.0,,1.0,non_aligned_as_is,completed,28.0,0.4833758473396301,14.794166286999824,0.0131922860018676,valid,test,1.0,1,9.0,33054.0,33054.0,33054.0,predictions/beijing_168h_6h_station1013_seed2047_tst_d24_n1.npz,checkpoints/beijing_168h_6h_station1013_seed2047_tst_d24_n1.pt,training_logs/beijing_168h_6h_station1013_seed2047_tst_d24_n1.csv,0.3278005719184875,0.5725387077905629,0.3634951412677765,42.55716323852539,27.018823623657227,42.30253219604492,False,,,42.01683807373047,25.93600273132324,1.2859729326770568,False,tst_d24_n1,,
beijing_168h_6h_station1013_seed2048_tst_d24_n1,beijing,168,6,1013,2048,tst,tst_d24_n1,tst_d24_n1,24.0,,1.0,non_aligned_as_is,completed,16.0,0.503197193145752,10.887295413995162,0.0131779779912903,valid,test,1.0,1,9.0,33054.0,33054.0,33054.0,predictions/beijing_168h_6h_station1013_seed2048_tst_d24_n1.npz,checkpoints/beijing_168h_6h_station1013_seed2048_tst_d24_n1.pt,training_logs/beijing_168h_6h_station1013_seed2048_tst_d24_n1.csv,0.3209902644157409,0.5665600271954782,0.3612793385982513,42.11276626586914,26.854124069213867,41.43722152709961,False,,,42.51594543457031,26.329206466674805,-0.9483010775842732,True,tst_d24_n1,,
beijing_168h_6h_station1013_seed2049_tst_d24_n1,beijing,168,6,1013,2049,tst,tst_d24_n1,tst_d24_n1,24.0,,1.0,non_aligned_as_is,completed,20.0,0.4919365346431732,12.819494798997766,0.0130706819909391,valid,test,1.0,1,9.0,33054.0,33054.0,33054.0,predictions/beijing_168h_6h_station1013_seed2049_tst_d24_n1.npz,checkpoints/beijing_168h_6h_station1013_seed2049_tst_d24_n1.pt,training_logs/beijing_168h_6h_station1013_seed2049_tst_d24_n1.csv,0.3112126290798187,0.5578643464856118,0.3567487001419067,41.46641159057617,26.517358779907227,40.91961669921875,False,,,42.00048828125,26.010665893554688,-1.2715963850169152,True,tst_d24_n1,,
beijing_168h_6h_station1013_seed2050_tst_d24_n1,beijing,168,6,1013,2050,tst,tst_d24_n1,tst_d24_n1,24.0,,1.0,non_aligned_as_is,completed,27.0,0.4973568022251129,14.773103070998332,0.0130793980060843,valid,test,1.0,1,9.0,33054.0,33054.0,33054.0,predictions/beijing_168h_6h_station1013_seed2050_tst_d24_n1.npz,checkpoints/beijing_168h_6h_station1013_seed2050_tst_d24_n1.pt,training_logs/beijing_168h_6h_station1013_seed2050_tst_d24_n1.csv,0.3088319301605224,0.5557264886259449,0.3515925705432892,41.30750274658203,26.13410186767578,42.37078857421875,False,,,42.20603942871094,26.009906768798828,-2.128929163435484,True,tst_d24_n1,,
beijing_168h_6h_station1013_seed2051_tst_d24_n1,beijing,168,6,1013,2051,tst,tst_d24_n1,tst_d24_n1,24.0,,1.0,non_aligned_as_is,completed,19.0,0.5045192241668701,12.263474956998834,0.0131359750084811,valid,test,1.0,1,9.0,33054.0,33054.0,33054.0,predictions/beijing_168h_6h_station1013_seed2051_tst_d24_n1.npz,checkpoints/beijing_168h_6h_station1013_seed2051_tst_d24_n1.pt,training_logs/beijing_168h_6h_station1013_seed2051_tst_d24_n1.csv,0.3205490112304687,0.5661704789464643,0.3607092797756195,42.08381271362305,26.811748504638672,41.504581451416016,False,,,41.76411056518555,25.687108993530277,0.7654949288061766,False,tst_d24_n1,,
beijing_168h_12h_station1013_seed2047_tst_d24_n1,beijing,168,12,1013,2047,tst,tst_d24_n1,tst_d24_n1,24.0,,1.0,non_aligned_as_is,completed,20.0,0.7970962524414062,13.396523243995034,0.0131817030051024,valid,test,1.0,1,9.0,57252.0,57252.0,57252.0,predictions/beijing_168h_12h_station1013_seed2047_tst_d24_n1.npz,checkpoints/beijing_168h_12h_station1013_seed2047_tst_d24_n1.pt,training_logs/beijing_168h_12h_station1013_seed2047_tst_d24_n1.csv,0.5402042865753174,0.7349859090998394,0.498846024274826,54.638648986816406,37.08407211303711,53.341453552246094,False,,,54.23294448852539,36.208377838134766,0.7480775792596963,False,tst_d24_n1,,
beijing_168h_12h_station1013_seed2048_tst_d24_n1,beijing,168,12,1013,2048,tst,tst_d24_n1,tst_d24_n1,24.0,,1.0,non_aligned_as_is,completed,11.0,0.8223451375961304,8.399495777004631,0.0131741299992427,valid,test,1.0,1,9.0,57252.0,57252.0,57252.0,predictions/beijing_168h_12h_station1013_seed2048_tst_d24_n1.npz,checkpoints/beijing_168h_12h_station1013_seed2048_tst_d24_n1.pt,training_logs/beijing_168h_12h_station1013_seed2048_tst_d24_n1.csv,0.5189639329910278,0.7203915136861537,0.4939283728599548,53.55370330810547,36.71850204467773,52.115325927734375,False,,,55.16896057128906,36.87693405151367,-2.9278370418024573,True,tst_d24_n1,,
beijing_168h_12h_station1013_seed2049_tst_d24_n1,beijing,168,12,1013,2049,tst,tst_d24_n1,tst_d24_n1,24.0,,1.0,non_aligned_as_is,completed,8.0,0.834823489189148,6.917781353986356,0.0131527250050567,valid,test,1.0,1,9.0,57252.0,57252.0,57252.0,predictions/beijing_168h_12h_station1013_seed2049_tst_d24_n1.npz,checkpoints/beijing_168h_12h_station1013_seed2049_tst_d24_n1.pt,training_logs/beijing_168h_12h_station1013_seed2049_tst_d24_n1.csv,0.5071465969085693,0.7121422588981567,0.4815250337123871,52.940460205078125,35.79643630981445,52.89901351928711,False,,,58.07843780517578,38.81656646728516,-8.846618115544036,True,tst_d24_n1,,
beijing_168h_24h_station1013_seed2047_tst_d24_n1,beijing,168,24,1013,2047,tst,tst_d24_n1,tst_d24_n1,24.0,,1.0,non_aligned_as_is,completed,17.0,1.184834361076355,11.938408361995243,0.0133152829948812,valid,test,1.0,1,9.0,105648.0,105648.0,105648.0,predictions/beijing_168h_24h_station1013_seed2047_tst_d24_n1.npz,checkpoints/beijing_168h_24h_station1013_seed2047_tst_d24_n1.pt,training_logs/beijing_168h_24h_station1013_seed2047_tst_d24_n1.csv,0.8851010203361511,0.9407980762821272,0.6644454002380371,69.97772216796875,49.42226791381836,66.05889892578125,False,,,67.65840148925781,47.55368041992188,3.427986218502632,False,tst_d24_n1,,
beijing_168h_24h_station1013_seed2048_tst_d24_n1,beijing,168,24,1013,2048,tst,tst_d24_n1,tst_d24_n1,24.0,,1.0,non_aligned_as_is,completed,13.0,1.1710262298583984,9.37488121399656,0.0132413719984469,valid,test,1.0,1,9.0,105648.0,105648.0,105648.0,predictions/beijing_168h_24h_station1013_seed2048_tst_d24_n1.npz,checkpoints/beijing_168h_24h_station1013_seed2048_tst_d24_n1.pt,training_logs/beijing_168h_24h_station1013_seed2048_tst_d24_n1.csv,0.8139684796333313,0.9022020170856032,0.6413244605064392,67.10689544677734,47.7025032043457,65.65485382080078,False,,,72.7971420288086,50.40897750854492,-7.816579639595471,True,tst_d24_n1,,
beijing_168h_24h_station1013_seed2049_tst_d24_n1,beijing,168,24,1013,2049,tst,tst_d24_n1,tst_d24_n1,24.0,,1.0,non_aligned_as_is,completed,29.0,1.1768238544464111,14.757791851996444,0.0131969460053369,valid,test,1.0,1,9.0,105648.0,105648.0,105648.0,predictions/beijing_168h_24h_station1013_seed2049_tst_d24_n1.npz,checkpoints/beijing_168h_24h_station1013_seed2049_tst_d24_n1.pt,training_logs/beijing_168h_24h_station1013_seed2049_tst_d24_n1.csv,0.8360457420349121,0.9143553696648324,0.6548299789428711,68.01087951660156,48.707061767578125,66.36205291748047,False,,,66.645751953125,46.83631896972656,2.048333949981867,False,tst_d24_n1,,
beijing_24h_1h_station1013_seed2047_center_gru_h16,beijing,24,1,1013,2047,gru,,center_gru_h16,,,,,completed,40.0,0.106395199894905,3.9620696629999657,0.0068217139996704,,test,,1,9.0,929.0,929.0,929.0,predictions/beijing_24h_1h_station1013_seed2047_center_gru_h16.npz,checkpoints/beijing_24h_1h_station1013_seed2047_center_gru_h16.pt,training_logs/beijing_24h_1h_station1013_seed2047_center_gru_h16.csv,0.0740941166877746,0.2722023451180659,0.1320189237594604,20.28444099426269,9.838013648986816,16.02850914001465,False,,,20.988380432128903,10.146111488342283,-3.3539483436684048,True,center_gru_h16,16.0,experiments/results/baseline_v2/reused/backbone_upgrade/experiments/results/trainable_matched/predictions/beijing_24h_1h_station1013_seed2047_center_gru_h16.npz
beijing_24h_1h_station1013_seed2048_center_gru_h16,beijing,24,1,1013,2048,gru,,center_gru_h16,,,,,completed,40.0,0.1037159040570259,4.024766516999989,0.0069813079999221,,test,,1,9.0,929.0,929.0,929.0,predictions/beijing_24h_1h_station1013_seed2048_center_gru_h16.npz,checkpoints/beijing_24h_1h_station1013_seed2048_center_gru_h16.pt,training_logs/beijing_24h_1h_station1013_seed2048_center_gru_h16.csv,0.0750857219099998,0.2740177401373857,0.1322416961193084,20.419723510742188,9.854613304138184,15.80604362487793,False,,,20.778905868530277,10.011322021484377,-1.7285912937893058,True,center_gru_h16,16.0,experiments/results/baseline_v2/reused/backbone_upgrade/experiments/results/trainable_matched/predictions/beijing_24h_1h_station1013_seed2048_center_gru_h16.npz
beijing_24h_1h_station1013_seed2049_center_gru_h16,beijing,24,1,1013,2049,gru,,center_gru_h16,,,,,completed,40.0,0.1045783907175064,3.997424346998741,0.0086536599992541,,test,,1,9.0,929.0,929.0,929.0,predictions/beijing_24h_1h_station1013_seed2049_center_gru_h16.npz,checkpoints/beijing_24h_1h_station1013_seed2049_center_gru_h16.pt,training_logs/beijing_24h_1h_station1013_seed2049_center_gru_h16.csv,0.0742322281002998,0.2724559195545214,0.1325874924659729,20.303335189819336,9.88038158416748,16.079423904418945,False,,,20.896221160888672,10.110241889953612,-2.83728797902961,True,center_gru_h16,16.0,experiments/results/baseline_v2/reused/backbone_upgrade/experiments/results/trainable_matched/predictions/beijing_24h_1h_station1013_seed2049_center_gru_h16.npz
beijing_24h_1h_station1013_seed2050_center_gru_h16,beijing,24,1,1013,2050,gru,,center_gru_h16,,,,,completed,40.0,0.1029166728258133,4.059238093001113,0.0072475670003768,,test,,1,9.0,929.0,929.0,929.0,predictions/beijing_24h_1h_station1013_seed2050_center_gru_h16.npz,checkpoints/beijing_24h_1h_station1013_seed2050_center_gru_h16.pt,training_logs/beijing_24h_1h_station1013_seed2050_center_gru_h16.csv,0.0753969922661781,0.2745851275400365,0.1328421831130981,20.46200561523437,9.899361610412598,15.951241493225098,False,,,21.0170955657959,10.084884643554688,-2.6411353977230974,True,center_gru_h16,16.0,experiments/results/baseline_v2/reused/backbone_upgrade/experiments/results/trainable_matched/predictions/beijing_24h_1h_station1013_seed2050_center_gru_h16.npz
beijing_24h_1h_station1013_seed2051_center_gru_h16,beijing,24,1,1013,2051,gru,,center_gru_h16,,,,,completed,39.0,0.1026011407375335,4.036357017999762,0.0071080139987316,,test,,1,9.0,929.0,929.0,929.0,predictions/beijing_24h_1h_station1013_seed2051_center_gru_h16.npz,checkpoints/beijing_24h_1h_station1013_seed2051_center_gru_h16.pt,training_logs/beijing_24h_1h_station1013_seed2051_center_gru_h16.csv,0.0752022415399551,0.2742302710131672,0.1308851540088653,20.435562133789062,9.75352382659912,15.533894538879396,False,,,20.71529197692871,10.02131462097168,-1.350354334620012,True,center_gru_h16,16.0,experiments/results/baseline_v2/reused/backbone_upgrade/experiments/results/trainable_matched/predictions/beijing_24h_1h_station1013_seed2051_center_gru_h16.npz
beijing_24h_3h_station1013_seed2047_center_gru_h16,beijing,24,3,1013,2047,gru,,center_gru_h16,,,,,completed,40.0,0.2638692259788513,4.058383834000779,0.0071947389988054,,test,,1,9.0,963.0,963.0,963.0,predictions/beijing_24h_3h_station1013_seed2047_center_gru_h16.npz,checkpoints/beijing_24h_3h_station1013_seed2047_center_gru_h16.pt,training_logs/beijing_24h_3h_station1013_seed2047_center_gru_h16.csv,0.1635320633649826,0.4043909783427205,0.2150686234235763,30.13510131835937,16.026851654052734,24.21745491027832,False,,,30.44579696655273,16.024797439575195,-1.0204878149016257,True,center_gru_h16,16.0,experiments/results/baseline_v2/reused/backbone_upgrade/experiments/results/trainable_matched/predictions/beijing_24h_3h_station1013_seed2047_center_gru_h16.npz
beijing_24h_3h_station1013_seed2048_center_gru_h16,beijing,24,3,1013,2048,gru,,center_gru_h16,,,,,completed,40.0,0.265844464302063,4.091392516998894,0.007190685999376,,test,,1,9.0,963.0,963.0,963.0,predictions/beijing_24h_3h_station1013_seed2048_center_gru_h16.npz,checkpoints/beijing_24h_3h_station1013_seed2048_center_gru_h16.pt,training_logs/beijing_24h_3h_station1013_seed2048_center_gru_h16.csv,0.1630226969718933,0.4037606927028599,0.2162951976060867,30.08813095092773,16.118255615234375,24.53688621520996,False,,,30.800689697265625,16.063575744628906,-2.313450618611156,True,center_gru_h16,16.0,experiments/results/baseline_v2/reused/backbone_upgrade/experiments/results/trainable_matched/predictions/beijing_24h_3h_station1013_seed2048_center_gru_h16.npz
beijing_24h_3h_station1013_seed2049_center_gru_h16,beijing,24,3,1013,2049,gru,,center_gru_h16,,,,,completed,39.0,0.2637033462524414,4.041132711998216,0.0070627589993819,,test,,1,9.0,963.0,963.0,963.0,predictions/beijing_24h_3h_station1013_seed2049_center_gru_h16.npz,checkpoints/beijing_24h_3h_station1013_seed2049_center_gru_h16.pt,training_logs/beijing_24h_3h_station1013_seed2049_center_gru_h16.csv,0.1650108247995376,0.4062152444204152,0.2167458236217498,30.27104377746582,16.15183448791504,24.80190658569336,False,,,30.58614921569824,16.17045021057129,-1.0302226540851749,True,center_gru_h16,16.0,experiments/results/baseline_v2/reused/backbone_upgrade/experiments/results/trainable_matched/predictions/beijing_24h_3h_station1013_seed2049_center_gru_h16.npz
beijing_24h_6h_station1013_seed2047_center_gru_h16,beijing,24,6,1013,2047,gru,,center_gru_h16,,,,,completed,36.0,0.47865891456604,4.173652379000487,0.0072435180009051,,test,,1,9.0,1014.0,1014.0,1014.0,predictions/beijing_24h_6h_station1013_seed2047_center_gru_h16.npz,checkpoints/beijing_24h_6h_station1013_seed2047_center_gru_h16.pt,training_logs/beijing_24h_6h_station1013_seed2047_center_gru_h16.csv,0.2791425585746765,0.5283394349986347,0.3079289197921753,39.3686408996582,22.94499015808105,33.25960159301758,False,,,40.0059814453125,22.94923591613769,-1.5931131361582282,True,center_gru_h16,16.0,experiments/results/baseline_v2/reused/backbone_upgrade/experiments/results/trainable_matched/predictions/beijing_24h_6h_station1013_seed2047_center_gru_h16.npz
beijing_24h_6h_station1013_seed2048_center_gru_h16,beijing,24,6,1013,2048,gru,,center_gru_h16,,,,,completed,40.0,0.4756548404693603,4.06047239200052,0.0071283449997281,,test,,1,9.0,1014.0,1014.0,1014.0,predictions/beijing_24h_6h_station1013_seed2048_center_gru_h16.npz,checkpoints/beijing_24h_6h_station1013_seed2048_center_gru_h16.pt,training_logs/beijing_24h_6h_station1013_seed2048_center_gru_h16.csv,0.2762932479381561,0.52563604132342,0.3056807518005371,39.16720199584961,22.77746963500977,32.93183135986328,False,,,39.84638977050781,22.57869529724121,-1.7045152109637345,True,center_gru_h16,16.0,experiments/results/baseline_v2/reused/backbone_upgrade/experiments/results/trainable_matched/predictions/beijing_24h_6h_station1013_seed2048_center_gru_h16.npz
beijing_24h_6h_station1013_seed2049_center_gru_h16,beijing,24,6,1013,2049,gru,,center_gru_h16,,,,,completed,39.0,0.474910020828247,4.1752720389995375,0.0071705430000292,,test,,1,9.0,1014.0,1014.0,1014.0,predictions/beijing_24h_6h_station1013_seed2049_center_gru_h16.npz,checkpoints/beijing_24h_6h_station1013_seed2049_center_gru_h16.pt,training_logs/beijing_24h_6h_station1013_seed2049_center_gru_h16.csv,0.2772746086120605,0.5265687121469149,0.3071869611740112,39.236698150634766,22.889705657958984,33.50299453735352,False,,,39.889404296875,22.915658950805664,-1.6362895303787939,True,center_gru_h16,16.0,experiments/results/baseline_v2/reused/backbone_upgrade/experiments/results/trainable_matched/predictions/beijing_24h_6h_station1013_seed2049_center_gru_h16.npz
beijing_24h_12h_station1013_seed2047_center_gru_h16,beijing,24,12,1013,2047,gru,,center_gru_h16,,,,,completed,40.0,0.800176203250885,4.133889640999769,0.0080282380004064,,test,,1,9.0,1116.0,1116.0,1116.0,predictions/beijing_24h_12h_station1013_seed2047_center_gru_h16.npz,checkpoints/beijing_24h_12h_station1013_seed2047_center_gru_h16.pt,training_logs/beijing_24h_12h_station1013_seed2047_center_gru_h16.csv,0.4430463910102844,0.6656173007143703,0.4243463277816772,49.590240478515625,31.614917755126957,43.64413070678711,False,,,51.547157287597656,31.825634002685547,-3.7963622284033676,True,center_gru_h16,16.0,experiments/results/baseline_v2/reused/backbone_upgrade/experiments/results/trainable_matched/predictions/beijing_24h_12h_station1013_seed2047_center_gru_h16.npz
beijing_24h_12h_station1013_seed2048_center_gru_h16,beijing,24,12,1013,2048,gru,,center_gru_h16,,,,,completed,39.0,0.8023205399513245,4.234388110000509,0.0076488519989652,,test,,1,9.0,1116.0,1116.0,1116.0,predictions/beijing_24h_12h_station1013_seed2048_center_gru_h16.npz,checkpoints/beijing_24h_12h_station1013_seed2048_center_gru_h16.pt,training_logs/beijing_24h_12h_station1013_seed2048_center_gru_h16.csv,0.4430349171161651,0.6656086816712693,0.4240740835666656,49.589603424072266,31.594633102416992,43.5522346496582,False,,,51.48316192626953,31.6285343170166,-3.6780151633053997,True,center_gru_h16,16.0,experiments/results/baseline_v2/reused/backbone_upgrade/experiments/results/trainable_matched/predictions/beijing_24h_12h_station1013_seed2048_center_gru_h16.npz
beijing_24h_12h_station1013_seed2049_center_gru_h16,beijing,24,12,1013,2049,gru,,center_gru_h16,,,,,completed,38.0,0.8008840680122375,4.039059841999915,0.0071866500002215,,test,,1,9.0,1116.0,1116.0,1116.0,predictions/beijing_24h_12h_station1013_seed2049_center_gru_h16.npz,checkpoints/beijing_24h_12h_station1013_seed2049_center_gru_h16.pt,training_logs/beijing_24h_12h_station1013_seed2049_center_gru_h16.csv,0.4438357353210449,0.6662099784009881,0.4249208271503448,49.63439178466797,31.657724380493164,43.65736389160156,False,,,51.83720016479492,32.26030349731445,-4.249474070983841,True,center_gru_h16,16.0,experiments/results/baseline_v2/reused/backbone_upgrade/experiments/results/trainable_matched/predictions/beijing_24h_12h_station1013_seed2049_center_gru_h16.npz
beijing_24h_24h_station1013_seed2047_center_gru_h16,beijing,24,24,1013,2047,gru,,center_gru_h16,,,,,completed,34.0,1.2024952173233032,4.040295478000189,0.0073715849994187,,test,,1,9.0,1320.0,1320.0,1320.0,predictions/beijing_24h_24h_station1013_seed2047_center_gru_h16.npz,checkpoints/beijing_24h_24h_station1013_seed2047_center_gru_h16.pt,training_logs/beijing_24h_24h_station1013_seed2047_center_gru_h16.csv,0.6383876204490662,0.7989916272709409,0.5538718104362488,59.50938415527344,41.252708435058594,54.665225982666016,False,,,64.3062973022461,43.40291213989258,-7.459476518180917,True,center_gru_h16,16.0,experiments/results/baseline_v2/reused/backbone_upgrade/experiments/results/trainable_matched/predictions/beijing_24h_24h_station1013_seed2047_center_gru_h16.npz
beijing_24h_24h_station1013_seed2048_center_gru_h16,beijing,24,24,1013,2048,gru,,center_gru_h16,,,,,completed,40.0,1.2036848068237305,3.975064117999864,0.0072630199993,,test,,1,9.0,1320.0,1320.0,1320.0,predictions/beijing_24h_24h_station1013_seed2048_center_gru_h16.npz,checkpoints/beijing_24h_24h_station1013_seed2048_center_gru_h16.pt,training_logs/beijing_24h_24h_station1013_seed2048_center_gru_h16.csv,0.6414925456047058,0.8009322977659883,0.551405131816864,59.65392303466797,41.06898880004883,54.17558670043945,False,,,64.8437271118164,43.64160919189453,-8.003556100652803,True,center_gru_h16,16.0,experiments/results/baseline_v2/reused/backbone_upgrade/experiments/results/trainable_matched/predictions/beijing_24h_24h_station1013_seed2048_center_gru_h16.npz
beijing_24h_24h_station1013_seed2049_center_gru_h16,beijing,24,24,1013,2049,gru,,center_gru_h16,,,,,completed,36.0,1.2029255628585815,3.9734939850004594,0.0072544710001238,,test,,1,9.0,1320.0,1320.0,1320.0,predictions/beijing_24h_24h_station1013_seed2049_center_gru_h16.npz,checkpoints/beijing_24h_24h_station1013_seed2049_center_gru_h16.pt,training_logs/beijing_24h_24h_station1013_seed2049_center_gru_h16.csv,0.6401581764221191,0.8000988541562344,0.5522072315216064,59.59184646606445,41.12873077392578,54.23652648925781,False,,,65.344482421875,44.265323638916016,-8.803552714168823,True,center_gru_h16,16.0,experiments/results/baseline_v2/reused/backbone_upgrade/experiments/results/trainable_matched/predictions/beijing_24h_24h_station1013_seed2049_center_gru_h16.npz
beijing_48h_1h_station1013_seed2047_center_gru_h16,beijing,48,1,1013,2047,gru,,center_gru_h16,,,,,completed,40.0,0.106682687997818,6.865075429999706,0.0126973739988898,,test,,1,9.0,929.0,929.0,929.0,predictions/beijing_48h_1h_station1013_seed2047_center_gru_h16.npz,checkpoints/beijing_48h_1h_station1013_seed2047_center_gru_h16.pt,training_logs/beijing_48h_1h_station1013_seed2047_center_gru_h16.csv,0.0744626820087432,0.2728785114455576,0.1335066854953766,20.32415580749512,9.943659782409668,16.174219131469727,False,,,20.97980499267578,10.450782775878906,-3.12514432526686,True,center_gru_h16,16.0,experiments/results/baseline_v2/reused/backbone_upgrade/experiments/results/trainable_matched/predictions/beijing_48h_1h_station1013_seed2047_center_gru_h16.npz
beijing_48h_1h_station1013_seed2048_center_gru_h16,beijing,48,1,1013,2048,gru,,center_gru_h16,,,,,completed,40.0,0.1033397391438484,6.883295833000375,0.0129638589987735,,test,,1,9.0,929.0,929.0,929.0,predictions/beijing_48h_1h_station1013_seed2048_center_gru_h16.npz,checkpoints/beijing_48h_1h_station1013_seed2048_center_gru_h16.pt,training_logs/beijing_48h_1h_station1013_seed2048_center_gru_h16.csv,0.0753235965967178,0.2744514467018125,0.1340196579694748,20.44131088256836,9.98186492919922,16.92959976196289,False,,,20.553361892700195,10.137685775756836,-0.5451712022432319,True,center_gru_h16,16.0,experiments/results/baseline_v2/reused/backbone_upgrade/experiments/results/trainable_matched/predictions/beijing_48h_1h_station1013_seed2048_center_gru_h16.npz
beijing_48h_1h_station1013_seed2049_center_gru_h16,beijing,48,1,1013,2049,gru,,center_gru_h16,,,,,completed,40.0,0.1040259450674057,6.869597495999187,0.0130184179997741,,test,,1,9.0,929.0,929.0,929.0,predictions/beijing_48h_1h_station1013_seed2049_center_gru_h16.npz,checkpoints/beijing_48h_1h_station1013_seed2049_center_gru_h16.pt,training_logs/beijing_48h_1h_station1013_seed2049_center_gru_h16.csv,0.0745640322566032,0.2730641541041285,0.1322516649961471,20.33798217773437,9.850184440612791,16.149263381958008,False,,,20.929391860961918,10.169209480285645,-2.8257375424780493,True,center_gru_h16,16.0,experiments/results/baseline_v2/reused/backbone_upgrade/experiments/results/trainable_matched/predictions/beijing_48h_1h_station1013_seed2049_center_gru_h16.npz
beijing_48h_3h_station1013_seed2047_center_gru_h16,beijing,48,3,1013,2047,gru,,center_gru_h16,,,,,completed,39.0,0.2652356922626495,6.853016463999666,0.0129401630001666,,test,,1,9.0,963.0,963.0,963.0,predictions/beijing_48h_3h_station1013_seed2047_center_gru_h16.npz,checkpoints/beijing_48h_3h_station1013_seed2047_center_gru_h16.pt,training_logs/beijing_48h_3h_station1013_seed2047_center_gru_h16.csv,0.1640729457139969,0.4050591879145526,0.2164783626794815,30.16673469543457,16.12220001220703,24.49176788330078,False,,,31.18783187866211,16.69637680053711,-3.274024264335434,True,center_gru_h16,16.0,experiments/results/baseline_v2/reused/backbone_upgrade/experiments/results/trainable_matched/predictions/beijing_48h_3h_station1013_seed2047_center_gru_h16.npz
beijing_48h_3h_station1013_seed2048_center_gru_h16,beijing,48,3,1013,2048,gru,,center_gru_h16,,,,,completed,39.0,0.2667730152606964,6.869713313999455,0.0130573129990807,,test,,1,9.0,963.0,963.0,963.0,predictions/beijing_48h_3h_station1013_seed2048_center_gru_h16.npz,checkpoints/beijing_48h_3h_station1013_seed2048_center_gru_h16.pt,training_logs/beijing_48h_3h_station1013_seed2048_center_gru_h16.csv,0.1638042330741882,0.4047273564687569,0.215788334608078,30.14202308654785,16.070810317993164,24.103519439697266,False,,,31.051353454589844,16.6970157623291,-2.9284725684238406,True,center_gru_h16,16.0,experiments/results/baseline_v2/reused/backbone_upgrade/experiments/results/trainable_matched/predictions/beijing_48h_3h_station1013_seed2048_center_gru_h16.npz
beijing_48h_3h_station1013_seed2049_center_gru_h16,beijing,48,3,1013,2049,gru,,center_gru_h16,,,,,completed,40.0,0.2643889188766479,6.870783124999434,0.0130460319996927,,test,,1,9.0,963.0,963.0,963.0,predictions/beijing_48h_3h_station1013_seed2049_center_gru_h16.npz,checkpoints/beijing_48h_3h_station1013_seed2049_center_gru_h16.pt,training_logs/beijing_48h_3h_station1013_seed2049_center_gru_h16.csv,0.1659038662910461,0.4073129832095291,0.2165456861257553,30.33458709716797,16.127216339111328,24.43048477172852,False,,,31.17669677734375,16.931669235229492,-2.7010869246024365,True,center_gru_h16,16.0,experiments/results/baseline_v2/reused/backbone_upgrade/experiments/results/trainable_matched/predictions/beijing_48h_3h_station1013_seed2049_center_gru_h16.npz
beijing_48h_6h_station1013_seed2047_center_gru_h16,beijing,48,6,1013,2047,gru,,center_gru_h16,,,,,completed,37.0,0.4781861007213592,7.063566210001227,0.0133526699992216,,test,,1,9.0,1014.0,1014.0,1014.0,predictions/beijing_48h_6h_station1013_seed2047_center_gru_h16.npz,checkpoints/beijing_48h_6h_station1013_seed2047_center_gru_h16.pt,training_logs/beijing_48h_6h_station1013_seed2047_center_gru_h16.csv,0.279761791229248,0.5289251281885254,0.307948887348175,39.391639709472656,22.93445587158203,33.16761779785156,False,,,41.811302185058594,24.404136657714844,-5.787101451364535,True,center_gru_h16,16.0,experiments/results/baseline_v2/reused/backbone_upgrade/experiments/results/trainable_matched/predictions/beijing_48h_6h_station1013_seed2047_center_gru_h16.npz
beijing_48h_6h_station1013_seed2048_center_gru_h16,beijing,48,6,1013,2048,gru,,center_gru_h16,,,,,completed,39.0,0.473351389169693,6.873908503999701,0.013080731001537,,test,,1,9.0,1014.0,1014.0,1014.0,predictions/beijing_48h_6h_station1013_seed2048_center_gru_h16.npz,checkpoints/beijing_48h_6h_station1013_seed2048_center_gru_h16.pt,training_logs/beijing_48h_6h_station1013_seed2048_center_gru_h16.csv,0.2767814993858337,0.5261002750292322,0.3062255084514618,39.18125534057617,22.806108474731445,33.18214416503906,False,,,41.650672912597656,23.962068557739254,-5.928877973240583,True,center_gru_h16,16.0,experiments/results/baseline_v2/reused/backbone_upgrade/experiments/results/trainable_matched/predictions/beijing_48h_6h_station1013_seed2048_center_gru_h16.npz
beijing_48h_6h_station1013_seed2049_center_gru_h16,beijing,48,6,1013,2049,gru,,center_gru_h16,,,,,completed,39.0,0.4754357039928436,6.8890092719993845,0.0129657159995986,,test,,1,9.0,1014.0,1014.0,1014.0,predictions/beijing_48h_6h_station1013_seed2049_center_gru_h16.npz,checkpoints/beijing_48h_6h_station1013_seed2049_center_gru_h16.pt,training_logs/beijing_48h_6h_station1013_seed2049_center_gru_h16.csv,0.2779535055160522,0.5272129603073622,0.308134526014328,39.264122009277344,22.94828224182129,33.56426239013672,False,,,42.05476379394531,24.104082107543945,-6.635732870457215,True,center_gru_h16,16.0,experiments/results/baseline_v2/reused/backbone_upgrade/experiments/results/trainable_matched/predictions/beijing_48h_6h_station1013_seed2049_center_gru_h16.npz
beijing_48h_12h_station1013_seed2047_center_gru_h16,beijing,48,12,1013,2047,gru,,center_gru_h16,,,,,completed,36.0,0.7979118824005127,7.078974758000186,0.0133433010014414,,test,,1,9.0,1116.0,1116.0,1116.0,predictions/beijing_48h_12h_station1013_seed2047_center_gru_h16.npz,checkpoints/beijing_48h_12h_station1013_seed2047_center_gru_h16.pt,training_logs/beijing_48h_12h_station1013_seed2047_center_gru_h16.csv,0.4445942342281341,0.6667789995404281,0.4272014498710632,49.65015411376953,31.81056785583496,43.93092346191406,False,,,57.32188415527344,35.63805389404297,-13.383597127970768,True,center_gru_h16,16.0,experiments/results/baseline_v2/reused/backbone_upgrade/experiments/results/trainable_matched/predictions/beijing_48h_12h_station1013_seed2047_center_gru_h16.npz
beijing_48h_12h_station1013_seed2048_center_gru_h16,beijing,48,12,1013,2048,gru,,center_gru_h16,,,,,completed,36.0,0.801171600818634,6.895088501998544,0.0131005480016028,,test,,1,9.0,1116.0,1116.0,1116.0,predictions/beijing_48h_12h_station1013_seed2048_center_gru_h16.npz,checkpoints/beijing_48h_12h_station1013_seed2048_center_gru_h16.pt,training_logs/beijing_48h_12h_station1013_seed2048_center_gru_h16.csv,0.4445816278457641,0.6667695462794954,0.4258231222629547,49.64944839477539,31.707935333251957,43.6900749206543,False,,,52.859134674072266,33.03700637817383,-6.072150630326618,True,center_gru_h16,16.0,experiments/results/baseline_v2/reused/backbone_upgrade/experiments/results/trainable_matched/predictions/beijing_48h_12h_station1013_seed2048_center_gru_h16.npz
beijing_48h_12h_station1013_seed2049_center_gru_h16,beijing,48,12,1013,2049,gru,,center_gru_h16,,,,,completed,37.0,0.7998054623603821,6.896276820001731,0.0129533929994067,,test,,1,9.0,1116.0,1116.0,1116.0,predictions/beijing_48h_12h_station1013_seed2049_center_gru_h16.npz,checkpoints/beijing_48h_12h_station1013_seed2049_center_gru_h16.pt,training_logs/beijing_48h_12h_station1013_seed2049_center_gru_h16.csv,0.4457987248897552,0.6676816044266572,0.4258570075035095,49.71736526489258,31.71045684814453,43.61700820922852,False,,,55.133583068847656,34.52684020996094,-9.82380883388554,True,center_gru_h16,16.0,experiments/results/baseline_v2/reused/backbone_upgrade/experiments/results/trainable_matched/predictions/beijing_48h_12h_station1013_seed2049_center_gru_h16.npz
beijing_48h_24h_station1013_seed2047_center_gru_h16,beijing,48,24,1013,2047,gru,,center_gru_h16,,,,,completed,34.0,1.2171976566314695,6.913959649999015,0.0131565930005308,,test,,1,9.0,1320.0,1320.0,1320.0,predictions/beijing_48h_24h_station1013_seed2047_center_gru_h16.npz,checkpoints/beijing_48h_24h_station1013_seed2047_center_gru_h16.pt,training_logs/beijing_48h_24h_station1013_seed2047_center_gru_h16.csv,0.6376010179519653,0.7984992285230872,0.5518850088119507,59.43984603881836,41.0820198059082,54.39500045776367,False,,,69.85392761230469,46.93188095092773,-14.908369406635769,True,center_gru_h16,16.0,experiments/results/baseline_v2/reused/backbone_upgrade/experiments/results/trainable_matched/predictions/beijing_48h_24h_station1013_seed2047_center_gru_h16.npz
beijing_48h_24h_station1013_seed2048_center_gru_h16,beijing,48,24,1013,2048,gru,,center_gru_h16,,,,,completed,38.0,1.2157738208770752,6.896385648000432,0.0132168039999669,,test,,1,9.0,1320.0,1320.0,1320.0,predictions/beijing_48h_24h_station1013_seed2048_center_gru_h16.npz,checkpoints/beijing_48h_24h_station1013_seed2048_center_gru_h16.pt,training_logs/beijing_48h_24h_station1013_seed2048_center_gru_h16.csv,0.640995979309082,0.8006222450750928,0.5533327460289001,59.597877502441406,41.189788818359375,54.40428924560547,False,,,68.12368774414062,45.795066833496094,-12.515191887028356,True,center_gru_h16,16.0,experiments/results/baseline_v2/reused/backbone_upgrade/experiments/results/trainable_matched/predictions/beijing_48h_24h_station1013_seed2048_center_gru_h16.npz
beijing_48h_24h_station1013_seed2049_center_gru_h16,beijing,48,24,1013,2049,gru,,center_gru_h16,,,,,completed,31.0,1.2120314836502075,6.723576309001146,0.0131226939993212,,test,,1,9.0,1320.0,1320.0,1320.0,predictions/beijing_48h_24h_station1013_seed2049_center_gru_h16.npz,checkpoints/beijing_48h_24h_station1013_seed2049_center_gru_h16.pt,training_logs/beijing_48h_24h_station1013_seed2049_center_gru_h16.csv,0.6407469511032104,0.8004667083041058,0.552918553352356,59.586307525634766,41.158958435058594,54.18269729614258,False,,,70.52690887451172,47.815460205078125,-15.512662504950454,True,center_gru_h16,16.0,experiments/results/baseline_v2/reused/backbone_upgrade/experiments/results/trainable_matched/predictions/beijing_48h_24h_station1013_seed2049_center_gru_h16.npz
beijing_72h_1h_station1013_seed2047_center_gru_h16,beijing,72,1,1013,2047,gru,,center_gru_h16,,,,,completed,30.0,0.1710538566112518,5.921482784999171,0.0137800669999705,,test,,1,9.0,929.0,929.0,929.0,predictions/beijing_72h_1h_station1013_seed2047_center_gru_h16.npz,checkpoints/beijing_72h_1h_station1013_seed2047_center_gru_h16.pt,training_logs/beijing_72h_1h_station1013_seed2047_center_gru_h16.csv,0.0942654982209205,0.3070268688908522,0.1630734503269195,22.85491371154785,12.13909912109375,19.432697296142575,False,,,21.06454849243164,10.74881076812744,8.499423663220115,False,center_gru_h16,16.0,experiments/results/baseline_v2/reused/backbone_upgrade/experiments/results/trainable_matched/predictions/beijing_72h_1h_station1013_seed2047_center_gru_h16.npz
beijing_72h_1h_station1013_seed2048_center_gru_h16,beijing,72,1,1013,2048,gru,,center_gru_h16,,,,,completed,30.0,0.1550586968660354,5.68631128800007,0.0137948929987032,,test,,1,9.0,929.0,929.0,929.0,predictions/beijing_72h_1h_station1013_seed2048_center_gru_h16.npz,checkpoints/beijing_72h_1h_station1013_seed2048_center_gru_h16.pt,training_logs/beijing_72h_1h_station1013_seed2048_center_gru_h16.csv,0.0913648381829261,0.3022661710858927,0.1609068512916565,22.50052833557129,11.97781753540039,20.309192657470703,False,,,20.968732833862305,10.600374221801758,7.305141010883096,False,center_gru_h16,16.0,experiments/results/baseline_v2/reused/backbone_upgrade/experiments/results/trainable_matched/predictions/beijing_72h_1h_station1013_seed2048_center_gru_h16.npz
beijing_72h_1h_station1013_seed2049_center_gru_h16,beijing,72,1,1013,2049,gru,,center_gru_h16,,,,,completed,30.0,0.1786946058273315,5.661775530999876,0.0137510700005805,,test,,1,9.0,929.0,929.0,929.0,predictions/beijing_72h_1h_station1013_seed2049_center_gru_h16.npz,checkpoints/beijing_72h_1h_station1013_seed2049_center_gru_h16.pt,training_logs/beijing_72h_1h_station1013_seed2049_center_gru_h16.csv,0.0986758694052696,0.3141271548358556,0.1702093183994293,23.383451461791992,12.6702880859375,21.01771545410156,False,,,21.28269386291504,10.951455116271973,9.870731648954976,False,center_gru_h16,16.0,experiments/results/baseline_v2/reused/backbone_upgrade/experiments/results/trainable_matched/predictions/beijing_72h_1h_station1013_seed2049_center_gru_h16.npz
beijing_72h_3h_station1013_seed2047_center_gru_h16,beijing,72,3,1013,2047,gru,,center_gru_h16,,,,,completed,30.0,0.3425542414188385,5.691278347001571,0.0137233759996888,,test,,1,9.0,963.0,963.0,963.0,predictions/beijing_72h_3h_station1013_seed2047_center_gru_h16.npz,checkpoints/beijing_72h_3h_station1013_seed2047_center_gru_h16.pt,training_logs/beijing_72h_3h_station1013_seed2047_center_gru_h16.csv,0.190728560090065,0.4367248104814575,0.251029372215271,32.50737380981445,18.68523406982422,28.0627555847168,False,,,31.00885581970215,17.128154754638672,4.832548478490422,False,center_gru_h16,16.0,experiments/results/baseline_v2/reused/backbone_upgrade/experiments/results/trainable_matched/predictions/beijing_72h_3h_station1013_seed2047_center_gru_h16.npz
beijing_72h_3h_station1013_seed2048_center_gru_h16,beijing,72,3,1013,2048,gru,,center_gru_h16,,,,,completed,30.0,0.3443438410758972,5.7009439670000575,0.0136176510004588,,test,,1,9.0,963.0,963.0,963.0,predictions/beijing_72h_3h_station1013_seed2048_center_gru_h16.npz,checkpoints/beijing_72h_3h_station1013_seed2048_center_gru_h16.pt,training_logs/beijing_72h_3h_station1013_seed2048_center_gru_h16.csv,0.191126063466072,0.4371796695479698,0.252287358045578,32.541229248046875,18.778871536254883,28.51540184020996,False,,,31.21354103088379,16.76036262512207,4.253564873813657,False,center_gru_h16,16.0,experiments/results/baseline_v2/reused/backbone_upgrade/experiments/results/trainable_matched/predictions/beijing_72h_3h_station1013_seed2048_center_gru_h16.npz
beijing_72h_3h_station1013_seed2049_center_gru_h16,beijing,72,3,1013,2049,gru,,center_gru_h16,,,,,completed,30.0,0.3310155570507049,5.690811299999041,0.0137198539996461,,test,,1,9.0,963.0,963.0,963.0,predictions/beijing_72h_3h_station1013_seed2049_center_gru_h16.npz,checkpoints/beijing_72h_3h_station1013_seed2049_center_gru_h16.pt,training_logs/beijing_72h_3h_station1013_seed2049_center_gru_h16.csv,0.18899567425251,0.4347363272749472,0.2492204755544662,32.3593635559082,18.55058860778809,28.5434684753418,False,,,31.59510612487793,17.138343811035156,2.418910789568447,False,center_gru_h16,16.0,experiments/results/baseline_v2/reused/backbone_upgrade/experiments/results/trainable_matched/predictions/beijing_72h_3h_station1013_seed2049_center_gru_h16.npz
beijing_72h_6h_station1013_seed2047_center_gru_h16,beijing,72,6,1013,2047,gru,,center_gru_h16,,,,,completed,30.0,0.5446987152099609,5.670119283999156,0.0137839580002037,,test,,1,9.0,1014.0,1014.0,1014.0,predictions/beijing_72h_6h_station1013_seed2047_center_gru_h16.npz,checkpoints/beijing_72h_6h_station1013_seed2047_center_gru_h16.pt,training_logs/beijing_72h_6h_station1013_seed2047_center_gru_h16.csv,0.3001081049442291,0.5478212344772966,0.3340129256248474,40.77407455444336,24.86042213439941,35.98782730102539,False,,,41.74861526489258,24.63315200805664,-2.3343066692531322,True,center_gru_h16,16.0,experiments/results/baseline_v2/reused/backbone_upgrade/experiments/results/trainable_matched/predictions/beijing_72h_6h_station1013_seed2047_center_gru_h16.npz
beijing_72h_6h_station1013_seed2048_center_gru_h16,beijing,72,6,1013,2048,gru,,center_gru_h16,,,,,completed,30.0,0.5503346920013428,5.677582921000067,0.013665951000803,,test,,1,9.0,1014.0,1014.0,1014.0,predictions/beijing_72h_6h_station1013_seed2048_center_gru_h16.npz,checkpoints/beijing_72h_6h_station1013_seed2048_center_gru_h16.pt,training_logs/beijing_72h_6h_station1013_seed2048_center_gru_h16.csv,0.3015815019607544,0.5491643669801914,0.3377909362316131,40.87404251098633,25.141616821289062,36.528907775878906,False,,,41.156280517578125,24.216215133666992,-0.6857714133599879,True,center_gru_h16,16.0,experiments/results/baseline_v2/reused/backbone_upgrade/experiments/results/trainable_matched/predictions/beijing_72h_6h_station1013_seed2048_center_gru_h16.npz
beijing_72h_6h_station1013_seed2049_center_gru_h16,beijing,72,6,1013,2049,gru,,center_gru_h16,,,,,completed,30.0,0.5416690707206726,5.684472707000168,0.013623512999402,,test,,1,9.0,1014.0,1014.0,1014.0,predictions/beijing_72h_6h_station1013_seed2049_center_gru_h16.npz,checkpoints/beijing_72h_6h_station1013_seed2049_center_gru_h16.pt,training_logs/beijing_72h_6h_station1013_seed2049_center_gru_h16.csv,0.3003518581390381,0.54804366444567,0.3349913954734802,40.790626525878906,24.933250427246094,36.07050323486328,False,,,41.276737213134766,24.22653007507324,-1.1776868039394668,True,center_gru_h16,16.0,experiments/results/baseline_v2/reused/backbone_upgrade/experiments/results/trainable_matched/predictions/beijing_72h_6h_station1013_seed2049_center_gru_h16.npz
beijing_72h_12h_station1013_seed2047_center_gru_h16,beijing,72,12,1013,2047,gru,,center_gru_h16,,,,,completed,30.0,0.8400188684463501,5.6822512750004535,0.0138013649993808,,test,,1,9.0,1116.0,1116.0,1116.0,predictions/beijing_72h_12h_station1013_seed2047_center_gru_h16.npz,checkpoints/beijing_72h_12h_station1013_seed2047_center_gru_h16.pt,training_logs/beijing_72h_12h_station1013_seed2047_center_gru_h16.csv,0.4607256054878235,0.6787677109938447,0.4421076476573944,50.51883316040039,32.90486526489258,45.35831832885742,False,,,56.09211349487305,35.244869232177734,-9.935942839775626,True,center_gru_h16,16.0,experiments/results/baseline_v2/reused/backbone_upgrade/experiments/results/trainable_matched/predictions/beijing_72h_12h_station1013_seed2047_center_gru_h16.npz
beijing_72h_12h_station1013_seed2048_center_gru_h16,beijing,72,12,1013,2048,gru,,center_gru_h16,,,,,completed,30.0,0.8441327214241028,5.683210807999785,0.013733036999838,,test,,1,9.0,1116.0,1116.0,1116.0,predictions/beijing_72h_12h_station1013_seed2048_center_gru_h16.npz,checkpoints/beijing_72h_12h_station1013_seed2048_center_gru_h16.pt,training_logs/beijing_72h_12h_station1013_seed2048_center_gru_h16.csv,0.462094247341156,0.679775144692093,0.4460621178150177,50.59381103515625,33.199188232421875,45.85038757324219,False,,,55.03749084472656,34.67401123046875,-8.073914238036318,True,center_gru_h16,16.0,experiments/results/baseline_v2/reused/backbone_upgrade/experiments/results/trainable_matched/predictions/beijing_72h_12h_station1013_seed2048_center_gru_h16.npz
beijing_72h_12h_station1013_seed2049_center_gru_h16,beijing,72,12,1013,2049,gru,,center_gru_h16,,,,,completed,30.0,0.8422249555587769,5.68097550299899,0.0139573390006262,,test,,1,9.0,1116.0,1116.0,1116.0,predictions/beijing_72h_12h_station1013_seed2049_center_gru_h16.npz,checkpoints/beijing_72h_12h_station1013_seed2049_center_gru_h16.pt,training_logs/beijing_72h_12h_station1013_seed2049_center_gru_h16.csv,0.4626380503177643,0.6801750144762481,0.4453470110893249,50.623573303222656,33.14596176147461,45.69689178466797,False,,,54.70387268066406,35.244651794433594,-7.45888577443193,True,center_gru_h16,16.0,experiments/results/baseline_v2/reused/backbone_upgrade/experiments/results/trainable_matched/predictions/beijing_72h_12h_station1013_seed2049_center_gru_h16.npz
beijing_72h_24h_station1013_seed2047_center_gru_h16,beijing,72,24,1013,2047,gru,,center_gru_h16,,,,,completed,30.0,1.241496205329895,5.696396207000362,0.0139767199998459,,test,,1,9.0,1320.0,1320.0,1320.0,predictions/beijing_72h_24h_station1013_seed2047_center_gru_h16.npz,checkpoints/beijing_72h_24h_station1013_seed2047_center_gru_h16.pt,training_logs/beijing_72h_24h_station1013_seed2047_center_gru_h16.csv,0.6491295695304871,0.8056857759266246,0.5626205205917358,59.95176315307617,41.86507034301758,55.30867767333984,False,,,65.6296157836914,44.675662994384766,-8.651357413593376,True,center_gru_h16,16.0,experiments/results/baseline_v2/reused/backbone_upgrade/experiments/results/trainable_matched/predictions/beijing_72h_24h_station1013_seed2047_center_gru_h16.npz
beijing_72h_24h_station1013_seed2048_center_gru_h16,beijing,72,24,1013,2048,gru,,center_gru_h16,,,,,completed,30.0,1.2414051294326782,5.70239341800152,0.0137546419991849,,test,,1,9.0,1320.0,1320.0,1320.0,predictions/beijing_72h_24h_station1013_seed2048_center_gru_h16.npz,checkpoints/beijing_72h_24h_station1013_seed2048_center_gru_h16.pt,training_logs/beijing_72h_24h_station1013_seed2048_center_gru_h16.csv,0.6536400318145752,0.8084800750881713,0.564780592918396,60.15969467163086,42.02580261230469,55.44453430175781,False,,,64.7675552368164,43.77329254150391,-7.1144580775626665,True,center_gru_h16,16.0,experiments/results/baseline_v2/reused/backbone_upgrade/experiments/results/trainable_matched/predictions/beijing_72h_24h_station1013_seed2048_center_gru_h16.npz
beijing_72h_24h_station1013_seed2049_center_gru_h16,beijing,72,24,1013,2049,gru,,center_gru_h16,,,,,completed,30.0,1.2398195266723633,5.6760529360017244,0.0137912080008391,,test,,1,9.0,1320.0,1320.0,1320.0,predictions/beijing_72h_24h_station1013_seed2049_center_gru_h16.npz,checkpoints/beijing_72h_24h_station1013_seed2049_center_gru_h16.pt,training_logs/beijing_72h_24h_station1013_seed2049_center_gru_h16.csv,0.6512160897254944,0.8069796092377393,0.5629814267158508,60.04803466796875,41.89192962646485,55.25701141357422,False,,,68.50748443603516,46.28374862670898,-12.34821251678701,True,center_gru_h16,16.0,experiments/results/baseline_v2/reused/backbone_upgrade/experiments/results/trainable_matched/predictions/beijing_72h_24h_station1013_seed2049_center_gru_h16.npz
beijing_168h_1h_station1013_seed2047_center_gru_h16,beijing,168,1,1013,2047,gru,,center_gru_h16,,,,,completed,30.0,0.1685646772384643,12.279590199999802,0.0300644319995626,,test,,1,9.0,929.0,929.0,929.0,predictions/beijing_168h_1h_station1013_seed2047_center_gru_h16.npz,checkpoints/beijing_168h_1h_station1013_seed2047_center_gru_h16.pt,training_logs/beijing_168h_1h_station1013_seed2047_center_gru_h16.csv,0.0953986123204231,0.3088666578321835,0.1650484055280685,22.95859146118164,12.268333435058594,19.62424087524414,False,,,21.871671676635746,11.994721412658691,4.969532281828229,False,center_gru_h16,16.0,experiments/results/baseline_v2/reused/backbone_upgrade/experiments/results/trainable_matched/predictions/beijing_168h_1h_station1013_seed2047_center_gru_h16.npz
beijing_168h_1h_station1013_seed2048_center_gru_h16,beijing,168,1,1013,2048,gru,,center_gru_h16,,,,,completed,30.0,0.1518929451704025,12.290968622999571,0.0301555819987697,,test,,1,9.0,929.0,929.0,929.0,predictions/beijing_168h_1h_station1013_seed2048_center_gru_h16.npz,checkpoints/beijing_168h_1h_station1013_seed2048_center_gru_h16.pt,training_logs/beijing_168h_1h_station1013_seed2048_center_gru_h16.csv,0.092395395040512,0.3039661083747859,0.1618533283472061,22.59432601928711,12.030838012695312,20.25975799560547,False,,,21.76912498474121,11.43486213684082,3.790694550765419,False,center_gru_h16,16.0,experiments/results/baseline_v2/reused/backbone_upgrade/experiments/results/trainable_matched/predictions/beijing_168h_1h_station1013_seed2048_center_gru_h16.npz
beijing_168h_1h_station1013_seed2049_center_gru_h16,beijing,168,1,1013,2049,gru,,center_gru_h16,,,,,completed,30.0,0.1747134327888488,12.285214395000366,0.0299545569996553,,test,,1,9.0,929.0,929.0,929.0,predictions/beijing_168h_1h_station1013_seed2049_center_gru_h16.npz,checkpoints/beijing_168h_1h_station1013_seed2049_center_gru_h16.pt,training_logs/beijing_168h_1h_station1013_seed2049_center_gru_h16.csv,0.0999350696802139,0.3161250854965703,0.1716434955596923,23.498123168945312,12.75855827331543,20.904857635498047,False,,,22.61062812805176,12.07103443145752,3.925123335218118,False,center_gru_h16,16.0,experiments/results/baseline_v2/reused/backbone_upgrade/experiments/results/trainable_matched/predictions/beijing_168h_1h_station1013_seed2049_center_gru_h16.npz
beijing_168h_3h_station1013_seed2047_center_gru_h16,beijing,168,3,1013,2047,gru,,center_gru_h16,,,,,completed,30.0,0.3380938768386841,12.279519611000069,0.0297573839998221,,test,,1,9.0,963.0,963.0,963.0,predictions/beijing_168h_3h_station1013_seed2047_center_gru_h16.npz,checkpoints/beijing_168h_3h_station1013_seed2047_center_gru_h16.pt,training_logs/beijing_168h_3h_station1013_seed2047_center_gru_h16.csv,0.1930991113185882,0.4394304396813997,0.2531782388687134,32.663143157958984,18.81889915466309,28.271202087402344,False,,,31.7686710357666,18.36850929260254,2.8155792893739426,False,center_gru_h16,16.0,experiments/results/baseline_v2/reused/backbone_upgrade/experiments/results/trainable_matched/predictions/beijing_168h_3h_station1013_seed2047_center_gru_h16.npz
beijing_168h_3h_station1013_seed2048_center_gru_h16,beijing,168,3,1013,2048,gru,,center_gru_h16,,,,,completed,30.0,0.338768720626831,12.279933697998786,0.0297823310011153,,test,,1,9.0,963.0,963.0,963.0,predictions/beijing_168h_3h_station1013_seed2048_center_gru_h16.npz,checkpoints/beijing_168h_3h_station1013_seed2048_center_gru_h16.pt,training_logs/beijing_168h_3h_station1013_seed2048_center_gru_h16.csv,0.193232387304306,0.4395820598071605,0.2539639174938202,32.67441177368164,18.877296447753903,28.7409610748291,False,,,31.73417854309082,18.07464408874512,2.9628409297379728,False,center_gru_h16,16.0,experiments/results/baseline_v2/reused/backbone_upgrade/experiments/results/trainable_matched/predictions/beijing_168h_3h_station1013_seed2048_center_gru_h16.npz
beijing_168h_3h_station1013_seed2049_center_gru_h16,beijing,168,3,1013,2049,gru,,center_gru_h16,,,,,completed,30.0,0.3287338018417358,12.276172788000622,0.0298136090004845,,test,,1,9.0,963.0,963.0,963.0,predictions/beijing_168h_3h_station1013_seed2049_center_gru_h16.npz,checkpoints/beijing_168h_3h_station1013_seed2049_center_gru_h16.pt,training_logs/beijing_168h_3h_station1013_seed2049_center_gru_h16.csv,0.1915411055088043,0.4376540934445881,0.2526819109916687,32.53110885620117,18.782005310058597,28.84883499145508,False,,,32.07843780517578,18.52771759033203,1.4111380790256352,False,center_gru_h16,16.0,experiments/results/baseline_v2/reused/backbone_upgrade/experiments/results/trainable_matched/predictions/beijing_168h_3h_station1013_seed2049_center_gru_h16.npz
beijing_168h_6h_station1013_seed2047_center_gru_h16,beijing,168,6,1013,2047,gru,,center_gru_h16,,,,,completed,30.0,0.5400869846343994,12.290702301999772,0.0299021520004316,,test,,1,9.0,1014.0,1014.0,1014.0,predictions/beijing_168h_6h_station1013_seed2047_center_gru_h16.npz,checkpoints/beijing_168h_6h_station1013_seed2047_center_gru_h16.pt,training_logs/beijing_168h_6h_station1013_seed2047_center_gru_h16.csv,0.3038481473922729,0.5512242260571218,0.3375954329967499,40.97284698486328,25.09368324279785,36.52925491333008,False,,,42.01683807373047,25.93600273132324,-2.4846969375353964,True,center_gru_h16,16.0,experiments/results/baseline_v2/reused/backbone_upgrade/experiments/results/trainable_matched/predictions/beijing_168h_6h_station1013_seed2047_center_gru_h16.npz
beijing_168h_6h_station1013_seed2048_center_gru_h16,beijing,168,6,1013,2048,gru,,center_gru_h16,,,,,completed,30.0,0.5469933748245239,12.27967102399998,0.0296605739986262,,test,,1,9.0,1014.0,1014.0,1014.0,predictions/beijing_168h_6h_station1013_seed2048_center_gru_h16.npz,checkpoints/beijing_168h_6h_station1013_seed2048_center_gru_h16.pt,training_logs/beijing_168h_6h_station1013_seed2048_center_gru_h16.csv,0.3056724369525909,0.5528765114856942,0.3403968811035156,41.09566116333008,25.30191421508789,36.631046295166016,False,,,42.51594543457031,26.329206466674805,-3.340591998420859,True,center_gru_h16,16.0,experiments/results/baseline_v2/reused/backbone_upgrade/experiments/results/trainable_matched/predictions/beijing_168h_6h_station1013_seed2048_center_gru_h16.npz
beijing_168h_6h_station1013_seed2049_center_gru_h16,beijing,168,6,1013,2049,gru,,center_gru_h16,,,,,completed,30.0,0.5369877219200134,12.308371787999931,0.029833085998689,,test,,1,9.0,1014.0,1014.0,1014.0,predictions/beijing_168h_6h_station1013_seed2049_center_gru_h16.npz,checkpoints/beijing_168h_6h_station1013_seed2049_center_gru_h16.pt,training_logs/beijing_168h_6h_station1013_seed2049_center_gru_h16.csv,0.3039485514163971,0.5513152922025627,0.337420254945755,40.979618072509766,25.080663681030277,36.24822235107422,False,,,42.00048828125,26.010665893554688,-2.4306150964344257,True,center_gru_h16,16.0,experiments/results/baseline_v2/reused/backbone_upgrade/experiments/results/trainable_matched/predictions/beijing_168h_6h_station1013_seed2049_center_gru_h16.npz
beijing_168h_6h_station1013_seed2050_center_gru_h16,beijing,168,6,1013,2050,gru,,center_gru_h16,,,,,completed,30.0,0.5370240807533264,12.294853791001517,0.0296688849994097,,test,,1,9.0,1014.0,1014.0,1014.0,predictions/beijing_168h_6h_station1013_seed2050_center_gru_h16.npz,checkpoints/beijing_168h_6h_station1013_seed2050_center_gru_h16.pt,training_logs/beijing_168h_6h_station1013_seed2050_center_gru_h16.csv,0.3028099238872528,0.5502816768594543,0.337624728679657,40.90279006958008,25.09585952758789,36.28274154663086,False,,,42.20603942871094,26.009906768798828,-3.0878267109903597,True,center_gru_h16,16.0,experiments/results/baseline_v2/reused/backbone_upgrade/experiments/results/trainable_matched/predictions/beijing_168h_6h_station1013_seed2050_center_gru_h16.npz
beijing_168h_6h_station1013_seed2051_center_gru_h16,beijing,168,6,1013,2051,gru,,center_gru_h16,,,,,completed,30.0,0.5459712743759155,12.33096515899888,0.0298083139987284,,test,,1,9.0,1014.0,1014.0,1014.0,predictions/beijing_168h_6h_station1013_seed2051_center_gru_h16.npz,checkpoints/beijing_168h_6h_station1013_seed2051_center_gru_h16.pt,training_logs/beijing_168h_6h_station1013_seed2051_center_gru_h16.csv,0.3099106550216675,0.5566961963420152,0.344933807849884,41.379581451416016,25.639148712158203,37.265663146972656,False,,,41.76411056518555,25.687108993530277,-0.9207166358046991,True,center_gru_h16,16.0,experiments/results/baseline_v2/reused/backbone_upgrade/experiments/results/trainable_matched/predictions/beijing_168h_6h_station1013_seed2051_center_gru_h16.npz
beijing_168h_12h_station1013_seed2047_center_gru_h16,beijing,168,12,1013,2047,gru,,center_gru_h16,,,,,completed,29.0,0.8458664417266846,12.273022592000416,0.0298130970004422,,test,,1,9.0,1116.0,1116.0,1116.0,predictions/beijing_168h_12h_station1013_seed2047_center_gru_h16.npz,checkpoints/beijing_168h_12h_station1013_seed2047_center_gru_h16.pt,training_logs/beijing_168h_12h_station1013_seed2047_center_gru_h16.csv,0.4681922793388366,0.6842457740745183,0.4481204152107239,50.866641998291016,33.31314468383789,45.8792839050293,False,,,54.23294448852539,36.208377838134766,-6.207117319522671,True,center_gru_h16,16.0,experiments/results/baseline_v2/reused/backbone_upgrade/experiments/results/trainable_matched/predictions/beijing_168h_12h_station1013_seed2047_center_gru_h16.npz
beijing_168h_12h_station1013_seed2048_center_gru_h16,beijing,168,12,1013,2048,gru,,center_gru_h16,,,,,completed,30.0,0.8442740440368652,12.308944106000126,0.0297468080007092,,test,,1,9.0,1116.0,1116.0,1116.0,predictions/beijing_168h_12h_station1013_seed2048_center_gru_h16.npz,checkpoints/beijing_168h_12h_station1013_seed2048_center_gru_h16.pt,training_logs/beijing_168h_12h_station1013_seed2048_center_gru_h16.csv,0.4685101807117462,0.6844780352295801,0.4495971798896789,50.883907318115234,33.42292785644531,46.01537704467773,False,,,55.16896057128906,36.87693405151367,-7.767145164239053,True,center_gru_h16,16.0,experiments/results/baseline_v2/reused/backbone_upgrade/experiments/results/trainable_matched/predictions/beijing_168h_12h_station1013_seed2048_center_gru_h16.npz
beijing_168h_12h_station1013_seed2049_center_gru_h16,beijing,168,12,1013,2049,gru,,center_gru_h16,,,,,completed,30.0,0.84693443775177,12.268996165999852,0.02994654000031,,test,,1,9.0,1116.0,1116.0,1116.0,predictions/beijing_168h_12h_station1013_seed2049_center_gru_h16.npz,checkpoints/beijing_168h_12h_station1013_seed2049_center_gru_h16.pt,training_logs/beijing_168h_12h_station1013_seed2049_center_gru_h16.csv,0.4684177041053772,0.6844104792486576,0.4505178034305572,50.87888717651367,33.49136734008789,46.18980026245117,False,,,58.07843780517578,38.81656646728516,-12.396253929578847,True,center_gru_h16,16.0,experiments/results/baseline_v2/reused/backbone_upgrade/experiments/results/trainable_matched/predictions/beijing_168h_12h_station1013_seed2049_center_gru_h16.npz
beijing_168h_24h_station1013_seed2047_center_gru_h16,beijing,168,24,1013,2047,gru,,center_gru_h16,,,,,completed,29.0,1.2436158657073977,12.266637093998725,0.0298446629985846,,test,,1,9.0,1320.0,1320.0,1320.0,predictions/beijing_168h_24h_station1013_seed2047_center_gru_h16.npz,checkpoints/beijing_168h_24h_station1013_seed2047_center_gru_h16.pt,training_logs/beijing_168h_24h_station1013_seed2047_center_gru_h16.csv,0.6571634411811829,0.8106561793887609,0.5682368874549866,60.297607421875,42.26615905761719,55.63414001464844,False,,,67.65840148925781,47.55368041992188,-10.879349652609651,True,center_gru_h16,16.0,experiments/results/baseline_v2/reused/backbone_upgrade/experiments/results/trainable_matched/predictions/beijing_168h_24h_station1013_seed2047_center_gru_h16.npz
beijing_168h_24h_station1013_seed2048_center_gru_h16,beijing,168,24,1013,2048,gru,,center_gru_h16,,,,,completed,30.0,1.2451690435409546,12.262879784999312,0.0297390729992912,,test,,1,9.0,1320.0,1320.0,1320.0,predictions/beijing_168h_24h_station1013_seed2048_center_gru_h16.npz,checkpoints/beijing_168h_24h_station1013_seed2048_center_gru_h16.pt,training_logs/beijing_168h_24h_station1013_seed2048_center_gru_h16.csv,0.6608835458755493,0.8129474434891528,0.5696527361869812,60.46803665161133,42.37146759033203,55.74378967285156,False,,,72.7971420288086,50.40897750854492,-16.93624919000003,True,center_gru_h16,16.0,experiments/results/baseline_v2/reused/backbone_upgrade/experiments/results/trainable_matched/predictions/beijing_168h_24h_station1013_seed2048_center_gru_h16.npz
beijing_168h_24h_station1013_seed2049_center_gru_h16,beijing,168,24,1013,2049,gru,,center_gru_h16,,,,,completed,30.0,1.241124987602234,12.254213285999867,0.0301643940001667,,test,,1,9.0,1320.0,1320.0,1320.0,predictions/beijing_168h_24h_station1013_seed2049_center_gru_h16.npz,checkpoints/beijing_168h_24h_station1013_seed2049_center_gru_h16.pt,training_logs/beijing_168h_24h_station1013_seed2049_center_gru_h16.csv,0.6583322882652283,0.8113767856336711,0.5680028796195984,60.3512077331543,42.24874877929688,55.5702018737793,False,,,66.645751953125,46.83631896972656,-9.444779352775468,True,center_gru_h16,16.0,experiments/results/baseline_v2/reused/backbone_upgrade/experiments/results/trainable_matched/predictions/beijing_168h_24h_station1013_seed2049_center_gru_h16.npz
beijing_24h_1h_station1013_seed2047_center_gru_h32,beijing,24,1,1013,2047,gru,,center_gru_h32,,,,,completed,40.0,0.0980875194072723,4.219783090999954,0.0074906379995809,,test,,1,9.0,3393.0,3393.0,3393.0,predictions/beijing_24h_1h_station1013_seed2047_center_gru_h32.npz,checkpoints/beijing_24h_1h_station1013_seed2047_center_gru_h32.pt,training_logs/beijing_24h_1h_station1013_seed2047_center_gru_h32.csv,0.0773715078830719,0.2781573437518267,0.1315802633762359,20.72820472717285,9.805323600769045,16.12347412109375,False,,,20.988380432128903,10.146111488342283,-1.2396178247168397,True,center_gru_h32,32.0,experiments/results/baseline_v2/reused/backbone_upgrade/experiments/results/trainable_matched/predictions/beijing_24h_1h_station1013_seed2047_center_gru_h32.npz
beijing_24h_1h_station1013_seed2048_center_gru_h32,beijing,24,1,1013,2048,gru,,center_gru_h32,,,,,completed,37.0,0.0983603075146675,4.235588104999806,0.0077740279994031,,test,,1,9.0,3393.0,3393.0,3393.0,predictions/beijing_24h_1h_station1013_seed2048_center_gru_h32.npz,checkpoints/beijing_24h_1h_station1013_seed2048_center_gru_h32.pt,training_logs/beijing_24h_1h_station1013_seed2048_center_gru_h32.csv,0.0775119960308075,0.2784097628151848,0.1317795515060424,20.74701690673828,9.82017421722412,16.162431716918945,False,,,20.778905868530277,10.011322021484377,-0.1534679544426431,True,center_gru_h32,32.0,experiments/results/baseline_v2/reused/backbone_upgrade/experiments/results/trainable_matched/predictions/beijing_24h_1h_station1013_seed2048_center_gru_h32.npz
beijing_24h_1h_station1013_seed2049_center_gru_h32,beijing,24,1,1013,2049,gru,,center_gru_h32,,,,,completed,40.0,0.0978072360157966,4.17453315900093,0.0076672420000249,,test,,1,9.0,3393.0,3393.0,3393.0,predictions/beijing_24h_1h_station1013_seed2049_center_gru_h32.npz,checkpoints/beijing_24h_1h_station1013_seed2049_center_gru_h32.pt,training_logs/beijing_24h_1h_station1013_seed2049_center_gru_h32.csv,0.0775273963809013,0.278437419146388,0.1345716714859008,20.74907684326172,10.028242111206056,17.135683059692383,False,,,20.896221160888672,10.110241889953612,-0.7041671146856076,True,center_gru_h32,32.0,experiments/results/baseline_v2/reused/backbone_upgrade/experiments/results/trainable_matched/predictions/beijing_24h_1h_station1013_seed2049_center_gru_h32.npz
beijing_24h_1h_station1013_seed2050_center_gru_h32,beijing,24,1,1013,2050,gru,,center_gru_h32,,,,,completed,37.0,0.0986086279153823,4.202250356998775,0.0076544319999811,,test,,1,9.0,3393.0,3393.0,3393.0,predictions/beijing_24h_1h_station1013_seed2050_center_gru_h32.npz,checkpoints/beijing_24h_1h_station1013_seed2050_center_gru_h32.pt,training_logs/beijing_24h_1h_station1013_seed2050_center_gru_h32.csv,0.078550174832344,0.2802680410470378,0.1334023922681808,20.885496139526367,9.941106796264648,16.84217071533203,False,,,21.0170955657959,10.084884643554688,-0.6261541984121806,True,center_gru_h32,32.0,experiments/results/baseline_v2/reused/backbone_upgrade/experiments/results/trainable_matched/predictions/beijing_24h_1h_station1013_seed2050_center_gru_h32.npz
beijing_24h_1h_station1013_seed2051_center_gru_h32,beijing,24,1,1013,2051,gru,,center_gru_h32,,,,,completed,37.0,0.0989977270364761,4.212420129000748,0.0077518760008388,,test,,1,9.0,3393.0,3393.0,3393.0,predictions/beijing_24h_1h_station1013_seed2051_center_gru_h32.npz,checkpoints/beijing_24h_1h_station1013_seed2051_center_gru_h32.pt,training_logs/beijing_24h_1h_station1013_seed2051_center_gru_h32.csv,0.076826587319374,0.2771760944226145,0.131683737039566,20.65508270263672,9.813034057617188,16.216981887817383,False,,,20.71529197692871,10.02131462097168,-0.290651342781213,True,center_gru_h32,32.0,experiments/results/baseline_v2/reused/backbone_upgrade/experiments/results/trainable_matched/predictions/beijing_24h_1h_station1013_seed2051_center_gru_h32.npz
beijing_24h_3h_station1013_seed2047_center_gru_h32,beijing,24,3,1013,2047,gru,,center_gru_h32,,,,,completed,36.0,0.2561128139495849,4.526366226000391,0.0082790579999709,,test,,1,9.0,3459.0,3459.0,3459.0,predictions/beijing_24h_3h_station1013_seed2047_center_gru_h32.npz,checkpoints/beijing_24h_3h_station1013_seed2047_center_gru_h32.pt,training_logs/beijing_24h_3h_station1013_seed2047_center_gru_h32.csv,0.1684502363204956,0.4104268952206904,0.2153535485267639,30.58489418029785,16.048086166381836,24.66031265258789,False,,,30.44579696655273,16.024797439575195,0.45686836149479265,False,center_gru_h32,32.0,experiments/results/baseline_v2/reused/backbone_upgrade/experiments/results/trainable_matched/predictions/beijing_24h_3h_station1013_seed2047_center_gru_h32.npz
beijing_24h_3h_station1013_seed2048_center_gru_h32,beijing,24,3,1013,2048,gru,,center_gru_h32,,,,,completed,40.0,0.2578230202198028,4.421409787000812,0.0086240070013445,,test,,1,9.0,3459.0,3459.0,3459.0,predictions/beijing_24h_3h_station1013_seed2048_center_gru_h32.npz,checkpoints/beijing_24h_3h_station1013_seed2048_center_gru_h32.pt,training_logs/beijing_24h_3h_station1013_seed2048_center_gru_h32.csv,0.1677342802286148,0.4095537574343749,0.2155302017927169,30.51982879638672,16.061248779296875,24.322797775268555,False,,,30.800689697265625,16.063575744628906,-0.9118656226189639,True,center_gru_h32,32.0,experiments/results/baseline_v2/reused/backbone_upgrade/experiments/results/trainable_matched/predictions/beijing_24h_3h_station1013_seed2048_center_gru_h32.npz
beijing_24h_3h_station1013_seed2049_center_gru_h32,beijing,24,3,1013,2049,gru,,center_gru_h32,,,,,completed,40.0,0.2568307816982269,4.322556908999104,0.0075114850005775,,test,,1,9.0,3459.0,3459.0,3459.0,predictions/beijing_24h_3h_station1013_seed2049_center_gru_h32.npz,checkpoints/beijing_24h_3h_station1013_seed2049_center_gru_h32.pt,training_logs/beijing_24h_3h_station1013_seed2049_center_gru_h32.csv,0.1680221855640411,0.4099050933619161,0.2176229059696197,30.546010971069336,16.21719741821289,25.349925994873047,False,,,30.58614921569824,16.17045021057129,-0.13123013409057024,True,center_gru_h32,32.0,experiments/results/baseline_v2/reused/backbone_upgrade/experiments/results/trainable_matched/predictions/beijing_24h_3h_station1013_seed2049_center_gru_h32.npz
beijing_24h_6h_station1013_seed2047_center_gru_h32,beijing,24,6,1013,2047,gru,,center_gru_h32,,,,,completed,36.0,0.4681286513805389,4.297525309000776,0.0077018050014885,,test,,1,9.0,3558.0,3558.0,3558.0,predictions/beijing_24h_6h_station1013_seed2047_center_gru_h32.npz,checkpoints/beijing_24h_6h_station1013_seed2047_center_gru_h32.pt,training_logs/beijing_24h_6h_station1013_seed2047_center_gru_h32.csv,0.2809264659881592,0.5300249673252754,0.3059636056423187,39.49423599243164,22.798545837402344,32.99494171142578,False,,,40.0059814453125,22.94923591613769,-1.2791723497157712,True,center_gru_h32,32.0,experiments/results/baseline_v2/reused/backbone_upgrade/experiments/results/trainable_matched/predictions/beijing_24h_6h_station1013_seed2047_center_gru_h32.npz
beijing_24h_6h_station1013_seed2048_center_gru_h32,beijing,24,6,1013,2048,gru,,center_gru_h32,,,,,completed,36.0,0.4669647514820099,4.359169010998812,0.0077428599997801,,test,,1,9.0,3558.0,3558.0,3558.0,predictions/beijing_24h_6h_station1013_seed2048_center_gru_h32.npz,checkpoints/beijing_24h_6h_station1013_seed2048_center_gru_h32.pt,training_logs/beijing_24h_6h_station1013_seed2048_center_gru_h32.csv,0.2808200418949127,0.5299245624566885,0.3053168952465057,39.48675537109375,22.75035858154297,33.07626724243164,False,,,39.84638977050781,22.57869529724121,-0.9025520291432898,True,center_gru_h32,32.0,experiments/results/baseline_v2/reused/backbone_upgrade/experiments/results/trainable_matched/predictions/beijing_24h_6h_station1013_seed2048_center_gru_h32.npz
beijing_24h_6h_station1013_seed2049_center_gru_h32,beijing,24,6,1013,2049,gru,,center_gru_h32,,,,,completed,33.0,0.4682398736476898,4.527831182000227,0.0077038840008754,,test,,1,9.0,3558.0,3558.0,3558.0,predictions/beijing_24h_6h_station1013_seed2049_center_gru_h32.npz,checkpoints/beijing_24h_6h_station1013_seed2049_center_gru_h32.pt,training_logs/beijing_24h_6h_station1013_seed2049_center_gru_h32.csv,0.2822040021419525,0.5312287662974893,0.3037421703338623,39.58393478393555,22.633020401000977,32.3298225402832,False,,,39.889404296875,22.915658950805664,-0.7657911125120114,True,center_gru_h32,32.0,experiments/results/baseline_v2/reused/backbone_upgrade/experiments/results/trainable_matched/predictions/beijing_24h_6h_station1013_seed2049_center_gru_h32.npz
beijing_24h_12h_station1013_seed2047_center_gru_h32,beijing,24,12,1013,2047,gru,,center_gru_h32,,,,,completed,29.0,0.801666796207428,4.13211277100163,0.0080334710000897,,test,,1,9.0,3756.0,3756.0,3756.0,predictions/beijing_24h_12h_station1013_seed2047_center_gru_h32.npz,checkpoints/beijing_24h_12h_station1013_seed2047_center_gru_h32.pt,training_logs/beijing_24h_12h_station1013_seed2047_center_gru_h32.csv,0.4447906613349914,0.6669262787857376,0.426731675863266,49.68776321411133,31.792633056640625,44.13407897949219,False,,,51.547157287597656,31.825634002685547,-3.607170931099438,True,center_gru_h32,32.0,experiments/results/baseline_v2/reused/backbone_upgrade/experiments/results/trainable_matched/predictions/beijing_24h_12h_station1013_seed2047_center_gru_h32.npz
beijing_24h_12h_station1013_seed2048_center_gru_h32,beijing,24,12,1013,2048,gru,,center_gru_h32,,,,,completed,37.0,0.8023297190666199,4.484123444000943,0.0079071710006246,,test,,1,9.0,3756.0,3756.0,3756.0,predictions/beijing_24h_12h_station1013_seed2048_center_gru_h32.npz,checkpoints/beijing_24h_12h_station1013_seed2048_center_gru_h32.pt,training_logs/beijing_24h_12h_station1013_seed2048_center_gru_h32.csv,0.4413746893405914,0.6643603610545947,0.4235265254974365,49.4965934753418,31.553842544555664,43.71880340576172,False,,,51.48316192626953,31.6285343170166,-3.8586760731066874,True,center_gru_h32,32.0,experiments/results/baseline_v2/reused/backbone_upgrade/experiments/results/trainable_matched/predictions/beijing_24h_12h_station1013_seed2048_center_gru_h32.npz
beijing_24h_12h_station1013_seed2049_center_gru_h32,beijing,24,12,1013,2049,gru,,center_gru_h32,,,,,completed,33.0,0.7937943339347839,4.229935262999788,0.0077002660000289,,test,,1,9.0,3756.0,3756.0,3756.0,predictions/beijing_24h_12h_station1013_seed2049_center_gru_h32.npz,checkpoints/beijing_24h_12h_station1013_seed2049_center_gru_h32.pt,training_logs/beijing_24h_12h_station1013_seed2049_center_gru_h32.csv,0.4456000924110412,0.6675328399494974,0.4278852939605713,49.73295211791992,31.87858009338379,44.247100830078125,False,,,51.83720016479492,32.26030349731445,-4.059339702347763,True,center_gru_h32,32.0,experiments/results/baseline_v2/reused/backbone_upgrade/experiments/results/trainable_matched/predictions/beijing_24h_12h_station1013_seed2049_center_gru_h32.npz
beijing_24h_24h_station1013_seed2047_center_gru_h32,beijing,24,24,1013,2047,gru,,center_gru_h32,,,,,completed,15.0,1.209261775016785,2.461769171999549,0.007792482001605,,test,,1,9.0,4152.0,4152.0,4152.0,predictions/beijing_24h_24h_station1013_seed2047_center_gru_h32.npz,checkpoints/beijing_24h_24h_station1013_seed2047_center_gru_h32.pt,training_logs/beijing_24h_24h_station1013_seed2047_center_gru_h32.csv,0.6472187042236328,0.8044990392931696,0.5621687173843384,59.91958236694336,41.87066650390625,55.60675430297852,False,,,64.3062973022461,43.40291213989258,-6.821594648319947,True,center_gru_h32,32.0,experiments/results/baseline_v2/reused/backbone_upgrade/experiments/results/trainable_matched/predictions/beijing_24h_24h_station1013_seed2047_center_gru_h32.npz
beijing_24h_24h_station1013_seed2048_center_gru_h32,beijing,24,24,1013,2048,gru,,center_gru_h32,,,,,completed,40.0,1.2114650011062622,4.225602444999822,0.0077194679997774,,test,,1,9.0,4152.0,4152.0,4152.0,predictions/beijing_24h_24h_station1013_seed2048_center_gru_h32.npz,checkpoints/beijing_24h_24h_station1013_seed2048_center_gru_h32.pt,training_logs/beijing_24h_24h_station1013_seed2048_center_gru_h32.csv,0.6399584412574768,0.7999740253642469,0.5518234372138977,59.58254623413086,41.10014343261719,54.3256950378418,False,,,64.8437271118164,43.64160919189453,-8.11363120539505,True,center_gru_h32,32.0,experiments/results/baseline_v2/reused/backbone_upgrade/experiments/results/trainable_matched/predictions/beijing_24h_24h_station1013_seed2048_center_gru_h32.npz
beijing_24h_24h_station1013_seed2049_center_gru_h32,beijing,24,24,1013,2049,gru,,center_gru_h32,,,,,completed,18.0,1.206128478050232,2.7654110319999745,0.0077074389992048,,test,,1,9.0,4152.0,4152.0,4152.0,predictions/beijing_24h_24h_station1013_seed2049_center_gru_h32.npz,checkpoints/beijing_24h_24h_station1013_seed2049_center_gru_h32.pt,training_logs/beijing_24h_24h_station1013_seed2049_center_gru_h32.csv,0.6428459882736206,0.801776769602126,0.5567206740379333,59.7168197631836,41.46489715576172,54.89708709716797,False,,,65.344482421875,44.265323638916016,-8.612299692510012,True,center_gru_h32,32.0,experiments/results/baseline_v2/reused/backbone_upgrade/experiments/results/trainable_matched/predictions/beijing_24h_24h_station1013_seed2049_center_gru_h32.npz
beijing_48h_1h_station1013_seed2047_center_gru_h32,beijing,48,1,1013,2047,gru,,center_gru_h32,,,,,completed,39.0,0.0987192243337631,7.25058225200155,0.013746540998909,,test,,1,9.0,3393.0,3393.0,3393.0,predictions/beijing_48h_1h_station1013_seed2047_center_gru_h32.npz,checkpoints/beijing_48h_1h_station1013_seed2047_center_gru_h32.pt,training_logs/beijing_48h_1h_station1013_seed2047_center_gru_h32.csv,0.0782470703125,0.2797267779682524,0.1351373195648193,20.83422088623047,10.065110206604004,17.0270938873291,False,,,20.97980499267578,10.450782775878906,-0.6939249744987481,True,center_gru_h32,32.0,experiments/results/baseline_v2/reused/backbone_upgrade/experiments/results/trainable_matched/predictions/beijing_48h_1h_station1013_seed2047_center_gru_h32.npz
beijing_48h_1h_station1013_seed2048_center_gru_h32,beijing,48,1,1013,2048,gru,,center_gru_h32,,,,,completed,39.0,0.0984599292278289,7.26361530199938,0.0139980690000811,,test,,1,9.0,3393.0,3393.0,3393.0,predictions/beijing_48h_1h_station1013_seed2048_center_gru_h32.npz,checkpoints/beijing_48h_1h_station1013_seed2048_center_gru_h32.pt,training_logs/beijing_48h_1h_station1013_seed2048_center_gru_h32.csv,0.0777843967080116,0.2788985419610716,0.1334192156791687,20.77253150939941,9.937143325805664,16.658769607543945,False,,,20.553361892700195,10.137685775756836,1.0663443666461994,False,center_gru_h32,32.0,experiments/results/baseline_v2/reused/backbone_upgrade/experiments/results/trainable_matched/predictions/beijing_48h_1h_station1013_seed2048_center_gru_h32.npz
beijing_48h_1h_station1013_seed2049_center_gru_h32,beijing,48,1,1013,2049,gru,,center_gru_h32,,,,,completed,38.0,0.0983267277479171,7.247372327001358,0.0137167030006821,,test,,1,9.0,3393.0,3393.0,3393.0,predictions/beijing_48h_1h_station1013_seed2049_center_gru_h32.npz,checkpoints/beijing_48h_1h_station1013_seed2049_center_gru_h32.pt,training_logs/beijing_48h_1h_station1013_seed2049_center_gru_h32.csv,0.0777090638875961,0.2787634550790259,0.1330897808074951,20.762470245361328,9.91260814666748,16.397855758666992,False,,,20.929391860961918,10.169209480285645,-0.79754642040955,True,center_gru_h32,32.0,experiments/results/baseline_v2/reused/backbone_upgrade/experiments/results/trainable_matched/predictions/beijing_48h_1h_station1013_seed2049_center_gru_h32.npz
beijing_48h_3h_station1013_seed2047_center_gru_h32,beijing,48,3,1013,2047,gru,,center_gru_h32,,,,,completed,34.0,0.256599873304367,7.238508057000217,0.0139494720006041,,test,,1,9.0,3459.0,3459.0,3459.0,predictions/beijing_48h_3h_station1013_seed2047_center_gru_h32.npz,checkpoints/beijing_48h_3h_station1013_seed2047_center_gru_h32.pt,training_logs/beijing_48h_3h_station1013_seed2047_center_gru_h32.csv,0.1689395755529403,0.4110225973750596,0.2148220390081405,30.61086082458496,15.998847007751465,24.360183715820312,False,,,31.18783187866211,16.69637680053711,-1.8499877013634178,True,center_gru_h32,32.0,experiments/results/baseline_v2/reused/backbone_upgrade/experiments/results/trainable_matched/predictions/beijing_48h_3h_station1013_seed2047_center_gru_h32.npz
beijing_48h_3h_station1013_seed2048_center_gru_h32,beijing,48,3,1013,2048,gru,,center_gru_h32,,,,,completed,38.0,0.2575033009052276,7.3252401250010735,0.0136913429996639,,test,,1,9.0,3459.0,3459.0,3459.0,predictions/beijing_48h_3h_station1013_seed2048_center_gru_h32.npz,checkpoints/beijing_48h_3h_station1013_seed2048_center_gru_h32.pt,training_logs/beijing_48h_3h_station1013_seed2048_center_gru_h32.csv,0.168452963232994,0.4104302172513545,0.2150105535984039,30.566743850708008,16.01288414001465,24.2116813659668,False,,,31.051353454589844,16.6970157623291,-1.5606714360793943,True,center_gru_h32,32.0,experiments/results/baseline_v2/reused/backbone_upgrade/experiments/results/trainable_matched/predictions/beijing_48h_3h_station1013_seed2048_center_gru_h32.npz
beijing_48h_3h_station1013_seed2049_center_gru_h32,beijing,48,3,1013,2049,gru,,center_gru_h32,,,,,completed,37.0,0.2573405504226684,7.292502682999839,0.0136655530004645,,test,,1,9.0,3459.0,3459.0,3459.0,predictions/beijing_48h_3h_station1013_seed2049_center_gru_h32.npz,checkpoints/beijing_48h_3h_station1013_seed2049_center_gru_h32.pt,training_logs/beijing_48h_3h_station1013_seed2049_center_gru_h32.csv,0.168396919965744,0.4103619377643887,0.215855211019516,30.561656951904297,16.07579231262207,24.59665298461914,False,,,31.17669677734375,16.931669235229492,-1.9727549388311254,True,center_gru_h32,32.0,experiments/results/baseline_v2/reused/backbone_upgrade/experiments/results/trainable_matched/predictions/beijing_48h_3h_station1013_seed2049_center_gru_h32.npz
beijing_48h_6h_station1013_seed2047_center_gru_h32,beijing,48,6,1013,2047,gru,,center_gru_h32,,,,,completed,37.0,0.4700239598751068,7.310274625999227,0.0136575769993214,,test,,1,9.0,3558.0,3558.0,3558.0,predictions/beijing_48h_6h_station1013_seed2047_center_gru_h32.npz,checkpoints/beijing_48h_6h_station1013_seed2047_center_gru_h32.pt,training_logs/beijing_48h_6h_station1013_seed2047_center_gru_h32.csv,0.2805358469486236,0.5296563479734985,0.3067733645439148,39.44609451293945,22.84691047668457,33.05671691894531,False,,,41.811302185058594,24.404136657714844,-5.6568620169987325,True,center_gru_h32,32.0,experiments/results/baseline_v2/reused/backbone_upgrade/experiments/results/trainable_matched/predictions/beijing_48h_6h_station1013_seed2047_center_gru_h32.npz
beijing_48h_6h_station1013_seed2048_center_gru_h32,beijing,48,6,1013,2048,gru,,center_gru_h32,,,,,completed,33.0,0.4649896025657654,7.31073038499926,0.0136712049989,,test,,1,9.0,3558.0,3558.0,3558.0,predictions/beijing_48h_6h_station1013_seed2048_center_gru_h32.npz,checkpoints/beijing_48h_6h_station1013_seed2048_center_gru_h32.pt,training_logs/beijing_48h_6h_station1013_seed2048_center_gru_h32.csv,0.2825206518173218,0.5315267178772124,0.3039926588535309,39.58538818359375,22.639820098876957,32.61689376831055,False,,,41.650672912597656,23.962068557739254,-4.958586703599789,True,center_gru_h32,32.0,experiments/results/baseline_v2/reused/backbone_upgrade/experiments/results/trainable_matched/predictions/beijing_48h_6h_station1013_seed2048_center_gru_h32.npz
beijing_48h_6h_station1013_seed2049_center_gru_h32,beijing,48,6,1013,2049,gru,,center_gru_h32,,,,,completed,39.0,0.4687158167362213,7.270837856000071,0.0137170569996669,,test,,1,9.0,3558.0,3558.0,3558.0,predictions/beijing_48h_6h_station1013_seed2049_center_gru_h32.npz,checkpoints/beijing_48h_6h_station1013_seed2049_center_gru_h32.pt,training_logs/beijing_48h_6h_station1013_seed2049_center_gru_h32.csv,0.2819365262985229,0.530976954583269,0.3076940476894378,39.54444885253906,22.915475845336918,33.41379928588867,False,,,42.05476379394531,24.104082107543945,-5.9691571535295695,True,center_gru_h32,32.0,experiments/results/baseline_v2/reused/backbone_upgrade/experiments/results/trainable_matched/predictions/beijing_48h_6h_station1013_seed2049_center_gru_h32.npz
beijing_48h_12h_station1013_seed2047_center_gru_h32,beijing,48,12,1013,2047,gru,,center_gru_h32,,,,,completed,29.0,0.7978377938270569,6.736601331000202,0.0137369879994366,,test,,1,9.0,3756.0,3756.0,3756.0,predictions/beijing_48h_12h_station1013_seed2047_center_gru_h32.npz,checkpoints/beijing_48h_12h_station1013_seed2047_center_gru_h32.pt,training_logs/beijing_48h_12h_station1013_seed2047_center_gru_h32.csv,0.4449200332164764,0.6670232628750488,0.4261515140533447,49.6683464050293,31.732385635375977,43.9954948425293,False,,,57.32188415527344,35.63805389404297,-13.35186004966663,True,center_gru_h32,32.0,experiments/results/baseline_v2/reused/backbone_upgrade/experiments/results/trainable_matched/predictions/beijing_48h_12h_station1013_seed2047_center_gru_h32.npz
beijing_48h_12h_station1013_seed2048_center_gru_h32,beijing,48,12,1013,2048,gru,,center_gru_h32,,,,,completed,26.0,0.8002665638923645,6.198927962001108,0.0136615950013947,,test,,1,9.0,3756.0,3756.0,3756.0,predictions/beijing_48h_12h_station1013_seed2048_center_gru_h32.npz,checkpoints/beijing_48h_12h_station1013_seed2048_center_gru_h32.pt,training_logs/beijing_48h_12h_station1013_seed2048_center_gru_h32.csv,0.4466656148433685,0.6683304682889809,0.4264968931674957,49.76568222045898,31.758100509643555,43.715293884277344,False,,,52.859134674072266,33.03700637817383,-5.852257084205818,True,center_gru_h32,32.0,experiments/results/baseline_v2/reused/backbone_upgrade/experiments/results/trainable_matched/predictions/beijing_48h_12h_station1013_seed2048_center_gru_h32.npz
beijing_48h_12h_station1013_seed2049_center_gru_h32,beijing,48,12,1013,2049,gru,,center_gru_h32,,,,,completed,29.0,0.7945226430892944,6.733752332000222,0.0138062669993814,,test,,1,9.0,3756.0,3756.0,3756.0,predictions/beijing_48h_12h_station1013_seed2049_center_gru_h32.npz,checkpoints/beijing_48h_12h_station1013_seed2049_center_gru_h32.pt,training_logs/beijing_48h_12h_station1013_seed2049_center_gru_h32.csv,0.4459652304649353,0.6678062821394655,0.4245159924030304,49.72664642333984,31.6106014251709,43.4471321105957,False,,,55.133583068847656,34.52684020996094,-9.806974886351838,True,center_gru_h32,32.0,experiments/results/baseline_v2/reused/backbone_upgrade/experiments/results/trainable_matched/predictions/beijing_48h_12h_station1013_seed2049_center_gru_h32.npz
beijing_48h_24h_station1013_seed2047_center_gru_h32,beijing,48,24,1013,2047,gru,,center_gru_h32,,,,,completed,23.0,1.2114486694335938,5.663338753998687,0.0138356990009924,,test,,1,9.0,4152.0,4152.0,4152.0,predictions/beijing_48h_24h_station1013_seed2047_center_gru_h32.npz,checkpoints/beijing_48h_24h_station1013_seed2047_center_gru_h32.pt,training_logs/beijing_48h_24h_station1013_seed2047_center_gru_h32.csv,0.6379988193511963,0.7987482828471034,0.5536775588989258,59.4583854675293,41.2154541015625,54.65189743041992,False,,,69.85392761230469,46.93188095092773,-14.881829125588391,True,center_gru_h32,32.0,experiments/results/baseline_v2/reused/backbone_upgrade/experiments/results/trainable_matched/predictions/beijing_48h_24h_station1013_seed2047_center_gru_h32.npz
beijing_48h_24h_station1013_seed2048_center_gru_h32,beijing,48,24,1013,2048,gru,,center_gru_h32,,,,,completed,38.0,1.2115914821624756,7.288788018999185,0.0139012999989063,,test,,1,9.0,4152.0,4152.0,4152.0,predictions/beijing_48h_24h_station1013_seed2048_center_gru_h32.npz,checkpoints/beijing_48h_24h_station1013_seed2048_center_gru_h32.pt,training_logs/beijing_48h_24h_station1013_seed2048_center_gru_h32.csv,0.6357394456863403,0.7973327070215672,0.5500965118408203,59.3530158996582,40.94888305664063,54.207801818847656,False,,,68.12368774414062,45.795066833496094,-12.874628686314468,True,center_gru_h32,32.0,experiments/results/baseline_v2/reused/backbone_upgrade/experiments/results/trainable_matched/predictions/beijing_48h_24h_station1013_seed2048_center_gru_h32.npz
beijing_48h_24h_station1013_seed2049_center_gru_h32,beijing,48,24,1013,2049,gru,,center_gru_h32,,,,,completed,38.0,1.214885950088501,7.286024049999469,0.0138801990015053,,test,,1,9.0,4152.0,4152.0,4152.0,predictions/beijing_48h_24h_station1013_seed2049_center_gru_h32.npz,checkpoints/beijing_48h_24h_station1013_seed2049_center_gru_h32.pt,training_logs/beijing_48h_24h_station1013_seed2049_center_gru_h32.csv,0.635603129863739,0.7972472200413991,0.5484620332717896,59.34664916992188,40.82721328735352,53.9008903503418,False,,,70.52690887451172,47.815460205078125,-15.85247373379547,True,center_gru_h32,32.0,experiments/results/baseline_v2/reused/backbone_upgrade/experiments/results/trainable_matched/predictions/beijing_48h_24h_station1013_seed2049_center_gru_h32.npz
beijing_72h_1h_station1013_seed2047_center_gru_h32,beijing,72,1,1013,2047,gru,,center_gru_h32,,,,,completed,30.0,0.1231663897633552,6.410385410999879,0.0142161849998956,,test,,1,9.0,3393.0,3393.0,3393.0,predictions/beijing_72h_1h_station1013_seed2047_center_gru_h32.npz,checkpoints/beijing_72h_1h_station1013_seed2047_center_gru_h32.pt,training_logs/beijing_72h_1h_station1013_seed2047_center_gru_h32.csv,0.085724651813507,0.2927877248340632,0.1473239213228225,21.79495620727539,10.966712951660156,18.099348068237305,False,,,21.06454849243164,10.74881076812744,3.467473870167124,False,center_gru_h32,32.0,experiments/results/baseline_v2/reused/backbone_upgrade/experiments/results/trainable_matched/predictions/beijing_72h_1h_station1013_seed2047_center_gru_h32.npz
beijing_72h_1h_station1013_seed2048_center_gru_h32,beijing,72,1,1013,2048,gru,,center_gru_h32,,,,,completed,30.0,0.1219223961234092,6.17186435000076,0.0141043530002207,,test,,1,9.0,3393.0,3393.0,3393.0,predictions/beijing_72h_1h_station1013_seed2048_center_gru_h32.npz,checkpoints/beijing_72h_1h_station1013_seed2048_center_gru_h32.pt,training_logs/beijing_72h_1h_station1013_seed2048_center_gru_h32.csv,0.0844282954931259,0.2905654753977594,0.1466227769851684,21.629533767700195,10.914518356323242,17.74542999267578,False,,,20.968732833862305,10.600374221801758,3.151363218147195,False,center_gru_h32,32.0,experiments/results/baseline_v2/reused/backbone_upgrade/experiments/results/trainable_matched/predictions/beijing_72h_1h_station1013_seed2048_center_gru_h32.npz
beijing_72h_1h_station1013_seed2049_center_gru_h32,beijing,72,1,1013,2049,gru,,center_gru_h32,,,,,completed,30.0,0.1212261766195297,6.163342312000168,0.014119548999588,,test,,1,9.0,3393.0,3393.0,3393.0,predictions/beijing_72h_1h_station1013_seed2049_center_gru_h32.npz,checkpoints/beijing_72h_1h_station1013_seed2049_center_gru_h32.pt,training_logs/beijing_72h_1h_station1013_seed2049_center_gru_h32.csv,0.0833614021539688,0.2887237471251175,0.1457434743642807,21.49243927001953,10.849065780639648,17.513011932373047,False,,,21.28269386291504,10.951455116271973,0.9855209516966846,False,center_gru_h32,32.0,experiments/results/baseline_v2/reused/backbone_upgrade/experiments/results/trainable_matched/predictions/beijing_72h_1h_station1013_seed2049_center_gru_h32.npz
beijing_72h_3h_station1013_seed2047_center_gru_h32,beijing,72,3,1013,2047,gru,,center_gru_h32,,,,,completed,30.0,0.2875527441501617,6.1734255159990425,0.0140095749993633,,test,,1,9.0,3459.0,3459.0,3459.0,predictions/beijing_72h_3h_station1013_seed2047_center_gru_h32.npz,checkpoints/beijing_72h_3h_station1013_seed2047_center_gru_h32.pt,training_logs/beijing_72h_3h_station1013_seed2047_center_gru_h32.csv,0.1798351556062698,0.4240697532320241,0.2362001091241836,31.565401077270508,17.5814266204834,27.044736862182617,False,,,31.00885581970215,17.128154754638672,1.7947945606388556,False,center_gru_h32,32.0,experiments/results/baseline_v2/reused/backbone_upgrade/experiments/results/trainable_matched/predictions/beijing_72h_3h_station1013_seed2047_center_gru_h32.npz
beijing_72h_3h_station1013_seed2048_center_gru_h32,beijing,72,3,1013,2048,gru,,center_gru_h32,,,,,completed,30.0,0.2937421798706054,6.199977721998948,0.0140940390010655,,test,,1,9.0,3459.0,3459.0,3459.0,predictions/beijing_72h_3h_station1013_seed2048_center_gru_h32.npz,checkpoints/beijing_72h_3h_station1013_seed2048_center_gru_h32.pt,training_logs/beijing_72h_3h_station1013_seed2048_center_gru_h32.csv,0.182275116443634,0.4269368998384117,0.2374909818172454,31.7788143157959,17.67751121520996,26.8131046295166,False,,,31.21354103088379,16.76036262512207,1.8109873671584005,False,center_gru_h32,32.0,experiments/results/baseline_v2/reused/backbone_upgrade/experiments/results/trainable_matched/predictions/beijing_72h_3h_station1013_seed2048_center_gru_h32.npz
beijing_72h_3h_station1013_seed2049_center_gru_h32,beijing,72,3,1013,2049,gru,,center_gru_h32,,,,,completed,30.0,0.2905937135219574,6.176667503999852,0.0141177530003915,,test,,1,9.0,3459.0,3459.0,3459.0,predictions/beijing_72h_3h_station1013_seed2049_center_gru_h32.npz,checkpoints/beijing_72h_3h_station1013_seed2049_center_gru_h32.pt,training_logs/beijing_72h_3h_station1013_seed2049_center_gru_h32.csv,0.1816572546958923,0.4262126871597,0.2362003624439239,31.72490692138672,17.581445693969727,26.54965591430664,False,,,31.59510612487793,17.138343811035156,0.41082563861554544,False,center_gru_h32,32.0,experiments/results/baseline_v2/reused/backbone_upgrade/experiments/results/trainable_matched/predictions/beijing_72h_3h_station1013_seed2049_center_gru_h32.npz
beijing_72h_6h_station1013_seed2047_center_gru_h32,beijing,72,6,1013,2047,gru,,center_gru_h32,,,,,completed,30.0,0.4967931807041168,6.173451476999617,0.0141184669992071,,test,,1,9.0,3558.0,3558.0,3558.0,predictions/beijing_72h_6h_station1013_seed2047_center_gru_h32.npz,checkpoints/beijing_72h_6h_station1013_seed2047_center_gru_h32.pt,training_logs/beijing_72h_6h_station1013_seed2047_center_gru_h32.csv,0.2899873256683349,0.5385047127633471,0.3218718767166137,40.08064651489258,23.956768035888672,34.68076705932617,False,,,41.74861526489258,24.63315200805664,-3.995267242797955,True,center_gru_h32,32.0,experiments/results/baseline_v2/reused/backbone_upgrade/experiments/results/trainable_matched/predictions/beijing_72h_6h_station1013_seed2047_center_gru_h32.npz
beijing_72h_6h_station1013_seed2048_center_gru_h32,beijing,72,6,1013,2048,gru,,center_gru_h32,,,,,completed,30.0,0.4912871718406677,6.177220894000129,0.0139875300010317,,test,,1,9.0,3558.0,3558.0,3558.0,predictions/beijing_72h_6h_station1013_seed2048_center_gru_h32.npz,checkpoints/beijing_72h_6h_station1013_seed2048_center_gru_h32.pt,training_logs/beijing_72h_6h_station1013_seed2048_center_gru_h32.csv,0.2895322740077972,0.5380820327866349,0.3181968629360199,40.04918670654297,23.683238983154297,34.05531311035156,False,,,41.156280517578125,24.216215133666992,-2.689975374626745,True,center_gru_h32,32.0,experiments/results/baseline_v2/reused/backbone_upgrade/experiments/results/trainable_matched/predictions/beijing_72h_6h_station1013_seed2048_center_gru_h32.npz
beijing_72h_6h_station1013_seed2049_center_gru_h32,beijing,72,6,1013,2049,gru,,center_gru_h32,,,,,completed,30.0,0.4998233020305633,6.170712488999925,0.0142031319992383,,test,,1,9.0,3558.0,3558.0,3558.0,predictions/beijing_72h_6h_station1013_seed2049_center_gru_h32.npz,checkpoints/beijing_72h_6h_station1013_seed2049_center_gru_h32.pt,training_logs/beijing_72h_6h_station1013_seed2049_center_gru_h32.csv,0.2928987443447113,0.5412012050473569,0.3247138857841491,40.28134536743164,24.16830062866211,35.10564422607422,False,,,41.276737213134766,24.22653007507324,-2.4115080621885467,True,center_gru_h32,32.0,experiments/results/baseline_v2/reused/backbone_upgrade/experiments/results/trainable_matched/predictions/beijing_72h_6h_station1013_seed2049_center_gru_h32.npz
beijing_72h_12h_station1013_seed2047_center_gru_h32,beijing,72,12,1013,2047,gru,,center_gru_h32,,,,,completed,30.0,0.8186405301094055,6.1746593289990415,0.0141643639999529,,test,,1,9.0,3756.0,3756.0,3756.0,predictions/beijing_72h_12h_station1013_seed2047_center_gru_h32.npz,checkpoints/beijing_72h_12h_station1013_seed2047_center_gru_h32.pt,training_logs/beijing_72h_12h_station1013_seed2047_center_gru_h32.csv,0.4563548862934112,0.6755404401613654,0.4372085034847259,50.27863693237305,32.54023742675781,44.82809066772461,False,,,56.09211349487305,35.244869232177734,-10.364160307547273,True,center_gru_h32,32.0,experiments/results/baseline_v2/reused/backbone_upgrade/experiments/results/trainable_matched/predictions/beijing_72h_12h_station1013_seed2047_center_gru_h32.npz
beijing_72h_12h_station1013_seed2048_center_gru_h32,beijing,72,12,1013,2048,gru,,center_gru_h32,,,,,completed,30.0,0.8245161175727844,6.168741685998612,0.0140808369997103,,test,,1,9.0,3756.0,3756.0,3756.0,predictions/beijing_72h_12h_station1013_seed2048_center_gru_h32.npz,checkpoints/beijing_72h_12h_station1013_seed2048_center_gru_h32.pt,training_logs/beijing_72h_12h_station1013_seed2048_center_gru_h32.csv,0.454562783241272,0.6742127136455319,0.4362530410289764,50.17981719970703,32.4691276550293,44.74726486206055,False,,,55.03749084472656,34.67401123046875,-8.826117561798279,True,center_gru_h32,32.0,experiments/results/baseline_v2/reused/backbone_upgrade/experiments/results/trainable_matched/predictions/beijing_72h_12h_station1013_seed2048_center_gru_h32.npz
beijing_72h_12h_station1013_seed2049_center_gru_h32,beijing,72,12,1013,2049,gru,,center_gru_h32,,,,,completed,29.0,0.8188793659210205,6.18020972100021,0.0140648990000045,,test,,1,9.0,3756.0,3756.0,3756.0,predictions/beijing_72h_12h_station1013_seed2049_center_gru_h32.npz,checkpoints/beijing_72h_12h_station1013_seed2049_center_gru_h32.pt,training_logs/beijing_72h_12h_station1013_seed2049_center_gru_h32.csv,0.4557773470878601,0.675112840262915,0.4361437261104584,50.24681091308594,32.46099090576172,44.55593490600586,False,,,54.70387268066406,35.244651794433594,-8.14761651994255,True,center_gru_h32,32.0,experiments/results/baseline_v2/reused/backbone_upgrade/experiments/results/trainable_matched/predictions/beijing_72h_12h_station1013_seed2049_center_gru_h32.npz
beijing_72h_24h_station1013_seed2047_center_gru_h32,beijing,72,24,1013,2047,gru,,center_gru_h32,,,,,completed,29.0,1.2260860204696655,6.175884860000224,0.0141057500004535,,test,,1,9.0,4152.0,4152.0,4152.0,predictions/beijing_72h_24h_station1013_seed2047_center_gru_h32.npz,checkpoints/beijing_72h_24h_station1013_seed2047_center_gru_h32.pt,training_logs/beijing_72h_24h_station1013_seed2047_center_gru_h32.csv,0.6458767056465149,0.8036645479592309,0.5589079856872559,59.801361083984375,41.58882141113281,54.94984817504883,False,,,65.6296157836914,44.675662994384766,-8.88052540017356,True,center_gru_h32,32.0,experiments/results/baseline_v2/reused/backbone_upgrade/experiments/results/trainable_matched/predictions/beijing_72h_24h_station1013_seed2047_center_gru_h32.npz
beijing_72h_24h_station1013_seed2048_center_gru_h32,beijing,72,24,1013,2048,gru,,center_gru_h32,,,,,completed,30.0,1.2254526615142822,6.1946340960003,0.0140610819998983,,test,,1,9.0,4152.0,4152.0,4152.0,predictions/beijing_72h_24h_station1013_seed2048_center_gru_h32.npz,checkpoints/beijing_72h_24h_station1013_seed2048_center_gru_h32.pt,training_logs/beijing_72h_24h_station1013_seed2048_center_gru_h32.csv,0.6450805068016052,0.8031690399919591,0.5586910843849182,59.76448822021485,41.57267379760742,54.87763977050781,False,,,64.7675552368164,43.77329254150391,-7.724650094184221,True,center_gru_h32,32.0,experiments/results/baseline_v2/reused/backbone_upgrade/experiments/results/trainable_matched/predictions/beijing_72h_24h_station1013_seed2048_center_gru_h32.npz
beijing_72h_24h_station1013_seed2049_center_gru_h32,beijing,72,24,1013,2049,gru,,center_gru_h32,,,,,completed,30.0,1.2244586944580078,6.17488566800057,0.0140964380007062,,test,,1,9.0,4152.0,4152.0,4152.0,predictions/beijing_72h_24h_station1013_seed2049_center_gru_h32.npz,checkpoints/beijing_72h_24h_station1013_seed2049_center_gru_h32.pt,training_logs/beijing_72h_24h_station1013_seed2049_center_gru_h32.csv,0.6444902420043945,0.8028014960152943,0.5568546652793884,59.73714447021485,41.43602752685547,54.777381896972656,False,,,68.50748443603516,46.28374862670898,-12.802017236538726,True,center_gru_h32,32.0,experiments/results/baseline_v2/reused/backbone_upgrade/experiments/results/trainable_matched/predictions/beijing_72h_24h_station1013_seed2049_center_gru_h32.npz
beijing_168h_1h_station1013_seed2047_center_gru_h32,beijing,168,1,1013,2047,gru,,center_gru_h32,,,,,completed,30.0,0.1197583228349685,14.238703607999923,0.0349310700003115,,test,,1,9.0,3393.0,3393.0,3393.0,predictions/beijing_168h_1h_station1013_seed2047_center_gru_h32.npz,checkpoints/beijing_168h_1h_station1013_seed2047_center_gru_h32.pt,training_logs/beijing_168h_1h_station1013_seed2047_center_gru_h32.csv,0.0866334214806556,0.2943355593207448,0.1486547291278839,21.87847137451172,11.049761772155762,18.047290802001957,False,,,21.871671676635746,11.994721412658691,0.03108906340815612,False,center_gru_h32,32.0,experiments/results/baseline_v2/reused/backbone_upgrade/experiments/results/trainable_matched/predictions/beijing_168h_1h_station1013_seed2047_center_gru_h32.npz
beijing_168h_1h_station1013_seed2048_center_gru_h32,beijing,168,1,1013,2048,gru,,center_gru_h32,,,,,completed,30.0,0.1185602843761444,14.303500674999668,0.0352284000000509,,test,,1,9.0,3393.0,3393.0,3393.0,predictions/beijing_168h_1h_station1013_seed2048_center_gru_h32.npz,checkpoints/beijing_168h_1h_station1013_seed2048_center_gru_h32.pt,training_logs/beijing_168h_1h_station1013_seed2048_center_gru_h32.csv,0.0856184661388397,0.2926063330463641,0.149356722831726,21.74993324279785,11.101943016052246,18.833627700805664,False,,,21.76912498474121,11.43486213684082,-0.08816037372568526,True,center_gru_h32,32.0,experiments/results/baseline_v2/reused/backbone_upgrade/experiments/results/trainable_matched/predictions/beijing_168h_1h_station1013_seed2048_center_gru_h32.npz
beijing_168h_1h_station1013_seed2049_center_gru_h32,beijing,168,1,1013,2049,gru,,center_gru_h32,,,,,completed,30.0,0.1172943040728569,14.238424447999932,0.0353039159999752,,test,,1,9.0,3393.0,3393.0,3393.0,predictions/beijing_168h_1h_station1013_seed2049_center_gru_h32.npz,checkpoints/beijing_168h_1h_station1013_seed2049_center_gru_h32.pt,training_logs/beijing_168h_1h_station1013_seed2049_center_gru_h32.csv,0.0842139795422554,0.2901964499132534,0.1463856548070907,21.570802688598636,10.881098747253418,17.384977340698242,False,,,22.61062812805176,12.07103443145752,-4.5988348203518985,True,center_gru_h32,32.0,experiments/results/baseline_v2/reused/backbone_upgrade/experiments/results/trainable_matched/predictions/beijing_168h_1h_station1013_seed2049_center_gru_h32.npz
beijing_168h_3h_station1013_seed2047_center_gru_h32,beijing,168,3,1013,2047,gru,,center_gru_h32,,,,,completed,30.0,0.2826691269874573,14.2728849060004,0.035042699000769,,test,,1,9.0,3459.0,3459.0,3459.0,predictions/beijing_168h_3h_station1013_seed2047_center_gru_h32.npz,checkpoints/beijing_168h_3h_station1013_seed2047_center_gru_h32.pt,training_logs/beijing_168h_3h_station1013_seed2047_center_gru_h32.csv,0.1822938919067382,0.4269588878413685,0.2379750907421112,31.73612403869629,17.688838958740234,27.09216690063477,False,,,31.7686710357666,18.36850929260254,-0.10244997983601399,True,center_gru_h32,32.0,experiments/results/baseline_v2/reused/backbone_upgrade/experiments/results/trainable_matched/predictions/beijing_168h_3h_station1013_seed2047_center_gru_h32.npz
beijing_168h_3h_station1013_seed2048_center_gru_h32,beijing,168,3,1013,2048,gru,,center_gru_h32,,,,,completed,30.0,0.2888544797897339,14.294408333998945,0.035175461000108,,test,,1,9.0,3459.0,3459.0,3459.0,predictions/beijing_168h_3h_station1013_seed2048_center_gru_h32.npz,checkpoints/beijing_168h_3h_station1013_seed2048_center_gru_h32.pt,training_logs/beijing_168h_3h_station1013_seed2048_center_gru_h32.csv,0.1847636103630066,0.4298413781419916,0.2380661815404892,31.950382232666016,17.69561004638672,26.279821395874023,False,,,31.73417854309082,18.07464408874512,0.6812960016646382,False,center_gru_h32,32.0,experiments/results/baseline_v2/reused/backbone_upgrade/experiments/results/trainable_matched/predictions/beijing_168h_3h_station1013_seed2048_center_gru_h32.npz
beijing_168h_3h_station1013_seed2049_center_gru_h32,beijing,168,3,1013,2049,gru,,center_gru_h32,,,,,completed,30.0,0.2854582071304321,14.250453145999929,0.0349942550001287,,test,,1,9.0,3459.0,3459.0,3459.0,predictions/beijing_168h_3h_station1013_seed2049_center_gru_h32.npz,checkpoints/beijing_168h_3h_station1013_seed2049_center_gru_h32.pt,training_logs/beijing_168h_3h_station1013_seed2049_center_gru_h32.csv,0.1838101893663406,0.4287309055413904,0.2420008331537246,31.867843627929688,17.988075256347656,28.12829971313477,False,,,32.07843780517578,18.52771759033203,-0.656497609157622,True,center_gru_h32,32.0,experiments/results/baseline_v2/reused/backbone_upgrade/experiments/results/trainable_matched/predictions/beijing_168h_3h_station1013_seed2049_center_gru_h32.npz
beijing_168h_6h_station1013_seed2047_center_gru_h32,beijing,168,6,1013,2047,gru,,center_gru_h32,,,,,completed,30.0,0.4936157763004303,14.269785731999946,0.0348122430004878,,test,,1,9.0,3558.0,3558.0,3558.0,predictions/beijing_168h_6h_station1013_seed2047_center_gru_h32.npz,checkpoints/beijing_168h_6h_station1013_seed2047_center_gru_h32.pt,training_logs/beijing_168h_6h_station1013_seed2047_center_gru_h32.csv,0.2935523092746734,0.5418046781587194,0.3249438405036926,40.27268600463867,24.153282165527344,34.925018310546875,False,,,42.01683807373047,25.93600273132324,-4.151078827091146,True,center_gru_h32,32.0,experiments/results/baseline_v2/reused/backbone_upgrade/experiments/results/trainable_matched/predictions/beijing_168h_6h_station1013_seed2047_center_gru_h32.npz
beijing_168h_6h_station1013_seed2048_center_gru_h32,beijing,168,6,1013,2048,gru,,center_gru_h32,,,,,completed,30.0,0.48825803399086,14.264563359000022,0.0349045160000969,,test,,1,9.0,3558.0,3558.0,3558.0,predictions/beijing_168h_6h_station1013_seed2048_center_gru_h32.npz,checkpoints/beijing_168h_6h_station1013_seed2048_center_gru_h32.pt,training_logs/beijing_168h_6h_station1013_seed2048_center_gru_h32.csv,0.2931291759014129,0.5414140521831816,0.3221062123775482,40.243648529052734,23.942358016967773,34.47223663330078,False,,,42.51594543457031,26.329206466674805,-5.344575740446646,True,center_gru_h32,32.0,experiments/results/baseline_v2/reused/backbone_upgrade/experiments/results/trainable_matched/predictions/beijing_168h_6h_station1013_seed2048_center_gru_h32.npz
beijing_168h_6h_station1013_seed2049_center_gru_h32,beijing,168,6,1013,2049,gru,,center_gru_h32,,,,,completed,30.0,0.4948724210262298,14.241901882998718,0.0351769020016945,,test,,1,9.0,3558.0,3558.0,3558.0,predictions/beijing_168h_6h_station1013_seed2049_center_gru_h32.npz,checkpoints/beijing_168h_6h_station1013_seed2049_center_gru_h32.pt,training_logs/beijing_168h_6h_station1013_seed2049_center_gru_h32.csv,0.2968198955059051,0.5448117982440406,0.3264772593975067,40.4962043762207,24.267263412475582,35.02913284301758,False,,,42.00048828125,26.010665893554688,-3.581586706697513,True,center_gru_h32,32.0,experiments/results/baseline_v2/reused/backbone_upgrade/experiments/results/trainable_matched/predictions/beijing_168h_6h_station1013_seed2049_center_gru_h32.npz
beijing_168h_6h_station1013_seed2050_center_gru_h32,beijing,168,6,1013,2050,gru,,center_gru_h32,,,,,completed,29.0,0.5059559345245361,14.263253817000075,0.0345812299983663,,test,,1,9.0,3558.0,3558.0,3558.0,predictions/beijing_168h_6h_station1013_seed2050_center_gru_h32.npz,checkpoints/beijing_168h_6h_station1013_seed2050_center_gru_h32.pt,training_logs/beijing_168h_6h_station1013_seed2050_center_gru_h32.csv,0.2998398840427398,0.5475763727944623,0.3304261863231659,40.70170211791992,24.560791015625,35.456321716308594,False,,,42.20603942871094,26.009906768798828,-3.564270258838076,True,center_gru_h32,32.0,experiments/results/baseline_v2/reused/backbone_upgrade/experiments/results/trainable_matched/predictions/beijing_168h_6h_station1013_seed2050_center_gru_h32.npz
beijing_168h_6h_station1013_seed2051_center_gru_h32,beijing,168,6,1013,2051,gru,,center_gru_h32,,,,,completed,30.0,0.4946026504039764,14.247459354999592,0.0346807210007682,,test,,1,9.0,3558.0,3558.0,3558.0,predictions/beijing_168h_6h_station1013_seed2051_center_gru_h32.npz,checkpoints/beijing_168h_6h_station1013_seed2051_center_gru_h32.pt,training_logs/beijing_168h_6h_station1013_seed2051_center_gru_h32.csv,0.2948969602584839,0.5430441605049113,0.3229705691337585,40.36481475830078,24.00660514831543,34.17522048950195,False,,,41.76411056518555,25.687108993530277,-3.3504743377708013,True,center_gru_h32,32.0,experiments/results/baseline_v2/reused/backbone_upgrade/experiments/results/trainable_matched/predictions/beijing_168h_6h_station1013_seed2051_center_gru_h32.npz
beijing_168h_12h_station1013_seed2047_center_gru_h32,beijing,168,12,1013,2047,gru,,center_gru_h32,,,,,completed,29.0,0.8220405578613281,14.244966476999252,0.0347602169986203,,test,,1,9.0,3756.0,3756.0,3756.0,predictions/beijing_168h_12h_station1013_seed2047_center_gru_h32.npz,checkpoints/beijing_168h_12h_station1013_seed2047_center_gru_h32.pt,training_logs/beijing_168h_12h_station1013_seed2047_center_gru_h32.csv,0.4634009897708893,0.6807356239913476,0.4422539472579956,50.605690002441406,32.877037048339844,45.19439315795898,False,,,54.23294448852539,36.208377838134766,-6.688286096749622,True,center_gru_h32,32.0,experiments/results/baseline_v2/reused/backbone_upgrade/experiments/results/trainable_matched/predictions/beijing_168h_12h_station1013_seed2047_center_gru_h32.npz
beijing_168h_12h_station1013_seed2048_center_gru_h32,beijing,168,12,1013,2048,gru,,center_gru_h32,,,,,completed,30.0,0.8257302641868591,14.23861817299985,0.0346421499998541,,test,,1,9.0,3756.0,3756.0,3756.0,predictions/beijing_168h_12h_station1013_seed2048_center_gru_h32.npz,checkpoints/beijing_168h_12h_station1013_seed2048_center_gru_h32.pt,training_logs/beijing_168h_12h_station1013_seed2048_center_gru_h32.csv,0.4609230458736419,0.678913135735082,0.4400125443935394,50.47021484375,32.710411071777344,44.968143463134766,False,,,55.16896057128906,36.87693405151367,-8.517009707781908,True,center_gru_h32,32.0,experiments/results/baseline_v2/reused/backbone_upgrade/experiments/results/trainable_matched/predictions/beijing_168h_12h_station1013_seed2048_center_gru_h32.npz
beijing_168h_12h_station1013_seed2049_center_gru_h32,beijing,168,12,1013,2049,gru,,center_gru_h32,,,,,completed,30.0,0.8214258551597595,14.209285029999592,0.0349697599995124,,test,,1,9.0,3756.0,3756.0,3756.0,predictions/beijing_168h_12h_station1013_seed2049_center_gru_h32.npz,checkpoints/beijing_168h_12h_station1013_seed2049_center_gru_h32.pt,training_logs/beijing_168h_12h_station1013_seed2049_center_gru_h32.csv,0.4604523479938507,0.678566391736174,0.4402997195720672,50.444435119628906,32.73175811767578,44.914794921875,False,,,58.07843780517578,38.81656646728516,-13.144297563848308,True,center_gru_h32,32.0,experiments/results/baseline_v2/reused/backbone_upgrade/experiments/results/trainable_matched/predictions/beijing_168h_12h_station1013_seed2049_center_gru_h32.npz
beijing_168h_24h_station1013_seed2047_center_gru_h32,beijing,168,24,1013,2047,gru,,center_gru_h32,,,,,completed,28.0,1.2274571657180786,14.231891669998731,0.0345867539999744,,test,,1,9.0,4152.0,4152.0,4152.0,predictions/beijing_168h_24h_station1013_seed2047_center_gru_h32.npz,checkpoints/beijing_168h_24h_station1013_seed2047_center_gru_h32.pt,training_logs/beijing_168h_24h_station1013_seed2047_center_gru_h32.csv,0.6541182398796082,0.8087757661302718,0.5639507174491882,60.1577377319336,41.94735336303711,55.21159744262695,False,,,67.65840148925781,47.55368041992188,-11.086078878932868,True,center_gru_h32,32.0,experiments/results/baseline_v2/reused/backbone_upgrade/experiments/results/trainable_matched/predictions/beijing_168h_24h_station1013_seed2047_center_gru_h32.npz
beijing_168h_24h_station1013_seed2048_center_gru_h32,beijing,168,24,1013,2048,gru,,center_gru_h32,,,,,completed,30.0,1.2293692827224731,14.218795168000725,0.0349508569997851,,test,,1,9.0,4152.0,4152.0,4152.0,predictions/beijing_168h_24h_station1013_seed2048_center_gru_h32.npz,checkpoints/beijing_168h_24h_station1013_seed2048_center_gru_h32.pt,training_logs/beijing_168h_24h_station1013_seed2048_center_gru_h32.csv,0.6518814563751221,0.8073917613990882,0.5630007982254028,60.05479049682617,41.87669372558594,55.118072509765625,False,,,72.7971420288086,50.40897750854492,-17.50391729243957,True,center_gru_h32,32.0,experiments/results/baseline_v2/reused/backbone_upgrade/experiments/results/trainable_matched/predictions/beijing_168h_24h_station1013_seed2048_center_gru_h32.npz
beijing_168h_24h_station1013_seed2049_center_gru_h32,beijing,168,24,1013,2049,gru,,center_gru_h32,,,,,completed,28.0,1.2267743349075315,14.208521696999014,0.034903955000118,,test,,1,9.0,4152.0,4152.0,4152.0,predictions/beijing_168h_24h_station1013_seed2049_center_gru_h32.npz,checkpoints/beijing_168h_24h_station1013_seed2049_center_gru_h32.pt,training_logs/beijing_168h_24h_station1013_seed2049_center_gru_h32.csv,0.6523093581199646,0.8076567080882598,0.5631352663040161,60.07450485229492,41.88669967651367,55.20397567749024,False,,,66.645751953125,46.83631896972656,-9.859963926060788,True,center_gru_h32,32.0,experiments/results/baseline_v2/reused/backbone_upgrade/experiments/results/trainable_matched/predictions/beijing_168h_24h_station1013_seed2049_center_gru_h32.npz
beijing_24h_1h_station1013_seed2047_center_gru_h40,beijing,24,1,1013,2047,gru,,center_gru_h40,,,,,completed,40.0,0.0988361686468124,4.205305419999604,0.0075355890003265,,test,,1,9.0,5201.0,5201.0,5201.0,predictions/beijing_24h_1h_station1013_seed2047_center_gru_h40.npz,checkpoints/beijing_24h_1h_station1013_seed2047_center_gru_h40.pt,training_logs/beijing_24h_1h_station1013_seed2047_center_gru_h40.csv,0.0806858241558075,0.2840525024635542,0.1330410689115524,21.167510986328125,9.914180755615234,16.306612014770508,False,,,20.988380432128903,10.146111488342283,0.8534748775804073,False,center_gru_h40,40.0,experiments/results/baseline_v2/reused/backbone_upgrade/experiments/results/trainable_matched/predictions/beijing_24h_1h_station1013_seed2047_center_gru_h40.npz
beijing_24h_1h_station1013_seed2048_center_gru_h40,beijing,24,1,1013,2048,gru,,center_gru_h40,,,,,completed,37.0,0.0979819446802139,4.218036130000655,0.0077282009997361,,test,,1,9.0,5201.0,5201.0,5201.0,predictions/beijing_24h_1h_station1013_seed2048_center_gru_h40.npz,checkpoints/beijing_24h_1h_station1013_seed2048_center_gru_h40.pt,training_logs/beijing_24h_1h_station1013_seed2048_center_gru_h40.csv,0.0777368769049644,0.2788133370284937,0.1321772933006286,20.77709197998047,9.849813461303713,16.31427764892578,False,,,20.778905868530277,10.011322021484377,-0.008729470941756277,True,center_gru_h40,40.0,experiments/results/baseline_v2/reused/backbone_upgrade/experiments/results/trainable_matched/predictions/beijing_24h_1h_station1013_seed2048_center_gru_h40.npz
beijing_24h_1h_station1013_seed2049_center_gru_h40,beijing,24,1,1013,2049,gru,,center_gru_h40,,,,,completed,34.0,0.0987379476428031,4.22013601099934,0.0078219179995357,,test,,1,9.0,5201.0,5201.0,5201.0,predictions/beijing_24h_1h_station1013_seed2049_center_gru_h40.npz,checkpoints/beijing_24h_1h_station1013_seed2049_center_gru_h40.pt,training_logs/beijing_24h_1h_station1013_seed2049_center_gru_h40.csv,0.0777903720736503,0.2789092541914849,0.1312284022569656,20.784236907958984,9.779102325439451,15.994407653808594,False,,,20.896221160888672,10.110241889953612,-0.5359067176188187,True,center_gru_h40,40.0,experiments/results/baseline_v2/reused/backbone_upgrade/experiments/results/trainable_matched/predictions/beijing_24h_1h_station1013_seed2049_center_gru_h40.npz
beijing_24h_1h_station1013_seed2050_center_gru_h40,beijing,24,1,1013,2050,gru,,center_gru_h40,,,,,completed,37.0,0.0986288413405418,4.202559208999446,0.0077720629997202,,test,,1,9.0,5201.0,5201.0,5201.0,predictions/beijing_24h_1h_station1013_seed2050_center_gru_h40.npz,checkpoints/beijing_24h_1h_station1013_seed2050_center_gru_h40.pt,training_logs/beijing_24h_1h_station1013_seed2050_center_gru_h40.csv,0.0780223980545997,0.2793248969472642,0.1323378533124923,20.81521224975586,9.86177921295166,16.22850799560547,False,,,21.0170955657959,10.084884643554688,-0.9605671507179728,True,center_gru_h40,40.0,experiments/results/baseline_v2/reused/backbone_upgrade/experiments/results/trainable_matched/predictions/beijing_24h_1h_station1013_seed2050_center_gru_h40.npz
beijing_24h_1h_station1013_seed2051_center_gru_h40,beijing,24,1,1013,2051,gru,,center_gru_h40,,,,,completed,37.0,0.0972990319132804,4.231806759999017,0.0077917630005686,,test,,1,9.0,5201.0,5201.0,5201.0,predictions/beijing_24h_1h_station1013_seed2051_center_gru_h40.npz,checkpoints/beijing_24h_1h_station1013_seed2051_center_gru_h40.pt,training_logs/beijing_24h_1h_station1013_seed2051_center_gru_h40.csv,0.0781006887555122,0.2794650045274224,0.1325344443321228,20.825653076171875,9.87642765045166,16.460651397705078,False,,,20.71529197692871,10.02131462097168,0.5327518403606224,False,center_gru_h40,40.0,experiments/results/baseline_v2/reused/backbone_upgrade/experiments/results/trainable_matched/predictions/beijing_24h_1h_station1013_seed2051_center_gru_h40.npz
beijing_24h_3h_station1013_seed2047_center_gru_h40,beijing,24,3,1013,2047,gru,,center_gru_h40,,,,,completed,36.0,0.2576742768287658,4.606917350000003,0.0079858560002321,,test,,1,9.0,5283.0,5283.0,5283.0,predictions/beijing_24h_3h_station1013_seed2047_center_gru_h40.npz,checkpoints/beijing_24h_3h_station1013_seed2047_center_gru_h40.pt,training_logs/beijing_24h_3h_station1013_seed2047_center_gru_h40.csv,0.1720597445964813,0.414800849319865,0.2161614894866943,30.91084098815918,16.10828971862793,24.58905601501465,False,,,30.44579696655273,16.024797439575195,1.5274490009814452,False,center_gru_h40,40.0,experiments/results/baseline_v2/reused/backbone_upgrade/experiments/results/trainable_matched/predictions/beijing_24h_3h_station1013_seed2047_center_gru_h40.npz
beijing_24h_3h_station1013_seed2048_center_gru_h40,beijing,24,3,1013,2048,gru,,center_gru_h40,,,,,completed,34.0,0.257150650024414,4.471674054999312,0.0076675749987771,,test,,1,9.0,5283.0,5283.0,5283.0,predictions/beijing_24h_3h_station1013_seed2048_center_gru_h40.npz,checkpoints/beijing_24h_3h_station1013_seed2048_center_gru_h40.pt,training_logs/beijing_24h_3h_station1013_seed2048_center_gru_h40.csv,0.1682394593954086,0.4101700371741074,0.2157541662454605,30.56575584411621,16.077938079833984,24.572980880737305,False,,,30.800689697265625,16.063575744628906,-0.7627551702852636,True,center_gru_h40,40.0,experiments/results/baseline_v2/reused/backbone_upgrade/experiments/results/trainable_matched/predictions/beijing_24h_3h_station1013_seed2048_center_gru_h40.npz
beijing_24h_3h_station1013_seed2049_center_gru_h40,beijing,24,3,1013,2049,gru,,center_gru_h40,,,,,completed,40.0,0.256320595741272,4.341419169999426,0.0077804689990443,,test,,1,9.0,5283.0,5283.0,5283.0,predictions/beijing_24h_3h_station1013_seed2049_center_gru_h40.npz,checkpoints/beijing_24h_3h_station1013_seed2049_center_gru_h40.pt,training_logs/beijing_24h_3h_station1013_seed2049_center_gru_h40.csv,0.1694120615720749,0.4115969649694648,0.2169305235147476,30.672088623046875,16.165599822998047,24.73538398742676,False,,,30.58614921569824,16.17045021057129,0.28097491692261883,False,center_gru_h40,40.0,experiments/results/baseline_v2/reused/backbone_upgrade/experiments/results/trainable_matched/predictions/beijing_24h_3h_station1013_seed2049_center_gru_h40.npz
beijing_24h_6h_station1013_seed2047_center_gru_h40,beijing,24,6,1013,2047,gru,,center_gru_h40,,,,,completed,32.0,0.4683124423027038,4.35166381199997,0.0078011069999774,,test,,1,9.0,5406.0,5406.0,5406.0,predictions/beijing_24h_6h_station1013_seed2047_center_gru_h40.npz,checkpoints/beijing_24h_6h_station1013_seed2047_center_gru_h40.pt,training_logs/beijing_24h_6h_station1013_seed2047_center_gru_h40.csv,0.2854404151439667,0.5342662399440626,0.3131520748138428,39.81027221679688,23.33418655395508,34.72513961791992,False,,,40.0059814453125,22.94923591613769,-0.48919991822510117,True,center_gru_h40,40.0,experiments/results/baseline_v2/reused/backbone_upgrade/experiments/results/trainable_matched/predictions/beijing_24h_6h_station1013_seed2047_center_gru_h40.npz
beijing_24h_6h_station1013_seed2048_center_gru_h40,beijing,24,6,1013,2048,gru,,center_gru_h40,,,,,completed,29.0,0.4692009091377258,4.297863795998637,0.0078934699995443,,test,,1,9.0,5406.0,5406.0,5406.0,predictions/beijing_24h_6h_station1013_seed2048_center_gru_h40.npz,checkpoints/beijing_24h_6h_station1013_seed2048_center_gru_h40.pt,training_logs/beijing_24h_6h_station1013_seed2048_center_gru_h40.csv,0.2827758193016052,0.5317666963073235,0.306304395198822,39.624019622802734,22.82394027709961,32.97209548950195,False,,,39.84638977050781,22.57869529724121,-0.5580684950024374,True,center_gru_h40,40.0,experiments/results/baseline_v2/reused/backbone_upgrade/experiments/results/trainable_matched/predictions/beijing_24h_6h_station1013_seed2048_center_gru_h40.npz
beijing_24h_6h_station1013_seed2049_center_gru_h40,beijing,24,6,1013,2049,gru,,center_gru_h40,,,,,completed,40.0,0.4695810377597809,4.650101392999204,0.007840145000955,,test,,1,9.0,5406.0,5406.0,5406.0,predictions/beijing_24h_6h_station1013_seed2049_center_gru_h40.npz,checkpoints/beijing_24h_6h_station1013_seed2049_center_gru_h40.pt,training_logs/beijing_24h_6h_station1013_seed2049_center_gru_h40.csv,0.2816721200942993,0.5307279153147112,0.3054825365543365,39.54661560058594,22.762699127197266,32.90990447998047,False,,,39.889404296875,22.915658950805664,-0.8593477449246268,True,center_gru_h40,40.0,experiments/results/baseline_v2/reused/backbone_upgrade/experiments/results/trainable_matched/predictions/beijing_24h_6h_station1013_seed2049_center_gru_h40.npz
beijing_24h_12h_station1013_seed2047_center_gru_h40,beijing,24,12,1013,2047,gru,,center_gru_h40,,,,,completed,27.0,0.7973254919052124,3.829144319999614,0.0077906179994897,,test,,1,9.0,5652.0,5652.0,5652.0,predictions/beijing_24h_12h_station1013_seed2047_center_gru_h40.npz,checkpoints/beijing_24h_12h_station1013_seed2047_center_gru_h40.pt,training_logs/beijing_24h_12h_station1013_seed2047_center_gru_h40.csv,0.4494591057300567,0.6704171132437303,0.4287204444408417,49.94783782958984,31.94079971313477,44.00969696044922,False,,,51.547157287597656,31.825634002685547,-3.1026336701454125,True,center_gru_h40,40.0,experiments/results/baseline_v2/reused/backbone_upgrade/experiments/results/trainable_matched/predictions/beijing_24h_12h_station1013_seed2047_center_gru_h40.npz
beijing_24h_12h_station1013_seed2048_center_gru_h40,beijing,24,12,1013,2048,gru,,center_gru_h40,,,,,completed,28.0,0.797641932964325,3.943986614000096,0.0081783790010376,,test,,1,9.0,5652.0,5652.0,5652.0,predictions/beijing_24h_12h_station1013_seed2048_center_gru_h40.npz,checkpoints/beijing_24h_12h_station1013_seed2048_center_gru_h40.pt,training_logs/beijing_24h_12h_station1013_seed2048_center_gru_h40.csv,0.448340892791748,0.6695826258138334,0.4262198805809021,49.88566589355469,31.754505157470703,43.76256561279297,False,,,51.48316192626953,31.6285343170166,-3.1029485621000945,True,center_gru_h40,40.0,experiments/results/baseline_v2/reused/backbone_upgrade/experiments/results/trainable_matched/predictions/beijing_24h_12h_station1013_seed2048_center_gru_h40.npz
beijing_24h_12h_station1013_seed2049_center_gru_h40,beijing,24,12,1013,2049,gru,,center_gru_h40,,,,,completed,22.0,0.806253969669342,3.194895018999887,0.0078252950006572,,test,,1,9.0,5652.0,5652.0,5652.0,predictions/beijing_24h_12h_station1013_seed2049_center_gru_h40.npz,checkpoints/beijing_24h_12h_station1013_seed2049_center_gru_h40.pt,training_logs/beijing_24h_12h_station1013_seed2049_center_gru_h40.csv,0.4489317238330841,0.6700236740840462,0.4360044002532959,49.91852569580078,32.48347473144531,45.52033615112305,False,,,51.83720016479492,32.26030349731445,-3.701346644677007,True,center_gru_h40,40.0,experiments/results/baseline_v2/reused/backbone_upgrade/experiments/results/trainable_matched/predictions/beijing_24h_12h_station1013_seed2049_center_gru_h40.npz
beijing_24h_24h_station1013_seed2047_center_gru_h40,beijing,24,24,1013,2047,gru,,center_gru_h40,,,,,completed,15.0,1.2109256982803345,2.461358706999817,0.0078612420002173,,test,,1,9.0,6144.0,6144.0,6144.0,predictions/beijing_24h_24h_station1013_seed2047_center_gru_h40.npz,checkpoints/beijing_24h_24h_station1013_seed2047_center_gru_h40.pt,training_logs/beijing_24h_24h_station1013_seed2047_center_gru_h40.csv,0.645706057548523,0.8035583722098371,0.560817301273346,59.84951400756836,41.77001190185547,55.38962936401367,False,,,64.3062973022461,43.40291213989258,-6.930554987065112,True,center_gru_h40,40.0,experiments/results/baseline_v2/reused/backbone_upgrade/experiments/results/trainable_matched/predictions/beijing_24h_24h_station1013_seed2047_center_gru_h40.npz
beijing_24h_24h_station1013_seed2048_center_gru_h40,beijing,24,24,1013,2048,gru,,center_gru_h40,,,,,completed,19.0,1.2083667516708374,2.88295560000006,0.0077514179993158,,test,,1,9.0,6144.0,6144.0,6144.0,predictions/beijing_24h_24h_station1013_seed2048_center_gru_h40.npz,checkpoints/beijing_24h_24h_station1013_seed2048_center_gru_h40.pt,training_logs/beijing_24h_24h_station1013_seed2048_center_gru_h40.csv,0.6422684788703918,0.8014165451688603,0.5543873906135559,59.68999099731445,41.29111099243164,54.55331039428711,False,,,64.8437271118164,43.64160919189453,-7.947933198865728,True,center_gru_h40,40.0,experiments/results/baseline_v2/reused/backbone_upgrade/experiments/results/trainable_matched/predictions/beijing_24h_24h_station1013_seed2048_center_gru_h40.npz
beijing_24h_24h_station1013_seed2049_center_gru_h40,beijing,24,24,1013,2049,gru,,center_gru_h40,,,,,completed,15.0,1.2038190364837646,2.505293840999002,0.0078376799992838,,test,,1,9.0,6144.0,6144.0,6144.0,predictions/beijing_24h_24h_station1013_seed2049_center_gru_h40.npz,checkpoints/beijing_24h_24h_station1013_seed2049_center_gru_h40.pt,training_logs/beijing_24h_24h_station1013_seed2049_center_gru_h40.csv,0.6475045680999756,0.8046766854457607,0.5597187280654907,59.93280792236328,41.68819427490234,55.10124588012695,False,,,65.344482421875,44.265323638916016,-8.281761977351103,True,center_gru_h40,40.0,experiments/results/baseline_v2/reused/backbone_upgrade/experiments/results/trainable_matched/predictions/beijing_24h_24h_station1013_seed2049_center_gru_h40.npz
beijing_48h_1h_station1013_seed2047_center_gru_h40,beijing,48,1,1013,2047,gru,,center_gru_h40,,,,,completed,29.0,0.0994463115930557,6.730644788000063,0.0139422840002225,,test,,1,9.0,5201.0,5201.0,5201.0,predictions/beijing_48h_1h_station1013_seed2047_center_gru_h40.npz,checkpoints/beijing_48h_1h_station1013_seed2047_center_gru_h40.pt,training_logs/beijing_48h_1h_station1013_seed2047_center_gru_h40.csv,0.0801688358187675,0.283141017549149,0.1332187503576278,21.08851623535156,9.922213554382324,16.344812393188477,False,,,20.97980499267578,10.450782775878906,0.5181708920255916,False,center_gru_h40,40.0,experiments/results/baseline_v2/reused/backbone_upgrade/experiments/results/trainable_matched/predictions/beijing_48h_1h_station1013_seed2047_center_gru_h40.npz
beijing_48h_1h_station1013_seed2048_center_gru_h40,beijing,48,1,1013,2048,gru,,center_gru_h40,,,,,completed,38.0,0.0980364382266998,7.281759569999849,0.0139765269996132,,test,,1,9.0,5201.0,5201.0,5201.0,predictions/beijing_48h_1h_station1013_seed2048_center_gru_h40.npz,checkpoints/beijing_48h_1h_station1013_seed2048_center_gru_h40.pt,training_logs/beijing_48h_1h_station1013_seed2048_center_gru_h40.csv,0.07772958278656,0.2788002560733402,0.1336558163166046,20.765213012695312,9.95476531982422,16.814420700073242,False,,,20.553361892700195,10.137685775756836,1.0307370692011169,False,center_gru_h40,40.0,experiments/results/baseline_v2/reused/backbone_upgrade/experiments/results/trainable_matched/predictions/beijing_48h_1h_station1013_seed2048_center_gru_h40.npz
beijing_48h_1h_station1013_seed2049_center_gru_h40,beijing,48,1,1013,2049,gru,,center_gru_h40,,,,,completed,40.0,0.0984057784080505,7.2884210480006,0.0138435849985398,,test,,1,9.0,5201.0,5201.0,5201.0,predictions/beijing_48h_1h_station1013_seed2049_center_gru_h40.npz,checkpoints/beijing_48h_1h_station1013_seed2049_center_gru_h40.pt,training_logs/beijing_48h_1h_station1013_seed2049_center_gru_h40.csv,0.0783929154276847,0.279987348692195,0.1320305466651916,20.853628158569336,9.833714485168455,16.246826171875,False,,,20.929391860961918,10.169209480285645,-0.36199667384458617,True,center_gru_h40,40.0,experiments/results/baseline_v2/reused/backbone_upgrade/experiments/results/trainable_matched/predictions/beijing_48h_1h_station1013_seed2049_center_gru_h40.npz
beijing_48h_3h_station1013_seed2047_center_gru_h40,beijing,48,3,1013,2047,gru,,center_gru_h40,,,,,completed,39.0,0.2581291794776916,7.32936662999964,0.0140383640009531,,test,,1,9.0,5283.0,5283.0,5283.0,predictions/beijing_48h_3h_station1013_seed2047_center_gru_h40.npz,checkpoints/beijing_48h_3h_station1013_seed2047_center_gru_h40.pt,training_logs/beijing_48h_3h_station1013_seed2047_center_gru_h40.csv,0.1732798218727111,0.416268929746998,0.2175821661949157,31.0015811920166,16.204408645629883,24.941999435424805,False,,,31.18783187866211,16.69637680053711,-0.5971902355063534,True,center_gru_h40,40.0,experiments/results/baseline_v2/reused/backbone_upgrade/experiments/results/trainable_matched/predictions/beijing_48h_3h_station1013_seed2047_center_gru_h40.npz
beijing_48h_3h_station1013_seed2048_center_gru_h40,beijing,48,3,1013,2048,gru,,center_gru_h40,,,,,completed,38.0,0.2578803300857544,7.349165860001449,0.0138285440007166,,test,,1,9.0,5283.0,5283.0,5283.0,predictions/beijing_48h_3h_station1013_seed2048_center_gru_h40.npz,checkpoints/beijing_48h_3h_station1013_seed2048_center_gru_h40.pt,training_logs/beijing_48h_3h_station1013_seed2048_center_gru_h40.csv,0.1692105829715728,0.4113521398650709,0.2169121950864792,30.63540267944336,16.154510498046875,24.84251594543457,False,,,31.051353454589844,16.6970157623291,-1.3395576323421121,True,center_gru_h40,40.0,experiments/results/baseline_v2/reused/backbone_upgrade/experiments/results/trainable_matched/predictions/beijing_48h_3h_station1013_seed2048_center_gru_h40.npz
beijing_48h_3h_station1013_seed2049_center_gru_h40,beijing,48,3,1013,2049,gru,,center_gru_h40,,,,,completed,37.0,0.2579156756401062,7.426965399999972,0.0138611040001705,,test,,1,9.0,5283.0,5283.0,5283.0,predictions/beijing_48h_3h_station1013_seed2049_center_gru_h40.npz,checkpoints/beijing_48h_3h_station1013_seed2049_center_gru_h40.pt,training_logs/beijing_48h_3h_station1013_seed2049_center_gru_h40.csv,0.1704408377408981,0.412844810722986,0.2166592329740524,30.74656867980957,16.135671615600586,24.4832763671875,False,,,31.17669677734375,16.931669235229492,-1.379646152400455,True,center_gru_h40,40.0,experiments/results/baseline_v2/reused/backbone_upgrade/experiments/results/trainable_matched/predictions/beijing_48h_3h_station1013_seed2049_center_gru_h40.npz
beijing_48h_6h_station1013_seed2047_center_gru_h40,beijing,48,6,1013,2047,gru,,center_gru_h40,,,,,completed,34.0,0.4668299555778503,7.339329928001462,0.0139606960001401,,test,,1,9.0,5406.0,5406.0,5406.0,predictions/beijing_48h_6h_station1013_seed2047_center_gru_h40.npz,checkpoints/beijing_48h_6h_station1013_seed2047_center_gru_h40.pt,training_logs/beijing_48h_6h_station1013_seed2047_center_gru_h40.csv,0.2851844131946563,0.5340266034521655,0.3054743707180023,39.77156829833984,22.750167846679688,32.887786865234375,False,,,41.811302185058594,24.404136657714844,-4.878427076226443,True,center_gru_h40,40.0,experiments/results/baseline_v2/reused/backbone_upgrade/experiments/results/trainable_matched/predictions/beijing_48h_6h_station1013_seed2047_center_gru_h40.npz
beijing_48h_6h_station1013_seed2048_center_gru_h40,beijing,48,6,1013,2048,gru,,center_gru_h40,,,,,completed,29.0,0.4669502973556518,6.747238646999904,0.01392078400022,,test,,1,9.0,5406.0,5406.0,5406.0,predictions/beijing_48h_6h_station1013_seed2048_center_gru_h40.npz,checkpoints/beijing_48h_6h_station1013_seed2048_center_gru_h40.pt,training_logs/beijing_48h_6h_station1013_seed2048_center_gru_h40.csv,0.2837309241294861,0.5326639880163536,0.3061566948890686,39.67008972167969,22.80098342895508,32.886253356933594,False,,,41.650672912597656,23.962068557739254,-4.755224951765237,True,center_gru_h40,40.0,experiments/results/baseline_v2/reused/backbone_upgrade/experiments/results/trainable_matched/predictions/beijing_48h_6h_station1013_seed2048_center_gru_h40.npz
beijing_48h_6h_station1013_seed2049_center_gru_h40,beijing,48,6,1013,2049,gru,,center_gru_h40,,,,,completed,27.0,0.4682855308055877,6.3871491179997975,0.0138857069996447,,test,,1,9.0,5406.0,5406.0,5406.0,predictions/beijing_48h_6h_station1013_seed2049_center_gru_h40.npz,checkpoints/beijing_48h_6h_station1013_seed2049_center_gru_h40.pt,training_logs/beijing_48h_6h_station1013_seed2049_center_gru_h40.csv,0.281945526599884,0.5309854297434949,0.3095276951789856,39.54507827758789,23.052040100097656,33.993003845214844,False,,,42.05476379394531,24.104082107543945,-5.967660473981178,True,center_gru_h40,40.0,experiments/results/baseline_v2/reused/backbone_upgrade/experiments/results/trainable_matched/predictions/beijing_48h_6h_station1013_seed2049_center_gru_h40.npz
beijing_48h_12h_station1013_seed2047_center_gru_h40,beijing,48,12,1013,2047,gru,,center_gru_h40,,,,,completed,38.0,0.8053001761436462,7.299686983000356,0.013950966998891,,test,,1,9.0,5652.0,5652.0,5652.0,predictions/beijing_48h_12h_station1013_seed2047_center_gru_h40.npz,checkpoints/beijing_48h_12h_station1013_seed2047_center_gru_h40.pt,training_logs/beijing_48h_12h_station1013_seed2047_center_gru_h40.csv,0.4480909407138824,0.6693959521194331,0.4279011189937591,49.84501647949219,31.8626651763916,43.88174819946289,False,,,57.32188415527344,35.63805389404297,-13.043653023560639,True,center_gru_h40,40.0,experiments/results/baseline_v2/reused/backbone_upgrade/experiments/results/trainable_matched/predictions/beijing_48h_12h_station1013_seed2047_center_gru_h40.npz
beijing_48h_12h_station1013_seed2048_center_gru_h40,beijing,48,12,1013,2048,gru,,center_gru_h40,,,,,completed,26.0,0.7969329953193665,6.1957962610013055,0.0139241239994589,,test,,1,9.0,5652.0,5652.0,5652.0,predictions/beijing_48h_12h_station1013_seed2048_center_gru_h40.npz,checkpoints/beijing_48h_12h_station1013_seed2048_center_gru_h40.pt,training_logs/beijing_48h_12h_station1013_seed2048_center_gru_h40.csv,0.4499551951885223,0.6707869968839008,0.424576848745346,49.9485969543457,31.61513328552246,43.2121696472168,False,,,52.859134674072266,33.03700637817383,-5.506215222161401,True,center_gru_h40,40.0,experiments/results/baseline_v2/reused/backbone_upgrade/experiments/results/trainable_matched/predictions/beijing_48h_12h_station1013_seed2048_center_gru_h40.npz
beijing_48h_12h_station1013_seed2049_center_gru_h40,beijing,48,12,1013,2049,gru,,center_gru_h40,,,,,completed,29.0,0.7944411039352417,6.74405973499961,0.0138513370002328,,test,,1,9.0,5652.0,5652.0,5652.0,predictions/beijing_48h_12h_station1013_seed2049_center_gru_h40.npz,checkpoints/beijing_48h_12h_station1013_seed2049_center_gru_h40.pt,training_logs/beijing_48h_12h_station1013_seed2049_center_gru_h40.csv,0.4498618543148041,0.6707174176318996,0.4255542159080505,49.94342422485352,31.68791007995605,43.526397705078125,False,,,55.133583068847656,34.52684020996094,-9.413788393750794,True,center_gru_h40,40.0,experiments/results/baseline_v2/reused/backbone_upgrade/experiments/results/trainable_matched/predictions/beijing_48h_12h_station1013_seed2049_center_gru_h40.npz
beijing_48h_24h_station1013_seed2047_center_gru_h40,beijing,48,24,1013,2047,gru,,center_gru_h40,,,,,completed,23.0,1.218306303024292,5.667252905999703,0.0139310589984233,,test,,1,9.0,6144.0,6144.0,6144.0,predictions/beijing_48h_24h_station1013_seed2047_center_gru_h40.npz,checkpoints/beijing_48h_24h_station1013_seed2047_center_gru_h40.pt,training_logs/beijing_48h_24h_station1013_seed2047_center_gru_h40.csv,0.6406967043876648,0.8004353218016211,0.5543588995933533,59.58396911621094,41.26617431640625,54.51548767089844,False,,,69.85392761230469,46.93188095092773,-14.702048756789889,True,center_gru_h40,40.0,experiments/results/baseline_v2/reused/backbone_upgrade/experiments/results/trainable_matched/predictions/beijing_48h_24h_station1013_seed2047_center_gru_h40.npz
beijing_48h_24h_station1013_seed2048_center_gru_h40,beijing,48,24,1013,2048,gru,,center_gru_h40,,,,,completed,25.0,1.2143495082855225,6.027463696998893,0.0139314610005385,,test,,1,9.0,6144.0,6144.0,6144.0,predictions/beijing_48h_24h_station1013_seed2048_center_gru_h40.npz,checkpoints/beijing_48h_24h_station1013_seed2048_center_gru_h40.pt,training_logs/beijing_48h_24h_station1013_seed2048_center_gru_h40.csv,0.6371524333953857,0.7982182868084304,0.5541678667068481,59.4189338684082,41.251949310302734,54.67145919799805,False,,,68.12368774414062,45.795066833496094,-12.777866501334735,True,center_gru_h40,40.0,experiments/results/baseline_v2/reused/backbone_upgrade/experiments/results/trainable_matched/predictions/beijing_48h_24h_station1013_seed2048_center_gru_h40.npz
beijing_48h_24h_station1013_seed2049_center_gru_h40,beijing,48,24,1013,2049,gru,,center_gru_h40,,,,,completed,15.0,1.2168097496032717,4.279057968000416,0.0138764700004685,,test,,1,9.0,6144.0,6144.0,6144.0,predictions/beijing_48h_24h_station1013_seed2049_center_gru_h40.npz,checkpoints/beijing_48h_24h_station1013_seed2049_center_gru_h40.pt,training_logs/beijing_48h_24h_station1013_seed2049_center_gru_h40.csv,0.644849956035614,0.8030255014852355,0.5591703057289124,59.77677917480469,41.62432861328125,55.04497909545898,False,,,70.52690887451172,47.815460205078125,-15.242593034716295,True,center_gru_h40,40.0,experiments/results/baseline_v2/reused/backbone_upgrade/experiments/results/trainable_matched/predictions/beijing_48h_24h_station1013_seed2049_center_gru_h40.npz
beijing_72h_1h_station1013_seed2047_center_gru_h40,beijing,72,1,1013,2047,gru,,center_gru_h40,,,,,completed,30.0,0.1142736822366714,7.692460143000062,0.0147695420000673,,test,,1,9.0,5201.0,5201.0,5201.0,predictions/beijing_72h_1h_station1013_seed2047_center_gru_h40.npz,checkpoints/beijing_72h_1h_station1013_seed2047_center_gru_h40.pt,training_logs/beijing_72h_1h_station1013_seed2047_center_gru_h40.csv,0.0853381231427192,0.292126895616818,0.1449753046035766,21.74576568603516,10.791882514953612,16.473960876464844,False,,,21.06454849243164,10.74881076812744,3.2339510806427976,False,center_gru_h40,40.0,experiments/results/baseline_v2/reused/backbone_upgrade/experiments/results/trainable_matched/predictions/beijing_72h_1h_station1013_seed2047_center_gru_h40.npz
beijing_72h_1h_station1013_seed2048_center_gru_h40,beijing,72,1,1013,2048,gru,,center_gru_h40,,,,,completed,30.0,0.1139851287007331,7.417807505999008,0.0149742190005781,,test,,1,9.0,5201.0,5201.0,5201.0,predictions/beijing_72h_1h_station1013_seed2048_center_gru_h40.npz,checkpoints/beijing_72h_1h_station1013_seed2048_center_gru_h40.pt,training_logs/beijing_72h_1h_station1013_seed2048_center_gru_h40.csv,0.0815591067075729,0.2855855505931155,0.14296455681324,21.25883102416992,10.642202377319336,16.691669464111328,False,,,20.968732833862305,10.600374221801758,1.3834798345045223,False,center_gru_h40,40.0,experiments/results/baseline_v2/reused/backbone_upgrade/experiments/results/trainable_matched/predictions/beijing_72h_1h_station1013_seed2048_center_gru_h40.npz
beijing_72h_1h_station1013_seed2049_center_gru_h40,beijing,72,1,1013,2049,gru,,center_gru_h40,,,,,completed,30.0,0.1178630292415618,7.414531181999337,0.0146351069997763,,test,,1,9.0,5201.0,5201.0,5201.0,predictions/beijing_72h_1h_station1013_seed2049_center_gru_h40.npz,checkpoints/beijing_72h_1h_station1013_seed2049_center_gru_h40.pt,training_logs/beijing_72h_1h_station1013_seed2049_center_gru_h40.csv,0.0841956287622451,0.2901648303331146,0.1458348929882049,21.59971046447754,10.855868339538574,16.827167510986328,False,,,21.28269386291504,10.951455116271973,1.489551104782367,False,center_gru_h40,40.0,experiments/results/baseline_v2/reused/backbone_upgrade/experiments/results/trainable_matched/predictions/beijing_72h_1h_station1013_seed2049_center_gru_h40.npz
beijing_72h_3h_station1013_seed2047_center_gru_h40,beijing,72,3,1013,2047,gru,,center_gru_h40,,,,,completed,30.0,0.281818687915802,7.428753958000016,0.0146645620006893,,test,,1,9.0,5283.0,5283.0,5283.0,predictions/beijing_72h_3h_station1013_seed2047_center_gru_h40.npz,checkpoints/beijing_72h_3h_station1013_seed2047_center_gru_h40.pt,training_logs/beijing_72h_3h_station1013_seed2047_center_gru_h40.csv,0.1786942780017852,0.4227224597792093,0.231371521949768,31.46511650085449,17.222013473510742,25.546281814575195,False,,,31.00885581970215,17.128154754638672,1.4713883150194955,False,center_gru_h40,40.0,experiments/results/baseline_v2/reused/backbone_upgrade/experiments/results/trainable_matched/predictions/beijing_72h_3h_station1013_seed2047_center_gru_h40.npz
beijing_72h_3h_station1013_seed2048_center_gru_h40,beijing,72,3,1013,2048,gru,,center_gru_h40,,,,,completed,30.0,0.2873972058296203,7.435484719000669,0.0145533670001896,,test,,1,9.0,5283.0,5283.0,5283.0,predictions/beijing_72h_3h_station1013_seed2048_center_gru_h40.npz,checkpoints/beijing_72h_3h_station1013_seed2048_center_gru_h40.pt,training_logs/beijing_72h_3h_station1013_seed2048_center_gru_h40.csv,0.1814083755016327,0.4259206211274968,0.2367483675479889,31.703168869018555,17.622236251831055,27.080968856811523,False,,,31.21354103088379,16.76036262512207,1.5686391930038006,False,center_gru_h40,40.0,experiments/results/baseline_v2/reused/backbone_upgrade/experiments/results/trainable_matched/predictions/beijing_72h_3h_station1013_seed2048_center_gru_h40.npz
beijing_72h_3h_station1013_seed2049_center_gru_h40,beijing,72,3,1013,2049,gru,,center_gru_h40,,,,,completed,30.0,0.2866171002388,7.427967605999584,0.0147927310008526,,test,,1,9.0,5283.0,5283.0,5283.0,predictions/beijing_72h_3h_station1013_seed2049_center_gru_h40.npz,checkpoints/beijing_72h_3h_station1013_seed2049_center_gru_h40.pt,training_logs/beijing_72h_3h_station1013_seed2049_center_gru_h40.csv,0.1803089529275894,0.4246280171250943,0.23191699385643,31.60695457458496,17.26261329650879,25.65533447265625,False,,,31.59510612487793,17.138343811035156,0.03750090175421757,False,center_gru_h40,40.0,experiments/results/baseline_v2/reused/backbone_upgrade/experiments/results/trainable_matched/predictions/beijing_72h_3h_station1013_seed2049_center_gru_h40.npz
beijing_72h_6h_station1013_seed2047_center_gru_h40,beijing,72,6,1013,2047,gru,,center_gru_h40,,,,,completed,30.0,0.4960151016712188,7.42209671099954,0.0147105340001871,,test,,1,9.0,5406.0,5406.0,5406.0,predictions/beijing_72h_6h_station1013_seed2047_center_gru_h40.npz,checkpoints/beijing_72h_6h_station1013_seed2047_center_gru_h40.pt,training_logs/beijing_72h_6h_station1013_seed2047_center_gru_h40.csv,0.2916074097156524,0.5400068608042424,0.3190485537052154,40.19245147705078,23.74662971496582,33.659725189208984,False,,,41.74861526489258,24.63315200805664,-3.7274620438738544,True,center_gru_h40,40.0,experiments/results/baseline_v2/reused/backbone_upgrade/experiments/results/trainable_matched/predictions/beijing_72h_6h_station1013_seed2047_center_gru_h40.npz
beijing_72h_6h_station1013_seed2048_center_gru_h40,beijing,72,6,1013,2048,gru,,center_gru_h40,,,,,completed,30.0,0.4870074391365051,7.412011802998677,0.0145917579993692,,test,,1,9.0,5406.0,5406.0,5406.0,predictions/beijing_72h_6h_station1013_seed2048_center_gru_h40.npz,checkpoints/beijing_72h_6h_station1013_seed2048_center_gru_h40.pt,training_logs/beijing_72h_6h_station1013_seed2048_center_gru_h40.csv,0.2896813154220581,0.5382205081767677,0.3162232041358948,40.05949401855469,23.536340713500977,33.60896682739258,False,,,41.156280517578125,24.216215133666992,-2.6649310511794004,True,center_gru_h40,40.0,experiments/results/baseline_v2/reused/backbone_upgrade/experiments/results/trainable_matched/predictions/beijing_72h_6h_station1013_seed2048_center_gru_h40.npz
beijing_72h_6h_station1013_seed2049_center_gru_h40,beijing,72,6,1013,2049,gru,,center_gru_h40,,,,,completed,30.0,0.4890689551830292,7.419478371000878,0.014712281001266,,test,,1,9.0,5406.0,5406.0,5406.0,predictions/beijing_72h_6h_station1013_seed2049_center_gru_h40.npz,checkpoints/beijing_72h_6h_station1013_seed2049_center_gru_h40.pt,training_logs/beijing_72h_6h_station1013_seed2049_center_gru_h40.csv,0.2881005406379699,0.536749979634811,0.3166952133178711,39.95004653930664,23.571475982666016,33.858577728271484,False,,,41.276737213134766,24.22653007507324,-3.2141364928571816,True,center_gru_h40,40.0,experiments/results/baseline_v2/reused/backbone_upgrade/experiments/results/trainable_matched/predictions/beijing_72h_6h_station1013_seed2049_center_gru_h40.npz
beijing_72h_12h_station1013_seed2047_center_gru_h40,beijing,72,12,1013,2047,gru,,center_gru_h40,,,,,completed,29.0,0.8195986151695251,7.420571922000818,0.0147282620000623,,test,,1,9.0,5652.0,5652.0,5652.0,predictions/beijing_72h_12h_station1013_seed2047_center_gru_h40.npz,checkpoints/beijing_72h_12h_station1013_seed2047_center_gru_h40.pt,training_logs/beijing_72h_12h_station1013_seed2047_center_gru_h40.csv,0.454385370016098,0.6740811301439152,0.4364781975746155,50.170021057128906,32.48588180541992,44.82484817504883,False,,,56.09211349487305,35.244869232177734,-10.557798714939551,True,center_gru_h40,40.0,experiments/results/baseline_v2/reused/backbone_upgrade/experiments/results/trainable_matched/predictions/beijing_72h_12h_station1013_seed2047_center_gru_h40.npz
beijing_72h_12h_station1013_seed2048_center_gru_h40,beijing,72,12,1013,2048,gru,,center_gru_h40,,,,,completed,30.0,0.8176373839378357,7.405786794999585,0.014584205000574,,test,,1,9.0,5652.0,5652.0,5652.0,predictions/beijing_72h_12h_station1013_seed2048_center_gru_h40.npz,checkpoints/beijing_72h_12h_station1013_seed2048_center_gru_h40.pt,training_logs/beijing_72h_12h_station1013_seed2048_center_gru_h40.csv,0.4554443359375,0.6748661614998192,0.4349552392959595,50.22845458984375,32.372535705566406,44.54255676269531,False,,,55.03749084472656,34.67401123046875,-8.737746181871211,True,center_gru_h40,40.0,experiments/results/baseline_v2/reused/backbone_upgrade/experiments/results/trainable_matched/predictions/beijing_72h_12h_station1013_seed2048_center_gru_h40.npz
beijing_72h_12h_station1013_seed2049_center_gru_h40,beijing,72,12,1013,2049,gru,,center_gru_h40,,,,,completed,29.0,0.8186365365982056,7.40986917599912,0.0146278470001561,,test,,1,9.0,5652.0,5652.0,5652.0,predictions/beijing_72h_12h_station1013_seed2049_center_gru_h40.npz,checkpoints/beijing_72h_12h_station1013_seed2049_center_gru_h40.pt,training_logs/beijing_72h_12h_station1013_seed2049_center_gru_h40.csv,0.4566328823566437,0.6757461671046634,0.4366205632686615,50.2939453125,32.49647903442383,44.79341506958008,False,,,54.70387268066406,35.244651794433594,-8.061453699827032,True,center_gru_h40,40.0,experiments/results/baseline_v2/reused/backbone_upgrade/experiments/results/trainable_matched/predictions/beijing_72h_12h_station1013_seed2049_center_gru_h40.npz
beijing_72h_24h_station1013_seed2047_center_gru_h40,beijing,72,24,1013,2047,gru,,center_gru_h40,,,,,completed,27.0,1.2241692543029783,7.405309472000226,0.0146865079987037,,test,,1,9.0,6144.0,6144.0,6144.0,predictions/beijing_72h_24h_station1013_seed2047_center_gru_h40.npz,checkpoints/beijing_72h_24h_station1013_seed2047_center_gru_h40.pt,training_logs/beijing_72h_24h_station1013_seed2047_center_gru_h40.csv,0.646335244178772,0.8039497771495256,0.5578894019126892,59.82258605957031,41.51301956176758,54.88652038574219,False,,,65.6296157836914,44.675662994384766,-8.848184854929638,True,center_gru_h40,40.0,experiments/results/baseline_v2/reused/backbone_upgrade/experiments/results/trainable_matched/predictions/beijing_72h_24h_station1013_seed2047_center_gru_h40.npz
beijing_72h_24h_station1013_seed2048_center_gru_h40,beijing,72,24,1013,2048,gru,,center_gru_h40,,,,,completed,21.0,1.2288262844085691,6.670284888999959,0.0146571499990386,,test,,1,9.0,6144.0,6144.0,6144.0,predictions/beijing_72h_24h_station1013_seed2048_center_gru_h40.npz,checkpoints/beijing_72h_24h_station1013_seed2048_center_gru_h40.pt,training_logs/beijing_72h_24h_station1013_seed2048_center_gru_h40.csv,0.6487154364585876,0.8054287283544012,0.563652515411377,59.93263626098633,41.94186401367188,55.45351028442383,False,,,64.7675552368164,43.77329254150391,-7.465032388750288,True,center_gru_h40,40.0,experiments/results/baseline_v2/reused/backbone_upgrade/experiments/results/trainable_matched/predictions/beijing_72h_24h_station1013_seed2048_center_gru_h40.npz
beijing_72h_24h_station1013_seed2049_center_gru_h40,beijing,72,24,1013,2049,gru,,center_gru_h40,,,,,completed,30.0,1.2255253791809082,7.420184350999989,0.0146810059995914,,test,,1,9.0,6144.0,6144.0,6144.0,predictions/beijing_72h_24h_station1013_seed2049_center_gru_h40.npz,checkpoints/beijing_72h_24h_station1013_seed2049_center_gru_h40.pt,training_logs/beijing_72h_24h_station1013_seed2049_center_gru_h40.csv,0.6429570317268372,0.8018460149722246,0.5565856099128723,59.666046142578125,41.416011810302734,54.68903350830078,False,,,68.50748443603516,46.28374862670898,-12.905799076175692,True,center_gru_h40,40.0,experiments/results/baseline_v2/reused/backbone_upgrade/experiments/results/trainable_matched/predictions/beijing_72h_24h_station1013_seed2049_center_gru_h40.npz
beijing_168h_1h_station1013_seed2047_center_gru_h40,beijing,168,1,1013,2047,gru,,center_gru_h40,,,,,completed,30.0,0.1091265529394149,17.00412385400159,0.036552045999997,,test,,1,9.0,5201.0,5201.0,5201.0,predictions/beijing_168h_1h_station1013_seed2047_center_gru_h40.npz,checkpoints/beijing_168h_1h_station1013_seed2047_center_gru_h40.pt,training_logs/beijing_168h_1h_station1013_seed2047_center_gru_h40.csv,0.0852447897195816,0.2919671038312049,0.1441470086574554,21.70241928100586,10.714695930480955,17.518972396850586,False,,,21.871671676635746,11.994721412658691,-0.7738429788642494,True,center_gru_h40,40.0,experiments/results/baseline_v2/reused/backbone_upgrade/experiments/results/trainable_matched/predictions/beijing_168h_1h_station1013_seed2047_center_gru_h40.npz
beijing_168h_1h_station1013_seed2048_center_gru_h40,beijing,168,1,1013,2048,gru,,center_gru_h40,,,,,completed,30.0,0.1094215959310531,17.02237041999979,0.0368487519990594,,test,,1,9.0,5201.0,5201.0,5201.0,predictions/beijing_168h_1h_station1013_seed2048_center_gru_h40.npz,checkpoints/beijing_168h_1h_station1013_seed2048_center_gru_h40.pt,training_logs/beijing_168h_1h_station1013_seed2048_center_gru_h40.csv,0.0818110406398773,0.286026293616299,0.1434078067541122,21.26082801818848,10.659749031066896,17.138086318969727,False,,,21.76912498474121,11.43486213684082,-2.3349444082342083,True,center_gru_h40,40.0,experiments/results/baseline_v2/reused/backbone_upgrade/experiments/results/trainable_matched/predictions/beijing_168h_1h_station1013_seed2048_center_gru_h40.npz
beijing_168h_1h_station1013_seed2049_center_gru_h40,beijing,168,1,1013,2049,gru,,center_gru_h40,,,,,completed,30.0,0.1127309799194336,17.015193201999864,0.0366461200010235,,test,,1,9.0,5201.0,5201.0,5201.0,predictions/beijing_168h_1h_station1013_seed2049_center_gru_h40.npz,checkpoints/beijing_168h_1h_station1013_seed2049_center_gru_h40.pt,training_logs/beijing_168h_1h_station1013_seed2049_center_gru_h40.csv,0.0843691751360893,0.2904637243032067,0.1460215896368026,21.59066772460937,10.854036331176758,17.18642234802246,False,,,22.61062812805176,12.07103443145752,-4.5109777475707595,True,center_gru_h40,40.0,experiments/results/baseline_v2/reused/backbone_upgrade/experiments/results/trainable_matched/predictions/beijing_168h_1h_station1013_seed2049_center_gru_h40.npz
beijing_168h_3h_station1013_seed2047_center_gru_h40,beijing,168,3,1013,2047,gru,,center_gru_h40,,,,,completed,30.0,0.2735652923583984,17.033763112000088,0.0364623499990557,,test,,1,9.0,5283.0,5283.0,5283.0,predictions/beijing_168h_3h_station1013_seed2047_center_gru_h40.npz,checkpoints/beijing_168h_3h_station1013_seed2047_center_gru_h40.pt,training_logs/beijing_168h_3h_station1013_seed2047_center_gru_h40.csv,0.1803440451622009,0.4246693362631695,0.2344434857368469,31.565940856933597,17.426332473754883,27.11725234985352,False,,,31.7686710357666,18.36850929260254,-0.6381449781288033,True,center_gru_h40,40.0,experiments/results/baseline_v2/reused/backbone_upgrade/experiments/results/trainable_matched/predictions/beijing_168h_3h_station1013_seed2047_center_gru_h40.npz
beijing_168h_3h_station1013_seed2048_center_gru_h40,beijing,168,3,1013,2048,gru,,center_gru_h40,,,,,completed,30.0,0.2818987667560577,17.064527735999945,0.0369033670012868,,test,,1,9.0,5283.0,5283.0,5283.0,predictions/beijing_168h_3h_station1013_seed2048_center_gru_h40.npz,checkpoints/beijing_168h_3h_station1013_seed2048_center_gru_h40.pt,training_logs/beijing_168h_3h_station1013_seed2048_center_gru_h40.csv,0.1833057999610901,0.428142266029751,0.2374679744243621,31.824085235595703,17.65114402770996,26.86273956298828,False,,,31.73417854309082,18.07464408874512,0.28331186321020224,False,center_gru_h40,40.0,experiments/results/baseline_v2/reused/backbone_upgrade/experiments/results/trainable_matched/predictions/beijing_168h_3h_station1013_seed2048_center_gru_h40.npz
beijing_168h_3h_station1013_seed2049_center_gru_h40,beijing,168,3,1013,2049,gru,,center_gru_h40,,,,,completed,30.0,0.2811859548091888,17.032724343000154,0.0363442190009664,,test,,1,9.0,5283.0,5283.0,5283.0,predictions/beijing_168h_3h_station1013_seed2049_center_gru_h40.npz,checkpoints/beijing_168h_3h_station1013_seed2049_center_gru_h40.pt,training_logs/beijing_168h_3h_station1013_seed2049_center_gru_h40.csv,0.1823661923408508,0.4270435485297147,0.2375768572092056,31.74241828918457,17.659238815307617,27.38117790222168,False,,,32.07843780517578,18.52771759033203,-1.04749339114324,True,center_gru_h40,40.0,experiments/results/baseline_v2/reused/backbone_upgrade/experiments/results/trainable_matched/predictions/beijing_168h_3h_station1013_seed2049_center_gru_h40.npz
beijing_168h_6h_station1013_seed2047_center_gru_h40,beijing,168,6,1013,2047,gru,,center_gru_h40,,,,,completed,29.0,0.4899473190307617,17.04365864600004,0.0370198519995028,,test,,1,9.0,5406.0,5406.0,5406.0,predictions/beijing_168h_6h_station1013_seed2047_center_gru_h40.npz,checkpoints/beijing_168h_6h_station1013_seed2047_center_gru_h40.pt,training_logs/beijing_168h_6h_station1013_seed2047_center_gru_h40.csv,0.2953182458877563,0.5434319146753863,0.323909044265747,40.39363861083984,24.076366424560547,34.881229400634766,False,,,42.01683807373047,25.93600273132324,-3.8632118391257046,True,center_gru_h40,40.0,experiments/results/baseline_v2/reused/backbone_upgrade/experiments/results/trainable_matched/predictions/beijing_168h_6h_station1013_seed2047_center_gru_h40.npz
beijing_168h_6h_station1013_seed2048_center_gru_h40,beijing,168,6,1013,2048,gru,,center_gru_h40,,,,,completed,29.0,0.4843028485774994,17.016846812999574,0.0361524309992091,,test,,1,9.0,5406.0,5406.0,5406.0,predictions/beijing_168h_6h_station1013_seed2048_center_gru_h40.npz,checkpoints/beijing_168h_6h_station1013_seed2048_center_gru_h40.pt,training_logs/beijing_168h_6h_station1013_seed2048_center_gru_h40.csv,0.2940616607666015,0.5422745252790339,0.3205925524234772,40.30760955810547,23.82984733581543,34.12278747558594,False,,,42.51594543457031,26.329206466674805,-5.1941356446214995,True,center_gru_h40,40.0,experiments/results/baseline_v2/reused/backbone_upgrade/experiments/results/trainable_matched/predictions/beijing_168h_6h_station1013_seed2048_center_gru_h40.npz
beijing_168h_6h_station1013_seed2049_center_gru_h40,beijing,168,6,1013,2049,gru,,center_gru_h40,,,,,completed,29.0,0.4836374521255493,17.041558648999853,0.0369311710001056,,test,,1,9.0,5406.0,5406.0,5406.0,predictions/beijing_168h_6h_station1013_seed2049_center_gru_h40.npz,checkpoints/beijing_168h_6h_station1013_seed2049_center_gru_h40.pt,training_logs/beijing_168h_6h_station1013_seed2049_center_gru_h40.csv,0.2922369837760925,0.5405894780478923,0.3224713504314422,40.1823616027832,23.96949958801269,35.08779525756836,False,,,42.00048828125,26.010665893554688,-4.3288227181836145,True,center_gru_h40,40.0,experiments/results/baseline_v2/reused/backbone_upgrade/experiments/results/trainable_matched/predictions/beijing_168h_6h_station1013_seed2049_center_gru_h40.npz
beijing_168h_6h_station1013_seed2050_center_gru_h40,beijing,168,6,1013,2050,gru,,center_gru_h40,,,,,completed,29.0,0.4868867993354797,17.02469603299869,0.0366711250007938,,test,,1,9.0,5406.0,5406.0,5406.0,predictions/beijing_168h_6h_station1013_seed2050_center_gru_h40.npz,checkpoints/beijing_168h_6h_station1013_seed2050_center_gru_h40.pt,training_logs/beijing_168h_6h_station1013_seed2050_center_gru_h40.csv,0.2935936450958252,0.5418428232391984,0.3200884461402893,40.27552032470703,23.792377471923828,33.746551513671875,False,,,42.20603942871094,26.009906768798828,-4.574035209498141,True,center_gru_h40,40.0,experiments/results/baseline_v2/reused/backbone_upgrade/experiments/results/trainable_matched/predictions/beijing_168h_6h_station1013_seed2050_center_gru_h40.npz
beijing_168h_6h_station1013_seed2051_center_gru_h40,beijing,168,6,1013,2051,gru,,center_gru_h40,,,,,completed,30.0,0.4919953346252441,17.009650152000177,0.0368145459997322,,test,,1,9.0,5406.0,5406.0,5406.0,predictions/beijing_168h_6h_station1013_seed2051_center_gru_h40.npz,checkpoints/beijing_168h_6h_station1013_seed2051_center_gru_h40.pt,training_logs/beijing_168h_6h_station1013_seed2051_center_gru_h40.csv,0.2953493297100067,0.5434605134782164,0.3232354521751404,40.39576721191406,24.026296615600582,34.295448303222656,False,,,41.76411056518555,25.687108993530277,-3.2763617727133685,True,center_gru_h40,40.0,experiments/results/baseline_v2/reused/backbone_upgrade/experiments/results/trainable_matched/predictions/beijing_168h_6h_station1013_seed2051_center_gru_h40.npz
beijing_168h_12h_station1013_seed2047_center_gru_h40,beijing,168,12,1013,2047,gru,,center_gru_h40,,,,,completed,29.0,0.8196553587913513,17.01575600400065,0.0360093529998266,,test,,1,9.0,5652.0,5652.0,5652.0,predictions/beijing_168h_12h_station1013_seed2047_center_gru_h40.npz,checkpoints/beijing_168h_12h_station1013_seed2047_center_gru_h40.pt,training_logs/beijing_168h_12h_station1013_seed2047_center_gru_h40.csv,0.4608861804008484,0.6788859848316566,0.4387263357639313,50.46819305419922,32.61479187011719,44.76587677001953,False,,,54.23294448852539,36.208377838134766,-6.941816399297143,True,center_gru_h40,40.0,experiments/results/baseline_v2/reused/backbone_upgrade/experiments/results/trainable_matched/predictions/beijing_168h_12h_station1013_seed2047_center_gru_h40.npz
beijing_168h_12h_station1013_seed2048_center_gru_h40,beijing,168,12,1013,2048,gru,,center_gru_h40,,,,,completed,29.0,0.8199681043624878,17.00524317899908,0.0367539360013324,,test,,1,9.0,5652.0,5652.0,5652.0,predictions/beijing_168h_12h_station1013_seed2048_center_gru_h40.npz,checkpoints/beijing_168h_12h_station1013_seed2048_center_gru_h40.pt,training_logs/beijing_168h_12h_station1013_seed2048_center_gru_h40.csv,0.4624691605567932,0.6800508514492083,0.4415006041526794,50.55479431152344,32.8210334777832,45.1423454284668,False,,,55.16896057128906,36.87693405151367,-8.36369982683147,True,center_gru_h40,40.0,experiments/results/baseline_v2/reused/backbone_upgrade/experiments/results/trainable_matched/predictions/beijing_168h_12h_station1013_seed2048_center_gru_h40.npz
beijing_168h_12h_station1013_seed2049_center_gru_h40,beijing,168,12,1013,2049,gru,,center_gru_h40,,,,,completed,30.0,0.8223572373390198,17.009927357999914,0.0362240089998522,,test,,1,9.0,5652.0,5652.0,5652.0,predictions/beijing_168h_12h_station1013_seed2049_center_gru_h40.npz,checkpoints/beijing_168h_12h_station1013_seed2049_center_gru_h40.pt,training_logs/beijing_168h_12h_station1013_seed2049_center_gru_h40.csv,0.4614112675189972,0.6792726017726589,0.4393008947372436,50.4969367980957,32.65750503540039,44.83000183105469,False,,,58.07843780517578,38.81656646728516,-13.053899680484237,True,center_gru_h40,40.0,experiments/results/baseline_v2/reused/backbone_upgrade/experiments/results/trainable_matched/predictions/beijing_168h_12h_station1013_seed2049_center_gru_h40.npz
beijing_168h_24h_station1013_seed2047_center_gru_h40,beijing,168,24,1013,2047,gru,,center_gru_h40,,,,,completed,25.0,1.2271429300308228,17.012976680000065,0.0361154219990567,,test,,1,9.0,6144.0,6144.0,6144.0,predictions/beijing_168h_24h_station1013_seed2047_center_gru_h40.npz,checkpoints/beijing_168h_24h_station1013_seed2047_center_gru_h40.pt,training_logs/beijing_168h_24h_station1013_seed2047_center_gru_h40.csv,0.6544616222381592,0.8089880235443286,0.5648563504219055,60.173526763916016,42.01470565795898,55.35245513916016,False,,,67.65840148925781,47.55368041992188,-11.062742483696097,True,center_gru_h40,40.0,experiments/results/baseline_v2/reused/backbone_upgrade/experiments/results/trainable_matched/predictions/beijing_168h_24h_station1013_seed2047_center_gru_h40.npz
beijing_168h_24h_station1013_seed2048_center_gru_h40,beijing,168,24,1013,2048,gru,,center_gru_h40,,,,,completed,30.0,1.2270251512527466,16.977550730000075,0.036589883000488,,test,,1,9.0,6144.0,6144.0,6144.0,predictions/beijing_168h_24h_station1013_seed2048_center_gru_h40.npz,checkpoints/beijing_168h_24h_station1013_seed2048_center_gru_h40.pt,training_logs/beijing_168h_24h_station1013_seed2048_center_gru_h40.csv,0.6502912640571594,0.8064063888990212,0.5624411106109619,59.98150253295898,41.83506774902344,55.11445236206055,False,,,72.7971420288086,50.40897750854492,-17.604591524730438,True,center_gru_h40,40.0,experiments/results/baseline_v2/reused/backbone_upgrade/experiments/results/trainable_matched/predictions/beijing_168h_24h_station1013_seed2048_center_gru_h40.npz
beijing_168h_24h_station1013_seed2049_center_gru_h40,beijing,168,24,1013,2049,gru,,center_gru_h40,,,,,completed,28.0,1.222996473312378,16.9663947680001,0.0361795030003122,,test,,1,9.0,6144.0,6144.0,6144.0,predictions/beijing_168h_24h_station1013_seed2049_center_gru_h40.npz,checkpoints/beijing_168h_24h_station1013_seed2049_center_gru_h40.pt,training_logs/beijing_168h_24h_station1013_seed2049_center_gru_h40.csv,0.6511147022247314,0.8069167876706566,0.5628683567047119,60.01946640014648,41.866844177246094,55.11796569824219,False,,,66.645751953125,46.83631896972656,-9.942547512464248,True,center_gru_h40,40.0,experiments/results/baseline_v2/reused/backbone_upgrade/experiments/results/trainable_matched/predictions/beijing_168h_24h_station1013_seed2049_center_gru_h40.npz
beijing_24h_1h_station1013_seed2047_center_gru_h48,beijing,24,1,1013,2047,gru,,center_gru_h48,,,,,completed,40.0,0.0998367443680763,4.349654592000661,0.007892121999248,,test,,1,9.0,7393.0,7393.0,7393.0,predictions/beijing_24h_1h_station1013_seed2047_center_gru_h48.npz,checkpoints/beijing_24h_1h_station1013_seed2047_center_gru_h48.pt,training_logs/beijing_24h_1h_station1013_seed2047_center_gru_h48.csv,0.0816427245736122,0.2857319103173676,0.1341101080179214,21.292659759521484,9.993847846984863,16.54238510131836,False,,,20.988380432128903,10.146111488342283,1.4497513439712217,False,center_gru_h48,48.0,experiments/results/baseline_v2/reused/backbone_upgrade/experiments/results/trainable_matched/predictions/beijing_24h_1h_station1013_seed2047_center_gru_h48.npz
beijing_24h_1h_station1013_seed2048_center_gru_h48,beijing,24,1,1013,2048,gru,,center_gru_h48,,,,,completed,37.0,0.0979272276163101,4.309615039999699,0.0076088679998065,,test,,1,9.0,7393.0,7393.0,7393.0,predictions/beijing_24h_1h_station1013_seed2048_center_gru_h48.npz,checkpoints/beijing_24h_1h_station1013_seed2048_center_gru_h48.pt,training_logs/beijing_24h_1h_station1013_seed2048_center_gru_h48.csv,0.0785548761487007,0.2802764281003679,0.1315891295671463,20.886119842529297,9.805983543395996,15.992524147033691,False,,,20.778905868530277,10.011322021484377,0.5159750695121816,False,center_gru_h48,48.0,experiments/results/baseline_v2/reused/backbone_upgrade/experiments/results/trainable_matched/predictions/beijing_24h_1h_station1013_seed2048_center_gru_h48.npz
beijing_24h_1h_station1013_seed2049_center_gru_h48,beijing,24,1,1013,2049,gru,,center_gru_h48,,,,,completed,39.0,0.098495677113533,4.255301216000589,0.0079098269998212,,test,,1,9.0,7393.0,7393.0,7393.0,predictions/beijing_24h_1h_station1013_seed2049_center_gru_h48.npz,checkpoints/beijing_24h_1h_station1013_seed2049_center_gru_h48.pt,training_logs/beijing_24h_1h_station1013_seed2049_center_gru_h48.csv,0.079688973724842,0.2822923550591515,0.1320503652095794,21.036346435546875,9.84035587310791,16.18172836303711,False,,,20.896221160888672,10.110241889953612,0.6705771037706796,False,center_gru_h48,48.0,experiments/results/baseline_v2/reused/backbone_upgrade/experiments/results/trainable_matched/predictions/beijing_24h_1h_station1013_seed2049_center_gru_h48.npz
beijing_24h_1h_station1013_seed2050_center_gru_h48,beijing,24,1,1013,2050,gru,,center_gru_h48,,,,,completed,37.0,0.0984502211213111,4.248248984000384,0.007885532999353,,test,,1,9.0,7393.0,7393.0,7393.0,predictions/beijing_24h_1h_station1013_seed2050_center_gru_h48.npz,checkpoints/beijing_24h_1h_station1013_seed2050_center_gru_h48.pt,training_logs/beijing_24h_1h_station1013_seed2050_center_gru_h48.csv,0.0792424976825714,0.2815004399331756,0.1328601092100143,20.977333068847656,9.9006986618042,16.47699546813965,False,,,21.0170955657959,10.084884643554688,-0.189191207813478,True,center_gru_h48,48.0,experiments/results/baseline_v2/reused/backbone_upgrade/experiments/results/trainable_matched/predictions/beijing_24h_1h_station1013_seed2050_center_gru_h48.npz
beijing_24h_1h_station1013_seed2051_center_gru_h48,beijing,24,1,1013,2051,gru,,center_gru_h48,,,,,completed,37.0,0.0986943170428276,4.256028007001078,0.0079247920002671,,test,,1,9.0,7393.0,7393.0,7393.0,predictions/beijing_24h_1h_station1013_seed2051_center_gru_h48.npz,checkpoints/beijing_24h_1h_station1013_seed2051_center_gru_h48.pt,training_logs/beijing_24h_1h_station1013_seed2051_center_gru_h48.csv,0.0794425085186958,0.2818554745231957,0.132944107055664,21.0037899017334,9.906957626342772,16.2738094329834,False,,,20.71529197692871,10.02131462097168,1.3926809485765248,False,center_gru_h48,48.0,experiments/results/baseline_v2/reused/backbone_upgrade/experiments/results/trainable_matched/predictions/beijing_24h_1h_station1013_seed2051_center_gru_h48.npz
beijing_24h_3h_station1013_seed2047_center_gru_h48,beijing,24,3,1013,2047,gru,,center_gru_h48,,,,,completed,36.0,0.2577834725379944,4.5261177890006365,0.0082382700002199,,test,,1,9.0,7491.0,7491.0,7491.0,predictions/beijing_24h_3h_station1013_seed2047_center_gru_h48.npz,checkpoints/beijing_24h_3h_station1013_seed2047_center_gru_h48.pt,training_logs/beijing_24h_3h_station1013_seed2047_center_gru_h48.csv,0.1719401180744171,0.4146566267098804,0.2168693393468856,30.90009307861328,16.161041259765625,24.80630111694336,False,,,30.44579696655273,16.024797439575195,1.4921472167722623,False,center_gru_h48,48.0,experiments/results/baseline_v2/reused/backbone_upgrade/experiments/results/trainable_matched/predictions/beijing_24h_3h_station1013_seed2047_center_gru_h48.npz
beijing_24h_3h_station1013_seed2048_center_gru_h48,beijing,24,3,1013,2048,gru,,center_gru_h48,,,,,completed,38.0,0.2577380537986755,4.411316642001111,0.0079412490013055,,test,,1,9.0,7491.0,7491.0,7491.0,predictions/beijing_24h_3h_station1013_seed2048_center_gru_h48.npz,checkpoints/beijing_24h_3h_station1013_seed2048_center_gru_h48.pt,training_logs/beijing_24h_3h_station1013_seed2048_center_gru_h48.csv,0.17207732796669,0.4148220437328398,0.2163134813308715,30.91242027282715,16.119619369506836,24.67145538330078,False,,,30.800689697265625,16.063575744628906,0.36275348591120177,False,center_gru_h48,48.0,experiments/results/baseline_v2/reused/backbone_upgrade/experiments/results/trainable_matched/predictions/beijing_24h_3h_station1013_seed2048_center_gru_h48.npz
beijing_24h_3h_station1013_seed2049_center_gru_h48,beijing,24,3,1013,2049,gru,,center_gru_h48,,,,,completed,28.0,0.2565630376338959,3.9185206319998542,0.007891440000094,,test,,1,9.0,7491.0,7491.0,7491.0,predictions/beijing_24h_3h_station1013_seed2049_center_gru_h48.npz,checkpoints/beijing_24h_3h_station1013_seed2049_center_gru_h48.pt,training_logs/beijing_24h_3h_station1013_seed2049_center_gru_h48.csv,0.1705268621444702,0.412948982495986,0.2204195708036422,30.772838592529297,16.42560386657715,25.74075508117676,False,,,30.58614921569824,16.17045021057129,0.6103722816314534,False,center_gru_h48,48.0,experiments/results/baseline_v2/reused/backbone_upgrade/experiments/results/trainable_matched/predictions/beijing_24h_3h_station1013_seed2049_center_gru_h48.npz
beijing_24h_6h_station1013_seed2047_center_gru_h48,beijing,24,6,1013,2047,gru,,center_gru_h48,,,,,completed,25.0,0.4665825068950653,3.573620209001092,0.0079474359990854,,test,,1,9.0,7638.0,7638.0,7638.0,predictions/beijing_24h_6h_station1013_seed2047_center_gru_h48.npz,checkpoints/beijing_24h_6h_station1013_seed2047_center_gru_h48.pt,training_logs/beijing_24h_6h_station1013_seed2047_center_gru_h48.csv,0.2835228741168976,0.5324686602203904,0.3101907670497894,39.67632675170898,23.1135311126709,34.08100128173828,False,,,40.0059814453125,22.94923591613769,-0.824013514214506,True,center_gru_h48,48.0,experiments/results/baseline_v2/reused/backbone_upgrade/experiments/results/trainable_matched/predictions/beijing_24h_6h_station1013_seed2047_center_gru_h48.npz
beijing_24h_6h_station1013_seed2048_center_gru_h48,beijing,24,6,1013,2048,gru,,center_gru_h48,,,,,completed,27.0,0.4694744646549225,4.04099796599985,0.0083434019998094,,test,,1,9.0,7638.0,7638.0,7638.0,predictions/beijing_24h_6h_station1013_seed2048_center_gru_h48.npz,checkpoints/beijing_24h_6h_station1013_seed2048_center_gru_h48.pt,training_logs/beijing_24h_6h_station1013_seed2048_center_gru_h48.csv,0.2844476699829101,0.5333363572670723,0.312502920627594,39.74098205566406,23.285818099975582,34.45418930053711,False,,,39.84638977050781,22.57869529724121,-0.2645351698129681,True,center_gru_h48,48.0,experiments/results/baseline_v2/reused/backbone_upgrade/experiments/results/trainable_matched/predictions/beijing_24h_6h_station1013_seed2048_center_gru_h48.npz
beijing_24h_6h_station1013_seed2049_center_gru_h48,beijing,24,6,1013,2049,gru,,center_gru_h48,,,,,completed,39.0,0.4705985188484192,4.434260357000312,0.0087397689985664,,test,,1,9.0,7638.0,7638.0,7638.0,predictions/beijing_24h_6h_station1013_seed2049_center_gru_h48.npz,checkpoints/beijing_24h_6h_station1013_seed2049_center_gru_h48.pt,training_logs/beijing_24h_6h_station1013_seed2049_center_gru_h48.csv,0.2847491204738617,0.5336188906643595,0.3092876374721527,39.76203155517578,23.04623413085937,33.64016342163086,False,,,39.889404296875,22.915658950805664,-0.3193147251617326,True,center_gru_h48,48.0,experiments/results/baseline_v2/reused/backbone_upgrade/experiments/results/trainable_matched/predictions/beijing_24h_6h_station1013_seed2049_center_gru_h48.npz
beijing_24h_12h_station1013_seed2047_center_gru_h48,beijing,24,12,1013,2047,gru,,center_gru_h48,,,,,completed,27.0,0.7947315573692322,4.149610835000203,0.0079705569987709,,test,,1,9.0,7932.0,7932.0,7932.0,predictions/beijing_24h_12h_station1013_seed2047_center_gru_h48.npz,checkpoints/beijing_24h_12h_station1013_seed2047_center_gru_h48.pt,training_logs/beijing_24h_12h_station1013_seed2047_center_gru_h48.csv,0.4499099254608154,0.6707532522923877,0.4256206452846527,49.97288513183594,31.70985412597656,43.490840911865234,False,,,51.547157287597656,31.825634002685547,-3.054042625432017,True,center_gru_h48,48.0,experiments/results/baseline_v2/reused/backbone_upgrade/experiments/results/trainable_matched/predictions/beijing_24h_12h_station1013_seed2047_center_gru_h48.npz
beijing_24h_12h_station1013_seed2048_center_gru_h48,beijing,24,12,1013,2048,gru,,center_gru_h48,,,,,completed,28.0,0.7986892461776733,4.055238419001398,0.008154942001056,,test,,1,9.0,7932.0,7932.0,7932.0,predictions/beijing_24h_12h_station1013_seed2048_center_gru_h48.npz,checkpoints/beijing_24h_12h_station1013_seed2048_center_gru_h48.pt,training_logs/beijing_24h_12h_station1013_seed2048_center_gru_h48.csv,0.4449992775917053,0.6670826617381876,0.4260393679141998,49.69941711425781,31.741056442260746,44.05611038208008,False,,,51.48316192626953,31.6285343170166,-3.4647149578075047,True,center_gru_h48,48.0,experiments/results/baseline_v2/reused/backbone_upgrade/experiments/results/trainable_matched/predictions/beijing_24h_12h_station1013_seed2048_center_gru_h48.npz
beijing_24h_12h_station1013_seed2049_center_gru_h48,beijing,24,12,1013,2049,gru,,center_gru_h48,,,,,completed,22.0,0.802871823310852,3.233311181000317,0.0078832260005583,,test,,1,9.0,7932.0,7932.0,7932.0,predictions/beijing_24h_12h_station1013_seed2049_center_gru_h48.npz,checkpoints/beijing_24h_12h_station1013_seed2049_center_gru_h48.pt,training_logs/beijing_24h_12h_station1013_seed2049_center_gru_h48.csv,0.4472935795783996,0.668800104349872,0.4344918131828308,49.827369689941406,32.37078094482422,45.44236373901367,False,,,51.83720016479492,32.26030349731445,-3.8771972029046546,True,center_gru_h48,48.0,experiments/results/baseline_v2/reused/backbone_upgrade/experiments/results/trainable_matched/predictions/beijing_24h_12h_station1013_seed2049_center_gru_h48.npz
beijing_24h_24h_station1013_seed2047_center_gru_h48,beijing,24,24,1013,2047,gru,,center_gru_h48,,,,,completed,27.0,1.2027279138565063,3.7812139260004183,0.0076239560003159,,test,,1,9.0,8520.0,8520.0,8520.0,predictions/beijing_24h_24h_station1013_seed2047_center_gru_h48.npz,checkpoints/beijing_24h_24h_station1013_seed2047_center_gru_h48.pt,training_logs/beijing_24h_24h_station1013_seed2047_center_gru_h48.csv,0.640981137752533,0.8006129762579002,0.5526033043861389,59.63014221191406,41.15822982788086,54.46736907958984,False,,,64.3062973022461,43.40291213989258,-7.271690777582217,True,center_gru_h48,48.0,experiments/results/baseline_v2/reused/backbone_upgrade/experiments/results/trainable_matched/predictions/beijing_24h_24h_station1013_seed2047_center_gru_h48.npz
beijing_24h_24h_station1013_seed2048_center_gru_h48,beijing,24,24,1013,2048,gru,,center_gru_h48,,,,,completed,19.0,1.2060717344284058,2.915003252999668,0.0079385579992958,,test,,1,9.0,8520.0,8520.0,8520.0,predictions/beijing_24h_24h_station1013_seed2048_center_gru_h48.npz,checkpoints/beijing_24h_24h_station1013_seed2048_center_gru_h48.pt,training_logs/beijing_24h_24h_station1013_seed2048_center_gru_h48.csv,0.6407316327095032,0.8004571398329227,0.5535517334938049,59.618534088134766,41.22886657714844,54.40023040771485,False,,,64.8437271118164,43.64160919189453,-8.05813184469074,True,center_gru_h48,48.0,experiments/results/baseline_v2/reused/backbone_upgrade/experiments/results/trainable_matched/predictions/beijing_24h_24h_station1013_seed2048_center_gru_h48.npz
beijing_24h_24h_station1013_seed2049_center_gru_h48,beijing,24,24,1013,2049,gru,,center_gru_h48,,,,,completed,15.0,1.201687932014465,2.490748308000548,0.0078948390000732,,test,,1,9.0,8520.0,8520.0,8520.0,predictions/beijing_24h_24h_station1013_seed2049_center_gru_h48.npz,checkpoints/beijing_24h_24h_station1013_seed2049_center_gru_h48.pt,training_logs/beijing_24h_24h_station1013_seed2049_center_gru_h48.csv,0.6444967985153198,0.802805579524283,0.556107223033905,59.7934455871582,41.41920471191406,54.57429885864258,False,,,65.344482421875,44.265323638916016,-8.495035279150834,True,center_gru_h48,48.0,experiments/results/baseline_v2/reused/backbone_upgrade/experiments/results/trainable_matched/predictions/beijing_24h_24h_station1013_seed2049_center_gru_h48.npz
beijing_48h_1h_station1013_seed2047_center_gru_h48,beijing,48,1,1013,2047,gru,,center_gru_h48,,,,,completed,39.0,0.0998286455869674,7.521917270998529,0.0141708650007785,,test,,1,9.0,7393.0,7393.0,7393.0,predictions/beijing_48h_1h_station1013_seed2047_center_gru_h48.npz,checkpoints/beijing_48h_1h_station1013_seed2047_center_gru_h48.pt,training_logs/beijing_48h_1h_station1013_seed2047_center_gru_h48.csv,0.0816992968320846,0.285830888519916,0.1345553696155548,21.288856506347656,10.02176570892334,16.712465286254883,False,,,20.97980499267578,10.450782775878906,1.473090497169861,False,center_gru_h48,48.0,experiments/results/baseline_v2/reused/backbone_upgrade/experiments/results/trainable_matched/predictions/beijing_48h_1h_station1013_seed2047_center_gru_h48.npz
beijing_48h_1h_station1013_seed2048_center_gru_h48,beijing,48,1,1013,2048,gru,,center_gru_h48,,,,,completed,30.0,0.0978684201836586,7.1359648130001005,0.0141208579989324,,test,,1,9.0,7393.0,7393.0,7393.0,predictions/beijing_48h_1h_station1013_seed2048_center_gru_h48.npz,checkpoints/beijing_48h_1h_station1013_seed2048_center_gru_h48.pt,training_logs/beijing_48h_1h_station1013_seed2048_center_gru_h48.csv,0.0789439305663108,0.2809696257005566,0.1337031722068786,20.926788330078125,9.958292961120604,16.80571746826172,False,,,20.553361892700195,10.137685775756836,1.816863048134997,False,center_gru_h48,48.0,experiments/results/baseline_v2/reused/backbone_upgrade/experiments/results/trainable_matched/predictions/beijing_48h_1h_station1013_seed2048_center_gru_h48.npz
beijing_48h_1h_station1013_seed2049_center_gru_h48,beijing,48,1,1013,2049,gru,,center_gru_h48,,,,,completed,38.0,0.0988670215010643,7.387566158000482,0.0141070230001787,,test,,1,9.0,7393.0,7393.0,7393.0,predictions/beijing_48h_1h_station1013_seed2049_center_gru_h48.npz,checkpoints/beijing_48h_1h_station1013_seed2049_center_gru_h48.pt,training_logs/beijing_48h_1h_station1013_seed2049_center_gru_h48.csv,0.0801274850964546,0.2830679867036444,0.1332260370254516,21.08307456970215,9.92275619506836,16.577070236206055,False,,,20.929391860961918,10.169209480285645,0.7342913246652144,False,center_gru_h48,48.0,experiments/results/baseline_v2/reused/backbone_upgrade/experiments/results/trainable_matched/predictions/beijing_48h_1h_station1013_seed2049_center_gru_h48.npz
beijing_48h_3h_station1013_seed2047_center_gru_h48,beijing,48,3,1013,2047,gru,,center_gru_h48,,,,,completed,34.0,0.2590833306312561,7.471261142000003,0.0141997659993649,,test,,1,9.0,7491.0,7491.0,7491.0,predictions/beijing_48h_3h_station1013_seed2047_center_gru_h48.npz,checkpoints/beijing_48h_3h_station1013_seed2047_center_gru_h48.pt,training_logs/beijing_48h_3h_station1013_seed2047_center_gru_h48.csv,0.1715731769800186,0.4142139265886875,0.2178441286087036,30.848533630371094,16.223915100097656,24.911815643310547,False,,,31.18783187866211,16.69637680053711,-1.0879186780635255,True,center_gru_h48,48.0,experiments/results/baseline_v2/reused/backbone_upgrade/experiments/results/trainable_matched/predictions/beijing_48h_3h_station1013_seed2047_center_gru_h48.npz
beijing_48h_3h_station1013_seed2048_center_gru_h48,beijing,48,3,1013,2048,gru,,center_gru_h48,,,,,completed,38.0,0.2572028934955597,7.43009243600136,0.0143244470000354,,test,,1,9.0,7491.0,7491.0,7491.0,predictions/beijing_48h_3h_station1013_seed2048_center_gru_h48.npz,checkpoints/beijing_48h_3h_station1013_seed2048_center_gru_h48.pt,training_logs/beijing_48h_3h_station1013_seed2048_center_gru_h48.csv,0.1731431037187576,0.4161046787994069,0.2157589197158813,30.989347457885746,16.068618774414062,24.48042106628418,False,,,31.051353454589844,16.6970157623291,-0.1996885475371529,True,center_gru_h48,48.0,experiments/results/baseline_v2/reused/backbone_upgrade/experiments/results/trainable_matched/predictions/beijing_48h_3h_station1013_seed2048_center_gru_h48.npz
beijing_48h_3h_station1013_seed2049_center_gru_h48,beijing,48,3,1013,2049,gru,,center_gru_h48,,,,,completed,31.0,0.2567651867866516,7.2873703529985505,0.0141063219998613,,test,,1,9.0,7491.0,7491.0,7491.0,predictions/beijing_48h_3h_station1013_seed2049_center_gru_h48.npz,checkpoints/beijing_48h_3h_station1013_seed2049_center_gru_h48.pt,training_logs/beijing_48h_3h_station1013_seed2049_center_gru_h48.csv,0.1710646599531173,0.413599637273919,0.2198285311460495,30.80278587341309,16.3717041015625,25.638973236083984,False,,,31.17669677734375,16.931669235229492,-1.1993281603918453,True,center_gru_h48,48.0,experiments/results/baseline_v2/reused/backbone_upgrade/experiments/results/trainable_matched/predictions/beijing_48h_3h_station1013_seed2049_center_gru_h48.npz
beijing_48h_6h_station1013_seed2047_center_gru_h48,beijing,48,6,1013,2047,gru,,center_gru_h48,,,,,completed,21.0,0.4689450562000274,5.4201892470009625,0.0140602259998559,,test,,1,9.0,7638.0,7638.0,7638.0,predictions/beijing_48h_6h_station1013_seed2047_center_gru_h48.npz,checkpoints/beijing_48h_6h_station1013_seed2047_center_gru_h48.pt,training_logs/beijing_48h_6h_station1013_seed2047_center_gru_h48.csv,0.2857370674610138,0.5345437937727963,0.3057346642017364,39.81008529663086,22.769554138183597,32.54964065551758,False,,,41.811302185058594,24.404136657714844,-4.786306055645586,True,center_gru_h48,48.0,experiments/results/baseline_v2/reused/backbone_upgrade/experiments/results/trainable_matched/predictions/beijing_48h_6h_station1013_seed2047_center_gru_h48.npz
beijing_48h_6h_station1013_seed2048_center_gru_h48,beijing,48,6,1013,2048,gru,,center_gru_h48,,,,,completed,29.0,0.4665229320526123,6.904232263999802,0.014085425000303,,test,,1,9.0,7638.0,7638.0,7638.0,predictions/beijing_48h_6h_station1013_seed2048_center_gru_h48.npz,checkpoints/beijing_48h_6h_station1013_seed2048_center_gru_h48.pt,training_logs/beijing_48h_6h_station1013_seed2048_center_gru_h48.csv,0.2857263386249542,0.5345337581715062,0.3103123903274536,39.8093376159668,23.1104793548584,33.85109329223633,False,,,41.650672912597656,23.962068557739254,-4.420901675453914,True,center_gru_h48,48.0,experiments/results/baseline_v2/reused/backbone_upgrade/experiments/results/trainable_matched/predictions/beijing_48h_6h_station1013_seed2048_center_gru_h48.npz
beijing_48h_6h_station1013_seed2049_center_gru_h48,beijing,48,6,1013,2049,gru,,center_gru_h48,,,,,completed,27.0,0.4693114459514618,6.528653254999881,0.0142024859997036,,test,,1,9.0,7638.0,7638.0,7638.0,predictions/beijing_48h_6h_station1013_seed2049_center_gru_h48.npz,checkpoints/beijing_48h_6h_station1013_seed2049_center_gru_h48.pt,training_logs/beijing_48h_6h_station1013_seed2049_center_gru_h48.csv,0.2860379815101623,0.5348251878045408,0.3117484450340271,39.8310432434082,23.21742820739746,34.15946960449219,False,,,42.05476379394531,24.104082107543945,-5.287678136614007,True,center_gru_h48,48.0,experiments/results/baseline_v2/reused/backbone_upgrade/experiments/results/trainable_matched/predictions/beijing_48h_6h_station1013_seed2049_center_gru_h48.npz
beijing_48h_12h_station1013_seed2047_center_gru_h48,beijing,48,12,1013,2047,gru,,center_gru_h48,,,,,completed,20.0,0.7971972227096558,5.29358160800075,0.0141218959997786,,test,,1,9.0,7932.0,7932.0,7932.0,predictions/beijing_48h_12h_station1013_seed2047_center_gru_h48.npz,checkpoints/beijing_48h_12h_station1013_seed2047_center_gru_h48.pt,training_logs/beijing_48h_12h_station1013_seed2047_center_gru_h48.csv,0.449092298746109,0.6701434911614892,0.4281796514987945,49.90068435668945,31.88340950012207,43.85739135742188,False,,,57.32188415527344,35.63805389404297,-12.946538495631875,True,center_gru_h48,48.0,experiments/results/baseline_v2/reused/backbone_upgrade/experiments/results/trainable_matched/predictions/beijing_48h_12h_station1013_seed2047_center_gru_h48.npz
beijing_48h_12h_station1013_seed2048_center_gru_h48,beijing,48,12,1013,2048,gru,,center_gru_h48,,,,,completed,31.0,0.8022633194923401,7.270918440000969,0.0140810230004717,,test,,1,9.0,7932.0,7932.0,7932.0,predictions/beijing_48h_12h_station1013_seed2048_center_gru_h48.npz,checkpoints/beijing_48h_12h_station1013_seed2048_center_gru_h48.pt,training_logs/beijing_48h_12h_station1013_seed2048_center_gru_h48.csv,0.4471446573734283,0.6686887597181729,0.4263662099838257,49.7923583984375,31.748369216918945,43.69480895996094,False,,,52.859134674072266,33.03700637817383,-5.80179054111349,True,center_gru_h48,48.0,experiments/results/baseline_v2/reused/backbone_upgrade/experiments/results/trainable_matched/predictions/beijing_48h_12h_station1013_seed2048_center_gru_h48.npz
beijing_48h_12h_station1013_seed2049_center_gru_h48,beijing,48,12,1013,2049,gru,,center_gru_h48,,,,,completed,29.0,0.7938811182975769,6.908029895999789,0.0141219260003708,,test,,1,9.0,7932.0,7932.0,7932.0,predictions/beijing_48h_12h_station1013_seed2049_center_gru_h48.npz,checkpoints/beijing_48h_12h_station1013_seed2049_center_gru_h48.pt,training_logs/beijing_48h_12h_station1013_seed2049_center_gru_h48.csv,0.4484239220619201,0.6696446237086655,0.425929844379425,49.8635368347168,31.71588134765625,43.83190155029297,False,,,55.133583068847656,34.52684020996094,-9.558686268494336,True,center_gru_h48,48.0,experiments/results/baseline_v2/reused/backbone_upgrade/experiments/results/trainable_matched/predictions/beijing_48h_12h_station1013_seed2049_center_gru_h48.npz
beijing_48h_24h_station1013_seed2047_center_gru_h48,beijing,48,24,1013,2047,gru,,center_gru_h48,,,,,completed,23.0,1.2124568223953247,5.7981026339984965,0.0142510570003651,,test,,1,9.0,8520.0,8520.0,8520.0,predictions/beijing_48h_24h_station1013_seed2047_center_gru_h48.npz,checkpoints/beijing_48h_24h_station1013_seed2047_center_gru_h48.pt,training_logs/beijing_48h_24h_station1013_seed2047_center_gru_h48.csv,0.6400302648544312,0.8000189153104014,0.5543814897537231,59.55297088623047,41.267852783203125,54.58867645263672,False,,,69.85392761230469,46.93188095092773,-14.746424543578158,True,center_gru_h48,48.0,experiments/results/baseline_v2/reused/backbone_upgrade/experiments/results/trainable_matched/predictions/beijing_48h_24h_station1013_seed2047_center_gru_h48.npz
beijing_48h_24h_station1013_seed2048_center_gru_h48,beijing,48,24,1013,2048,gru,,center_gru_h48,,,,,completed,38.0,1.2102488279342651,7.470172932000423,0.014138909000394,,test,,1,9.0,8520.0,8520.0,8520.0,predictions/beijing_48h_24h_station1013_seed2048_center_gru_h48.npz,checkpoints/beijing_48h_24h_station1013_seed2048_center_gru_h48.pt,training_logs/beijing_48h_24h_station1013_seed2048_center_gru_h48.csv,0.6372478008270264,0.7982780222623108,0.5491407513618469,59.423377990722656,40.87773895263672,53.95223617553711,False,,,68.12368774414062,45.795066833496094,-12.77134289337748,True,center_gru_h48,48.0,experiments/results/baseline_v2/reused/backbone_upgrade/experiments/results/trainable_matched/predictions/beijing_48h_24h_station1013_seed2048_center_gru_h48.npz
beijing_48h_24h_station1013_seed2049_center_gru_h48,beijing,48,24,1013,2049,gru,,center_gru_h48,,,,,completed,40.0,1.2054662704467771,7.466372254000817,0.0142538789987156,,test,,1,9.0,8520.0,8520.0,8520.0,predictions/beijing_48h_24h_station1013_seed2049_center_gru_h48.npz,checkpoints/beijing_48h_24h_station1013_seed2049_center_gru_h48.pt,training_logs/beijing_48h_24h_station1013_seed2049_center_gru_h48.csv,0.6360927820205688,0.7975542502053191,0.5484257936477661,59.36950302124024,40.82451629638672,54.007511138916016,False,,,70.52690887451172,47.815460205078125,-15.82006929174198,True,center_gru_h48,48.0,experiments/results/baseline_v2/reused/backbone_upgrade/experiments/results/trainable_matched/predictions/beijing_48h_24h_station1013_seed2049_center_gru_h48.npz
beijing_72h_1h_station1013_seed2047_center_gru_h48,beijing,72,1,1013,2047,gru,,center_gru_h48,,,,,completed,30.0,0.1161202639341354,7.727729362999526,0.0150603210004192,,test,,1,9.0,7393.0,7393.0,7393.0,predictions/beijing_72h_1h_station1013_seed2047_center_gru_h48.npz,checkpoints/beijing_72h_1h_station1013_seed2047_center_gru_h48.pt,training_logs/beijing_72h_1h_station1013_seed2047_center_gru_h48.csv,0.0857030898332595,0.2927509006531996,0.1460166424512863,21.79221534729004,10.869399070739746,16.463911056518555,False,,,21.06454849243164,10.74881076812744,3.4544621505647015,False,center_gru_h48,48.0,experiments/results/baseline_v2/reused/backbone_upgrade/experiments/results/trainable_matched/predictions/beijing_72h_1h_station1013_seed2047_center_gru_h48.npz
beijing_72h_1h_station1013_seed2048_center_gru_h48,beijing,72,1,1013,2048,gru,,center_gru_h48,,,,,completed,29.0,0.1032677292823791,7.721431231000679,0.0151330790013162,,test,,1,9.0,7393.0,7393.0,7393.0,predictions/beijing_72h_1h_station1013_seed2048_center_gru_h48.npz,checkpoints/beijing_72h_1h_station1013_seed2048_center_gru_h48.pt,training_logs/beijing_72h_1h_station1013_seed2048_center_gru_h48.csv,0.0789771750569343,0.2810287797662978,0.1353819370269775,20.91963005065918,10.0777587890625,15.9655179977417,False,,,20.968732833862305,10.600374221801758,-0.2341714379794527,True,center_gru_h48,48.0,experiments/results/baseline_v2/reused/backbone_upgrade/experiments/results/trainable_matched/predictions/beijing_72h_1h_station1013_seed2048_center_gru_h48.npz
beijing_72h_1h_station1013_seed2049_center_gru_h48,beijing,72,1,1013,2049,gru,,center_gru_h48,,,,,completed,30.0,0.1109857559204101,7.719903410999905,0.0150781850006751,,test,,1,9.0,7393.0,7393.0,7393.0,predictions/beijing_72h_1h_station1013_seed2049_center_gru_h48.npz,checkpoints/beijing_72h_1h_station1013_seed2049_center_gru_h48.pt,training_logs/beijing_72h_1h_station1013_seed2049_center_gru_h48.csv,0.0826670974493026,0.2875188645103181,0.1409885436296463,21.40274810791016,10.495109558105469,16.453670501708984,False,,,21.28269386291504,10.951455116271973,0.5640932758249861,False,center_gru_h48,48.0,experiments/results/baseline_v2/reused/backbone_upgrade/experiments/results/trainable_matched/predictions/beijing_72h_1h_station1013_seed2049_center_gru_h48.npz
beijing_72h_3h_station1013_seed2047_center_gru_h48,beijing,72,3,1013,2047,gru,,center_gru_h48,,,,,completed,30.0,0.2778737545013428,7.727564179998808,0.0150703210001665,,test,,1,9.0,7491.0,7491.0,7491.0,predictions/beijing_72h_3h_station1013_seed2047_center_gru_h48.npz,checkpoints/beijing_72h_3h_station1013_seed2047_center_gru_h48.pt,training_logs/beijing_72h_3h_station1013_seed2047_center_gru_h48.csv,0.1758106350898742,0.4192977880813042,0.2274101078510284,31.21020126342773,16.927148818969727,24.808151245117188,False,,,31.00885581970215,17.128154754638672,0.6493159402471509,False,center_gru_h48,48.0,experiments/results/baseline_v2/reused/backbone_upgrade/experiments/results/trainable_matched/predictions/beijing_72h_3h_station1013_seed2047_center_gru_h48.npz
beijing_72h_3h_station1013_seed2048_center_gru_h48,beijing,72,3,1013,2048,gru,,center_gru_h48,,,,,completed,28.0,0.2795538604259491,7.726791232000323,0.0150940860003174,,test,,1,9.0,7491.0,7491.0,7491.0,predictions/beijing_72h_3h_station1013_seed2048_center_gru_h48.npz,checkpoints/beijing_72h_3h_station1013_seed2048_center_gru_h48.pt,training_logs/beijing_72h_3h_station1013_seed2048_center_gru_h48.csv,0.1790201216936111,0.423107695148187,0.2301194369792938,31.49378967285156,17.128814697265625,25.78474235534668,False,,,31.21354103088379,16.76036262512207,0.8978431562458162,False,center_gru_h48,48.0,experiments/results/baseline_v2/reused/backbone_upgrade/experiments/results/trainable_matched/predictions/beijing_72h_3h_station1013_seed2048_center_gru_h48.npz
beijing_72h_3h_station1013_seed2049_center_gru_h48,beijing,72,3,1013,2049,gru,,center_gru_h48,,,,,completed,30.0,0.2790027558803558,7.721953618000043,0.0151103099997271,,test,,1,9.0,7491.0,7491.0,7491.0,predictions/beijing_72h_3h_station1013_seed2049_center_gru_h48.npz,checkpoints/beijing_72h_3h_station1013_seed2049_center_gru_h48.pt,training_logs/beijing_72h_3h_station1013_seed2049_center_gru_h48.csv,0.1778790801763534,0.4217571341143543,0.2283590883016586,31.39326286315918,16.99778175354004,24.983062744140625,False,,,31.59510612487793,17.138343811035156,-0.6388434364517579,True,center_gru_h48,48.0,experiments/results/baseline_v2/reused/backbone_upgrade/experiments/results/trainable_matched/predictions/beijing_72h_3h_station1013_seed2049_center_gru_h48.npz
beijing_72h_6h_station1013_seed2047_center_gru_h48,beijing,72,6,1013,2047,gru,,center_gru_h48,,,,,completed,30.0,0.4854984283447265,7.735189475999505,0.0150824430002103,,test,,1,9.0,7638.0,7638.0,7638.0,predictions/beijing_72h_6h_station1013_seed2047_center_gru_h48.npz,checkpoints/beijing_72h_6h_station1013_seed2047_center_gru_h48.pt,training_logs/beijing_72h_6h_station1013_seed2047_center_gru_h48.csv,0.2888243198394775,0.537423780493083,0.3153327405452728,40.00019454956055,23.470064163208008,33.47774124145508,False,,,41.74861526489258,24.63315200805664,-4.187972952488129,True,center_gru_h48,48.0,experiments/results/baseline_v2/reused/backbone_upgrade/experiments/results/trainable_matched/predictions/beijing_72h_6h_station1013_seed2047_center_gru_h48.npz
beijing_72h_6h_station1013_seed2048_center_gru_h48,beijing,72,6,1013,2048,gru,,center_gru_h48,,,,,completed,30.0,0.4890234172344208,7.733679761000531,0.0151115160006156,,test,,1,9.0,7638.0,7638.0,7638.0,predictions/beijing_72h_6h_station1013_seed2048_center_gru_h48.npz,checkpoints/beijing_72h_6h_station1013_seed2048_center_gru_h48.pt,training_logs/beijing_72h_6h_station1013_seed2048_center_gru_h48.csv,0.2909519672393799,0.5393996359281121,0.3179976344108581,40.147254943847656,23.66840934753418,33.917991638183594,False,,,41.156280517578125,24.216215133666992,-2.4516928183038966,True,center_gru_h48,48.0,experiments/results/baseline_v2/reused/backbone_upgrade/experiments/results/trainable_matched/predictions/beijing_72h_6h_station1013_seed2048_center_gru_h48.npz
beijing_72h_6h_station1013_seed2049_center_gru_h48,beijing,72,6,1013,2049,gru,,center_gru_h48,,,,,completed,30.0,0.4938375055789947,7.726491015999272,0.0151020600005722,,test,,1,9.0,7638.0,7638.0,7638.0,predictions/beijing_72h_6h_station1013_seed2049_center_gru_h48.npz,checkpoints/beijing_72h_6h_station1013_seed2049_center_gru_h48.pt,training_logs/beijing_72h_6h_station1013_seed2049_center_gru_h48.csv,0.2917816042900085,0.5401681259478465,0.3188086748123169,40.2044563293457,23.72877693176269,33.540950775146484,False,,,41.276737213134766,24.22653007507324,-2.597784990253177,True,center_gru_h48,48.0,experiments/results/baseline_v2/reused/backbone_upgrade/experiments/results/trainable_matched/predictions/beijing_72h_6h_station1013_seed2049_center_gru_h48.npz
beijing_72h_12h_station1013_seed2047_center_gru_h48,beijing,72,12,1013,2047,gru,,center_gru_h48,,,,,completed,29.0,0.8108640313148499,7.719504535998567,0.015123400999073,,test,,1,9.0,7932.0,7932.0,7932.0,predictions/beijing_72h_12h_station1013_seed2047_center_gru_h48.npz,checkpoints/beijing_72h_12h_station1013_seed2047_center_gru_h48.pt,training_logs/beijing_72h_12h_station1013_seed2047_center_gru_h48.csv,0.451334536075592,0.6718143613198456,0.4328479170799255,50.001312255859375,32.21569061279297,44.42601776123047,False,,,56.09211349487305,35.244869232177734,-10.858569698163336,True,center_gru_h48,48.0,experiments/results/baseline_v2/reused/backbone_upgrade/experiments/results/trainable_matched/predictions/beijing_72h_12h_station1013_seed2047_center_gru_h48.npz
beijing_72h_12h_station1013_seed2048_center_gru_h48,beijing,72,12,1013,2048,gru,,center_gru_h48,,,,,completed,28.0,0.8126922249794006,7.713132578999648,0.0150238339992938,,test,,1,9.0,7932.0,7932.0,7932.0,predictions/beijing_72h_12h_station1013_seed2048_center_gru_h48.npz,checkpoints/beijing_72h_12h_station1013_seed2048_center_gru_h48.pt,training_logs/beijing_72h_12h_station1013_seed2048_center_gru_h48.csv,0.452242761850357,0.6724899715611803,0.4316792488098144,50.05159378051758,32.12870788574219,44.046783447265625,False,,,55.03749084472656,34.67401123046875,-9.059092243640519,True,center_gru_h48,48.0,experiments/results/baseline_v2/reused/backbone_upgrade/experiments/results/trainable_matched/predictions/beijing_72h_12h_station1013_seed2048_center_gru_h48.npz
beijing_72h_12h_station1013_seed2049_center_gru_h48,beijing,72,12,1013,2049,gru,,center_gru_h48,,,,,completed,29.0,0.8121911883354187,7.719001688999924,0.0150443959992117,,test,,1,9.0,7932.0,7932.0,7932.0,predictions/beijing_72h_12h_station1013_seed2049_center_gru_h48.npz,checkpoints/beijing_72h_12h_station1013_seed2049_center_gru_h48.pt,training_logs/beijing_72h_12h_station1013_seed2049_center_gru_h48.csv,0.4530030190944671,0.673054989651267,0.4338805973529815,50.09365081787109,32.29254913330078,44.30736923217773,False,,,54.70387268066406,35.244651794433594,-8.427596871807086,True,center_gru_h48,48.0,experiments/results/baseline_v2/reused/backbone_upgrade/experiments/results/trainable_matched/predictions/beijing_72h_12h_station1013_seed2049_center_gru_h48.npz
beijing_72h_24h_station1013_seed2047_center_gru_h48,beijing,72,24,1013,2047,gru,,center_gru_h48,,,,,completed,30.0,1.2178527116775513,7.699972386999434,0.0151730669986136,,test,,1,9.0,8520.0,8520.0,8520.0,predictions/beijing_72h_24h_station1013_seed2047_center_gru_h48.npz,checkpoints/beijing_72h_24h_station1013_seed2047_center_gru_h48.pt,training_logs/beijing_72h_24h_station1013_seed2047_center_gru_h48.csv,0.6423596143722534,0.8014734021614526,0.557044506072998,59.6383171081543,41.450157165527344,54.84269332885742,False,,,65.6296157836914,44.675662994384766,-9.128955889798023,True,center_gru_h48,48.0,experiments/results/baseline_v2/reused/backbone_upgrade/experiments/results/trainable_matched/predictions/beijing_72h_24h_station1013_seed2047_center_gru_h48.npz
beijing_72h_24h_station1013_seed2048_center_gru_h48,beijing,72,24,1013,2048,gru,,center_gru_h48,,,,,completed,30.0,1.220062255859375,7.708829115001208,0.015107037999769,,test,,1,9.0,8520.0,8520.0,8520.0,predictions/beijing_72h_24h_station1013_seed2048_center_gru_h48.npz,checkpoints/beijing_72h_24h_station1013_seed2048_center_gru_h48.pt,training_logs/beijing_72h_24h_station1013_seed2048_center_gru_h48.csv,0.6414899826049805,0.8009306977541693,0.5549881458282471,59.59793472290039,41.29713821411133,54.45418930053711,False,,,64.7675552368164,43.77329254150391,-7.981805851732075,True,center_gru_h48,48.0,experiments/results/baseline_v2/reused/backbone_upgrade/experiments/results/trainable_matched/predictions/beijing_72h_24h_station1013_seed2048_center_gru_h48.npz
beijing_72h_24h_station1013_seed2049_center_gru_h48,beijing,72,24,1013,2049,gru,,center_gru_h48,,,,,completed,24.0,1.2229597568511963,7.691260992000025,0.0150501240004814,,test,,1,9.0,8520.0,8520.0,8520.0,predictions/beijing_72h_24h_station1013_seed2049_center_gru_h48.npz,checkpoints/beijing_72h_24h_station1013_seed2049_center_gru_h48.pt,training_logs/beijing_72h_24h_station1013_seed2049_center_gru_h48.csv,0.6446129083633423,0.8028778913155737,0.5581388473510742,59.74283218383789,41.53158187866211,54.80842590332031,False,,,68.50748443603516,46.28374862670898,-12.793714912099489,True,center_gru_h48,48.0,experiments/results/baseline_v2/reused/backbone_upgrade/experiments/results/trainable_matched/predictions/beijing_72h_24h_station1013_seed2049_center_gru_h48.npz
beijing_168h_1h_station1013_seed2047_center_gru_h48,beijing,168,1,1013,2047,gru,,center_gru_h48,,,,,completed,30.0,0.111107014119625,17.44083154100008,0.0383276180000393,,test,,1,9.0,7393.0,7393.0,7393.0,predictions/beijing_168h_1h_station1013_seed2047_center_gru_h48.npz,checkpoints/beijing_168h_1h_station1013_seed2047_center_gru_h48.pt,training_logs/beijing_168h_1h_station1013_seed2047_center_gru_h48.csv,0.0856070965528488,0.2925869042743519,0.1440416127443313,21.74848937988281,10.706860542297363,17.034690856933594,False,,,21.871671676635746,11.994721412658691,-0.5632047635596386,True,center_gru_h48,48.0,experiments/results/baseline_v2/reused/backbone_upgrade/experiments/results/trainable_matched/predictions/beijing_168h_1h_station1013_seed2047_center_gru_h48.npz
beijing_168h_1h_station1013_seed2048_center_gru_h48,beijing,168,1,1013,2048,gru,,center_gru_h48,,,,,completed,30.0,0.1005773693323135,17.468274339000345,0.0385775809991173,,test,,1,9.0,7393.0,7393.0,7393.0,predictions/beijing_168h_1h_station1013_seed2048_center_gru_h48.npz,checkpoints/beijing_168h_1h_station1013_seed2048_center_gru_h48.pt,training_logs/beijing_168h_1h_station1013_seed2048_center_gru_h48.csv,0.0806213021278381,0.2839389056255555,0.1386720538139343,21.10567092895508,10.307732582092283,15.830784797668455,False,,,21.76912498474121,11.43486213684082,-3.0476836172844286,True,center_gru_h48,48.0,experiments/results/baseline_v2/reused/backbone_upgrade/experiments/results/trainable_matched/predictions/beijing_168h_1h_station1013_seed2048_center_gru_h48.npz
beijing_168h_1h_station1013_seed2049_center_gru_h48,beijing,168,1,1013,2049,gru,,center_gru_h48,,,,,completed,30.0,0.107836827635765,17.44385392500044,0.0384900879998895,,test,,1,9.0,7393.0,7393.0,7393.0,predictions/beijing_168h_1h_station1013_seed2049_center_gru_h48.npz,checkpoints/beijing_168h_1h_station1013_seed2049_center_gru_h48.pt,training_logs/beijing_168h_1h_station1013_seed2049_center_gru_h48.csv,0.083664022386074,0.2892473377337708,0.1433750241994857,21.500253677368164,10.657313346862791,16.508838653564453,False,,,22.61062812805176,12.07103443145752,-4.91085185424821,True,center_gru_h48,48.0,experiments/results/baseline_v2/reused/backbone_upgrade/experiments/results/trainable_matched/predictions/beijing_168h_1h_station1013_seed2049_center_gru_h48.npz
beijing_168h_3h_station1013_seed2047_center_gru_h48,beijing,168,3,1013,2047,gru,,center_gru_h48,,,,,completed,30.0,0.2709679305553436,17.5079817299993,0.0383297610005683,,test,,1,9.0,7491.0,7491.0,7491.0,predictions/beijing_168h_3h_station1013_seed2047_center_gru_h48.npz,checkpoints/beijing_168h_3h_station1013_seed2047_center_gru_h48.pt,training_logs/beijing_168h_3h_station1013_seed2047_center_gru_h48.csv,0.1772530823945999,0.4210143493927492,0.2288883179426193,31.29426383972168,17.013416290283203,25.46866226196289,False,,,31.7686710357666,18.36850929260254,-1.493317726482209,True,center_gru_h48,48.0,experiments/results/baseline_v2/reused/backbone_upgrade/experiments/results/trainable_matched/predictions/beijing_168h_3h_station1013_seed2047_center_gru_h48.npz
beijing_168h_3h_station1013_seed2048_center_gru_h48,beijing,168,3,1013,2048,gru,,center_gru_h48,,,,,completed,30.0,0.2721892297267914,17.72373324900036,0.0383847779994539,,test,,1,9.0,7491.0,7491.0,7491.0,predictions/beijing_168h_3h_station1013_seed2048_center_gru_h48.npz,checkpoints/beijing_168h_3h_station1013_seed2048_center_gru_h48.pt,training_logs/beijing_168h_3h_station1013_seed2048_center_gru_h48.csv,0.1798892468214035,0.4241335247553575,0.2299751192331314,31.52611351013184,17.094196319580078,25.108177185058597,False,,,31.73417854309082,18.07464408874512,-0.6556496575969534,True,center_gru_h48,48.0,experiments/results/baseline_v2/reused/backbone_upgrade/experiments/results/trainable_matched/predictions/beijing_168h_3h_station1013_seed2048_center_gru_h48.npz
beijing_168h_3h_station1013_seed2049_center_gru_h48,beijing,168,3,1013,2049,gru,,center_gru_h48,,,,,completed,30.0,0.2716383039951324,17.474988175999897,0.0384225799989508,,test,,1,9.0,7491.0,7491.0,7491.0,predictions/beijing_168h_3h_station1013_seed2049_center_gru_h48.npz,checkpoints/beijing_168h_3h_station1013_seed2049_center_gru_h48.pt,training_logs/beijing_168h_3h_station1013_seed2049_center_gru_h48.csv,0.1793295741081237,0.4234732271444368,0.2333278059959411,31.477033615112305,17.34340476989746,26.921802520751957,False,,,32.07843780517578,18.52771759033203,-1.8747926370854675,True,center_gru_h48,48.0,experiments/results/baseline_v2/reused/backbone_upgrade/experiments/results/trainable_matched/predictions/beijing_168h_3h_station1013_seed2049_center_gru_h48.npz
beijing_168h_6h_station1013_seed2047_center_gru_h48,beijing,168,6,1013,2047,gru,,center_gru_h48,,,,,completed,29.0,0.4789749681949615,17.50233747600032,0.03829974799919,,test,,1,9.0,7638.0,7638.0,7638.0,predictions/beijing_168h_6h_station1013_seed2047_center_gru_h48.npz,checkpoints/beijing_168h_6h_station1013_seed2047_center_gru_h48.pt,training_logs/beijing_168h_6h_station1013_seed2047_center_gru_h48.csv,0.2916747629642486,0.5400692205303397,0.3199770450592041,40.1436882019043,23.78409576416016,34.726444244384766,False,,,42.01683807373047,25.93600273132324,-4.45809336851859,True,center_gru_h48,48.0,experiments/results/baseline_v2/reused/backbone_upgrade/experiments/results/trainable_matched/predictions/beijing_168h_6h_station1013_seed2047_center_gru_h48.npz
beijing_168h_6h_station1013_seed2048_center_gru_h48,beijing,168,6,1013,2048,gru,,center_gru_h48,,,,,completed,29.0,0.4843640029430389,17.465590620000512,0.0384157219996268,,test,,1,9.0,7638.0,7638.0,7638.0,predictions/beijing_168h_6h_station1013_seed2048_center_gru_h48.npz,checkpoints/beijing_168h_6h_station1013_seed2048_center_gru_h48.pt,training_logs/beijing_168h_6h_station1013_seed2048_center_gru_h48.csv,0.2967562079429626,0.5447533459676615,0.3281390070915222,40.49186325073242,24.39078140258789,36.24277877807617,False,,,42.51594543457031,26.329206466674805,-4.760760141046002,True,center_gru_h48,48.0,experiments/results/baseline_v2/reused/backbone_upgrade/experiments/results/trainable_matched/predictions/beijing_168h_6h_station1013_seed2048_center_gru_h48.npz
beijing_168h_6h_station1013_seed2049_center_gru_h48,beijing,168,6,1013,2049,gru,,center_gru_h48,,,,,completed,29.0,0.4856518805027008,17.488276136999048,0.0383712240000022,,test,,1,9.0,7638.0,7638.0,7638.0,predictions/beijing_168h_6h_station1013_seed2049_center_gru_h48.npz,checkpoints/beijing_168h_6h_station1013_seed2049_center_gru_h48.pt,training_logs/beijing_168h_6h_station1013_seed2049_center_gru_h48.csv,0.2957126200199127,0.5437946487599089,0.3253593146800995,40.42060089111328,24.184165954589844,35.380550384521484,False,,,42.00048828125,26.010665893554688,-3.761592911866259,True,center_gru_h48,48.0,experiments/results/baseline_v2/reused/backbone_upgrade/experiments/results/trainable_matched/predictions/beijing_168h_6h_station1013_seed2049_center_gru_h48.npz
beijing_168h_6h_station1013_seed2050_center_gru_h48,beijing,168,6,1013,2050,gru,,center_gru_h48,,,,,completed,29.0,0.4869404137134552,17.4745963259993,0.0384249140006431,,test,,1,9.0,7638.0,7638.0,7638.0,predictions/beijing_168h_6h_station1013_seed2050_center_gru_h48.npz,checkpoints/beijing_168h_6h_station1013_seed2050_center_gru_h48.pt,training_logs/beijing_168h_6h_station1013_seed2050_center_gru_h48.csv,0.2929492890834808,0.5412478998420972,0.3201114237308502,40.23130416870117,23.79408264160156,33.96634292602539,False,,,42.20603942871094,26.009906768798828,-4.678797837321923,True,center_gru_h48,48.0,experiments/results/baseline_v2/reused/backbone_upgrade/experiments/results/trainable_matched/predictions/beijing_168h_6h_station1013_seed2050_center_gru_h48.npz
beijing_168h_6h_station1013_seed2051_center_gru_h48,beijing,168,6,1013,2051,gru,,center_gru_h48,,,,,completed,30.0,0.4870434999465942,17.4678112040001,0.0381389710000803,,test,,1,9.0,7638.0,7638.0,7638.0,predictions/beijing_168h_6h_station1013_seed2051_center_gru_h48.npz,checkpoints/beijing_168h_6h_station1013_seed2051_center_gru_h48.pt,training_logs/beijing_168h_6h_station1013_seed2051_center_gru_h48.csv,0.2939593195915222,0.5421801541844945,0.3203877210617065,40.30059814453125,23.814620971679688,33.70603942871094,False,,,41.76411056518555,25.687108993530277,-3.504234618788403,True,center_gru_h48,48.0,experiments/results/baseline_v2/reused/backbone_upgrade/experiments/results/trainable_matched/predictions/beijing_168h_6h_station1013_seed2051_center_gru_h48.npz
beijing_168h_12h_station1013_seed2047_center_gru_h48,beijing,168,12,1013,2047,gru,,center_gru_h48,,,,,completed,29.0,0.8153629302978516,17.44494221700006,0.038674050998452,,test,,1,9.0,7932.0,7932.0,7932.0,predictions/beijing_168h_12h_station1013_seed2047_center_gru_h48.npz,checkpoints/beijing_168h_12h_station1013_seed2047_center_gru_h48.pt,training_logs/beijing_168h_12h_station1013_seed2047_center_gru_h48.csv,0.45890873670578,0.6774280306466363,0.4351633489131927,50.35980987548828,32.34991836547852,44.11162567138672,False,,,54.23294448852539,36.208377838134766,-7.141663890030141,True,center_gru_h48,48.0,experiments/results/baseline_v2/reused/backbone_upgrade/experiments/results/trainable_matched/predictions/beijing_168h_12h_station1013_seed2047_center_gru_h48.npz
beijing_168h_12h_station1013_seed2048_center_gru_h48,beijing,168,12,1013,2048,gru,,center_gru_h48,,,,,completed,29.0,0.8118407726287842,17.43449900700034,0.0386324139999487,,test,,1,9.0,7932.0,7932.0,7932.0,predictions/beijing_168h_12h_station1013_seed2048_center_gru_h48.npz,checkpoints/beijing_168h_12h_station1013_seed2048_center_gru_h48.pt,training_logs/beijing_168h_12h_station1013_seed2048_center_gru_h48.csv,0.4576319456100464,0.6764849928934465,0.4360705018043518,50.28970336914063,32.417362213134766,44.44809722900391,False,,,55.16896057128906,36.87693405151367,-8.844207234688568,True,center_gru_h48,48.0,experiments/results/baseline_v2/reused/backbone_upgrade/experiments/results/trainable_matched/predictions/beijing_168h_12h_station1013_seed2048_center_gru_h48.npz
beijing_168h_12h_station1013_seed2049_center_gru_h48,beijing,168,12,1013,2049,gru,,center_gru_h48,,,,,completed,30.0,0.8167120218276978,17.444083831998796,0.0384851460003119,,test,,1,9.0,7932.0,7932.0,7932.0,predictions/beijing_168h_12h_station1013_seed2049_center_gru_h48.npz,checkpoints/beijing_168h_12h_station1013_seed2049_center_gru_h48.pt,training_logs/beijing_168h_12h_station1013_seed2049_center_gru_h48.csv,0.4585147202014923,0.6771371502151483,0.4364716708660126,50.33818817138672,32.44718170166016,44.37343597412109,False,,,58.07843780517578,38.81656646728516,-13.327234557778127,True,center_gru_h48,48.0,experiments/results/baseline_v2/reused/backbone_upgrade/experiments/results/trainable_matched/predictions/beijing_168h_12h_station1013_seed2049_center_gru_h48.npz
beijing_168h_24h_station1013_seed2047_center_gru_h48,beijing,168,24,1013,2047,gru,,center_gru_h48,,,,,completed,22.0,1.2201168537139893,16.28520185399975,0.0383206890001019,,test,,1,9.0,8520.0,8520.0,8520.0,predictions/beijing_168h_24h_station1013_seed2047_center_gru_h48.npz,checkpoints/beijing_168h_24h_station1013_seed2047_center_gru_h48.pt,training_logs/beijing_168h_24h_station1013_seed2047_center_gru_h48.csv,0.6538997888565063,0.8086407044271926,0.5699486136436462,60.1476936340332,42.39347457885742,56.00393295288086,False,,,67.65840148925781,47.55368041992188,-11.100924186654176,True,center_gru_h48,48.0,experiments/results/baseline_v2/reused/backbone_upgrade/experiments/results/trainable_matched/predictions/beijing_168h_24h_station1013_seed2047_center_gru_h48.npz
beijing_168h_24h_station1013_seed2048_center_gru_h48,beijing,168,24,1013,2048,gru,,center_gru_h48,,,,,completed,30.0,1.2247751951217651,17.41892019199986,0.0384495889993559,,test,,1,9.0,8520.0,8520.0,8520.0,predictions/beijing_168h_24h_station1013_seed2048_center_gru_h48.npz,checkpoints/beijing_168h_24h_station1013_seed2048_center_gru_h48.pt,training_logs/beijing_168h_24h_station1013_seed2048_center_gru_h48.csv,0.6474496126174927,0.8046425371663448,0.5614919066429138,59.85030746459961,41.764461517333984,55.21403121948242,False,,,72.7971420288086,50.40897750854492,-17.784811605770773,True,center_gru_h48,48.0,experiments/results/baseline_v2/reused/backbone_upgrade/experiments/results/trainable_matched/predictions/beijing_168h_24h_station1013_seed2048_center_gru_h48.npz
beijing_168h_24h_station1013_seed2049_center_gru_h48,beijing,168,24,1013,2049,gru,,center_gru_h48,,,,,completed,28.0,1.2206798791885376,17.42158957799984,0.0380387479999626,,test,,1,9.0,8520.0,8520.0,8520.0,predictions/beijing_168h_24h_station1013_seed2049_center_gru_h48.npz,checkpoints/beijing_168h_24h_station1013_seed2049_center_gru_h48.pt,training_logs/beijing_168h_24h_station1013_seed2049_center_gru_h48.csv,0.6482374668121338,0.8051319561488873,0.5616125464439392,59.8867073059082,41.7734375,55.17803955078125,False,,,66.645751953125,46.83631896972656,-10.141748647341757,True,center_gru_h48,48.0,experiments/results/baseline_v2/reused/backbone_upgrade/experiments/results/trainable_matched/predictions/beijing_168h_24h_station1013_seed2049_center_gru_h48.npz
beijing_24h_1h_station1013_seed2047_center_gru_h64,beijing,24,1,1013,2047,gru,,center_gru_h64,,,,,completed,38.0,0.0987364575266838,4.694174156999907,0.0079950800000005,,test,,1,9.0,12929.0,12929.0,12929.0,predictions/beijing_24h_1h_station1013_seed2047_center_gru_h64.npz,checkpoints/beijing_24h_1h_station1013_seed2047_center_gru_h64.pt,training_logs/beijing_24h_1h_station1013_seed2047_center_gru_h64.csv,0.0811202302575111,0.2848161341242998,0.1335005313158035,21.22441673278809,9.948420524597168,16.596803665161133,False,,,20.988380432128903,10.146111488342283,1.124604642185081,False,center_gru_h64,64.0,experiments/results/baseline_v2/reused/backbone_upgrade/experiments/results/trainable_matched/predictions/beijing_24h_1h_station1013_seed2047_center_gru_h64.npz
beijing_24h_1h_station1013_seed2048_center_gru_h64,beijing,24,1,1013,2048,gru,,center_gru_h64,,,,,completed,37.0,0.0982843786478042,4.705270235000171,0.0082533400000102,,test,,1,9.0,12929.0,12929.0,12929.0,predictions/beijing_24h_1h_station1013_seed2048_center_gru_h64.npz,checkpoints/beijing_24h_1h_station1013_seed2048_center_gru_h64.pt,training_logs/beijing_24h_1h_station1013_seed2048_center_gru_h64.csv,0.0807585790753364,0.2841805395788678,0.1328088492155075,21.177051544189453,9.89687728881836,16.345664978027344,False,,,20.778905868530277,10.011322021484377,1.916105102830121,False,center_gru_h64,64.0,experiments/results/baseline_v2/reused/backbone_upgrade/experiments/results/trainable_matched/predictions/beijing_24h_1h_station1013_seed2048_center_gru_h64.npz
beijing_24h_1h_station1013_seed2049_center_gru_h64,beijing,24,1,1013,2049,gru,,center_gru_h64,,,,,completed,33.0,0.0989792346954345,4.6704497120008455,0.0079857619984977,,test,,1,9.0,12929.0,12929.0,12929.0,predictions/beijing_24h_1h_station1013_seed2049_center_gru_h64.npz,checkpoints/beijing_24h_1h_station1013_seed2049_center_gru_h64.pt,training_logs/beijing_24h_1h_station1013_seed2049_center_gru_h64.csv,0.080782227218151,0.2842221441375585,0.1362832933664322,21.180152893066406,10.155792236328123,17.737791061401367,False,,,20.896221160888672,10.110241889953612,1.3587707078309816,False,center_gru_h64,64.0,experiments/results/baseline_v2/reused/backbone_upgrade/experiments/results/trainable_matched/predictions/beijing_24h_1h_station1013_seed2049_center_gru_h64.npz
beijing_24h_1h_station1013_seed2050_center_gru_h64,beijing,24,1,1013,2050,gru,,center_gru_h64,,,,,completed,28.0,0.0983395054936409,4.20134068599873,0.0084477680011332,,test,,1,9.0,12929.0,12929.0,12929.0,predictions/beijing_24h_1h_station1013_seed2050_center_gru_h64.npz,checkpoints/beijing_24h_1h_station1013_seed2050_center_gru_h64.pt,training_logs/beijing_24h_1h_station1013_seed2050_center_gru_h64.csv,0.0808510184288024,0.2843431350126155,0.1311838179826736,21.18916702270508,9.77578067779541,15.894506454467772,False,,,21.0170955657959,10.084884643554688,0.8187213897871766,False,center_gru_h64,64.0,experiments/results/baseline_v2/reused/backbone_upgrade/experiments/results/trainable_matched/predictions/beijing_24h_1h_station1013_seed2050_center_gru_h64.npz
beijing_24h_1h_station1013_seed2051_center_gru_h64,beijing,24,1,1013,2051,gru,,center_gru_h64,,,,,completed,37.0,0.0990713313221931,4.748263404999307,0.0083036349988105,,test,,1,9.0,12929.0,12929.0,12929.0,predictions/beijing_24h_1h_station1013_seed2051_center_gru_h64.npz,checkpoints/beijing_24h_1h_station1013_seed2051_center_gru_h64.pt,training_logs/beijing_24h_1h_station1013_seed2051_center_gru_h64.csv,0.0816740915179252,0.2857867938130194,0.1330199837684631,21.296749114990234,9.91261100769043,16.1881160736084,False,,,20.71529197692871,10.02131462097168,2.8068981055594633,False,center_gru_h64,64.0,experiments/results/baseline_v2/reused/backbone_upgrade/experiments/results/trainable_matched/predictions/beijing_24h_1h_station1013_seed2051_center_gru_h64.npz
beijing_24h_3h_station1013_seed2047_center_gru_h64,beijing,24,3,1013,2047,gru,,center_gru_h64,,,,,completed,29.0,0.2571019530296325,4.564522396000029,0.0080147839998971,,test,,1,9.0,13059.0,13059.0,13059.0,predictions/beijing_24h_3h_station1013_seed2047_center_gru_h64.npz,checkpoints/beijing_24h_3h_station1013_seed2047_center_gru_h64.pt,training_logs/beijing_24h_3h_station1013_seed2047_center_gru_h64.csv,0.1738556772470474,0.4169600427463613,0.2185256034135818,31.07174301147461,16.284467697143555,25.249608993530277,False,,,30.44579696655273,16.024797439575195,2.05593581803601,False,center_gru_h64,64.0,experiments/results/baseline_v2/reused/backbone_upgrade/experiments/results/trainable_matched/predictions/beijing_24h_3h_station1013_seed2047_center_gru_h64.npz
beijing_24h_3h_station1013_seed2048_center_gru_h64,beijing,24,3,1013,2048,gru,,center_gru_h64,,,,,completed,34.0,0.2570405602455139,4.77459152800111,0.0080399909984407,,test,,1,9.0,13059.0,13059.0,13059.0,predictions/beijing_24h_3h_station1013_seed2048_center_gru_h64.npz,checkpoints/beijing_24h_3h_station1013_seed2048_center_gru_h64.pt,training_logs/beijing_24h_3h_station1013_seed2048_center_gru_h64.csv,0.1732359379529953,0.4162162153893037,0.2168248891830444,31.01631546020508,16.15772819519043,24.63411903381348,False,,,30.800689697265625,16.063575744628906,0.7000679694474476,False,center_gru_h64,64.0,experiments/results/baseline_v2/reused/backbone_upgrade/experiments/results/trainable_matched/predictions/beijing_24h_3h_station1013_seed2048_center_gru_h64.npz
beijing_24h_3h_station1013_seed2049_center_gru_h64,beijing,24,3,1013,2049,gru,,center_gru_h64,,,,,completed,26.0,0.2571846842765808,4.037144795998756,0.0081052069999714,,test,,1,9.0,13059.0,13059.0,13059.0,predictions/beijing_24h_3h_station1013_seed2049_center_gru_h64.npz,checkpoints/beijing_24h_3h_station1013_seed2049_center_gru_h64.pt,training_logs/beijing_24h_3h_station1013_seed2049_center_gru_h64.csv,0.1736648380756378,0.4167311340368485,0.2173254042863845,31.05468368530273,16.195024490356445,24.909889221191406,False,,,30.58614921569824,16.17045021057129,1.5318517748027543,False,center_gru_h64,64.0,experiments/results/baseline_v2/reused/backbone_upgrade/experiments/results/trainable_matched/predictions/beijing_24h_3h_station1013_seed2049_center_gru_h64.npz
beijing_24h_6h_station1013_seed2047_center_gru_h64,beijing,24,6,1013,2047,gru,,center_gru_h64,,,,,completed,32.0,0.4634554386138916,5.240120140999352,0.0083383900000626,,test,,1,9.0,13254.0,13254.0,13254.0,predictions/beijing_24h_6h_station1013_seed2047_center_gru_h64.npz,checkpoints/beijing_24h_6h_station1013_seed2047_center_gru_h64.pt,training_logs/beijing_24h_6h_station1013_seed2047_center_gru_h64.csv,0.2906462550163269,0.53911617951637,0.313856691122055,40.17165756225586,23.38669204711914,34.62308120727539,False,,,40.0059814453125,22.94923591613769,0.41412836520417784,False,center_gru_h64,64.0,experiments/results/baseline_v2/reused/backbone_upgrade/experiments/results/trainable_matched/predictions/beijing_24h_6h_station1013_seed2047_center_gru_h64.npz
beijing_24h_6h_station1013_seed2048_center_gru_h64,beijing,24,6,1013,2048,gru,,center_gru_h64,,,,,completed,27.0,0.467036634683609,4.31277834499997,0.0087805339990154,,test,,1,9.0,13254.0,13254.0,13254.0,predictions/beijing_24h_6h_station1013_seed2048_center_gru_h64.npz,checkpoints/beijing_24h_6h_station1013_seed2048_center_gru_h64.pt,training_logs/beijing_24h_6h_station1013_seed2048_center_gru_h64.csv,0.2888393402099609,0.5374377547306859,0.3121782839298248,40.04659271240234,23.261625289916992,34.305267333984375,False,,,39.84638977050781,22.57869529724121,0.502436840696428,False,center_gru_h64,64.0,experiments/results/baseline_v2/reused/backbone_upgrade/experiments/results/trainable_matched/predictions/beijing_24h_6h_station1013_seed2048_center_gru_h64.npz
beijing_24h_6h_station1013_seed2049_center_gru_h64,beijing,24,6,1013,2049,gru,,center_gru_h64,,,,,completed,21.0,0.4683715403079986,3.806554897999376,0.0085964150002837,,test,,1,9.0,13254.0,13254.0,13254.0,predictions/beijing_24h_6h_station1013_seed2049_center_gru_h64.npz,checkpoints/beijing_24h_6h_station1013_seed2049_center_gru_h64.pt,training_logs/beijing_24h_6h_station1013_seed2049_center_gru_h64.csv,0.2850770950317383,0.5339261138319967,0.3071688711643219,39.7849235534668,22.888357162475582,33.062896728515625,False,,,39.889404296875,22.915658950805664,-0.2619260559285623,True,center_gru_h64,64.0,experiments/results/baseline_v2/reused/backbone_upgrade/experiments/results/trainable_matched/predictions/beijing_24h_6h_station1013_seed2049_center_gru_h64.npz
beijing_24h_12h_station1013_seed2047_center_gru_h64,beijing,24,12,1013,2047,gru,,center_gru_h64,,,,,completed,27.0,0.8003624081611633,4.381192556000315,0.0084852920008415,,test,,1,9.0,13644.0,13644.0,13644.0,predictions/beijing_24h_12h_station1013_seed2047_center_gru_h64.npz,checkpoints/beijing_24h_12h_station1013_seed2047_center_gru_h64.pt,training_logs/beijing_24h_12h_station1013_seed2047_center_gru_h64.csv,0.4564014673233032,0.6755749161442447,0.4272378087043762,50.33211135864258,31.830341339111328,43.844505310058594,False,,,51.547157287597656,31.825634002685547,-2.3571540951830925,True,center_gru_h64,64.0,experiments/results/baseline_v2/reused/backbone_upgrade/experiments/results/trainable_matched/predictions/beijing_24h_12h_station1013_seed2047_center_gru_h64.npz
beijing_24h_12h_station1013_seed2048_center_gru_h64,beijing,24,12,1013,2048,gru,,center_gru_h64,,,,,completed,28.0,0.7967467904090881,4.371317891998842,0.0083377810005913,,test,,1,9.0,13644.0,13644.0,13644.0,predictions/beijing_24h_12h_station1013_seed2048_center_gru_h64.npz,checkpoints/beijing_24h_12h_station1013_seed2048_center_gru_h64.pt,training_logs/beijing_24h_12h_station1013_seed2048_center_gru_h64.csv,0.451992005109787,0.6723035066915738,0.4249266982078552,50.08837890625,31.658159255981445,43.57963943481445,False,,,51.48316192626953,31.6285343170166,-2.709202325251582,True,center_gru_h64,64.0,experiments/results/baseline_v2/reused/backbone_upgrade/experiments/results/trainable_matched/predictions/beijing_24h_12h_station1013_seed2048_center_gru_h64.npz
beijing_24h_12h_station1013_seed2049_center_gru_h64,beijing,24,12,1013,2049,gru,,center_gru_h64,,,,,completed,30.0,0.7698105573654175,4.528367816999889,0.0083133930002077,,test,,1,9.0,13644.0,13644.0,13644.0,predictions/beijing_24h_12h_station1013_seed2049_center_gru_h64.npz,checkpoints/beijing_24h_12h_station1013_seed2049_center_gru_h64.pt,training_logs/beijing_24h_12h_station1013_seed2049_center_gru_h64.csv,0.4599213302135467,0.6781749996966467,0.4308972060680389,50.525821685791016,32.10297393798828,44.41114807128906,False,,,51.83720016479492,32.26030349731445,-2.5298019083494503,True,center_gru_h64,64.0,experiments/results/baseline_v2/reused/backbone_upgrade/experiments/results/trainable_matched/predictions/beijing_24h_12h_station1013_seed2049_center_gru_h64.npz
beijing_24h_24h_station1013_seed2047_center_gru_h64,beijing,24,24,1013,2047,gru,,center_gru_h64,,,,,completed,11.0,1.207899808883667,2.2706391680003435,0.0083950799999001,,test,,1,9.0,14424.0,14424.0,14424.0,predictions/beijing_24h_24h_station1013_seed2047_center_gru_h64.npz,checkpoints/beijing_24h_24h_station1013_seed2047_center_gru_h64.pt,training_logs/beijing_24h_24h_station1013_seed2047_center_gru_h64.csv,0.6484518647193909,0.8052650897185292,0.5616073608398438,59.97663116455078,41.828857421875,55.35952377319336,False,,,64.3062973022461,43.40291213989258,-6.732880478789572,True,center_gru_h64,64.0,experiments/results/baseline_v2/reused/backbone_upgrade/experiments/results/trainable_matched/predictions/beijing_24h_24h_station1013_seed2047_center_gru_h64.npz
beijing_24h_24h_station1013_seed2048_center_gru_h64,beijing,24,24,1013,2048,gru,,center_gru_h64,,,,,completed,24.0,1.190237045288086,3.783490191000965,0.0083647460014617,,test,,1,9.0,14424.0,14424.0,14424.0,predictions/beijing_24h_24h_station1013_seed2048_center_gru_h64.npz,checkpoints/beijing_24h_24h_station1013_seed2048_center_gru_h64.pt,training_logs/beijing_24h_24h_station1013_seed2048_center_gru_h64.csv,0.6400021910667419,0.8000013694155417,0.5522892475128174,59.58458709716797,41.13483810424805,54.31269454956055,False,,,64.8437271118164,43.64160919189453,-8.110483849238934,True,center_gru_h64,64.0,experiments/results/baseline_v2/reused/backbone_upgrade/experiments/results/trainable_matched/predictions/beijing_24h_24h_station1013_seed2048_center_gru_h64.npz
beijing_24h_24h_station1013_seed2049_center_gru_h64,beijing,24,24,1013,2049,gru,,center_gru_h64,,,,,completed,18.0,1.200013518333435,3.086912449998636,0.0082639280008152,,test,,1,9.0,14424.0,14424.0,14424.0,predictions/beijing_24h_24h_station1013_seed2049_center_gru_h64.npz,checkpoints/beijing_24h_24h_station1013_seed2049_center_gru_h64.pt,training_logs/beijing_24h_24h_station1013_seed2049_center_gru_h64.csv,0.6448307037353516,0.8030135140427909,0.554015576839447,59.80893707275391,41.2634162902832,54.38496398925781,False,,,65.344482421875,44.265323638916016,-8.471327867259966,True,center_gru_h64,64.0,experiments/results/baseline_v2/reused/backbone_upgrade/experiments/results/trainable_matched/predictions/beijing_24h_24h_station1013_seed2049_center_gru_h64.npz
beijing_48h_1h_station1013_seed2047_center_gru_h64,beijing,48,1,1013,2047,gru,,center_gru_h64,,,,,completed,34.0,0.0987127423286438,8.4779166240005,0.0148324359997786,,test,,1,9.0,12929.0,12929.0,12929.0,predictions/beijing_48h_1h_station1013_seed2047_center_gru_h64.npz,checkpoints/beijing_48h_1h_station1013_seed2047_center_gru_h64.pt,training_logs/beijing_48h_1h_station1013_seed2047_center_gru_h64.csv,0.0811494812369346,0.2848674801323146,0.1355140805244445,21.21710205078125,10.093172073364258,17.269853591918945,False,,,20.97980499267578,10.450782775878906,1.1310737072547197,False,center_gru_h64,64.0,experiments/results/baseline_v2/reused/backbone_upgrade/experiments/results/trainable_matched/predictions/beijing_48h_1h_station1013_seed2047_center_gru_h64.npz
beijing_48h_1h_station1013_seed2048_center_gru_h64,beijing,48,1,1013,2048,gru,,center_gru_h64,,,,,completed,30.0,0.0985671207308769,8.06495092700061,0.0148483020002458,,test,,1,9.0,12929.0,12929.0,12929.0,predictions/beijing_48h_1h_station1013_seed2048_center_gru_h64.npz,checkpoints/beijing_48h_1h_station1013_seed2048_center_gru_h64.pt,training_logs/beijing_48h_1h_station1013_seed2048_center_gru_h64.csv,0.0808743238449096,0.2843841132076644,0.1349437534809112,21.18109893798828,10.050692558288574,17.1397762298584,False,,,20.553361892700195,10.137685775756836,3.0541818344133533,False,center_gru_h64,64.0,experiments/results/baseline_v2/reused/backbone_upgrade/experiments/results/trainable_matched/predictions/beijing_48h_1h_station1013_seed2048_center_gru_h64.npz
beijing_48h_1h_station1013_seed2049_center_gru_h64,beijing,48,1,1013,2049,gru,,center_gru_h64,,,,,completed,34.0,0.0988998711109161,8.426073943999654,0.0148218289996293,,test,,1,9.0,12929.0,12929.0,12929.0,predictions/beijing_48h_1h_station1013_seed2049_center_gru_h64.npz,checkpoints/beijing_48h_1h_station1013_seed2049_center_gru_h64.pt,training_logs/beijing_48h_1h_station1013_seed2049_center_gru_h64.csv,0.0810518786311149,0.2846961162908882,0.133219763636589,21.20433807373047,9.922289848327637,16.523151397705078,False,,,20.929391860961918,10.169209480285645,1.313684671752878,False,center_gru_h64,64.0,experiments/results/baseline_v2/reused/backbone_upgrade/experiments/results/trainable_matched/predictions/beijing_48h_1h_station1013_seed2049_center_gru_h64.npz
beijing_48h_3h_station1013_seed2047_center_gru_h64,beijing,48,3,1013,2047,gru,,center_gru_h64,,,,,completed,24.0,0.2574421763420105,6.762562396999783,0.0147770049989048,,test,,1,9.0,13059.0,13059.0,13059.0,predictions/beijing_48h_3h_station1013_seed2047_center_gru_h64.npz,checkpoints/beijing_48h_3h_station1013_seed2047_center_gru_h64.pt,training_logs/beijing_48h_3h_station1013_seed2047_center_gru_h64.csv,0.1742829829454422,0.4174721343340681,0.2156691551208496,31.091188430786133,16.061935424804688,24.084516525268555,False,,,31.18783187866211,16.69637680053711,-0.30987549327562414,True,center_gru_h64,64.0,experiments/results/baseline_v2/reused/backbone_upgrade/experiments/results/trainable_matched/predictions/beijing_48h_3h_station1013_seed2047_center_gru_h64.npz
beijing_48h_3h_station1013_seed2048_center_gru_h64,beijing,48,3,1013,2048,gru,,center_gru_h64,,,,,completed,31.0,0.2567522823810577,8.249501636000787,0.0148128420005377,,test,,1,9.0,13059.0,13059.0,13059.0,predictions/beijing_48h_3h_station1013_seed2048_center_gru_h64.npz,checkpoints/beijing_48h_3h_station1013_seed2048_center_gru_h64.pt,training_logs/beijing_48h_3h_station1013_seed2048_center_gru_h64.csv,0.1734133511781692,0.4164292871282821,0.2167761474847793,31.01352310180664,16.144380569458008,24.71475982666016,False,,,31.051353454589844,16.6970157623291,-0.12183157439023401,True,center_gru_h64,64.0,experiments/results/baseline_v2/reused/backbone_upgrade/experiments/results/trainable_matched/predictions/beijing_48h_3h_station1013_seed2048_center_gru_h64.npz
beijing_48h_3h_station1013_seed2049_center_gru_h64,beijing,48,3,1013,2049,gru,,center_gru_h64,,,,,completed,31.0,0.257601648569107,8.3969390809998,0.0147803740001108,,test,,1,9.0,13059.0,13059.0,13059.0,predictions/beijing_48h_3h_station1013_seed2049_center_gru_h64.npz,checkpoints/beijing_48h_3h_station1013_seed2049_center_gru_h64.pt,training_logs/beijing_48h_3h_station1013_seed2049_center_gru_h64.csv,0.1742371022701263,0.4174171801329293,0.2205544859170913,31.08709526062012,16.425771713256836,25.851287841796875,False,,,31.17669677734375,16.931669235229492,-0.287399006262726,True,center_gru_h64,64.0,experiments/results/baseline_v2/reused/backbone_upgrade/experiments/results/trainable_matched/predictions/beijing_48h_3h_station1013_seed2049_center_gru_h64.npz
beijing_48h_6h_station1013_seed2047_center_gru_h64,beijing,48,6,1013,2047,gru,,center_gru_h64,,,,,completed,21.0,0.46759232878685,6.194137618998866,0.0147681269991153,,test,,1,9.0,13254.0,13254.0,13254.0,predictions/beijing_48h_6h_station1013_seed2047_center_gru_h64.npz,checkpoints/beijing_48h_6h_station1013_seed2047_center_gru_h64.pt,training_logs/beijing_48h_6h_station1013_seed2047_center_gru_h64.csv,0.2876778244972229,0.5363560613037042,0.3057320713996887,39.94505310058594,22.769359588623047,32.4122200012207,False,,,41.811302185058594,24.404136657714844,-4.463503854083661,True,center_gru_h64,64.0,experiments/results/baseline_v2/reused/backbone_upgrade/experiments/results/trainable_matched/predictions/beijing_48h_6h_station1013_seed2047_center_gru_h64.npz
beijing_48h_6h_station1013_seed2048_center_gru_h64,beijing,48,6,1013,2048,gru,,center_gru_h64,,,,,completed,33.0,0.4672638475894928,8.495488155998828,0.014859756000078,,test,,1,9.0,13254.0,13254.0,13254.0,predictions/beijing_48h_6h_station1013_seed2048_center_gru_h64.npz,checkpoints/beijing_48h_6h_station1013_seed2048_center_gru_h64.pt,training_logs/beijing_48h_6h_station1013_seed2048_center_gru_h64.csv,0.287923127412796,0.5365846880155974,0.306689441204071,39.96208190917969,22.84066200256348,32.95942306518555,False,,,41.650672912597656,23.962068557739254,-4.054174603520602,True,center_gru_h64,64.0,experiments/results/baseline_v2/reused/backbone_upgrade/experiments/results/trainable_matched/predictions/beijing_48h_6h_station1013_seed2048_center_gru_h64.npz
beijing_48h_6h_station1013_seed2049_center_gru_h64,beijing,48,6,1013,2049,gru,,center_gru_h64,,,,,completed,27.0,0.4639710485935211,7.445521495999856,0.014882519000821,,test,,1,9.0,13254.0,13254.0,13254.0,predictions/beijing_48h_6h_station1013_seed2049_center_gru_h64.npz,checkpoints/beijing_48h_6h_station1013_seed2049_center_gru_h64.pt,training_logs/beijing_48h_6h_station1013_seed2049_center_gru_h64.csv,0.2865116000175476,0.5352677834668809,0.3089886307716369,39.86400604248047,23.01189422607422,33.66413497924805,False,,,42.05476379394531,24.104082107543945,-5.209297482204026,True,center_gru_h64,64.0,experiments/results/baseline_v2/reused/backbone_upgrade/experiments/results/trainable_matched/predictions/beijing_48h_6h_station1013_seed2049_center_gru_h64.npz
beijing_48h_12h_station1013_seed2047_center_gru_h64,beijing,48,12,1013,2047,gru,,center_gru_h64,,,,,completed,20.0,0.7909989953041077,5.998245789998691,0.0148063299984642,,test,,1,9.0,13644.0,13644.0,13644.0,predictions/beijing_48h_12h_station1013_seed2047_center_gru_h64.npz,checkpoints/beijing_48h_12h_station1013_seed2047_center_gru_h64.pt,training_logs/beijing_48h_12h_station1013_seed2047_center_gru_h64.csv,0.4569334983825683,0.6759685631614597,0.4250805675983429,50.334434509277344,31.65264129638672,43.15711975097656,False,,,57.32188415527344,35.63805389404297,-12.189846424218192,True,center_gru_h64,64.0,experiments/results/baseline_v2/reused/backbone_upgrade/experiments/results/trainable_matched/predictions/beijing_48h_12h_station1013_seed2047_center_gru_h64.npz
beijing_48h_12h_station1013_seed2048_center_gru_h64,beijing,48,12,1013,2048,gru,,center_gru_h64,,,,,completed,26.0,0.8010598421096802,7.2208383309989586,0.0148826269996789,,test,,1,9.0,13644.0,13644.0,13644.0,predictions/beijing_48h_12h_station1013_seed2048_center_gru_h64.npz,checkpoints/beijing_48h_12h_station1013_seed2048_center_gru_h64.pt,training_logs/beijing_48h_12h_station1013_seed2048_center_gru_h64.csv,0.4509769678115845,0.6715481872595477,0.4302656352519989,50.005279541015625,32.03873062133789,44.49026107788086,False,,,52.859134674072266,33.03700637817383,-5.39898193690347,True,center_gru_h64,64.0,experiments/results/baseline_v2/reused/backbone_upgrade/experiments/results/trainable_matched/predictions/beijing_48h_12h_station1013_seed2048_center_gru_h64.npz
beijing_48h_12h_station1013_seed2049_center_gru_h64,beijing,48,12,1013,2049,gru,,center_gru_h64,,,,,completed,27.0,0.7829984426498413,7.431287129000339,0.0149002910002309,,test,,1,9.0,13644.0,13644.0,13644.0,predictions/beijing_48h_12h_station1013_seed2049_center_gru_h64.npz,checkpoints/beijing_48h_12h_station1013_seed2049_center_gru_h64.pt,training_logs/beijing_48h_12h_station1013_seed2049_center_gru_h64.csv,0.454441100358963,0.6741224668848851,0.4285942614078522,50.19697189331055,31.914276123046875,44.02751541137695,False,,,55.133583068847656,34.52684020996094,-8.953909578799825,True,center_gru_h64,64.0,experiments/results/baseline_v2/reused/backbone_upgrade/experiments/results/trainable_matched/predictions/beijing_48h_12h_station1013_seed2049_center_gru_h64.npz
beijing_48h_24h_station1013_seed2047_center_gru_h64,beijing,48,24,1013,2047,gru,,center_gru_h64,,,,,completed,23.0,1.2158068418502808,6.593049777999113,0.0149490229996445,,test,,1,9.0,14424.0,14424.0,14424.0,predictions/beijing_48h_24h_station1013_seed2047_center_gru_h64.npz,checkpoints/beijing_48h_24h_station1013_seed2047_center_gru_h64.pt,training_logs/beijing_48h_24h_station1013_seed2047_center_gru_h64.csv,0.6367464661598206,0.7979639504136892,0.5508434176445007,59.39999771118164,41.00448226928711,54.23860549926758,False,,,69.85392761230469,46.93188095092773,-14.965414627998095,True,center_gru_h64,64.0,experiments/results/baseline_v2/reused/backbone_upgrade/experiments/results/trainable_matched/predictions/beijing_48h_24h_station1013_seed2047_center_gru_h64.npz
beijing_48h_24h_station1013_seed2048_center_gru_h64,beijing,48,24,1013,2048,gru,,center_gru_h64,,,,,completed,38.0,1.204295992851257,8.49153569200098,0.0149140360008459,,test,,1,9.0,14424.0,14424.0,14424.0,predictions/beijing_48h_24h_station1013_seed2048_center_gru_h64.npz,checkpoints/beijing_48h_24h_station1013_seed2048_center_gru_h64.pt,training_logs/beijing_48h_24h_station1013_seed2048_center_gru_h64.csv,0.6378076672554016,0.7986286166018606,0.5486520528793335,59.44947814941406,40.84135818481445,53.90527725219727,False,,,68.12368774414062,45.795066833496094,-12.733029995829371,True,center_gru_h64,64.0,experiments/results/baseline_v2/reused/backbone_upgrade/experiments/results/trainable_matched/predictions/beijing_48h_24h_station1013_seed2048_center_gru_h64.npz
beijing_48h_24h_station1013_seed2049_center_gru_h64,beijing,48,24,1013,2049,gru,,center_gru_h64,,,,,completed,18.0,1.210026741027832,5.545650284999283,0.0148389149999275,,test,,1,9.0,14424.0,14424.0,14424.0,predictions/beijing_48h_24h_station1013_seed2049_center_gru_h64.npz,checkpoints/beijing_48h_24h_station1013_seed2049_center_gru_h64.pt,training_logs/beijing_48h_24h_station1013_seed2049_center_gru_h64.csv,0.6408008933067322,0.800500401815472,0.5547765493392944,59.588809967041016,41.29726409912109,54.458255767822266,False,,,70.52690887451172,47.815460205078125,-15.509114296973973,True,center_gru_h64,64.0,experiments/results/baseline_v2/reused/backbone_upgrade/experiments/results/trainable_matched/predictions/beijing_48h_24h_station1013_seed2049_center_gru_h64.npz
beijing_72h_1h_station1013_seed2047_center_gru_h64,beijing,72,1,1013,2047,gru,,center_gru_h64,,,,,completed,29.0,0.1049221977591514,9.777818926000691,0.0187453010003082,,test,,1,9.0,12929.0,12929.0,12929.0,predictions/beijing_72h_1h_station1013_seed2047_center_gru_h64.npz,checkpoints/beijing_72h_1h_station1013_seed2047_center_gru_h64.pt,training_logs/beijing_72h_1h_station1013_seed2047_center_gru_h64.csv,0.0815108343958854,0.2855010234585604,0.1371293365955352,21.252540588378903,10.20783233642578,16.30929183959961,False,,,21.06454849243164,10.74881076812744,0.8924572772818105,False,center_gru_h64,64.0,experiments/results/baseline_v2/reused/backbone_upgrade/experiments/results/trainable_matched/predictions/beijing_72h_1h_station1013_seed2047_center_gru_h64.npz
beijing_72h_1h_station1013_seed2048_center_gru_h64,beijing,72,1,1013,2048,gru,,center_gru_h64,,,,,completed,30.0,0.105470485985279,9.781785844999831,0.0187017000007472,,test,,1,9.0,12929.0,12929.0,12929.0,predictions/beijing_72h_1h_station1013_seed2048_center_gru_h64.npz,checkpoints/beijing_72h_1h_station1013_seed2048_center_gru_h64.pt,training_logs/beijing_72h_1h_station1013_seed2048_center_gru_h64.csv,0.0817258730530738,0.2858773741538037,0.1378420889377594,21.280553817749023,10.26088809967041,16.077011108398438,False,,,20.968732833862305,10.600374221801758,1.4870759542663472,False,center_gru_h64,64.0,experiments/results/baseline_v2/reused/backbone_upgrade/experiments/results/trainable_matched/predictions/beijing_72h_1h_station1013_seed2048_center_gru_h64.npz
beijing_72h_1h_station1013_seed2049_center_gru_h64,beijing,72,1,1013,2049,gru,,center_gru_h64,,,,,completed,30.0,0.1056095361709594,9.776703196001108,0.0187793679997412,,test,,1,9.0,12929.0,12929.0,12929.0,predictions/beijing_72h_1h_station1013_seed2049_center_gru_h64.npz,checkpoints/beijing_72h_1h_station1013_seed2049_center_gru_h64.pt,training_logs/beijing_72h_1h_station1013_seed2049_center_gru_h64.csv,0.0820472612977027,0.2864389311837739,0.1379553377628326,21.32235717773437,10.26932144165039,16.427078247070312,False,,,21.28269386291504,10.951455116271973,0.18636416552721016,False,center_gru_h64,64.0,experiments/results/baseline_v2/reused/backbone_upgrade/experiments/results/trainable_matched/predictions/beijing_72h_1h_station1013_seed2049_center_gru_h64.npz
beijing_72h_3h_station1013_seed2047_center_gru_h64,beijing,72,3,1013,2047,gru,,center_gru_h64,,,,,completed,28.0,0.2677302062511444,9.784615046999534,0.0187757639996561,,test,,1,9.0,13059.0,13059.0,13059.0,predictions/beijing_72h_3h_station1013_seed2047_center_gru_h64.npz,checkpoints/beijing_72h_3h_station1013_seed2047_center_gru_h64.pt,training_logs/beijing_72h_3h_station1013_seed2047_center_gru_h64.csv,0.1758198738098144,0.4193088048322077,0.2293759882450103,31.21102333068848,17.073476791381836,27.00581932067871,False,,,31.00885581970215,17.128154754638672,0.6519670127843936,False,center_gru_h64,64.0,experiments/results/baseline_v2/reused/backbone_upgrade/experiments/results/trainable_matched/predictions/beijing_72h_3h_station1013_seed2047_center_gru_h64.npz
beijing_72h_3h_station1013_seed2048_center_gru_h64,beijing,72,3,1013,2048,gru,,center_gru_h64,,,,,completed,28.0,0.2715489864349365,9.80041813200114,0.0188244510009099,,test,,1,9.0,13059.0,13059.0,13059.0,predictions/beijing_72h_3h_station1013_seed2048_center_gru_h64.npz,checkpoints/beijing_72h_3h_station1013_seed2048_center_gru_h64.pt,training_logs/beijing_72h_3h_station1013_seed2048_center_gru_h64.csv,0.1762928515672683,0.4198724229659151,0.225997045636177,31.252973556518555,16.82196617126465,25.344606399536133,False,,,31.21354103088379,16.76036262512207,0.12633147131800804,False,center_gru_h64,64.0,experiments/results/baseline_v2/reused/backbone_upgrade/experiments/results/trainable_matched/predictions/beijing_72h_3h_station1013_seed2048_center_gru_h64.npz
beijing_72h_3h_station1013_seed2049_center_gru_h64,beijing,72,3,1013,2049,gru,,center_gru_h64,,,,,completed,30.0,0.2720296680927276,9.78847006399883,0.01872100699984,,test,,1,9.0,13059.0,13059.0,13059.0,predictions/beijing_72h_3h_station1013_seed2049_center_gru_h64.npz,checkpoints/beijing_72h_3h_station1013_seed2049_center_gru_h64.pt,training_logs/beijing_72h_3h_station1013_seed2049_center_gru_h64.csv,0.1770472824573516,0.4207698687612407,0.2254536151885986,31.319774627685547,16.781517028808594,24.81609916687012,False,,,31.59510612487793,17.138343811035156,-0.8714371653133562,True,center_gru_h64,64.0,experiments/results/baseline_v2/reused/backbone_upgrade/experiments/results/trainable_matched/predictions/beijing_72h_3h_station1013_seed2049_center_gru_h64.npz
beijing_72h_6h_station1013_seed2047_center_gru_h64,beijing,72,6,1013,2047,gru,,center_gru_h64,,,,,completed,28.0,0.4883590340614319,9.812249804999738,0.0187252609994175,,test,,1,9.0,13254.0,13254.0,13254.0,predictions/beijing_72h_6h_station1013_seed2047_center_gru_h64.npz,checkpoints/beijing_72h_6h_station1013_seed2047_center_gru_h64.pt,training_logs/beijing_72h_6h_station1013_seed2047_center_gru_h64.csv,0.2898398637771606,0.5383677774320828,0.3162373006343841,40.07045364379883,23.537391662597656,33.31033706665039,False,,,41.74861526489258,24.63315200805664,-4.019682115073543,True,center_gru_h64,64.0,experiments/results/baseline_v2/reused/backbone_upgrade/experiments/results/trainable_matched/predictions/beijing_72h_6h_station1013_seed2047_center_gru_h64.npz
beijing_72h_6h_station1013_seed2048_center_gru_h64,beijing,72,6,1013,2048,gru,,center_gru_h64,,,,,completed,30.0,0.4794539213180542,9.801142303000232,0.018713323999691,,test,,1,9.0,13254.0,13254.0,13254.0,predictions/beijing_72h_6h_station1013_seed2048_center_gru_h64.npz,checkpoints/beijing_72h_6h_station1013_seed2048_center_gru_h64.pt,training_logs/beijing_72h_6h_station1013_seed2048_center_gru_h64.csv,0.2887917459011078,0.5373934740030881,0.3136742711067199,39.99794006347656,23.34662628173828,33.65129089355469,False,,,41.156280517578125,24.216215133666992,-2.814492562336452,True,center_gru_h64,64.0,experiments/results/baseline_v2/reused/backbone_upgrade/experiments/results/trainable_matched/predictions/beijing_72h_6h_station1013_seed2048_center_gru_h64.npz
beijing_72h_6h_station1013_seed2049_center_gru_h64,beijing,72,6,1013,2049,gru,,center_gru_h64,,,,,completed,26.0,0.4840282797813415,9.80020517400044,0.0188143769992166,,test,,1,9.0,13254.0,13254.0,13254.0,predictions/beijing_72h_6h_station1013_seed2049_center_gru_h64.npz,checkpoints/beijing_72h_6h_station1013_seed2049_center_gru_h64.pt,training_logs/beijing_72h_6h_station1013_seed2049_center_gru_h64.csv,0.2882498204708099,0.5368890206279227,0.3178325295448303,39.960391998291016,23.65612030029297,34.442962646484375,False,,,41.276737213134766,24.22653007507324,-3.189072837920127,True,center_gru_h64,64.0,experiments/results/baseline_v2/reused/backbone_upgrade/experiments/results/trainable_matched/predictions/beijing_72h_6h_station1013_seed2049_center_gru_h64.npz
beijing_72h_12h_station1013_seed2047_center_gru_h64,beijing,72,12,1013,2047,gru,,center_gru_h64,,,,,completed,29.0,0.8049054145812988,9.822071516000506,0.0188324600003397,,test,,1,9.0,13644.0,13644.0,13644.0,predictions/beijing_72h_12h_station1013_seed2047_center_gru_h64.npz,checkpoints/beijing_72h_12h_station1013_seed2047_center_gru_h64.pt,training_logs/beijing_72h_12h_station1013_seed2047_center_gru_h64.csv,0.454258382320404,0.6739869303780334,0.4311326444149017,50.16300964355469,32.08802795410156,44.13473129272461,False,,,56.09211349487305,35.244869232177734,-10.570298535569165,True,center_gru_h64,64.0,experiments/results/baseline_v2/reused/backbone_upgrade/experiments/results/trainable_matched/predictions/beijing_72h_12h_station1013_seed2047_center_gru_h64.npz
beijing_72h_12h_station1013_seed2048_center_gru_h64,beijing,72,12,1013,2048,gru,,center_gru_h64,,,,,completed,25.0,0.811486005783081,9.78198479599996,0.0187186430011934,,test,,1,9.0,13644.0,13644.0,13644.0,predictions/beijing_72h_12h_station1013_seed2048_center_gru_h64.npz,checkpoints/beijing_72h_12h_station1013_seed2048_center_gru_h64.pt,training_logs/beijing_72h_12h_station1013_seed2048_center_gru_h64.csv,0.4560351967811584,0.6753037811097746,0.4367629289627075,50.261024475097656,32.507076263427734,45.03227996826172,False,,,55.03749084472656,34.67401123046875,-8.678568547218873,True,center_gru_h64,64.0,experiments/results/baseline_v2/reused/backbone_upgrade/experiments/results/trainable_matched/predictions/beijing_72h_12h_station1013_seed2048_center_gru_h64.npz
beijing_72h_12h_station1013_seed2049_center_gru_h64,beijing,72,12,1013,2049,gru,,center_gru_h64,,,,,completed,29.0,0.8038682341575623,9.783969931999309,0.0187451260007947,,test,,1,9.0,13644.0,13644.0,13644.0,predictions/beijing_72h_12h_station1013_seed2049_center_gru_h64.npz,checkpoints/beijing_72h_12h_station1013_seed2049_center_gru_h64.pt,training_logs/beijing_72h_12h_station1013_seed2049_center_gru_h64.csv,0.4522705078125,0.672510600520542,0.4298980832099914,50.05313491821289,31.99614524841309,43.89835739135742,False,,,54.70387268066406,35.244651794433594,-8.501660914575519,True,center_gru_h64,64.0,experiments/results/baseline_v2/reused/backbone_upgrade/experiments/results/trainable_matched/predictions/beijing_72h_12h_station1013_seed2049_center_gru_h64.npz
beijing_72h_24h_station1013_seed2047_center_gru_h64,beijing,72,24,1013,2047,gru,,center_gru_h64,,,,,completed,30.0,1.2125895023345947,9.7612456629995,0.0187796579994028,,test,,1,9.0,14424.0,14424.0,14424.0,predictions/beijing_72h_24h_station1013_seed2047_center_gru_h64.npz,checkpoints/beijing_72h_24h_station1013_seed2047_center_gru_h64.pt,training_logs/beijing_72h_24h_station1013_seed2047_center_gru_h64.csv,0.6312168836593628,0.7944915881614876,0.5479555130004883,59.118797302246094,40.77383804321289,53.79568862915039,False,,,65.6296157836914,44.675662994384766,-9.920549440521354,True,center_gru_h64,64.0,experiments/results/baseline_v2/reused/backbone_upgrade/experiments/results/trainable_matched/predictions/beijing_72h_24h_station1013_seed2047_center_gru_h64.npz
beijing_72h_24h_station1013_seed2048_center_gru_h64,beijing,72,24,1013,2048,gru,,center_gru_h64,,,,,completed,21.0,1.2241657972335815,8.79267691899986,0.0187783679994026,,test,,1,9.0,14424.0,14424.0,14424.0,predictions/beijing_72h_24h_station1013_seed2048_center_gru_h64.npz,checkpoints/beijing_72h_24h_station1013_seed2048_center_gru_h64.pt,training_logs/beijing_72h_24h_station1013_seed2048_center_gru_h64.csv,0.645626425743103,0.8035088211980644,0.5596008896827698,59.789772033691406,41.64037704467773,55.06808853149414,False,,,64.7675552368164,43.77329254150391,-7.685612317655359,True,center_gru_h64,64.0,experiments/results/baseline_v2/reused/backbone_upgrade/experiments/results/trainable_matched/predictions/beijing_72h_24h_station1013_seed2048_center_gru_h64.npz
beijing_72h_24h_station1013_seed2049_center_gru_h64,beijing,72,24,1013,2049,gru,,center_gru_h64,,,,,completed,30.0,1.2212368249893188,9.75592275300005,0.0187461499990604,,test,,1,9.0,14424.0,14424.0,14424.0,predictions/beijing_72h_24h_station1013_seed2049_center_gru_h64.npz,checkpoints/beijing_72h_24h_station1013_seed2049_center_gru_h64.pt,training_logs/beijing_72h_24h_station1013_seed2049_center_gru_h64.csv,0.642453670501709,0.8015320770260596,0.5545599460601807,59.64268112182617,41.26527786254883,54.50661849975586,False,,,68.50748443603516,46.28374862670898,-12.939904869059927,True,center_gru_h64,64.0,experiments/results/baseline_v2/reused/backbone_upgrade/experiments/results/trainable_matched/predictions/beijing_72h_24h_station1013_seed2049_center_gru_h64.npz
beijing_168h_1h_station1013_seed2047_center_gru_h64,beijing,168,1,1013,2047,gru,,center_gru_h64,,,,,completed,30.0,0.1004770845174789,24.87882134999927,0.0462498420001793,,test,,1,9.0,12929.0,12929.0,12929.0,predictions/beijing_168h_1h_station1013_seed2047_center_gru_h64.npz,checkpoints/beijing_168h_1h_station1013_seed2047_center_gru_h64.pt,training_logs/beijing_168h_1h_station1013_seed2047_center_gru_h64.csv,0.0820692405104637,0.2864772949300934,0.138795256614685,21.294353485107425,10.316890716552734,17.277040481567383,False,,,21.871671676635746,11.994721412658691,-2.6395704912900473,True,center_gru_h64,64.0,experiments/results/baseline_v2/reused/backbone_upgrade/experiments/results/trainable_matched/predictions/beijing_168h_1h_station1013_seed2047_center_gru_h64.npz
beijing_168h_1h_station1013_seed2048_center_gru_h64,beijing,168,1,1013,2048,gru,,center_gru_h64,,,,,completed,30.0,0.1046554371714592,24.71037782499843,0.0461228719996142,,test,,1,9.0,12929.0,12929.0,12929.0,predictions/beijing_168h_1h_station1013_seed2048_center_gru_h64.npz,checkpoints/beijing_168h_1h_station1013_seed2048_center_gru_h64.pt,training_logs/beijing_168h_1h_station1013_seed2048_center_gru_h64.csv,0.083515927195549,0.2889912233884431,0.1420707255601883,21.481216430664062,10.560361862182615,16.37503433227539,False,,,21.76912498474121,11.43486213684082,-1.3225545550358788,True,center_gru_h64,64.0,experiments/results/baseline_v2/reused/backbone_upgrade/experiments/results/trainable_matched/predictions/beijing_168h_1h_station1013_seed2048_center_gru_h64.npz
beijing_168h_1h_station1013_seed2049_center_gru_h64,beijing,168,1,1013,2049,gru,,center_gru_h64,,,,,completed,30.0,0.1027143076062202,24.72666165999908,0.0464135519996489,,test,,1,9.0,12929.0,12929.0,12929.0,predictions/beijing_168h_1h_station1013_seed2049_center_gru_h64.npz,checkpoints/beijing_168h_1h_station1013_seed2049_center_gru_h64.pt,training_logs/beijing_168h_1h_station1013_seed2049_center_gru_h64.csv,0.0829821228981018,0.2880661779836393,0.1402348577976226,21.41245651245117,10.42389965057373,16.699323654174805,False,,,22.61062812805176,12.07103443145752,-5.299152278366329,True,center_gru_h64,64.0,experiments/results/baseline_v2/reused/backbone_upgrade/experiments/results/trainable_matched/predictions/beijing_168h_1h_station1013_seed2049_center_gru_h64.npz
beijing_168h_3h_station1013_seed2047_center_gru_h64,beijing,168,3,1013,2047,gru,,center_gru_h64,,,,,completed,30.0,0.2623420059680938,24.71769672100163,0.0462291730000288,,test,,1,9.0,13059.0,13059.0,13059.0,predictions/beijing_168h_3h_station1013_seed2047_center_gru_h64.npz,checkpoints/beijing_168h_3h_station1013_seed2047_center_gru_h64.pt,training_logs/beijing_168h_3h_station1013_seed2047_center_gru_h64.csv,0.177434891462326,0.4212302119534235,0.2252755910158157,31.3103084564209,16.744876861572266,24.58144187927246,False,,,31.7686710357666,18.36850929260254,-1.442813200557423,True,center_gru_h64,64.0,experiments/results/baseline_v2/reused/backbone_upgrade/experiments/results/trainable_matched/predictions/beijing_168h_3h_station1013_seed2047_center_gru_h64.npz
beijing_168h_3h_station1013_seed2048_center_gru_h64,beijing,168,3,1013,2048,gru,,center_gru_h64,,,,,completed,30.0,0.2631237804889679,24.72869061900019,0.0462223939994146,,test,,1,9.0,13059.0,13059.0,13059.0,predictions/beijing_168h_3h_station1013_seed2048_center_gru_h64.npz,checkpoints/beijing_168h_3h_station1013_seed2048_center_gru_h64.pt,training_logs/beijing_168h_3h_station1013_seed2048_center_gru_h64.csv,0.1767326742410659,0.4203958542148887,0.2255628407001495,31.248291015625,16.766231536865234,24.92355728149414,False,,,31.73417854309082,18.07464408874512,-1.5311173938409948,True,center_gru_h64,64.0,experiments/results/baseline_v2/reused/backbone_upgrade/experiments/results/trainable_matched/predictions/beijing_168h_3h_station1013_seed2048_center_gru_h64.npz
beijing_168h_3h_station1013_seed2049_center_gru_h64,beijing,168,3,1013,2049,gru,,center_gru_h64,,,,,completed,30.0,0.2640846371650696,24.74046494399954,0.0463922180006193,,test,,1,9.0,13059.0,13059.0,13059.0,predictions/beijing_168h_3h_station1013_seed2049_center_gru_h64.npz,checkpoints/beijing_168h_3h_station1013_seed2049_center_gru_h64.pt,training_logs/beijing_168h_3h_station1013_seed2049_center_gru_h64.csv,0.1782839596271515,0.422236852521368,0.2284894287586212,31.385133743286133,16.983762741088867,26.164424896240234,False,,,32.07843780517578,18.52771759033203,-2.1612775101466615,True,center_gru_h64,64.0,experiments/results/baseline_v2/reused/backbone_upgrade/experiments/results/trainable_matched/predictions/beijing_168h_3h_station1013_seed2049_center_gru_h64.npz
beijing_168h_6h_station1013_seed2047_center_gru_h64,beijing,168,6,1013,2047,gru,,center_gru_h64,,,,,completed,28.0,0.4776433706283569,24.76982554499955,0.0462193179992027,,test,,1,9.0,13254.0,13254.0,13254.0,predictions/beijing_168h_6h_station1013_seed2047_center_gru_h64.npz,checkpoints/beijing_168h_6h_station1013_seed2047_center_gru_h64.pt,training_logs/beijing_168h_6h_station1013_seed2047_center_gru_h64.csv,0.2924824059009552,0.5408164253246708,0.3160554766654968,40.1992301940918,23.492605209350582,33.39552307128906,False,,,42.01683807373047,25.93600273132324,-4.325903525746424,True,center_gru_h64,64.0,experiments/results/baseline_v2/reused/backbone_upgrade/experiments/results/trainable_matched/predictions/beijing_168h_6h_station1013_seed2047_center_gru_h64.npz
beijing_168h_6h_station1013_seed2048_center_gru_h64,beijing,168,6,1013,2048,gru,,center_gru_h64,,,,,completed,29.0,0.4740868806838989,24.762227406999955,0.046526937998351,,test,,1,9.0,13254.0,13254.0,13254.0,predictions/beijing_168h_6h_station1013_seed2048_center_gru_h64.npz,checkpoints/beijing_168h_6h_station1013_seed2048_center_gru_h64.pt,training_logs/beijing_168h_6h_station1013_seed2048_center_gru_h64.csv,0.2945733964443207,0.5427461620724007,0.3231299817562103,40.34267044067383,24.018457412719727,35.69780349731445,False,,,42.51594543457031,26.329206466674805,-5.111670390209326,True,center_gru_h64,64.0,experiments/results/baseline_v2/reused/backbone_upgrade/experiments/results/trainable_matched/predictions/beijing_168h_6h_station1013_seed2048_center_gru_h64.npz
beijing_168h_6h_station1013_seed2049_center_gru_h64,beijing,168,6,1013,2049,gru,,center_gru_h64,,,,,completed,29.0,0.4733196198940277,24.78799677400093,0.0461124110006494,,test,,1,9.0,13254.0,13254.0,13254.0,predictions/beijing_168h_6h_station1013_seed2049_center_gru_h64.npz,checkpoints/beijing_168h_6h_station1013_seed2049_center_gru_h64.pt,training_logs/beijing_168h_6h_station1013_seed2049_center_gru_h64.csv,0.2905414998531341,0.5390190162258973,0.3155993223190307,40.06562423706055,23.45869827270508,33.62299346923828,False,,,42.00048828125,26.010665893554688,-4.606765595754328,True,center_gru_h64,64.0,experiments/results/baseline_v2/reused/backbone_upgrade/experiments/results/trainable_matched/predictions/beijing_168h_6h_station1013_seed2049_center_gru_h64.npz
beijing_168h_6h_station1013_seed2050_center_gru_h64,beijing,168,6,1013,2050,gru,,center_gru_h64,,,,,completed,29.0,0.4764440655708313,24.775091382000028,0.0461932549987977,,test,,1,9.0,13254.0,13254.0,13254.0,predictions/beijing_168h_6h_station1013_seed2050_center_gru_h64.npz,checkpoints/beijing_168h_6h_station1013_seed2050_center_gru_h64.pt,training_logs/beijing_168h_6h_station1013_seed2050_center_gru_h64.csv,0.2910627126693725,0.5395022823578901,0.3161074519157409,40.10154724121094,23.49646759033203,33.71500396728516,False,,,42.20603942871094,26.009906768798828,-4.986234709500852,True,center_gru_h64,64.0,experiments/results/baseline_v2/reused/backbone_upgrade/experiments/results/trainable_matched/predictions/beijing_168h_6h_station1013_seed2050_center_gru_h64.npz
beijing_168h_6h_station1013_seed2051_center_gru_h64,beijing,168,6,1013,2051,gru,,center_gru_h64,,,,,completed,30.0,0.477328360080719,24.768708162999246,0.0460860530001809,,test,,1,9.0,13254.0,13254.0,13254.0,predictions/beijing_168h_6h_station1013_seed2051_center_gru_h64.npz,checkpoints/beijing_168h_6h_station1013_seed2051_center_gru_h64.pt,training_logs/beijing_168h_6h_station1013_seed2051_center_gru_h64.csv,0.291441798210144,0.5398534969879736,0.3159680366516113,40.12765121459961,23.486103057861328,33.317195892333984,False,,,41.76411056518555,25.687108993530277,-3.9183388043946175,True,center_gru_h64,64.0,experiments/results/baseline_v2/reused/backbone_upgrade/experiments/results/trainable_matched/predictions/beijing_168h_6h_station1013_seed2051_center_gru_h64.npz
beijing_168h_12h_station1013_seed2047_center_gru_h64,beijing,168,12,1013,2047,gru,,center_gru_h64,,,,,completed,30.0,1.0456260442733765,24.872013619000427,0.0459133650001604,,test,,1,9.0,13644.0,13644.0,13644.0,predictions/beijing_168h_12h_station1013_seed2047_center_gru_h64.npz,checkpoints/beijing_168h_12h_station1013_seed2047_center_gru_h64.pt,training_logs/beijing_168h_12h_station1013_seed2047_center_gru_h64.csv,0.5555727481842041,0.7453675255766139,0.5286185145378113,55.41041564941406,39.2973518371582,54.23896408081055,True,beijing_168h_12h_station1013_seed2047_center_gru_h64 出现非有限训练损失,,54.23294448852539,36.208377838134766,2.1711363304970495,False,center_gru_h64,64.0,experiments/results/baseline_v2/reused/backbone_upgrade/experiments/results/trainable_matched/predictions/beijing_168h_12h_station1013_seed2047_center_gru_h64.npz
beijing_168h_12h_station1013_seed2048_center_gru_h64,beijing,168,12,1013,2048,gru,,center_gru_h64,,,,,completed,29.0,0.8099468350410461,24.79434900699925,0.0460985009995056,,test,,1,9.0,13644.0,13644.0,13644.0,predictions/beijing_168h_12h_station1013_seed2048_center_gru_h64.npz,checkpoints/beijing_168h_12h_station1013_seed2048_center_gru_h64.pt,training_logs/beijing_168h_12h_station1013_seed2048_center_gru_h64.csv,0.4596920013427734,0.6780059006695838,0.4368375837802887,50.40277099609375,32.47438430786133,44.62996673583984,False,,,55.16896057128906,36.87693405151367,-8.639259333219565,True,center_gru_h64,64.0,experiments/results/baseline_v2/reused/backbone_upgrade/experiments/results/trainable_matched/predictions/beijing_168h_12h_station1013_seed2048_center_gru_h64.npz
beijing_168h_12h_station1013_seed2049_center_gru_h64,beijing,168,12,1013,2049,gru,,center_gru_h64,,,,,completed,27.0,0.8096292018890381,24.780313612998725,0.0461402900000393,,test,,1,9.0,13644.0,13644.0,13644.0,predictions/beijing_168h_12h_station1013_seed2049_center_gru_h64.npz,checkpoints/beijing_168h_12h_station1013_seed2049_center_gru_h64.pt,training_logs/beijing_168h_12h_station1013_seed2049_center_gru_h64.csv,0.4584989249706268,0.6771254868712496,0.4337705373764038,50.33732223510742,32.24638366699219,44.16511917114258,False,,,58.07843780517578,38.81656646728516,-13.32872553500138,True,center_gru_h64,64.0,experiments/results/baseline_v2/reused/backbone_upgrade/experiments/results/trainable_matched/predictions/beijing_168h_12h_station1013_seed2049_center_gru_h64.npz
beijing_168h_24h_station1013_seed2047_center_gru_h64,beijing,168,24,1013,2047,gru,,center_gru_h64,,,,,completed,22.0,1.2188094854354858,23.15097491400047,0.0461327210014133,,test,,1,9.0,14424.0,14424.0,14424.0,predictions/beijing_168h_24h_station1013_seed2047_center_gru_h64.npz,checkpoints/beijing_168h_24h_station1013_seed2047_center_gru_h64.pt,training_logs/beijing_168h_24h_station1013_seed2047_center_gru_h64.csv,0.651482880115509,0.8071448941271382,0.5680891871452332,60.03643798828125,42.25517272949219,55.8955192565918,False,,,67.65840148925781,47.55368041992188,-11.265361482397287,True,center_gru_h64,64.0,experiments/results/baseline_v2/reused/backbone_upgrade/experiments/results/trainable_matched/predictions/beijing_168h_24h_station1013_seed2047_center_gru_h64.npz
beijing_168h_24h_station1013_seed2048_center_gru_h64,beijing,168,24,1013,2048,gru,,center_gru_h64,,,,,completed,21.0,1.2269201278686523,22.29640338900026,0.046238834000178,,test,,1,9.0,14424.0,14424.0,14424.0,predictions/beijing_168h_24h_station1013_seed2048_center_gru_h64.npz,checkpoints/beijing_168h_24h_station1013_seed2048_center_gru_h64.pt,training_logs/beijing_168h_24h_station1013_seed2048_center_gru_h64.csv,0.6521244645118713,0.8075422369832251,0.5625324249267578,60.06599044799805,41.84186172485352,55.07390975952149,False,,,72.7971420288086,50.40897750854492,-17.488532140138616,True,center_gru_h64,64.0,experiments/results/baseline_v2/reused/backbone_upgrade/experiments/results/trainable_matched/predictions/beijing_168h_24h_station1013_seed2048_center_gru_h64.npz
beijing_168h_24h_station1013_seed2049_center_gru_h64,beijing,168,24,1013,2049,gru,,center_gru_h64,,,,,completed,30.0,1.218189001083374,24.78704210100113,0.046286463000797,,test,,1,9.0,14424.0,14424.0,14424.0,predictions/beijing_168h_24h_station1013_seed2049_center_gru_h64.npz,checkpoints/beijing_168h_24h_station1013_seed2049_center_gru_h64.pt,training_logs/beijing_168h_24h_station1013_seed2049_center_gru_h64.csv,0.6480370759963989,0.805007500583938,0.5626504421234131,59.87744522094727,41.85062789916992,55.39567947387695,False,,,66.645751953125,46.83631896972656,-10.155646134712661,True,center_gru_h64,64.0,experiments/results/baseline_v2/reused/backbone_upgrade/experiments/results/trainable_matched/predictions/beijing_168h_24h_station1013_seed2049_center_gru_h64.npz
beijing_24h_1h_station1013_seed2047_center_gru_h8,beijing,24,1,1013,2047,gru,,center_gru_h8,,,,,completed,40.0,0.1189857572317123,4.704900098000508,0.0076204000006327,,test,,1,9.0,273.0,273.0,273.0,predictions/beijing_24h_1h_station1013_seed2047_center_gru_h8.npz,checkpoints/beijing_24h_1h_station1013_seed2047_center_gru_h8.pt,training_logs/beijing_24h_1h_station1013_seed2047_center_gru_h8.csv,0.0710687264800071,0.266587183637937,0.133060485124588,19.866003036499023,9.915629386901855,16.09589958190918,False,,,20.988380432128903,10.146111488342283,-5.347613167482661,True,center_gru_h8,8.0,experiments/results/baseline_v2/reused/backbone_upgrade/experiments/results/trainable_matched/predictions/beijing_24h_1h_station1013_seed2047_center_gru_h8.npz
beijing_24h_1h_station1013_seed2048_center_gru_h8,beijing,24,1,1013,2048,gru,,center_gru_h8,,,,,completed,40.0,0.1318299323320388,4.040356819000408,0.0075999150003553,,test,,1,9.0,273.0,273.0,273.0,predictions/beijing_24h_1h_station1013_seed2048_center_gru_h8.npz,checkpoints/beijing_24h_1h_station1013_seed2048_center_gru_h8.pt,training_logs/beijing_24h_1h_station1013_seed2048_center_gru_h8.csv,0.0748411491513252,0.2735711043793281,0.1354720145463943,20.38644218444824,10.0953369140625,16.061771392822266,False,,,20.778905868530277,10.011322021484377,-1.8887601039495825,True,center_gru_h8,8.0,experiments/results/baseline_v2/reused/backbone_upgrade/experiments/results/trainable_matched/predictions/beijing_24h_1h_station1013_seed2048_center_gru_h8.npz
beijing_24h_1h_station1013_seed2049_center_gru_h8,beijing,24,1,1013,2049,gru,,center_gru_h8,,,,,completed,40.0,0.1235373318195343,3.958082627999829,0.0072067639994202,,test,,1,9.0,273.0,273.0,273.0,predictions/beijing_24h_1h_station1013_seed2049_center_gru_h8.npz,checkpoints/beijing_24h_1h_station1013_seed2049_center_gru_h8.pt,training_logs/beijing_24h_1h_station1013_seed2049_center_gru_h8.csv,0.0736871808767318,0.2714538282594885,0.1344426125288009,20.228662490844727,10.018624305725098,16.34150505065918,False,,,20.896221160888672,10.110241889953612,-3.194638231018586,True,center_gru_h8,8.0,experiments/results/baseline_v2/reused/backbone_upgrade/experiments/results/trainable_matched/predictions/beijing_24h_1h_station1013_seed2049_center_gru_h8.npz
beijing_24h_1h_station1013_seed2050_center_gru_h8,beijing,24,1,1013,2050,gru,,center_gru_h8,,,,,completed,40.0,0.1365953832864761,3.921708876998309,0.0072056490007526,,test,,1,9.0,273.0,273.0,273.0,predictions/beijing_24h_1h_station1013_seed2050_center_gru_h8.npz,checkpoints/beijing_24h_1h_station1013_seed2050_center_gru_h8.pt,training_logs/beijing_24h_1h_station1013_seed2050_center_gru_h8.csv,0.0777212679386138,0.2787853438375373,0.1376279443502426,20.77500534057617,10.25599479675293,16.90897560119629,False,,,21.0170955657959,10.084884643554688,-1.1518728858697198,True,center_gru_h8,8.0,experiments/results/baseline_v2/reused/backbone_upgrade/experiments/results/trainable_matched/predictions/beijing_24h_1h_station1013_seed2050_center_gru_h8.npz
beijing_24h_1h_station1013_seed2051_center_gru_h8,beijing,24,1,1013,2051,gru,,center_gru_h8,,,,,completed,40.0,0.129112958908081,3.915661056000317,0.0071713899997121,,test,,1,9.0,273.0,273.0,273.0,predictions/beijing_24h_1h_station1013_seed2051_center_gru_h8.npz,checkpoints/beijing_24h_1h_station1013_seed2051_center_gru_h8.pt,training_logs/beijing_24h_1h_station1013_seed2051_center_gru_h8.csv,0.0777142867445945,0.2787728228228042,0.1404274404048919,20.774072647094727,10.464613914489746,16.85258674621582,False,,,20.71529197692871,10.02131462097168,0.283754968220972,False,center_gru_h8,8.0,experiments/results/baseline_v2/reused/backbone_upgrade/experiments/results/trainable_matched/predictions/beijing_24h_1h_station1013_seed2051_center_gru_h8.npz
beijing_24h_3h_station1013_seed2047_center_gru_h8,beijing,24,3,1013,2047,gru,,center_gru_h8,,,,,completed,40.0,0.3033697307109833,3.976494361999357,0.0070415509999293,,test,,1,9.0,291.0,291.0,291.0,predictions/beijing_24h_3h_station1013_seed2047_center_gru_h8.npz,checkpoints/beijing_24h_3h_station1013_seed2047_center_gru_h8.pt,training_logs/beijing_24h_3h_station1013_seed2047_center_gru_h8.csv,0.1688994914293289,0.4109738330226499,0.2251072227954864,30.62565422058105,16.774927139282227,25.116121292114254,False,,,30.44579696655273,16.024797439575195,0.5907457578657199,False,center_gru_h8,8.0,experiments/results/baseline_v2/reused/backbone_upgrade/experiments/results/trainable_matched/predictions/beijing_24h_3h_station1013_seed2047_center_gru_h8.npz
beijing_24h_3h_station1013_seed2048_center_gru_h8,beijing,24,3,1013,2048,gru,,center_gru_h8,,,,,completed,40.0,0.3089901208877563,4.094059140001264,0.0074769430011656,,test,,1,9.0,291.0,291.0,291.0,predictions/beijing_24h_3h_station1013_seed2048_center_gru_h8.npz,checkpoints/beijing_24h_3h_station1013_seed2048_center_gru_h8.pt,training_logs/beijing_24h_3h_station1013_seed2048_center_gru_h8.csv,0.1685600727796554,0.4105606809957031,0.2248886674642563,30.594865798950195,16.75864028930664,25.22769546508789,False,,,30.800689697265625,16.063575744628906,-0.6682444462719352,True,center_gru_h8,8.0,experiments/results/baseline_v2/reused/backbone_upgrade/experiments/results/trainable_matched/predictions/beijing_24h_3h_station1013_seed2048_center_gru_h8.npz
beijing_24h_3h_station1013_seed2049_center_gru_h8,beijing,24,3,1013,2049,gru,,center_gru_h8,,,,,completed,40.0,0.2872862517833709,3.938722167000378,0.0071375700008502,,test,,1,9.0,291.0,291.0,291.0,predictions/beijing_24h_3h_station1013_seed2049_center_gru_h8.npz,checkpoints/beijing_24h_3h_station1013_seed2049_center_gru_h8.pt,training_logs/beijing_24h_3h_station1013_seed2049_center_gru_h8.csv,0.1649766415357589,0.4061731669322322,0.220694363117218,30.26791000366211,16.44607925415039,24.9757022857666,False,,,30.58614921569824,16.17045021057129,-1.0404683825736194,True,center_gru_h8,8.0,experiments/results/baseline_v2/reused/backbone_upgrade/experiments/results/trainable_matched/predictions/beijing_24h_3h_station1013_seed2049_center_gru_h8.npz
beijing_24h_6h_station1013_seed2047_center_gru_h8,beijing,24,6,1013,2047,gru,,center_gru_h8,,,,,completed,40.0,0.5032510161399841,4.1180133529996965,0.006939152999621,,test,,1,9.0,318.0,318.0,318.0,predictions/beijing_24h_6h_station1013_seed2047_center_gru_h8.npz,checkpoints/beijing_24h_6h_station1013_seed2047_center_gru_h8.pt,training_logs/beijing_24h_6h_station1013_seed2047_center_gru_h8.csv,0.2794010937213897,0.5285840460337313,0.3125872015953064,39.38686752319336,23.29209518432617,34.078277587890625,False,,,40.0059814453125,22.94923591613769,-1.5475533901485679,True,center_gru_h8,8.0,experiments/results/baseline_v2/reused/backbone_upgrade/experiments/results/trainable_matched/predictions/beijing_24h_6h_station1013_seed2047_center_gru_h8.npz
beijing_24h_6h_station1013_seed2048_center_gru_h8,beijing,24,6,1013,2048,gru,,center_gru_h8,,,,,completed,40.0,0.4966197311878204,4.070569745999819,0.0072772159983287,,test,,1,9.0,318.0,318.0,318.0,predictions/beijing_24h_6h_station1013_seed2048_center_gru_h8.npz,checkpoints/beijing_24h_6h_station1013_seed2048_center_gru_h8.pt,training_logs/beijing_24h_6h_station1013_seed2048_center_gru_h8.csv,0.2762203216552734,0.5255666671843577,0.3087444305419922,39.16203308105469,23.005754470825195,33.380863189697266,False,,,39.84638977050781,22.57869529724121,-1.7174873141447047,True,center_gru_h8,8.0,experiments/results/baseline_v2/reused/backbone_upgrade/experiments/results/trainable_matched/predictions/beijing_24h_6h_station1013_seed2048_center_gru_h8.npz
beijing_24h_6h_station1013_seed2049_center_gru_h8,beijing,24,6,1013,2049,gru,,center_gru_h8,,,,,completed,40.0,0.5091990232467651,4.341894279001281,0.0105483799998182,,test,,1,9.0,318.0,318.0,318.0,predictions/beijing_24h_6h_station1013_seed2049_center_gru_h8.npz,checkpoints/beijing_24h_6h_station1013_seed2049_center_gru_h8.pt,training_logs/beijing_24h_6h_station1013_seed2049_center_gru_h8.csv,0.2818056941032409,0.5308537407829401,0.3125689029693603,39.55599212646485,23.290733337402344,33.21072006225586,False,,,39.889404296875,22.915658950805664,-0.8358414378132721,True,center_gru_h8,8.0,experiments/results/baseline_v2/reused/backbone_upgrade/experiments/results/trainable_matched/predictions/beijing_24h_6h_station1013_seed2049_center_gru_h8.npz
beijing_24h_12h_station1013_seed2047_center_gru_h8,beijing,24,12,1013,2047,gru,,center_gru_h8,,,,,completed,40.0,0.8086478114128113,4.391354123999918,0.006971616001465,,test,,1,9.0,372.0,372.0,372.0,predictions/beijing_24h_12h_station1013_seed2047_center_gru_h8.npz,checkpoints/beijing_24h_12h_station1013_seed2047_center_gru_h8.pt,training_logs/beijing_24h_12h_station1013_seed2047_center_gru_h8.csv,0.4439689815044403,0.6663099740394408,0.4279529154300689,49.641845703125,31.883621215820312,44.25624465942383,False,,,51.547157287597656,31.825634002685547,-3.6962495794721115,True,center_gru_h8,8.0,experiments/results/baseline_v2/reused/backbone_upgrade/experiments/results/trainable_matched/predictions/beijing_24h_12h_station1013_seed2047_center_gru_h8.npz
beijing_24h_12h_station1013_seed2048_center_gru_h8,beijing,24,12,1013,2048,gru,,center_gru_h8,,,,,completed,40.0,0.818716824054718,4.15556147299867,0.0073883139993995,,test,,1,9.0,372.0,372.0,372.0,predictions/beijing_24h_12h_station1013_seed2048_center_gru_h8.npz,checkpoints/beijing_24h_12h_station1013_seed2048_center_gru_h8.pt,training_logs/beijing_24h_12h_station1013_seed2048_center_gru_h8.csv,0.4445940554141998,0.6667788654525575,0.4280190765857696,49.6767807006836,31.888547897338867,44.01884460449219,False,,,51.48316192626953,31.6285343170166,-3.508683534575633,True,center_gru_h8,8.0,experiments/results/baseline_v2/reused/backbone_upgrade/experiments/results/trainable_matched/predictions/beijing_24h_12h_station1013_seed2048_center_gru_h8.npz
beijing_24h_12h_station1013_seed2049_center_gru_h8,beijing,24,12,1013,2049,gru,,center_gru_h8,,,,,completed,40.0,0.8280912041664124,3.962627808001344,0.0076955519998591,,test,,1,9.0,372.0,372.0,372.0,predictions/beijing_24h_12h_station1013_seed2049_center_gru_h8.npz,checkpoints/beijing_24h_12h_station1013_seed2049_center_gru_h8.pt,training_logs/beijing_24h_12h_station1013_seed2049_center_gru_h8.csv,0.4439432919025421,0.6662906962449214,0.4276229739189148,49.64041519165039,31.859041213989254,43.79560470581055,False,,,51.83720016479492,32.26030349731445,-4.237854216973067,True,center_gru_h8,8.0,experiments/results/baseline_v2/reused/backbone_upgrade/experiments/results/trainable_matched/predictions/beijing_24h_12h_station1013_seed2049_center_gru_h8.npz
beijing_24h_24h_station1013_seed2047_center_gru_h8,beijing,24,24,1013,2047,gru,,center_gru_h8,,,,,completed,39.0,1.2111473083496094,4.0116428380006255,0.0071482950006611,,test,,1,9.0,480.0,480.0,480.0,predictions/beijing_24h_24h_station1013_seed2047_center_gru_h8.npz,checkpoints/beijing_24h_24h_station1013_seed2047_center_gru_h8.pt,training_logs/beijing_24h_24h_station1013_seed2047_center_gru_h8.csv,0.6407017707824707,0.8004384865699992,0.5522851347923279,59.61714553833008,41.1345329284668,54.372840881347656,False,,,64.3062973022461,43.40291213989258,-7.291901354351858,True,center_gru_h8,8.0,experiments/results/baseline_v2/reused/backbone_upgrade/experiments/results/trainable_matched/predictions/beijing_24h_24h_station1013_seed2047_center_gru_h8.npz
beijing_24h_24h_station1013_seed2048_center_gru_h8,beijing,24,24,1013,2048,gru,,center_gru_h8,,,,,completed,40.0,1.2052723169326782,3.932140934999552,0.0069767019995197,,test,,1,9.0,480.0,480.0,480.0,predictions/beijing_24h_24h_station1013_seed2048_center_gru_h8.npz,checkpoints/beijing_24h_24h_station1013_seed2048_center_gru_h8.pt,training_logs/beijing_24h_24h_station1013_seed2048_center_gru_h8.csv,0.6426671147346497,0.8016652136238978,0.5513011813163757,59.70851135253906,41.06124496459961,54.091102600097656,False,,,64.8437271118164,43.64160919189453,-7.919371677112555,True,center_gru_h8,8.0,experiments/results/baseline_v2/reused/backbone_upgrade/experiments/results/trainable_matched/predictions/beijing_24h_24h_station1013_seed2048_center_gru_h8.npz
beijing_24h_24h_station1013_seed2049_center_gru_h8,beijing,24,24,1013,2049,gru,,center_gru_h8,,,,,completed,40.0,1.2119368314743042,3.923672754999643,0.0073313209995831,,test,,1,9.0,480.0,480.0,480.0,predictions/beijing_24h_24h_station1013_seed2049_center_gru_h8.npz,checkpoints/beijing_24h_24h_station1013_seed2049_center_gru_h8.pt,training_logs/beijing_24h_24h_station1013_seed2049_center_gru_h8.csv,0.6405805349349976,0.8003627520911987,0.5533507466316223,59.61150741577149,41.213897705078125,54.29835891723633,False,,,65.344482421875,44.265323638916016,-8.773464558324076,True,center_gru_h8,8.0,experiments/results/baseline_v2/reused/backbone_upgrade/experiments/results/trainable_matched/predictions/beijing_24h_24h_station1013_seed2049_center_gru_h8.npz
beijing_48h_1h_station1013_seed2047_center_gru_h8,beijing,48,1,1013,2047,gru,,center_gru_h8,,,,,completed,40.0,0.1187528073787689,7.810337531000187,0.0124539120006375,,test,,1,9.0,273.0,273.0,273.0,predictions/beijing_48h_1h_station1013_seed2047_center_gru_h8.npz,checkpoints/beijing_48h_1h_station1013_seed2047_center_gru_h8.pt,training_logs/beijing_48h_1h_station1013_seed2047_center_gru_h8.csv,0.0713391602039337,0.2670939164487535,0.1331210136413574,19.8933162689209,9.914934158325195,16.120609283447266,False,,,20.97980499267578,10.450782775878906,-5.178736047042309,True,center_gru_h8,8.0,experiments/results/baseline_v2/reused/backbone_upgrade/experiments/results/trainable_matched/predictions/beijing_48h_1h_station1013_seed2047_center_gru_h8.npz
beijing_48h_1h_station1013_seed2048_center_gru_h8,beijing,48,1,1013,2048,gru,,center_gru_h8,,,,,completed,40.0,0.1334331184625625,6.719794747999913,0.0126595139990968,,test,,1,9.0,273.0,273.0,273.0,predictions/beijing_48h_1h_station1013_seed2048_center_gru_h8.npz,checkpoints/beijing_48h_1h_station1013_seed2048_center_gru_h8.pt,training_logs/beijing_48h_1h_station1013_seed2048_center_gru_h8.csv,0.0752349197864532,0.2742898463057888,0.135440856218338,20.42927360534668,10.087717056274414,15.77114486694336,False,,,20.553361892700195,10.137685775756836,-0.6037371793545233,True,center_gru_h8,8.0,experiments/results/baseline_v2/reused/backbone_upgrade/experiments/results/trainable_matched/predictions/beijing_48h_1h_station1013_seed2048_center_gru_h8.npz
beijing_48h_1h_station1013_seed2049_center_gru_h8,beijing,48,1,1013,2049,gru,,center_gru_h8,,,,,completed,40.0,0.1248388215899467,6.634174560000247,0.0126179250000859,,test,,1,9.0,273.0,273.0,273.0,predictions/beijing_48h_1h_station1013_seed2049_center_gru_h8.npz,checkpoints/beijing_48h_1h_station1013_seed2049_center_gru_h8.pt,training_logs/beijing_48h_1h_station1013_seed2049_center_gru_h8.csv,0.0737833976745605,0.2716309954231301,0.1348891258239746,20.23124122619629,10.046624183654783,16.530292510986328,False,,,20.929391860961918,10.169209480285645,-3.335742573905544,True,center_gru_h8,8.0,experiments/results/baseline_v2/reused/backbone_upgrade/experiments/results/trainable_matched/predictions/beijing_48h_1h_station1013_seed2049_center_gru_h8.npz
beijing_48h_3h_station1013_seed2047_center_gru_h8,beijing,48,3,1013,2047,gru,,center_gru_h8,,,,,completed,40.0,0.3045123517513275,6.641758243000368,0.0126712749988655,,test,,1,9.0,291.0,291.0,291.0,predictions/beijing_48h_3h_station1013_seed2047_center_gru_h8.npz,checkpoints/beijing_48h_3h_station1013_seed2047_center_gru_h8.pt,training_logs/beijing_48h_3h_station1013_seed2047_center_gru_h8.csv,0.1696369796991348,0.4118701005160909,0.2253134101629257,30.67397689819336,16.780189514160156,24.803844451904297,False,,,31.18783187866211,16.69637680053711,-1.6476136669837445,True,center_gru_h8,8.0,experiments/results/baseline_v2/reused/backbone_upgrade/experiments/results/trainable_matched/predictions/beijing_48h_3h_station1013_seed2047_center_gru_h8.npz
beijing_48h_3h_station1013_seed2048_center_gru_h8,beijing,48,3,1013,2048,gru,,center_gru_h8,,,,,completed,40.0,0.308853805065155,6.635385386000053,0.0127281069999298,,test,,1,9.0,291.0,291.0,291.0,predictions/beijing_48h_3h_station1013_seed2048_center_gru_h8.npz,checkpoints/beijing_48h_3h_station1013_seed2048_center_gru_h8.pt,training_logs/beijing_48h_3h_station1013_seed2048_center_gru_h8.csv,0.1688926070928573,0.4109654572988554,0.2256633192300796,30.606603622436523,16.806249618530273,25.269962310791016,False,,,31.051353454589844,16.6970157623291,-1.432304175738207,True,center_gru_h8,8.0,experiments/results/baseline_v2/reused/backbone_upgrade/experiments/results/trainable_matched/predictions/beijing_48h_3h_station1013_seed2048_center_gru_h8.npz
beijing_48h_3h_station1013_seed2049_center_gru_h8,beijing,48,3,1013,2049,gru,,center_gru_h8,,,,,completed,40.0,0.2870379686355591,6.631745840999429,0.0126766360008332,,test,,1,9.0,291.0,291.0,291.0,predictions/beijing_48h_3h_station1013_seed2049_center_gru_h8.npz,checkpoints/beijing_48h_3h_station1013_seed2049_center_gru_h8.pt,training_logs/beijing_48h_3h_station1013_seed2049_center_gru_h8.csv,0.1653550863265991,0.4066387663843662,0.2211010605096817,30.284374237060547,16.466474533081055,25.0977725982666,False,,,31.17669677734375,16.931669235229492,-2.8621458734257508,True,center_gru_h8,8.0,experiments/results/baseline_v2/reused/backbone_upgrade/experiments/results/trainable_matched/predictions/beijing_48h_3h_station1013_seed2049_center_gru_h8.npz
beijing_48h_6h_station1013_seed2047_center_gru_h8,beijing,48,6,1013,2047,gru,,center_gru_h8,,,,,completed,40.0,0.5034818053245544,6.8280736729993805,0.0128071460003411,,test,,1,9.0,318.0,318.0,318.0,predictions/beijing_48h_6h_station1013_seed2047_center_gru_h8.npz,checkpoints/beijing_48h_6h_station1013_seed2047_center_gru_h8.pt,training_logs/beijing_48h_6h_station1013_seed2047_center_gru_h8.csv,0.2799527645111084,0.5291056269887029,0.3140645921230316,39.40507888793945,23.389923095703125,34.25423049926758,False,,,41.811302185058594,24.404136657714844,-5.754958997615272,True,center_gru_h8,8.0,experiments/results/baseline_v2/reused/backbone_upgrade/experiments/results/trainable_matched/predictions/beijing_48h_6h_station1013_seed2047_center_gru_h8.npz
beijing_48h_6h_station1013_seed2048_center_gru_h8,beijing,48,6,1013,2048,gru,,center_gru_h8,,,,,completed,40.0,0.4968703985214233,6.716177679001703,0.0126608650007256,,test,,1,9.0,318.0,318.0,318.0,predictions/beijing_48h_6h_station1013_seed2048_center_gru_h8.npz,checkpoints/beijing_48h_6h_station1013_seed2048_center_gru_h8.pt,training_logs/beijing_48h_6h_station1013_seed2048_center_gru_h8.csv,0.2770476937294006,0.5263532024500285,0.3091572523117065,39.20009231567383,23.02444839477539,33.276947021484375,False,,,41.650672912597656,23.962068557739254,-5.8836518729632,True,center_gru_h8,8.0,experiments/results/baseline_v2/reused/backbone_upgrade/experiments/results/trainable_matched/predictions/beijing_48h_6h_station1013_seed2048_center_gru_h8.npz
beijing_48h_6h_station1013_seed2049_center_gru_h8,beijing,48,6,1013,2049,gru,,center_gru_h8,,,,,completed,40.0,0.5101868510246277,6.665883650000978,0.0126896769997983,,test,,1,9.0,318.0,318.0,318.0,predictions/beijing_48h_6h_station1013_seed2049_center_gru_h8.npz,checkpoints/beijing_48h_6h_station1013_seed2049_center_gru_h8.pt,training_logs/beijing_48h_6h_station1013_seed2049_center_gru_h8.csv,0.2828114926815033,0.5318002375718756,0.3133096694946289,39.60575866699219,23.33370018005371,33.11779022216797,False,,,42.05476379394531,24.104082107543945,-5.823371494731144,True,center_gru_h8,8.0,experiments/results/baseline_v2/reused/backbone_upgrade/experiments/results/trainable_matched/predictions/beijing_48h_6h_station1013_seed2049_center_gru_h8.npz
beijing_48h_12h_station1013_seed2047_center_gru_h8,beijing,48,12,1013,2047,gru,,center_gru_h8,,,,,completed,40.0,0.8096737861633301,6.85415280000052,0.0129564920007396,,test,,1,9.0,372.0,372.0,372.0,predictions/beijing_48h_12h_station1013_seed2047_center_gru_h8.npz,checkpoints/beijing_48h_12h_station1013_seed2047_center_gru_h8.pt,training_logs/beijing_48h_12h_station1013_seed2047_center_gru_h8.csv,0.4454748928546905,0.6674390555359272,0.4293403923511505,49.69930267333984,31.96983337402344,44.36067199707031,False,,,57.32188415527344,35.63805389404297,-13.297855774045324,True,center_gru_h8,8.0,experiments/results/baseline_v2/reused/backbone_upgrade/experiments/results/trainable_matched/predictions/beijing_48h_12h_station1013_seed2047_center_gru_h8.npz
beijing_48h_12h_station1013_seed2048_center_gru_h8,beijing,48,12,1013,2048,gru,,center_gru_h8,,,,,completed,39.0,0.8189248442649841,6.671913353999116,0.0126386609990731,,test,,1,9.0,372.0,372.0,372.0,predictions/beijing_48h_12h_station1013_seed2048_center_gru_h8.npz,checkpoints/beijing_48h_12h_station1013_seed2048_center_gru_h8.pt,training_logs/beijing_48h_12h_station1013_seed2048_center_gru_h8.csv,0.4466673135757446,0.6683317391653225,0.4296152293682098,49.76577758789063,31.99030113220215,44.12960433959961,False,,,52.859134674072266,33.03700637817383,-5.8520766661338195,True,center_gru_h8,8.0,experiments/results/baseline_v2/reused/backbone_upgrade/experiments/results/trainable_matched/predictions/beijing_48h_12h_station1013_seed2048_center_gru_h8.npz
beijing_48h_12h_station1013_seed2049_center_gru_h8,beijing,48,12,1013,2049,gru,,center_gru_h8,,,,,completed,39.0,0.8281235098838806,6.683620787000109,0.0127500939997844,,test,,1,9.0,372.0,372.0,372.0,predictions/beijing_48h_12h_station1013_seed2049_center_gru_h8.npz,checkpoints/beijing_48h_12h_station1013_seed2049_center_gru_h8.pt,training_logs/beijing_48h_12h_station1013_seed2049_center_gru_h8.csv,0.4455679953098297,0.667508797926911,0.4293913245201111,49.70449447631836,31.9736270904541,43.88677597045898,False,,,55.133583068847656,34.52684020996094,-9.84715356836098,True,center_gru_h8,8.0,experiments/results/baseline_v2/reused/backbone_upgrade/experiments/results/trainable_matched/predictions/beijing_48h_12h_station1013_seed2049_center_gru_h8.npz
beijing_48h_24h_station1013_seed2047_center_gru_h8,beijing,48,24,1013,2047,gru,,center_gru_h8,,,,,completed,40.0,1.2211264371871948,6.836373766000179,0.0129207339996355,,test,,1,9.0,480.0,480.0,480.0,predictions/beijing_48h_24h_station1013_seed2047_center_gru_h8.npz,checkpoints/beijing_48h_24h_station1013_seed2047_center_gru_h8.pt,training_logs/beijing_48h_24h_station1013_seed2047_center_gru_h8.csv,0.6388773322105408,0.7992980246507186,0.5515041947364807,59.49930953979492,41.053672790527344,54.29780578613281,False,,,69.85392761230469,46.93188095092773,-14.823243912609735,True,center_gru_h8,8.0,experiments/results/baseline_v2/reused/backbone_upgrade/experiments/results/trainable_matched/predictions/beijing_48h_24h_station1013_seed2047_center_gru_h8.npz
beijing_48h_24h_station1013_seed2048_center_gru_h8,beijing,48,24,1013,2048,gru,,center_gru_h8,,,,,completed,38.0,1.2159390449523926,6.695797366999614,0.0129566249997878,,test,,1,9.0,480.0,480.0,480.0,predictions/beijing_48h_24h_station1013_seed2048_center_gru_h8.npz,checkpoints/beijing_48h_24h_station1013_seed2048_center_gru_h8.pt,training_logs/beijing_48h_24h_station1013_seed2048_center_gru_h8.csv,0.6392726302146912,0.7995452646440295,0.5522676110267639,59.5177116394043,41.11050033569336,54.1630973815918,False,,,68.12368774414062,45.795066833496094,-12.632868815115687,True,center_gru_h8,8.0,experiments/results/baseline_v2/reused/backbone_upgrade/experiments/results/trainable_matched/predictions/beijing_48h_24h_station1013_seed2048_center_gru_h8.npz
beijing_48h_24h_station1013_seed2049_center_gru_h8,beijing,48,24,1013,2049,gru,,center_gru_h8,,,,,completed,40.0,1.2211555242538452,6.739418356999522,0.0128354640000907,,test,,1,9.0,480.0,480.0,480.0,predictions/beijing_48h_24h_station1013_seed2049_center_gru_h8.npz,checkpoints/beijing_48h_24h_station1013_seed2049_center_gru_h8.pt,training_logs/beijing_48h_24h_station1013_seed2049_center_gru_h8.csv,0.6393274068832397,0.7995795187992497,0.552935004234314,59.520263671875,41.16017532348633,54.22242736816406,False,,,70.52690887451172,47.815460205078125,-15.606305987719955,True,center_gru_h8,8.0,experiments/results/baseline_v2/reused/backbone_upgrade/experiments/results/trainable_matched/predictions/beijing_48h_24h_station1013_seed2049_center_gru_h8.npz
beijing_72h_1h_station1013_seed2047_center_gru_h8,beijing,72,1,1013,2047,gru,,center_gru_h8,,,,,completed,30.0,0.2305412739515304,5.723223168999539,0.0138389959993219,,test,,1,9.0,273.0,273.0,273.0,predictions/beijing_72h_1h_station1013_seed2047_center_gru_h8.npz,checkpoints/beijing_72h_1h_station1013_seed2047_center_gru_h8.pt,training_logs/beijing_72h_1h_station1013_seed2047_center_gru_h8.csv,0.1047101393342018,0.3235894610987845,0.1774461418390274,24.08782386779785,13.208992958068848,20.511201858520508,False,,,21.06454849243164,10.74881076812744,14.352433789181168,False,center_gru_h8,8.0,experiments/results/baseline_v2/reused/backbone_upgrade/experiments/results/trainable_matched/predictions/beijing_72h_1h_station1013_seed2047_center_gru_h8.npz
beijing_72h_1h_station1013_seed2048_center_gru_h8,beijing,72,1,1013,2048,gru,,center_gru_h8,,,,,completed,30.0,0.2901047468185425,5.468440022999857,0.0134569459987687,,test,,1,9.0,273.0,273.0,273.0,predictions/beijing_72h_1h_station1013_seed2048_center_gru_h8.npz,checkpoints/beijing_72h_1h_station1013_seed2048_center_gru_h8.pt,training_logs/beijing_72h_1h_station1013_seed2048_center_gru_h8.csv,0.1255891919136047,0.3543856542152979,0.1996183395385742,26.380273818969727,14.85948085784912,22.5655517578125,False,,,20.968732833862305,10.600374221801758,25.807668150401298,False,center_gru_h8,8.0,experiments/results/baseline_v2/reused/backbone_upgrade/experiments/results/trainable_matched/predictions/beijing_72h_1h_station1013_seed2048_center_gru_h8.npz
beijing_72h_1h_station1013_seed2049_center_gru_h8,beijing,72,1,1013,2049,gru,,center_gru_h8,,,,,completed,30.0,0.2533488273620605,5.460889189998852,0.013571931000115,,test,,1,9.0,273.0,273.0,273.0,predictions/beijing_72h_1h_station1013_seed2049_center_gru_h8.npz,checkpoints/beijing_72h_1h_station1013_seed2049_center_gru_h8.pt,training_logs/beijing_72h_1h_station1013_seed2049_center_gru_h8.csv,0.1123087108135223,0.3351249182223285,0.1875441074371338,24.946514129638672,13.960680961608888,22.402536392211918,False,,,21.28269386291504,10.951455116271973,17.215021229562563,False,center_gru_h8,8.0,experiments/results/baseline_v2/reused/backbone_upgrade/experiments/results/trainable_matched/predictions/beijing_72h_1h_station1013_seed2049_center_gru_h8.npz
beijing_72h_3h_station1013_seed2047_center_gru_h8,beijing,72,3,1013,2047,gru,,center_gru_h8,,,,,completed,30.0,0.4889421463012695,5.495562123000127,0.0136307760003546,,test,,1,9.0,291.0,291.0,291.0,predictions/beijing_72h_3h_station1013_seed2047_center_gru_h8.npz,checkpoints/beijing_72h_3h_station1013_seed2047_center_gru_h8.pt,training_logs/beijing_72h_3h_station1013_seed2047_center_gru_h8.csv,0.2300407290458679,0.4796256134172443,0.2885781228542328,35.70066833496094,21.48015594482422,31.105541229248047,False,,,31.00885581970215,17.128154754638672,15.13055671108556,False,center_gru_h8,8.0,experiments/results/baseline_v2/reused/backbone_upgrade/experiments/results/trainable_matched/predictions/beijing_72h_3h_station1013_seed2047_center_gru_h8.npz
beijing_72h_3h_station1013_seed2048_center_gru_h8,beijing,72,3,1013,2048,gru,,center_gru_h8,,,,,completed,30.0,0.5024884939193726,5.50646442300058,0.0135823100008565,,test,,1,9.0,291.0,291.0,291.0,predictions/beijing_72h_3h_station1013_seed2048_center_gru_h8.npz,checkpoints/beijing_72h_3h_station1013_seed2048_center_gru_h8.pt,training_logs/beijing_72h_3h_station1013_seed2048_center_gru_h8.csv,0.2341792285442352,0.4839206841458993,0.2930971980094909,36.02037048339844,21.816530227661133,33.2316780090332,False,,,31.21354103088379,16.76036262512207,15.399821019212784,False,center_gru_h8,8.0,experiments/results/baseline_v2/reused/backbone_upgrade/experiments/results/trainable_matched/predictions/beijing_72h_3h_station1013_seed2048_center_gru_h8.npz
beijing_72h_3h_station1013_seed2049_center_gru_h8,beijing,72,3,1013,2049,gru,,center_gru_h8,,,,,completed,30.0,0.4101997017860412,5.487870642999042,0.0134971439983928,,test,,1,9.0,291.0,291.0,291.0,predictions/beijing_72h_3h_station1013_seed2049_center_gru_h8.npz,checkpoints/beijing_72h_3h_station1013_seed2049_center_gru_h8.pt,training_logs/beijing_72h_3h_station1013_seed2049_center_gru_h8.csv,0.2053512036800384,0.4531569305219092,0.2646419703960418,33.73048782348633,19.6984806060791,29.356420516967773,False,,,31.59510612487793,17.138343811035156,6.7585837191634015,False,center_gru_h8,8.0,experiments/results/baseline_v2/reused/backbone_upgrade/experiments/results/trainable_matched/predictions/beijing_72h_3h_station1013_seed2049_center_gru_h8.npz
beijing_72h_6h_station1013_seed2047_center_gru_h8,beijing,72,6,1013,2047,gru,,center_gru_h8,,,,,completed,30.0,0.6295405626296997,5.49434128699977,0.0135494080004718,,test,,1,9.0,318.0,318.0,318.0,predictions/beijing_72h_6h_station1013_seed2047_center_gru_h8.npz,checkpoints/beijing_72h_6h_station1013_seed2047_center_gru_h8.pt,training_logs/beijing_72h_6h_station1013_seed2047_center_gru_h8.csv,0.3207437992095947,0.5663424751946429,0.3548378646373749,42.1525993347168,26.4104118347168,38.07560729980469,False,,,41.74861526489258,24.63315200805664,0.9676586091801199,False,center_gru_h8,8.0,experiments/results/baseline_v2/reused/backbone_upgrade/experiments/results/trainable_matched/predictions/beijing_72h_6h_station1013_seed2047_center_gru_h8.npz
beijing_72h_6h_station1013_seed2048_center_gru_h8,beijing,72,6,1013,2048,gru,,center_gru_h8,,,,,completed,30.0,0.6157138347625732,5.4715104890001385,0.0134841210001468,,test,,1,9.0,318.0,318.0,318.0,predictions/beijing_72h_6h_station1013_seed2048_center_gru_h8.npz,checkpoints/beijing_72h_6h_station1013_seed2048_center_gru_h8.pt,training_logs/beijing_72h_6h_station1013_seed2048_center_gru_h8.csv,0.3138215839862823,0.5601978079092084,0.3495225310325622,41.695255279541016,26.014795303344727,37.60064697265625,False,,,41.156280517578125,24.216215133666992,1.3095808347712345,False,center_gru_h8,8.0,experiments/results/baseline_v2/reused/backbone_upgrade/experiments/results/trainable_matched/predictions/beijing_72h_6h_station1013_seed2048_center_gru_h8.npz
beijing_72h_6h_station1013_seed2049_center_gru_h8,beijing,72,6,1013,2049,gru,,center_gru_h8,,,,,completed,30.0,0.6687852740287781,5.486176209000405,0.0135888640015764,,test,,1,9.0,318.0,318.0,318.0,predictions/beijing_72h_6h_station1013_seed2049_center_gru_h8.npz,checkpoints/beijing_72h_6h_station1013_seed2049_center_gru_h8.pt,training_logs/beijing_72h_6h_station1013_seed2049_center_gru_h8.csv,0.3393781781196594,0.5825617376035431,0.3712038993835449,43.35979080200195,27.62852668762207,39.55409240722656,False,,,41.276737213134766,24.22653007507324,5.046555831463186,False,center_gru_h8,8.0,experiments/results/baseline_v2/reused/backbone_upgrade/experiments/results/trainable_matched/predictions/beijing_72h_6h_station1013_seed2049_center_gru_h8.npz
beijing_72h_12h_station1013_seed2047_center_gru_h8,beijing,72,12,1013,2047,gru,,center_gru_h8,,,,,completed,30.0,0.8988380432128906,5.495764776000215,0.013808664998578,,test,,1,9.0,372.0,372.0,372.0,predictions/beijing_72h_12h_station1013_seed2047_center_gru_h8.npz,checkpoints/beijing_72h_12h_station1013_seed2047_center_gru_h8.pt,training_logs/beijing_72h_12h_station1013_seed2047_center_gru_h8.csv,0.4755626022815704,0.689610471412355,0.457719475030899,51.325828552246094,34.06681442260742,46.8280029296875,False,,,56.09211349487305,35.244869232177734,-8.497246129017055,True,center_gru_h8,8.0,experiments/results/baseline_v2/reused/backbone_upgrade/experiments/results/trainable_matched/predictions/beijing_72h_12h_station1013_seed2047_center_gru_h8.npz
beijing_72h_12h_station1013_seed2048_center_gru_h8,beijing,72,12,1013,2048,gru,,center_gru_h8,,,,,completed,30.0,0.9326956868171692,5.500839937998535,0.0135967780006467,,test,,1,9.0,372.0,372.0,372.0,predictions/beijing_72h_12h_station1013_seed2048_center_gru_h8.npz,checkpoints/beijing_72h_12h_station1013_seed2048_center_gru_h8.pt,training_logs/beijing_72h_12h_station1013_seed2048_center_gru_h8.csv,0.4844209849834442,0.6960035811570543,0.4651757776737213,51.80165100097656,34.62176513671875,47.666534423828125,False,,,55.03749084472656,34.67401123046875,-5.879337509914922,True,center_gru_h8,8.0,experiments/results/baseline_v2/reused/backbone_upgrade/experiments/results/trainable_matched/predictions/beijing_72h_12h_station1013_seed2048_center_gru_h8.npz
beijing_72h_12h_station1013_seed2049_center_gru_h8,beijing,72,12,1013,2049,gru,,center_gru_h8,,,,,completed,30.0,0.9686845541000366,5.473219081000934,0.013519490001272,,test,,1,9.0,372.0,372.0,372.0,predictions/beijing_72h_12h_station1013_seed2049_center_gru_h8.npz,checkpoints/beijing_72h_12h_station1013_seed2049_center_gru_h8.pt,training_logs/beijing_72h_12h_station1013_seed2049_center_gru_h8.csv,0.4913992881774902,0.7009987790128384,0.46653613448143,52.173431396484375,34.72301483154297,47.10979843139648,False,,,54.70387268066406,35.244651794433594,-4.625707761041407,True,center_gru_h8,8.0,experiments/results/baseline_v2/reused/backbone_upgrade/experiments/results/trainable_matched/predictions/beijing_72h_12h_station1013_seed2049_center_gru_h8.npz
beijing_72h_24h_station1013_seed2047_center_gru_h8,beijing,72,24,1013,2047,gru,,center_gru_h8,,,,,completed,30.0,1.2848501205444336,5.487210593000782,0.0137506210012361,,test,,1,9.0,480.0,480.0,480.0,predictions/beijing_72h_24h_station1013_seed2047_center_gru_h8.npz,checkpoints/beijing_72h_24h_station1013_seed2047_center_gru_h8.pt,training_logs/beijing_72h_24h_station1013_seed2047_center_gru_h8.csv,0.6568896174430847,0.810487271610779,0.5691267848014832,60.30904769897461,42.34920883178711,56.09273910522461,False,,,65.6296157836914,44.675662994384766,-8.10696211029614,True,center_gru_h8,8.0,experiments/results/baseline_v2/reused/backbone_upgrade/experiments/results/trainable_matched/predictions/beijing_72h_24h_station1013_seed2047_center_gru_h8.npz
beijing_72h_24h_station1013_seed2048_center_gru_h8,beijing,72,24,1013,2048,gru,,center_gru_h8,,,,,completed,30.0,1.3005530834197998,5.480446526000378,0.0136216230002901,,test,,1,9.0,480.0,480.0,480.0,predictions/beijing_72h_24h_station1013_seed2048_center_gru_h8.npz,checkpoints/beijing_72h_24h_station1013_seed2048_center_gru_h8.pt,training_logs/beijing_72h_24h_station1013_seed2048_center_gru_h8.csv,0.6627923846244812,0.8141206204393064,0.5730612277984619,60.57940673828125,42.641971588134766,56.11334991455078,False,,,64.7675552368164,43.77329254150391,-6.466429809217886,True,center_gru_h8,8.0,experiments/results/baseline_v2/reused/backbone_upgrade/experiments/results/trainable_matched/predictions/beijing_72h_24h_station1013_seed2048_center_gru_h8.npz
beijing_72h_24h_station1013_seed2049_center_gru_h8,beijing,72,24,1013,2049,gru,,center_gru_h8,,,,,completed,30.0,1.291230082511902,5.468855060000351,0.0135626829996908,,test,,1,9.0,480.0,480.0,480.0,predictions/beijing_72h_24h_station1013_seed2049_center_gru_h8.npz,checkpoints/beijing_72h_24h_station1013_seed2049_center_gru_h8.pt,training_logs/beijing_72h_24h_station1013_seed2049_center_gru_h8.csv,0.6604655981063843,0.8126903457691522,0.571247398853302,60.47298049926758,42.50700378417969,56.15761947631836,False,,,68.50748443603516,46.28374862670898,-11.72792141312578,True,center_gru_h8,8.0,experiments/results/baseline_v2/reused/backbone_upgrade/experiments/results/trainable_matched/predictions/beijing_72h_24h_station1013_seed2049_center_gru_h8.npz
beijing_168h_1h_station1013_seed2047_center_gru_h8,beijing,168,1,1013,2047,gru,,center_gru_h8,,,,,completed,30.0,0.2273873686790466,11.470443647000138,0.0304998230003548,,test,,1,9.0,273.0,273.0,273.0,predictions/beijing_168h_1h_station1013_seed2047_center_gru_h8.npz,checkpoints/beijing_168h_1h_station1013_seed2047_center_gru_h8.pt,training_logs/beijing_168h_1h_station1013_seed2047_center_gru_h8.csv,0.1057964041829109,0.3252635918496119,0.1790987402200698,24.17740249633789,13.312719345092772,20.68406105041504,False,,,21.871671676635746,11.994721412658691,10.542087746156254,False,center_gru_h8,8.0,experiments/results/baseline_v2/reused/backbone_upgrade/experiments/results/trainable_matched/predictions/beijing_168h_1h_station1013_seed2047_center_gru_h8.npz
beijing_168h_1h_station1013_seed2048_center_gru_h8,beijing,168,1,1013,2048,gru,,center_gru_h8,,,,,completed,30.0,0.2884703278541565,11.492395244000363,0.0299905259998922,,test,,1,9.0,273.0,273.0,273.0,predictions/beijing_168h_1h_station1013_seed2048_center_gru_h8.npz,checkpoints/beijing_168h_1h_station1013_seed2048_center_gru_h8.pt,training_logs/beijing_168h_1h_station1013_seed2048_center_gru_h8.csv,0.1272674649953842,0.356745658691713,0.2020378708839416,26.517520904541016,15.017822265625,22.87375259399414,False,,,21.76912498474121,11.43486213684082,21.81252541444882,False,center_gru_h8,8.0,experiments/results/baseline_v2/reused/backbone_upgrade/experiments/results/trainable_matched/predictions/beijing_168h_1h_station1013_seed2048_center_gru_h8.npz
beijing_168h_1h_station1013_seed2049_center_gru_h8,beijing,168,1,1013,2049,gru,,center_gru_h8,,,,,completed,30.0,0.2523033618927002,11.461806375999004,0.0297481769994192,,test,,1,9.0,273.0,273.0,273.0,predictions/beijing_168h_1h_station1013_seed2049_center_gru_h8.npz,checkpoints/beijing_168h_1h_station1013_seed2049_center_gru_h8.pt,training_logs/beijing_168h_1h_station1013_seed2049_center_gru_h8.csv,0.1140400320291519,0.3376981374380852,0.1899380832910537,25.1016845703125,14.118426322937012,22.61651992797852,False,,,22.61062812805176,12.07103443145752,11.017192570471858,False,center_gru_h8,8.0,experiments/results/baseline_v2/reused/backbone_upgrade/experiments/results/trainable_matched/predictions/beijing_168h_1h_station1013_seed2049_center_gru_h8.npz
beijing_168h_3h_station1013_seed2047_center_gru_h8,beijing,168,3,1013,2047,gru,,center_gru_h8,,,,,completed,30.0,0.4878863394260406,11.508555848999094,0.0297602929986169,,test,,1,9.0,291.0,291.0,291.0,predictions/beijing_168h_3h_station1013_seed2047_center_gru_h8.npz,checkpoints/beijing_168h_3h_station1013_seed2047_center_gru_h8.pt,training_logs/beijing_168h_3h_station1013_seed2047_center_gru_h8.csv,0.2331441640853881,0.4828500430624275,0.2920219600200653,35.89054870605469,21.7061767578125,31.50344467163086,False,,,31.7686710357666,18.36850929260254,12.974661941783747,False,center_gru_h8,8.0,experiments/results/baseline_v2/reused/backbone_upgrade/experiments/results/trainable_matched/predictions/beijing_168h_3h_station1013_seed2047_center_gru_h8.npz
beijing_168h_3h_station1013_seed2048_center_gru_h8,beijing,168,3,1013,2048,gru,,center_gru_h8,,,,,completed,30.0,0.4996364414691925,11.476020977999724,0.0297290239996073,,test,,1,9.0,291.0,291.0,291.0,predictions/beijing_168h_3h_station1013_seed2048_center_gru_h8.npz,checkpoints/beijing_168h_3h_station1013_seed2048_center_gru_h8.pt,training_logs/beijing_168h_3h_station1013_seed2048_center_gru_h8.csv,0.2370439320802688,0.4868715765787409,0.2962448894977569,36.18947219848633,22.02007102966309,33.59838104248047,False,,,31.73417854309082,18.07464408874512,14.039416994348247,False,center_gru_h8,8.0,experiments/results/baseline_v2/reused/backbone_upgrade/experiments/results/trainable_matched/predictions/beijing_168h_3h_station1013_seed2048_center_gru_h8.npz
beijing_168h_3h_station1013_seed2049_center_gru_h8,beijing,168,3,1013,2049,gru,,center_gru_h8,,,,,completed,30.0,0.4107632935047149,11.482814544000576,0.0296222960005252,,test,,1,9.0,291.0,291.0,291.0,predictions/beijing_168h_3h_station1013_seed2049_center_gru_h8.npz,checkpoints/beijing_168h_3h_station1013_seed2049_center_gru_h8.pt,training_logs/beijing_168h_3h_station1013_seed2049_center_gru_h8.csv,0.208497866988182,0.4566156666039636,0.2682491540908813,33.94053268432617,19.939128875732425,29.699525833129883,False,,,32.07843780517578,18.52771759033203,5.804817835767382,False,center_gru_h8,8.0,experiments/results/baseline_v2/reused/backbone_upgrade/experiments/results/trainable_matched/predictions/beijing_168h_3h_station1013_seed2049_center_gru_h8.npz
beijing_168h_6h_station1013_seed2047_center_gru_h8,beijing,168,6,1013,2047,gru,,center_gru_h8,,,,,completed,30.0,0.627875804901123,11.507624244000908,0.0298278280006343,,test,,1,9.0,318.0,318.0,318.0,predictions/beijing_168h_6h_station1013_seed2047_center_gru_h8.npz,checkpoints/beijing_168h_6h_station1013_seed2047_center_gru_h8.pt,training_logs/beijing_168h_6h_station1013_seed2047_center_gru_h8.csv,0.3250410854816437,0.5701237457619562,0.3587900996208191,42.37765884399414,26.669097900390625,38.47098922729492,False,,,42.01683807373047,25.93600273132324,0.8587527924650337,False,center_gru_h8,8.0,experiments/results/baseline_v2/reused/backbone_upgrade/experiments/results/trainable_matched/predictions/beijing_168h_6h_station1013_seed2047_center_gru_h8.npz
beijing_168h_6h_station1013_seed2048_center_gru_h8,beijing,168,6,1013,2048,gru,,center_gru_h8,,,,,completed,30.0,0.6145776510238647,11.565370497000911,0.0296352510013093,,test,,1,9.0,318.0,318.0,318.0,predictions/beijing_168h_6h_station1013_seed2048_center_gru_h8.npz,checkpoints/beijing_168h_6h_station1013_seed2048_center_gru_h8.pt,training_logs/beijing_168h_6h_station1013_seed2048_center_gru_h8.csv,0.3181659579277038,0.5640620160298899,0.3533967435359955,41.92708587646485,26.268205642700195,37.959014892578125,False,,,42.51594543457031,26.329206466674805,-1.3850322557490435,True,center_gru_h8,8.0,experiments/results/baseline_v2/reused/backbone_upgrade/experiments/results/trainable_matched/predictions/beijing_168h_6h_station1013_seed2048_center_gru_h8.npz
beijing_168h_6h_station1013_seed2049_center_gru_h8,beijing,168,6,1013,2049,gru,,center_gru_h8,,,,,completed,30.0,0.6683303713798523,11.454472938001343,0.0296840959999826,,test,,1,9.0,318.0,318.0,318.0,predictions/beijing_168h_6h_station1013_seed2049_center_gru_h8.npz,checkpoints/beijing_168h_6h_station1013_seed2049_center_gru_h8.pt,training_logs/beijing_168h_6h_station1013_seed2049_center_gru_h8.csv,0.3437469601631164,0.5862993775905928,0.37517911195755,43.58000564575195,27.88730239868164,39.932228088378906,False,,,42.00048828125,26.010665893554688,3.7607119086924676,False,center_gru_h8,8.0,experiments/results/baseline_v2/reused/backbone_upgrade/experiments/results/trainable_matched/predictions/beijing_168h_6h_station1013_seed2049_center_gru_h8.npz
beijing_168h_6h_station1013_seed2050_center_gru_h8,beijing,168,6,1013,2050,gru,,center_gru_h8,,,,,completed,30.0,0.6511473655700684,11.4829883959992,0.0295375349996902,,test,,1,9.0,318.0,318.0,318.0,predictions/beijing_168h_6h_station1013_seed2050_center_gru_h8.npz,checkpoints/beijing_168h_6h_station1013_seed2050_center_gru_h8.pt,training_logs/beijing_168h_6h_station1013_seed2050_center_gru_h8.csv,0.3352046906948089,0.5789686439651192,0.3688864409923553,43.03510665893555,27.419565200805664,39.446231842041016,False,,,42.20603942871094,26.009906768798828,1.9643331652214466,False,center_gru_h8,8.0,experiments/results/baseline_v2/reused/backbone_upgrade/experiments/results/trainable_matched/predictions/beijing_168h_6h_station1013_seed2050_center_gru_h8.npz
beijing_168h_6h_station1013_seed2051_center_gru_h8,beijing,168,6,1013,2051,gru,,center_gru_h8,,,,,completed,30.0,0.6602634787559509,11.510956882000755,0.0298851009993086,,test,,1,9.0,318.0,318.0,318.0,predictions/beijing_168h_6h_station1013_seed2051_center_gru_h8.npz,checkpoints/beijing_168h_6h_station1013_seed2051_center_gru_h8.pt,training_logs/beijing_168h_6h_station1013_seed2051_center_gru_h8.csv,0.3359365463256836,0.5796003332691274,0.3708921372890472,43.082061767578125,27.568647384643555,39.68028259277344,False,,,41.76411056518555,25.687108993530277,3.1557027901636165,False,center_gru_h8,8.0,experiments/results/baseline_v2/reused/backbone_upgrade/experiments/results/trainable_matched/predictions/beijing_168h_6h_station1013_seed2051_center_gru_h8.npz
beijing_168h_12h_station1013_seed2047_center_gru_h8,beijing,168,12,1013,2047,gru,,center_gru_h8,,,,,completed,30.0,0.9031765460968018,11.512777373000064,0.0298059359993203,,test,,1,9.0,372.0,372.0,372.0,predictions/beijing_168h_12h_station1013_seed2047_center_gru_h8.npz,checkpoints/beijing_168h_12h_station1013_seed2047_center_gru_h8.pt,training_logs/beijing_168h_12h_station1013_seed2047_center_gru_h8.csv,0.482677012681961,0.694749604305005,0.4620192348957062,51.647491455078125,34.34638214111328,47.04753875732422,False,,,54.23294448852539,36.208377838134766,-4.767310825238884,True,center_gru_h8,8.0,experiments/results/baseline_v2/reused/backbone_upgrade/experiments/results/trainable_matched/predictions/beijing_168h_12h_station1013_seed2047_center_gru_h8.npz
beijing_168h_12h_station1013_seed2048_center_gru_h8,beijing,168,12,1013,2048,gru,,center_gru_h8,,,,,completed,30.0,0.9366017580032348,11.451253980998445,0.0297742969996761,,test,,1,9.0,372.0,372.0,372.0,predictions/beijing_168h_12h_station1013_seed2048_center_gru_h8.npz,checkpoints/beijing_168h_12h_station1013_seed2048_center_gru_h8.pt,training_logs/beijing_168h_12h_station1013_seed2048_center_gru_h8.csv,0.4915700256824493,0.7011205500357619,0.4698700308799743,52.12110900878906,34.93000793457031,47.94921875,False,,,55.16896057128906,36.87693405151367,-5.524576738330208,True,center_gru_h8,8.0,experiments/results/baseline_v2/reused/backbone_upgrade/experiments/results/trainable_matched/predictions/beijing_168h_12h_station1013_seed2048_center_gru_h8.npz
beijing_168h_12h_station1013_seed2049_center_gru_h8,beijing,168,12,1013,2049,gru,,center_gru_h8,,,,,completed,30.0,0.973430871963501,11.462075491999713,0.0299514569996972,,test,,1,9.0,372.0,372.0,372.0,predictions/beijing_168h_12h_station1013_seed2049_center_gru_h8.npz,checkpoints/beijing_168h_12h_station1013_seed2049_center_gru_h8.pt,training_logs/beijing_168h_12h_station1013_seed2049_center_gru_h8.csv,0.4978242516517639,0.7055666174442807,0.4715978801250458,52.45162582397461,35.05845642089844,47.53263092041016,False,,,58.07843780517578,38.81656646728516,-9.688297746706484,True,center_gru_h8,8.0,experiments/results/baseline_v2/reused/backbone_upgrade/experiments/results/trainable_matched/predictions/beijing_168h_12h_station1013_seed2049_center_gru_h8.npz
beijing_168h_24h_station1013_seed2047_center_gru_h8,beijing,168,24,1013,2047,gru,,center_gru_h8,,,,,completed,30.0,1.287514090538025,11.463879708000604,0.0301359370005229,,test,,1,9.0,480.0,480.0,480.0,predictions/beijing_168h_24h_station1013_seed2047_center_gru_h8.npz,checkpoints/beijing_168h_24h_station1013_seed2047_center_gru_h8.pt,training_logs/beijing_168h_24h_station1013_seed2047_center_gru_h8.csv,0.6645752787590027,0.8152148666204528,0.5740599036216736,60.63669204711914,42.69928359985352,56.382423400878906,False,,,67.65840148925781,47.55368041992188,-10.378178153164786,True,center_gru_h8,8.0,experiments/results/baseline_v2/reused/backbone_upgrade/experiments/results/trainable_matched/predictions/beijing_168h_24h_station1013_seed2047_center_gru_h8.npz
beijing_168h_24h_station1013_seed2048_center_gru_h8,beijing,168,24,1013,2048,gru,,center_gru_h8,,,,,completed,30.0,1.3038967847824097,11.481171999999788,0.0301471059992763,,test,,1,9.0,480.0,480.0,480.0,predictions/beijing_168h_24h_station1013_seed2048_center_gru_h8.npz,checkpoints/beijing_168h_24h_station1013_seed2048_center_gru_h8.pt,training_logs/beijing_168h_24h_station1013_seed2048_center_gru_h8.csv,0.670570969581604,0.8188839780955566,0.5782302021980286,60.90959930419922,43.00947570800781,56.43791580200195,False,,,72.7971420288086,50.40897750854492,-16.329683272325475,True,center_gru_h8,8.0,experiments/results/baseline_v2/reused/backbone_upgrade/experiments/results/trainable_matched/predictions/beijing_168h_24h_station1013_seed2048_center_gru_h8.npz
beijing_168h_24h_station1013_seed2049_center_gru_h8,beijing,168,24,1013,2049,gru,,center_gru_h8,,,,,completed,30.0,1.2928314208984375,11.424482675000036,0.0300186679996841,,test,,1,9.0,480.0,480.0,480.0,predictions/beijing_168h_24h_station1013_seed2049_center_gru_h8.npz,checkpoints/beijing_168h_24h_station1013_seed2049_center_gru_h8.pt,training_logs/beijing_168h_24h_station1013_seed2049_center_gru_h8.csv,0.6678177118301392,0.8172011452697182,0.5764520168304443,60.784427642822266,42.87720489501953,56.494361877441406,False,,,66.645751953125,46.83631896972656,-8.794745559214745,True,center_gru_h8,8.0,experiments/results/baseline_v2/reused/backbone_upgrade/experiments/results/trainable_matched/predictions/beijing_168h_24h_station1013_seed2049_center_gru_h8.npz
beijing_24h_1h_station1013_seed2047_center_lstm_h16,beijing,24,1,1013,2047,lstm,,center_lstm_h16,,,,,completed,40.0,0.1073389202356338,3.2419219749999684,0.0095622369999546,,test,,1,9.0,1233.0,1233.0,1233.0,predictions/beijing_24h_1h_station1013_seed2047_center_lstm_h16.npz,checkpoints/beijing_24h_1h_station1013_seed2047_center_lstm_h16.pt,training_logs/beijing_24h_1h_station1013_seed2047_center_lstm_h16.csv,0.0729423314332962,0.2700783801663809,0.132660299539566,20.126163482666016,9.885808944702148,16.246822357177734,False,,,20.988380432128903,10.146111488342283,-4.108068043892562,True,center_lstm_h16,16.0,experiments/results/baseline_v2/reused/backbone_upgrade/experiments/results/trainable_matched/predictions/beijing_24h_1h_station1013_seed2047_center_lstm_h16.npz
beijing_24h_1h_station1013_seed2048_center_lstm_h16,beijing,24,1,1013,2048,lstm,,center_lstm_h16,,,,,completed,40.0,0.1093765050172805,3.264665005999632,0.0065980780000245,,test,,1,9.0,1233.0,1233.0,1233.0,predictions/beijing_24h_1h_station1013_seed2048_center_lstm_h16.npz,checkpoints/beijing_24h_1h_station1013_seed2048_center_lstm_h16.pt,training_logs/beijing_24h_1h_station1013_seed2048_center_lstm_h16.csv,0.0723300874233245,0.2689425355411906,0.1326165646314621,20.04152107238769,9.882550239562988,16.020627975463867,False,,,20.778905868530277,10.011322021484377,-3.548718112532369,True,center_lstm_h16,16.0,experiments/results/baseline_v2/reused/backbone_upgrade/experiments/results/trainable_matched/predictions/beijing_24h_1h_station1013_seed2048_center_lstm_h16.npz
beijing_24h_1h_station1013_seed2049_center_lstm_h16,beijing,24,1,1013,2049,lstm,,center_lstm_h16,,,,,completed,40.0,0.1030094251036644,3.2540634460001456,0.0065563949992792,,test,,1,9.0,1233.0,1233.0,1233.0,predictions/beijing_24h_1h_station1013_seed2049_center_lstm_h16.npz,checkpoints/beijing_24h_1h_station1013_seed2049_center_lstm_h16.pt,training_logs/beijing_24h_1h_station1013_seed2049_center_lstm_h16.csv,0.0725750848650932,0.2693976333695105,0.1320924609899521,20.07543563842773,9.843493461608888,15.951800346374512,False,,,20.896221160888672,10.110241889953612,-3.9279136459236956,True,center_lstm_h16,16.0,experiments/results/baseline_v2/reused/backbone_upgrade/experiments/results/trainable_matched/predictions/beijing_24h_1h_station1013_seed2049_center_lstm_h16.npz
beijing_24h_1h_station1013_seed2050_center_lstm_h16,beijing,24,1,1013,2050,lstm,,center_lstm_h16,,,,,completed,40.0,0.1082209423184394,3.2506644089990004,0.0066937480005435,,test,,1,9.0,1233.0,1233.0,1233.0,predictions/beijing_24h_1h_station1013_seed2050_center_lstm_h16.npz,checkpoints/beijing_24h_1h_station1013_seed2050_center_lstm_h16.pt,training_logs/beijing_24h_1h_station1013_seed2050_center_lstm_h16.csv,0.073979914188385,0.2719924892131858,0.1326396018266677,20.268802642822266,9.884264945983888,15.65574550628662,False,,,21.0170955657959,10.084884643554688,-3.5604012011604307,True,center_lstm_h16,16.0,experiments/results/baseline_v2/reused/backbone_upgrade/experiments/results/trainable_matched/predictions/beijing_24h_1h_station1013_seed2050_center_lstm_h16.npz
beijing_24h_1h_station1013_seed2051_center_lstm_h16,beijing,24,1,1013,2051,lstm,,center_lstm_h16,,,,,completed,40.0,0.1075792163610458,3.287632126999597,0.0065658380008244,,test,,1,9.0,1233.0,1233.0,1233.0,predictions/beijing_24h_1h_station1013_seed2051_center_lstm_h16.npz,checkpoints/beijing_24h_1h_station1013_seed2051_center_lstm_h16.pt,training_logs/beijing_24h_1h_station1013_seed2051_center_lstm_h16.csv,0.0735190510749816,0.2711439674323987,0.1355065256357193,20.205570220947266,10.097908020019531,16.723207473754883,False,,,20.71529197692871,10.02131462097168,-2.4606061867201237,True,center_lstm_h16,16.0,experiments/results/baseline_v2/reused/backbone_upgrade/experiments/results/trainable_matched/predictions/beijing_24h_1h_station1013_seed2051_center_lstm_h16.npz
beijing_24h_3h_station1013_seed2047_center_lstm_h16,beijing,24,3,1013,2047,lstm,,center_lstm_h16,,,,,completed,40.0,0.2708815336227417,3.4490581560003197,0.0066949960000783,,test,,1,9.0,1267.0,1267.0,1267.0,predictions/beijing_24h_3h_station1013_seed2047_center_lstm_h16.npz,checkpoints/beijing_24h_3h_station1013_seed2047_center_lstm_h16.pt,training_logs/beijing_24h_3h_station1013_seed2047_center_lstm_h16.csv,0.1641230583190918,0.4051210415654706,0.217952087521553,30.18950653076172,16.241727828979492,24.493955612182617,False,,,30.44579696655273,16.024797439575195,-0.8417925011868426,True,center_lstm_h16,16.0,experiments/results/baseline_v2/reused/backbone_upgrade/experiments/results/trainable_matched/predictions/beijing_24h_3h_station1013_seed2047_center_lstm_h16.npz
beijing_24h_3h_station1013_seed2048_center_lstm_h16,beijing,24,3,1013,2048,lstm,,center_lstm_h16,,,,,completed,40.0,0.2718414962291717,3.3273045259993523,0.0064903669990599,,test,,1,9.0,1267.0,1267.0,1267.0,predictions/beijing_24h_3h_station1013_seed2048_center_lstm_h16.npz,checkpoints/beijing_24h_3h_station1013_seed2048_center_lstm_h16.pt,training_logs/beijing_24h_3h_station1013_seed2048_center_lstm_h16.csv,0.1627601534128189,0.4034354389649215,0.2154848426580429,30.06389617919922,16.0578670501709,23.967208862304688,False,,,30.800689697265625,16.063575744628906,-2.392133180484644,True,center_lstm_h16,16.0,experiments/results/baseline_v2/reused/backbone_upgrade/experiments/results/trainable_matched/predictions/beijing_24h_3h_station1013_seed2048_center_lstm_h16.npz
beijing_24h_3h_station1013_seed2049_center_lstm_h16,beijing,24,3,1013,2049,lstm,,center_lstm_h16,,,,,completed,40.0,0.2658337950706482,3.3715090160003456,0.0064811510001163,,test,,1,9.0,1267.0,1267.0,1267.0,predictions/beijing_24h_3h_station1013_seed2049_center_lstm_h16.npz,checkpoints/beijing_24h_3h_station1013_seed2049_center_lstm_h16.pt,training_logs/beijing_24h_3h_station1013_seed2049_center_lstm_h16.csv,0.1626617312431335,0.4033134404444433,0.216367706656456,30.05480194091797,16.123659133911133,24.672271728515625,False,,,30.58614921569824,16.17045021057129,-1.7372153357165918,True,center_lstm_h16,16.0,experiments/results/baseline_v2/reused/backbone_upgrade/experiments/results/trainable_matched/predictions/beijing_24h_3h_station1013_seed2049_center_lstm_h16.npz
beijing_24h_6h_station1013_seed2047_center_lstm_h16,beijing,24,6,1013,2047,lstm,,center_lstm_h16,,,,,completed,36.0,0.4783873558044433,4.644387889999052,0.0067055029994662,,test,,1,9.0,1318.0,1318.0,1318.0,predictions/beijing_24h_6h_station1013_seed2047_center_lstm_h16.npz,checkpoints/beijing_24h_6h_station1013_seed2047_center_lstm_h16.pt,training_logs/beijing_24h_6h_station1013_seed2047_center_lstm_h16.csv,0.2774133384227752,0.5267004256907102,0.3067335188388824,39.24651336669922,22.85591506958008,32.95188903808594,False,,,40.0059814453125,22.94923591613769,-1.8983863191844481,True,center_lstm_h16,16.0,experiments/results/baseline_v2/reused/backbone_upgrade/experiments/results/trainable_matched/predictions/beijing_24h_6h_station1013_seed2047_center_lstm_h16.npz
beijing_24h_6h_station1013_seed2048_center_lstm_h16,beijing,24,6,1013,2048,lstm,,center_lstm_h16,,,,,completed,40.0,0.4768654704093933,3.466660122001485,0.0067678939994948,,test,,1,9.0,1318.0,1318.0,1318.0,predictions/beijing_24h_6h_station1013_seed2048_center_lstm_h16.npz,checkpoints/beijing_24h_6h_station1013_seed2048_center_lstm_h16.pt,training_logs/beijing_24h_6h_station1013_seed2048_center_lstm_h16.csv,0.2777810096740722,0.5270493427318473,0.305956482887268,39.27251052856445,22.79801750183105,32.527713775634766,False,,,39.84638977050781,22.57869529724121,-1.4402289523557148,True,center_lstm_h16,16.0,experiments/results/baseline_v2/reused/backbone_upgrade/experiments/results/trainable_matched/predictions/beijing_24h_6h_station1013_seed2048_center_lstm_h16.npz
beijing_24h_6h_station1013_seed2049_center_lstm_h16,beijing,24,6,1013,2049,lstm,,center_lstm_h16,,,,,completed,39.0,0.4789846539497375,3.538606616000834,0.0072614380005688,,test,,1,9.0,1318.0,1318.0,1318.0,predictions/beijing_24h_6h_station1013_seed2049_center_lstm_h16.npz,checkpoints/beijing_24h_6h_station1013_seed2049_center_lstm_h16.pt,training_logs/beijing_24h_6h_station1013_seed2049_center_lstm_h16.csv,0.279827207326889,0.5289869632863262,0.3078456819057464,39.41688919067383,22.93878555297852,33.059608459472656,False,,,39.889404296875,22.915658950805664,-1.1845629548250474,True,center_lstm_h16,16.0,experiments/results/baseline_v2/reused/backbone_upgrade/experiments/results/trainable_matched/predictions/beijing_24h_6h_station1013_seed2049_center_lstm_h16.npz
beijing_24h_12h_station1013_seed2047_center_lstm_h16,beijing,24,12,1013,2047,lstm,,center_lstm_h16,,,,,completed,39.0,0.804794430732727,3.5296516790003807,0.0064623899997968,,test,,1,9.0,1420.0,1420.0,1420.0,predictions/beijing_24h_12h_station1013_seed2047_center_lstm_h16.npz,checkpoints/beijing_24h_12h_station1013_seed2047_center_lstm_h16.pt,training_logs/beijing_24h_12h_station1013_seed2047_center_lstm_h16.csv,0.4431478679180145,0.6656935240168816,0.4245904684066772,49.59591674804688,31.63310813903809,43.60068893432617,False,,,51.547157287597656,31.825634002685547,-3.7853504290531386,True,center_lstm_h16,16.0,experiments/results/baseline_v2/reused/backbone_upgrade/experiments/results/trainable_matched/predictions/beijing_24h_12h_station1013_seed2047_center_lstm_h16.npz
beijing_24h_12h_station1013_seed2048_center_lstm_h16,beijing,24,12,1013,2048,lstm,,center_lstm_h16,,,,,completed,40.0,0.8063682913780212,3.331797877999634,0.0066115190002165,,test,,1,9.0,1420.0,1420.0,1420.0,predictions/beijing_24h_12h_station1013_seed2048_center_lstm_h16.npz,checkpoints/beijing_24h_12h_station1013_seed2048_center_lstm_h16.pt,training_logs/beijing_24h_12h_station1013_seed2048_center_lstm_h16.csv,0.4450255632400512,0.667102363389646,0.423778623342514,49.70088195800781,31.57262420654297,43.19585800170898,False,,,51.48316192626953,31.6285343170166,-3.4618696707365633,True,center_lstm_h16,16.0,experiments/results/baseline_v2/reused/backbone_upgrade/experiments/results/trainable_matched/predictions/beijing_24h_12h_station1013_seed2048_center_lstm_h16.npz
beijing_24h_12h_station1013_seed2049_center_lstm_h16,beijing,24,12,1013,2049,lstm,,center_lstm_h16,,,,,completed,35.0,0.8118017315864563,3.285269622998385,0.0066911650010297,,test,,1,9.0,1420.0,1420.0,1420.0,predictions/beijing_24h_12h_station1013_seed2049_center_lstm_h16.npz,checkpoints/beijing_24h_12h_station1013_seed2049_center_lstm_h16.pt,training_logs/beijing_24h_12h_station1013_seed2049_center_lstm_h16.csv,0.4453175663948059,0.6673211868319527,0.433240532875061,49.71718597412109,32.27756118774414,44.78757858276367,False,,,51.83720016479492,32.26030349731445,-4.089754431053621,True,center_lstm_h16,16.0,experiments/results/baseline_v2/reused/backbone_upgrade/experiments/results/trainable_matched/predictions/beijing_24h_12h_station1013_seed2049_center_lstm_h16.npz
beijing_24h_24h_station1013_seed2047_center_lstm_h16,beijing,24,24,1013,2047,lstm,,center_lstm_h16,,,,,completed,38.0,1.1848814487457275,3.302584302999094,0.0068481369999062,,test,,1,9.0,1624.0,1624.0,1624.0,predictions/beijing_24h_24h_station1013_seed2047_center_lstm_h16.npz,checkpoints/beijing_24h_24h_station1013_seed2047_center_lstm_h16.pt,training_logs/beijing_24h_24h_station1013_seed2047_center_lstm_h16.csv,0.6580200791358948,0.8111843681530696,0.5594887733459473,60.4175033569336,41.67105865478516,55.07892990112305,False,,,64.3062973022461,43.40291213989258,-6.047298800356626,True,center_lstm_h16,16.0,experiments/results/baseline_v2/reused/backbone_upgrade/experiments/results/trainable_matched/predictions/beijing_24h_24h_station1013_seed2047_center_lstm_h16.npz
beijing_24h_24h_station1013_seed2048_center_lstm_h16,beijing,24,24,1013,2048,lstm,,center_lstm_h16,,,,,completed,33.0,1.193045973777771,3.293290091000017,0.006750180000381,,test,,1,9.0,1624.0,1624.0,1624.0,predictions/beijing_24h_24h_station1013_seed2048_center_lstm_h16.npz,checkpoints/beijing_24h_24h_station1013_seed2048_center_lstm_h16.pt,training_logs/beijing_24h_24h_station1013_seed2048_center_lstm_h16.csv,0.6545252203941345,0.8090273298190455,0.5558074712753296,60.2568473815918,41.39687347412109,54.379390716552734,False,,,64.8437271118164,43.64160919189453,-7.073744731414038,True,center_lstm_h16,16.0,experiments/results/baseline_v2/reused/backbone_upgrade/experiments/results/trainable_matched/predictions/beijing_24h_24h_station1013_seed2048_center_lstm_h16.npz
beijing_24h_24h_station1013_seed2049_center_lstm_h16,beijing,24,24,1013,2049,lstm,,center_lstm_h16,,,,,completed,40.0,1.1968172788619995,3.2976984420001827,0.0066709400016407,,test,,1,9.0,1624.0,1624.0,1624.0,predictions/beijing_24h_24h_station1013_seed2049_center_lstm_h16.npz,checkpoints/beijing_24h_24h_station1013_seed2049_center_lstm_h16.pt,training_logs/beijing_24h_24h_station1013_seed2049_center_lstm_h16.csv,0.6495618224143982,0.8059539828144024,0.5555538535118103,60.02793884277344,41.37799072265625,54.64079284667969,False,,,65.344482421875,44.265323638916016,-8.136178269462846,True,center_lstm_h16,16.0,experiments/results/baseline_v2/reused/backbone_upgrade/experiments/results/trainable_matched/predictions/beijing_24h_24h_station1013_seed2049_center_lstm_h16.npz
beijing_48h_1h_station1013_seed2047_center_lstm_h16,beijing,48,1,1013,2047,lstm,,center_lstm_h16,,,,,completed,39.0,0.108208566904068,5.948039360999246,0.0122722100004466,,test,,1,9.0,1233.0,1233.0,1233.0,predictions/beijing_48h_1h_station1013_seed2047_center_lstm_h16.npz,checkpoints/beijing_48h_1h_station1013_seed2047_center_lstm_h16.pt,training_logs/beijing_48h_1h_station1013_seed2047_center_lstm_h16.csv,0.0735874772071838,0.2712701185298223,0.1346045732498169,20.20436286926269,10.025431632995604,16.65202522277832,False,,,20.97980499267578,10.450782775878906,-3.69613599213054,True,center_lstm_h16,16.0,experiments/results/baseline_v2/reused/backbone_upgrade/experiments/results/trainable_matched/predictions/beijing_48h_1h_station1013_seed2047_center_lstm_h16.npz
beijing_48h_1h_station1013_seed2048_center_lstm_h16,beijing,48,1,1013,2048,lstm,,center_lstm_h16,,,,,completed,40.0,0.1095586344599723,5.969531266000558,0.0121323380008107,,test,,1,9.0,1233.0,1233.0,1233.0,predictions/beijing_48h_1h_station1013_seed2048_center_lstm_h16.npz,checkpoints/beijing_48h_1h_station1013_seed2048_center_lstm_h16.pt,training_logs/beijing_48h_1h_station1013_seed2048_center_lstm_h16.csv,0.0722971409559249,0.2688812766927533,0.1335508674383163,20.026439666748047,9.946948051452637,16.500808715820312,False,,,20.553361892700195,10.137685775756836,-2.5636790161287046,True,center_lstm_h16,16.0,experiments/results/baseline_v2/reused/backbone_upgrade/experiments/results/trainable_matched/predictions/beijing_48h_1h_station1013_seed2048_center_lstm_h16.npz
beijing_48h_1h_station1013_seed2049_center_lstm_h16,beijing,48,1,1013,2049,lstm,,center_lstm_h16,,,,,completed,40.0,0.1025045067071914,5.988580762999845,0.0121211209989269,,test,,1,9.0,1233.0,1233.0,1233.0,predictions/beijing_48h_1h_station1013_seed2049_center_lstm_h16.npz,checkpoints/beijing_48h_1h_station1013_seed2049_center_lstm_h16.pt,training_logs/beijing_48h_1h_station1013_seed2049_center_lstm_h16.csv,0.0730607360601425,0.270297495475157,0.1313312500715255,20.13192176818848,9.781630516052246,15.77448558807373,False,,,20.929391860961918,10.169209480285645,-3.810287934170227,True,center_lstm_h16,16.0,experiments/results/baseline_v2/reused/backbone_upgrade/experiments/results/trainable_matched/predictions/beijing_48h_1h_station1013_seed2049_center_lstm_h16.npz
beijing_48h_3h_station1013_seed2047_center_lstm_h16,beijing,48,3,1013,2047,lstm,,center_lstm_h16,,,,,completed,39.0,0.2715393900871277,5.973804150000433,0.0121389560008537,,test,,1,9.0,1267.0,1267.0,1267.0,predictions/beijing_48h_3h_station1013_seed2047_center_lstm_h16.npz,checkpoints/beijing_48h_3h_station1013_seed2047_center_lstm_h16.pt,training_logs/beijing_48h_3h_station1013_seed2047_center_lstm_h16.csv,0.1650195270776748,0.4062259556917491,0.2195789515972137,30.25362968444824,16.353116989135742,25.138032913208008,False,,,31.18783187866211,16.69637680053711,-2.99540602196534,True,center_lstm_h16,16.0,experiments/results/baseline_v2/reused/backbone_upgrade/experiments/results/trainable_matched/predictions/beijing_48h_3h_station1013_seed2047_center_lstm_h16.npz
beijing_48h_3h_station1013_seed2048_center_lstm_h16,beijing,48,3,1013,2048,lstm,,center_lstm_h16,,,,,completed,39.0,0.2713360786437988,5.998006730998895,0.0122306009998283,,test,,1,9.0,1267.0,1267.0,1267.0,predictions/beijing_48h_3h_station1013_seed2048_center_lstm_h16.npz,checkpoints/beijing_48h_3h_station1013_seed2048_center_lstm_h16.pt,training_logs/beijing_48h_3h_station1013_seed2048_center_lstm_h16.csv,0.1626086384057998,0.4032476142592785,0.2161386907100677,30.03182029724121,16.09690284729004,24.33609962463379,False,,,31.051353454589844,16.6970157623291,-3.2833775147341635,True,center_lstm_h16,16.0,experiments/results/baseline_v2/reused/backbone_upgrade/experiments/results/trainable_matched/predictions/beijing_48h_3h_station1013_seed2048_center_lstm_h16.npz
beijing_48h_3h_station1013_seed2049_center_lstm_h16,beijing,48,3,1013,2049,lstm,,center_lstm_h16,,,,,completed,40.0,0.266798198223114,5.993480618999456,0.0122586040015448,,test,,1,9.0,1267.0,1267.0,1267.0,predictions/beijing_48h_3h_station1013_seed2049_center_lstm_h16.npz,checkpoints/beijing_48h_3h_station1013_seed2049_center_lstm_h16.pt,training_logs/beijing_48h_3h_station1013_seed2049_center_lstm_h16.csv,0.1638259440660476,0.4047541773299538,0.2142098844051361,30.144020080566406,15.953256607055664,23.454004287719727,False,,,31.17669677734375,16.931669235229492,-3.3123351846812543,True,center_lstm_h16,16.0,experiments/results/baseline_v2/reused/backbone_upgrade/experiments/results/trainable_matched/predictions/beijing_48h_3h_station1013_seed2049_center_lstm_h16.npz
beijing_48h_6h_station1013_seed2047_center_lstm_h16,beijing,48,6,1013,2047,lstm,,center_lstm_h16,,,,,completed,39.0,0.4753204584121704,7.2675641879995965,0.0122389320004003,,test,,1,9.0,1318.0,1318.0,1318.0,predictions/beijing_48h_6h_station1013_seed2047_center_lstm_h16.npz,checkpoints/beijing_48h_6h_station1013_seed2047_center_lstm_h16.pt,training_logs/beijing_48h_6h_station1013_seed2047_center_lstm_h16.csv,0.2782011032104492,0.527447725571406,0.308898389339447,39.28160858154297,23.00516891479492,33.36259460449219,False,,,41.811302185058594,24.404136657714844,-6.050262659409874,True,center_lstm_h16,16.0,experiments/results/baseline_v2/reused/backbone_upgrade/experiments/results/trainable_matched/predictions/beijing_48h_6h_station1013_seed2047_center_lstm_h16.npz
beijing_48h_6h_station1013_seed2048_center_lstm_h16,beijing,48,6,1013,2048,lstm,,center_lstm_h16,,,,,completed,39.0,0.4757540225982666,6.015929363000396,0.0121289869985048,,test,,1,9.0,1318.0,1318.0,1318.0,predictions/beijing_48h_6h_station1013_seed2048_center_lstm_h16.npz,checkpoints/beijing_48h_6h_station1013_seed2048_center_lstm_h16.pt,training_logs/beijing_48h_6h_station1013_seed2048_center_lstm_h16.csv,0.2793469727039337,0.5285328492193591,0.3079477548599243,39.362422943115234,22.934371948242188,32.88618087768555,False,,,41.650672912597656,23.962068557739254,-5.493908764173455,True,center_lstm_h16,16.0,experiments/results/baseline_v2/reused/backbone_upgrade/experiments/results/trainable_matched/predictions/beijing_48h_6h_station1013_seed2048_center_lstm_h16.npz
beijing_48h_6h_station1013_seed2049_center_lstm_h16,beijing,48,6,1013,2049,lstm,,center_lstm_h16,,,,,completed,39.0,0.4699735045433044,6.013033102999543,0.0120928060005098,,test,,1,9.0,1318.0,1318.0,1318.0,predictions/beijing_48h_6h_station1013_seed2049_center_lstm_h16.npz,checkpoints/beijing_48h_6h_station1013_seed2049_center_lstm_h16.pt,training_logs/beijing_48h_6h_station1013_seed2049_center_lstm_h16.csv,0.2864032983779907,0.5351666080558378,0.3150511980056762,39.8564682006836,23.463401794433597,33.87646484375,False,,,42.05476379394531,24.104082107543945,-5.2272213536441345,True,center_lstm_h16,16.0,experiments/results/baseline_v2/reused/backbone_upgrade/experiments/results/trainable_matched/predictions/beijing_48h_6h_station1013_seed2049_center_lstm_h16.npz
beijing_48h_12h_station1013_seed2047_center_lstm_h16,beijing,48,12,1013,2047,lstm,,center_lstm_h16,,,,,completed,40.0,0.8037176728248596,6.012547428999824,0.0122189009998692,,test,,1,9.0,1420.0,1420.0,1420.0,predictions/beijing_48h_12h_station1013_seed2047_center_lstm_h16.npz,checkpoints/beijing_48h_12h_station1013_seed2047_center_lstm_h16.pt,training_logs/beijing_48h_12h_station1013_seed2047_center_lstm_h16.csv,0.4657240211963653,0.6824397564594001,0.4378712475299835,50.8162956237793,32.60506820678711,44.64398956298828,False,,,57.32188415527344,35.63805389404297,-11.349223123705794,True,center_lstm_h16,16.0,experiments/results/baseline_v2/reused/backbone_upgrade/experiments/results/trainable_matched/predictions/beijing_48h_12h_station1013_seed2047_center_lstm_h16.npz
beijing_48h_12h_station1013_seed2048_center_lstm_h16,beijing,48,12,1013,2048,lstm,,center_lstm_h16,,,,,completed,38.0,0.812493085861206,6.033531910999955,0.0121251750006194,,test,,1,9.0,1420.0,1420.0,1420.0,predictions/beijing_48h_12h_station1013_seed2048_center_lstm_h16.npz,checkpoints/beijing_48h_12h_station1013_seed2048_center_lstm_h16.pt,training_logs/beijing_48h_12h_station1013_seed2048_center_lstm_h16.csv,0.4468128681182861,0.6684406242279759,0.4289801716804504,49.77388381958008,31.943016052246094,43.88008880615234,False,,,52.859134674072266,33.03700637817383,-5.836741130016119,True,center_lstm_h16,16.0,experiments/results/baseline_v2/reused/backbone_upgrade/experiments/results/trainable_matched/predictions/beijing_48h_12h_station1013_seed2048_center_lstm_h16.npz
beijing_48h_12h_station1013_seed2049_center_lstm_h16,beijing,48,12,1013,2049,lstm,,center_lstm_h16,,,,,completed,38.0,0.803987979888916,6.0775504850007565,0.0122414869983913,,test,,1,9.0,1420.0,1420.0,1420.0,predictions/beijing_48h_12h_station1013_seed2049_center_lstm_h16.npz,checkpoints/beijing_48h_12h_station1013_seed2049_center_lstm_h16.pt,training_logs/beijing_48h_12h_station1013_seed2049_center_lstm_h16.csv,0.4489759504795074,0.6700566770650879,0.4303688406944275,49.89422225952149,32.046417236328125,44.092918395996094,False,,,55.133583068847656,34.52684020996094,-9.503029764605634,True,center_lstm_h16,16.0,experiments/results/baseline_v2/reused/backbone_upgrade/experiments/results/trainable_matched/predictions/beijing_48h_12h_station1013_seed2049_center_lstm_h16.npz
beijing_48h_24h_station1013_seed2047_center_lstm_h16,beijing,48,24,1013,2047,lstm,,center_lstm_h16,,,,,completed,39.0,1.2044962644577026,6.020207641000525,0.0124972449993947,,test,,1,9.0,1624.0,1624.0,1624.0,predictions/beijing_48h_24h_station1013_seed2047_center_lstm_h16.npz,checkpoints/beijing_48h_24h_station1013_seed2047_center_lstm_h16.pt,training_logs/beijing_48h_24h_station1013_seed2047_center_lstm_h16.csv,0.6774091124534607,0.8230486695533021,0.5682252049446106,61.26729202270508,42.29837417602539,55.29623031616211,False,,,69.85392761230469,46.93188095092773,-12.292273152135662,True,center_lstm_h16,16.0,experiments/results/baseline_v2/reused/backbone_upgrade/experiments/results/trainable_matched/predictions/beijing_48h_24h_station1013_seed2047_center_lstm_h16.npz
beijing_48h_24h_station1013_seed2048_center_lstm_h16,beijing,48,24,1013,2048,lstm,,center_lstm_h16,,,,,completed,36.0,1.1567257642745972,6.032470836000357,0.0122186749995307,,test,,1,9.0,1624.0,1624.0,1624.0,predictions/beijing_48h_24h_station1013_seed2048_center_lstm_h16.npz,checkpoints/beijing_48h_24h_station1013_seed2048_center_lstm_h16.pt,training_logs/beijing_48h_24h_station1013_seed2048_center_lstm_h16.csv,0.6667330861091614,0.8165372533504894,0.5645897388458252,60.78258895874024,42.02775573730469,55.43043518066406,False,,,68.12368774414062,45.795066833496094,-10.776132397547427,True,center_lstm_h16,16.0,experiments/results/baseline_v2/reused/backbone_upgrade/experiments/results/trainable_matched/predictions/beijing_48h_24h_station1013_seed2048_center_lstm_h16.npz
beijing_48h_24h_station1013_seed2049_center_lstm_h16,beijing,48,24,1013,2049,lstm,,center_lstm_h16,,,,,completed,29.0,1.2153677940368652,5.594717488998867,0.0123646320007537,,test,,1,9.0,1624.0,1624.0,1624.0,predictions/beijing_48h_24h_station1013_seed2049_center_lstm_h16.npz,checkpoints/beijing_48h_24h_station1013_seed2049_center_lstm_h16.pt,training_logs/beijing_48h_24h_station1013_seed2049_center_lstm_h16.csv,0.6413218379020691,0.8008257225527095,0.5583619475364685,59.61302947998047,41.56415939331055,55.128868103027344,False,,,70.52690887451172,47.815460205078125,-15.474773485323562,True,center_lstm_h16,16.0,experiments/results/baseline_v2/reused/backbone_upgrade/experiments/results/trainable_matched/predictions/beijing_48h_24h_station1013_seed2049_center_lstm_h16.npz
beijing_72h_1h_station1013_seed2047_center_lstm_h16,beijing,72,1,1013,2047,lstm,,center_lstm_h16,,,,,completed,30.0,0.1789882630109787,4.40261292499963,0.0113311650002287,,test,,1,9.0,1233.0,1233.0,1233.0,predictions/beijing_72h_1h_station1013_seed2047_center_lstm_h16.npz,checkpoints/beijing_72h_1h_station1013_seed2047_center_lstm_h16.pt,training_logs/beijing_72h_1h_station1013_seed2047_center_lstm_h16.csv,0.0923999920487403,0.3039736699925511,0.158356174826622,22.62763214111328,11.787945747375488,18.32603073120117,False,,,21.06454849243164,10.74881076812744,7.420446962075863,False,center_lstm_h16,16.0,experiments/results/baseline_v2/reused/backbone_upgrade/experiments/results/trainable_matched/predictions/beijing_72h_1h_station1013_seed2047_center_lstm_h16.npz
beijing_72h_1h_station1013_seed2048_center_lstm_h16,beijing,72,1,1013,2048,lstm,,center_lstm_h16,,,,,completed,30.0,0.2039748281240463,3.874771681999846,0.0111849709992384,,test,,1,9.0,1233.0,1233.0,1233.0,predictions/beijing_72h_1h_station1013_seed2048_center_lstm_h16.npz,checkpoints/beijing_72h_1h_station1013_seed2048_center_lstm_h16.pt,training_logs/beijing_72h_1h_station1013_seed2048_center_lstm_h16.csv,0.0983042493462562,0.3135350847134276,0.1677666753530502,23.339378356933597,12.488459587097168,19.98080825805664,False,,,20.968732833862305,10.600374221801758,11.305621287915637,False,center_lstm_h16,16.0,experiments/results/baseline_v2/reused/backbone_upgrade/experiments/results/trainable_matched/predictions/beijing_72h_1h_station1013_seed2048_center_lstm_h16.npz
beijing_72h_1h_station1013_seed2049_center_lstm_h16,beijing,72,1,1013,2049,lstm,,center_lstm_h16,,,,,completed,30.0,0.1807490885257721,3.87478666700008,0.0113444750004418,,test,,1,9.0,1233.0,1233.0,1233.0,predictions/beijing_72h_1h_station1013_seed2049_center_lstm_h16.npz,checkpoints/beijing_72h_1h_station1013_seed2049_center_lstm_h16.pt,training_logs/beijing_72h_1h_station1013_seed2049_center_lstm_h16.csv,0.1026925966143608,0.320456856088867,0.1731389313936233,23.854631423950195,12.888367652893066,20.63746833801269,False,,,21.28269386291504,10.951455116271973,12.08464293853675,False,center_lstm_h16,16.0,experiments/results/baseline_v2/reused/backbone_upgrade/experiments/results/trainable_matched/predictions/beijing_72h_1h_station1013_seed2049_center_lstm_h16.npz
beijing_72h_3h_station1013_seed2047_center_lstm_h16,beijing,72,3,1013,2047,lstm,,center_lstm_h16,,,,,completed,30.0,0.3750075697898865,3.885281147999194,0.0114227079993725,,test,,1,9.0,1267.0,1267.0,1267.0,predictions/beijing_72h_3h_station1013_seed2047_center_lstm_h16.npz,checkpoints/beijing_72h_3h_station1013_seed2047_center_lstm_h16.pt,training_logs/beijing_72h_3h_station1013_seed2047_center_lstm_h16.csv,0.1987034082412719,0.445761604718567,0.2586552202701568,33.180023193359375,19.25286102294922,28.1772575378418,False,,,31.00885581970215,17.128154754638672,7.001765515894102,False,center_lstm_h16,16.0,experiments/results/baseline_v2/reused/backbone_upgrade/experiments/results/trainable_matched/predictions/beijing_72h_3h_station1013_seed2047_center_lstm_h16.npz
beijing_72h_3h_station1013_seed2048_center_lstm_h16,beijing,72,3,1013,2048,lstm,,center_lstm_h16,,,,,completed,30.0,0.374654084444046,3.884448095001062,0.0109793039991927,,test,,1,9.0,1267.0,1267.0,1267.0,predictions/beijing_72h_3h_station1013_seed2048_center_lstm_h16.npz,checkpoints/beijing_72h_3h_station1013_seed2048_center_lstm_h16.pt,training_logs/beijing_72h_3h_station1013_seed2048_center_lstm_h16.csv,0.1942145973443985,0.4406978526659717,0.2544382214546203,32.803104400634766,18.9389705657959,27.903345108032227,False,,,31.21354103088379,16.76036262512207,5.092544188364293,False,center_lstm_h16,16.0,experiments/results/baseline_v2/reused/backbone_upgrade/experiments/results/trainable_matched/predictions/beijing_72h_3h_station1013_seed2048_center_lstm_h16.npz
beijing_72h_3h_station1013_seed2049_center_lstm_h16,beijing,72,3,1013,2049,lstm,,center_lstm_h16,,,,,completed,30.0,0.3490888178348541,3.888302397001098,0.0111995259994728,,test,,1,9.0,1267.0,1267.0,1267.0,predictions/beijing_72h_3h_station1013_seed2049_center_lstm_h16.npz,checkpoints/beijing_72h_3h_station1013_seed2049_center_lstm_h16.pt,training_logs/beijing_72h_3h_station1013_seed2049_center_lstm_h16.csv,0.1898494511842727,0.4357171687967697,0.2469173818826675,32.432369232177734,18.3791618347168,26.78165435791016,False,,,31.59510612487793,17.138343811035156,2.649977195805477,False,center_lstm_h16,16.0,experiments/results/baseline_v2/reused/backbone_upgrade/experiments/results/trainable_matched/predictions/beijing_72h_3h_station1013_seed2049_center_lstm_h16.npz
beijing_72h_6h_station1013_seed2047_center_lstm_h16,beijing,72,6,1013,2047,lstm,,center_lstm_h16,,,,,completed,30.0,0.5527631640434265,3.963485984999352,0.011293277999357,,test,,1,9.0,1318.0,1318.0,1318.0,predictions/beijing_72h_6h_station1013_seed2047_center_lstm_h16.npz,checkpoints/beijing_72h_6h_station1013_seed2047_center_lstm_h16.pt,training_logs/beijing_72h_6h_station1013_seed2047_center_lstm_h16.csv,0.3032829165458679,0.550711282384761,0.3360002040863037,40.98917770385742,25.00833511352539,35.588382720947266,False,,,41.74861526489258,24.63315200805664,-1.8190724559762481,True,center_lstm_h16,16.0,experiments/results/baseline_v2/reused/backbone_upgrade/experiments/results/trainable_matched/predictions/beijing_72h_6h_station1013_seed2047_center_lstm_h16.npz
beijing_72h_6h_station1013_seed2048_center_lstm_h16,beijing,72,6,1013,2048,lstm,,center_lstm_h16,,,,,completed,30.0,0.5598064661026001,3.8857482170005824,0.0110919409999041,,test,,1,9.0,1318.0,1318.0,1318.0,predictions/beijing_72h_6h_station1013_seed2048_center_lstm_h16.npz,checkpoints/beijing_72h_6h_station1013_seed2048_center_lstm_h16.pt,training_logs/beijing_72h_6h_station1013_seed2048_center_lstm_h16.csv,0.3024498522281647,0.5499544092269509,0.335750013589859,40.93284225463867,24.989709854125977,35.65486526489258,False,,,41.156280517578125,24.216215133666992,-0.5429019827095919,True,center_lstm_h16,16.0,experiments/results/baseline_v2/reused/backbone_upgrade/experiments/results/trainable_matched/predictions/beijing_72h_6h_station1013_seed2048_center_lstm_h16.npz
beijing_72h_6h_station1013_seed2049_center_lstm_h16,beijing,72,6,1013,2049,lstm,,center_lstm_h16,,,,,completed,30.0,0.5425124168395996,3.881634721999944,0.0111851130004652,,test,,1,9.0,1318.0,1318.0,1318.0,predictions/beijing_72h_6h_station1013_seed2049_center_lstm_h16.npz,checkpoints/beijing_72h_6h_station1013_seed2049_center_lstm_h16.pt,training_logs/beijing_72h_6h_station1013_seed2049_center_lstm_h16.csv,0.300864428281784,0.5485111013295757,0.3343787491321563,40.825416564941406,24.887651443481445,35.81007385253906,False,,,41.276737213134766,24.22653007507324,-1.093401946629017,True,center_lstm_h16,16.0,experiments/results/baseline_v2/reused/backbone_upgrade/experiments/results/trainable_matched/predictions/beijing_72h_6h_station1013_seed2049_center_lstm_h16.npz
beijing_72h_12h_station1013_seed2047_center_lstm_h16,beijing,72,12,1013,2047,lstm,,center_lstm_h16,,,,,completed,30.0,0.8543751835823059,3.8966863280002144,0.011218715000723,,test,,1,9.0,1420.0,1420.0,1420.0,predictions/beijing_72h_12h_station1013_seed2047_center_lstm_h16.npz,checkpoints/beijing_72h_12h_station1013_seed2047_center_lstm_h16.pt,training_logs/beijing_72h_12h_station1013_seed2047_center_lstm_h16.csv,0.4606693685054779,0.6787262839359309,0.4424538910388946,50.5157470703125,32.93063735961914,45.29259490966797,False,,,56.09211349487305,35.244869232177734,-9.941444665069074,True,center_lstm_h16,16.0,experiments/results/baseline_v2/reused/backbone_upgrade/experiments/results/trainable_matched/predictions/beijing_72h_12h_station1013_seed2047_center_lstm_h16.npz
beijing_72h_12h_station1013_seed2048_center_lstm_h16,beijing,72,12,1013,2048,lstm,,center_lstm_h16,,,,,completed,30.0,0.8663454055786133,3.882772644999932,0.0113307060000806,,test,,1,9.0,1420.0,1420.0,1420.0,predictions/beijing_72h_12h_station1013_seed2048_center_lstm_h16.npz,checkpoints/beijing_72h_12h_station1013_seed2048_center_lstm_h16.pt,training_logs/beijing_72h_12h_station1013_seed2048_center_lstm_h16.csv,0.4693875014781952,0.6851186039498528,0.44733926653862,50.99150848388672,33.29423904418945,45.55514907836914,False,,,55.03749084472656,34.67401123046875,-7.35132052486639,True,center_lstm_h16,16.0,experiments/results/baseline_v2/reused/backbone_upgrade/experiments/results/trainable_matched/predictions/beijing_72h_12h_station1013_seed2048_center_lstm_h16.npz
beijing_72h_12h_station1013_seed2049_center_lstm_h16,beijing,72,12,1013,2049,lstm,,center_lstm_h16,,,,,completed,30.0,0.8657957911491394,3.889709792998474,0.0111753870005486,,test,,1,9.0,1420.0,1420.0,1420.0,predictions/beijing_72h_12h_station1013_seed2049_center_lstm_h16.npz,checkpoints/beijing_72h_12h_station1013_seed2049_center_lstm_h16.pt,training_logs/beijing_72h_12h_station1013_seed2049_center_lstm_h16.csv,0.4663697779178619,0.6829127161781818,0.4477141201496124,50.82733154296875,33.3221435546875,46.01221084594727,False,,,54.70387268066406,35.244651794433594,-7.086410792750943,True,center_lstm_h16,16.0,experiments/results/baseline_v2/reused/backbone_upgrade/experiments/results/trainable_matched/predictions/beijing_72h_12h_station1013_seed2049_center_lstm_h16.npz
beijing_72h_24h_station1013_seed2047_center_lstm_h16,beijing,72,24,1013,2047,lstm,,center_lstm_h16,,,,,completed,29.0,1.226973533630371,3.878745908999917,0.011268268999629,,test,,1,9.0,1624.0,1624.0,1624.0,predictions/beijing_72h_24h_station1013_seed2047_center_lstm_h16.npz,checkpoints/beijing_72h_24h_station1013_seed2047_center_lstm_h16.pt,training_logs/beijing_72h_24h_station1013_seed2047_center_lstm_h16.csv,0.6751198172569275,0.821656751482593,0.57355797290802,61.140174865722656,42.678932189941406,56.25080490112305,False,,,65.6296157836914,44.675662994384766,-6.840571690630484,True,center_lstm_h16,16.0,experiments/results/baseline_v2/reused/backbone_upgrade/experiments/results/trainable_matched/predictions/beijing_72h_24h_station1013_seed2047_center_lstm_h16.npz
beijing_72h_24h_station1013_seed2048_center_lstm_h16,beijing,72,24,1013,2048,lstm,,center_lstm_h16,,,,,completed,30.0,1.2444016933441162,3.933102697999857,0.0112805499993555,,test,,1,9.0,1624.0,1624.0,1624.0,predictions/beijing_72h_24h_station1013_seed2048_center_lstm_h16.npz,checkpoints/beijing_72h_24h_station1013_seed2048_center_lstm_h16.pt,training_logs/beijing_72h_24h_station1013_seed2048_center_lstm_h16.csv,0.6576030254364014,0.8109272627285393,0.5648723840713501,60.3417854309082,42.03263092041016,55.54009246826172,False,,,64.7675552368164,43.77329254150391,-6.833313052694049,True,center_lstm_h16,16.0,experiments/results/baseline_v2/reused/backbone_upgrade/experiments/results/trainable_matched/predictions/beijing_72h_24h_station1013_seed2048_center_lstm_h16.npz
beijing_72h_24h_station1013_seed2049_center_lstm_h16,beijing,72,24,1013,2049,lstm,,center_lstm_h16,,,,,completed,30.0,1.2444483041763306,3.873518331000014,0.011219030000575,,test,,1,9.0,1624.0,1624.0,1624.0,predictions/beijing_72h_24h_station1013_seed2049_center_lstm_h16.npz,checkpoints/beijing_72h_24h_station1013_seed2049_center_lstm_h16.pt,training_logs/beijing_72h_24h_station1013_seed2049_center_lstm_h16.csv,0.6520464420318604,0.807493926931875,0.5639607906341553,60.086307525634766,41.964805603027344,55.66329956054688,False,,,68.50748443603516,46.28374862670898,-12.292345835969456,True,center_lstm_h16,16.0,experiments/results/baseline_v2/reused/backbone_upgrade/experiments/results/trainable_matched/predictions/beijing_72h_24h_station1013_seed2049_center_lstm_h16.npz
beijing_168h_1h_station1013_seed2047_center_lstm_h16,beijing,168,1,1013,2047,lstm,,center_lstm_h16,,,,,completed,30.0,0.1765022128820419,9.929576763999648,0.0245151559993246,,test,,1,9.0,1233.0,1233.0,1233.0,predictions/beijing_168h_1h_station1013_seed2047_center_lstm_h16.npz,checkpoints/beijing_168h_1h_station1013_seed2047_center_lstm_h16.pt,training_logs/beijing_168h_1h_station1013_seed2047_center_lstm_h16.csv,0.0935613214969635,0.3058779519628106,0.1609979271888733,22.73643493652344,11.967254638671877,18.83597755432129,False,,,21.871671676635746,11.994721412658691,3.953805052823065,False,center_lstm_h16,16.0,experiments/results/baseline_v2/reused/backbone_upgrade/experiments/results/trainable_matched/predictions/beijing_168h_1h_station1013_seed2047_center_lstm_h16.npz
beijing_168h_1h_station1013_seed2048_center_lstm_h16,beijing,168,1,1013,2048,lstm,,center_lstm_h16,,,,,completed,30.0,0.2001757770776748,8.199849761000223,0.0242449430006672,,test,,1,9.0,1233.0,1233.0,1233.0,predictions/beijing_168h_1h_station1013_seed2048_center_lstm_h16.npz,checkpoints/beijing_168h_1h_station1013_seed2048_center_lstm_h16.pt,training_logs/beijing_168h_1h_station1013_seed2048_center_lstm_h16.csv,0.0993866771459579,0.3152565259371452,0.1702689528465271,23.43356132507324,12.656386375427246,20.59951400756836,False,,,21.76912498474121,11.43486213684082,7.645857798596375,False,center_lstm_h16,16.0,experiments/results/baseline_v2/reused/backbone_upgrade/experiments/results/trainable_matched/predictions/beijing_168h_1h_station1013_seed2048_center_lstm_h16.npz
beijing_168h_1h_station1013_seed2049_center_lstm_h16,beijing,168,1,1013,2049,lstm,,center_lstm_h16,,,,,completed,30.0,0.1761554181575775,8.262299268999413,0.0245117430004029,,test,,1,9.0,1233.0,1233.0,1233.0,predictions/beijing_168h_1h_station1013_seed2049_center_lstm_h16.npz,checkpoints/beijing_168h_1h_station1013_seed2049_center_lstm_h16.pt,training_logs/beijing_168h_1h_station1013_seed2049_center_lstm_h16.csv,0.1032457053661346,0.3213186975047276,0.1745560765266418,23.88417625427246,12.975054740905762,21.080440521240234,False,,,22.61062812805176,12.07103443145752,5.632519888470849,False,center_lstm_h16,16.0,experiments/results/baseline_v2/reused/backbone_upgrade/experiments/results/trainable_matched/predictions/beijing_168h_1h_station1013_seed2049_center_lstm_h16.npz
beijing_168h_3h_station1013_seed2047_center_lstm_h16,beijing,168,3,1013,2047,lstm,,center_lstm_h16,,,,,completed,30.0,0.3699712455272674,8.235196065001219,0.0243982560004951,,test,,1,9.0,1267.0,1267.0,1267.0,predictions/beijing_168h_3h_station1013_seed2047_center_lstm_h16.npz,checkpoints/beijing_168h_3h_station1013_seed2047_center_lstm_h16.pt,training_logs/beijing_168h_3h_station1013_seed2047_center_lstm_h16.csv,0.2002611607313156,0.4475054868169949,0.2617672681808471,33.26336669921875,19.45732688903809,29.12594985961914,False,,,31.7686710357666,18.36850929260254,4.704936072929688,False,center_lstm_h16,16.0,experiments/results/baseline_v2/reused/backbone_upgrade/experiments/results/trainable_matched/predictions/beijing_168h_3h_station1013_seed2047_center_lstm_h16.npz
beijing_168h_3h_station1013_seed2048_center_lstm_h16,beijing,168,3,1013,2048,lstm,,center_lstm_h16,,,,,completed,30.0,0.3703747689723968,8.228104454001368,0.0243553979998978,,test,,1,9.0,1267.0,1267.0,1267.0,predictions/beijing_168h_3h_station1013_seed2048_center_lstm_h16.npz,checkpoints/beijing_168h_3h_station1013_seed2048_center_lstm_h16.pt,training_logs/beijing_168h_3h_station1013_seed2048_center_lstm_h16.csv,0.1963940858840942,0.4431637235651111,0.2551864981651306,32.94063949584961,18.968175888061523,27.85550308227539,False,,,31.73417854309082,18.07464408874512,3.8017714910142533,False,center_lstm_h16,16.0,experiments/results/baseline_v2/reused/backbone_upgrade/experiments/results/trainable_matched/predictions/beijing_168h_3h_station1013_seed2048_center_lstm_h16.npz
beijing_168h_3h_station1013_seed2049_center_lstm_h16,beijing,168,3,1013,2049,lstm,,center_lstm_h16,,,,,completed,30.0,0.3441240787506103,8.243021426000269,0.0243377890001283,,test,,1,9.0,1267.0,1267.0,1267.0,predictions/beijing_168h_3h_station1013_seed2049_center_lstm_h16.npz,checkpoints/beijing_168h_3h_station1013_seed2049_center_lstm_h16.pt,training_logs/beijing_168h_3h_station1013_seed2049_center_lstm_h16.csv,0.1909821033477783,0.4370149921315953,0.2516911029815674,32.483604431152344,18.70836067199707,28.28152084350586,False,,,32.07843780517578,18.52771759033203,1.2630497421267497,False,center_lstm_h16,16.0,experiments/results/baseline_v2/reused/backbone_upgrade/experiments/results/trainable_matched/predictions/beijing_168h_3h_station1013_seed2049_center_lstm_h16.npz
beijing_168h_6h_station1013_seed2047_center_lstm_h16,beijing,168,6,1013,2047,lstm,,center_lstm_h16,,,,,completed,30.0,0.547497034072876,8.222658575999958,0.0245396990012523,,test,,1,9.0,1318.0,1318.0,1318.0,predictions/beijing_168h_6h_station1013_seed2047_center_lstm_h16.npz,checkpoints/beijing_168h_6h_station1013_seed2047_center_lstm_h16.pt,training_logs/beijing_168h_6h_station1013_seed2047_center_lstm_h16.csv,0.306169182062149,0.5533255660659003,0.3411291241645813,41.12904357910156,25.35634422302246,36.73913192749024,False,,,42.01683807373047,25.93600273132324,-2.1129493206295504,True,center_lstm_h16,16.0,experiments/results/baseline_v2/reused/backbone_upgrade/experiments/results/trainable_matched/predictions/beijing_168h_6h_station1013_seed2047_center_lstm_h16.npz
beijing_168h_6h_station1013_seed2048_center_lstm_h16,beijing,168,6,1013,2048,lstm,,center_lstm_h16,,,,,completed,30.0,0.5584653615951538,8.256605340000533,0.0246265709993167,,test,,1,9.0,1318.0,1318.0,1318.0,predictions/beijing_168h_6h_station1013_seed2048_center_lstm_h16.npz,checkpoints/beijing_168h_6h_station1013_seed2048_center_lstm_h16.pt,training_logs/beijing_168h_6h_station1013_seed2048_center_lstm_h16.csv,0.3075595498085022,0.5545805169752199,0.3378180265426636,41.22232055664063,25.1102294921875,35.39263153076172,False,,,42.51594543457031,26.329206466674805,-3.04268166850599,True,center_lstm_h16,16.0,experiments/results/baseline_v2/reused/backbone_upgrade/experiments/results/trainable_matched/predictions/beijing_168h_6h_station1013_seed2048_center_lstm_h16.npz
beijing_168h_6h_station1013_seed2049_center_lstm_h16,beijing,168,6,1013,2049,lstm,,center_lstm_h16,,,,,completed,30.0,0.5375233292579651,8.218265258999963,0.0242672010008391,,test,,1,9.0,1318.0,1318.0,1318.0,predictions/beijing_168h_6h_station1013_seed2049_center_lstm_h16.npz,checkpoints/beijing_168h_6h_station1013_seed2049_center_lstm_h16.pt,training_logs/beijing_168h_6h_station1013_seed2049_center_lstm_h16.csv,0.3041886985301971,0.551533043915047,0.3397136032581329,40.99580001831055,25.25112533569336,36.83883666992188,False,,,42.00048828125,26.010665893554688,-2.3920871019682157,True,center_lstm_h16,16.0,experiments/results/baseline_v2/reused/backbone_upgrade/experiments/results/trainable_matched/predictions/beijing_168h_6h_station1013_seed2049_center_lstm_h16.npz
beijing_168h_6h_station1013_seed2050_center_lstm_h16,beijing,168,6,1013,2050,lstm,,center_lstm_h16,,,,,completed,30.0,0.5652746558189392,8.252546930998506,0.0244532260003325,,test,,1,9.0,1318.0,1318.0,1318.0,predictions/beijing_168h_6h_station1013_seed2050_center_lstm_h16.npz,checkpoints/beijing_168h_6h_station1013_seed2050_center_lstm_h16.pt,training_logs/beijing_168h_6h_station1013_seed2050_center_lstm_h16.csv,0.306958794593811,0.554038621933355,0.3399573266506195,41.18204116821289,25.26924514770508,35.92488479614258,False,,,42.20603942871094,26.009906768798828,-2.426188939683986,True,center_lstm_h16,16.0,experiments/results/baseline_v2/reused/backbone_upgrade/experiments/results/trainable_matched/predictions/beijing_168h_6h_station1013_seed2050_center_lstm_h16.npz
beijing_168h_6h_station1013_seed2051_center_lstm_h16,beijing,168,6,1013,2051,lstm,,center_lstm_h16,,,,,completed,30.0,0.5625326633453369,8.227311202999772,0.024270002000776,,test,,1,9.0,1318.0,1318.0,1318.0,predictions/beijing_168h_6h_station1013_seed2051_center_lstm_h16.npz,checkpoints/beijing_168h_6h_station1013_seed2051_center_lstm_h16.pt,training_logs/beijing_168h_6h_station1013_seed2051_center_lstm_h16.csv,0.3085790872573852,0.5554989534260035,0.3423216342926025,41.29058837890625,25.444982528686523,36.57273864746094,False,,,41.76411056518555,25.687108993530277,-1.133801677735294,True,center_lstm_h16,16.0,experiments/results/baseline_v2/reused/backbone_upgrade/experiments/results/trainable_matched/predictions/beijing_168h_6h_station1013_seed2051_center_lstm_h16.npz
beijing_168h_12h_station1013_seed2047_center_lstm_h16,beijing,168,12,1013,2047,lstm,,center_lstm_h16,,,,,completed,30.0,0.8546519875526428,8.238593367001158,0.0245712480009387,,test,,1,9.0,1420.0,1420.0,1420.0,predictions/beijing_168h_12h_station1013_seed2047_center_lstm_h16.npz,checkpoints/beijing_168h_12h_station1013_seed2047_center_lstm_h16.pt,training_logs/beijing_168h_12h_station1013_seed2047_center_lstm_h16.csv,0.4647864103317261,0.6817524553177099,0.4479910731315613,50.6812858581543,33.30353164672852,45.96175384521485,False,,,54.23294448852539,36.208377838134766,-6.548895074510575,True,center_lstm_h16,16.0,experiments/results/baseline_v2/reused/backbone_upgrade/experiments/results/trainable_matched/predictions/beijing_168h_12h_station1013_seed2047_center_lstm_h16.npz
beijing_168h_12h_station1013_seed2048_center_lstm_h16,beijing,168,12,1013,2048,lstm,,center_lstm_h16,,,,,completed,30.0,0.8635314702987671,8.241652768998392,0.0247248689993284,,test,,1,9.0,1420.0,1420.0,1420.0,predictions/beijing_168h_12h_station1013_seed2048_center_lstm_h16.npz,checkpoints/beijing_168h_12h_station1013_seed2048_center_lstm_h16.pt,training_logs/beijing_168h_12h_station1013_seed2048_center_lstm_h16.csv,0.473493367433548,0.6881085433516634,0.4522009193897247,51.15380096435547,33.61648941040039,45.897438049316406,False,,,55.16896057128906,36.87693405151367,-7.277932310769611,True,center_lstm_h16,16.0,experiments/results/baseline_v2/reused/backbone_upgrade/experiments/results/trainable_matched/predictions/beijing_168h_12h_station1013_seed2048_center_lstm_h16.npz
beijing_168h_12h_station1013_seed2049_center_lstm_h16,beijing,168,12,1013,2049,lstm,,center_lstm_h16,,,,,completed,30.0,0.8688191771507263,8.230909250998593,0.0246682159995543,,test,,1,9.0,1420.0,1420.0,1420.0,predictions/beijing_168h_12h_station1013_seed2049_center_lstm_h16.npz,checkpoints/beijing_168h_12h_station1013_seed2049_center_lstm_h16.pt,training_logs/beijing_168h_12h_station1013_seed2049_center_lstm_h16.csv,0.4724589884281158,0.6873565220670536,0.453831672668457,51.09789657592773,33.73772048950195,46.59407043457031,False,,,58.07843780517578,38.81656646728516,-12.019161487546016,True,center_lstm_h16,16.0,experiments/results/baseline_v2/reused/backbone_upgrade/experiments/results/trainable_matched/predictions/beijing_168h_12h_station1013_seed2049_center_lstm_h16.npz
beijing_168h_24h_station1013_seed2047_center_lstm_h16,beijing,168,24,1013,2047,lstm,,center_lstm_h16,,,,,completed,30.0,1.2335212230682373,9.476865791999444,0.0248327600002085,,test,,1,9.0,1624.0,1624.0,1624.0,predictions/beijing_168h_24h_station1013_seed2047_center_lstm_h16.npz,checkpoints/beijing_168h_24h_station1013_seed2047_center_lstm_h16.pt,training_logs/beijing_168h_24h_station1013_seed2047_center_lstm_h16.csv,0.682848334312439,0.8263463767164705,0.5809862017631531,61.46466064453125,43.21446990966797,56.77930068969727,False,,,67.65840148925781,47.55368041992188,-9.15442976540016,True,center_lstm_h16,16.0,experiments/results/baseline_v2/reused/backbone_upgrade/experiments/results/trainable_matched/predictions/beijing_168h_24h_station1013_seed2047_center_lstm_h16.npz
beijing_168h_24h_station1013_seed2048_center_lstm_h16,beijing,168,24,1013,2048,lstm,,center_lstm_h16,,,,,completed,30.0,1.2459346055984497,8.207227655000679,0.0247569759994803,,test,,1,9.0,1624.0,1624.0,1624.0,predictions/beijing_168h_24h_station1013_seed2048_center_lstm_h16.npz,checkpoints/beijing_168h_24h_station1013_seed2048_center_lstm_h16.pt,training_logs/beijing_168h_24h_station1013_seed2048_center_lstm_h16.csv,0.6613680124282837,0.8132453580736159,0.5695330500602722,60.49018859863281,42.36256408691406,55.82887649536133,False,,,72.7971420288086,50.40897750854492,-16.90581949673993,True,center_lstm_h16,16.0,experiments/results/baseline_v2/reused/backbone_upgrade/experiments/results/trainable_matched/predictions/beijing_168h_24h_station1013_seed2048_center_lstm_h16.npz
beijing_168h_24h_station1013_seed2049_center_lstm_h16,beijing,168,24,1013,2049,lstm,,center_lstm_h16,,,,,completed,30.0,1.245936155319214,8.1892458659986,0.0244017109998821,,test,,1,9.0,1624.0,1624.0,1624.0,predictions/beijing_168h_24h_station1013_seed2049_center_lstm_h16.npz,checkpoints/beijing_168h_24h_station1013_seed2049_center_lstm_h16.pt,training_logs/beijing_168h_24h_station1013_seed2049_center_lstm_h16.csv,0.6669204235076904,0.8166519598382719,0.5742746591567993,60.74358367919922,42.71525955200195,56.4156608581543,False,,,66.645751953125,46.83631896972656,-8.856030731076522,True,center_lstm_h16,16.0,experiments/results/baseline_v2/reused/backbone_upgrade/experiments/results/trainable_matched/predictions/beijing_168h_24h_station1013_seed2049_center_lstm_h16.npz
beijing_24h_1h_station1013_seed2047_center_lstm_h32,beijing,24,1,1013,2047,lstm,,center_lstm_h32,,,,,completed,40.0,0.0982301384210586,3.2765492919998,0.0092059580001659,,test,,1,9.0,4513.0,4513.0,4513.0,predictions/beijing_24h_1h_station1013_seed2047_center_lstm_h32.npz,checkpoints/beijing_24h_1h_station1013_seed2047_center_lstm_h32.pt,training_logs/beijing_24h_1h_station1013_seed2047_center_lstm_h32.csv,0.0755451843142509,0.2748548422608758,0.1308809071779251,20.482105255126957,9.753207206726074,15.461228370666504,False,,,20.988380432128903,10.146111488342283,-2.4121688599990434,True,center_lstm_h32,32.0,experiments/results/baseline_v2/reused/backbone_upgrade/experiments/results/trainable_matched/predictions/beijing_24h_1h_station1013_seed2047_center_lstm_h32.npz
beijing_24h_1h_station1013_seed2048_center_lstm_h32,beijing,24,1,1013,2048,lstm,,center_lstm_h32,,,,,completed,37.0,0.0990133211016655,3.3366261649998705,0.0065589159994488,,test,,1,9.0,4513.0,4513.0,4513.0,predictions/beijing_24h_1h_station1013_seed2048_center_lstm_h32.npz,checkpoints/beijing_24h_1h_station1013_seed2048_center_lstm_h32.pt,training_logs/beijing_24h_1h_station1013_seed2048_center_lstm_h32.csv,0.0744353756308555,0.2728284729108301,0.1310898512601852,20.331098556518555,9.76877784729004,15.712520599365234,False,,,20.778905868530277,10.011322021484377,-2.1551053498438915,True,center_lstm_h32,32.0,experiments/results/baseline_v2/reused/backbone_upgrade/experiments/results/trainable_matched/predictions/beijing_24h_1h_station1013_seed2048_center_lstm_h32.npz
beijing_24h_1h_station1013_seed2049_center_lstm_h32,beijing,24,1,1013,2049,lstm,,center_lstm_h32,,,,,completed,39.0,0.0976170003414154,3.267191136999827,0.0065717710003809,,test,,1,9.0,4513.0,4513.0,4513.0,predictions/beijing_24h_1h_station1013_seed2049_center_lstm_h32.npz,checkpoints/beijing_24h_1h_station1013_seed2049_center_lstm_h32.pt,training_logs/beijing_24h_1h_station1013_seed2049_center_lstm_h32.csv,0.0748001709580421,0.273496199165623,0.1324398815631866,20.380857467651367,9.86938190460205,16.274742126464844,False,,,20.896221160888672,10.110241889953612,-2.466300912826802,True,center_lstm_h32,32.0,experiments/results/baseline_v2/reused/backbone_upgrade/experiments/results/trainable_matched/predictions/beijing_24h_1h_station1013_seed2049_center_lstm_h32.npz
beijing_24h_1h_station1013_seed2050_center_lstm_h32,beijing,24,1,1013,2050,lstm,,center_lstm_h32,,,,,completed,39.0,0.0980426743626594,3.295055661999868,0.0065347910003765,,test,,1,9.0,4513.0,4513.0,4513.0,predictions/beijing_24h_1h_station1013_seed2050_center_lstm_h32.npz,checkpoints/beijing_24h_1h_station1013_seed2050_center_lstm_h32.pt,training_logs/beijing_24h_1h_station1013_seed2050_center_lstm_h32.csv,0.0733874142169952,0.2709011152007227,0.1307096779346466,20.187475204467773,9.740447998046877,15.76035213470459,False,,,21.0170955657959,10.084884643554688,-3.947359704060555,True,center_lstm_h32,32.0,experiments/results/baseline_v2/reused/backbone_upgrade/experiments/results/trainable_matched/predictions/beijing_24h_1h_station1013_seed2050_center_lstm_h32.npz
beijing_24h_1h_station1013_seed2051_center_lstm_h32,beijing,24,1,1013,2051,lstm,,center_lstm_h32,,,,,completed,39.0,0.0979805141687393,3.359452902999692,0.006559035000464,,test,,1,9.0,4513.0,4513.0,4513.0,predictions/beijing_24h_1h_station1013_seed2051_center_lstm_h32.npz,checkpoints/beijing_24h_1h_station1013_seed2051_center_lstm_h32.pt,training_logs/beijing_24h_1h_station1013_seed2051_center_lstm_h32.csv,0.0739665105938911,0.2719678484561937,0.1306064873933792,20.2669677734375,9.732758522033691,15.576640129089355,False,,,20.71529197692871,10.02131462097168,-2.164218607155159,True,center_lstm_h32,32.0,experiments/results/baseline_v2/reused/backbone_upgrade/experiments/results/trainable_matched/predictions/beijing_24h_1h_station1013_seed2051_center_lstm_h32.npz
beijing_24h_3h_station1013_seed2047_center_lstm_h32,beijing,24,3,1013,2047,lstm,,center_lstm_h32,,,,,completed,36.0,0.260592371225357,3.503253856999436,0.0066926819999935,,test,,1,9.0,4579.0,4579.0,4579.0,predictions/beijing_24h_3h_station1013_seed2047_center_lstm_h32.npz,checkpoints/beijing_24h_3h_station1013_seed2047_center_lstm_h32.pt,training_logs/beijing_24h_3h_station1013_seed2047_center_lstm_h32.csv,0.1660776287317276,0.4075262307284374,0.2177080512046814,30.36873817443848,16.223543167114258,24.874792098999023,False,,,30.44579696655273,16.024797439575195,-0.2531015765457093,True,center_lstm_h32,32.0,experiments/results/baseline_v2/reused/backbone_upgrade/experiments/results/trainable_matched/predictions/beijing_24h_3h_station1013_seed2047_center_lstm_h32.npz
beijing_24h_3h_station1013_seed2048_center_lstm_h32,beijing,24,3,1013,2048,lstm,,center_lstm_h32,,,,,completed,36.0,0.2590322196483612,3.39517293300014,0.0067582890005724,,test,,1,9.0,4579.0,4579.0,4579.0,predictions/beijing_24h_3h_station1013_seed2048_center_lstm_h32.npz,checkpoints/beijing_24h_3h_station1013_seed2048_center_lstm_h32.pt,training_logs/beijing_24h_3h_station1013_seed2048_center_lstm_h32.csv,0.1656311899423599,0.4069781197341694,0.2155268937349319,30.32789421081543,16.061002731323242,24.406007766723636,False,,,30.800689697265625,16.063575744628906,-1.5350159074268015,True,center_lstm_h32,32.0,experiments/results/baseline_v2/reused/backbone_upgrade/experiments/results/trainable_matched/predictions/beijing_24h_3h_station1013_seed2048_center_lstm_h32.npz
beijing_24h_3h_station1013_seed2049_center_lstm_h32,beijing,24,3,1013,2049,lstm,,center_lstm_h32,,,,,completed,39.0,0.257730096578598,3.3920809409992216,0.0066174610001326,,test,,1,9.0,4579.0,4579.0,4579.0,predictions/beijing_24h_3h_station1013_seed2049_center_lstm_h32.npz,checkpoints/beijing_24h_3h_station1013_seed2049_center_lstm_h32.pt,training_logs/beijing_24h_3h_station1013_seed2049_center_lstm_h32.csv,0.1677073091268539,0.4095208286850059,0.2127037346363067,30.51737594604492,15.850622177124023,23.40217018127441,False,,,30.58614921569824,16.17045021057129,-0.22485102380270433,True,center_lstm_h32,32.0,experiments/results/baseline_v2/reused/backbone_upgrade/experiments/results/trainable_matched/predictions/beijing_24h_3h_station1013_seed2049_center_lstm_h32.npz
beijing_24h_6h_station1013_seed2047_center_lstm_h32,beijing,24,6,1013,2047,lstm,,center_lstm_h32,,,,,completed,34.0,0.4732638597488403,4.669929876999959,0.0066087600007449,,test,,1,9.0,4678.0,4678.0,4678.0,predictions/beijing_24h_6h_station1013_seed2047_center_lstm_h32.npz,checkpoints/beijing_24h_6h_station1013_seed2047_center_lstm_h32.pt,training_logs/beijing_24h_6h_station1013_seed2047_center_lstm_h32.csv,0.2882759571075439,0.5369133608949809,0.3117623031139374,40.00751876831055,23.230632781982425,33.50190353393555,False,,,40.0059814453125,22.94923591613769,0.0038427328677047195,False,center_lstm_h32,32.0,experiments/results/baseline_v2/reused/backbone_upgrade/experiments/results/trainable_matched/predictions/beijing_24h_6h_station1013_seed2047_center_lstm_h32.npz
beijing_24h_6h_station1013_seed2048_center_lstm_h32,beijing,24,6,1013,2048,lstm,,center_lstm_h32,,,,,completed,27.0,0.4713867008686065,3.0990955279994523,0.0067556069989223,,test,,1,9.0,4678.0,4678.0,4678.0,predictions/beijing_24h_6h_station1013_seed2048_center_lstm_h32.npz,checkpoints/beijing_24h_6h_station1013_seed2048_center_lstm_h32.pt,training_logs/beijing_24h_6h_station1013_seed2048_center_lstm_h32.csv,0.2823050320148468,0.5313238485282274,0.3112159073352813,39.59102249145508,23.189912796020508,33.699859619140625,False,,,39.84638977050781,22.57869529724121,-0.6408793381872295,True,center_lstm_h32,32.0,experiments/results/baseline_v2/reused/backbone_upgrade/experiments/results/trainable_matched/predictions/beijing_24h_6h_station1013_seed2048_center_lstm_h32.npz
beijing_24h_6h_station1013_seed2049_center_lstm_h32,beijing,24,6,1013,2049,lstm,,center_lstm_h32,,,,,completed,37.0,0.4657918810844421,3.484862794999572,0.0065815950001706,,test,,1,9.0,4678.0,4678.0,4678.0,predictions/beijing_24h_6h_station1013_seed2049_center_lstm_h32.npz,checkpoints/beijing_24h_6h_station1013_seed2049_center_lstm_h32.pt,training_logs/beijing_24h_6h_station1013_seed2049_center_lstm_h32.csv,0.2883499562740326,0.5369822681188203,0.3157647252082824,40.01264953613281,23.528867721557617,34.41891860961914,False,,,39.889404296875,22.915658950805664,0.3089673597042604,False,center_lstm_h32,32.0,experiments/results/baseline_v2/reused/backbone_upgrade/experiments/results/trainable_matched/predictions/beijing_24h_6h_station1013_seed2049_center_lstm_h32.npz
beijing_24h_12h_station1013_seed2047_center_lstm_h32,beijing,24,12,1013,2047,lstm,,center_lstm_h32,,,,,completed,27.0,0.8023719787597656,3.618395851999594,0.0066512590001366,,test,,1,9.0,4876.0,4876.0,4876.0,predictions/beijing_24h_12h_station1013_seed2047_center_lstm_h32.npz,checkpoints/beijing_24h_12h_station1013_seed2047_center_lstm_h32.pt,training_logs/beijing_24h_12h_station1013_seed2047_center_lstm_h32.csv,0.454668790102005,0.6742913243561754,0.4284127354621887,50.23648071289063,31.917875289916992,43.73521041870117,False,,,51.547157287597656,31.825634002685547,-2.5426747927036035,True,center_lstm_h32,32.0,experiments/results/baseline_v2/reused/backbone_upgrade/experiments/results/trainable_matched/predictions/beijing_24h_12h_station1013_seed2047_center_lstm_h32.npz
beijing_24h_12h_station1013_seed2048_center_lstm_h32,beijing,24,12,1013,2048,lstm,,center_lstm_h32,,,,,completed,31.0,0.7892007827758789,3.4450254309995216,0.0066847599991888,,test,,1,9.0,4876.0,4876.0,4876.0,predictions/beijing_24h_12h_station1013_seed2048_center_lstm_h32.npz,checkpoints/beijing_24h_12h_station1013_seed2048_center_lstm_h32.pt,training_logs/beijing_24h_12h_station1013_seed2048_center_lstm_h32.csv,0.4653909504413605,0.6821956833939661,0.4408150911331177,50.82537078857422,32.84188461303711,45.649444580078125,False,,,51.48316192626953,31.6285343170166,-1.2776820868876575,True,center_lstm_h32,32.0,experiments/results/baseline_v2/reused/backbone_upgrade/experiments/results/trainable_matched/predictions/beijing_24h_12h_station1013_seed2048_center_lstm_h32.npz
beijing_24h_12h_station1013_seed2049_center_lstm_h32,beijing,24,12,1013,2049,lstm,,center_lstm_h32,,,,,completed,33.0,0.7895280122756958,3.343915235998793,0.006686095999612,,test,,1,9.0,4876.0,4876.0,4876.0,predictions/beijing_24h_12h_station1013_seed2049_center_lstm_h32.npz,checkpoints/beijing_24h_12h_station1013_seed2049_center_lstm_h32.pt,training_logs/beijing_24h_12h_station1013_seed2049_center_lstm_h32.csv,0.466966301202774,0.6833493258961876,0.4360849261283874,50.91132354736328,32.48948287963867,44.33249282836914,False,,,51.83720016479492,32.26030349731445,-1.78612389266434,True,center_lstm_h32,32.0,experiments/results/baseline_v2/reused/backbone_upgrade/experiments/results/trainable_matched/predictions/beijing_24h_12h_station1013_seed2049_center_lstm_h32.npz
beijing_24h_24h_station1013_seed2047_center_lstm_h32,beijing,24,24,1013,2047,lstm,,center_lstm_h32,,,,,completed,38.0,1.176397442817688,4.576547556000151,0.0068506379993777,,test,,1,9.0,5272.0,5272.0,5272.0,predictions/beijing_24h_24h_station1013_seed2047_center_lstm_h32.npz,checkpoints/beijing_24h_24h_station1013_seed2047_center_lstm_h32.pt,training_logs/beijing_24h_24h_station1013_seed2047_center_lstm_h32.csv,0.6484414935112,0.8052586500691563,0.5494875907897949,59.97614669799805,40.92617034912109,54.29043197631836,False,,,64.3062973022461,43.40291213989258,-6.733633852211863,True,center_lstm_h32,32.0,experiments/results/baseline_v2/reused/backbone_upgrade/experiments/results/trainable_matched/predictions/beijing_24h_24h_station1013_seed2047_center_lstm_h32.npz
beijing_24h_24h_station1013_seed2048_center_lstm_h32,beijing,24,24,1013,2048,lstm,,center_lstm_h32,,,,,completed,29.0,1.1571624279022217,3.1087046020002163,0.006706830999974,,test,,1,9.0,5272.0,5272.0,5272.0,predictions/beijing_24h_24h_station1013_seed2048_center_lstm_h32.npz,checkpoints/beijing_24h_24h_station1013_seed2048_center_lstm_h32.pt,training_logs/beijing_24h_24h_station1013_seed2048_center_lstm_h32.csv,0.6524293422698975,0.8077309838491387,0.5572139620780945,60.16029357910156,41.50163269042969,54.719573974609375,False,,,64.8437271118164,43.64160919189453,-7.222647033596233,True,center_lstm_h32,32.0,experiments/results/baseline_v2/reused/backbone_upgrade/experiments/results/trainable_matched/predictions/beijing_24h_24h_station1013_seed2048_center_lstm_h32.npz
beijing_24h_24h_station1013_seed2049_center_lstm_h32,beijing,24,24,1013,2049,lstm,,center_lstm_h32,,,,,completed,22.0,1.1675939559936523,2.512011057000564,0.0066535799996927,,test,,1,9.0,5272.0,5272.0,5272.0,predictions/beijing_24h_24h_station1013_seed2049_center_lstm_h32.npz,checkpoints/beijing_24h_24h_station1013_seed2049_center_lstm_h32.pt,training_logs/beijing_24h_24h_station1013_seed2049_center_lstm_h32.csv,0.6545543074607849,0.8090453061854972,0.5600388646125793,60.25818634033203,41.7120361328125,55.0872688293457,False,,,65.344482421875,44.265323638916016,-7.783818760251223,True,center_lstm_h32,32.0,experiments/results/baseline_v2/reused/backbone_upgrade/experiments/results/trainable_matched/predictions/beijing_24h_24h_station1013_seed2049_center_lstm_h32.npz
beijing_48h_1h_station1013_seed2047_center_lstm_h32,beijing,48,1,1013,2047,lstm,,center_lstm_h32,,,,,completed,39.0,0.0983716249465942,6.072752194000714,0.0122258070005045,,test,,1,9.0,4513.0,4513.0,4513.0,predictions/beijing_48h_1h_station1013_seed2047_center_lstm_h32.npz,checkpoints/beijing_48h_1h_station1013_seed2047_center_lstm_h32.pt,training_logs/beijing_48h_1h_station1013_seed2047_center_lstm_h32.csv,0.0753338783979415,0.2744701776112326,0.1311708688735962,20.442703247070312,9.769685745239258,15.627588272094728,False,,,20.97980499267578,10.450782775878906,-2.560089313475389,True,center_lstm_h32,32.0,experiments/results/baseline_v2/reused/backbone_upgrade/experiments/results/trainable_matched/predictions/beijing_48h_1h_station1013_seed2047_center_lstm_h32.npz
beijing_48h_1h_station1013_seed2048_center_lstm_h32,beijing,48,1,1013,2048,lstm,,center_lstm_h32,,,,,completed,40.0,0.0988593846559524,6.05785215799915,0.0121934700000565,,test,,1,9.0,4513.0,4513.0,4513.0,predictions/beijing_48h_1h_station1013_seed2048_center_lstm_h32.npz,checkpoints/beijing_48h_1h_station1013_seed2048_center_lstm_h32.pt,training_logs/beijing_48h_1h_station1013_seed2048_center_lstm_h32.csv,0.0747044384479522,0.2733211269696367,0.1336595118045807,20.35712432861328,9.95504093170166,16.64866065979004,False,,,20.553361892700195,10.137685775756836,-0.9547711226580917,True,center_lstm_h32,32.0,experiments/results/baseline_v2/reused/backbone_upgrade/experiments/results/trainable_matched/predictions/beijing_48h_1h_station1013_seed2048_center_lstm_h32.npz
beijing_48h_1h_station1013_seed2049_center_lstm_h32,beijing,48,1,1013,2049,lstm,,center_lstm_h32,,,,,completed,38.0,0.0979946553707122,6.067118316999768,0.012161943999672,,test,,1,9.0,4513.0,4513.0,4513.0,predictions/beijing_48h_1h_station1013_seed2049_center_lstm_h32.npz,checkpoints/beijing_48h_1h_station1013_seed2049_center_lstm_h32.pt,training_logs/beijing_48h_1h_station1013_seed2049_center_lstm_h32.csv,0.07584810256958,0.2754053423039939,0.1310378462076187,20.512357711791992,9.759778022766112,15.531556129455566,False,,,20.929391860961918,10.169209480285645,-1.9925765255883479,True,center_lstm_h32,32.0,experiments/results/baseline_v2/reused/backbone_upgrade/experiments/results/trainable_matched/predictions/beijing_48h_1h_station1013_seed2049_center_lstm_h32.npz
beijing_48h_3h_station1013_seed2047_center_lstm_h32,beijing,48,3,1013,2047,lstm,,center_lstm_h32,,,,,completed,34.0,0.2579346895217895,6.083970253999723,0.0122242160014138,,test,,1,9.0,4579.0,4579.0,4579.0,predictions/beijing_48h_3h_station1013_seed2047_center_lstm_h32.npz,checkpoints/beijing_48h_3h_station1013_seed2047_center_lstm_h32.pt,training_logs/beijing_48h_3h_station1013_seed2047_center_lstm_h32.csv,0.1666938215494156,0.4082815469126857,0.2153539359569549,30.406721115112305,16.0384578704834,24.019874572753903,False,,,31.18783187866211,16.69637680053711,-2.5045369187212403,True,center_lstm_h32,32.0,experiments/results/baseline_v2/reused/backbone_upgrade/experiments/results/trainable_matched/predictions/beijing_48h_3h_station1013_seed2047_center_lstm_h32.npz
beijing_48h_3h_station1013_seed2048_center_lstm_h32,beijing,48,3,1013,2048,lstm,,center_lstm_h32,,,,,completed,35.0,0.2592288553714752,6.081957129999864,0.012170474999948,,test,,1,9.0,4579.0,4579.0,4579.0,predictions/beijing_48h_3h_station1013_seed2048_center_lstm_h32.npz,checkpoints/beijing_48h_3h_station1013_seed2048_center_lstm_h32.pt,training_logs/beijing_48h_3h_station1013_seed2048_center_lstm_h32.csv,0.1665915250778198,0.4081562508131167,0.2177538722753524,30.397388458251957,16.217195510864258,24.65679359436035,False,,,31.051353454589844,16.6970157623291,-2.1060756571988377,True,center_lstm_h32,32.0,experiments/results/baseline_v2/reused/backbone_upgrade/experiments/results/trainable_matched/predictions/beijing_48h_3h_station1013_seed2048_center_lstm_h32.npz
beijing_48h_3h_station1013_seed2049_center_lstm_h32,beijing,48,3,1013,2049,lstm,,center_lstm_h32,,,,,completed,37.0,0.2583915591239929,6.132499041999836,0.0119913210000959,,test,,1,9.0,4579.0,4579.0,4579.0,predictions/beijing_48h_3h_station1013_seed2049_center_lstm_h32.npz,checkpoints/beijing_48h_3h_station1013_seed2049_center_lstm_h32.pt,training_logs/beijing_48h_3h_station1013_seed2049_center_lstm_h32.csv,0.1672248542308807,0.4089313563801151,0.2155332863330841,30.455114364624023,16.051816940307617,24.215267181396484,False,,,31.17669677734375,16.931669235229492,-2.3144928337761037,True,center_lstm_h32,32.0,experiments/results/baseline_v2/reused/backbone_upgrade/experiments/results/trainable_matched/predictions/beijing_48h_3h_station1013_seed2049_center_lstm_h32.npz
beijing_48h_6h_station1013_seed2047_center_lstm_h32,beijing,48,6,1013,2047,lstm,,center_lstm_h32,,,,,completed,25.0,0.4802006781101227,6.274713890999919,0.0121556549984234,,test,,1,9.0,4678.0,4678.0,4678.0,predictions/beijing_48h_6h_station1013_seed2047_center_lstm_h32.npz,checkpoints/beijing_48h_6h_station1013_seed2047_center_lstm_h32.pt,training_logs/beijing_48h_6h_station1013_seed2047_center_lstm_h32.csv,0.2868200242519378,0.5355558087183239,0.3163342475891113,39.88545608520508,23.5589542388916,33.582847595214844,False,,,41.811302185058594,24.404136657714844,-4.606041905438963,True,center_lstm_h32,32.0,experiments/results/baseline_v2/reused/backbone_upgrade/experiments/results/trainable_matched/predictions/beijing_48h_6h_station1013_seed2047_center_lstm_h32.npz
beijing_48h_6h_station1013_seed2048_center_lstm_h32,beijing,48,6,1013,2048,lstm,,center_lstm_h32,,,,,completed,24.0,0.4817438423633575,4.8980169290007325,0.0121536980004748,,test,,1,9.0,4678.0,4678.0,4678.0,predictions/beijing_48h_6h_station1013_seed2048_center_lstm_h32.npz,checkpoints/beijing_48h_6h_station1013_seed2048_center_lstm_h32.pt,training_logs/beijing_48h_6h_station1013_seed2048_center_lstm_h32.csv,0.2853629291057586,0.5341937187067616,0.3164713978767395,39.78401184082031,23.569169998168945,33.93689727783203,False,,,41.650672912597656,23.962068557739254,-4.4817068758876015,True,center_lstm_h32,32.0,experiments/results/baseline_v2/reused/backbone_upgrade/experiments/results/trainable_matched/predictions/beijing_48h_6h_station1013_seed2048_center_lstm_h32.npz
beijing_48h_6h_station1013_seed2049_center_lstm_h32,beijing,48,6,1013,2049,lstm,,center_lstm_h32,,,,,completed,33.0,0.4757661819458008,6.144888430000719,0.0122145360001013,,test,,1,9.0,4678.0,4678.0,4678.0,predictions/beijing_48h_6h_station1013_seed2049_center_lstm_h32.npz,checkpoints/beijing_48h_6h_station1013_seed2049_center_lstm_h32.pt,training_logs/beijing_48h_6h_station1013_seed2049_center_lstm_h32.csv,0.3041926324367523,0.5515366102415616,0.3281005322933197,41.075626373291016,24.43524742126465,34.40308380126953,False,,,42.05476379394531,24.104082107543945,-2.3282437762621906,True,center_lstm_h32,32.0,experiments/results/baseline_v2/reused/backbone_upgrade/experiments/results/trainable_matched/predictions/beijing_48h_6h_station1013_seed2049_center_lstm_h32.npz
beijing_48h_12h_station1013_seed2047_center_lstm_h32,beijing,48,12,1013,2047,lstm,,center_lstm_h32,,,,,completed,29.0,0.7705841660499573,5.658411297999919,0.0120068550004361,,test,,1,9.0,4876.0,4876.0,4876.0,predictions/beijing_48h_12h_station1013_seed2047_center_lstm_h32.npz,checkpoints/beijing_48h_12h_station1013_seed2047_center_lstm_h32.pt,training_logs/beijing_48h_12h_station1013_seed2047_center_lstm_h32.csv,0.4985089302062988,0.7060516483985423,0.4507598876953125,52.574501037597656,33.56479263305664,44.91794967651367,False,,,57.32188415527344,35.63805389404297,-8.281973259664802,True,center_lstm_h32,32.0,experiments/results/baseline_v2/reused/backbone_upgrade/experiments/results/trainable_matched/predictions/beijing_48h_12h_station1013_seed2047_center_lstm_h32.npz
beijing_48h_12h_station1013_seed2048_center_lstm_h32,beijing,48,12,1013,2048,lstm,,center_lstm_h32,,,,,completed,20.0,0.7999698519706726,4.295617478001077,0.0121906360000139,,test,,1,9.0,4876.0,4876.0,4876.0,predictions/beijing_48h_12h_station1013_seed2048_center_lstm_h32.npz,checkpoints/beijing_48h_12h_station1013_seed2048_center_lstm_h32.pt,training_logs/beijing_48h_12h_station1013_seed2048_center_lstm_h32.csv,0.5012571811676025,0.7079951844240203,0.4553897678852081,52.71922302246094,33.909542083740234,46.03668975830078,False,,,52.859134674072266,33.03700637817383,-0.264687745030294,True,center_lstm_h32,32.0,experiments/results/baseline_v2/reused/backbone_upgrade/experiments/results/trainable_matched/predictions/beijing_48h_12h_station1013_seed2048_center_lstm_h32.npz
beijing_48h_12h_station1013_seed2049_center_lstm_h32,beijing,48,12,1013,2049,lstm,,center_lstm_h32,,,,,completed,25.0,0.7941458821296692,5.055172777001644,0.0121309379992453,,test,,1,9.0,4876.0,4876.0,4876.0,predictions/beijing_48h_12h_station1013_seed2049_center_lstm_h32.npz,checkpoints/beijing_48h_12h_station1013_seed2049_center_lstm_h32.pt,training_logs/beijing_48h_12h_station1013_seed2049_center_lstm_h32.csv,0.4656224548816681,0.6823653382768413,0.4440721273422241,50.81075286865234,33.066795349121094,45.51194763183594,False,,,55.133583068847656,34.52684020996094,-7.840648039865679,True,center_lstm_h32,32.0,experiments/results/baseline_v2/reused/backbone_upgrade/experiments/results/trainable_matched/predictions/beijing_48h_12h_station1013_seed2049_center_lstm_h32.npz
beijing_48h_24h_station1013_seed2047_center_lstm_h32,beijing,48,24,1013,2047,lstm,,center_lstm_h32,,,,,completed,21.0,1.1974711418151855,5.6882883090002,0.0123367060004966,,test,,1,9.0,5272.0,5272.0,5272.0,predictions/beijing_48h_24h_station1013_seed2047_center_lstm_h32.npz,checkpoints/beijing_48h_24h_station1013_seed2047_center_lstm_h32.pt,training_logs/beijing_48h_24h_station1013_seed2047_center_lstm_h32.csv,0.6567656993865967,0.8104108213656803,0.5588259696960449,60.3265380859375,41.59870147705078,54.88321685791016,False,,,69.85392761230469,46.93188095092773,-13.639017664468374,True,center_lstm_h32,32.0,experiments/results/baseline_v2/reused/backbone_upgrade/experiments/results/trainable_matched/predictions/beijing_48h_24h_station1013_seed2047_center_lstm_h32.npz
beijing_48h_24h_station1013_seed2048_center_lstm_h32,beijing,48,24,1013,2048,lstm,,center_lstm_h32,,,,,completed,17.0,1.199560523033142,3.8383411430004335,0.0122702459993888,,test,,1,9.0,5272.0,5272.0,5272.0,predictions/beijing_48h_24h_station1013_seed2048_center_lstm_h32.npz,checkpoints/beijing_48h_24h_station1013_seed2048_center_lstm_h32.pt,training_logs/beijing_48h_24h_station1013_seed2048_center_lstm_h32.csv,0.6565144658088684,0.8102558026999056,0.563930869102478,60.31499862670898,41.97870635986328,55.36359405517578,False,,,68.12368774414062,45.795066833496094,-11.462516748593487,True,center_lstm_h32,32.0,experiments/results/baseline_v2/reused/backbone_upgrade/experiments/results/trainable_matched/predictions/beijing_48h_24h_station1013_seed2048_center_lstm_h32.npz
beijing_48h_24h_station1013_seed2049_center_lstm_h32,beijing,48,24,1013,2049,lstm,,center_lstm_h32,,,,,completed,22.0,1.1793596744537354,4.622708424998564,0.0121631339989107,,test,,1,9.0,5272.0,5272.0,5272.0,predictions/beijing_48h_24h_station1013_seed2049_center_lstm_h32.npz,checkpoints/beijing_48h_24h_station1013_seed2049_center_lstm_h32.pt,training_logs/beijing_48h_24h_station1013_seed2049_center_lstm_h32.csv,0.709032416343689,0.8420406263023709,0.5782168507575989,62.68104553222656,43.04215240478516,56.000633239746094,False,,,70.52690887451172,47.815460205078125,-11.124638053037705,True,center_lstm_h32,32.0,experiments/results/baseline_v2/reused/backbone_upgrade/experiments/results/trainable_matched/predictions/beijing_48h_24h_station1013_seed2049_center_lstm_h32.npz
beijing_72h_1h_station1013_seed2047_center_lstm_h32,beijing,72,1,1013,2047,lstm,,center_lstm_h32,,,,,completed,30.0,0.1372084468603134,4.637632906000363,0.0110189579991129,,test,,1,9.0,4513.0,4513.0,4513.0,predictions/beijing_72h_1h_station1013_seed2047_center_lstm_h32.npz,checkpoints/beijing_72h_1h_station1013_seed2047_center_lstm_h32.pt,training_logs/beijing_72h_1h_station1013_seed2047_center_lstm_h32.csv,0.0901052504777908,0.3001753662074735,0.1546182334423065,22.344890594482425,11.509696006774902,17.24845314025879,False,,,21.06454849243164,10.74881076812744,6.078184407849062,False,center_lstm_h32,32.0,experiments/results/baseline_v2/reused/backbone_upgrade/experiments/results/trainable_matched/predictions/beijing_72h_1h_station1013_seed2047_center_lstm_h32.npz
beijing_72h_1h_station1013_seed2048_center_lstm_h32,beijing,72,1,1013,2048,lstm,,center_lstm_h32,,,,,completed,30.0,0.1329887211322784,4.154504553998777,0.0112494810000498,,test,,1,9.0,4513.0,4513.0,4513.0,predictions/beijing_72h_1h_station1013_seed2048_center_lstm_h32.npz,checkpoints/beijing_72h_1h_station1013_seed2048_center_lstm_h32.pt,training_logs/beijing_72h_1h_station1013_seed2048_center_lstm_h32.csv,0.0872370079159736,0.2953591168661866,0.1509160995483398,21.986371994018555,11.234111785888672,16.874784469604492,False,,,20.968732833862305,10.600374221801758,4.853126644414437,False,center_lstm_h32,32.0,experiments/results/baseline_v2/reused/backbone_upgrade/experiments/results/trainable_matched/predictions/beijing_72h_1h_station1013_seed2048_center_lstm_h32.npz
beijing_72h_1h_station1013_seed2049_center_lstm_h32,beijing,72,1,1013,2049,lstm,,center_lstm_h32,,,,,completed,30.0,0.1305447220802307,4.143822919999366,0.0110034669996821,,test,,1,9.0,4513.0,4513.0,4513.0,predictions/beijing_72h_1h_station1013_seed2049_center_lstm_h32.npz,checkpoints/beijing_72h_1h_station1013_seed2049_center_lstm_h32.pt,training_logs/beijing_72h_1h_station1013_seed2049_center_lstm_h32.csv,0.0883447974920272,0.2972285273859615,0.1498115211725235,22.12553024291992,11.151885986328123,17.528026580810547,False,,,21.28269386291504,10.951455116271973,3.9601959480961964,False,center_lstm_h32,32.0,experiments/results/baseline_v2/reused/backbone_upgrade/experiments/results/trainable_matched/predictions/beijing_72h_1h_station1013_seed2049_center_lstm_h32.npz
beijing_72h_3h_station1013_seed2047_center_lstm_h32,beijing,72,3,1013,2047,lstm,,center_lstm_h32,,,,,completed,30.0,0.2936312258243561,4.189960866000547,0.0112188299990521,,test,,1,9.0,4579.0,4579.0,4579.0,predictions/beijing_72h_3h_station1013_seed2047_center_lstm_h32.npz,checkpoints/beijing_72h_3h_station1013_seed2047_center_lstm_h32.pt,training_logs/beijing_72h_3h_station1013_seed2047_center_lstm_h32.csv,0.1802997291088104,0.4246171559285027,0.2340438663959503,31.60614585876465,17.420927047729492,25.408632278442383,False,,,31.00885581970215,17.128154754638672,1.926191803191264,False,center_lstm_h32,32.0,experiments/results/baseline_v2/reused/backbone_upgrade/experiments/results/trainable_matched/predictions/beijing_72h_3h_station1013_seed2047_center_lstm_h32.npz
beijing_72h_3h_station1013_seed2048_center_lstm_h32,beijing,72,3,1013,2048,lstm,,center_lstm_h32,,,,,completed,30.0,0.2969873547554016,4.1452633409990085,0.0109466039994003,,test,,1,9.0,4579.0,4579.0,4579.0,predictions/beijing_72h_3h_station1013_seed2048_center_lstm_h32.npz,checkpoints/beijing_72h_3h_station1013_seed2048_center_lstm_h32.pt,training_logs/beijing_72h_3h_station1013_seed2048_center_lstm_h32.csv,0.1782691478729248,0.4222193125295488,0.2321300655603408,31.42766571044922,17.278474807739258,24.699901580810547,False,,,31.21354103088379,16.76036262512207,0.6859993211073588,False,center_lstm_h32,32.0,experiments/results/baseline_v2/reused/backbone_upgrade/experiments/results/trainable_matched/predictions/beijing_72h_3h_station1013_seed2048_center_lstm_h32.npz
beijing_72h_3h_station1013_seed2049_center_lstm_h32,beijing,72,3,1013,2049,lstm,,center_lstm_h32,,,,,completed,30.0,0.2987905442714691,4.152816339999845,0.011129725999126,,test,,1,9.0,4579.0,4579.0,4579.0,predictions/beijing_72h_3h_station1013_seed2049_center_lstm_h32.npz,checkpoints/beijing_72h_3h_station1013_seed2049_center_lstm_h32.pt,training_logs/beijing_72h_3h_station1013_seed2049_center_lstm_h32.csv,0.1846402883529663,0.4296979035938694,0.2389295250177383,31.98432731628418,17.784587860107422,26.10050201416016,False,,,31.59510612487793,17.138343811035156,1.2319034152563835,False,center_lstm_h32,32.0,experiments/results/baseline_v2/reused/backbone_upgrade/experiments/results/trainable_matched/predictions/beijing_72h_3h_station1013_seed2049_center_lstm_h32.npz
beijing_72h_6h_station1013_seed2047_center_lstm_h32,beijing,72,6,1013,2047,lstm,,center_lstm_h32,,,,,completed,30.0,0.5095555186271667,4.1882216519989015,0.0112446090006415,,test,,1,9.0,4678.0,4678.0,4678.0,predictions/beijing_72h_6h_station1013_seed2047_center_lstm_h32.npz,checkpoints/beijing_72h_6h_station1013_seed2047_center_lstm_h32.pt,training_logs/beijing_72h_6h_station1013_seed2047_center_lstm_h32.csv,0.3018974661827087,0.549451968949706,0.327625423669815,40.89544296264648,24.3850040435791,33.77701568603516,False,,,41.74861526489258,24.63315200805664,-2.0435942529656885,True,center_lstm_h32,32.0,experiments/results/baseline_v2/reused/backbone_upgrade/experiments/results/trainable_matched/predictions/beijing_72h_6h_station1013_seed2047_center_lstm_h32.npz
beijing_72h_6h_station1013_seed2048_center_lstm_h32,beijing,72,6,1013,2048,lstm,,center_lstm_h32,,,,,completed,29.0,0.4993697702884674,4.145991408000555,0.0109474420005426,,test,,1,9.0,4678.0,4678.0,4678.0,predictions/beijing_72h_6h_station1013_seed2048_center_lstm_h32.npz,checkpoints/beijing_72h_6h_station1013_seed2048_center_lstm_h32.pt,training_logs/beijing_72h_6h_station1013_seed2048_center_lstm_h32.csv,0.2936911880970001,0.541932826185128,0.3257172405719757,40.33580017089844,24.242979049682617,35.209590911865234,False,,,41.156280517578125,24.216215133666992,-1.9935726366945496,True,center_lstm_h32,32.0,experiments/results/baseline_v2/reused/backbone_upgrade/experiments/results/trainable_matched/predictions/beijing_72h_6h_station1013_seed2048_center_lstm_h32.npz
beijing_72h_6h_station1013_seed2049_center_lstm_h32,beijing,72,6,1013,2049,lstm,,center_lstm_h32,,,,,completed,30.0,0.5025765895843506,4.151119854001081,0.0110598330011271,,test,,1,9.0,4678.0,4678.0,4678.0,predictions/beijing_72h_6h_station1013_seed2049_center_lstm_h32.npz,checkpoints/beijing_72h_6h_station1013_seed2049_center_lstm_h32.pt,training_logs/beijing_72h_6h_station1013_seed2049_center_lstm_h32.csv,0.2923751175403595,0.5407172251189706,0.3253655135631561,40.24532318115234,24.216798782348636,34.71996307373047,False,,,41.276737213134766,24.22653007507324,-2.498778008195426,True,center_lstm_h32,32.0,experiments/results/baseline_v2/reused/backbone_upgrade/experiments/results/trainable_matched/predictions/beijing_72h_6h_station1013_seed2049_center_lstm_h32.npz
beijing_72h_12h_station1013_seed2047_center_lstm_h32,beijing,72,12,1013,2047,lstm,,center_lstm_h32,,,,,completed,30.0,0.805199384689331,4.164824081999541,0.4988909570001851,,test,,1,9.0,4876.0,4876.0,4876.0,predictions/beijing_72h_12h_station1013_seed2047_center_lstm_h32.npz,checkpoints/beijing_72h_12h_station1013_seed2047_center_lstm_h32.pt,training_logs/beijing_72h_12h_station1013_seed2047_center_lstm_h32.csv,0.4690962433815002,0.6849060106186106,0.4442655742168426,50.97569274902344,33.06547546386719,45.25822448730469,False,,,56.09211349487305,35.244869232177734,-9.121461872384721,True,center_lstm_h32,32.0,experiments/results/baseline_v2/reused/backbone_upgrade/experiments/results/trainable_matched/predictions/beijing_72h_12h_station1013_seed2047_center_lstm_h32.npz
beijing_72h_12h_station1013_seed2048_center_lstm_h32,beijing,72,12,1013,2048,lstm,,center_lstm_h32,,,,,completed,24.0,0.8175326585769653,4.145582846000252,0.0113570260000415,,test,,1,9.0,4876.0,4876.0,4876.0,predictions/beijing_72h_12h_station1013_seed2048_center_lstm_h32.npz,checkpoints/beijing_72h_12h_station1013_seed2048_center_lstm_h32.pt,training_logs/beijing_72h_12h_station1013_seed2048_center_lstm_h32.csv,0.4884167313575744,0.6988681788131252,0.4628740847110748,52.01485824584961,34.45045852661133,47.28620910644531,False,,,55.03749084472656,34.67401123046875,-5.491952035757763,True,center_lstm_h32,32.0,experiments/results/baseline_v2/reused/backbone_upgrade/experiments/results/trainable_matched/predictions/beijing_72h_12h_station1013_seed2048_center_lstm_h32.npz
beijing_72h_12h_station1013_seed2049_center_lstm_h32,beijing,72,12,1013,2049,lstm,,center_lstm_h32,,,,,completed,28.0,0.8137763142585754,4.157484187999216,0.0111518879984942,,test,,1,9.0,4876.0,4876.0,4876.0,predictions/beijing_72h_12h_station1013_seed2049_center_lstm_h32.npz,checkpoints/beijing_72h_12h_station1013_seed2049_center_lstm_h32.pt,training_logs/beijing_72h_12h_station1013_seed2049_center_lstm_h32.csv,0.483489990234375,0.695334444878416,0.4484867453575134,51.75185012817383,33.379642486572266,45.21027374267578,False,,,54.70387268066406,35.244651794433594,-5.396368497935747,True,center_lstm_h32,32.0,experiments/results/baseline_v2/reused/backbone_upgrade/experiments/results/trainable_matched/predictions/beijing_72h_12h_station1013_seed2049_center_lstm_h32.npz
beijing_72h_24h_station1013_seed2047_center_lstm_h32,beijing,72,24,1013,2047,lstm,,center_lstm_h32,,,,,completed,28.0,1.209672451019287,4.152027480999095,0.0111000290016818,,test,,1,9.0,5272.0,5272.0,5272.0,predictions/beijing_72h_24h_station1013_seed2047_center_lstm_h32.npz,checkpoints/beijing_72h_24h_station1013_seed2047_center_lstm_h32.pt,training_logs/beijing_72h_24h_station1013_seed2047_center_lstm_h32.csv,0.6796189546585083,0.8243900500724813,0.5773311853408813,61.343563079833984,42.95970153808594,56.60173416137695,False,,,65.6296157836914,44.675662994384766,-6.530668590204488,True,center_lstm_h32,32.0,experiments/results/baseline_v2/reused/backbone_upgrade/experiments/results/trainable_matched/predictions/beijing_72h_24h_station1013_seed2047_center_lstm_h32.npz
beijing_72h_24h_station1013_seed2048_center_lstm_h32,beijing,72,24,1013,2048,lstm,,center_lstm_h32,,,,,completed,25.0,1.210880994796753,4.149992480999572,0.0110963250008353,,test,,1,9.0,5272.0,5272.0,5272.0,predictions/beijing_72h_24h_station1013_seed2048_center_lstm_h32.npz,checkpoints/beijing_72h_24h_station1013_seed2048_center_lstm_h32.pt,training_logs/beijing_72h_24h_station1013_seed2048_center_lstm_h32.csv,0.6726478934288025,0.8201511406008056,0.5697533488273621,61.02814483642578,42.39583206176758,56.60951232910156,False,,,64.7675552368164,43.77329254150391,-5.773585843587621,True,center_lstm_h32,32.0,experiments/results/baseline_v2/reused/backbone_upgrade/experiments/results/trainable_matched/predictions/beijing_72h_24h_station1013_seed2048_center_lstm_h32.npz
beijing_72h_24h_station1013_seed2049_center_lstm_h32,beijing,72,24,1013,2049,lstm,,center_lstm_h32,,,,,completed,23.0,1.2140817642211914,4.023858849001044,0.0111589370008005,,test,,1,9.0,5272.0,5272.0,5272.0,predictions/beijing_72h_24h_station1013_seed2049_center_lstm_h32.npz,checkpoints/beijing_72h_24h_station1013_seed2049_center_lstm_h32.pt,training_logs/beijing_72h_24h_station1013_seed2049_center_lstm_h32.csv,0.6704332232475281,0.8187998676401506,0.5656953454017639,60.92759704589844,42.093875885009766,55.44770812988281,False,,,68.50748443603516,46.28374862670898,-11.064320128721109,True,center_lstm_h32,32.0,experiments/results/baseline_v2/reused/backbone_upgrade/experiments/results/trainable_matched/predictions/beijing_72h_24h_station1013_seed2049_center_lstm_h32.npz
beijing_168h_1h_station1013_seed2047_center_lstm_h32,beijing,168,1,1013,2047,lstm,,center_lstm_h32,,,,,completed,30.0,0.1355944126844406,9.443352858999788,0.0244214750000537,,test,,1,9.0,4513.0,4513.0,4513.0,predictions/beijing_168h_1h_station1013_seed2047_center_lstm_h32.npz,checkpoints/beijing_168h_1h_station1013_seed2047_center_lstm_h32.pt,training_logs/beijing_168h_1h_station1013_seed2047_center_lstm_h32.csv,0.0906590595841407,0.3010964290458138,0.1535214334726333,22.381017684936523,11.411513328552246,17.65753173828125,False,,,21.871671676635746,11.994721412658691,2.32879322546197,False,center_lstm_h32,32.0,experiments/results/baseline_v2/reused/backbone_upgrade/experiments/results/trainable_matched/predictions/beijing_168h_1h_station1013_seed2047_center_lstm_h32.npz
beijing_168h_1h_station1013_seed2048_center_lstm_h32,beijing,168,1,1013,2048,lstm,,center_lstm_h32,,,,,completed,30.0,0.1289737224578857,8.900094048000028,0.0243612390004273,,test,,1,9.0,4513.0,4513.0,4513.0,predictions/beijing_168h_1h_station1013_seed2048_center_lstm_h32.npz,checkpoints/beijing_168h_1h_station1013_seed2048_center_lstm_h32.pt,training_logs/beijing_168h_1h_station1013_seed2048_center_lstm_h32.csv,0.0877317413687706,0.2961954445442579,0.1519279927015304,22.016719818115234,11.293068885803224,16.998762130737305,False,,,21.76912498474121,11.43486213684082,1.137366952266441,False,center_lstm_h32,32.0,experiments/results/baseline_v2/reused/backbone_upgrade/experiments/results/trainable_matched/predictions/beijing_168h_1h_station1013_seed2048_center_lstm_h32.npz
beijing_168h_1h_station1013_seed2049_center_lstm_h32,beijing,168,1,1013,2049,lstm,,center_lstm_h32,,,,,completed,30.0,0.1289860755205154,9.000863048999236,0.0246354170012637,,test,,1,9.0,4513.0,4513.0,4513.0,predictions/beijing_168h_1h_station1013_seed2049_center_lstm_h32.npz,checkpoints/beijing_168h_1h_station1013_seed2049_center_lstm_h32.pt,training_logs/beijing_168h_1h_station1013_seed2049_center_lstm_h32.csv,0.0897768586874008,0.2996278670073944,0.1532263308763504,22.2718563079834,11.389577865600586,17.528257369995117,False,,,22.61062812805176,12.07103443145752,-1.4982857537162684,True,center_lstm_h32,32.0,experiments/results/baseline_v2/reused/backbone_upgrade/experiments/results/trainable_matched/predictions/beijing_168h_1h_station1013_seed2049_center_lstm_h32.npz
beijing_168h_3h_station1013_seed2047_center_lstm_h32,beijing,168,3,1013,2047,lstm,,center_lstm_h32,,,,,completed,30.0,0.2875797748565674,8.894723438001165,0.0243709709993709,,test,,1,9.0,4579.0,4579.0,4579.0,predictions/beijing_168h_3h_station1013_seed2047_center_lstm_h32.npz,checkpoints/beijing_168h_3h_station1013_seed2047_center_lstm_h32.pt,training_logs/beijing_168h_3h_station1013_seed2047_center_lstm_h32.csv,0.1822931319475174,0.4269579978727619,0.2351453155279159,31.736059188842773,17.478500366210938,25.630935668945312,False,,,31.7686710357666,18.36850929260254,-0.10265411130075991,True,center_lstm_h32,32.0,experiments/results/baseline_v2/reused/backbone_upgrade/experiments/results/trainable_matched/predictions/beijing_168h_3h_station1013_seed2047_center_lstm_h32.npz
beijing_168h_3h_station1013_seed2048_center_lstm_h32,beijing,168,3,1013,2048,lstm,,center_lstm_h32,,,,,completed,30.0,0.2898430228233337,8.936186816001282,0.0246361259996774,,test,,1,9.0,4579.0,4579.0,4579.0,predictions/beijing_168h_3h_station1013_seed2048_center_lstm_h32.npz,checkpoints/beijing_168h_3h_station1013_seed2048_center_lstm_h32.pt,training_logs/beijing_168h_3h_station1013_seed2048_center_lstm_h32.csv,0.1791660338640213,0.4232800891419549,0.2327174693346023,31.462677001953125,17.298036575317383,25.025352478027344,False,,,31.73417854309082,18.07464408874512,-0.8555492960658556,True,center_lstm_h32,32.0,experiments/results/baseline_v2/reused/backbone_upgrade/experiments/results/trainable_matched/predictions/beijing_168h_3h_station1013_seed2048_center_lstm_h32.npz
beijing_168h_3h_station1013_seed2049_center_lstm_h32,beijing,168,3,1013,2049,lstm,,center_lstm_h32,,,,,completed,30.0,0.2913366258144378,8.981543474001228,0.0244614200000796,,test,,1,9.0,4579.0,4579.0,4579.0,predictions/beijing_168h_3h_station1013_seed2049_center_lstm_h32.npz,checkpoints/beijing_168h_3h_station1013_seed2049_center_lstm_h32.pt,training_logs/beijing_168h_3h_station1013_seed2049_center_lstm_h32.csv,0.1862155497074127,0.4315269976576352,0.2420093268156051,32.07567596435547,17.988706588745117,27.521259307861328,False,,,32.07843780517578,18.52771759033203,-0.008609648752492814,True,center_lstm_h32,32.0,experiments/results/baseline_v2/reused/backbone_upgrade/experiments/results/trainable_matched/predictions/beijing_168h_3h_station1013_seed2049_center_lstm_h32.npz
beijing_168h_6h_station1013_seed2047_center_lstm_h32,beijing,168,6,1013,2047,lstm,,center_lstm_h32,,,,,completed,28.0,0.5015602111816406,8.986917070000345,0.0243114360000618,,test,,1,9.0,4678.0,4678.0,4678.0,predictions/beijing_168h_6h_station1013_seed2047_center_lstm_h32.npz,checkpoints/beijing_168h_6h_station1013_seed2047_center_lstm_h32.pt,training_logs/beijing_168h_6h_station1013_seed2047_center_lstm_h32.csv,0.3024828135967254,0.5499843757750992,0.3280096650123596,40.88068771362305,24.381162643432617,34.203575134277344,False,,,42.01683807373047,25.93600273132324,-2.7040358394263833,True,center_lstm_h32,32.0,experiments/results/baseline_v2/reused/backbone_upgrade/experiments/results/trainable_matched/predictions/beijing_168h_6h_station1013_seed2047_center_lstm_h32.npz
beijing_168h_6h_station1013_seed2048_center_lstm_h32,beijing,168,6,1013,2048,lstm,,center_lstm_h32,,,,,completed,29.0,0.4951835870742798,8.925121058000514,0.0243083279983693,,test,,1,9.0,4678.0,4678.0,4678.0,predictions/beijing_168h_6h_station1013_seed2048_center_lstm_h32.npz,checkpoints/beijing_168h_6h_station1013_seed2048_center_lstm_h32.pt,training_logs/beijing_168h_6h_station1013_seed2048_center_lstm_h32.csv,0.2990036606788635,0.5468122718802712,0.3338537216186523,40.64490509033203,24.815561294555664,36.55537796020508,False,,,42.51594543457031,26.329206466674805,-4.400796748405157,True,center_lstm_h32,32.0,experiments/results/baseline_v2/reused/backbone_upgrade/experiments/results/trainable_matched/predictions/beijing_168h_6h_station1013_seed2048_center_lstm_h32.npz
beijing_168h_6h_station1013_seed2049_center_lstm_h32,beijing,168,6,1013,2049,lstm,,center_lstm_h32,,,,,completed,30.0,0.4942200481891632,8.970905031999791,0.0243456209991563,,test,,1,9.0,4678.0,4678.0,4678.0,predictions/beijing_168h_6h_station1013_seed2049_center_lstm_h32.npz,checkpoints/beijing_168h_6h_station1013_seed2049_center_lstm_h32.pt,training_logs/beijing_168h_6h_station1013_seed2049_center_lstm_h32.csv,0.2966212332248688,0.544629445793072,0.33256596326828,40.4826545715332,24.719839096069336,35.869773864746094,False,,,42.00048828125,26.010665893554688,-3.6138477713707755,True,center_lstm_h32,32.0,experiments/results/baseline_v2/reused/backbone_upgrade/experiments/results/trainable_matched/predictions/beijing_168h_6h_station1013_seed2049_center_lstm_h32.npz
beijing_168h_6h_station1013_seed2050_center_lstm_h32,beijing,168,6,1013,2050,lstm,,center_lstm_h32,,,,,completed,29.0,0.495741993188858,8.969839837998734,0.0243897380005364,,test,,1,9.0,4678.0,4678.0,4678.0,predictions/beijing_168h_6h_station1013_seed2050_center_lstm_h32.npz,checkpoints/beijing_168h_6h_station1013_seed2050_center_lstm_h32.pt,training_logs/beijing_168h_6h_station1013_seed2050_center_lstm_h32.csv,0.2958575487136841,0.5439278892589385,0.3314445614814758,40.43050384521485,24.6364860534668,36.00908660888672,False,,,42.20603942871094,26.009906768798828,-4.20682823484325,True,center_lstm_h32,32.0,experiments/results/baseline_v2/reused/backbone_upgrade/experiments/results/trainable_matched/predictions/beijing_168h_6h_station1013_seed2050_center_lstm_h32.npz
beijing_168h_6h_station1013_seed2051_center_lstm_h32,beijing,168,6,1013,2051,lstm,,center_lstm_h32,,,,,completed,30.0,0.5050126314163208,8.934209070999714,0.0244241109994618,,test,,1,9.0,4678.0,4678.0,4678.0,predictions/beijing_168h_6h_station1013_seed2051_center_lstm_h32.npz,checkpoints/beijing_168h_6h_station1013_seed2051_center_lstm_h32.pt,training_logs/beijing_168h_6h_station1013_seed2051_center_lstm_h32.csv,0.2981266677379608,0.5460097689034151,0.3283255100250244,40.58525466918945,24.40464401245117,34.77018356323242,False,,,41.76411056518555,25.687108993530277,-2.8226529430242073,True,center_lstm_h32,32.0,experiments/results/baseline_v2/reused/backbone_upgrade/experiments/results/trainable_matched/predictions/beijing_168h_6h_station1013_seed2051_center_lstm_h32.npz
beijing_168h_12h_station1013_seed2047_center_lstm_h32,beijing,168,12,1013,2047,lstm,,center_lstm_h32,,,,,completed,30.0,0.8065929412841797,10.166592577999836,0.0245226790011656,,test,,1,9.0,4876.0,4876.0,4876.0,predictions/beijing_168h_12h_station1013_seed2047_center_lstm_h32.npz,checkpoints/beijing_168h_12h_station1013_seed2047_center_lstm_h32.pt,training_logs/beijing_168h_12h_station1013_seed2047_center_lstm_h32.csv,0.4786220788955688,0.6918251794316024,0.4483072161674499,51.43009185791016,33.32703399658203,45.60468292236328,False,,,54.23294448852539,36.208377838134766,-5.168173435997478,True,center_lstm_h32,32.0,experiments/results/baseline_v2/reused/backbone_upgrade/experiments/results/trainable_matched/predictions/beijing_168h_12h_station1013_seed2047_center_lstm_h32.npz
beijing_168h_12h_station1013_seed2048_center_lstm_h32,beijing,168,12,1013,2048,lstm,,center_lstm_h32,,,,,completed,25.0,0.8213492035865784,8.925445602999389,0.0246704450000834,,test,,1,9.0,4876.0,4876.0,4876.0,predictions/beijing_168h_12h_station1013_seed2048_center_lstm_h32.npz,checkpoints/beijing_168h_12h_station1013_seed2048_center_lstm_h32.pt,training_logs/beijing_168h_12h_station1013_seed2048_center_lstm_h32.csv,0.4876346588134765,0.6983084267094852,0.4602154493331909,51.91205596923828,34.2122917175293,46.64127731323242,False,,,55.16896057128906,36.87693405151367,-5.903509089757501,True,center_lstm_h32,32.0,experiments/results/baseline_v2/reused/backbone_upgrade/experiments/results/trainable_matched/predictions/beijing_168h_12h_station1013_seed2048_center_lstm_h32.npz
beijing_168h_12h_station1013_seed2049_center_lstm_h32,beijing,168,12,1013,2049,lstm,,center_lstm_h32,,,,,completed,29.0,0.8223716616630554,8.945894059999773,0.0246538330011389,,test,,1,9.0,4876.0,4876.0,4876.0,predictions/beijing_168h_12h_station1013_seed2049_center_lstm_h32.npz,checkpoints/beijing_168h_12h_station1013_seed2049_center_lstm_h32.pt,training_logs/beijing_168h_12h_station1013_seed2049_center_lstm_h32.csv,0.4724256098270416,0.6873322412247527,0.4501126110553741,51.09608840942383,33.46124649047852,45.79508972167969,False,,,58.07843780517578,38.81656646728516,-12.022274805624518,True,center_lstm_h32,32.0,experiments/results/baseline_v2/reused/backbone_upgrade/experiments/results/trainable_matched/predictions/beijing_168h_12h_station1013_seed2049_center_lstm_h32.npz
beijing_168h_24h_station1013_seed2047_center_lstm_h32,beijing,168,24,1013,2047,lstm,,center_lstm_h32,,,,,completed,30.0,1.1931523084640503,10.145790222999494,0.0248506369989627,,test,,1,9.0,5272.0,5272.0,5272.0,predictions/beijing_168h_24h_station1013_seed2047_center_lstm_h32.npz,checkpoints/beijing_168h_24h_station1013_seed2047_center_lstm_h32.pt,training_logs/beijing_168h_24h_station1013_seed2047_center_lstm_h32.csv,0.705302357673645,0.8398228132610146,0.6076685786247253,62.46705627441406,45.19914245605469,58.73552703857422,False,,,67.65840148925781,47.55368041992188,-7.672875948256012,True,center_lstm_h32,32.0,experiments/results/baseline_v2/reused/backbone_upgrade/experiments/results/trainable_matched/predictions/beijing_168h_24h_station1013_seed2047_center_lstm_h32.npz
beijing_168h_24h_station1013_seed2048_center_lstm_h32,beijing,168,24,1013,2048,lstm,,center_lstm_h32,,,,,completed,20.0,1.229628562927246,7.703060779000225,0.0247151830008078,,test,,1,9.0,5272.0,5272.0,5272.0,predictions/beijing_168h_24h_station1013_seed2048_center_lstm_h32.npz,checkpoints/beijing_168h_24h_station1013_seed2048_center_lstm_h32.pt,training_logs/beijing_168h_24h_station1013_seed2048_center_lstm_h32.csv,0.6576919555664062,0.8109820932464578,0.5695608258247375,60.32184600830078,42.36463165283203,56.137168884277344,False,,,72.7971420288086,50.40897750854492,-17.13706839695831,True,center_lstm_h32,32.0,experiments/results/baseline_v2/reused/backbone_upgrade/experiments/results/trainable_matched/predictions/beijing_168h_24h_station1013_seed2048_center_lstm_h32.npz
beijing_168h_24h_station1013_seed2049_center_lstm_h32,beijing,168,24,1013,2049,lstm,,center_lstm_h32,,,,,completed,20.0,1.207908034324646,7.7061774659996445,0.0246360480014118,,test,,1,9.0,5272.0,5272.0,5272.0,predictions/beijing_168h_24h_station1013_seed2049_center_lstm_h32.npz,checkpoints/beijing_168h_24h_station1013_seed2049_center_lstm_h32.pt,training_logs/beijing_168h_24h_station1013_seed2049_center_lstm_h32.csv,0.6823058128356934,0.8260180463135738,0.5734868049621582,61.44023895263672,42.65665817260742,56.332801818847656,False,,,66.645751953125,46.83631896972656,-7.8107198852667405,True,center_lstm_h32,32.0,experiments/results/baseline_v2/reused/backbone_upgrade/experiments/results/trainable_matched/predictions/beijing_168h_24h_station1013_seed2049_center_lstm_h32.npz
beijing_24h_1h_station1013_seed2047_center_lstm_h40,beijing,24,1,1013,2047,lstm,,center_lstm_h40,,,,,completed,33.0,0.0983459651470184,3.2866444900000715,0.0096156990002782,,test,,1,9.0,6921.0,6921.0,6921.0,predictions/beijing_24h_1h_station1013_seed2047_center_lstm_h40.npz,checkpoints/beijing_24h_1h_station1013_seed2047_center_lstm_h40.pt,training_logs/beijing_24h_1h_station1013_seed2047_center_lstm_h40.csv,0.0760902017354965,0.275844524570448,0.1318963021039962,20.55585479736328,9.828874588012695,15.703423500061035,False,,,20.988380432128903,10.146111488342283,-2.06078613909396,True,center_lstm_h40,40.0,experiments/results/baseline_v2/reused/backbone_upgrade/experiments/results/trainable_matched/predictions/beijing_24h_1h_station1013_seed2047_center_lstm_h40.npz
beijing_24h_1h_station1013_seed2048_center_lstm_h40,beijing,24,1,1013,2048,lstm,,center_lstm_h40,,,,,completed,35.0,0.0983267128467559,3.320945251000012,0.006441370000175,,test,,1,9.0,6921.0,6921.0,6921.0,predictions/beijing_24h_1h_station1013_seed2048_center_lstm_h40.npz,checkpoints/beijing_24h_1h_station1013_seed2048_center_lstm_h40.pt,training_logs/beijing_24h_1h_station1013_seed2048_center_lstm_h40.csv,0.0758887827396392,0.275479187489072,0.1321272104978561,20.52862930297852,9.84608268737793,16.079317092895508,False,,,20.778905868530277,10.011322021484377,-1.2044742256174445,True,center_lstm_h40,40.0,experiments/results/baseline_v2/reused/backbone_upgrade/experiments/results/trainable_matched/predictions/beijing_24h_1h_station1013_seed2048_center_lstm_h40.npz
beijing_24h_1h_station1013_seed2049_center_lstm_h40,beijing,24,1,1013,2049,lstm,,center_lstm_h40,,,,,completed,40.0,0.0987106412649154,3.273513747000834,0.0063801119995332,,test,,1,9.0,6921.0,6921.0,6921.0,predictions/beijing_24h_1h_station1013_seed2049_center_lstm_h40.npz,checkpoints/beijing_24h_1h_station1013_seed2049_center_lstm_h40.pt,training_logs/beijing_24h_1h_station1013_seed2049_center_lstm_h40.csv,0.0762486904859542,0.2761316542628793,0.1368170082569122,20.57725143432617,10.195564270019531,17.518674850463867,False,,,20.896221160888672,10.110241889953612,-1.526446930794919,True,center_lstm_h40,40.0,experiments/results/baseline_v2/reused/backbone_upgrade/experiments/results/trainable_matched/predictions/beijing_24h_1h_station1013_seed2049_center_lstm_h40.npz
beijing_24h_1h_station1013_seed2050_center_lstm_h40,beijing,24,1,1013,2050,lstm,,center_lstm_h40,,,,,completed,39.0,0.0988352820277214,3.3066114470002503,0.0065191690009669,,test,,1,9.0,6921.0,6921.0,6921.0,predictions/beijing_24h_1h_station1013_seed2050_center_lstm_h40.npz,checkpoints/beijing_24h_1h_station1013_seed2050_center_lstm_h40.pt,training_logs/beijing_24h_1h_station1013_seed2050_center_lstm_h40.csv,0.0768695026636123,0.2772534989204146,0.1322989761829376,20.660852432250977,9.858881950378418,16.00096321105957,False,,,21.0170955657959,10.084884643554688,-1.695016004612392,True,center_lstm_h40,40.0,experiments/results/baseline_v2/reused/backbone_upgrade/experiments/results/trainable_matched/predictions/beijing_24h_1h_station1013_seed2050_center_lstm_h40.npz
beijing_24h_1h_station1013_seed2051_center_lstm_h40,beijing,24,1,1013,2051,lstm,,center_lstm_h40,,,,,completed,39.0,0.0982161089777946,3.429080406000139,0.0066066079998563,,test,,1,9.0,6921.0,6921.0,6921.0,predictions/beijing_24h_1h_station1013_seed2051_center_lstm_h40.npz,checkpoints/beijing_24h_1h_station1013_seed2051_center_lstm_h40.pt,training_logs/beijing_24h_1h_station1013_seed2051_center_lstm_h40.csv,0.0765594542026519,0.276693791406045,0.1312999129295349,20.619144439697266,9.784432411193848,15.56886863708496,False,,,20.71529197692871,10.02131462097168,-0.46413797757969294,True,center_lstm_h40,40.0,experiments/results/baseline_v2/reused/backbone_upgrade/experiments/results/trainable_matched/predictions/beijing_24h_1h_station1013_seed2051_center_lstm_h40.npz
beijing_24h_3h_station1013_seed2047_center_lstm_h40,beijing,24,3,1013,2047,lstm,,center_lstm_h40,,,,,completed,36.0,0.2563121914863586,3.4243338079995738,0.5306930570004624,,test,,1,9.0,7003.0,7003.0,7003.0,predictions/beijing_24h_3h_station1013_seed2047_center_lstm_h40.npz,checkpoints/beijing_24h_3h_station1013_seed2047_center_lstm_h40.pt,training_logs/beijing_24h_3h_station1013_seed2047_center_lstm_h40.csv,0.168423905968666,0.410394817180561,0.2186701595783233,30.582504272460938,16.29523468017578,25.34447288513184,False,,,30.44579696655273,16.024797439575195,0.4490186479874091,False,center_lstm_h40,40.0,experiments/results/baseline_v2/reused/backbone_upgrade/experiments/results/trainable_matched/predictions/beijing_24h_3h_station1013_seed2047_center_lstm_h40.npz
beijing_24h_3h_station1013_seed2048_center_lstm_h40,beijing,24,3,1013,2048,lstm,,center_lstm_h40,,,,,completed,32.0,0.2498206198215484,3.3917297669995605,0.0062905459999456,,test,,1,9.0,7003.0,7003.0,7003.0,predictions/beijing_24h_3h_station1013_seed2048_center_lstm_h40.npz,checkpoints/beijing_24h_3h_station1013_seed2048_center_lstm_h40.pt,training_logs/beijing_24h_3h_station1013_seed2048_center_lstm_h40.csv,0.1681945323944091,0.4101152672047325,0.2161573320627212,30.56167221069336,16.107982635498047,24.040132522583008,False,,,30.800689697265625,16.063575744628906,-0.7760134234704645,True,center_lstm_h40,40.0,experiments/results/baseline_v2/reused/backbone_upgrade/experiments/results/trainable_matched/predictions/beijing_24h_3h_station1013_seed2048_center_lstm_h40.npz
beijing_24h_3h_station1013_seed2049_center_lstm_h40,beijing,24,3,1013,2049,lstm,,center_lstm_h40,,,,,completed,38.0,0.2561256289482116,3.57202130099904,0.0065808260005724,,test,,1,9.0,7003.0,7003.0,7003.0,predictions/beijing_24h_3h_station1013_seed2049_center_lstm_h40.npz,checkpoints/beijing_24h_3h_station1013_seed2049_center_lstm_h40.pt,training_logs/beijing_24h_3h_station1013_seed2049_center_lstm_h40.csv,0.1712051331996917,0.4137694203293566,0.2196588516235351,30.83398056030273,16.368915557861328,24.79779624938965,False,,,30.58614921569824,16.17045021057129,0.8102731169482871,False,center_lstm_h40,40.0,experiments/results/baseline_v2/reused/backbone_upgrade/experiments/results/trainable_matched/predictions/beijing_24h_3h_station1013_seed2049_center_lstm_h40.npz
beijing_24h_6h_station1013_seed2047_center_lstm_h40,beijing,24,6,1013,2047,lstm,,center_lstm_h40,,,,,completed,32.0,0.4703892469406128,4.674812694000138,0.0065462460006529,,test,,1,9.0,7126.0,7126.0,7126.0,predictions/beijing_24h_6h_station1013_seed2047_center_lstm_h40.npz,checkpoints/beijing_24h_6h_station1013_seed2047_center_lstm_h40.pt,training_logs/beijing_24h_6h_station1013_seed2047_center_lstm_h40.csv,0.2943569421768188,0.5425467188886307,0.3187707364559173,40.427284240722656,23.75285530090332,34.61139678955078,False,,,40.0059814453125,22.94923591613769,1.053099512096885,False,center_lstm_h40,40.0,experiments/results/baseline_v2/reused/backbone_upgrade/experiments/results/trainable_matched/predictions/beijing_24h_6h_station1013_seed2047_center_lstm_h40.npz
beijing_24h_6h_station1013_seed2048_center_lstm_h40,beijing,24,6,1013,2048,lstm,,center_lstm_h40,,,,,completed,29.0,0.4559517204761505,3.279626146000737,0.0070346230004361,,test,,1,9.0,7126.0,7126.0,7126.0,predictions/beijing_24h_6h_station1013_seed2048_center_lstm_h40.npz,checkpoints/beijing_24h_6h_station1013_seed2048_center_lstm_h40.pt,training_logs/beijing_24h_6h_station1013_seed2048_center_lstm_h40.csv,0.2898799479007721,0.5384050035993091,0.3118042647838592,40.1186637878418,23.23375701904297,33.04899597167969,False,,,39.84638977050781,22.57869529724121,0.6833091251230674,False,center_lstm_h40,40.0,experiments/results/baseline_v2/reused/backbone_upgrade/experiments/results/trainable_matched/predictions/beijing_24h_6h_station1013_seed2048_center_lstm_h40.npz
beijing_24h_6h_station1013_seed2049_center_lstm_h40,beijing,24,6,1013,2049,lstm,,center_lstm_h40,,,,,completed,30.0,0.4698990285396576,3.3010133219995623,0.006543027000589,,test,,1,9.0,7126.0,7126.0,7126.0,predictions/beijing_24h_6h_station1013_seed2049_center_lstm_h40.npz,checkpoints/beijing_24h_6h_station1013_seed2049_center_lstm_h40.pt,training_logs/beijing_24h_6h_station1013_seed2049_center_lstm_h40.csv,0.2844856977462768,0.5333720069016341,0.3122217059135437,39.74363708496094,23.264862060546875,34.079532623291016,False,,,39.889404296875,22.915658950805664,-0.36542840005630806,True,center_lstm_h40,40.0,experiments/results/baseline_v2/reused/backbone_upgrade/experiments/results/trainable_matched/predictions/beijing_24h_6h_station1013_seed2049_center_lstm_h40.npz
beijing_24h_12h_station1013_seed2047_center_lstm_h40,beijing,24,12,1013,2047,lstm,,center_lstm_h40,,,,,completed,23.0,0.8060546517372131,2.8607386059993587,0.0067881479990319,,test,,1,9.0,7372.0,7372.0,7372.0,predictions/beijing_24h_12h_station1013_seed2047_center_lstm_h40.npz,checkpoints/beijing_24h_12h_station1013_seed2047_center_lstm_h40.pt,training_logs/beijing_24h_12h_station1013_seed2047_center_lstm_h40.csv,0.4667029082775116,0.6831565766919847,0.445943534374237,50.89696502685547,33.223968505859375,46.24473571777344,False,,,51.547157287597656,31.825634002685547,-1.2613542529892816,True,center_lstm_h40,40.0,experiments/results/baseline_v2/reused/backbone_upgrade/experiments/results/trainable_matched/predictions/beijing_24h_12h_station1013_seed2047_center_lstm_h40.npz
beijing_24h_12h_station1013_seed2048_center_lstm_h40,beijing,24,12,1013,2048,lstm,,center_lstm_h40,,,,,completed,27.0,0.7976488471031189,3.0284471699997084,0.0067552410000644,,test,,1,9.0,7372.0,7372.0,7372.0,predictions/beijing_24h_12h_station1013_seed2048_center_lstm_h40.npz,checkpoints/beijing_24h_12h_station1013_seed2048_center_lstm_h40.pt,training_logs/beijing_24h_12h_station1013_seed2048_center_lstm_h40.csv,0.4669042527675628,0.6833039241564202,0.4327207505702972,50.90793991088867,32.23883819580078,44.00836944580078,False,,,51.48316192626953,31.6285343170166,-1.1173012570685747,True,center_lstm_h40,40.0,experiments/results/baseline_v2/reused/backbone_upgrade/experiments/results/trainable_matched/predictions/beijing_24h_12h_station1013_seed2048_center_lstm_h40.npz
beijing_24h_12h_station1013_seed2049_center_lstm_h40,beijing,24,12,1013,2049,lstm,,center_lstm_h40,,,,,completed,30.0,0.7884592413902283,3.2202488809998613,0.0065728579993447,,test,,1,9.0,7372.0,7372.0,7372.0,predictions/beijing_24h_12h_station1013_seed2049_center_lstm_h40.npz,checkpoints/beijing_24h_12h_station1013_seed2049_center_lstm_h40.pt,training_logs/beijing_24h_12h_station1013_seed2049_center_lstm_h40.csv,0.4647639691829681,0.6817359966900444,0.4382127523422241,50.79112243652344,32.64799880981445,44.64776611328125,False,,,51.83720016479492,32.26030349731445,-2.0180058431896652,True,center_lstm_h40,40.0,experiments/results/baseline_v2/reused/backbone_upgrade/experiments/results/trainable_matched/predictions/beijing_24h_12h_station1013_seed2049_center_lstm_h40.npz
beijing_24h_24h_station1013_seed2047_center_lstm_h40,beijing,24,24,1013,2047,lstm,,center_lstm_h40,,,,,completed,24.0,1.1949628591537476,3.89830960099971,0.0068459100002655,,test,,1,9.0,7864.0,7864.0,7864.0,predictions/beijing_24h_24h_station1013_seed2047_center_lstm_h40.npz,checkpoints/beijing_24h_24h_station1013_seed2047_center_lstm_h40.pt,training_logs/beijing_24h_24h_station1013_seed2047_center_lstm_h40.csv,0.662097692489624,0.8136938567358267,0.5554358959197998,60.60441589355469,41.36920166015625,54.49071502685547,False,,,64.3062973022461,43.40291213989258,-5.75663902913301,True,center_lstm_h40,40.0,experiments/results/baseline_v2/reused/backbone_upgrade/experiments/results/trainable_matched/predictions/beijing_24h_24h_station1013_seed2047_center_lstm_h40.npz
beijing_24h_24h_station1013_seed2048_center_lstm_h40,beijing,24,24,1013,2048,lstm,,center_lstm_h40,,,,,completed,25.0,1.1749868392944336,2.80011664399899,0.0066653720004978,,test,,1,9.0,7864.0,7864.0,7864.0,predictions/beijing_24h_24h_station1013_seed2048_center_lstm_h40.npz,checkpoints/beijing_24h_24h_station1013_seed2048_center_lstm_h40.pt,training_logs/beijing_24h_24h_station1013_seed2048_center_lstm_h40.csv,0.6584469676017761,0.8114474521506467,0.5578399896621704,60.43709564208984,41.54825973510742,54.4594955444336,False,,,64.8437271118164,43.64160919189453,-6.795771412287547,True,center_lstm_h40,40.0,experiments/results/baseline_v2/reused/backbone_upgrade/experiments/results/trainable_matched/predictions/beijing_24h_24h_station1013_seed2048_center_lstm_h40.npz
beijing_24h_24h_station1013_seed2049_center_lstm_h40,beijing,24,24,1013,2049,lstm,,center_lstm_h40,,,,,completed,35.0,1.179381251335144,3.3535665560011694,0.0066441609997127,,test,,1,9.0,7864.0,7864.0,7864.0,predictions/beijing_24h_24h_station1013_seed2049_center_lstm_h40.npz,checkpoints/beijing_24h_24h_station1013_seed2049_center_lstm_h40.pt,training_logs/beijing_24h_24h_station1013_seed2049_center_lstm_h40.csv,0.6539153456687927,0.8086503234827725,0.5581682920455933,60.22876739501953,41.57270812988281,54.862892150878906,False,,,65.344482421875,44.265323638916016,-7.828840075321968,True,center_lstm_h40,40.0,experiments/results/baseline_v2/reused/backbone_upgrade/experiments/results/trainable_matched/predictions/beijing_24h_24h_station1013_seed2049_center_lstm_h40.npz
beijing_48h_1h_station1013_seed2047_center_lstm_h40,beijing,48,1,1013,2047,lstm,,center_lstm_h40,,,,,completed,34.0,0.0979070663452148,6.116589724999358,0.0121781130001181,,test,,1,9.0,6921.0,6921.0,6921.0,predictions/beijing_48h_1h_station1013_seed2047_center_lstm_h40.npz,checkpoints/beijing_48h_1h_station1013_seed2047_center_lstm_h40.pt,training_logs/beijing_48h_1h_station1013_seed2047_center_lstm_h40.csv,0.0761135071516037,0.2758867650895992,0.1352681815624237,20.548213958740234,10.074854850769045,17.129289627075195,False,,,20.97980499267578,10.450782775878906,-2.057173715800594,True,center_lstm_h40,40.0,experiments/results/baseline_v2/reused/backbone_upgrade/experiments/results/trainable_matched/predictions/beijing_48h_1h_station1013_seed2047_center_lstm_h40.npz
beijing_48h_1h_station1013_seed2048_center_lstm_h40,beijing,48,1,1013,2048,lstm,,center_lstm_h40,,,,,completed,40.0,0.0970411449670791,6.132168186999479,0.0121370960005151,,test,,1,9.0,6921.0,6921.0,6921.0,predictions/beijing_48h_1h_station1013_seed2048_center_lstm_h40.npz,checkpoints/beijing_48h_1h_station1013_seed2048_center_lstm_h40.pt,training_logs/beijing_48h_1h_station1013_seed2048_center_lstm_h40.csv,0.0760168880224227,0.2757116029883813,0.1335737109184265,20.5351676940918,9.948650360107422,16.624706268310547,False,,,20.553361892700195,10.137685775756836,-0.08852176448494686,True,center_lstm_h40,40.0,experiments/results/baseline_v2/reused/backbone_upgrade/experiments/results/trainable_matched/predictions/beijing_48h_1h_station1013_seed2048_center_lstm_h40.npz
beijing_48h_1h_station1013_seed2049_center_lstm_h40,beijing,48,1,1013,2049,lstm,,center_lstm_h40,,,,,completed,39.0,0.0987161695957183,6.132030280001345,0.0122545350004656,,test,,1,9.0,6921.0,6921.0,6921.0,predictions/beijing_48h_1h_station1013_seed2049_center_lstm_h40.npz,checkpoints/beijing_48h_1h_station1013_seed2049_center_lstm_h40.pt,training_logs/beijing_48h_1h_station1013_seed2049_center_lstm_h40.csv,0.0763250738382339,0.2762699293050801,0.1318221539258957,20.57675170898437,9.818194389343262,15.851322174072266,False,,,20.929391860961918,10.169209480285645,-1.684903958606176,True,center_lstm_h40,40.0,experiments/results/baseline_v2/reused/backbone_upgrade/experiments/results/trainable_matched/predictions/beijing_48h_1h_station1013_seed2049_center_lstm_h40.npz
beijing_48h_3h_station1013_seed2047_center_lstm_h40,beijing,48,3,1013,2047,lstm,,center_lstm_h40,,,,,completed,37.0,0.2572226822376251,6.119544342000154,0.0122751790004258,,test,,1,9.0,7003.0,7003.0,7003.0,predictions/beijing_48h_3h_station1013_seed2047_center_lstm_h40.npz,checkpoints/beijing_48h_3h_station1013_seed2047_center_lstm_h40.pt,training_logs/beijing_48h_3h_station1013_seed2047_center_lstm_h40.csv,0.1699976027011871,0.4123076553996871,0.2208504378795623,30.70656394958496,16.447813034057617,25.316944122314453,False,,,31.18783187866211,16.69637680053711,-1.543127239333425,True,center_lstm_h40,40.0,experiments/results/baseline_v2/reused/backbone_upgrade/experiments/results/trainable_matched/predictions/beijing_48h_3h_station1013_seed2047_center_lstm_h40.npz
beijing_48h_3h_station1013_seed2048_center_lstm_h40,beijing,48,3,1013,2048,lstm,,center_lstm_h40,,,,,completed,35.0,0.2530566751956939,6.179325098000845,0.0122888360001525,,test,,1,9.0,7003.0,7003.0,7003.0,predictions/beijing_48h_3h_station1013_seed2048_center_lstm_h40.npz,checkpoints/beijing_48h_3h_station1013_seed2048_center_lstm_h40.pt,training_logs/beijing_48h_3h_station1013_seed2048_center_lstm_h40.csv,0.1705337613821029,0.4129573360313423,0.217157557606697,30.75495147705078,16.17278289794922,24.424739837646484,False,,,31.051353454589844,16.6970157623291,-0.9545541323102937,True,center_lstm_h40,40.0,experiments/results/baseline_v2/reused/backbone_upgrade/experiments/results/trainable_matched/predictions/beijing_48h_3h_station1013_seed2048_center_lstm_h40.npz
beijing_48h_3h_station1013_seed2049_center_lstm_h40,beijing,48,3,1013,2049,lstm,,center_lstm_h40,,,,,completed,31.0,0.2563451826572418,5.989015012000891,0.0122748680005315,,test,,1,9.0,7003.0,7003.0,7003.0,predictions/beijing_48h_3h_station1013_seed2049_center_lstm_h40.npz,checkpoints/beijing_48h_3h_station1013_seed2049_center_lstm_h40.pt,training_logs/beijing_48h_3h_station1013_seed2049_center_lstm_h40.csv,0.1707251667976379,0.4131890206644387,0.2260738462209701,30.772205352783203,16.836824417114258,26.05847930908203,False,,,31.17669677734375,16.931669235229492,-1.2974159111509616,True,center_lstm_h40,40.0,experiments/results/baseline_v2/reused/backbone_upgrade/experiments/results/trainable_matched/predictions/beijing_48h_3h_station1013_seed2049_center_lstm_h40.npz
beijing_48h_6h_station1013_seed2047_center_lstm_h40,beijing,48,6,1013,2047,lstm,,center_lstm_h40,,,,,completed,23.0,0.4823486804962158,4.76838350899925,0.0121934859998873,,test,,1,9.0,7126.0,7126.0,7126.0,predictions/beijing_48h_6h_station1013_seed2047_center_lstm_h40.npz,checkpoints/beijing_48h_6h_station1013_seed2047_center_lstm_h40.pt,training_logs/beijing_48h_6h_station1013_seed2047_center_lstm_h40.csv,0.303631842136383,0.5510279867088268,0.3279210925102234,41.03774642944336,24.421884536743164,34.56251907348633,False,,,41.811302185058594,24.404136657714844,-1.8501116090368195,True,center_lstm_h40,40.0,experiments/results/baseline_v2/reused/backbone_upgrade/experiments/results/trainable_matched/predictions/beijing_48h_6h_station1013_seed2047_center_lstm_h40.npz
beijing_48h_6h_station1013_seed2048_center_lstm_h40,beijing,48,6,1013,2048,lstm,,center_lstm_h40,,,,,completed,25.0,0.4686571359634399,5.1136452829996415,0.0121629789991857,,test,,1,9.0,7126.0,7126.0,7126.0,predictions/beijing_48h_6h_station1013_seed2048_center_lstm_h40.npz,checkpoints/beijing_48h_6h_station1013_seed2048_center_lstm_h40.pt,training_logs/beijing_48h_6h_station1013_seed2048_center_lstm_h40.csv,0.2988360524177551,0.5466589909786128,0.3253849148750305,40.712364196777344,24.23300170898437,34.202125549316406,False,,,41.650672912597656,23.962068557739254,-2.252805657640436,True,center_lstm_h40,40.0,experiments/results/baseline_v2/reused/backbone_upgrade/experiments/results/trainable_matched/predictions/beijing_48h_6h_station1013_seed2048_center_lstm_h40.npz
beijing_48h_6h_station1013_seed2049_center_lstm_h40,beijing,48,6,1013,2049,lstm,,center_lstm_h40,,,,,completed,24.0,0.4808614552021026,4.96923867499936,0.0121831279993784,,test,,1,9.0,7126.0,7126.0,7126.0,predictions/beijing_48h_6h_station1013_seed2049_center_lstm_h40.npz,checkpoints/beijing_48h_6h_station1013_seed2049_center_lstm_h40.pt,training_logs/beijing_48h_6h_station1013_seed2049_center_lstm_h40.csv,0.2939049005508423,0.5421299664756065,0.3191285133361816,40.37506866455078,23.76705741882324,33.512603759765625,False,,,42.05476379394531,24.104082107543945,-3.994066255191664,True,center_lstm_h40,40.0,experiments/results/baseline_v2/reused/backbone_upgrade/experiments/results/trainable_matched/predictions/beijing_48h_6h_station1013_seed2049_center_lstm_h40.npz
beijing_48h_12h_station1013_seed2047_center_lstm_h40,beijing,48,12,1013,2047,lstm,,center_lstm_h40,,,,,completed,16.0,0.8061029314994812,3.709879826999895,0.012153022998973,,test,,1,9.0,7372.0,7372.0,7372.0,predictions/beijing_48h_12h_station1013_seed2047_center_lstm_h40.npz,checkpoints/beijing_48h_12h_station1013_seed2047_center_lstm_h40.pt,training_logs/beijing_48h_12h_station1013_seed2047_center_lstm_h40.csv,0.4960430860519409,0.7043032628434579,0.4570037722587585,52.44430923461914,34.029727935791016,46.605918884277344,False,,,57.32188415527344,35.63805389404297,-8.509097341325921,True,center_lstm_h40,40.0,experiments/results/baseline_v2/reused/backbone_upgrade/experiments/results/trainable_matched/predictions/beijing_48h_12h_station1013_seed2047_center_lstm_h40.npz
beijing_48h_12h_station1013_seed2048_center_lstm_h40,beijing,48,12,1013,2048,lstm,,center_lstm_h40,,,,,completed,18.0,0.7752630114555359,4.0128588269999454,0.0121992169988516,,test,,1,9.0,7372.0,7372.0,7372.0,predictions/beijing_48h_12h_station1013_seed2048_center_lstm_h40.npz,checkpoints/beijing_48h_12h_station1013_seed2048_center_lstm_h40.pt,training_logs/beijing_48h_12h_station1013_seed2048_center_lstm_h40.csv,0.4922609329223633,0.7016130934655961,0.4531024694442749,52.24399185180664,33.739227294921875,45.99971008300781,False,,,52.859134674072266,33.03700637817383,-1.1637398645637618,True,center_lstm_h40,40.0,experiments/results/baseline_v2/reused/backbone_upgrade/experiments/results/trainable_matched/predictions/beijing_48h_12h_station1013_seed2048_center_lstm_h40.npz
beijing_48h_12h_station1013_seed2049_center_lstm_h40,beijing,48,12,1013,2049,lstm,,center_lstm_h40,,,,,completed,19.0,0.8031115531921387,4.180681750000076,0.0122041979993809,,test,,1,9.0,7372.0,7372.0,7372.0,predictions/beijing_48h_12h_station1013_seed2049_center_lstm_h40.npz,checkpoints/beijing_48h_12h_station1013_seed2049_center_lstm_h40.pt,training_logs/beijing_48h_12h_station1013_seed2049_center_lstm_h40.csv,0.4574184715747833,0.6763271926921047,0.4429579377174377,50.361141204833984,32.98383712768555,45.80537796020508,False,,,55.133583068847656,34.52684020996094,-8.65614313159027,True,center_lstm_h40,40.0,experiments/results/baseline_v2/reused/backbone_upgrade/experiments/results/trainable_matched/predictions/beijing_48h_12h_station1013_seed2049_center_lstm_h40.npz
beijing_48h_24h_station1013_seed2047_center_lstm_h40,beijing,48,24,1013,2047,lstm,,center_lstm_h40,,,,,completed,16.0,1.1829710006713867,4.96499910700004,0.0121925769999506,,test,,1,9.0,7864.0,7864.0,7864.0,predictions/beijing_48h_24h_station1013_seed2047_center_lstm_h40.npz,checkpoints/beijing_48h_24h_station1013_seed2047_center_lstm_h40.pt,training_logs/beijing_48h_24h_station1013_seed2047_center_lstm_h40.csv,0.7147818803787231,0.845447739590522,0.5808603763580322,62.93466567993164,43.23892593383789,56.51011657714844,False,,,69.85392761230469,46.93188095092773,-9.905329834530631,True,center_lstm_h40,40.0,experiments/results/baseline_v2/reused/backbone_upgrade/experiments/results/trainable_matched/predictions/beijing_48h_24h_station1013_seed2047_center_lstm_h40.npz
beijing_48h_24h_station1013_seed2048_center_lstm_h40,beijing,48,24,1013,2048,lstm,,center_lstm_h40,,,,,completed,17.0,1.170699119567871,3.861314169998877,0.0122332569990248,,test,,1,9.0,7864.0,7864.0,7864.0,predictions/beijing_48h_24h_station1013_seed2048_center_lstm_h40.npz,checkpoints/beijing_48h_24h_station1013_seed2048_center_lstm_h40.pt,training_logs/beijing_48h_24h_station1013_seed2048_center_lstm_h40.csv,0.6784125566482544,0.8236580338030185,0.5717430710792542,61.31265640258789,42.56024169921875,55.97957992553711,False,,,68.12368774414062,45.795066833496094,-9.998036757982993,True,center_lstm_h40,40.0,experiments/results/baseline_v2/reused/backbone_upgrade/experiments/results/trainable_matched/predictions/beijing_48h_24h_station1013_seed2048_center_lstm_h40.npz
beijing_48h_24h_station1013_seed2049_center_lstm_h40,beijing,48,24,1013,2049,lstm,,center_lstm_h40,,,,,completed,16.0,1.2095019817352295,3.7414385310003127,0.0123992230001022,,test,,1,9.0,7864.0,7864.0,7864.0,predictions/beijing_48h_24h_station1013_seed2049_center_lstm_h40.npz,checkpoints/beijing_48h_24h_station1013_seed2049_center_lstm_h40.pt,training_logs/beijing_48h_24h_station1013_seed2049_center_lstm_h40.csv,0.6462780833244324,0.8039142263478315,0.5586256980895996,59.84293365478516,41.58378982543945,54.97899627685547,False,,,70.52690887451172,47.815460205078125,-15.148792695191725,True,center_lstm_h40,40.0,experiments/results/baseline_v2/reused/backbone_upgrade/experiments/results/trainable_matched/predictions/beijing_48h_24h_station1013_seed2049_center_lstm_h40.npz
beijing_72h_1h_station1013_seed2047_center_lstm_h40,beijing,72,1,1013,2047,lstm,,center_lstm_h40,,,,,completed,30.0,0.1258501261472702,4.74080561899973,0.011105776999102,,test,,1,9.0,6921.0,6921.0,6921.0,predictions/beijing_72h_1h_station1013_seed2047_center_lstm_h40.npz,checkpoints/beijing_72h_1h_station1013_seed2047_center_lstm_h40.pt,training_logs/beijing_72h_1h_station1013_seed2047_center_lstm_h40.csv,0.0873253419995307,0.2955086157788479,0.1500786244869232,21.997499465942383,11.17176914215088,16.76102066040039,False,,,21.06454849243164,10.74881076812744,4.429010068010457,False,center_lstm_h40,40.0,experiments/results/baseline_v2/reused/backbone_upgrade/experiments/results/trainable_matched/predictions/beijing_72h_1h_station1013_seed2047_center_lstm_h40.npz
beijing_72h_1h_station1013_seed2048_center_lstm_h40,beijing,72,1,1013,2048,lstm,,center_lstm_h40,,,,,completed,30.0,0.1189488247036933,4.257075149998855,0.0113039709995064,,test,,1,9.0,6921.0,6921.0,6921.0,predictions/beijing_72h_1h_station1013_seed2048_center_lstm_h40.npz,checkpoints/beijing_72h_1h_station1013_seed2048_center_lstm_h40.pt,training_logs/beijing_72h_1h_station1013_seed2048_center_lstm_h40.csv,0.0838098376989364,0.2894992879074773,0.1446228176355362,21.550167083740234,10.765643119812012,16.316362380981445,False,,,20.968732833862305,10.600374221801758,2.7728630742005276,False,center_lstm_h40,40.0,experiments/results/baseline_v2/reused/backbone_upgrade/experiments/results/trainable_matched/predictions/beijing_72h_1h_station1013_seed2048_center_lstm_h40.npz
beijing_72h_1h_station1013_seed2049_center_lstm_h40,beijing,72,1,1013,2049,lstm,,center_lstm_h40,,,,,completed,30.0,0.1288268268108368,4.242063343999689,0.0111471060008625,,test,,1,9.0,6921.0,6921.0,6921.0,predictions/beijing_72h_1h_station1013_seed2049_center_lstm_h40.npz,checkpoints/beijing_72h_1h_station1013_seed2049_center_lstm_h40.pt,training_logs/beijing_72h_1h_station1013_seed2049_center_lstm_h40.csv,0.0881546065211296,0.2969084143656585,0.1497187465429306,22.10169982910156,11.14498233795166,17.368501663208008,False,,,21.28269386291504,10.951455116271973,3.8482250952903696,False,center_lstm_h40,40.0,experiments/results/baseline_v2/reused/backbone_upgrade/experiments/results/trainable_matched/predictions/beijing_72h_1h_station1013_seed2049_center_lstm_h40.npz
beijing_72h_3h_station1013_seed2047_center_lstm_h40,beijing,72,3,1013,2047,lstm,,center_lstm_h40,,,,,completed,30.0,0.2902293503284454,4.271848377000424,0.0110363210005743,,test,,1,9.0,7003.0,7003.0,7003.0,predictions/beijing_72h_3h_station1013_seed2047_center_lstm_h40.npz,checkpoints/beijing_72h_3h_station1013_seed2047_center_lstm_h40.pt,training_logs/beijing_72h_3h_station1013_seed2047_center_lstm_h40.csv,0.1797362565994262,0.4239531301918011,0.2327516973018646,31.556718826293945,17.324745178222656,25.494400024414062,False,,,31.00885581970215,17.128154754638672,1.7667952980183816,False,center_lstm_h40,40.0,experiments/results/baseline_v2/reused/backbone_upgrade/experiments/results/trainable_matched/predictions/beijing_72h_3h_station1013_seed2047_center_lstm_h40.npz
beijing_72h_3h_station1013_seed2048_center_lstm_h40,beijing,72,3,1013,2048,lstm,,center_lstm_h40,,,,,completed,30.0,0.2923298478126526,4.245270408999204,0.011218743999052,,test,,1,9.0,7003.0,7003.0,7003.0,predictions/beijing_72h_3h_station1013_seed2048_center_lstm_h40.npz,checkpoints/beijing_72h_3h_station1013_seed2048_center_lstm_h40.pt,training_logs/beijing_72h_3h_station1013_seed2048_center_lstm_h40.csv,0.1841097623109817,0.4290801350691753,0.236568197607994,31.938343048095703,17.60882568359375,25.59638977050781,False,,,31.21354103088379,16.76036262512207,2.322075590509802,False,center_lstm_h40,40.0,experiments/results/baseline_v2/reused/backbone_upgrade/experiments/results/trainable_matched/predictions/beijing_72h_3h_station1013_seed2048_center_lstm_h40.npz
beijing_72h_3h_station1013_seed2049_center_lstm_h40,beijing,72,3,1013,2049,lstm,,center_lstm_h40,,,,,completed,28.0,0.2885849475860595,4.255974994001008,0.0111406769992754,,test,,1,9.0,7003.0,7003.0,7003.0,predictions/beijing_72h_3h_station1013_seed2049_center_lstm_h40.npz,checkpoints/beijing_72h_3h_station1013_seed2049_center_lstm_h40.pt,training_logs/beijing_72h_3h_station1013_seed2049_center_lstm_h40.csv,0.1842022538185119,0.4291879003635959,0.2347355037927627,31.946367263793945,17.472408294677734,26.2873477935791,False,,,31.59510612487793,17.138343811035156,1.1117580600225718,False,center_lstm_h40,40.0,experiments/results/baseline_v2/reused/backbone_upgrade/experiments/results/trainable_matched/predictions/beijing_72h_3h_station1013_seed2049_center_lstm_h40.npz
beijing_72h_6h_station1013_seed2047_center_lstm_h40,beijing,72,6,1013,2047,lstm,,center_lstm_h40,,,,,completed,30.0,0.4882819056510925,4.28794370399919,0.0109993690002738,,test,,1,9.0,7126.0,7126.0,7126.0,predictions/beijing_72h_6h_station1013_seed2047_center_lstm_h40.npz,checkpoints/beijing_72h_6h_station1013_seed2047_center_lstm_h40.pt,training_logs/beijing_72h_6h_station1013_seed2047_center_lstm_h40.csv,0.3086554408073425,0.5555676743722069,0.3407749533653259,41.35063552856445,25.363719940185547,35.962371826171875,False,,,41.74861526489258,24.63315200805664,-0.953276495047719,True,center_lstm_h40,40.0,experiments/results/baseline_v2/reused/backbone_upgrade/experiments/results/trainable_matched/predictions/beijing_72h_6h_station1013_seed2047_center_lstm_h40.npz
beijing_72h_6h_station1013_seed2048_center_lstm_h40,beijing,72,6,1013,2048,lstm,,center_lstm_h40,,,,,completed,28.0,0.5047948956489563,4.237395060999916,0.0111042619992076,,test,,1,9.0,7126.0,7126.0,7126.0,predictions/beijing_72h_6h_station1013_seed2048_center_lstm_h40.npz,checkpoints/beijing_72h_6h_station1013_seed2048_center_lstm_h40.pt,training_logs/beijing_72h_6h_station1013_seed2048_center_lstm_h40.csv,0.3055924773216247,0.5528041943777423,0.3331343531608581,41.14495086669922,24.79503059387207,36.04300308227539,False,,,41.156280517578125,24.216215133666992,-0.027528364411033887,True,center_lstm_h40,40.0,experiments/results/baseline_v2/reused/backbone_upgrade/experiments/results/trainable_matched/predictions/beijing_72h_6h_station1013_seed2048_center_lstm_h40.npz
beijing_72h_6h_station1013_seed2049_center_lstm_h40,beijing,72,6,1013,2049,lstm,,center_lstm_h40,,,,,completed,29.0,0.4987887144088745,4.250931879001655,0.0110371129994746,,test,,1,9.0,7126.0,7126.0,7126.0,predictions/beijing_72h_6h_station1013_seed2049_center_lstm_h40.npz,checkpoints/beijing_72h_6h_station1013_seed2049_center_lstm_h40.pt,training_logs/beijing_72h_6h_station1013_seed2049_center_lstm_h40.csv,0.3007274270057678,0.5483862024210382,0.3290625512599945,40.81612014770508,24.491968154907227,34.565120697021484,False,,,41.276737213134766,24.22653007507324,-1.1159241173818204,True,center_lstm_h40,40.0,experiments/results/baseline_v2/reused/backbone_upgrade/experiments/results/trainable_matched/predictions/beijing_72h_6h_station1013_seed2049_center_lstm_h40.npz
beijing_72h_12h_station1013_seed2047_center_lstm_h40,beijing,72,12,1013,2047,lstm,,center_lstm_h40,,,,,completed,28.0,0.8077894449234009,4.259291968999605,0.0112842150010692,,test,,1,9.0,7372.0,7372.0,7372.0,predictions/beijing_72h_12h_station1013_seed2047_center_lstm_h40.npz,checkpoints/beijing_72h_12h_station1013_seed2047_center_lstm_h40.pt,training_logs/beijing_72h_12h_station1013_seed2047_center_lstm_h40.csv,0.5092190504074097,0.7135958592981112,0.4605776071548462,53.11099624633789,34.279537200927734,46.14693069458008,False,,,56.09211349487305,35.244869232177734,-5.314681624195953,True,center_lstm_h40,40.0,experiments/results/baseline_v2/reused/backbone_upgrade/experiments/results/trainable_matched/predictions/beijing_72h_12h_station1013_seed2047_center_lstm_h40.npz
beijing_72h_12h_station1013_seed2048_center_lstm_h40,beijing,72,12,1013,2048,lstm,,center_lstm_h40,,,,,completed,27.0,0.8187592625617981,4.240679615000772,0.0110248380005941,,test,,1,9.0,7372.0,7372.0,7372.0,predictions/beijing_72h_12h_station1013_seed2048_center_lstm_h40.npz,checkpoints/beijing_72h_12h_station1013_seed2048_center_lstm_h40.pt,training_logs/beijing_72h_12h_station1013_seed2048_center_lstm_h40.csv,0.4880323708057403,0.6985931368155146,0.4506020247936249,51.994384765625,33.537078857421875,45.23506927490234,False,,,55.03749084472656,34.67401123046875,-5.529151188390593,True,center_lstm_h40,40.0,experiments/results/baseline_v2/reused/backbone_upgrade/experiments/results/trainable_matched/predictions/beijing_72h_12h_station1013_seed2048_center_lstm_h40.npz
beijing_72h_12h_station1013_seed2049_center_lstm_h40,beijing,72,12,1013,2049,lstm,,center_lstm_h40,,,,,completed,30.0,0.8142260313034058,4.24077153700091,0.0112070279992622,,test,,1,9.0,7372.0,7372.0,7372.0,predictions/beijing_72h_12h_station1013_seed2049_center_lstm_h40.npz,checkpoints/beijing_72h_12h_station1013_seed2049_center_lstm_h40.pt,training_logs/beijing_72h_12h_station1013_seed2049_center_lstm_h40.csv,0.4646532237529754,0.6816547687451291,0.4373303055763244,50.73371124267578,32.5493049621582,44.5670280456543,False,,,54.70387268066406,35.244651794433594,-7.2575509620027265,True,center_lstm_h40,40.0,experiments/results/baseline_v2/reused/backbone_upgrade/experiments/results/trainable_matched/predictions/beijing_72h_12h_station1013_seed2049_center_lstm_h40.npz
beijing_72h_24h_station1013_seed2047_center_lstm_h40,beijing,72,24,1013,2047,lstm,,center_lstm_h40,,,,,completed,21.0,1.1818064451217651,3.818244701000367,0.497988440998597,,test,,1,9.0,7864.0,7864.0,7864.0,predictions/beijing_72h_24h_station1013_seed2047_center_lstm_h40.npz,checkpoints/beijing_72h_24h_station1013_seed2047_center_lstm_h40.pt,training_logs/beijing_72h_24h_station1013_seed2047_center_lstm_h40.csv,0.7263588905334473,0.8522669127294848,0.5863472819328308,63.417911529541016,43.6306037902832,56.16619491577149,False,,,65.6296157836914,44.675662994384766,-3.3699789763206063,True,center_lstm_h40,40.0,experiments/results/baseline_v2/reused/backbone_upgrade/experiments/results/trainable_matched/predictions/beijing_72h_24h_station1013_seed2047_center_lstm_h40.npz
beijing_72h_24h_station1013_seed2048_center_lstm_h40,beijing,72,24,1013,2048,lstm,,center_lstm_h40,,,,,completed,21.0,1.2003638744354248,3.83680232199913,0.0111740150005061,,test,,1,9.0,7864.0,7864.0,7864.0,predictions/beijing_72h_24h_station1013_seed2048_center_lstm_h40.npz,checkpoints/beijing_72h_24h_station1013_seed2048_center_lstm_h40.pt,training_logs/beijing_72h_24h_station1013_seed2048_center_lstm_h40.csv,0.7040722370147705,0.8390901244888838,0.5770108699798584,62.437408447265625,42.93587112426758,56.0414924621582,False,,,64.7675552368164,43.77329254150391,-3.59770687812875,True,center_lstm_h40,40.0,experiments/results/baseline_v2/reused/backbone_upgrade/experiments/results/trainable_matched/predictions/beijing_72h_24h_station1013_seed2048_center_lstm_h40.npz
beijing_72h_24h_station1013_seed2049_center_lstm_h40,beijing,72,24,1013,2049,lstm,,center_lstm_h40,,,,,completed,28.0,1.218778133392334,4.239363957000023,0.0111595600010332,,test,,1,9.0,7864.0,7864.0,7864.0,predictions/beijing_72h_24h_station1013_seed2049_center_lstm_h40.npz,checkpoints/beijing_72h_24h_station1013_seed2049_center_lstm_h40.pt,training_logs/beijing_72h_24h_station1013_seed2049_center_lstm_h40.csv,0.6880100965499878,0.8294637403467302,0.569908857345581,61.721099853515625,42.40740203857422,55.132694244384766,False,,,68.50748443603516,46.28374862670898,-9.906048424323505,True,center_lstm_h40,40.0,experiments/results/baseline_v2/reused/backbone_upgrade/experiments/results/trainable_matched/predictions/beijing_72h_24h_station1013_seed2049_center_lstm_h40.npz
beijing_168h_1h_station1013_seed2047_center_lstm_h40,beijing,168,1,1013,2047,lstm,,center_lstm_h40,,,,,completed,30.0,0.1206203997135162,10.967232895000052,0.5132849519995943,,test,,1,9.0,6921.0,6921.0,6921.0,predictions/beijing_168h_1h_station1013_seed2047_center_lstm_h40.npz,checkpoints/beijing_168h_1h_station1013_seed2047_center_lstm_h40.pt,training_logs/beijing_168h_1h_station1013_seed2047_center_lstm_h40.csv,0.0877558439970016,0.2962361287841198,0.1494586914777755,22.01974296569824,11.10952377319336,17.961381912231445,False,,,21.871671676635746,11.994721412658691,0.6770003283318713,False,center_lstm_h40,40.0,experiments/results/baseline_v2/reused/backbone_upgrade/experiments/results/trainable_matched/predictions/beijing_168h_1h_station1013_seed2047_center_lstm_h40.npz
beijing_168h_1h_station1013_seed2048_center_lstm_h40,beijing,168,1,1013,2048,lstm,,center_lstm_h40,,,,,completed,30.0,0.1155300810933113,9.212362799000402,0.0244880749996809,,test,,1,9.0,6921.0,6921.0,6921.0,predictions/beijing_168h_1h_station1013_seed2048_center_lstm_h40.npz,checkpoints/beijing_168h_1h_station1013_seed2048_center_lstm_h40.pt,training_logs/beijing_168h_1h_station1013_seed2048_center_lstm_h40.csv,0.084579013288021,0.2908247123062638,0.146706610918045,21.61750221252441,10.904955863952637,16.411128997802734,False,,,21.76912498474121,11.43486213684082,-0.6965037516348428,True,center_lstm_h40,40.0,experiments/results/baseline_v2/reused/backbone_upgrade/experiments/results/trainable_matched/predictions/beijing_168h_1h_station1013_seed2048_center_lstm_h40.npz
beijing_168h_1h_station1013_seed2049_center_lstm_h40,beijing,168,1,1013,2049,lstm,,center_lstm_h40,,,,,completed,30.0,0.1250073164701461,9.231199869998818,0.0246996829991985,,test,,1,9.0,6921.0,6921.0,6921.0,predictions/beijing_168h_1h_station1013_seed2049_center_lstm_h40.npz,checkpoints/beijing_168h_1h_station1013_seed2049_center_lstm_h40.pt,training_logs/beijing_168h_1h_station1013_seed2049_center_lstm_h40.csv,0.0886371955275535,0.2977199951759263,0.1524720937013626,22.130041122436523,11.333514213562012,17.995128631591797,False,,,22.61062812805176,12.07103443145752,-2.125491617895392,True,center_lstm_h40,40.0,experiments/results/baseline_v2/reused/backbone_upgrade/experiments/results/trainable_matched/predictions/beijing_168h_1h_station1013_seed2049_center_lstm_h40.npz
beijing_168h_3h_station1013_seed2047_center_lstm_h40,beijing,168,3,1013,2047,lstm,,center_lstm_h40,,,,,completed,30.0,0.2839441895484924,9.240142123000624,0.0247567389997129,,test,,1,9.0,7003.0,7003.0,7003.0,predictions/beijing_168h_3h_station1013_seed2047_center_lstm_h40.npz,checkpoints/beijing_168h_3h_station1013_seed2047_center_lstm_h40.pt,training_logs/beijing_168h_3h_station1013_seed2047_center_lstm_h40.csv,0.1832343786954879,0.4280588495703458,0.2364960461854934,31.817886352539062,17.578901290893555,26.305177688598636,False,,,31.7686710357666,18.36850929260254,0.15491777014232705,False,center_lstm_h40,40.0,experiments/results/baseline_v2/reused/backbone_upgrade/experiments/results/trainable_matched/predictions/beijing_168h_3h_station1013_seed2047_center_lstm_h40.npz
beijing_168h_3h_station1013_seed2048_center_lstm_h40,beijing,168,3,1013,2048,lstm,,center_lstm_h40,,,,,completed,29.0,0.2864999175071716,9.226482551001029,0.0247075789993687,,test,,1,9.0,7003.0,7003.0,7003.0,predictions/beijing_168h_3h_station1013_seed2048_center_lstm_h40.npz,checkpoints/beijing_168h_3h_station1013_seed2048_center_lstm_h40.pt,training_logs/beijing_168h_3h_station1013_seed2048_center_lstm_h40.csv,0.1871230602264404,0.4325772303605917,0.2403431683778762,32.153743743896484,17.86486053466797,27.08977699279785,False,,,31.73417854309082,18.07464408874512,1.3221240317783867,False,center_lstm_h40,40.0,experiments/results/baseline_v2/reused/backbone_upgrade/experiments/results/trainable_matched/predictions/beijing_168h_3h_station1013_seed2048_center_lstm_h40.npz
beijing_168h_3h_station1013_seed2049_center_lstm_h40,beijing,168,3,1013,2049,lstm,,center_lstm_h40,,,,,completed,30.0,0.2770677506923675,9.260068506000607,0.0249669929999072,,test,,1,9.0,7003.0,7003.0,7003.0,predictions/beijing_168h_3h_station1013_seed2049_center_lstm_h40.npz,checkpoints/beijing_168h_3h_station1013_seed2049_center_lstm_h40.pt,training_logs/beijing_168h_3h_station1013_seed2049_center_lstm_h40.csv,0.1849191188812255,0.4300222306825841,0.2407140880823135,31.963823318481445,17.892431259155273,27.5458984375,False,,,32.07843780517578,18.52771759033203,-0.35729447733842934,True,center_lstm_h40,40.0,experiments/results/baseline_v2/reused/backbone_upgrade/experiments/results/trainable_matched/predictions/beijing_168h_3h_station1013_seed2049_center_lstm_h40.npz
beijing_168h_6h_station1013_seed2047_center_lstm_h40,beijing,168,6,1013,2047,lstm,,center_lstm_h40,,,,,completed,27.0,0.5029119849205017,9.241619618000186,0.0249119180007255,,test,,1,9.0,7126.0,7126.0,7126.0,predictions/beijing_168h_6h_station1013_seed2047_center_lstm_h40.npz,checkpoints/beijing_168h_6h_station1013_seed2047_center_lstm_h40.pt,training_logs/beijing_168h_6h_station1013_seed2047_center_lstm_h40.csv,0.3167207241058349,0.5627794631166235,0.3437248170375824,41.83175659179688,25.54928207397461,36.69780349731445,False,,,42.01683807373047,25.93600273132324,-0.44049359832553,True,center_lstm_h40,40.0,experiments/results/baseline_v2/reused/backbone_upgrade/experiments/results/trainable_matched/predictions/beijing_168h_6h_station1013_seed2047_center_lstm_h40.npz
beijing_168h_6h_station1013_seed2048_center_lstm_h40,beijing,168,6,1013,2048,lstm,,center_lstm_h40,,,,,completed,29.0,0.4916659593582153,9.22740782099936,0.0250922680006624,,test,,1,9.0,7126.0,7126.0,7126.0,predictions/beijing_168h_6h_station1013_seed2048_center_lstm_h40.npz,checkpoints/beijing_168h_6h_station1013_seed2048_center_lstm_h40.pt,training_logs/beijing_168h_6h_station1013_seed2048_center_lstm_h40.csv,0.3135872781276703,0.5599886410702187,0.3421880900859833,41.62430953979492,25.435056686401367,36.789459228515625,False,,,42.51594543457031,26.329206466674805,-2.0971799772101245,True,center_lstm_h40,40.0,experiments/results/baseline_v2/reused/backbone_upgrade/experiments/results/trainable_matched/predictions/beijing_168h_6h_station1013_seed2048_center_lstm_h40.npz
beijing_168h_6h_station1013_seed2049_center_lstm_h40,beijing,168,6,1013,2049,lstm,,center_lstm_h40,,,,,completed,30.0,0.4908757507801056,9.263693826000235,0.0248268249997636,,test,,1,9.0,7126.0,7126.0,7126.0,predictions/beijing_168h_6h_station1013_seed2049_center_lstm_h40.npz,checkpoints/beijing_168h_6h_station1013_seed2049_center_lstm_h40.pt,training_logs/beijing_168h_6h_station1013_seed2049_center_lstm_h40.csv,0.3007734417915344,0.5484281555423047,0.3320561051368713,40.76501083374024,24.68194007873535,36.01141357421875,False,,,42.00048828125,26.010665893554688,-2.941578772219428,True,center_lstm_h40,40.0,experiments/results/baseline_v2/reused/backbone_upgrade/experiments/results/trainable_matched/predictions/beijing_168h_6h_station1013_seed2049_center_lstm_h40.npz
beijing_168h_6h_station1013_seed2050_center_lstm_h40,beijing,168,6,1013,2050,lstm,,center_lstm_h40,,,,,completed,28.0,0.4905292093753814,9.26306031799868,0.0251353990006464,,test,,1,9.0,7126.0,7126.0,7126.0,predictions/beijing_168h_6h_station1013_seed2050_center_lstm_h40.npz,checkpoints/beijing_168h_6h_station1013_seed2050_center_lstm_h40.pt,training_logs/beijing_168h_6h_station1013_seed2050_center_lstm_h40.csv,0.3104081451892853,0.5571428409207869,0.335525631904602,41.41278076171875,24.939830780029297,35.38157653808594,False,,,42.20603942871094,26.009906768798828,-1.8794908921318214,True,center_lstm_h40,40.0,experiments/results/baseline_v2/reused/backbone_upgrade/experiments/results/trainable_matched/predictions/beijing_168h_6h_station1013_seed2050_center_lstm_h40.npz
beijing_168h_6h_station1013_seed2051_center_lstm_h40,beijing,168,6,1013,2051,lstm,,center_lstm_h40,,,,,completed,29.0,0.4926225244998932,9.227769404000355,0.0252500509996025,,test,,1,9.0,7126.0,7126.0,7126.0,predictions/beijing_168h_6h_station1013_seed2051_center_lstm_h40.npz,checkpoints/beijing_168h_6h_station1013_seed2051_center_lstm_h40.pt,training_logs/beijing_168h_6h_station1013_seed2051_center_lstm_h40.csv,0.3018286228179931,0.5493893180778028,0.3318357467651367,40.836456298828125,24.66555976867676,35.490264892578125,False,,,41.76411056518555,25.687108993530277,-2.2211756788392187,True,center_lstm_h40,40.0,experiments/results/baseline_v2/reused/backbone_upgrade/experiments/results/trainable_matched/predictions/beijing_168h_6h_station1013_seed2051_center_lstm_h40.npz
beijing_168h_12h_station1013_seed2047_center_lstm_h40,beijing,168,12,1013,2047,lstm,,center_lstm_h40,,,,,completed,25.0,0.8117298483848572,10.47615464000046,0.0251050729984854,,test,,1,9.0,7372.0,7372.0,7372.0,predictions/beijing_168h_12h_station1013_seed2047_center_lstm_h40.npz,checkpoints/beijing_168h_12h_station1013_seed2047_center_lstm_h40.pt,training_logs/beijing_168h_12h_station1013_seed2047_center_lstm_h40.csv,0.5012157559394836,0.7079659285159728,0.4610289633274078,52.62998962402344,34.27276992797852,46.31373596191406,False,,,54.23294448852539,36.208377838134766,-2.955684740372351,True,center_lstm_h40,40.0,experiments/results/baseline_v2/reused/backbone_upgrade/experiments/results/trainable_matched/predictions/beijing_168h_12h_station1013_seed2047_center_lstm_h40.npz
beijing_168h_12h_station1013_seed2048_center_lstm_h40,beijing,168,12,1013,2048,lstm,,center_lstm_h40,,,,,completed,29.0,0.8148547410964966,9.224066823999236,0.0250772710005549,,test,,1,9.0,7372.0,7372.0,7372.0,predictions/beijing_168h_12h_station1013_seed2048_center_lstm_h40.npz,checkpoints/beijing_168h_12h_station1013_seed2048_center_lstm_h40.pt,training_logs/beijing_168h_12h_station1013_seed2048_center_lstm_h40.csv,0.507752001285553,0.7125671907164636,0.46458300948143,52.9720458984375,34.53697204589844,46.95601272583008,False,,,55.16896057128906,36.87693405151367,-3.9821570863433617,True,center_lstm_h40,40.0,experiments/results/baseline_v2/reused/backbone_upgrade/experiments/results/trainable_matched/predictions/beijing_168h_12h_station1013_seed2048_center_lstm_h40.npz
beijing_168h_12h_station1013_seed2049_center_lstm_h40,beijing,168,12,1013,2049,lstm,,center_lstm_h40,,,,,completed,29.0,0.8060359358787537,9.22397430899946,0.0249767400000564,,test,,1,9.0,7372.0,7372.0,7372.0,predictions/beijing_168h_12h_station1013_seed2049_center_lstm_h40.npz,checkpoints/beijing_168h_12h_station1013_seed2049_center_lstm_h40.pt,training_logs/beijing_168h_12h_station1013_seed2049_center_lstm_h40.csv,0.4775964021682739,0.6910834986948204,0.4497866928577423,51.37495803833008,33.43701934814453,45.77562713623047,False,,,58.07843780517578,38.81656646728516,-11.542114457920748,True,center_lstm_h40,40.0,experiments/results/baseline_v2/reused/backbone_upgrade/experiments/results/trainable_matched/predictions/beijing_168h_12h_station1013_seed2049_center_lstm_h40.npz
beijing_168h_24h_station1013_seed2047_center_lstm_h40,beijing,168,24,1013,2047,lstm,,center_lstm_h40,,,,,completed,17.0,1.25253427028656,8.798729390000517,0.5154629819990078,,test,,1,9.0,7864.0,7864.0,7864.0,predictions/beijing_168h_24h_station1013_seed2047_center_lstm_h40.npz,checkpoints/beijing_168h_24h_station1013_seed2047_center_lstm_h40.pt,training_logs/beijing_168h_24h_station1013_seed2047_center_lstm_h40.csv,0.6816022396087646,0.8255920539883875,0.5759549140930176,61.40855407714844,42.84023284912109,56.22617721557617,False,,,67.65840148925781,47.55368041992188,-9.237356003898007,True,center_lstm_h40,40.0,experiments/results/baseline_v2/reused/backbone_upgrade/experiments/results/trainable_matched/predictions/beijing_168h_24h_station1013_seed2047_center_lstm_h40.npz
beijing_168h_24h_station1013_seed2048_center_lstm_h40,beijing,168,24,1013,2048,lstm,,center_lstm_h40,,,,,completed,25.0,1.2071775197982788,9.191707359999782,0.0250246799987508,,test,,1,9.0,7864.0,7864.0,7864.0,predictions/beijing_168h_24h_station1013_seed2048_center_lstm_h40.npz,checkpoints/beijing_168h_24h_station1013_seed2048_center_lstm_h40.pt,training_logs/beijing_168h_24h_station1013_seed2048_center_lstm_h40.csv,0.6834101676940918,0.8266862571097283,0.5694245100021362,61.48994445800781,42.35449600219727,56.17265701293945,False,,,72.7971420288086,50.40897750854492,-15.532474566551107,True,center_lstm_h40,40.0,experiments/results/baseline_v2/reused/backbone_upgrade/experiments/results/trainable_matched/predictions/beijing_168h_24h_station1013_seed2048_center_lstm_h40.npz
beijing_168h_24h_station1013_seed2049_center_lstm_h40,beijing,168,24,1013,2049,lstm,,center_lstm_h40,,,,,completed,20.0,1.211944341659546,7.97581110200008,0.025094774999161,,test,,1,9.0,7864.0,7864.0,7864.0,predictions/beijing_168h_24h_station1013_seed2049_center_lstm_h40.npz,checkpoints/beijing_168h_24h_station1013_seed2049_center_lstm_h40.pt,training_logs/beijing_168h_24h_station1013_seed2049_center_lstm_h40.csv,0.675066351890564,0.821624215740118,0.5741571187973022,61.11342239379883,42.70652389526367,56.539798736572266,False,,,66.645751953125,46.83631896972656,-8.301098565467926,True,center_lstm_h40,40.0,experiments/results/baseline_v2/reused/backbone_upgrade/experiments/results/trainable_matched/predictions/beijing_168h_24h_station1013_seed2049_center_lstm_h40.npz
beijing_24h_1h_station1013_seed2047_center_lstm_h48,beijing,24,1,1013,2047,lstm,,center_lstm_h48,,,,,completed,37.0,0.0969415828585624,3.327359459000036,0.0065423140003986,,test,,1,9.0,9841.0,9841.0,9841.0,predictions/beijing_24h_1h_station1013_seed2047_center_lstm_h48.npz,checkpoints/beijing_24h_1h_station1013_seed2047_center_lstm_h48.pt,training_logs/beijing_24h_1h_station1013_seed2047_center_lstm_h48.csv,0.0775724723935127,0.2785183519869251,0.1375208050012588,20.75510597229004,10.248011589050291,17.78013801574707,False,,,20.988380432128903,10.146111488342283,-1.1114457382417573,True,center_lstm_h48,48.0,experiments/results/baseline_v2/reused/backbone_upgrade/experiments/results/trainable_matched/predictions/beijing_24h_1h_station1013_seed2047_center_lstm_h48.npz
beijing_24h_1h_station1013_seed2048_center_lstm_h48,beijing,24,1,1013,2048,lstm,,center_lstm_h48,,,,,completed,37.0,0.0968827009201049,3.345397385999604,0.0065683169996191,,test,,1,9.0,9841.0,9841.0,9841.0,predictions/beijing_24h_1h_station1013_seed2048_center_lstm_h48.npz,checkpoints/beijing_24h_1h_station1013_seed2048_center_lstm_h48.pt,training_logs/beijing_24h_1h_station1013_seed2048_center_lstm_h48.csv,0.0768781974911689,0.2772691787616665,0.1321766376495361,20.66202163696289,9.849764823913574,16.11741065979004,False,,,20.778905868530277,10.011322021484377,-0.5625138893593427,True,center_lstm_h48,48.0,experiments/results/baseline_v2/reused/backbone_upgrade/experiments/results/trainable_matched/predictions/beijing_24h_1h_station1013_seed2048_center_lstm_h48.npz
beijing_24h_1h_station1013_seed2049_center_lstm_h48,beijing,24,1,1013,2049,lstm,,center_lstm_h48,,,,,completed,39.0,0.0966091826558113,3.3520249880002666,0.0064830789997358,,test,,1,9.0,9841.0,9841.0,9841.0,predictions/beijing_24h_1h_station1013_seed2049_center_lstm_h48.npz,checkpoints/beijing_24h_1h_station1013_seed2049_center_lstm_h48.pt,training_logs/beijing_24h_1h_station1013_seed2049_center_lstm_h48.csv,0.0769723132252693,0.2774388459197257,0.1325753033161163,20.67466354370117,9.879473686218262,16.29241180419922,False,,,20.896221160888672,10.110241889953612,-1.0602759967060054,True,center_lstm_h48,48.0,experiments/results/baseline_v2/reused/backbone_upgrade/experiments/results/trainable_matched/predictions/beijing_24h_1h_station1013_seed2049_center_lstm_h48.npz
beijing_24h_1h_station1013_seed2050_center_lstm_h48,beijing,24,1,1013,2050,lstm,,center_lstm_h48,,,,,completed,32.0,0.0987051054835319,3.3224018059991067,0.0065446049993624,,test,,1,9.0,9841.0,9841.0,9841.0,predictions/beijing_24h_1h_station1013_seed2050_center_lstm_h48.npz,checkpoints/beijing_24h_1h_station1013_seed2050_center_lstm_h48.pt,training_logs/beijing_24h_1h_station1013_seed2050_center_lstm_h48.csv,0.0768654868006706,0.2772462566035304,0.1339669972658157,20.66031265258789,9.983181953430176,16.245954513549805,False,,,21.0170955657959,10.084884643554688,-1.6975842931820289,True,center_lstm_h48,48.0,experiments/results/baseline_v2/reused/backbone_upgrade/experiments/results/trainable_matched/predictions/beijing_24h_1h_station1013_seed2050_center_lstm_h48.npz
beijing_24h_1h_station1013_seed2051_center_lstm_h48,beijing,24,1,1013,2051,lstm,,center_lstm_h48,,,,,completed,39.0,0.0975636169314384,3.383277913000711,0.0065384110002923,,test,,1,9.0,9841.0,9841.0,9841.0,predictions/beijing_24h_1h_station1013_seed2051_center_lstm_h48.npz,checkpoints/beijing_24h_1h_station1013_seed2051_center_lstm_h48.pt,training_logs/beijing_24h_1h_station1013_seed2051_center_lstm_h48.csv,0.0771183669567108,0.2777019390582478,0.1310315877199173,20.69426918029785,9.76443576812744,15.555277824401855,False,,,20.71529197692871,10.02131462097168,-0.10148443311478854,True,center_lstm_h48,48.0,experiments/results/baseline_v2/reused/backbone_upgrade/experiments/results/trainable_matched/predictions/beijing_24h_1h_station1013_seed2051_center_lstm_h48.npz
beijing_24h_3h_station1013_seed2047_center_lstm_h48,beijing,24,3,1013,2047,lstm,,center_lstm_h48,,,,,completed,36.0,0.2575723528861999,3.520097157001146,0.0070447630005219,,test,,1,9.0,9939.0,9939.0,9939.0,predictions/beijing_24h_3h_station1013_seed2047_center_lstm_h48.npz,checkpoints/beijing_24h_3h_station1013_seed2047_center_lstm_h48.pt,training_logs/beijing_24h_3h_station1013_seed2047_center_lstm_h48.csv,0.1696618795394897,0.4119003271903164,0.2197494357824325,30.69469451904297,16.37566566467285,25.26607131958008,False,,,30.44579696655273,16.024797439575195,0.8175103866181359,False,center_lstm_h48,48.0,experiments/results/baseline_v2/reused/backbone_upgrade/experiments/results/trainable_matched/predictions/beijing_24h_3h_station1013_seed2047_center_lstm_h48.npz
beijing_24h_3h_station1013_seed2048_center_lstm_h48,beijing,24,3,1013,2048,lstm,,center_lstm_h48,,,,,completed,34.0,0.2550179064273834,3.397814306001237,0.0067408989998511,,test,,1,9.0,9939.0,9939.0,9939.0,predictions/beijing_24h_3h_station1013_seed2048_center_lstm_h48.npz,checkpoints/beijing_24h_3h_station1013_seed2048_center_lstm_h48.pt,training_logs/beijing_24h_3h_station1013_seed2048_center_lstm_h48.csv,0.1701335608959198,0.4124724971388029,0.2178855091333389,30.73733329772949,16.236766815185547,24.586544036865234,False,,,30.800689697265625,16.063575744628906,-0.20569798974910916,True,center_lstm_h48,48.0,experiments/results/baseline_v2/reused/backbone_upgrade/experiments/results/trainable_matched/predictions/beijing_24h_3h_station1013_seed2048_center_lstm_h48.npz
beijing_24h_3h_station1013_seed2049_center_lstm_h48,beijing,24,3,1013,2049,lstm,,center_lstm_h48,,,,,completed,28.0,0.2565788626670837,3.13151116500012,0.0065275209999526,,test,,1,9.0,9939.0,9939.0,9939.0,predictions/beijing_24h_3h_station1013_seed2049_center_lstm_h48.npz,checkpoints/beijing_24h_3h_station1013_seed2049_center_lstm_h48.pt,training_logs/beijing_24h_3h_station1013_seed2049_center_lstm_h48.csv,0.1709062904119491,0.4134081402342595,0.2202890068292617,30.807056427001957,16.415874481201172,25.50311088562012,False,,,30.58614921569824,16.17045021057129,0.7222459085838049,False,center_lstm_h48,48.0,experiments/results/baseline_v2/reused/backbone_upgrade/experiments/results/trainable_matched/predictions/beijing_24h_3h_station1013_seed2049_center_lstm_h48.npz
beijing_24h_6h_station1013_seed2047_center_lstm_h48,beijing,24,6,1013,2047,lstm,,center_lstm_h48,,,,,completed,28.0,0.4488275051116943,4.273911394000606,0.00661148799918,,test,,1,9.0,10086.0,10086.0,10086.0,predictions/beijing_24h_6h_station1013_seed2047_center_lstm_h48.npz,checkpoints/beijing_24h_6h_station1013_seed2047_center_lstm_h48.pt,training_logs/beijing_24h_6h_station1013_seed2047_center_lstm_h48.csv,0.289770245552063,0.538303116795791,0.3133709728717804,40.11107635498047,23.350500106811523,33.89204025268555,False,,,40.0059814453125,22.94923591613769,0.26269799132820104,False,center_lstm_h48,48.0,experiments/results/baseline_v2/reused/backbone_upgrade/experiments/results/trainable_matched/predictions/beijing_24h_6h_station1013_seed2047_center_lstm_h48.npz
beijing_24h_6h_station1013_seed2048_center_lstm_h48,beijing,24,6,1013,2048,lstm,,center_lstm_h48,,,,,completed,40.0,0.6572090983390808,3.6509601879988622,0.0064714809996075,,test,,1,9.0,10086.0,10086.0,10086.0,predictions/beijing_24h_6h_station1013_seed2048_center_lstm_h48.npz,checkpoints/beijing_24h_6h_station1013_seed2048_center_lstm_h48.pt,training_logs/beijing_24h_6h_station1013_seed2048_center_lstm_h48.csv,0.3616311550140381,0.6013577595857877,0.397434651851654,44.80952072143555,29.614416122436523,43.54176330566406,True,beijing_24h_6h_station1013_seed2048_center_lstm_h48 出现非有限验证损失,,39.84638977050781,22.57869529724121,12.455660298241577,False,center_lstm_h48,48.0,experiments/results/baseline_v2/reused/backbone_upgrade/experiments/results/trainable_matched/predictions/beijing_24h_6h_station1013_seed2048_center_lstm_h48.npz
beijing_24h_6h_station1013_seed2049_center_lstm_h48,beijing,24,6,1013,2049,lstm,,center_lstm_h48,,,,,completed,24.0,0.469196617603302,2.948807056000078,0.0068081440003879,,test,,1,9.0,10086.0,10086.0,10086.0,predictions/beijing_24h_6h_station1013_seed2049_center_lstm_h48.npz,checkpoints/beijing_24h_6h_station1013_seed2049_center_lstm_h48.pt,training_logs/beijing_24h_6h_station1013_seed2049_center_lstm_h48.csv,0.2922270894050598,0.5405803265057468,0.3191006183624267,40.28075408935547,23.77743530273437,34.91340637207031,False,,,39.889404296875,22.915658950805664,0.9810870815915587,False,center_lstm_h48,48.0,experiments/results/baseline_v2/reused/backbone_upgrade/experiments/results/trainable_matched/predictions/beijing_24h_6h_station1013_seed2049_center_lstm_h48.npz
beijing_24h_12h_station1013_seed2047_center_lstm_h48,beijing,24,12,1013,2047,lstm,,center_lstm_h48,,,,,completed,21.0,0.7976886034011841,2.666541955999492,0.0069734360004076,,test,,1,9.0,10380.0,10380.0,10380.0,predictions/beijing_24h_12h_station1013_seed2047_center_lstm_h48.npz,checkpoints/beijing_24h_12h_station1013_seed2047_center_lstm_h48.pt,training_logs/beijing_24h_12h_station1013_seed2047_center_lstm_h48.csv,0.4642591774463653,0.6813656708745792,0.4367714822292328,50.76353454589844,32.540626525878906,44.83321762084961,False,,,51.547157287597656,31.825634002685547,-1.5202055417472262,True,center_lstm_h48,48.0,experiments/results/baseline_v2/reused/backbone_upgrade/experiments/results/trainable_matched/predictions/beijing_24h_12h_station1013_seed2047_center_lstm_h48.npz
beijing_24h_12h_station1013_seed2048_center_lstm_h48,beijing,24,12,1013,2048,lstm,,center_lstm_h48,,,,,completed,21.0,0.7915229201316833,2.5279361699995206,0.0068688999999722,,test,,1,9.0,10380.0,10380.0,10380.0,predictions/beijing_24h_12h_station1013_seed2048_center_lstm_h48.npz,checkpoints/beijing_24h_12h_station1013_seed2048_center_lstm_h48.pt,training_logs/beijing_24h_12h_station1013_seed2048_center_lstm_h48.csv,0.464476466178894,0.6815251031171883,0.439426839351654,50.77540969848633,32.738460540771484,45.2601203918457,False,,,51.48316192626953,31.6285343170166,-1.374725640971304,True,center_lstm_h48,48.0,experiments/results/baseline_v2/reused/backbone_upgrade/experiments/results/trainable_matched/predictions/beijing_24h_12h_station1013_seed2048_center_lstm_h48.npz
beijing_24h_12h_station1013_seed2049_center_lstm_h48,beijing,24,12,1013,2049,lstm,,center_lstm_h48,,,,,completed,33.0,0.7888814210891724,3.367783686999246,0.0065851890012709,,test,,1,9.0,10380.0,10380.0,10380.0,predictions/beijing_24h_12h_station1013_seed2049_center_lstm_h48.npz,checkpoints/beijing_24h_12h_station1013_seed2049_center_lstm_h48.pt,training_logs/beijing_24h_12h_station1013_seed2049_center_lstm_h48.csv,0.4724377393722534,0.6873410648086242,0.4431825280189514,51.208717346191406,33.01826858520508,45.092735290527344,False,,,51.83720016479492,32.26030349731445,-1.2124165977435406,True,center_lstm_h48,48.0,experiments/results/baseline_v2/reused/backbone_upgrade/experiments/results/trainable_matched/predictions/beijing_24h_12h_station1013_seed2049_center_lstm_h48.npz
beijing_24h_24h_station1013_seed2047_center_lstm_h48,beijing,24,24,1013,2047,lstm,,center_lstm_h48,,,,,completed,22.0,1.201534867286682,2.536742315000083,0.4858524449991819,,test,,1,9.0,10968.0,10968.0,10968.0,predictions/beijing_24h_24h_station1013_seed2047_center_lstm_h48.npz,checkpoints/beijing_24h_24h_station1013_seed2047_center_lstm_h48.pt,training_logs/beijing_24h_24h_station1013_seed2047_center_lstm_h48.csv,0.6593281626701355,0.8119902478910295,0.5598578453063965,60.4775276184082,41.69855117797852,54.97249221801758,False,,,64.3062973022461,43.40291213989258,-5.9539576129570735,True,center_lstm_h48,48.0,experiments/results/baseline_v2/reused/backbone_upgrade/experiments/results/trainable_matched/predictions/beijing_24h_24h_station1013_seed2047_center_lstm_h48.npz
beijing_24h_24h_station1013_seed2048_center_lstm_h48,beijing,24,24,1013,2048,lstm,,center_lstm_h48,,,,,completed,15.0,1.1854833364486694,1.9859322030006297,0.0066626129992073,,test,,1,9.0,10968.0,10968.0,10968.0,predictions/beijing_24h_24h_station1013_seed2048_center_lstm_h48.npz,checkpoints/beijing_24h_24h_station1013_seed2048_center_lstm_h48.pt,training_logs/beijing_24h_24h_station1013_seed2048_center_lstm_h48.csv,0.6531088352203369,0.8081514927415138,0.5614511966705322,60.19161224365234,41.81722640991211,55.26417922973633,False,,,64.8437271118164,43.64160919189453,-7.174348353144431,True,center_lstm_h48,48.0,experiments/results/baseline_v2/reused/backbone_upgrade/experiments/results/trainable_matched/predictions/beijing_24h_24h_station1013_seed2048_center_lstm_h48.npz
beijing_24h_24h_station1013_seed2049_center_lstm_h48,beijing,24,24,1013,2049,lstm,,center_lstm_h48,,,,,completed,22.0,1.191393494606018,2.528673647000687,0.0067071809990011,,test,,1,9.0,10968.0,10968.0,10968.0,predictions/beijing_24h_24h_station1013_seed2049_center_lstm_h48.npz,checkpoints/beijing_24h_24h_station1013_seed2049_center_lstm_h48.pt,training_logs/beijing_24h_24h_station1013_seed2049_center_lstm_h48.csv,0.6548242568969727,0.809212121076404,0.5610992312431335,60.270606994628906,41.79100799560547,55.06064987182617,False,,,65.344482421875,44.265323638916016,-7.7648107983904415,True,center_lstm_h48,48.0,experiments/results/baseline_v2/reused/backbone_upgrade/experiments/results/trainable_matched/predictions/beijing_24h_24h_station1013_seed2049_center_lstm_h48.npz
beijing_48h_1h_station1013_seed2047_center_lstm_h48,beijing,48,1,1013,2047,lstm,,center_lstm_h48,,,,,completed,34.0,0.0974542275071144,6.281140815000981,0.0121491000008973,,test,,1,9.0,9841.0,9841.0,9841.0,predictions/beijing_48h_1h_station1013_seed2047_center_lstm_h48.npz,checkpoints/beijing_48h_1h_station1013_seed2047_center_lstm_h48.pt,training_logs/beijing_48h_1h_station1013_seed2047_center_lstm_h48.csv,0.0765485242009162,0.2766740396222896,0.1334117203950882,20.606847763061523,9.936585426330566,16.550779342651367,False,,,20.97980499267578,10.450782775878906,-1.7776963596394733,True,center_lstm_h48,48.0,experiments/results/baseline_v2/reused/backbone_upgrade/experiments/results/trainable_matched/predictions/beijing_48h_1h_station1013_seed2047_center_lstm_h48.npz
beijing_48h_1h_station1013_seed2048_center_lstm_h48,beijing,48,1,1013,2048,lstm,,center_lstm_h48,,,,,completed,38.0,0.0971129238605499,6.271074934998978,0.0121448209993104,,test,,1,9.0,9841.0,9841.0,9841.0,predictions/beijing_48h_1h_station1013_seed2048_center_lstm_h48.npz,checkpoints/beijing_48h_1h_station1013_seed2048_center_lstm_h48.pt,training_logs/beijing_48h_1h_station1013_seed2048_center_lstm_h48.csv,0.0772409737110138,0.2779226038144681,0.1341765224933624,20.69984436035156,9.993547439575195,16.912294387817383,False,,,20.553361892700195,10.137685775756836,0.7126934679400982,False,center_lstm_h48,48.0,experiments/results/baseline_v2/reused/backbone_upgrade/experiments/results/trainable_matched/predictions/beijing_48h_1h_station1013_seed2048_center_lstm_h48.npz
beijing_48h_1h_station1013_seed2049_center_lstm_h48,beijing,48,1,1013,2049,lstm,,center_lstm_h48,,,,,completed,39.0,0.0967055335640907,6.289854687000116,0.0121168429996032,,test,,1,9.0,9841.0,9841.0,9841.0,predictions/beijing_48h_1h_station1013_seed2049_center_lstm_h48.npz,checkpoints/beijing_48h_1h_station1013_seed2049_center_lstm_h48.pt,training_logs/beijing_48h_1h_station1013_seed2049_center_lstm_h48.csv,0.0771225616335868,0.2777094914359012,0.1317886710166931,20.683971405029297,9.81570053100586,15.816961288452148,False,,,20.929391860961918,10.169209480285645,-1.1726115004344,True,center_lstm_h48,48.0,experiments/results/baseline_v2/reused/backbone_upgrade/experiments/results/trainable_matched/predictions/beijing_48h_1h_station1013_seed2049_center_lstm_h48.npz
beijing_48h_3h_station1013_seed2047_center_lstm_h48,beijing,48,3,1013,2047,lstm,,center_lstm_h48,,,,,completed,26.0,0.2580684125423431,5.328858879000109,0.0119903369995881,,test,,1,9.0,9939.0,9939.0,9939.0,predictions/beijing_48h_3h_station1013_seed2047_center_lstm_h48.npz,checkpoints/beijing_48h_3h_station1013_seed2047_center_lstm_h48.pt,training_logs/beijing_48h_3h_station1013_seed2047_center_lstm_h48.csv,0.1706193834543228,0.4130609924143441,0.2193453013896942,30.762670516967773,16.33571434020996,24.11815452575684,False,,,31.18783187866211,16.69637680053711,-1.3632283364500888,True,center_lstm_h48,48.0,experiments/results/baseline_v2/reused/backbone_upgrade/experiments/results/trainable_matched/predictions/beijing_48h_3h_station1013_seed2047_center_lstm_h48.npz
beijing_48h_3h_station1013_seed2048_center_lstm_h48,beijing,48,3,1013,2048,lstm,,center_lstm_h48,,,,,completed,32.0,0.2526811361312866,6.378300833001049,0.0122628489989438,,test,,1,9.0,9939.0,9939.0,9939.0,predictions/beijing_48h_3h_station1013_seed2048_center_lstm_h48.npz,checkpoints/beijing_48h_3h_station1013_seed2048_center_lstm_h48.pt,training_logs/beijing_48h_3h_station1013_seed2048_center_lstm_h48.csv,0.1710056662559509,0.4135283137294844,0.2238933444023132,30.79747200012207,16.67443084716797,25.81793975830078,False,,,31.051353454589844,16.6970157623291,-0.8176179980014561,True,center_lstm_h48,48.0,experiments/results/baseline_v2/reused/backbone_upgrade/experiments/results/trainable_matched/predictions/beijing_48h_3h_station1013_seed2048_center_lstm_h48.npz
beijing_48h_3h_station1013_seed2049_center_lstm_h48,beijing,48,3,1013,2049,lstm,,center_lstm_h48,,,,,completed,25.0,0.2520063817501068,5.18218503999924,0.0121381520002614,,test,,1,9.0,9939.0,9939.0,9939.0,predictions/beijing_48h_3h_station1013_seed2049_center_lstm_h48.npz,checkpoints/beijing_48h_3h_station1013_seed2049_center_lstm_h48.pt,training_logs/beijing_48h_3h_station1013_seed2049_center_lstm_h48.csv,0.1703467220067978,0.4127308105857833,0.2204843908548355,30.73807716369629,16.420547485351562,24.368572235107425,False,,,31.17669677734375,16.931669235229492,-1.4068828932711301,True,center_lstm_h48,48.0,experiments/results/baseline_v2/reused/backbone_upgrade/experiments/results/trainable_matched/predictions/beijing_48h_3h_station1013_seed2049_center_lstm_h48.npz
beijing_48h_6h_station1013_seed2047_center_lstm_h48,beijing,48,6,1013,2047,lstm,,center_lstm_h48,,,,,completed,34.0,0.4610677361488342,7.560104759999376,0.0120628399999986,,test,,1,9.0,10086.0,10086.0,10086.0,predictions/beijing_48h_6h_station1013_seed2047_center_lstm_h48.npz,checkpoints/beijing_48h_6h_station1013_seed2047_center_lstm_h48.pt,training_logs/beijing_48h_6h_station1013_seed2047_center_lstm_h48.csv,0.2999903261661529,0.5477137264722812,0.3189794421195984,40.79091644287109,23.755956649780277,33.54789352416992,False,,,41.811302185058594,24.404136657714844,-2.44045434813591,True,center_lstm_h48,48.0,experiments/results/baseline_v2/reused/backbone_upgrade/experiments/results/trainable_matched/predictions/beijing_48h_6h_station1013_seed2047_center_lstm_h48.npz
beijing_48h_6h_station1013_seed2048_center_lstm_h48,beijing,48,6,1013,2048,lstm,,center_lstm_h48,,,,,completed,17.0,0.4730251729488373,3.975153613000657,0.012249958999746,,test,,1,9.0,10086.0,10086.0,10086.0,predictions/beijing_48h_6h_station1013_seed2048_center_lstm_h48.npz,checkpoints/beijing_48h_6h_station1013_seed2048_center_lstm_h48.pt,training_logs/beijing_48h_6h_station1013_seed2048_center_lstm_h48.csv,0.3045845329761505,0.5518917765070889,0.3344138264656067,41.10207748413086,24.90542984008789,35.779964447021484,False,,,41.650672912597656,23.962068557739254,-1.3171346105692059,True,center_lstm_h48,48.0,experiments/results/baseline_v2/reused/backbone_upgrade/experiments/results/trainable_matched/predictions/beijing_48h_6h_station1013_seed2048_center_lstm_h48.npz
beijing_48h_6h_station1013_seed2049_center_lstm_h48,beijing,48,6,1013,2049,lstm,,center_lstm_h48,,,,,completed,23.0,0.476698637008667,4.896196138999585,0.0121221800000057,,test,,1,9.0,10086.0,10086.0,10086.0,predictions/beijing_48h_6h_station1013_seed2049_center_lstm_h48.npz,checkpoints/beijing_48h_6h_station1013_seed2049_center_lstm_h48.pt,training_logs/beijing_48h_6h_station1013_seed2049_center_lstm_h48.csv,0.3069724440574646,0.5540509399481826,0.3354198932647705,41.262882232666016,24.98036003112793,34.482723236083984,False,,,42.05476379394531,24.104082107543945,-1.8829770752232955,True,center_lstm_h48,48.0,experiments/results/baseline_v2/reused/backbone_upgrade/experiments/results/trainable_matched/predictions/beijing_48h_6h_station1013_seed2049_center_lstm_h48.npz
beijing_48h_12h_station1013_seed2047_center_lstm_h48,beijing,48,12,1013,2047,lstm,,center_lstm_h48,,,,,completed,16.0,0.7717462778091431,5.048454392999702,0.0121575850007502,,test,,1,9.0,10380.0,10380.0,10380.0,predictions/beijing_48h_12h_station1013_seed2047_center_lstm_h48.npz,checkpoints/beijing_48h_12h_station1013_seed2047_center_lstm_h48.pt,training_logs/beijing_48h_12h_station1013_seed2047_center_lstm_h48.csv,0.519627571105957,0.7208519758632538,0.4744152426719665,53.67657470703125,35.32623672485352,47.41899108886719,False,,,57.32188415527344,35.63805389404297,-6.359367808580364,True,center_lstm_h48,48.0,experiments/results/baseline_v2/reused/backbone_upgrade/experiments/results/trainable_matched/predictions/beijing_48h_12h_station1013_seed2047_center_lstm_h48.npz
beijing_48h_12h_station1013_seed2048_center_lstm_h48,beijing,48,12,1013,2048,lstm,,center_lstm_h48,,,,,completed,18.0,0.820533275604248,4.120658255998933,0.0121897270000772,,test,,1,9.0,10380.0,10380.0,10380.0,predictions/beijing_48h_12h_station1013_seed2048_center_lstm_h48.npz,checkpoints/beijing_48h_12h_station1013_seed2048_center_lstm_h48.pt,training_logs/beijing_48h_12h_station1013_seed2048_center_lstm_h48.csv,0.5392078757286072,0.734307752736281,0.4693290591239929,54.67852783203125,34.94750213623047,45.829322814941406,False,,,52.859134674072266,33.03700637817383,3.441965460042629,False,center_lstm_h48,48.0,experiments/results/baseline_v2/reused/backbone_upgrade/experiments/results/trainable_matched/predictions/beijing_48h_12h_station1013_seed2048_center_lstm_h48.npz
beijing_48h_12h_station1013_seed2049_center_lstm_h48,beijing,48,12,1013,2049,lstm,,center_lstm_h48,,,,,completed,19.0,0.8062047362327576,4.282932081998297,0.011980310000581,,test,,1,9.0,10380.0,10380.0,10380.0,predictions/beijing_48h_12h_station1013_seed2049_center_lstm_h48.npz,checkpoints/beijing_48h_12h_station1013_seed2049_center_lstm_h48.pt,training_logs/beijing_48h_12h_station1013_seed2049_center_lstm_h48.csv,0.5033532977104187,0.7094739584441551,0.4561289250850677,52.8293342590332,33.96458435058594,45.9480094909668,False,,,55.133583068847656,34.52684020996094,-4.179392452939326,True,center_lstm_h48,48.0,experiments/results/baseline_v2/reused/backbone_upgrade/experiments/results/trainable_matched/predictions/beijing_48h_12h_station1013_seed2049_center_lstm_h48.npz
beijing_48h_24h_station1013_seed2047_center_lstm_h48,beijing,48,24,1013,2047,lstm,,center_lstm_h48,,,,,completed,14.0,1.2039740085601809,5.219401430000289,0.4946352789993398,,test,,1,9.0,10968.0,10968.0,10968.0,predictions/beijing_48h_24h_station1013_seed2047_center_lstm_h48.npz,checkpoints/beijing_48h_24h_station1013_seed2047_center_lstm_h48.pt,training_logs/beijing_48h_24h_station1013_seed2047_center_lstm_h48.csv,0.6739202737808228,0.8209264728225194,0.5663661956787109,61.109317779541016,42.15998840332031,55.26792526245117,False,,,69.85392761230469,46.93188095092773,-12.518422559282579,True,center_lstm_h48,48.0,experiments/results/baseline_v2/reused/backbone_upgrade/experiments/results/trainable_matched/predictions/beijing_48h_24h_station1013_seed2047_center_lstm_h48.npz
beijing_48h_24h_station1013_seed2048_center_lstm_h48,beijing,48,24,1013,2048,lstm,,center_lstm_h48,,,,,completed,20.0,1.136893630027771,4.455088663000424,0.0122271059990453,,test,,1,9.0,10968.0,10968.0,10968.0,predictions/beijing_48h_24h_station1013_seed2048_center_lstm_h48.npz,checkpoints/beijing_48h_24h_station1013_seed2048_center_lstm_h48.pt,training_logs/beijing_48h_24h_station1013_seed2048_center_lstm_h48.csv,0.7226877212524414,0.8501104170944157,0.5870130658149719,63.2817497253418,43.69693374633789,57.19218444824219,False,,,68.12368774414062,45.795066833496094,-7.107568863541577,True,center_lstm_h48,48.0,experiments/results/baseline_v2/reused/backbone_upgrade/experiments/results/trainable_matched/predictions/beijing_48h_24h_station1013_seed2048_center_lstm_h48.npz
beijing_48h_24h_station1013_seed2049_center_lstm_h48,beijing,48,24,1013,2049,lstm,,center_lstm_h48,,,,,completed,21.0,1.1908689737319946,4.634960125000362,0.0122464249998301,,test,,1,9.0,10968.0,10968.0,10968.0,predictions/beijing_48h_24h_station1013_seed2049_center_lstm_h48.npz,checkpoints/beijing_48h_24h_station1013_seed2049_center_lstm_h48.pt,training_logs/beijing_48h_24h_station1013_seed2049_center_lstm_h48.csv,0.7141544818878174,0.845076613028557,0.5858040452003479,62.907039642333984,43.606929779052734,57.03602981567383,False,,,70.52690887451172,47.815460205078125,-10.804201337869126,True,center_lstm_h48,48.0,experiments/results/baseline_v2/reused/backbone_upgrade/experiments/results/trainable_matched/predictions/beijing_48h_24h_station1013_seed2049_center_lstm_h48.npz
beijing_72h_1h_station1013_seed2047_center_lstm_h48,beijing,72,1,1013,2047,lstm,,center_lstm_h48,,,,,completed,30.0,0.112101711332798,4.330880603998594,0.0110034080007608,,test,,1,9.0,9841.0,9841.0,9841.0,predictions/beijing_72h_1h_station1013_seed2047_center_lstm_h48.npz,checkpoints/beijing_72h_1h_station1013_seed2047_center_lstm_h48.pt,training_logs/beijing_72h_1h_station1013_seed2047_center_lstm_h48.csv,0.0814764872193336,0.2854408646626016,0.1412652432918548,21.24806404113769,10.515707969665527,16.346662521362305,False,,,21.06454849243164,10.74881076812744,0.8712057074092384,False,center_lstm_h48,48.0,experiments/results/baseline_v2/reused/backbone_upgrade/experiments/results/trainable_matched/predictions/beijing_72h_1h_station1013_seed2047_center_lstm_h48.npz
beijing_72h_1h_station1013_seed2048_center_lstm_h48,beijing,72,1,1013,2048,lstm,,center_lstm_h48,,,,,completed,30.0,0.1142683327198028,4.337990506999631,0.0111684020012035,,test,,1,9.0,9841.0,9841.0,9841.0,predictions/beijing_72h_1h_station1013_seed2048_center_lstm_h48.npz,checkpoints/beijing_72h_1h_station1013_seed2048_center_lstm_h48.pt,training_logs/beijing_72h_1h_station1013_seed2048_center_lstm_h48.csv,0.0835354775190353,0.2890250465254445,0.1419157534837722,21.514867782592773,10.564130783081056,16.453609466552734,False,,,20.968732833862305,10.600374221801758,2.6045205166070793,False,center_lstm_h48,48.0,experiments/results/baseline_v2/reused/backbone_upgrade/experiments/results/trainable_matched/predictions/beijing_72h_1h_station1013_seed2048_center_lstm_h48.npz
beijing_72h_1h_station1013_seed2049_center_lstm_h48,beijing,72,1,1013,2049,lstm,,center_lstm_h48,,,,,completed,30.0,0.1197064965963363,4.336362371999712,0.0111807260000205,,test,,1,9.0,9841.0,9841.0,9841.0,predictions/beijing_72h_1h_station1013_seed2049_center_lstm_h48.npz,checkpoints/beijing_72h_1h_station1013_seed2049_center_lstm_h48.pt,training_logs/beijing_72h_1h_station1013_seed2049_center_lstm_h48.csv,0.0861323550343513,0.2934831426749266,0.147070974111557,21.846725463867188,10.947882652282717,17.81098175048828,False,,,21.28269386291504,10.951455116271973,2.6501889496938635,False,center_lstm_h48,48.0,experiments/results/baseline_v2/reused/backbone_upgrade/experiments/results/trainable_matched/predictions/beijing_72h_1h_station1013_seed2049_center_lstm_h48.npz
beijing_72h_3h_station1013_seed2047_center_lstm_h48,beijing,72,3,1013,2047,lstm,,center_lstm_h48,,,,,completed,30.0,0.2772461175918579,4.3077145959996415,0.0111409509991062,,test,,1,9.0,9939.0,9939.0,9939.0,predictions/beijing_72h_3h_station1013_seed2047_center_lstm_h48.npz,checkpoints/beijing_72h_3h_station1013_seed2047_center_lstm_h48.pt,training_logs/beijing_72h_3h_station1013_seed2047_center_lstm_h48.csv,0.1781167536973953,0.4220388059140952,0.2297819852828979,31.414226531982425,17.103696823120117,25.66456794738769,False,,,31.00885581970215,17.128154754638672,1.3072740079068508,False,center_lstm_h48,48.0,experiments/results/baseline_v2/reused/backbone_upgrade/experiments/results/trainable_matched/predictions/beijing_72h_3h_station1013_seed2047_center_lstm_h48.npz
beijing_72h_3h_station1013_seed2048_center_lstm_h48,beijing,72,3,1013,2048,lstm,,center_lstm_h48,,,,,completed,30.0,0.2831385433673858,4.350334070999452,0.0110516540007665,,test,,1,9.0,9939.0,9939.0,9939.0,predictions/beijing_72h_3h_station1013_seed2048_center_lstm_h48.npz,checkpoints/beijing_72h_3h_station1013_seed2048_center_lstm_h48.pt,training_logs/beijing_72h_3h_station1013_seed2048_center_lstm_h48.csv,0.1811317205429077,0.4255957243005476,0.2336036264896392,31.678985595703125,17.38815689086914,25.72658348083496,False,,,31.21354103088379,16.76036262512207,1.491162327141315,False,center_lstm_h48,48.0,experiments/results/baseline_v2/reused/backbone_upgrade/experiments/results/trainable_matched/predictions/beijing_72h_3h_station1013_seed2048_center_lstm_h48.npz
beijing_72h_3h_station1013_seed2049_center_lstm_h48,beijing,72,3,1013,2049,lstm,,center_lstm_h48,,,,,completed,30.0,0.2790496051311493,4.314482974001294,0.0112022369994519,,test,,1,9.0,9939.0,9939.0,9939.0,predictions/beijing_72h_3h_station1013_seed2049_center_lstm_h48.npz,checkpoints/beijing_72h_3h_station1013_seed2049_center_lstm_h48.pt,training_logs/beijing_72h_3h_station1013_seed2049_center_lstm_h48.csv,0.1778342574834823,0.4217039927288836,0.2323341965675354,31.389307022094727,17.293670654296875,25.600454330444336,False,,,31.59510612487793,17.138343811035156,-0.6513638598642253,True,center_lstm_h48,48.0,experiments/results/baseline_v2/reused/backbone_upgrade/experiments/results/trainable_matched/predictions/beijing_72h_3h_station1013_seed2049_center_lstm_h48.npz
beijing_72h_6h_station1013_seed2047_center_lstm_h48,beijing,72,6,1013,2047,lstm,,center_lstm_h48,,,,,completed,27.0,0.5071384906768799,4.317622415999722,0.0110821590005798,,test,,1,9.0,10086.0,10086.0,10086.0,predictions/beijing_72h_6h_station1013_seed2047_center_lstm_h48.npz,checkpoints/beijing_72h_6h_station1013_seed2047_center_lstm_h48.pt,training_logs/beijing_72h_6h_station1013_seed2047_center_lstm_h48.csv,0.3024887442588806,0.5499897674128862,0.3263590931892395,40.93547821044922,24.290748596191406,34.17430114746094,False,,,41.74861526489258,24.63315200805664,-1.9476982632455022,True,center_lstm_h48,48.0,experiments/results/baseline_v2/reused/backbone_upgrade/experiments/results/trainable_matched/predictions/beijing_72h_6h_station1013_seed2047_center_lstm_h48.npz
beijing_72h_6h_station1013_seed2048_center_lstm_h48,beijing,72,6,1013,2048,lstm,,center_lstm_h48,,,,,completed,28.0,0.5010331869125366,4.315700753000783,0.0110224220006784,,test,,1,9.0,10086.0,10086.0,10086.0,predictions/beijing_72h_6h_station1013_seed2048_center_lstm_h48.npz,checkpoints/beijing_72h_6h_station1013_seed2048_center_lstm_h48.pt,training_logs/beijing_72h_6h_station1013_seed2048_center_lstm_h48.csv,0.2992975413799286,0.5470809276331323,0.3321526348590851,40.718971252441406,24.72196388244629,35.74589920043945,False,,,41.156280517578125,24.216215133666992,-1.062557791027644,True,center_lstm_h48,48.0,experiments/results/baseline_v2/reused/backbone_upgrade/experiments/results/trainable_matched/predictions/beijing_72h_6h_station1013_seed2048_center_lstm_h48.npz
beijing_72h_6h_station1013_seed2049_center_lstm_h48,beijing,72,6,1013,2049,lstm,,center_lstm_h48,,,,,completed,27.0,0.4931902289390564,4.319049731000632,0.0110696840001764,,test,,1,9.0,10086.0,10086.0,10086.0,predictions/beijing_72h_6h_station1013_seed2049_center_lstm_h48.npz,checkpoints/beijing_72h_6h_station1013_seed2049_center_lstm_h48.pt,training_logs/beijing_72h_6h_station1013_seed2049_center_lstm_h48.csv,0.313747376203537,0.560131570439961,0.3384720087051391,41.69032287597656,25.192310333251957,35.65239334106445,False,,,41.276737213134766,24.22653007507324,1.0019824500813228,False,center_lstm_h48,48.0,experiments/results/baseline_v2/reused/backbone_upgrade/experiments/results/trainable_matched/predictions/beijing_72h_6h_station1013_seed2049_center_lstm_h48.npz
beijing_72h_12h_station1013_seed2047_center_lstm_h48,beijing,72,12,1013,2047,lstm,,center_lstm_h48,,,,,completed,28.0,0.8032495379447937,4.302791011999943,0.0113208350012428,,test,,1,9.0,10380.0,10380.0,10380.0,predictions/beijing_72h_12h_station1013_seed2047_center_lstm_h48.npz,checkpoints/beijing_72h_12h_station1013_seed2047_center_lstm_h48.pt,training_logs/beijing_72h_12h_station1013_seed2047_center_lstm_h48.csv,0.4922807812690735,0.7016272381179863,0.4536187052726745,52.22020721435547,33.7616081237793,45.97225189208984,False,,,56.09211349487305,35.244869232177734,-6.902764112946965,True,center_lstm_h48,48.0,experiments/results/baseline_v2/reused/backbone_upgrade/experiments/results/trainable_matched/predictions/beijing_72h_12h_station1013_seed2047_center_lstm_h48.npz
beijing_72h_12h_station1013_seed2048_center_lstm_h48,beijing,72,12,1013,2048,lstm,,center_lstm_h48,,,,,completed,23.0,0.8102877140045166,4.172637839999879,0.0112072659994737,,test,,1,9.0,10380.0,10380.0,10380.0,predictions/beijing_72h_12h_station1013_seed2048_center_lstm_h48.npz,checkpoints/beijing_72h_12h_station1013_seed2048_center_lstm_h48.pt,training_logs/beijing_72h_12h_station1013_seed2048_center_lstm_h48.csv,0.5003818869590759,0.7073767645032426,0.4620766937732696,52.64812850952149,34.391109466552734,46.29171371459961,False,,,55.03749084472656,34.67401123046875,-4.341335875841456,True,center_lstm_h48,48.0,experiments/results/baseline_v2/reused/backbone_upgrade/experiments/results/trainable_matched/predictions/beijing_72h_12h_station1013_seed2048_center_lstm_h48.npz
beijing_72h_12h_station1013_seed2049_center_lstm_h48,beijing,72,12,1013,2049,lstm,,center_lstm_h48,,,,,completed,29.0,0.7968674898147583,4.3094541399987065,0.0112846980009635,,test,,1,9.0,10380.0,10380.0,10380.0,predictions/beijing_72h_12h_station1013_seed2049_center_lstm_h48.npz,checkpoints/beijing_72h_12h_station1013_seed2049_center_lstm_h48.pt,training_logs/beijing_72h_12h_station1013_seed2049_center_lstm_h48.csv,0.5000953078269958,0.7071741707860913,0.4629579484462738,52.63304901123047,34.456695556640625,46.982791900634766,False,,,54.70387268066406,35.244651794433594,-3.7855156645345853,True,center_lstm_h48,48.0,experiments/results/baseline_v2/reused/backbone_upgrade/experiments/results/trainable_matched/predictions/beijing_72h_12h_station1013_seed2049_center_lstm_h48.npz
beijing_72h_24h_station1013_seed2047_center_lstm_h48,beijing,72,24,1013,2047,lstm,,center_lstm_h48,,,,,completed,20.0,1.1959073543548584,3.781399596000483,0.0112837090000539,,test,,1,9.0,10968.0,10968.0,10968.0,predictions/beijing_72h_24h_station1013_seed2047_center_lstm_h48.npz,checkpoints/beijing_72h_24h_station1013_seed2047_center_lstm_h48.pt,training_logs/beijing_72h_24h_station1013_seed2047_center_lstm_h48.csv,0.6995730400085449,0.8364048302159337,0.5809939503669739,62.23759460449219,43.23225784301758,55.67359924316406,False,,,65.6296157836914,44.675662994384766,-5.1684306523734325,True,center_lstm_h48,48.0,experiments/results/baseline_v2/reused/backbone_upgrade/experiments/results/trainable_matched/predictions/beijing_72h_24h_station1013_seed2047_center_lstm_h48.npz
beijing_72h_24h_station1013_seed2048_center_lstm_h48,beijing,72,24,1013,2048,lstm,,center_lstm_h48,,,,,completed,20.0,1.230700969696045,3.7486784100001382,0.0113484480007173,,test,,1,9.0,10968.0,10968.0,10968.0,predictions/beijing_72h_24h_station1013_seed2048_center_lstm_h48.npz,checkpoints/beijing_72h_24h_station1013_seed2048_center_lstm_h48.pt,training_logs/beijing_72h_24h_station1013_seed2048_center_lstm_h48.csv,0.6906168460845947,0.8310336010562959,0.5815864205360413,61.83791732788086,43.27634048461914,56.64045715332031,False,,,64.7675552368164,43.77329254150391,-4.523310935890052,True,center_lstm_h48,48.0,experiments/results/baseline_v2/reused/backbone_upgrade/experiments/results/trainable_matched/predictions/beijing_72h_24h_station1013_seed2048_center_lstm_h48.npz
beijing_72h_24h_station1013_seed2049_center_lstm_h48,beijing,72,24,1013,2049,lstm,,center_lstm_h48,,,,,completed,20.0,1.198952078819275,3.7382311609999306,0.0112484090004727,,test,,1,9.0,10968.0,10968.0,10968.0,predictions/beijing_72h_24h_station1013_seed2049_center_lstm_h48.npz,checkpoints/beijing_72h_24h_station1013_seed2049_center_lstm_h48.pt,training_logs/beijing_72h_24h_station1013_seed2049_center_lstm_h48.csv,0.7035319209098816,0.8387680972175096,0.5803963541984558,62.41344451904297,43.18778610229492,57.20820999145508,False,,,68.50748443603516,46.28374862670898,-8.89543670616331,True,center_lstm_h48,48.0,experiments/results/baseline_v2/reused/backbone_upgrade/experiments/results/trainable_matched/predictions/beijing_72h_24h_station1013_seed2049_center_lstm_h48.npz
beijing_168h_1h_station1013_seed2047_center_lstm_h48,beijing,168,1,1013,2047,lstm,,center_lstm_h48,,,,,completed,30.0,0.1077371314167976,9.384573450999596,0.512643553000089,,test,,1,9.0,9841.0,9841.0,9841.0,predictions/beijing_168h_1h_station1013_seed2047_center_lstm_h48.npz,checkpoints/beijing_168h_1h_station1013_seed2047_center_lstm_h48.pt,training_logs/beijing_168h_1h_station1013_seed2047_center_lstm_h48.csv,0.0820424705743789,0.2864305685054913,0.141781210899353,21.29087829589844,10.53884220123291,16.961862564086914,False,,,21.871671676635746,11.994721412658691,-2.655459488072569,True,center_lstm_h48,48.0,experiments/results/baseline_v2/reused/backbone_upgrade/experiments/results/trainable_matched/predictions/beijing_168h_1h_station1013_seed2047_center_lstm_h48.npz
beijing_168h_1h_station1013_seed2048_center_lstm_h48,beijing,168,1,1013,2048,lstm,,center_lstm_h48,,,,,completed,30.0,0.1118533462285995,9.393602037000164,0.024689687999853,,test,,1,9.0,9841.0,9841.0,9841.0,predictions/beijing_168h_1h_station1013_seed2048_center_lstm_h48.npz,checkpoints/beijing_168h_1h_station1013_seed2048_center_lstm_h48.pt,training_logs/beijing_168h_1h_station1013_seed2048_center_lstm_h48.csv,0.0847426652908325,0.2911059348258508,0.1457664221525192,21.63840675354004,10.835070610046388,16.450775146484375,False,,,21.76912498474121,11.43486213684082,-0.6004753580715676,True,center_lstm_h48,48.0,experiments/results/baseline_v2/reused/backbone_upgrade/experiments/results/trainable_matched/predictions/beijing_168h_1h_station1013_seed2048_center_lstm_h48.npz
beijing_168h_1h_station1013_seed2049_center_lstm_h48,beijing,168,1,1013,2049,lstm,,center_lstm_h48,,,,,completed,30.0,0.1159137487411499,9.363443242000358,0.0249515430004976,,test,,1,9.0,9841.0,9841.0,9841.0,predictions/beijing_168h_1h_station1013_seed2049_center_lstm_h48.npz,checkpoints/beijing_168h_1h_station1013_seed2049_center_lstm_h48.pt,training_logs/beijing_168h_1h_station1013_seed2049_center_lstm_h48.csv,0.0863165482878685,0.2937967805947991,0.1500837951898574,21.83842086791992,11.155988693237305,18.46215057373047,False,,,22.61062812805176,12.07103443145752,-3.415240194825937,True,center_lstm_h48,48.0,experiments/results/baseline_v2/reused/backbone_upgrade/experiments/results/trainable_matched/predictions/beijing_168h_1h_station1013_seed2049_center_lstm_h48.npz
beijing_168h_3h_station1013_seed2047_center_lstm_h48,beijing,168,3,1013,2047,lstm,,center_lstm_h48,,,,,completed,30.0,0.2708942592144012,9.405598858000303,0.0246549460007372,,test,,1,9.0,9939.0,9939.0,9939.0,predictions/beijing_168h_3h_station1013_seed2047_center_lstm_h48.npz,checkpoints/beijing_168h_3h_station1013_seed2047_center_lstm_h48.pt,training_logs/beijing_168h_3h_station1013_seed2047_center_lstm_h48.csv,0.179625853896141,0.4238229039305698,0.2309062778949737,31.503026962280277,17.163410186767578,25.728458404541016,False,,,31.7686710357666,18.36850929260254,-0.8361825182654021,True,center_lstm_h48,48.0,experiments/results/baseline_v2/reused/backbone_upgrade/experiments/results/trainable_matched/predictions/beijing_168h_3h_station1013_seed2047_center_lstm_h48.npz
beijing_168h_3h_station1013_seed2048_center_lstm_h48,beijing,168,3,1013,2048,lstm,,center_lstm_h48,,,,,completed,29.0,0.2799397110939026,9.409771172000546,0.024750712000241,,test,,1,9.0,9939.0,9939.0,9939.0,predictions/beijing_168h_3h_station1013_seed2048_center_lstm_h48.npz,checkpoints/beijing_168h_3h_station1013_seed2048_center_lstm_h48.pt,training_logs/beijing_168h_3h_station1013_seed2048_center_lstm_h48.csv,0.1884607076644897,0.4341206141897545,0.2439224272966385,32.268463134765625,18.130908966064453,27.817291259765625,False,,,31.73417854309082,18.07464408874512,1.6836250887960336,False,center_lstm_h48,48.0,experiments/results/baseline_v2/reused/backbone_upgrade/experiments/results/trainable_matched/predictions/beijing_168h_3h_station1013_seed2048_center_lstm_h48.npz
beijing_168h_3h_station1013_seed2049_center_lstm_h48,beijing,168,3,1013,2049,lstm,,center_lstm_h48,,,,,completed,30.0,0.2724993228912353,9.399558170000091,0.0247288410009787,,test,,1,9.0,9939.0,9939.0,9939.0,predictions/beijing_168h_3h_station1013_seed2049_center_lstm_h48.npz,checkpoints/beijing_168h_3h_station1013_seed2049_center_lstm_h48.pt,training_logs/beijing_168h_3h_station1013_seed2049_center_lstm_h48.csv,0.1836978495121002,0.4285998711060238,0.2369148582220077,31.85810089111328,17.610031127929688,26.21906089782715,False,,,32.07843780517578,18.52771759033203,-0.6868692153922444,True,center_lstm_h48,48.0,experiments/results/baseline_v2/reused/backbone_upgrade/experiments/results/trainable_matched/predictions/beijing_168h_3h_station1013_seed2049_center_lstm_h48.npz
beijing_168h_6h_station1013_seed2047_center_lstm_h48,beijing,168,6,1013,2047,lstm,,center_lstm_h48,,,,,completed,28.0,0.4937947392463684,9.397087744999226,0.0246693839999352,,test,,1,9.0,10086.0,10086.0,10086.0,predictions/beijing_168h_6h_station1013_seed2047_center_lstm_h48.npz,checkpoints/beijing_168h_6h_station1013_seed2047_center_lstm_h48.pt,training_logs/beijing_168h_6h_station1013_seed2047_center_lstm_h48.csv,0.3013878166675567,0.5489879931907042,0.3261969685554504,40.80662536621094,24.246427536010746,34.51070022583008,False,,,42.01683807373047,25.93600273132324,-2.8803040947438014,True,center_lstm_h48,48.0,experiments/results/baseline_v2/reused/backbone_upgrade/experiments/results/trainable_matched/predictions/beijing_168h_6h_station1013_seed2047_center_lstm_h48.npz
beijing_168h_6h_station1013_seed2048_center_lstm_h48,beijing,168,6,1013,2048,lstm,,center_lstm_h48,,,,,completed,28.0,0.4814631640911102,9.418558244000453,0.0248366739997436,,test,,1,9.0,10086.0,10086.0,10086.0,predictions/beijing_168h_6h_station1013_seed2048_center_lstm_h48.npz,checkpoints/beijing_168h_6h_station1013_seed2048_center_lstm_h48.pt,training_logs/beijing_168h_6h_station1013_seed2048_center_lstm_h48.csv,0.3125879764556885,0.5590956773716718,0.3344822824001312,41.55793762207031,24.862279891967773,35.38797378540039,False,,,42.51594543457031,26.329206466674805,-2.2532906247476516,True,center_lstm_h48,48.0,experiments/results/baseline_v2/reused/backbone_upgrade/experiments/results/trainable_matched/predictions/beijing_168h_6h_station1013_seed2048_center_lstm_h48.npz
beijing_168h_6h_station1013_seed2049_center_lstm_h48,beijing,168,6,1013,2049,lstm,,center_lstm_h48,,,,,completed,29.0,0.4791755676269531,9.396027485001468,0.0246718990001681,,test,,1,9.0,10086.0,10086.0,10086.0,predictions/beijing_168h_6h_station1013_seed2049_center_lstm_h48.npz,checkpoints/beijing_168h_6h_station1013_seed2049_center_lstm_h48.pt,training_logs/beijing_168h_6h_station1013_seed2049_center_lstm_h48.csv,0.3135143518447876,0.5599235232107931,0.3375712633132934,41.61947250366211,25.09188842773437,35.63063430786133,False,,,42.00048828125,26.010665893554688,-0.9071698763035214,True,center_lstm_h48,48.0,experiments/results/baseline_v2/reused/backbone_upgrade/experiments/results/trainable_matched/predictions/beijing_168h_6h_station1013_seed2049_center_lstm_h48.npz
beijing_168h_6h_station1013_seed2050_center_lstm_h48,beijing,168,6,1013,2050,lstm,,center_lstm_h48,,,,,completed,28.0,0.492161363363266,9.437930609999968,0.0248064349998458,,test,,1,9.0,10086.0,10086.0,10086.0,predictions/beijing_168h_6h_station1013_seed2050_center_lstm_h48.npz,checkpoints/beijing_168h_6h_station1013_seed2050_center_lstm_h48.pt,training_logs/beijing_168h_6h_station1013_seed2050_center_lstm_h48.csv,0.3047243058681488,0.5520183926900886,0.3301840126514435,41.03187942504883,24.54278945922852,34.874595642089844,False,,,42.20603942871094,26.009906768798828,-2.7819715366691793,True,center_lstm_h48,48.0,experiments/results/baseline_v2/reused/backbone_upgrade/experiments/results/trainable_matched/predictions/beijing_168h_6h_station1013_seed2050_center_lstm_h48.npz
beijing_168h_6h_station1013_seed2051_center_lstm_h48,beijing,168,6,1013,2051,lstm,,center_lstm_h48,,,,,completed,30.0,0.4839445650577545,9.400206684000295,0.0248886669996863,,test,,1,9.0,10086.0,10086.0,10086.0,predictions/beijing_168h_6h_station1013_seed2051_center_lstm_h48.npz,checkpoints/beijing_168h_6h_station1013_seed2051_center_lstm_h48.pt,training_logs/beijing_168h_6h_station1013_seed2051_center_lstm_h48.csv,0.2964667379856109,0.5444875921319153,0.3292009234428406,40.47210693359375,24.46971321105957,35.66569519042969,False,,,41.76411056518555,25.687108993530277,-3.0935739181497324,True,center_lstm_h48,48.0,experiments/results/baseline_v2/reused/backbone_upgrade/experiments/results/trainable_matched/predictions/beijing_168h_6h_station1013_seed2051_center_lstm_h48.npz
beijing_168h_12h_station1013_seed2047_center_lstm_h48,beijing,168,12,1013,2047,lstm,,center_lstm_h48,,,,,completed,20.0,0.8380321264266968,8.164969939000002,0.0250635640004475,,test,,1,9.0,10380.0,10380.0,10380.0,predictions/beijing_168h_12h_station1013_seed2047_center_lstm_h48.npz,checkpoints/beijing_168h_12h_station1013_seed2047_center_lstm_h48.pt,training_logs/beijing_168h_12h_station1013_seed2047_center_lstm_h48.csv,0.5090571641921997,0.7134824203806284,0.4707242548465729,53.04008102416992,34.993507385253906,47.2855339050293,False,,,54.23294448852539,36.208377838134766,-2.1995181630011897,True,center_lstm_h48,48.0,experiments/results/baseline_v2/reused/backbone_upgrade/experiments/results/trainable_matched/predictions/beijing_168h_12h_station1013_seed2047_center_lstm_h48.npz
beijing_168h_12h_station1013_seed2048_center_lstm_h48,beijing,168,12,1013,2048,lstm,,center_lstm_h48,,,,,completed,24.0,0.808219313621521,9.388265380999655,0.0251426459999493,,test,,1,9.0,10380.0,10380.0,10380.0,predictions/beijing_168h_12h_station1013_seed2048_center_lstm_h48.npz,checkpoints/beijing_168h_12h_station1013_seed2048_center_lstm_h48.pt,training_logs/beijing_168h_12h_station1013_seed2048_center_lstm_h48.csv,0.4953686892986297,0.7038243312777911,0.4655540883541107,52.32210540771485,34.609161376953125,47.34170913696289,False,,,55.16896057128906,36.87693405151367,-5.160247962068308,True,center_lstm_h48,48.0,experiments/results/baseline_v2/reused/backbone_upgrade/experiments/results/trainable_matched/predictions/beijing_168h_12h_station1013_seed2048_center_lstm_h48.npz
beijing_168h_12h_station1013_seed2049_center_lstm_h48,beijing,168,12,1013,2049,lstm,,center_lstm_h48,,,,,completed,21.0,0.8208843469619751,8.442560283001512,0.0250236860010772,,test,,1,9.0,10380.0,10380.0,10380.0,predictions/beijing_168h_12h_station1013_seed2049_center_lstm_h48.npz,checkpoints/beijing_168h_12h_station1013_seed2049_center_lstm_h48.pt,training_logs/beijing_168h_12h_station1013_seed2049_center_lstm_h48.csv,0.492190808057785,0.7015631176578377,0.4562593400478363,52.15400695800781,33.91819381713867,45.54951858520508,False,,,58.07843780517578,38.81656646728516,-10.200740706975422,True,center_lstm_h48,48.0,experiments/results/baseline_v2/reused/backbone_upgrade/experiments/results/trainable_matched/predictions/beijing_168h_12h_station1013_seed2049_center_lstm_h48.npz
beijing_168h_24h_station1013_seed2047_center_lstm_h48,beijing,168,24,1013,2047,lstm,,center_lstm_h48,,,,,completed,17.0,1.2162508964538574,7.184843535000255,0.0251568900002894,,test,,1,9.0,10968.0,10968.0,10968.0,predictions/beijing_168h_24h_station1013_seed2047_center_lstm_h48.npz,checkpoints/beijing_168h_24h_station1013_seed2047_center_lstm_h48.pt,training_logs/beijing_168h_24h_station1013_seed2047_center_lstm_h48.csv,0.6944788694381714,0.8333539880735985,0.5713702440261841,61.98590087890625,42.49922180175781,55.531734466552734,False,,,67.65840148925781,47.55368041992188,-8.384029899453346,True,center_lstm_h48,48.0,experiments/results/baseline_v2/reused/backbone_upgrade/experiments/results/trainable_matched/predictions/beijing_168h_24h_station1013_seed2047_center_lstm_h48.npz
beijing_168h_24h_station1013_seed2048_center_lstm_h48,beijing,168,24,1013,2048,lstm,,center_lstm_h48,,,,,completed,19.0,1.12370765209198,7.804295253999953,0.024864550001439,,test,,1,9.0,10968.0,10968.0,10968.0,predictions/beijing_168h_24h_station1013_seed2048_center_lstm_h48.npz,checkpoints/beijing_168h_24h_station1013_seed2048_center_lstm_h48.pt,training_logs/beijing_168h_24h_station1013_seed2048_center_lstm_h48.csv,0.6982157826423645,0.8355930723996965,0.5817694067955017,62.152442932128906,43.272727966308594,56.19318389892578,False,,,72.7971420288086,50.40897750854492,-14.622413462972455,True,center_lstm_h48,48.0,experiments/results/baseline_v2/reused/backbone_upgrade/experiments/results/trainable_matched/predictions/beijing_168h_24h_station1013_seed2048_center_lstm_h48.npz
beijing_168h_24h_station1013_seed2049_center_lstm_h48,beijing,168,24,1013,2049,lstm,,center_lstm_h48,,,,,completed,24.0,1.1515244245529177,9.336689498999476,0.025118322999333,,test,,1,9.0,10968.0,10968.0,10968.0,predictions/beijing_168h_24h_station1013_seed2049_center_lstm_h48.npz,checkpoints/beijing_168h_24h_station1013_seed2049_center_lstm_h48.pt,training_logs/beijing_168h_24h_station1013_seed2049_center_lstm_h48.csv,0.7474811673164368,0.8645699319988157,0.6026794910430908,64.30777740478516,44.82804107666016,57.47445297241211,False,,,66.645751953125,46.83631896972656,-3.508062374304439,True,center_lstm_h48,48.0,experiments/results/baseline_v2/reused/backbone_upgrade/experiments/results/trainable_matched/predictions/beijing_168h_24h_station1013_seed2049_center_lstm_h48.npz
beijing_24h_1h_station1013_seed2047_center_lstm_h64,beijing,24,1,1013,2047,lstm,,center_lstm_h64,,,,,completed,37.0,0.0971147492527961,3.527699104000021,0.0105304059998161,,test,,1,9.0,17217.0,17217.0,17217.0,predictions/beijing_24h_1h_station1013_seed2047_center_lstm_h64.npz,checkpoints/beijing_24h_1h_station1013_seed2047_center_lstm_h64.pt,training_logs/beijing_24h_1h_station1013_seed2047_center_lstm_h64.csv,0.0792621970176696,0.281535427642188,0.1365372687578201,20.97994041442871,10.174717903137209,17.365211486816406,False,,,20.988380432128903,10.146111488342283,-0.040212810738230305,True,center_lstm_h64,64.0,experiments/results/baseline_v2/reused/backbone_upgrade/experiments/results/trainable_matched/predictions/beijing_24h_1h_station1013_seed2047_center_lstm_h64.npz
beijing_24h_1h_station1013_seed2048_center_lstm_h64,beijing,24,1,1013,2048,lstm,,center_lstm_h64,,,,,completed,35.0,0.0981338769197464,3.517662432999714,0.0064632489993528,,test,,1,9.0,17217.0,17217.0,17217.0,predictions/beijing_24h_1h_station1013_seed2048_center_lstm_h64.npz,checkpoints/beijing_24h_1h_station1013_seed2048_center_lstm_h64.pt,training_logs/beijing_24h_1h_station1013_seed2048_center_lstm_h64.csv,0.0779077485203743,0.2791195953715437,0.1331379115581512,20.79991340637207,9.921399116516112,16.39136505126953,False,,,20.778905868530277,10.011322021484377,0.10110030804658156,False,center_lstm_h64,64.0,experiments/results/baseline_v2/reused/backbone_upgrade/experiments/results/trainable_matched/predictions/beijing_24h_1h_station1013_seed2048_center_lstm_h64.npz
beijing_24h_1h_station1013_seed2049_center_lstm_h64,beijing,24,1,1013,2049,lstm,,center_lstm_h64,,,,,completed,33.0,0.097812108695507,3.5053510019988607,0.0066909689994645,,test,,1,9.0,17217.0,17217.0,17217.0,predictions/beijing_24h_1h_station1013_seed2049_center_lstm_h64.npz,checkpoints/beijing_24h_1h_station1013_seed2049_center_lstm_h64.pt,training_logs/beijing_24h_1h_station1013_seed2049_center_lstm_h64.csv,0.0773587003350257,0.278134320670833,0.1344400644302368,20.726490020751957,10.01843547821045,16.82362937927246,False,,,20.896221160888672,10.110241889953612,-0.8122575791569431,True,center_lstm_h64,64.0,experiments/results/baseline_v2/reused/backbone_upgrade/experiments/results/trainable_matched/predictions/beijing_24h_1h_station1013_seed2049_center_lstm_h64.npz
beijing_24h_1h_station1013_seed2050_center_lstm_h64,beijing,24,1,1013,2050,lstm,,center_lstm_h64,,,,,completed,28.0,0.0970609858632087,3.1534542239987786,0.0065850190003402,,test,,1,9.0,17217.0,17217.0,17217.0,predictions/beijing_24h_1h_station1013_seed2050_center_lstm_h64.npz,checkpoints/beijing_24h_1h_station1013_seed2050_center_lstm_h64.pt,training_logs/beijing_24h_1h_station1013_seed2050_center_lstm_h64.csv,0.0775282308459281,0.2784389176209536,0.1329310983419418,20.74918937683105,9.905987739562988,16.44644546508789,False,,,21.0170955657959,10.084884643554688,-1.2747060512055197,True,center_lstm_h64,64.0,experiments/results/baseline_v2/reused/backbone_upgrade/experiments/results/trainable_matched/predictions/beijing_24h_1h_station1013_seed2050_center_lstm_h64.npz
beijing_24h_1h_station1013_seed2051_center_lstm_h64,beijing,24,1,1013,2051,lstm,,center_lstm_h64,,,,,completed,37.0,0.0978944301605224,3.6033831810000265,0.0065120670005853,,test,,1,9.0,17217.0,17217.0,17217.0,predictions/beijing_24h_1h_station1013_seed2051_center_lstm_h64.npz,checkpoints/beijing_24h_1h_station1013_seed2051_center_lstm_h64.pt,training_logs/beijing_24h_1h_station1013_seed2051_center_lstm_h64.csv,0.0780399590730667,0.2793563299319826,0.1345411837100982,20.817554473876957,10.02596950531006,16.89829444885254,False,,,20.71529197692871,10.02131462097168,0.4936570387814895,False,center_lstm_h64,64.0,experiments/results/baseline_v2/reused/backbone_upgrade/experiments/results/trainable_matched/predictions/beijing_24h_1h_station1013_seed2051_center_lstm_h64.npz
beijing_24h_3h_station1013_seed2047_center_lstm_h64,beijing,24,3,1013,2047,lstm,,center_lstm_h64,,,,,completed,36.0,0.2535889744758606,3.669786971999201,0.0079500690007989,,test,,1,9.0,17347.0,17347.0,17347.0,predictions/beijing_24h_3h_station1013_seed2047_center_lstm_h64.npz,checkpoints/beijing_24h_3h_station1013_seed2047_center_lstm_h64.pt,training_logs/beijing_24h_3h_station1013_seed2047_center_lstm_h64.csv,0.1766833961009979,0.4203372409161457,0.2233104407787323,31.323410034179688,16.641029357910156,25.52861595153809,False,,,30.44579696655273,16.024797439575195,2.8825426005142467,False,center_lstm_h64,64.0,experiments/results/baseline_v2/reused/backbone_upgrade/experiments/results/trainable_matched/predictions/beijing_24h_3h_station1013_seed2047_center_lstm_h64.npz
beijing_24h_3h_station1013_seed2048_center_lstm_h64,beijing,24,3,1013,2048,lstm,,center_lstm_h64,,,,,completed,22.0,0.2536826729774475,2.68703617599931,0.0066437980003684,,test,,1,9.0,17347.0,17347.0,17347.0,predictions/beijing_24h_3h_station1013_seed2048_center_lstm_h64.npz,checkpoints/beijing_24h_3h_station1013_seed2048_center_lstm_h64.pt,training_logs/beijing_24h_3h_station1013_seed2048_center_lstm_h64.csv,0.1699940115213394,0.4123033004007358,0.2231276631355285,30.72472381591797,16.627410888671875,26.146883010864254,False,,,30.800689697265625,16.063575744628906,-0.24663694902390523,True,center_lstm_h64,64.0,experiments/results/baseline_v2/reused/backbone_upgrade/experiments/results/trainable_matched/predictions/beijing_24h_3h_station1013_seed2048_center_lstm_h64.npz
beijing_24h_3h_station1013_seed2049_center_lstm_h64,beijing,24,3,1013,2049,lstm,,center_lstm_h64,,,,,completed,25.0,0.2563047111034393,3.0271597169994493,0.0066342800000711,,test,,1,9.0,17347.0,17347.0,17347.0,predictions/beijing_24h_3h_station1013_seed2049_center_lstm_h64.npz,checkpoints/beijing_24h_3h_station1013_seed2049_center_lstm_h64.pt,training_logs/beijing_24h_3h_station1013_seed2049_center_lstm_h64.csv,0.1713640391826629,0.4139613981794232,0.2169768661260604,30.848285675048828,16.16905403137207,24.186359405517575,False,,,30.58614921569824,16.17045021057129,0.8570430278815512,False,center_lstm_h64,64.0,experiments/results/baseline_v2/reused/backbone_upgrade/experiments/results/trainable_matched/predictions/beijing_24h_3h_station1013_seed2049_center_lstm_h64.npz
beijing_24h_6h_station1013_seed2047_center_lstm_h64,beijing,24,6,1013,2047,lstm,,center_lstm_h64,,,,,completed,29.0,0.4700839221477508,4.57492061800076,0.0070033200008765,,test,,1,9.0,17542.0,17542.0,17542.0,predictions/beijing_24h_6h_station1013_seed2047_center_lstm_h64.npz,checkpoints/beijing_24h_6h_station1013_seed2047_center_lstm_h64.pt,training_logs/beijing_24h_6h_station1013_seed2047_center_lstm_h64.csv,0.2891036868095398,0.537683630780722,0.3122206330299377,40.06491088867188,23.26478385925293,33.19107437133789,False,,,40.0059814453125,22.94923591613769,0.14730158148960215,False,center_lstm_h64,64.0,experiments/results/baseline_v2/reused/backbone_upgrade/experiments/results/trainable_matched/predictions/beijing_24h_6h_station1013_seed2047_center_lstm_h64.npz
beijing_24h_6h_station1013_seed2048_center_lstm_h64,beijing,24,6,1013,2048,lstm,,center_lstm_h64,,,,,completed,27.0,0.4516507387161255,3.2186541959999886,0.0066181599995616,,test,,1,9.0,17542.0,17542.0,17542.0,predictions/beijing_24h_6h_station1013_seed2048_center_lstm_h64.npz,checkpoints/beijing_24h_6h_station1013_seed2048_center_lstm_h64.pt,training_logs/beijing_24h_6h_station1013_seed2048_center_lstm_h64.csv,0.2954429984092712,0.5435466846640418,0.3124500215053558,40.50178909301758,23.28187561035156,33.08060073852539,False,,,39.84638977050781,22.57869529724121,1.644814815807623,False,center_lstm_h64,64.0,experiments/results/baseline_v2/reused/backbone_upgrade/experiments/results/trainable_matched/predictions/beijing_24h_6h_station1013_seed2048_center_lstm_h64.npz
beijing_24h_6h_station1013_seed2049_center_lstm_h64,beijing,24,6,1013,2049,lstm,,center_lstm_h64,,,,,completed,22.0,0.4705823063850403,2.822232004000398,0.0066744790001393,,test,,1,9.0,17542.0,17542.0,17542.0,predictions/beijing_24h_6h_station1013_seed2049_center_lstm_h64.npz,checkpoints/beijing_24h_6h_station1013_seed2049_center_lstm_h64.pt,training_logs/beijing_24h_6h_station1013_seed2049_center_lstm_h64.csv,0.2940637171268463,0.5422764213266573,0.313176155090332,40.40713882446289,23.335981369018555,33.01969146728516,False,,,39.889404296875,22.915658950805664,1.2979249420088501,False,center_lstm_h64,64.0,experiments/results/baseline_v2/reused/backbone_upgrade/experiments/results/trainable_matched/predictions/beijing_24h_6h_station1013_seed2049_center_lstm_h64.npz
beijing_24h_12h_station1013_seed2047_center_lstm_h64,beijing,24,12,1013,2047,lstm,,center_lstm_h64,,,,,completed,14.0,0.8052036166191101,3.822154355000748,0.0066462150007282,,test,,1,9.0,17932.0,17932.0,17932.0,predictions/beijing_24h_12h_station1013_seed2047_center_lstm_h64.npz,checkpoints/beijing_24h_12h_station1013_seed2047_center_lstm_h64.pt,training_logs/beijing_24h_12h_station1013_seed2047_center_lstm_h64.csv,0.4728565812110901,0.6876456799915855,0.4444464147090912,51.23141479492188,33.112430572509766,45.55253219604492,False,,,51.547157287597656,31.825634002685547,-0.6125313388556974,True,center_lstm_h64,64.0,experiments/results/baseline_v2/reused/backbone_upgrade/experiments/results/trainable_matched/predictions/beijing_24h_12h_station1013_seed2047_center_lstm_h64.npz
beijing_24h_12h_station1013_seed2048_center_lstm_h64,beijing,24,12,1013,2048,lstm,,center_lstm_h64,,,,,completed,16.0,0.8025851249694824,2.1438265229990066,0.0065092960012407,,test,,1,9.0,17932.0,17932.0,17932.0,predictions/beijing_24h_12h_station1013_seed2048_center_lstm_h64.npz,checkpoints/beijing_24h_12h_station1013_seed2048_center_lstm_h64.pt,training_logs/beijing_24h_12h_station1013_seed2048_center_lstm_h64.csv,0.4643703699111938,0.6814472612838016,0.438739538192749,50.76961517333984,32.687252044677734,44.58973693847656,False,,,51.48316192626953,31.6285343170166,-1.3859808260253805,True,center_lstm_h64,64.0,experiments/results/baseline_v2/reused/backbone_upgrade/experiments/results/trainable_matched/predictions/beijing_24h_12h_station1013_seed2048_center_lstm_h64.npz
beijing_24h_12h_station1013_seed2049_center_lstm_h64,beijing,24,12,1013,2049,lstm,,center_lstm_h64,,,,,completed,22.0,0.7927284240722656,2.6794044649996067,0.0065848699996422,,test,,1,9.0,17932.0,17932.0,17932.0,predictions/beijing_24h_12h_station1013_seed2049_center_lstm_h64.npz,checkpoints/beijing_24h_12h_station1013_seed2049_center_lstm_h64.pt,training_logs/beijing_24h_12h_station1013_seed2049_center_lstm_h64.csv,0.477944552898407,0.6913353404089848,0.4471013844013214,51.50630187988281,33.31023025512695,45.86542892456055,False,,,51.83720016479492,32.26030349731445,-0.6383413530440596,True,center_lstm_h64,64.0,experiments/results/baseline_v2/reused/backbone_upgrade/experiments/results/trainable_matched/predictions/beijing_24h_12h_station1013_seed2049_center_lstm_h64.npz
beijing_24h_24h_station1013_seed2047_center_lstm_h64,beijing,24,24,1013,2047,lstm,,center_lstm_h64,,,,,completed,11.0,1.1981853246688845,2.930159599000035,0.4841878349998296,,test,,1,9.0,18712.0,18712.0,18712.0,predictions/beijing_24h_24h_station1013_seed2047_center_lstm_h64.npz,checkpoints/beijing_24h_24h_station1013_seed2047_center_lstm_h64.pt,training_logs/beijing_24h_24h_station1013_seed2047_center_lstm_h64.csv,0.6658939719200134,0.8160232667761462,0.5680214166641235,60.77790451049805,42.30657577514648,55.7103271484375,False,,,64.3062973022461,43.40291213989258,-5.486854226988446,True,center_lstm_h64,64.0,experiments/results/baseline_v2/reused/backbone_upgrade/experiments/results/trainable_matched/predictions/beijing_24h_24h_station1013_seed2047_center_lstm_h64.npz
beijing_24h_24h_station1013_seed2048_center_lstm_h64,beijing,24,24,1013,2048,lstm,,center_lstm_h64,,,,,completed,33.0,1.1233826875686646,3.555850032998933,0.0068158530011714,,test,,1,9.0,18712.0,18712.0,18712.0,predictions/beijing_24h_24h_station1013_seed2048_center_lstm_h64.npz,checkpoints/beijing_24h_24h_station1013_seed2048_center_lstm_h64.pt,training_logs/beijing_24h_24h_station1013_seed2048_center_lstm_h64.csv,0.700663685798645,0.8370565606926721,0.5680478811264038,62.34447479248047,42.30854797363281,55.36224365234375,False,,,64.8437271118164,43.64160919189453,-3.8542699975068233,True,center_lstm_h64,64.0,experiments/results/baseline_v2/reused/backbone_upgrade/experiments/results/trainable_matched/predictions/beijing_24h_24h_station1013_seed2048_center_lstm_h64.npz
beijing_24h_24h_station1013_seed2049_center_lstm_h64,beijing,24,24,1013,2049,lstm,,center_lstm_h64,,,,,completed,24.0,1.1655223369598389,2.83985603399924,0.0067451309987518,,test,,1,9.0,18712.0,18712.0,18712.0,predictions/beijing_24h_24h_station1013_seed2049_center_lstm_h64.npz,checkpoints/beijing_24h_24h_station1013_seed2049_center_lstm_h64.pt,training_logs/beijing_24h_24h_station1013_seed2049_center_lstm_h64.csv,0.6567689180374146,0.8104128071775609,0.5574586987495422,60.36003494262695,41.519866943359375,55.29489517211914,False,,,65.344482421875,44.265323638916016,-7.62795464055804,True,center_lstm_h64,64.0,experiments/results/baseline_v2/reused/backbone_upgrade/experiments/results/trainable_matched/predictions/beijing_24h_24h_station1013_seed2049_center_lstm_h64.npz
beijing_48h_1h_station1013_seed2047_center_lstm_h64,beijing,48,1,1013,2047,lstm,,center_lstm_h64,,,,,completed,39.0,0.0970246717333793,6.647560462000911,0.0121596550015965,,test,,1,9.0,17217.0,17217.0,17217.0,predictions/beijing_48h_1h_station1013_seed2047_center_lstm_h64.npz,checkpoints/beijing_48h_1h_station1013_seed2047_center_lstm_h64.pt,training_logs/beijing_48h_1h_station1013_seed2047_center_lstm_h64.csv,0.0794748291373252,0.281912804138665,0.1357398480176925,20.99703598022461,10.1099853515625,16.847793579101562,False,,,20.97980499267578,10.450782775878906,0.08213130462768173,False,center_lstm_h64,64.0,experiments/results/baseline_v2/reused/backbone_upgrade/experiments/results/trainable_matched/predictions/beijing_48h_1h_station1013_seed2047_center_lstm_h64.npz
beijing_48h_1h_station1013_seed2048_center_lstm_h64,beijing,48,1,1013,2048,lstm,,center_lstm_h64,,,,,completed,30.0,0.0980683267116546,6.266580522000368,0.0121946830004162,,test,,1,9.0,17217.0,17217.0,17217.0,predictions/beijing_48h_1h_station1013_seed2048_center_lstm_h64.npz,checkpoints/beijing_48h_1h_station1013_seed2048_center_lstm_h64.pt,training_logs/beijing_48h_1h_station1013_seed2048_center_lstm_h64.csv,0.0781642347574234,0.279578673645583,0.1333611607551574,20.82318878173828,9.932820320129396,16.442792892456055,False,,,20.553361892700195,10.137685775756836,1.3128114536528381,False,center_lstm_h64,64.0,experiments/results/baseline_v2/reused/backbone_upgrade/experiments/results/trainable_matched/predictions/beijing_48h_1h_station1013_seed2048_center_lstm_h64.npz
beijing_48h_1h_station1013_seed2049_center_lstm_h64,beijing,48,1,1013,2049,lstm,,center_lstm_h64,,,,,completed,28.0,0.0970873236656189,5.935335664999002,0.0122041840004385,,test,,1,9.0,17217.0,17217.0,17217.0,predictions/beijing_48h_1h_station1013_seed2049_center_lstm_h64.npz,checkpoints/beijing_48h_1h_station1013_seed2049_center_lstm_h64.pt,training_logs/beijing_48h_1h_station1013_seed2049_center_lstm_h64.csv,0.0777370929718017,0.2788137245040167,0.1359429359436035,20.76621627807617,10.12511157989502,17.262203216552734,False,,,20.929391860961918,10.169209480285645,-0.7796479896298799,True,center_lstm_h64,64.0,experiments/results/baseline_v2/reused/backbone_upgrade/experiments/results/trainable_matched/predictions/beijing_48h_1h_station1013_seed2049_center_lstm_h64.npz
beijing_48h_3h_station1013_seed2047_center_lstm_h64,beijing,48,3,1013,2047,lstm,,center_lstm_h64,,,,,completed,26.0,0.2538712620735168,5.589069147999908,0.0121342670008743,,test,,1,9.0,17347.0,17347.0,17347.0,predictions/beijing_48h_3h_station1013_seed2047_center_lstm_h64.npz,checkpoints/beijing_48h_3h_station1013_seed2047_center_lstm_h64.pt,training_logs/beijing_48h_3h_station1013_seed2047_center_lstm_h64.csv,0.1762111186981201,0.4197750810828581,0.2248157858848571,31.2627010345459,16.74312973022461,24.446001052856445,False,,,31.18783187866211,16.69637680053711,0.24005886710904248,False,center_lstm_h64,64.0,experiments/results/baseline_v2/reused/backbone_upgrade/experiments/results/trainable_matched/predictions/beijing_48h_3h_station1013_seed2047_center_lstm_h64.npz
beijing_48h_3h_station1013_seed2048_center_lstm_h64,beijing,48,3,1013,2048,lstm,,center_lstm_h64,,,,,completed,22.0,0.2519517838954925,5.049665880998873,0.0121488229997339,,test,,1,9.0,17347.0,17347.0,17347.0,predictions/beijing_48h_3h_station1013_seed2048_center_lstm_h64.npz,checkpoints/beijing_48h_3h_station1013_seed2048_center_lstm_h64.pt,training_logs/beijing_48h_3h_station1013_seed2048_center_lstm_h64.csv,0.1718819290399551,0.4145864554468165,0.2254789173603058,30.876277923583984,16.792516708374023,26.07655906677246,False,,,31.051353454589844,16.6970157623291,-0.5638257645094071,True,center_lstm_h64,64.0,experiments/results/baseline_v2/reused/backbone_upgrade/experiments/results/trainable_matched/predictions/beijing_48h_3h_station1013_seed2048_center_lstm_h64.npz
beijing_48h_3h_station1013_seed2049_center_lstm_h64,beijing,48,3,1013,2049,lstm,,center_lstm_h64,,,,,completed,36.0,0.2554409801959991,6.615592782998647,0.0122698020004463,,test,,1,9.0,17347.0,17347.0,17347.0,predictions/beijing_48h_3h_station1013_seed2049_center_lstm_h64.npz,checkpoints/beijing_48h_3h_station1013_seed2049_center_lstm_h64.pt,training_logs/beijing_48h_3h_station1013_seed2049_center_lstm_h64.csv,0.1741472035646438,0.4173094817574169,0.2201348394155502,31.079072952270508,16.39451789855957,24.408069610595703,False,,,31.17669677734375,16.931669235229492,-0.313130752017917,True,center_lstm_h64,64.0,experiments/results/baseline_v2/reused/backbone_upgrade/experiments/results/trainable_matched/predictions/beijing_48h_3h_station1013_seed2049_center_lstm_h64.npz
beijing_48h_6h_station1013_seed2047_center_lstm_h64,beijing,48,6,1013,2047,lstm,,center_lstm_h64,,,,,completed,21.0,0.4644862711429596,6.146129582999492,0.0121968300009029,,test,,1,9.0,17542.0,17542.0,17542.0,predictions/beijing_48h_6h_station1013_seed2047_center_lstm_h64.npz,checkpoints/beijing_48h_6h_station1013_seed2047_center_lstm_h64.pt,training_logs/beijing_48h_6h_station1013_seed2047_center_lstm_h64.csv,0.3023691475391388,0.5498810303503284,0.3236426413059234,40.95232772827149,24.103248596191406,33.69672775268555,False,,,41.811302185058594,24.404136657714844,-2.054407329829731,True,center_lstm_h64,64.0,experiments/results/baseline_v2/reused/backbone_upgrade/experiments/results/trainable_matched/predictions/beijing_48h_6h_station1013_seed2047_center_lstm_h64.npz
beijing_48h_6h_station1013_seed2048_center_lstm_h64,beijing,48,6,1013,2048,lstm,,center_lstm_h64,,,,,completed,24.0,0.4653666913509369,5.342372531000365,0.0122108610012219,,test,,1,9.0,17542.0,17542.0,17542.0,predictions/beijing_48h_6h_station1013_seed2048_center_lstm_h64.npz,checkpoints/beijing_48h_6h_station1013_seed2048_center_lstm_h64.pt,training_logs/beijing_48h_6h_station1013_seed2048_center_lstm_h64.csv,0.3111233711242676,0.5577843410533031,0.3316853940486908,41.540924072265625,24.70223045349121,35.15037155151367,False,,,41.650672912597656,23.962068557739254,-0.2634983606683498,True,center_lstm_h64,64.0,experiments/results/baseline_v2/reused/backbone_upgrade/experiments/results/trainable_matched/predictions/beijing_48h_6h_station1013_seed2048_center_lstm_h64.npz
beijing_48h_6h_station1013_seed2049_center_lstm_h64,beijing,48,6,1013,2049,lstm,,center_lstm_h64,,,,,completed,21.0,0.4864440858364105,4.839457893000144,0.0121712899999693,,test,,1,9.0,17542.0,17542.0,17542.0,predictions/beijing_48h_6h_station1013_seed2049_center_lstm_h64.npz,checkpoints/beijing_48h_6h_station1013_seed2049_center_lstm_h64.pt,training_logs/beijing_48h_6h_station1013_seed2049_center_lstm_h64.csv,0.3152108192443847,0.5614363893126137,0.3413766920566559,41.81290817260742,25.423986434936523,35.436744689941406,False,,,42.05476379394531,24.104082107543945,-0.5750968487729586,True,center_lstm_h64,64.0,experiments/results/baseline_v2/reused/backbone_upgrade/experiments/results/trainable_matched/predictions/beijing_48h_6h_station1013_seed2049_center_lstm_h64.npz
beijing_48h_12h_station1013_seed2047_center_lstm_h64,beijing,48,12,1013,2047,lstm,,center_lstm_h64,,,,,completed,13.0,0.7919836044311523,4.75101328799974,0.0121889649999502,,test,,1,9.0,17932.0,17932.0,17932.0,predictions/beijing_48h_12h_station1013_seed2047_center_lstm_h64.npz,checkpoints/beijing_48h_12h_station1013_seed2047_center_lstm_h64.pt,training_logs/beijing_48h_12h_station1013_seed2047_center_lstm_h64.csv,0.5150490403175354,0.7176691719152603,0.4630101919174194,53.439571380615234,34.47697830200195,46.354122161865234,False,,,57.32188415527344,35.63805389404297,-6.772828269464765,True,center_lstm_h64,64.0,experiments/results/baseline_v2/reused/backbone_upgrade/experiments/results/trainable_matched/predictions/beijing_48h_12h_station1013_seed2047_center_lstm_h64.npz
beijing_48h_12h_station1013_seed2048_center_lstm_h64,beijing,48,12,1013,2048,lstm,,center_lstm_h64,,,,,completed,8.0,0.8391257524490356,2.705636486998628,0.0121597969991853,,test,,1,9.0,17932.0,17932.0,17932.0,predictions/beijing_48h_12h_station1013_seed2048_center_lstm_h64.npz,checkpoints/beijing_48h_12h_station1013_seed2048_center_lstm_h64.pt,training_logs/beijing_48h_12h_station1013_seed2048_center_lstm_h64.csv,0.4774228632450104,0.6909579316029381,0.4544928967952728,51.45058059692383,33.84275817871094,46.52683639526367,False,,,52.859134674072266,33.03700637817383,-2.6647316227053977,True,center_lstm_h64,64.0,experiments/results/baseline_v2/reused/backbone_upgrade/experiments/results/trainable_matched/predictions/beijing_48h_12h_station1013_seed2048_center_lstm_h64.npz
beijing_48h_12h_station1013_seed2049_center_lstm_h64,beijing,48,12,1013,2049,lstm,,center_lstm_h64,,,,,completed,13.0,0.8143213987350464,3.50848398800008,0.0122236589995736,,test,,1,9.0,17932.0,17932.0,17932.0,predictions/beijing_48h_12h_station1013_seed2049_center_lstm_h64.npz,checkpoints/beijing_48h_12h_station1013_seed2049_center_lstm_h64.pt,training_logs/beijing_48h_12h_station1013_seed2049_center_lstm_h64.csv,0.524243175983429,0.7240463907674901,0.4622286856174469,53.91443634033203,34.41878890991211,45.56297302246094,False,,,55.133583068847656,34.52684020996094,-2.211259745250412,True,center_lstm_h64,64.0,experiments/results/baseline_v2/reused/backbone_upgrade/experiments/results/trainable_matched/predictions/beijing_48h_12h_station1013_seed2049_center_lstm_h64.npz
beijing_48h_24h_station1013_seed2047_center_lstm_h64,beijing,48,24,1013,2047,lstm,,center_lstm_h64,,,,,completed,14.0,1.1652401685714722,4.938195599999744,0.0186823110016121,,test,,1,9.0,18712.0,18712.0,18712.0,predictions/beijing_48h_24h_station1013_seed2047_center_lstm_h64.npz,checkpoints/beijing_48h_24h_station1013_seed2047_center_lstm_h64.pt,training_logs/beijing_48h_24h_station1013_seed2047_center_lstm_h64.csv,0.6997016668319702,0.8364817193650859,0.5811417698860168,62.26724243164063,43.2598762512207,57.73922729492188,False,,,69.85392761230469,46.93188095092773,-10.8607854131994,True,center_lstm_h64,64.0,experiments/results/baseline_v2/reused/backbone_upgrade/experiments/results/trainable_matched/predictions/beijing_48h_24h_station1013_seed2047_center_lstm_h64.npz
beijing_48h_24h_station1013_seed2048_center_lstm_h64,beijing,48,24,1013,2048,lstm,,center_lstm_h64,,,,,completed,16.0,1.1681283712387085,4.029449255000145,0.012337717000264,,test,,1,9.0,18712.0,18712.0,18712.0,predictions/beijing_48h_24h_station1013_seed2048_center_lstm_h64.npz,checkpoints/beijing_48h_24h_station1013_seed2048_center_lstm_h64.pt,training_logs/beijing_48h_24h_station1013_seed2048_center_lstm_h64.csv,0.6636250019073486,0.8146318198470697,0.5622984766960144,60.6407470703125,41.85719299316406,55.64746856689453,False,,,68.12368774414062,45.795066833496094,-10.98434468482182,True,center_lstm_h64,64.0,experiments/results/baseline_v2/reused/backbone_upgrade/experiments/results/trainable_matched/predictions/beijing_48h_24h_station1013_seed2048_center_lstm_h64.npz
beijing_48h_24h_station1013_seed2049_center_lstm_h64,beijing,48,24,1013,2049,lstm,,center_lstm_h64,,,,,completed,15.0,1.2056057453155518,3.876488504000008,0.0121494949999032,,test,,1,9.0,18712.0,18712.0,18712.0,predictions/beijing_48h_24h_station1013_seed2049_center_lstm_h64.npz,checkpoints/beijing_48h_24h_station1013_seed2049_center_lstm_h64.pt,training_logs/beijing_48h_24h_station1013_seed2049_center_lstm_h64.csv,0.7295433282852173,0.8541330858157979,0.5910562872886658,63.581199645996094,43.99790954589844,57.33332061767578,False,,,70.52690887451172,47.815460205078125,-9.84831086369332,True,center_lstm_h64,64.0,experiments/results/baseline_v2/reused/backbone_upgrade/experiments/results/trainable_matched/predictions/beijing_48h_24h_station1013_seed2049_center_lstm_h64.npz
beijing_72h_1h_station1013_seed2047_center_lstm_h64,beijing,72,1,1013,2047,lstm,,center_lstm_h64,,,,,completed,30.0,0.1100904271006584,5.112192980001055,0.0114961960007349,,test,,1,9.0,17217.0,17217.0,17217.0,predictions/beijing_72h_1h_station1013_seed2047_center_lstm_h64.npz,checkpoints/beijing_72h_1h_station1013_seed2047_center_lstm_h64.pt,training_logs/beijing_72h_1h_station1013_seed2047_center_lstm_h64.csv,0.0831270888447761,0.288317687360273,0.1407393217086792,21.46220970153809,10.476557731628418,16.766191482543945,False,,,21.06454849243164,10.74881076812744,1.8878221351353723,False,center_lstm_h64,64.0,experiments/results/baseline_v2/reused/backbone_upgrade/experiments/results/trainable_matched/predictions/beijing_72h_1h_station1013_seed2047_center_lstm_h64.npz
beijing_72h_1h_station1013_seed2048_center_lstm_h64,beijing,72,1,1013,2048,lstm,,center_lstm_h64,,,,,completed,30.0,0.1104817688465118,5.117112538000583,0.0114768010007537,,test,,1,9.0,17217.0,17217.0,17217.0,predictions/beijing_72h_1h_station1013_seed2048_center_lstm_h64.npz,checkpoints/beijing_72h_1h_station1013_seed2048_center_lstm_h64.pt,training_logs/beijing_72h_1h_station1013_seed2048_center_lstm_h64.csv,0.0825625956058502,0.2873370766292617,0.1405945122241974,21.38921546936035,10.465778350830078,16.670122146606445,False,,,20.968732833862305,10.600374221801758,2.005283956973363,False,center_lstm_h64,64.0,experiments/results/baseline_v2/reused/backbone_upgrade/experiments/results/trainable_matched/predictions/beijing_72h_1h_station1013_seed2048_center_lstm_h64.npz
beijing_72h_1h_station1013_seed2049_center_lstm_h64,beijing,72,1,1013,2049,lstm,,center_lstm_h64,,,,,completed,30.0,0.1107327491044998,5.139619679999669,0.0115868439988844,,test,,1,9.0,17217.0,17217.0,17217.0,predictions/beijing_72h_1h_station1013_seed2049_center_lstm_h64.npz,checkpoints/beijing_72h_1h_station1013_seed2049_center_lstm_h64.pt,training_logs/beijing_72h_1h_station1013_seed2049_center_lstm_h64.csv,0.0828198045492172,0.2877843021243814,0.1429129987955093,21.42250633239746,10.638364791870115,17.518939971923828,False,,,21.28269386291504,10.951455116271973,0.656930322744736,False,center_lstm_h64,64.0,experiments/results/baseline_v2/reused/backbone_upgrade/experiments/results/trainable_matched/predictions/beijing_72h_1h_station1013_seed2049_center_lstm_h64.npz
beijing_72h_3h_station1013_seed2047_center_lstm_h64,beijing,72,3,1013,2047,lstm,,center_lstm_h64,,,,,completed,28.0,0.284471184015274,5.146436268998514,0.0115308490003371,,test,,1,9.0,17347.0,17347.0,17347.0,predictions/beijing_72h_3h_station1013_seed2047_center_lstm_h64.npz,checkpoints/beijing_72h_3h_station1013_seed2047_center_lstm_h64.pt,training_logs/beijing_72h_3h_station1013_seed2047_center_lstm_h64.csv,0.1880581229925155,0.4336566879370311,0.2385229617357254,32.27899932861328,17.75432777404785,26.92469024658203,False,,,31.00885581970215,17.128154754638672,4.096066995493977,False,center_lstm_h64,64.0,experiments/results/baseline_v2/reused/backbone_upgrade/experiments/results/trainable_matched/predictions/beijing_72h_3h_station1013_seed2047_center_lstm_h64.npz
beijing_72h_3h_station1013_seed2048_center_lstm_h64,beijing,72,3,1013,2048,lstm,,center_lstm_h64,,,,,completed,30.0,0.2739186584949493,5.147080729000663,0.0116332620000321,,test,,1,9.0,17347.0,17347.0,17347.0,predictions/beijing_72h_3h_station1013_seed2048_center_lstm_h64.npz,checkpoints/beijing_72h_3h_station1013_seed2048_center_lstm_h64.pt,training_logs/beijing_72h_3h_station1013_seed2048_center_lstm_h64.csv,0.1817516088485717,0.4263233618376686,0.231580302119255,31.73314666748047,17.2375545501709,25.56409454345703,False,,,31.21354103088379,16.76036262512207,1.664680197874901,False,center_lstm_h64,64.0,experiments/results/baseline_v2/reused/backbone_upgrade/experiments/results/trainable_matched/predictions/beijing_72h_3h_station1013_seed2048_center_lstm_h64.npz
beijing_72h_3h_station1013_seed2049_center_lstm_h64,beijing,72,3,1013,2049,lstm,,center_lstm_h64,,,,,completed,29.0,0.2798319458961487,5.108034422000856,0.0114835149997816,,test,,1,9.0,17347.0,17347.0,17347.0,predictions/beijing_72h_3h_station1013_seed2049_center_lstm_h64.npz,checkpoints/beijing_72h_3h_station1013_seed2049_center_lstm_h64.pt,training_logs/beijing_72h_3h_station1013_seed2049_center_lstm_h64.csv,0.180191695690155,0.4244899241326642,0.2342590242624282,31.596677780151367,17.43694496154785,26.26602935791016,False,,,31.59510612487793,17.138343811035156,0.004974363014403618,False,center_lstm_h64,64.0,experiments/results/baseline_v2/reused/backbone_upgrade/experiments/results/trainable_matched/predictions/beijing_72h_3h_station1013_seed2049_center_lstm_h64.npz
beijing_72h_6h_station1013_seed2047_center_lstm_h64,beijing,72,6,1013,2047,lstm,,center_lstm_h64,,,,,completed,25.0,0.4836549460887909,5.12653187000069,0.0115924180008732,,test,,1,9.0,17542.0,17542.0,17542.0,predictions/beijing_72h_6h_station1013_seed2047_center_lstm_h64.npz,checkpoints/beijing_72h_6h_station1013_seed2047_center_lstm_h64.pt,training_logs/beijing_72h_6h_station1013_seed2047_center_lstm_h64.csv,0.3063177168369293,0.5534597698450442,0.3360463380813598,41.19374847412109,25.01176643371582,37.42604064941406,False,,,41.74861526489258,24.63315200805664,-1.3290663348973215,True,center_lstm_h64,64.0,experiments/results/baseline_v2/reused/backbone_upgrade/experiments/results/trainable_matched/predictions/beijing_72h_6h_station1013_seed2047_center_lstm_h64.npz
beijing_72h_6h_station1013_seed2048_center_lstm_h64,beijing,72,6,1013,2048,lstm,,center_lstm_h64,,,,,completed,28.0,0.492682009935379,5.130068481999842,0.0115522910000436,,test,,1,9.0,17542.0,17542.0,17542.0,predictions/beijing_72h_6h_station1013_seed2048_center_lstm_h64.npz,checkpoints/beijing_72h_6h_station1013_seed2048_center_lstm_h64.pt,training_logs/beijing_72h_6h_station1013_seed2048_center_lstm_h64.csv,0.3161565363407135,0.5622779884903139,0.3384937942028045,41.85007858276367,25.193927764892575,36.29153823852539,False,,,41.156280517578125,24.216215133666992,1.6857647398171005,False,center_lstm_h64,64.0,experiments/results/baseline_v2/reused/backbone_upgrade/experiments/results/trainable_matched/predictions/beijing_72h_6h_station1013_seed2048_center_lstm_h64.npz
beijing_72h_6h_station1013_seed2049_center_lstm_h64,beijing,72,6,1013,2049,lstm,,center_lstm_h64,,,,,completed,28.0,0.4867769479751587,5.112803502001043,0.011460811998404,,test,,1,9.0,17542.0,17542.0,17542.0,predictions/beijing_72h_6h_station1013_seed2049_center_lstm_h64.npz,checkpoints/beijing_72h_6h_station1013_seed2049_center_lstm_h64.pt,training_logs/beijing_72h_6h_station1013_seed2049_center_lstm_h64.csv,0.3048880100250244,0.5521666505911276,0.3333208560943603,41.09749984741211,24.808910369873047,35.58797836303711,False,,,41.276737213134766,24.22653007507324,-0.43423336684087693,True,center_lstm_h64,64.0,experiments/results/baseline_v2/reused/backbone_upgrade/experiments/results/trainable_matched/predictions/beijing_72h_6h_station1013_seed2049_center_lstm_h64.npz
beijing_72h_12h_station1013_seed2047_center_lstm_h64,beijing,72,12,1013,2047,lstm,,center_lstm_h64,,,,,completed,18.0,0.8164772391319275,4.075668796000173,0.4997754390005866,,test,,1,9.0,17932.0,17932.0,17932.0,predictions/beijing_72h_12h_station1013_seed2047_center_lstm_h64.npz,checkpoints/beijing_72h_12h_station1013_seed2047_center_lstm_h64.pt,training_logs/beijing_72h_12h_station1013_seed2047_center_lstm_h64.csv,0.519784688949585,0.7209609482833207,0.4722227156162262,53.65916061401367,35.1462516784668,47.14026641845703,False,,,56.09211349487305,35.244869232177734,-4.337424156930283,True,center_lstm_h64,64.0,experiments/results/baseline_v2/reused/backbone_upgrade/experiments/results/trainable_matched/predictions/beijing_72h_12h_station1013_seed2047_center_lstm_h64.npz
beijing_72h_12h_station1013_seed2048_center_lstm_h64,beijing,72,12,1013,2048,lstm,,center_lstm_h64,,,,,completed,19.0,0.8110233545303345,4.260016043001087,0.0115993750005145,,test,,1,9.0,17932.0,17932.0,17932.0,predictions/beijing_72h_12h_station1013_seed2048_center_lstm_h64.npz,checkpoints/beijing_72h_12h_station1013_seed2048_center_lstm_h64.pt,training_logs/beijing_72h_12h_station1013_seed2048_center_lstm_h64.csv,0.4961337745189667,0.7043676415899347,0.4592261612415313,52.424163818359375,34.178951263427734,46.038230895996094,False,,,55.03749084472656,34.67401123046875,-4.748267019911909,True,center_lstm_h64,64.0,experiments/results/baseline_v2/reused/backbone_upgrade/experiments/results/trainable_matched/predictions/beijing_72h_12h_station1013_seed2048_center_lstm_h64.npz
beijing_72h_12h_station1013_seed2049_center_lstm_h64,beijing,72,12,1013,2049,lstm,,center_lstm_h64,,,,,completed,19.0,0.788821280002594,4.259011583999381,0.0115998069995839,,test,,1,9.0,17932.0,17932.0,17932.0,predictions/beijing_72h_12h_station1013_seed2049_center_lstm_h64.npz,checkpoints/beijing_72h_12h_station1013_seed2049_center_lstm_h64.pt,training_logs/beijing_72h_12h_station1013_seed2049_center_lstm_h64.csv,0.5086439251899719,0.7131927686046543,0.4577011466026306,53.08100128173828,34.06544876098633,45.85350036621094,False,,,54.70387268066406,35.244651794433594,-2.9666480989368975,True,center_lstm_h64,64.0,experiments/results/baseline_v2/reused/backbone_upgrade/experiments/results/trainable_matched/predictions/beijing_72h_12h_station1013_seed2049_center_lstm_h64.npz
beijing_72h_24h_station1013_seed2047_center_lstm_h64,beijing,72,24,1013,2047,lstm,,center_lstm_h64,,,,,completed,13.0,1.199714422225952,3.245854924000014,0.0118440280002687,,test,,1,9.0,18712.0,18712.0,18712.0,predictions/beijing_72h_24h_station1013_seed2047_center_lstm_h64.npz,checkpoints/beijing_72h_24h_station1013_seed2047_center_lstm_h64.pt,training_logs/beijing_72h_24h_station1013_seed2047_center_lstm_h64.csv,0.6860783100128174,0.8282984425995363,0.575232744216919,61.63439178466797,42.80356216430664,55.83248901367188,False,,,65.6296157836914,44.675662994384766,-6.087532208311706,True,center_lstm_h64,64.0,experiments/results/baseline_v2/reused/backbone_upgrade/experiments/results/trainable_matched/predictions/beijing_72h_24h_station1013_seed2047_center_lstm_h64.npz
beijing_72h_24h_station1013_seed2048_center_lstm_h64,beijing,72,24,1013,2048,lstm,,center_lstm_h64,,,,,completed,18.0,1.1642987728118896,4.098841918999824,0.0115553910000016,,test,,1,9.0,18712.0,18712.0,18712.0,predictions/beijing_72h_24h_station1013_seed2048_center_lstm_h64.npz,checkpoints/beijing_72h_24h_station1013_seed2048_center_lstm_h64.pt,training_logs/beijing_72h_24h_station1013_seed2048_center_lstm_h64.csv,0.7095186114311218,0.8423292773204086,0.5803951025009155,62.67844009399414,43.18769073486328,56.23554992675781,False,,,64.7675552368164,43.77329254150391,-3.2255581288866235,True,center_lstm_h64,64.0,experiments/results/baseline_v2/reused/backbone_upgrade/experiments/results/trainable_matched/predictions/beijing_72h_24h_station1013_seed2048_center_lstm_h64.npz
beijing_72h_24h_station1013_seed2049_center_lstm_h64,beijing,72,24,1013,2049,lstm,,center_lstm_h64,,,,,completed,17.0,1.2152808904647827,3.904359836998992,0.0117616160005127,,test,,1,9.0,18712.0,18712.0,18712.0,predictions/beijing_72h_24h_station1013_seed2049_center_lstm_h64.npz,checkpoints/beijing_72h_24h_station1013_seed2049_center_lstm_h64.pt,training_logs/beijing_72h_24h_station1013_seed2049_center_lstm_h64.csv,0.7270060777664185,0.8526465139589902,0.5795188546180725,63.44615173339844,43.12249374389648,56.05500793457031,False,,,68.50748443603516,46.28374862670898,-7.387999638729169,True,center_lstm_h64,64.0,experiments/results/baseline_v2/reused/backbone_upgrade/experiments/results/trainable_matched/predictions/beijing_72h_24h_station1013_seed2049_center_lstm_h64.npz
beijing_168h_1h_station1013_seed2047_center_lstm_h64,beijing,168,1,1013,2047,lstm,,center_lstm_h64,,,,,completed,30.0,0.1066865548491478,10.987820218000708,0.5086350710007537,,test,,1,9.0,17217.0,17217.0,17217.0,predictions/beijing_168h_1h_station1013_seed2047_center_lstm_h64.npz,checkpoints/beijing_168h_1h_station1013_seed2047_center_lstm_h64.pt,training_logs/beijing_168h_1h_station1013_seed2047_center_lstm_h64.csv,0.0843099132180213,0.2903616937855636,0.1440257728099823,21.583086013793945,10.705683708190918,17.51169776916504,False,,,21.871671676635746,11.994721412658691,-1.3194495012015015,True,center_lstm_h64,64.0,experiments/results/baseline_v2/reused/backbone_upgrade/experiments/results/trainable_matched/predictions/beijing_168h_1h_station1013_seed2047_center_lstm_h64.npz
beijing_168h_1h_station1013_seed2048_center_lstm_h64,beijing,168,1,1013,2048,lstm,,center_lstm_h64,,,,,completed,30.0,0.1067892685532569,10.985640282000531,0.0269674150003993,,test,,1,9.0,17217.0,17217.0,17217.0,predictions/beijing_168h_1h_station1013_seed2048_center_lstm_h64.npz,checkpoints/beijing_168h_1h_station1013_seed2048_center_lstm_h64.pt,training_logs/beijing_168h_1h_station1013_seed2048_center_lstm_h64.csv,0.0830505564808845,0.2881849345140799,0.1432201564311981,21.421283721923828,10.64580249786377,17.316638946533203,False,,,21.76912498474121,11.43486213684082,-1.5978651556330248,True,center_lstm_h64,64.0,experiments/results/baseline_v2/reused/backbone_upgrade/experiments/results/trainable_matched/predictions/beijing_168h_1h_station1013_seed2048_center_lstm_h64.npz
beijing_168h_1h_station1013_seed2049_center_lstm_h64,beijing,168,1,1013,2049,lstm,,center_lstm_h64,,,,,completed,30.0,0.1075245663523674,11.012719807000394,0.0271612409997032,,test,,1,9.0,17217.0,17217.0,17217.0,predictions/beijing_168h_1h_station1013_seed2049_center_lstm_h64.npz,checkpoints/beijing_168h_1h_station1013_seed2049_center_lstm_h64.pt,training_logs/beijing_168h_1h_station1013_seed2049_center_lstm_h64.csv,0.0833001881837844,0.2886177198021363,0.1451636552810669,21.45345497131348,10.790264129638672,17.707855224609375,False,,,22.61062812805176,12.07103443145752,-5.117828439726715,True,center_lstm_h64,64.0,experiments/results/baseline_v2/reused/backbone_upgrade/experiments/results/trainable_matched/predictions/beijing_168h_1h_station1013_seed2049_center_lstm_h64.npz
beijing_168h_3h_station1013_seed2047_center_lstm_h64,beijing,168,3,1013,2047,lstm,,center_lstm_h64,,,,,completed,30.0,0.2782780528068542,11.00670932399953,0.0269528900007571,,test,,1,9.0,17347.0,17347.0,17347.0,predictions/beijing_168h_3h_station1013_seed2047_center_lstm_h64.npz,checkpoints/beijing_168h_3h_station1013_seed2047_center_lstm_h64.pt,training_logs/beijing_168h_3h_station1013_seed2047_center_lstm_h64.csv,0.1862972229719162,0.4316216201395803,0.2388339936733245,32.082706451416016,17.752681732177734,26.57967185974121,False,,,31.7686710357666,18.36850929260254,0.988506618032145,False,center_lstm_h64,64.0,experiments/results/baseline_v2/reused/backbone_upgrade/experiments/results/trainable_matched/predictions/beijing_168h_3h_station1013_seed2047_center_lstm_h64.npz
beijing_168h_3h_station1013_seed2048_center_lstm_h64,beijing,168,3,1013,2048,lstm,,center_lstm_h64,,,,,completed,30.0,0.2693027257919311,10.970266743001048,0.0268213060007838,,test,,1,9.0,17347.0,17347.0,17347.0,predictions/beijing_168h_3h_station1013_seed2048_center_lstm_h64.npz,checkpoints/beijing_168h_3h_station1013_seed2048_center_lstm_h64.pt,training_logs/beijing_168h_3h_station1013_seed2048_center_lstm_h64.csv,0.1839104145765304,0.4288477755294184,0.2362865060567855,31.876527786254883,17.56332778930664,26.443246841430664,False,,,31.73417854309082,18.07464408874512,0.448567600294966,False,center_lstm_h64,64.0,experiments/results/baseline_v2/reused/backbone_upgrade/experiments/results/trainable_matched/predictions/beijing_168h_3h_station1013_seed2048_center_lstm_h64.npz
beijing_168h_3h_station1013_seed2049_center_lstm_h64,beijing,168,3,1013,2049,lstm,,center_lstm_h64,,,,,completed,29.0,0.2698583006858825,10.9714580130003,0.026808267000888,,test,,1,9.0,17347.0,17347.0,17347.0,predictions/beijing_168h_3h_station1013_seed2049_center_lstm_h64.npz,checkpoints/beijing_168h_3h_station1013_seed2049_center_lstm_h64.pt,training_logs/beijing_168h_3h_station1013_seed2049_center_lstm_h64.csv,0.1826025396585464,0.4273201840055609,0.2323619872331619,31.76298141479492,17.271615982055664,25.2590274810791,False,,,32.07843780517578,18.52771759033203,-0.9833907508113278,True,center_lstm_h64,64.0,experiments/results/baseline_v2/reused/backbone_upgrade/experiments/results/trainable_matched/predictions/beijing_168h_3h_station1013_seed2049_center_lstm_h64.npz
beijing_168h_6h_station1013_seed2047_center_lstm_h64,beijing,168,6,1013,2047,lstm,,center_lstm_h64,,,,,completed,24.0,0.4865839183330536,11.032822696999574,0.0268358819994318,,test,,1,9.0,17542.0,17542.0,17542.0,predictions/beijing_168h_6h_station1013_seed2047_center_lstm_h64.npz,checkpoints/beijing_168h_6h_station1013_seed2047_center_lstm_h64.pt,training_logs/beijing_168h_6h_station1013_seed2047_center_lstm_h64.csv,0.3038201332092285,0.5511988145934537,0.330413818359375,40.9709587097168,24.55986785888672,34.92447662353516,False,,,42.01683807373047,25.93600273132324,-2.4891910290307417,True,center_lstm_h64,64.0,experiments/results/baseline_v2/reused/backbone_upgrade/experiments/results/trainable_matched/predictions/beijing_168h_6h_station1013_seed2047_center_lstm_h64.npz
beijing_168h_6h_station1013_seed2048_center_lstm_h64,beijing,168,6,1013,2048,lstm,,center_lstm_h64,,,,,completed,24.0,0.4822973906993866,11.036740700999871,0.0272563789985724,,test,,1,9.0,17542.0,17542.0,17542.0,predictions/beijing_168h_6h_station1013_seed2048_center_lstm_h64.npz,checkpoints/beijing_168h_6h_station1013_seed2048_center_lstm_h64.pt,training_logs/beijing_168h_6h_station1013_seed2048_center_lstm_h64.csv,0.3174639642238617,0.563439405991329,0.3387739658355713,41.88080596923828,25.181285858154297,35.39055633544922,False,,,42.51594543457031,26.329206466674805,-1.4938853148860955,True,center_lstm_h64,64.0,experiments/results/baseline_v2/reused/backbone_upgrade/experiments/results/trainable_matched/predictions/beijing_168h_6h_station1013_seed2048_center_lstm_h64.npz
beijing_168h_6h_station1013_seed2049_center_lstm_h64,beijing,168,6,1013,2049,lstm,,center_lstm_h64,,,,,completed,25.0,0.4895908236503601,11.024376158999075,0.0269244989995058,,test,,1,9.0,17542.0,17542.0,17542.0,predictions/beijing_168h_6h_station1013_seed2049_center_lstm_h64.npz,checkpoints/beijing_168h_6h_station1013_seed2049_center_lstm_h64.pt,training_logs/beijing_168h_6h_station1013_seed2049_center_lstm_h64.csv,0.3115669190883636,0.5581817975251107,0.3388384282588959,41.49000549316406,25.18607521057129,35.6428337097168,False,,,42.00048828125,26.010665893554688,-1.2154210795540417,True,center_lstm_h64,64.0,experiments/results/baseline_v2/reused/backbone_upgrade/experiments/results/trainable_matched/predictions/beijing_168h_6h_station1013_seed2049_center_lstm_h64.npz
beijing_168h_6h_station1013_seed2050_center_lstm_h64,beijing,168,6,1013,2050,lstm,,center_lstm_h64,,,,,completed,28.0,0.4807230234146118,11.047308995999629,0.0272850830006063,,test,,1,9.0,17542.0,17542.0,17542.0,predictions/beijing_168h_6h_station1013_seed2050_center_lstm_h64.npz,checkpoints/beijing_168h_6h_station1013_seed2050_center_lstm_h64.pt,training_logs/beijing_168h_6h_station1013_seed2050_center_lstm_h64.csv,0.3041443526744842,0.5514928400935811,0.3306966125965118,40.9928092956543,24.580890655517575,34.96996307373047,False,,,42.20603942871094,26.009906768798828,-2.87454153357809,True,center_lstm_h64,64.0,experiments/results/baseline_v2/reused/backbone_upgrade/experiments/results/trainable_matched/predictions/beijing_168h_6h_station1013_seed2050_center_lstm_h64.npz
beijing_168h_6h_station1013_seed2051_center_lstm_h64,beijing,168,6,1013,2051,lstm,,center_lstm_h64,,,,,completed,27.0,0.4894686937332153,11.03693643799852,0.0268215219984995,,test,,1,9.0,17542.0,17542.0,17542.0,predictions/beijing_168h_6h_station1013_seed2051_center_lstm_h64.npz,checkpoints/beijing_168h_6h_station1013_seed2051_center_lstm_h64.pt,training_logs/beijing_168h_6h_station1013_seed2051_center_lstm_h64.csv,0.309891015291214,0.5566785565218172,0.3339872062206268,41.37826919555664,24.82548141479492,35.2232780456543,False,,,41.76411056518555,25.687108993530277,-0.9238587016636782,True,center_lstm_h64,64.0,experiments/results/baseline_v2/reused/backbone_upgrade/experiments/results/trainable_matched/predictions/beijing_168h_6h_station1013_seed2051_center_lstm_h64.npz
beijing_168h_12h_station1013_seed2047_center_lstm_h64,beijing,168,12,1013,2047,lstm,,center_lstm_h64,,,,,completed,12.0,0.8444929718971252,6.584955886999524,0.0272006880004482,,test,,1,9.0,17932.0,17932.0,17932.0,predictions/beijing_168h_12h_station1013_seed2047_center_lstm_h64.npz,checkpoints/beijing_168h_12h_station1013_seed2047_center_lstm_h64.pt,training_logs/beijing_168h_12h_station1013_seed2047_center_lstm_h64.csv,0.5081999897956848,0.7128814696677735,0.477174311876297,52.99541091918945,35.47300338745117,48.5309944152832,False,,,54.23294448852539,36.208377838134766,-2.281885265510109,True,center_lstm_h64,64.0,experiments/results/baseline_v2/reused/backbone_upgrade/experiments/results/trainable_matched/predictions/beijing_168h_12h_station1013_seed2047_center_lstm_h64.npz
beijing_168h_12h_station1013_seed2048_center_lstm_h64,beijing,168,12,1013,2048,lstm,,center_lstm_h64,,,,,completed,16.0,0.8514602780342102,8.022882946999744,0.0269945430009102,,test,,1,9.0,17932.0,17932.0,17932.0,predictions/beijing_168h_12h_station1013_seed2048_center_lstm_h64.npz,checkpoints/beijing_168h_12h_station1013_seed2048_center_lstm_h64.pt,training_logs/beijing_168h_12h_station1013_seed2048_center_lstm_h64.csv,0.4884557723999023,0.698896109876069,0.4609550237655639,51.95574188232422,34.267269134521484,46.444034576416016,False,,,55.16896057128906,36.87693405151367,-5.824323416086004,True,center_lstm_h64,64.0,experiments/results/baseline_v2/reused/backbone_upgrade/experiments/results/trainable_matched/predictions/beijing_168h_12h_station1013_seed2048_center_lstm_h64.npz
beijing_168h_12h_station1013_seed2049_center_lstm_h64,beijing,168,12,1013,2049,lstm,,center_lstm_h64,,,,,completed,16.0,0.8241851925849915,8.025897678000547,0.0268761990009807,,test,,1,9.0,17932.0,17932.0,17932.0,predictions/beijing_168h_12h_station1013_seed2049_center_lstm_h64.npz,checkpoints/beijing_168h_12h_station1013_seed2049_center_lstm_h64.pt,training_logs/beijing_168h_12h_station1013_seed2049_center_lstm_h64.csv,0.4959117472171783,0.7042100164135543,0.4668902456760406,52.35077667236328,34.708492279052734,47.45724105834961,False,,,58.07843780517578,38.81656646728516,-9.861940763671965,True,center_lstm_h64,64.0,experiments/results/baseline_v2/reused/backbone_upgrade/experiments/results/trainable_matched/predictions/beijing_168h_12h_station1013_seed2049_center_lstm_h64.npz
beijing_168h_24h_station1013_seed2047_center_lstm_h64,beijing,168,24,1013,2047,lstm,,center_lstm_h64,,,,,completed,16.0,1.1598976850509644,8.020376955000756,0.0271217200006503,,test,,1,9.0,18712.0,18712.0,18712.0,predictions/beijing_168h_24h_station1013_seed2047_center_lstm_h64.npz,checkpoints/beijing_168h_24h_station1013_seed2047_center_lstm_h64.pt,training_logs/beijing_168h_24h_station1013_seed2047_center_lstm_h64.csv,0.6576173305511475,0.8109360829012034,0.5742939114570618,60.31842803955078,42.7166862487793,56.49095153808594,False,,,67.65840148925781,47.55368041992188,-10.848576508081418,True,center_lstm_h64,64.0,experiments/results/baseline_v2/reused/backbone_upgrade/experiments/results/trainable_matched/predictions/beijing_168h_24h_station1013_seed2047_center_lstm_h64.npz
beijing_168h_24h_station1013_seed2048_center_lstm_h64,beijing,168,24,1013,2048,lstm,,center_lstm_h64,,,,,completed,17.0,1.116041898727417,8.38032097299947,0.0270741770000313,,test,,1,9.0,18712.0,18712.0,18712.0,predictions/beijing_168h_24h_station1013_seed2048_center_lstm_h64.npz,checkpoints/beijing_168h_24h_station1013_seed2048_center_lstm_h64.pt,training_logs/beijing_168h_24h_station1013_seed2048_center_lstm_h64.csv,0.6543700695037842,0.8089314368373776,0.5591877102851868,60.169315338134766,41.59307098388672,55.542362213134766,False,,,72.7971420288086,50.40897750854492,-17.346596773918016,True,center_lstm_h64,64.0,experiments/results/baseline_v2/reused/backbone_upgrade/experiments/results/trainable_matched/predictions/beijing_168h_24h_station1013_seed2048_center_lstm_h64.npz
beijing_168h_24h_station1013_seed2049_center_lstm_h64,beijing,168,24,1013,2049,lstm,,center_lstm_h64,,,,,completed,14.0,1.2176622152328491,7.312561726999775,0.0267949720000615,,test,,1,9.0,18712.0,18712.0,18712.0,predictions/beijing_168h_24h_station1013_seed2049_center_lstm_h64.npz,checkpoints/beijing_168h_24h_station1013_seed2049_center_lstm_h64.pt,training_logs/beijing_168h_24h_station1013_seed2049_center_lstm_h64.csv,0.680644690990448,0.8250119338472917,0.5724606513977051,61.36540603637695,42.58032989501953,55.76416778564453,False,,,66.645751953125,46.83631896972656,-7.923004485660174,True,center_lstm_h64,64.0,experiments/results/baseline_v2/reused/backbone_upgrade/experiments/results/trainable_matched/predictions/beijing_168h_24h_station1013_seed2049_center_lstm_h64.npz
beijing_24h_1h_station1013_seed2047_center_lstm_h8,beijing,24,1,1013,2047,lstm,,center_lstm_h8,,,,,completed,40.0,0.1467267870903015,3.223817113000223,0.0092728429999624,,test,,1,9.0,361.0,361.0,361.0,predictions/beijing_24h_1h_station1013_seed2047_center_lstm_h8.npz,checkpoints/beijing_24h_1h_station1013_seed2047_center_lstm_h8.pt,training_logs/beijing_24h_1h_station1013_seed2047_center_lstm_h8.csv,0.0767153799533844,0.2769754139872064,0.1387065649032592,20.64012908935547,10.336373329162598,16.494129180908203,False,,,20.988380432128903,10.146111488342283,-1.6592578160072446,True,center_lstm_h8,8.0,experiments/results/baseline_v2/reused/backbone_upgrade/experiments/results/trainable_matched/predictions/beijing_24h_1h_station1013_seed2047_center_lstm_h8.npz
beijing_24h_1h_station1013_seed2048_center_lstm_h8,beijing,24,1,1013,2048,lstm,,center_lstm_h8,,,,,completed,40.0,0.1566241085529327,3.1851273299998866,0.0064962410006046,,test,,1,9.0,361.0,361.0,361.0,predictions/beijing_24h_1h_station1013_seed2048_center_lstm_h8.npz,checkpoints/beijing_24h_1h_station1013_seed2048_center_lstm_h8.pt,training_logs/beijing_24h_1h_station1013_seed2048_center_lstm_h8.csv,0.079591579735279,0.2821197967801605,0.1434250921010971,21.023487091064453,10.687996864318848,16.887062072753906,False,,,20.778905868530277,10.011322021484377,1.1770649719559836,False,center_lstm_h8,8.0,experiments/results/baseline_v2/reused/backbone_upgrade/experiments/results/trainable_matched/predictions/beijing_24h_1h_station1013_seed2048_center_lstm_h8.npz
beijing_24h_1h_station1013_seed2049_center_lstm_h8,beijing,24,1,1013,2049,lstm,,center_lstm_h8,,,,,completed,40.0,0.1342902779579162,3.18247788699955,0.0065152400002261,,test,,1,9.0,361.0,361.0,361.0,predictions/beijing_24h_1h_station1013_seed2049_center_lstm_h8.npz,checkpoints/beijing_24h_1h_station1013_seed2049_center_lstm_h8.pt,training_logs/beijing_24h_1h_station1013_seed2049_center_lstm_h8.csv,0.0765518844127655,0.2766801120658395,0.1385358870029449,20.61812210083008,10.323654174804688,16.985912322998047,False,,,20.896221160888672,10.110241889953612,-1.330858138978288,True,center_lstm_h8,8.0,experiments/results/baseline_v2/reused/backbone_upgrade/experiments/results/trainable_matched/predictions/beijing_24h_1h_station1013_seed2049_center_lstm_h8.npz
beijing_24h_1h_station1013_seed2050_center_lstm_h8,beijing,24,1,1013,2050,lstm,,center_lstm_h8,,,,,completed,40.0,0.137262538075447,3.2063633039997512,0.0065323250000801,,test,,1,9.0,361.0,361.0,361.0,predictions/beijing_24h_1h_station1013_seed2050_center_lstm_h8.npz,checkpoints/beijing_24h_1h_station1013_seed2050_center_lstm_h8.pt,training_logs/beijing_24h_1h_station1013_seed2050_center_lstm_h8.csv,0.0752166137099266,0.2742564743263622,0.1357964873313903,20.437515258789062,10.119516372680664,16.05414581298828,False,,,21.0170955657959,10.084884643554688,-2.757661281942635,True,center_lstm_h8,8.0,experiments/results/baseline_v2/reused/backbone_upgrade/experiments/results/trainable_matched/predictions/beijing_24h_1h_station1013_seed2050_center_lstm_h8.npz
beijing_24h_1h_station1013_seed2051_center_lstm_h8,beijing,24,1,1013,2051,lstm,,center_lstm_h8,,,,,completed,40.0,0.1424892693758011,3.243291627999497,0.0064986270008375,,test,,1,9.0,361.0,361.0,361.0,predictions/beijing_24h_1h_station1013_seed2051_center_lstm_h8.npz,checkpoints/beijing_24h_1h_station1013_seed2051_center_lstm_h8.pt,training_logs/beijing_24h_1h_station1013_seed2051_center_lstm_h8.csv,0.0795936658978462,0.282123494055079,0.1414482295513153,21.02376365661621,10.540681838989258,16.532482147216797,False,,,20.71529197692871,10.02131462097168,1.4891012882225114,False,center_lstm_h8,8.0,experiments/results/baseline_v2/reused/backbone_upgrade/experiments/results/trainable_matched/predictions/beijing_24h_1h_station1013_seed2051_center_lstm_h8.npz
beijing_24h_3h_station1013_seed2047_center_lstm_h8,beijing,24,3,1013,2047,lstm,,center_lstm_h8,,,,,completed,40.0,0.3194668889045715,3.412924059000943,0.006585114999325,,test,,1,9.0,379.0,379.0,379.0,predictions/beijing_24h_3h_station1013_seed2047_center_lstm_h8.npz,checkpoints/beijing_24h_3h_station1013_seed2047_center_lstm_h8.pt,training_logs/beijing_24h_3h_station1013_seed2047_center_lstm_h8.csv,0.1683253347873687,0.4102747064923315,0.2261330485343933,30.57355499267578,16.851369857788086,25.20981788635254,False,,,30.44579696655273,16.024797439575195,0.41962450929894646,False,center_lstm_h8,8.0,experiments/results/baseline_v2/reused/backbone_upgrade/experiments/results/trainable_matched/predictions/beijing_24h_3h_station1013_seed2047_center_lstm_h8.npz
beijing_24h_3h_station1013_seed2048_center_lstm_h8,beijing,24,3,1013,2048,lstm,,center_lstm_h8,,,,,completed,40.0,0.2973975539207458,3.3097800470004586,0.0066389049989084,,test,,1,9.0,379.0,379.0,379.0,predictions/beijing_24h_3h_station1013_seed2048_center_lstm_h8.npz,checkpoints/beijing_24h_3h_station1013_seed2048_center_lstm_h8.pt,training_logs/beijing_24h_3h_station1013_seed2048_center_lstm_h8.csv,0.1618580073118209,0.4023158054461954,0.219203770160675,29.98046112060547,16.335002899169922,24.758737564086918,False,,,30.800689697265625,16.063575744628906,-2.6630201619575202,True,center_lstm_h8,8.0,experiments/results/baseline_v2/reused/backbone_upgrade/experiments/results/trainable_matched/predictions/beijing_24h_3h_station1013_seed2048_center_lstm_h8.npz
beijing_24h_3h_station1013_seed2049_center_lstm_h8,beijing,24,3,1013,2049,lstm,,center_lstm_h8,,,,,completed,40.0,0.2892913818359375,3.307259271001385,0.006654291999439,,test,,1,9.0,379.0,379.0,379.0,predictions/beijing_24h_3h_station1013_seed2049_center_lstm_h8.npz,checkpoints/beijing_24h_3h_station1013_seed2049_center_lstm_h8.pt,training_logs/beijing_24h_3h_station1013_seed2049_center_lstm_h8.csv,0.1629964411258697,0.403728177275094,0.2186264097690582,30.085708618164062,16.29197883605957,24.52619171142578,False,,,30.58614921569824,16.17045021057129,-1.636167384148269,True,center_lstm_h8,8.0,experiments/results/baseline_v2/reused/backbone_upgrade/experiments/results/trainable_matched/predictions/beijing_24h_3h_station1013_seed2049_center_lstm_h8.npz
beijing_24h_6h_station1013_seed2047_center_lstm_h8,beijing,24,6,1013,2047,lstm,,center_lstm_h8,,,,,completed,40.0,0.523451566696167,4.550620314999833,0.0066183320013806,,test,,1,9.0,406.0,406.0,406.0,predictions/beijing_24h_6h_station1013_seed2047_center_lstm_h8.npz,checkpoints/beijing_24h_6h_station1013_seed2047_center_lstm_h8.pt,training_logs/beijing_24h_6h_station1013_seed2047_center_lstm_h8.csv,0.2830056548118591,0.5319827580024179,0.3161579966545105,39.64012145996094,23.55817031860352,33.62887954711914,False,,,40.0059814453125,22.94923591613769,-0.9145132106099857,True,center_lstm_h8,8.0,experiments/results/baseline_v2/reused/backbone_upgrade/experiments/results/trainable_matched/predictions/beijing_24h_6h_station1013_seed2047_center_lstm_h8.npz
beijing_24h_6h_station1013_seed2048_center_lstm_h8,beijing,24,6,1013,2048,lstm,,center_lstm_h8,,,,,completed,40.0,0.5147820115089417,3.5218317230010143,0.0079364310004166,,test,,1,9.0,406.0,406.0,406.0,predictions/beijing_24h_6h_station1013_seed2048_center_lstm_h8.npz,checkpoints/beijing_24h_6h_station1013_seed2048_center_lstm_h8.pt,training_logs/beijing_24h_6h_station1013_seed2048_center_lstm_h8.csv,0.2789231836795807,0.5281317862802624,0.3119848370552063,39.35316848754883,23.24721336364746,33.53327178955078,False,,,39.84638977050781,22.57869529724121,-1.237806701685282,True,center_lstm_h8,8.0,experiments/results/baseline_v2/reused/backbone_upgrade/experiments/results/trainable_matched/predictions/beijing_24h_6h_station1013_seed2048_center_lstm_h8.npz
beijing_24h_6h_station1013_seed2049_center_lstm_h8,beijing,24,6,1013,2049,lstm,,center_lstm_h8,,,,,completed,40.0,0.5003833174705505,3.5120523210007377,0.0077253259987628,,test,,1,9.0,406.0,406.0,406.0,predictions/beijing_24h_6h_station1013_seed2049_center_lstm_h8.npz,checkpoints/beijing_24h_6h_station1013_seed2049_center_lstm_h8.pt,training_logs/beijing_24h_6h_station1013_seed2049_center_lstm_h8.csv,0.2757553458213806,0.5251241242043453,0.3088964819908142,39.12905502319336,23.017087936401367,33.22282028198242,False,,,39.889404296875,22.915658950805664,-1.906143466126436,True,center_lstm_h8,8.0,experiments/results/baseline_v2/reused/backbone_upgrade/experiments/results/trainable_matched/predictions/beijing_24h_6h_station1013_seed2049_center_lstm_h8.npz
beijing_24h_12h_station1013_seed2047_center_lstm_h8,beijing,24,12,1013,2047,lstm,,center_lstm_h8,,,,,completed,40.0,0.8212936520576477,3.8855046099997703,0.0077116779993957,,test,,1,9.0,460.0,460.0,460.0,predictions/beijing_24h_12h_station1013_seed2047_center_lstm_h8.npz,checkpoints/beijing_24h_12h_station1013_seed2047_center_lstm_h8.pt,training_logs/beijing_24h_12h_station1013_seed2047_center_lstm_h8.csv,0.4455491006374359,0.6674946446507537,0.4280243813991546,49.73011016845703,31.88894271850586,43.70382690429688,False,,,51.547157287597656,31.825634002685547,-3.5250190597373834,True,center_lstm_h8,8.0,experiments/results/baseline_v2/reused/backbone_upgrade/experiments/results/trainable_matched/predictions/beijing_24h_12h_station1013_seed2047_center_lstm_h8.npz
beijing_24h_12h_station1013_seed2048_center_lstm_h8,beijing,24,12,1013,2048,lstm,,center_lstm_h8,,,,,completed,40.0,0.8379713296890259,3.3805309799990937,0.0067083360008837,,test,,1,9.0,460.0,460.0,460.0,predictions/beijing_24h_12h_station1013_seed2048_center_lstm_h8.npz,checkpoints/beijing_24h_12h_station1013_seed2048_center_lstm_h8.pt,training_logs/beijing_24h_12h_station1013_seed2048_center_lstm_h8.csv,0.4465653300285339,0.6682554377096634,0.4279932975769043,49.78678894042969,31.886627197265625,43.42657470703125,False,,,51.48316192626953,31.6285343170166,-3.2950054393886425,True,center_lstm_h8,8.0,experiments/results/baseline_v2/reused/backbone_upgrade/experiments/results/trainable_matched/predictions/beijing_24h_12h_station1013_seed2048_center_lstm_h8.npz
beijing_24h_12h_station1013_seed2049_center_lstm_h8,beijing,24,12,1013,2049,lstm,,center_lstm_h8,,,,,completed,39.0,0.8268945217132568,3.25906255100017,0.0067330230012885,,test,,1,9.0,460.0,460.0,460.0,predictions/beijing_24h_12h_station1013_seed2049_center_lstm_h8.npz,checkpoints/beijing_24h_12h_station1013_seed2049_center_lstm_h8.pt,training_logs/beijing_24h_12h_station1013_seed2049_center_lstm_h8.csv,0.4451833069324493,0.6672205834148474,0.4280584454536438,49.70969009399414,31.891481399536133,43.644161224365234,False,,,51.83720016479492,32.26030349731445,-4.104214857355806,True,center_lstm_h8,8.0,experiments/results/baseline_v2/reused/backbone_upgrade/experiments/results/trainable_matched/predictions/beijing_24h_12h_station1013_seed2049_center_lstm_h8.npz
beijing_24h_24h_station1013_seed2047_center_lstm_h8,beijing,24,24,1013,2047,lstm,,center_lstm_h8,,,,,completed,39.0,1.214356780052185,3.3295751749992637,0.0069491449994529,,test,,1,9.0,568.0,568.0,568.0,predictions/beijing_24h_24h_station1013_seed2047_center_lstm_h8.npz,checkpoints/beijing_24h_24h_station1013_seed2047_center_lstm_h8.pt,training_logs/beijing_24h_24h_station1013_seed2047_center_lstm_h8.csv,0.6420041918754578,0.8012516407942375,0.5550719499588013,59.67770767211914,41.34209442138672,54.46602249145508,False,,,64.3062973022461,43.40291213989258,-7.197723744491328,True,center_lstm_h8,8.0,experiments/results/baseline_v2/reused/backbone_upgrade/experiments/results/trainable_matched/predictions/beijing_24h_24h_station1013_seed2047_center_lstm_h8.npz
beijing_24h_24h_station1013_seed2048_center_lstm_h8,beijing,24,24,1013,2048,lstm,,center_lstm_h8,,,,,completed,39.0,1.2168675661087036,3.257810391000021,0.0069175079988781,,test,,1,9.0,568.0,568.0,568.0,predictions/beijing_24h_24h_station1013_seed2048_center_lstm_h8.npz,checkpoints/beijing_24h_24h_station1013_seed2048_center_lstm_h8.pt,training_logs/beijing_24h_24h_station1013_seed2048_center_lstm_h8.csv,0.6444621682167053,0.8027840109373787,0.5543926954269409,59.79183578491211,41.29150390625,54.63108825683594,False,,,64.8437271118164,43.64160919189453,-7.790871302312442,True,center_lstm_h8,8.0,experiments/results/baseline_v2/reused/backbone_upgrade/experiments/results/trainable_matched/predictions/beijing_24h_24h_station1013_seed2048_center_lstm_h8.npz
beijing_24h_24h_station1013_seed2049_center_lstm_h8,beijing,24,24,1013,2049,lstm,,center_lstm_h8,,,,,completed,40.0,1.2142294645309448,3.268946705999042,0.0067634789993462,,test,,1,9.0,568.0,568.0,568.0,predictions/beijing_24h_24h_station1013_seed2049_center_lstm_h8.npz,checkpoints/beijing_24h_24h_station1013_seed2049_center_lstm_h8.pt,training_logs/beijing_24h_24h_station1013_seed2049_center_lstm_h8.csv,0.6456208825111389,0.8035053717998025,0.5558586120605469,59.84556579589844,41.40068435668945,54.59135818481445,False,,,65.344482421875,44.265323638916016,-8.41527306081427,True,center_lstm_h8,8.0,experiments/results/baseline_v2/reused/backbone_upgrade/experiments/results/trainable_matched/predictions/beijing_24h_24h_station1013_seed2049_center_lstm_h8.npz
beijing_48h_1h_station1013_seed2047_center_lstm_h8,beijing,48,1,1013,2047,lstm,,center_lstm_h8,,,,,completed,40.0,0.1465090811252594,5.970522723000613,0.0126284420002775,,test,,1,9.0,361.0,361.0,361.0,predictions/beijing_48h_1h_station1013_seed2047_center_lstm_h8.npz,checkpoints/beijing_48h_1h_station1013_seed2047_center_lstm_h8.pt,training_logs/beijing_48h_1h_station1013_seed2047_center_lstm_h8.csv,0.0768506601452827,0.277219516169556,0.1393713057041168,20.647476196289062,10.380459785461426,16.803939819335938,False,,,20.97980499267578,10.450782775878906,-1.5840413983959212,True,center_lstm_h8,8.0,experiments/results/baseline_v2/reused/backbone_upgrade/experiments/results/trainable_matched/predictions/beijing_48h_1h_station1013_seed2047_center_lstm_h8.npz
beijing_48h_1h_station1013_seed2048_center_lstm_h8,beijing,48,1,1013,2048,lstm,,center_lstm_h8,,,,,completed,40.0,0.1595573425292968,6.02007574199888,0.0121300629998586,,test,,1,9.0,361.0,361.0,361.0,predictions/beijing_48h_1h_station1013_seed2048_center_lstm_h8.npz,checkpoints/beijing_48h_1h_station1013_seed2048_center_lstm_h8.pt,training_logs/beijing_48h_1h_station1013_seed2048_center_lstm_h8.csv,0.0804431736469268,0.2836250582140563,0.1448772698640823,21.12456703186035,10.790546417236328,17.437713623046875,False,,,20.553361892700195,10.137685775756836,2.779132397620204,False,center_lstm_h8,8.0,experiments/results/baseline_v2/reused/backbone_upgrade/experiments/results/trainable_matched/predictions/beijing_48h_1h_station1013_seed2048_center_lstm_h8.npz
beijing_48h_1h_station1013_seed2049_center_lstm_h8,beijing,48,1,1013,2049,lstm,,center_lstm_h8,,,,,completed,40.0,0.134415403008461,6.102504382999541,0.0122168050002073,,test,,1,9.0,361.0,361.0,361.0,predictions/beijing_48h_1h_station1013_seed2049_center_lstm_h8.npz,checkpoints/beijing_48h_1h_station1013_seed2049_center_lstm_h8.pt,training_logs/beijing_48h_1h_station1013_seed2049_center_lstm_h8.csv,0.0768079310655593,0.2771424382254717,0.138766199350357,20.64173698425293,10.3353910446167,16.917072296142578,False,,,20.929391860961918,10.169209480285645,-1.3744062828960157,True,center_lstm_h8,8.0,experiments/results/baseline_v2/reused/backbone_upgrade/experiments/results/trainable_matched/predictions/beijing_48h_1h_station1013_seed2049_center_lstm_h8.npz
beijing_48h_3h_station1013_seed2047_center_lstm_h8,beijing,48,3,1013,2047,lstm,,center_lstm_h8,,,,,completed,40.0,0.3233205378055572,5.964017674999923,0.0120512749999761,,test,,1,9.0,379.0,379.0,379.0,predictions/beijing_48h_3h_station1013_seed2047_center_lstm_h8.npz,checkpoints/beijing_48h_3h_station1013_seed2047_center_lstm_h8.pt,training_logs/beijing_48h_3h_station1013_seed2047_center_lstm_h8.csv,0.170381098985672,0.4127724542477029,0.2268270254135131,30.74117851257324,16.892915725708008,24.22965240478516,False,,,31.18783187866211,16.69637680053711,-1.4321398416747884,True,center_lstm_h8,8.0,experiments/results/baseline_v2/reused/backbone_upgrade/experiments/results/trainable_matched/predictions/beijing_48h_3h_station1013_seed2047_center_lstm_h8.npz
beijing_48h_3h_station1013_seed2048_center_lstm_h8,beijing,48,3,1013,2048,lstm,,center_lstm_h8,,,,,completed,40.0,0.2985120415687561,5.951540342999579,0.0121849490005843,,test,,1,9.0,379.0,379.0,379.0,predictions/beijing_48h_3h_station1013_seed2048_center_lstm_h8.npz,checkpoints/beijing_48h_3h_station1013_seed2048_center_lstm_h8.pt,training_logs/beijing_48h_3h_station1013_seed2048_center_lstm_h8.csv,0.1625144928693771,0.4031308632062015,0.2198981195688247,30.023120880126957,16.37688636779785,24.71651077270508,False,,,31.051353454589844,16.6970157623291,-3.311393739943079,True,center_lstm_h8,8.0,experiments/results/baseline_v2/reused/backbone_upgrade/experiments/results/trainable_matched/predictions/beijing_48h_3h_station1013_seed2048_center_lstm_h8.npz
beijing_48h_3h_station1013_seed2049_center_lstm_h8,beijing,48,3,1013,2049,lstm,,center_lstm_h8,,,,,completed,40.0,0.288381814956665,5.963406474998919,0.0122247119998064,,test,,1,9.0,379.0,379.0,379.0,predictions/beijing_48h_3h_station1013_seed2049_center_lstm_h8.npz,checkpoints/beijing_48h_3h_station1013_seed2049_center_lstm_h8.pt,training_logs/beijing_48h_3h_station1013_seed2049_center_lstm_h8.csv,0.1635032296180725,0.4043553259425088,0.2179692089557647,30.114315032958984,16.233230590820312,24.34610939025879,False,,,31.17669677734375,16.931669235229492,-3.407614834798032,True,center_lstm_h8,8.0,experiments/results/baseline_v2/reused/backbone_upgrade/experiments/results/trainable_matched/predictions/beijing_48h_3h_station1013_seed2049_center_lstm_h8.npz
beijing_48h_6h_station1013_seed2047_center_lstm_h8,beijing,48,6,1013,2047,lstm,,center_lstm_h8,,,,,completed,39.0,0.520711362361908,5.989311529998304,0.0121635299983609,,test,,1,9.0,406.0,406.0,406.0,predictions/beijing_48h_6h_station1013_seed2047_center_lstm_h8.npz,checkpoints/beijing_48h_6h_station1013_seed2047_center_lstm_h8.pt,training_logs/beijing_48h_6h_station1013_seed2047_center_lstm_h8.csv,0.2826496660709381,0.5316480659900289,0.3177544772624969,39.59442901611328,23.664730072021484,34.04585647583008,False,,,41.811302185058594,24.404136657714844,-5.302090710146596,True,center_lstm_h8,8.0,experiments/results/baseline_v2/reused/backbone_upgrade/experiments/results/trainable_matched/predictions/beijing_48h_6h_station1013_seed2047_center_lstm_h8.npz
beijing_48h_6h_station1013_seed2048_center_lstm_h8,beijing,48,6,1013,2048,lstm,,center_lstm_h8,,,,,completed,39.0,0.517320454120636,6.036276207998526,0.0121601049995661,,test,,1,9.0,406.0,406.0,406.0,predictions/beijing_48h_6h_station1013_seed2048_center_lstm_h8.npz,checkpoints/beijing_48h_6h_station1013_seed2048_center_lstm_h8.pt,training_logs/beijing_48h_6h_station1013_seed2048_center_lstm_h8.csv,0.2807066142559051,0.5298175292078445,0.3159584105014801,39.458099365234375,23.53096389770508,34.04243469238281,False,,,41.650672912597656,23.962068557739254,-5.264197176272069,True,center_lstm_h8,8.0,experiments/results/baseline_v2/reused/backbone_upgrade/experiments/results/trainable_matched/predictions/beijing_48h_6h_station1013_seed2048_center_lstm_h8.npz
beijing_48h_6h_station1013_seed2049_center_lstm_h8,beijing,48,6,1013,2049,lstm,,center_lstm_h8,,,,,completed,39.0,0.5006685853004456,5.984140350999951,0.0121037450007861,,test,,1,9.0,406.0,406.0,406.0,predictions/beijing_48h_6h_station1013_seed2049_center_lstm_h8.npz,checkpoints/beijing_48h_6h_station1013_seed2049_center_lstm_h8.pt,training_logs/beijing_48h_6h_station1013_seed2049_center_lstm_h8.csv,0.2768508493900299,0.5261661803936375,0.3099119067192077,39.18616485595703,23.08065223693848,33.43499755859375,False,,,42.05476379394531,24.104082107543945,-6.821103435614297,True,center_lstm_h8,8.0,experiments/results/baseline_v2/reused/backbone_upgrade/experiments/results/trainable_matched/predictions/beijing_48h_6h_station1013_seed2049_center_lstm_h8.npz
beijing_48h_12h_station1013_seed2047_center_lstm_h8,beijing,48,12,1013,2047,lstm,,center_lstm_h8,,,,,completed,40.0,0.8245955109596252,5.980563408000307,0.0122162500010745,,test,,1,9.0,460.0,460.0,460.0,predictions/beijing_48h_12h_station1013_seed2047_center_lstm_h8.npz,checkpoints/beijing_48h_12h_station1013_seed2047_center_lstm_h8.pt,training_logs/beijing_48h_12h_station1013_seed2047_center_lstm_h8.csv,0.446475625038147,0.6681883155504494,0.4294435083866119,49.75509262084961,31.977516174316406,43.8163948059082,False,,,57.32188415527344,35.63805389404297,-13.200528290254582,True,center_lstm_h8,8.0,experiments/results/baseline_v2/reused/backbone_upgrade/experiments/results/trainable_matched/predictions/beijing_48h_12h_station1013_seed2047_center_lstm_h8.npz
beijing_48h_12h_station1013_seed2048_center_lstm_h8,beijing,48,12,1013,2048,lstm,,center_lstm_h8,,,,,completed,40.0,0.8293917179107666,6.001168568000139,0.0122411440006544,,test,,1,9.0,460.0,460.0,460.0,predictions/beijing_48h_12h_station1013_seed2048_center_lstm_h8.npz,checkpoints/beijing_48h_12h_station1013_seed2048_center_lstm_h8.pt,training_logs/beijing_48h_12h_station1013_seed2048_center_lstm_h8.csv,0.4466002285480499,0.6682815488609946,0.4301730692386627,49.76203536987305,32.03184127807617,43.95102691650391,False,,,52.859134674072266,33.03700637817383,-5.8591562712780565,True,center_lstm_h8,8.0,experiments/results/baseline_v2/reused/backbone_upgrade/experiments/results/trainable_matched/predictions/beijing_48h_12h_station1013_seed2048_center_lstm_h8.npz
beijing_48h_12h_station1013_seed2049_center_lstm_h8,beijing,48,12,1013,2049,lstm,,center_lstm_h8,,,,,completed,39.0,0.8257049322128296,6.025687662999189,0.0122196749998693,,test,,1,9.0,460.0,460.0,460.0,predictions/beijing_48h_12h_station1013_seed2049_center_lstm_h8.npz,checkpoints/beijing_48h_12h_station1013_seed2049_center_lstm_h8.pt,training_logs/beijing_48h_12h_station1013_seed2049_center_lstm_h8.csv,0.4463385641574859,0.6680857461115945,0.4295302033424377,49.74745941162109,31.983970642089844,43.78305816650391,False,,,55.133583068847656,34.52684020996094,-9.76922477630501,True,center_lstm_h8,8.0,experiments/results/baseline_v2/reused/backbone_upgrade/experiments/results/trainable_matched/predictions/beijing_48h_12h_station1013_seed2049_center_lstm_h8.npz
beijing_48h_24h_station1013_seed2047_center_lstm_h8,beijing,48,24,1013,2047,lstm,,center_lstm_h8,,,,,completed,39.0,1.2263849973678589,6.034161398998549,0.0122113160014123,,test,,1,9.0,568.0,568.0,568.0,predictions/beijing_48h_24h_station1013_seed2047_center_lstm_h8.npz,checkpoints/beijing_48h_24h_station1013_seed2047_center_lstm_h8.pt,training_logs/beijing_48h_24h_station1013_seed2047_center_lstm_h8.csv,0.6403908729553223,0.8002442583082507,0.5548422932624817,59.56974792480469,41.302154541015625,54.52916717529297,False,,,69.85392761230469,46.93188095092773,-14.722407227519236,True,center_lstm_h8,8.0,experiments/results/baseline_v2/reused/backbone_upgrade/experiments/results/trainable_matched/predictions/beijing_48h_24h_station1013_seed2047_center_lstm_h8.npz
beijing_48h_24h_station1013_seed2048_center_lstm_h8,beijing,48,24,1013,2048,lstm,,center_lstm_h8,,,,,completed,40.0,1.2142765522003174,6.0066258999995625,0.0123825240007136,,test,,1,9.0,568.0,568.0,568.0,predictions/beijing_48h_24h_station1013_seed2048_center_lstm_h8.npz,checkpoints/beijing_48h_24h_station1013_seed2048_center_lstm_h8.pt,training_logs/beijing_48h_24h_station1013_seed2048_center_lstm_h8.csv,0.6421331763267517,0.8013321261042463,0.5542184114456177,59.65073013305664,41.25571060180664,54.4947509765625,False,,,68.12368774414062,45.795066833496094,-12.43760854947661,True,center_lstm_h8,8.0,experiments/results/baseline_v2/reused/backbone_upgrade/experiments/results/trainable_matched/predictions/beijing_48h_24h_station1013_seed2048_center_lstm_h8.npz
beijing_48h_24h_station1013_seed2049_center_lstm_h8,beijing,48,24,1013,2049,lstm,,center_lstm_h8,,,,,completed,40.0,1.2229081392288208,6.016756834998887,0.0122447419998934,,test,,1,9.0,568.0,568.0,568.0,predictions/beijing_48h_24h_station1013_seed2049_center_lstm_h8.npz,checkpoints/beijing_48h_24h_station1013_seed2049_center_lstm_h8.pt,training_logs/beijing_48h_24h_station1013_seed2049_center_lstm_h8.csv,0.6444492340087891,0.8027759550514634,0.5552921891212463,59.75820541381836,41.33565139770508,54.46553039550781,False,,,70.52690887451172,47.815460205078125,-15.268928743005135,True,center_lstm_h8,8.0,experiments/results/baseline_v2/reused/backbone_upgrade/experiments/results/trainable_matched/predictions/beijing_48h_24h_station1013_seed2049_center_lstm_h8.npz
beijing_72h_1h_station1013_seed2047_center_lstm_h8,beijing,72,1,1013,2047,lstm,,center_lstm_h8,,,,,completed,30.0,0.3372214436531067,4.379999798999052,0.0112190849995386,,test,,1,9.0,361.0,361.0,361.0,predictions/beijing_72h_1h_station1013_seed2047_center_lstm_h8.npz,checkpoints/beijing_72h_1h_station1013_seed2047_center_lstm_h8.pt,training_logs/beijing_72h_1h_station1013_seed2047_center_lstm_h8.csv,0.1425400525331497,0.3775447689124426,0.2178778946399688,28.10422706604004,16.21870994567871,25.884780883789062,False,,,21.06454849243164,10.74881076812744,33.41955597167303,False,center_lstm_h8,8.0,experiments/results/baseline_v2/reused/backbone_upgrade/experiments/results/trainable_matched/predictions/beijing_72h_1h_station1013_seed2047_center_lstm_h8.npz
beijing_72h_1h_station1013_seed2048_center_lstm_h8,beijing,72,1,1013,2048,lstm,,center_lstm_h8,,,,,completed,30.0,0.45320725440979,3.823133829000653,0.0110583219993714,,test,,1,9.0,361.0,361.0,361.0,predictions/beijing_72h_1h_station1013_seed2048_center_lstm_h8.npz,checkpoints/beijing_72h_1h_station1013_seed2048_center_lstm_h8.pt,training_logs/beijing_72h_1h_station1013_seed2048_center_lstm_h8.csv,0.1780608296394348,0.421972546073124,0.2497682422399521,31.41140365600586,18.59261131286621,28.517658233642575,False,,,20.968732833862305,10.600374221801758,49.80115348353209,False,center_lstm_h8,8.0,experiments/results/baseline_v2/reused/backbone_upgrade/experiments/results/trainable_matched/predictions/beijing_72h_1h_station1013_seed2048_center_lstm_h8.npz
beijing_72h_1h_station1013_seed2049_center_lstm_h8,beijing,72,1,1013,2049,lstm,,center_lstm_h8,,,,,completed,30.0,0.2973603904247284,3.8289447560000553,0.0112704350012791,,test,,1,9.0,361.0,361.0,361.0,predictions/beijing_72h_1h_station1013_seed2049_center_lstm_h8.npz,checkpoints/beijing_72h_1h_station1013_seed2049_center_lstm_h8.pt,training_logs/beijing_72h_1h_station1013_seed2049_center_lstm_h8.csv,0.135004773736,0.3674299575919199,0.2152139693498611,27.35128593444824,16.020408630371094,26.58190155029297,False,,,21.28269386291504,10.951455116271973,28.514210234014048,False,center_lstm_h8,8.0,experiments/results/baseline_v2/reused/backbone_upgrade/experiments/results/trainable_matched/predictions/beijing_72h_1h_station1013_seed2049_center_lstm_h8.npz
beijing_72h_3h_station1013_seed2047_center_lstm_h8,beijing,72,3,1013,2047,lstm,,center_lstm_h8,,,,,completed,30.0,0.5767667293548584,3.840252017000239,0.0111112100003083,,test,,1,9.0,379.0,379.0,379.0,predictions/beijing_72h_3h_station1013_seed2047_center_lstm_h8.npz,checkpoints/beijing_72h_3h_station1013_seed2047_center_lstm_h8.pt,training_logs/beijing_72h_3h_station1013_seed2047_center_lstm_h8.csv,0.2568297684192657,0.5067837491665116,0.3127613663673401,37.72217178344727,23.280223846435547,34.217586517333984,False,,,31.00885581970215,17.128154754638672,21.649673250696573,False,center_lstm_h8,8.0,experiments/results/baseline_v2/reused/backbone_upgrade/experiments/results/trainable_matched/predictions/beijing_72h_3h_station1013_seed2047_center_lstm_h8.npz
beijing_72h_3h_station1013_seed2048_center_lstm_h8,beijing,72,3,1013,2048,lstm,,center_lstm_h8,,,,,completed,30.0,0.4822747707366943,3.8823802690003504,0.0110418439999193,,test,,1,9.0,379.0,379.0,379.0,predictions/beijing_72h_3h_station1013_seed2048_center_lstm_h8.npz,checkpoints/beijing_72h_3h_station1013_seed2048_center_lstm_h8.pt,training_logs/beijing_72h_3h_station1013_seed2048_center_lstm_h8.csv,0.2212036252021789,0.4703228946183451,0.2855823040008545,35.00822830200195,21.25716209411621,32.65857696533203,False,,,31.21354103088379,16.76036262512207,12.157182894960766,False,center_lstm_h8,8.0,experiments/results/baseline_v2/reused/backbone_upgrade/experiments/results/trainable_matched/predictions/beijing_72h_3h_station1013_seed2048_center_lstm_h8.npz
beijing_72h_3h_station1013_seed2049_center_lstm_h8,beijing,72,3,1013,2049,lstm,,center_lstm_h8,,,,,completed,30.0,0.4559032320976257,3.843085078000513,0.011005746999217,,test,,1,9.0,379.0,379.0,379.0,predictions/beijing_72h_3h_station1013_seed2049_center_lstm_h8.npz,checkpoints/beijing_72h_3h_station1013_seed2049_center_lstm_h8.pt,training_logs/beijing_72h_3h_station1013_seed2049_center_lstm_h8.csv,0.2113459408283233,0.4597237657858503,0.2730996608734131,34.21929168701172,20.32802391052246,30.87359619140625,False,,,31.59510612487793,17.138343811035156,8.305670985126111,False,center_lstm_h8,8.0,experiments/results/baseline_v2/reused/backbone_upgrade/experiments/results/trainable_matched/predictions/beijing_72h_3h_station1013_seed2049_center_lstm_h8.npz
beijing_72h_6h_station1013_seed2047_center_lstm_h8,beijing,72,6,1013,2047,lstm,,center_lstm_h8,,,,,completed,30.0,0.7133787870407104,3.894215000998884,0.0111468989998684,,test,,1,9.0,406.0,406.0,406.0,predictions/beijing_72h_6h_station1013_seed2047_center_lstm_h8.npz,checkpoints/beijing_72h_6h_station1013_seed2047_center_lstm_h8.pt,training_logs/beijing_72h_6h_station1013_seed2047_center_lstm_h8.csv,0.348153680562973,0.5900454902488222,0.3799304068088531,43.916805267333984,28.278038024902344,40.48545837402344,False,,,41.74861526489258,24.63315200805664,5.193441719406415,False,center_lstm_h8,8.0,experiments/results/baseline_v2/reused/backbone_upgrade/experiments/results/trainable_matched/predictions/beijing_72h_6h_station1013_seed2047_center_lstm_h8.npz
beijing_72h_6h_station1013_seed2048_center_lstm_h8,beijing,72,6,1013,2048,lstm,,center_lstm_h8,,,,,completed,30.0,0.7030560374259949,3.846827319999648,0.0109815420000813,,test,,1,9.0,406.0,406.0,406.0,predictions/beijing_72h_6h_station1013_seed2048_center_lstm_h8.npz,checkpoints/beijing_72h_6h_station1013_seed2048_center_lstm_h8.pt,training_logs/beijing_72h_6h_station1013_seed2048_center_lstm_h8.csv,0.3434731364250183,0.5860658123666815,0.3762019574642181,43.62059783935547,28.00053024291992,40.71023178100586,False,,,41.156280517578125,24.216215133666992,5.987706592496417,False,center_lstm_h8,8.0,experiments/results/baseline_v2/reused/backbone_upgrade/experiments/results/trainable_matched/predictions/beijing_72h_6h_station1013_seed2048_center_lstm_h8.npz
beijing_72h_6h_station1013_seed2049_center_lstm_h8,beijing,72,6,1013,2049,lstm,,center_lstm_h8,,,,,completed,30.0,0.6884505748748779,3.845656883999254,0.0110065129993017,,test,,1,9.0,406.0,406.0,406.0,predictions/beijing_72h_6h_station1013_seed2049_center_lstm_h8.npz,checkpoints/beijing_72h_6h_station1013_seed2049_center_lstm_h8.pt,training_logs/beijing_72h_6h_station1013_seed2049_center_lstm_h8.csv,0.3303425908088684,0.574754374327737,0.3618937134742737,42.77869415283203,26.93557548522949,38.50416564941406,False,,,41.276737213134766,24.22653007507324,3.6387491868405832,False,center_lstm_h8,8.0,experiments/results/baseline_v2/reused/backbone_upgrade/experiments/results/trainable_matched/predictions/beijing_72h_6h_station1013_seed2049_center_lstm_h8.npz
beijing_72h_12h_station1013_seed2047_center_lstm_h8,beijing,72,12,1013,2047,lstm,,center_lstm_h8,,,,,completed,30.0,0.9533827304840088,3.893903713998952,0.0110960359997989,,test,,1,9.0,460.0,460.0,460.0,predictions/beijing_72h_12h_station1013_seed2047_center_lstm_h8.npz,checkpoints/beijing_72h_12h_station1013_seed2047_center_lstm_h8.pt,training_logs/beijing_72h_12h_station1013_seed2047_center_lstm_h8.csv,0.4918329119682312,0.7013080007872655,0.4726842939853668,52.19644165039063,35.180606842041016,48.73693084716797,False,,,56.09211349487305,35.244869232177734,-6.945132928247549,True,center_lstm_h8,8.0,experiments/results/baseline_v2/reused/backbone_upgrade/experiments/results/trainable_matched/predictions/beijing_72h_12h_station1013_seed2047_center_lstm_h8.npz
beijing_72h_12h_station1013_seed2048_center_lstm_h8,beijing,72,12,1013,2048,lstm,,center_lstm_h8,,,,,completed,30.0,0.9869657754898072,3.8400332250002975,0.0110952170016389,,test,,1,9.0,460.0,460.0,460.0,predictions/beijing_72h_12h_station1013_seed2048_center_lstm_h8.npz,checkpoints/beijing_72h_12h_station1013_seed2048_center_lstm_h8.pt,training_logs/beijing_72h_12h_station1013_seed2048_center_lstm_h8.csv,0.5005777478218079,0.7075151926438102,0.4757650196552276,52.65842819213867,35.40989303588867,48.35369110107422,False,,,55.03749084472656,34.67401123046875,-4.322621936562795,True,center_lstm_h8,8.0,experiments/results/baseline_v2/reused/backbone_upgrade/experiments/results/trainable_matched/predictions/beijing_72h_12h_station1013_seed2048_center_lstm_h8.npz
beijing_72h_12h_station1013_seed2049_center_lstm_h8,beijing,72,12,1013,2049,lstm,,center_lstm_h8,,,,,completed,30.0,0.964452028274536,3.852943634999974,0.0112636179983383,,test,,1,9.0,460.0,460.0,460.0,predictions/beijing_72h_12h_station1013_seed2049_center_lstm_h8.npz,checkpoints/beijing_72h_12h_station1013_seed2049_center_lstm_h8.pt,training_logs/beijing_72h_12h_station1013_seed2049_center_lstm_h8.csv,0.489761471748352,0.6998296019377518,0.4677003622055053,52.08640670776367,34.80966567993164,47.59345245361328,False,,,54.70387268066406,35.244651794433594,-4.784790993098327,True,center_lstm_h8,8.0,experiments/results/baseline_v2/reused/backbone_upgrade/experiments/results/trainable_matched/predictions/beijing_72h_12h_station1013_seed2049_center_lstm_h8.npz
beijing_72h_24h_station1013_seed2047_center_lstm_h8,beijing,72,24,1013,2047,lstm,,center_lstm_h8,,,,,completed,30.0,1.3461236953735352,3.84856801999922,0.011120049000965,,test,,1,9.0,568.0,568.0,568.0,predictions/beijing_72h_24h_station1013_seed2047_center_lstm_h8.npz,checkpoints/beijing_72h_24h_station1013_seed2047_center_lstm_h8.pt,training_logs/beijing_72h_24h_station1013_seed2047_center_lstm_h8.csv,0.6794052124023438,0.8242604032721357,0.5876836776733398,61.33391571044922,43.73004150390625,57.96046447753906,False,,,65.6296157836914,44.675662994384766,-6.545368309636889,True,center_lstm_h8,8.0,experiments/results/baseline_v2/reused/backbone_upgrade/experiments/results/trainable_matched/predictions/beijing_72h_24h_station1013_seed2047_center_lstm_h8.npz
beijing_72h_24h_station1013_seed2048_center_lstm_h8,beijing,72,24,1013,2048,lstm,,center_lstm_h8,,,,,completed,30.0,1.3086963891983032,3.829544808000719,0.0112836160005826,,test,,1,9.0,568.0,568.0,568.0,predictions/beijing_72h_24h_station1013_seed2048_center_lstm_h8.npz,checkpoints/beijing_72h_24h_station1013_seed2048_center_lstm_h8.pt,training_logs/beijing_72h_24h_station1013_seed2048_center_lstm_h8.csv,0.6678467392921448,0.8172189053687786,0.578055739402771,60.80995178222656,43.01362228393555,56.99828338623047,False,,,64.7675552368164,43.77329254150391,-6.110472195714727,True,center_lstm_h8,8.0,experiments/results/baseline_v2/reused/backbone_upgrade/experiments/results/trainable_matched/predictions/beijing_72h_24h_station1013_seed2048_center_lstm_h8.npz
beijing_72h_24h_station1013_seed2049_center_lstm_h8,beijing,72,24,1013,2049,lstm,,center_lstm_h8,,,,,completed,30.0,1.330297827720642,3.833026951999273,0.0109656889999314,,test,,1,9.0,568.0,568.0,568.0,predictions/beijing_72h_24h_station1013_seed2049_center_lstm_h8.npz,checkpoints/beijing_72h_24h_station1013_seed2049_center_lstm_h8.pt,training_logs/beijing_72h_24h_station1013_seed2049_center_lstm_h8.csv,0.6715925931930542,0.8195075308946552,0.5795581340789795,60.980255126953125,43.12541580200195,57.03688430786133,False,,,68.50748443603516,46.28374862670898,-10.987455416072297,True,center_lstm_h8,8.0,experiments/results/baseline_v2/reused/backbone_upgrade/experiments/results/trainable_matched/predictions/beijing_72h_24h_station1013_seed2049_center_lstm_h8.npz
beijing_168h_1h_station1013_seed2047_center_lstm_h8,beijing,168,1,1013,2047,lstm,,center_lstm_h8,,,,,completed,30.0,0.3357919752597809,9.624786734000736,0.5101219289990695,,test,,1,9.0,361.0,361.0,361.0,predictions/beijing_168h_1h_station1013_seed2047_center_lstm_h8.npz,checkpoints/beijing_168h_1h_station1013_seed2047_center_lstm_h8.pt,training_logs/beijing_168h_1h_station1013_seed2047_center_lstm_h8.csv,0.1443157792091369,0.3798891670068218,0.2199391722679138,28.237817764282227,16.348459243774414,26.060209274291992,False,,,21.871671676635746,11.994721412658691,29.106810772251443,False,center_lstm_h8,8.0,experiments/results/baseline_v2/reused/backbone_upgrade/experiments/results/trainable_matched/predictions/beijing_168h_1h_station1013_seed2047_center_lstm_h8.npz
beijing_168h_1h_station1013_seed2048_center_lstm_h8,beijing,168,1,1013,2048,lstm,,center_lstm_h8,,,,,completed,30.0,0.4519732892513275,7.889651572999355,0.0241710350001085,,test,,1,9.0,361.0,361.0,361.0,predictions/beijing_168h_1h_station1013_seed2048_center_lstm_h8.npz,checkpoints/beijing_168h_1h_station1013_seed2048_center_lstm_h8.pt,training_logs/beijing_168h_1h_station1013_seed2048_center_lstm_h8.csv,0.1800223439931869,0.4242904005432917,0.2514239847660064,31.538236618041992,18.688779830932617,28.595849990844727,False,,,21.76912498474121,11.43486213684082,44.87599588935391,False,center_lstm_h8,8.0,experiments/results/baseline_v2/reused/backbone_upgrade/experiments/results/trainable_matched/predictions/beijing_168h_1h_station1013_seed2048_center_lstm_h8.npz
beijing_168h_1h_station1013_seed2049_center_lstm_h8,beijing,168,1,1013,2049,lstm,,center_lstm_h8,,,,,completed,30.0,0.2955087721347809,7.896526630000153,0.0243022700014989,,test,,1,9.0,361.0,361.0,361.0,predictions/beijing_168h_1h_station1013_seed2049_center_lstm_h8.npz,checkpoints/beijing_168h_1h_station1013_seed2049_center_lstm_h8.pt,training_logs/beijing_168h_1h_station1013_seed2049_center_lstm_h8.csv,0.1370406150817871,0.3701899716115863,0.2172134220600128,27.51685905456543,16.14584732055664,26.72920227050781,False,,,22.61062812805176,12.07103443145752,21.698782089236953,False,center_lstm_h8,8.0,experiments/results/baseline_v2/reused/backbone_upgrade/experiments/results/trainable_matched/predictions/beijing_168h_1h_station1013_seed2049_center_lstm_h8.npz
beijing_168h_3h_station1013_seed2047_center_lstm_h8,beijing,168,3,1013,2047,lstm,,center_lstm_h8,,,,,completed,30.0,0.5773604512214661,7.901664997998523,0.0242879130000801,,test,,1,9.0,379.0,379.0,379.0,predictions/beijing_168h_3h_station1013_seed2047_center_lstm_h8.npz,checkpoints/beijing_168h_3h_station1013_seed2047_center_lstm_h8.pt,training_logs/beijing_168h_3h_station1013_seed2047_center_lstm_h8.csv,0.2606091201305389,0.5104988933685742,0.3167077600955963,37.945709228515625,23.54109001159668,34.688167572021484,False,,,31.7686710357666,18.36850929260254,19.4438041987801,False,center_lstm_h8,8.0,experiments/results/baseline_v2/reused/backbone_upgrade/experiments/results/trainable_matched/predictions/beijing_168h_3h_station1013_seed2047_center_lstm_h8.npz
beijing_168h_3h_station1013_seed2048_center_lstm_h8,beijing,168,3,1013,2048,lstm,,center_lstm_h8,,,,,completed,30.0,0.4798016250133514,7.89612120700076,0.0240737599997373,,test,,1,9.0,379.0,379.0,379.0,predictions/beijing_168h_3h_station1013_seed2048_center_lstm_h8.npz,checkpoints/beijing_168h_3h_station1013_seed2048_center_lstm_h8.pt,training_logs/beijing_168h_3h_station1013_seed2048_center_lstm_h8.csv,0.2235661745071411,0.4728278487009211,0.2881850302219391,35.14559555053711,21.420974731445312,32.98828887939453,False,,,31.73417854309082,18.07464408874512,10.7499773558469,False,center_lstm_h8,8.0,experiments/results/baseline_v2/reused/backbone_upgrade/experiments/results/trainable_matched/predictions/beijing_168h_3h_station1013_seed2048_center_lstm_h8.npz
beijing_168h_3h_station1013_seed2049_center_lstm_h8,beijing,168,3,1013,2049,lstm,,center_lstm_h8,,,,,completed,30.0,0.4574286043643951,7.913992007999695,0.0243518650004261,,test,,1,9.0,379.0,379.0,379.0,predictions/beijing_168h_3h_station1013_seed2049_center_lstm_h8.npz,checkpoints/beijing_168h_3h_station1013_seed2049_center_lstm_h8.pt,training_logs/beijing_168h_3h_station1013_seed2049_center_lstm_h8.csv,0.2146808207035064,0.4633366170544979,0.2770499885082245,34.44010543823242,20.59330368041992,31.12784576416016,False,,,32.07843780517578,18.52771759033203,7.362165350444812,False,center_lstm_h8,8.0,experiments/results/baseline_v2/reused/backbone_upgrade/experiments/results/trainable_matched/predictions/beijing_168h_3h_station1013_seed2049_center_lstm_h8.npz
beijing_168h_6h_station1013_seed2047_center_lstm_h8,beijing,168,6,1013,2047,lstm,,center_lstm_h8,,,,,completed,30.0,0.7129759192466736,7.879940795000948,0.0244376789996749,,test,,1,9.0,406.0,406.0,406.0,predictions/beijing_168h_6h_station1013_seed2047_center_lstm_h8.npz,checkpoints/beijing_168h_6h_station1013_seed2047_center_lstm_h8.pt,training_logs/beijing_168h_6h_station1013_seed2047_center_lstm_h8.csv,0.352521687746048,0.593735368447971,0.3837795257568359,44.13272476196289,28.526575088500977,40.87176513671875,False,,,42.01683807373047,25.93600273132324,5.035806560502002,False,center_lstm_h8,8.0,experiments/results/baseline_v2/reused/backbone_upgrade/experiments/results/trainable_matched/predictions/beijing_168h_6h_station1013_seed2047_center_lstm_h8.npz
beijing_168h_6h_station1013_seed2048_center_lstm_h8,beijing,168,6,1013,2048,lstm,,center_lstm_h8,,,,,completed,30.0,0.7038539052009583,7.904372228000284,0.0243440140002348,,test,,1,9.0,406.0,406.0,406.0,predictions/beijing_168h_6h_station1013_seed2048_center_lstm_h8.npz,checkpoints/beijing_168h_6h_station1013_seed2048_center_lstm_h8.pt,training_logs/beijing_168h_6h_station1013_seed2048_center_lstm_h8.csv,0.3488468825817108,0.590632612189431,0.3803364336490631,43.90209579467773,28.270648956298828,40.98708724975586,False,,,42.51594543457031,26.329206466674805,3.260307035252511,False,center_lstm_h8,8.0,experiments/results/baseline_v2/reused/backbone_upgrade/experiments/results/trainable_matched/predictions/beijing_168h_6h_station1013_seed2048_center_lstm_h8.npz
beijing_168h_6h_station1013_seed2049_center_lstm_h8,beijing,168,6,1013,2049,lstm,,center_lstm_h8,,,,,completed,30.0,0.6880072951316833,7.896891251000852,0.0243437989993253,,test,,1,9.0,406.0,406.0,406.0,predictions/beijing_168h_6h_station1013_seed2049_center_lstm_h8.npz,checkpoints/beijing_168h_6h_station1013_seed2049_center_lstm_h8.pt,training_logs/beijing_168h_6h_station1013_seed2049_center_lstm_h8.csv,0.3346865177154541,0.5785209743090168,0.3659330308437347,43.0018310546875,27.200035095214844,38.89999008178711,False,,,42.00048828125,26.010665893554688,2.3841217433763093,False,center_lstm_h8,8.0,experiments/results/baseline_v2/reused/backbone_upgrade/experiments/results/trainable_matched/predictions/beijing_168h_6h_station1013_seed2049_center_lstm_h8.npz
beijing_168h_6h_station1013_seed2050_center_lstm_h8,beijing,168,6,1013,2050,lstm,,center_lstm_h8,,,,,completed,30.0,0.6683845520019531,7.939118960999622,0.0245247740003833,,test,,1,9.0,406.0,406.0,406.0,predictions/beijing_168h_6h_station1013_seed2050_center_lstm_h8.npz,checkpoints/beijing_168h_6h_station1013_seed2050_center_lstm_h8.pt,training_logs/beijing_168h_6h_station1013_seed2050_center_lstm_h8.csv,0.3324442207813263,0.576579760988301,0.3634651899337768,42.857540130615234,27.0165958404541,38.5054931640625,False,,,42.20603942871094,26.009906768798828,1.5436196116073124,False,center_lstm_h8,8.0,experiments/results/baseline_v2/reused/backbone_upgrade/experiments/results/trainable_matched/predictions/beijing_168h_6h_station1013_seed2050_center_lstm_h8.npz
beijing_168h_6h_station1013_seed2051_center_lstm_h8,beijing,168,6,1013,2051,lstm,,center_lstm_h8,,,,,completed,30.0,0.6477218866348267,7.88938913399943,0.0242887709991919,,test,,1,9.0,406.0,406.0,406.0,predictions/beijing_168h_6h_station1013_seed2051_center_lstm_h8.npz,checkpoints/beijing_168h_6h_station1013_seed2051_center_lstm_h8.pt,training_logs/beijing_168h_6h_station1013_seed2051_center_lstm_h8.csv,0.3383338451385498,0.5816647188359887,0.3734485507011413,43.23551177978516,27.758665084838867,40.4852409362793,False,,,41.76411056518555,25.687108993530277,3.523123549591818,False,center_lstm_h8,8.0,experiments/results/baseline_v2/reused/backbone_upgrade/experiments/results/trainable_matched/predictions/beijing_168h_6h_station1013_seed2051_center_lstm_h8.npz
beijing_168h_12h_station1013_seed2047_center_lstm_h8,beijing,168,12,1013,2047,lstm,,center_lstm_h8,,,,,completed,30.0,0.9584203958511353,7.903550188000736,0.0244770789995527,,test,,1,9.0,460.0,460.0,460.0,predictions/beijing_168h_12h_station1013_seed2047_center_lstm_h8.npz,checkpoints/beijing_168h_12h_station1013_seed2047_center_lstm_h8.pt,training_logs/beijing_168h_12h_station1013_seed2047_center_lstm_h8.csv,0.499567449092865,0.7068008553283344,0.477714329957962,52.54338073730469,35.513153076171875,49.12200927734375,False,,,54.23294448852539,36.208377838134766,-3.115382664826877,True,center_lstm_h8,8.0,experiments/results/baseline_v2/reused/backbone_upgrade/experiments/results/trainable_matched/predictions/beijing_168h_12h_station1013_seed2047_center_lstm_h8.npz
beijing_168h_12h_station1013_seed2048_center_lstm_h8,beijing,168,12,1013,2048,lstm,,center_lstm_h8,,,,,completed,30.0,0.9897098541259766,7.896000032000302,0.024476393000441,,test,,1,9.0,460.0,460.0,460.0,predictions/beijing_168h_12h_station1013_seed2048_center_lstm_h8.npz,checkpoints/beijing_168h_12h_station1013_seed2048_center_lstm_h8.pt,training_logs/beijing_168h_12h_station1013_seed2048_center_lstm_h8.csv,0.503241777420044,0.7093953604444027,0.476760059595108,52.73625183105469,35.44220733642578,48.62696838378906,False,,,55.16896057128906,36.87693405151367,-4.409560584508096,True,center_lstm_h8,8.0,experiments/results/baseline_v2/reused/backbone_upgrade/experiments/results/trainable_matched/predictions/beijing_168h_12h_station1013_seed2048_center_lstm_h8.npz
beijing_168h_12h_station1013_seed2049_center_lstm_h8,beijing,168,12,1013,2049,lstm,,center_lstm_h8,,,,,completed,30.0,0.9707252979278564,7.916032945999177,0.0247988190003525,,test,,1,9.0,460.0,460.0,460.0,predictions/beijing_168h_12h_station1013_seed2049_center_lstm_h8.npz,checkpoints/beijing_168h_12h_station1013_seed2049_center_lstm_h8.pt,training_logs/beijing_168h_12h_station1013_seed2049_center_lstm_h8.csv,0.4966883063316345,0.7047611697104449,0.4731348156929016,52.391746520996094,35.17271041870117,48.048439025878906,False,,,58.07843780517578,38.81656646728516,-9.791398493285413,True,center_lstm_h8,8.0,experiments/results/baseline_v2/reused/backbone_upgrade/experiments/results/trainable_matched/predictions/beijing_168h_12h_station1013_seed2049_center_lstm_h8.npz
beijing_168h_24h_station1013_seed2047_center_lstm_h8,beijing,168,24,1013,2047,lstm,,center_lstm_h8,,,,,completed,30.0,1.3499823808670044,7.864983809000478,0.0247521430010237,,test,,1,9.0,568.0,568.0,568.0,predictions/beijing_168h_24h_station1013_seed2047_center_lstm_h8.npz,checkpoints/beijing_168h_24h_station1013_seed2047_center_lstm_h8.pt,training_logs/beijing_168h_24h_station1013_seed2047_center_lstm_h8.csv,0.6884065866470337,0.829702709798536,0.5930508971214294,61.71431350708008,44.11186218261719,58.29172134399414,False,,,67.65840148925781,47.55368041992188,-8.785439577849742,True,center_lstm_h8,8.0,experiments/results/baseline_v2/reused/backbone_upgrade/experiments/results/trainable_matched/predictions/beijing_168h_24h_station1013_seed2047_center_lstm_h8.npz
beijing_168h_24h_station1013_seed2048_center_lstm_h8,beijing,168,24,1013,2048,lstm,,center_lstm_h8,,,,,completed,30.0,1.3127546310424805,7.886426478999056,0.0246534469988546,,test,,1,9.0,568.0,568.0,568.0,predictions/beijing_168h_24h_station1013_seed2048_center_lstm_h8.npz,checkpoints/beijing_168h_24h_station1013_seed2048_center_lstm_h8.pt,training_logs/beijing_168h_24h_station1013_seed2048_center_lstm_h8.csv,0.6754032969474792,0.8218292383138235,0.5833568572998047,61.1286735534668,43.39080047607422,57.37660598754883,False,,,72.7971420288086,50.40897750854492,-16.028745291572218,True,center_lstm_h8,8.0,experiments/results/baseline_v2/reused/backbone_upgrade/experiments/results/trainable_matched/predictions/beijing_168h_24h_station1013_seed2048_center_lstm_h8.npz
beijing_168h_24h_station1013_seed2049_center_lstm_h8,beijing,168,24,1013,2049,lstm,,center_lstm_h8,,,,,completed,30.0,1.3333897590637207,7.866540752998844,0.0247287199999846,,test,,1,9.0,568.0,568.0,568.0,predictions/beijing_168h_24h_station1013_seed2049_center_lstm_h8.npz,checkpoints/beijing_168h_24h_station1013_seed2049_center_lstm_h8.pt,training_logs/beijing_168h_24h_station1013_seed2049_center_lstm_h8.csv,0.6796654462814331,0.8244182471788413,0.5845446586608887,61.32124328613281,43.47915267944336,57.3369026184082,False,,,66.645751953125,46.83631896972656,-7.9892693997018105,True,center_lstm_h8,8.0,experiments/results/baseline_v2/reused/backbone_upgrade/experiments/results/trainable_matched/predictions/beijing_168h_24h_station1013_seed2049_center_lstm_h8.npz
