city,history,horizon,station_id,variant,seed,metric,recorded,recomputed,absolute_difference,pass
beijing,168,12,,center_gru_default,2047,mse_scaled,0.458584576845169,0.45858457684516907,5.551115123125783e-17,True
beijing,168,12,,center_gru_default,2047,rmse_scaled,0.6771887305952227,0.6771887305952227,0.0,True
beijing,168,12,,center_gru_default,2047,mae_scaled,0.4347897469997406,0.4347897469997406,0.0,True
beijing,168,12,,center_gru_default,2047,rmse_ugm3,50.34202194213867,50.34202194213867,0.0,True
beijing,168,12,,center_gru_default,2047,mae_ugm3,32.32215118408203,32.32215118408203,0.0,True
beijing,168,12,,center_gru_default,2047,smape_percent,44.7188606262207,44.7188606262207,0.0,True
beijing,168,12,,center_gru_default,2048,mse_scaled,0.5399404764175415,0.5399404764175415,0.0,True
beijing,168,12,,center_gru_default,2048,rmse_scaled,0.734806421050838,0.734806421050838,0.0,True
beijing,168,12,,center_gru_default,2048,mae_scaled,0.5129082798957825,0.5129082798957825,0.0,True
beijing,168,12,,center_gru_default,2048,rmse_ugm3,54.62530517578125,54.62530517578125,0.0,True
beijing,168,12,,center_gru_default,2048,mae_ugm3,38.12945938110352,38.129459381103516,7.105427357601002e-15,True
beijing,168,12,,center_gru_default,2048,smape_percent,52.66020202636719,52.66020202636719,0.0,True
beijing,168,12,,center_lstm_default,2047,mse_scaled,0.9969786405563354,0.9969786405563354,0.0,True
beijing,168,12,,center_lstm_default,2047,rmse_scaled,0.9984881774744934,0.9984881774744934,0.0,True
beijing,168,12,,center_lstm_default,2047,mae_scaled,0.7574573159217834,0.7574573159217834,0.0,True
beijing,168,12,,center_lstm_default,2047,rmse_ugm3,74.22733306884766,74.22733306884766,0.0,True
beijing,168,12,,center_lstm_default,2047,mae_ugm3,56.30916976928711,56.30916976928711,0.0,True
beijing,168,12,,center_lstm_default,2047,smape_percent,71.50933074951172,71.50933074951172,0.0,True
beijing,168,12,,center_tcn_default,2047,mse_scaled,0.8006572723388672,0.8006572723388672,0.0,True
beijing,168,12,,center_tcn_default,2047,rmse_scaled,0.8947945419697569,0.8947945419697569,0.0,True
beijing,168,12,,center_tcn_default,2047,mae_scaled,0.6774799227714539,0.6774799227714539,0.0,True
beijing,168,12,,center_tcn_default,2047,rmse_ugm3,66.5187759399414,66.5187759399414,0.0,True
beijing,168,12,,center_tcn_default,2047,mae_ugm3,50.36367416381836,50.36367416381836,0.0,True
beijing,168,12,,center_tcn_default,2047,smape_percent,63.53181457519531,63.53181457519531,0.0,True
beijing,168,12,,center_tcn_default,2048,mse_scaled,0.7604323625564575,0.7604323625564575,0.0,True
beijing,168,12,,center_tcn_default,2048,rmse_scaled,0.8720277303827313,0.8720277303827313,0.0,True
beijing,168,12,,center_tcn_default,2048,mae_scaled,0.621212899684906,0.621212899684906,0.0,True
beijing,168,12,,center_tcn_default,2048,rmse_ugm3,64.82630157470703,64.82630157470703,0.0,True
beijing,168,12,,center_tcn_default,2048,mae_ugm3,46.1807975769043,46.1807975769043,0.0,True
beijing,168,12,,center_tcn_default,2048,smape_percent,65.0748519897461,65.0748519897461,0.0,True
beijing,168,12,,center_tcn_default,2049,mse_scaled,0.7193355560302734,0.7193355560302734,0.0,True
beijing,168,12,,center_tcn_default,2049,rmse_scaled,0.8481365196890612,0.8481365196890612,0.0,True
beijing,168,12,,center_tcn_default,2049,mae_scaled,0.6164950728416443,0.6164950728416443,0.0,True
beijing,168,12,,center_tcn_default,2049,rmse_ugm3,63.05022811889648,63.050228118896484,7.105427357601002e-15,True
beijing,168,12,,center_tcn_default,2049,mae_ugm3,45.830074310302734,45.830074310302734,0.0,True
beijing,168,12,,center_tcn_default,2049,smape_percent,65.85237884521484,65.85237884521484,0.0,True
beijing,168,12,,trad_ar,deterministic,mse_scaled,0.4777300655841827,0.47773006558418274,5.551115123125783e-17,True
beijing,168,12,,trad_ar,deterministic,rmse_scaled,0.6911801976215629,0.6911801976215629,0.0,True
beijing,168,12,,trad_ar,deterministic,mae_scaled,0.4401960074901581,0.4401960074901581,0.0,True
beijing,168,12,,trad_ar,deterministic,rmse_ugm3,51.38214492797852,51.382144927978516,7.105427357601002e-15,True
beijing,168,12,,trad_ar,deterministic,mae_ugm3,32.72405242919922,32.72405242919922,0.0,True
beijing,168,12,,trad_ar,deterministic,smape_percent,45.50196075439453,45.50196075439453,0.0,True
beijing,168,12,,trad_climatology,deterministic,mse_scaled,0.995403289794922,0.9954032897949219,1.1102230246251565e-16,True
beijing,168,12,,trad_climatology,deterministic,rmse_scaled,0.9976989975914188,0.9976989975914188,0.0,True
beijing,168,12,,trad_climatology,deterministic,mae_scaled,0.7571893334388733,0.7571893334388733,0.0,True
beijing,168,12,,trad_climatology,deterministic,rmse_ugm3,74.16867065429688,74.16867065429688,0.0,True
beijing,168,12,,trad_climatology,deterministic,mae_ugm3,56.28924179077149,56.289241790771484,7.105427357601002e-15,True
beijing,168,12,,trad_climatology,deterministic,smape_percent,71.58169555664062,71.58169555664062,0.0,True
beijing,168,12,,trad_daily_naive,deterministic,mse_scaled,1.49966299533844,1.49966299533844,0.0,True
beijing,168,12,,trad_daily_naive,deterministic,rmse_scaled,1.224607282086155,1.224607282086155,0.0,True
beijing,168,12,,trad_daily_naive,deterministic,mae_scaled,0.8780661225318909,0.8780661225318909,0.0,True
beijing,168,12,,trad_daily_naive,deterministic,rmse_ugm3,91.0369644165039,91.0369644165039,0.0,True
beijing,168,12,,trad_daily_naive,deterministic,mae_ugm3,65.27519226074219,65.27519226074219,0.0,True
beijing,168,12,,trad_daily_naive,deterministic,smape_percent,77.2840347290039,77.2840347290039,0.0,True
beijing,168,12,,trad_persistence,deterministic,mse_scaled,0.5611557960510254,0.5611557960510254,0.0,True
beijing,168,12,,trad_persistence,deterministic,rmse_scaled,0.7491033280202575,0.7491033280202575,0.0,True
beijing,168,12,,trad_persistence,deterministic,mae_scaled,0.4445230662822723,0.44452306628227234,5.551115123125783e-17,True
beijing,168,12,,trad_persistence,deterministic,rmse_ugm3,55.688133239746094,55.688133239746094,0.0,True
beijing,168,12,,trad_persistence,deterministic,mae_ugm3,33.04571914672852,33.045719146728516,7.105427357601002e-15,True
beijing,168,12,,trad_persistence,deterministic,smape_percent,43.1839599609375,43.1839599609375,0.0,True
beijing,168,12,,trad_ridge,deterministic,mse_scaled,0.4765870571136474,0.47658705711364746,5.551115123125783e-17,True
beijing,168,12,,trad_ridge,deterministic,rmse_scaled,0.690352849717916,0.690352849717916,0.0,True
beijing,168,12,,trad_ridge,deterministic,mae_scaled,0.4390817582607269,0.43908175826072693,5.551115123125783e-17,True
beijing,168,12,,trad_ridge,deterministic,rmse_ugm3,51.32064056396485,51.320640563964844,7.105427357601002e-15,True
beijing,168,12,,trad_ridge,deterministic,mae_ugm3,32.64121627807617,32.64121627807617,0.0,True
beijing,168,12,,trad_ridge,deterministic,smape_percent,46.83012390136719,46.83012390136719,0.0,True
beijing,168,1,,center_gru_default,2047,mse_scaled,0.0828964635729789,0.08289646357297897,6.938893903907228e-17,True
beijing,168,1,,center_gru_default,2047,rmse_scaled,0.2879174596528994,0.28791745965289944,5.551115123125783e-17,True
beijing,168,1,,center_gru_default,2047,mae_scaled,0.1365092247724533,0.1365092247724533,0.0,True
beijing,168,1,,center_gru_default,2047,rmse_ugm3,21.40140151977539,21.40140151977539,0.0,True
beijing,168,1,,center_gru_default,2047,mae_ugm3,10.146965980529783,10.146965980529785,1.7763568394002505e-15,True
beijing,168,1,,center_gru_default,2047,smape_percent,17.061279296875,17.061279296875,0.0,True
beijing,168,1,,center_gru_default,2048,mse_scaled,0.0834074318408966,0.0834074318408966,0.0,True
beijing,168,1,,center_gru_default,2048,rmse_scaled,0.2888034484574182,0.2888034484574182,0.0,True
beijing,168,1,,center_gru_default,2048,mae_scaled,0.1356361359357834,0.1356361359357834,0.0,True
beijing,168,1,,center_gru_default,2048,rmse_ugm3,21.467260360717773,21.467260360717773,0.0,True
beijing,168,1,,center_gru_default,2048,mae_ugm3,10.082067489624023,10.082067489624023,0.0,True
beijing,168,1,,center_gru_default,2048,smape_percent,16.28864097595215,16.28864097595215,0.0,True
beijing,168,1,,center_gru_default,2049,mse_scaled,0.083983689546585,0.08398368954658508,8.326672684688674e-17,True
beijing,168,1,,center_gru_default,2049,rmse_scaled,0.2897993953523455,0.28979939535234556,5.551115123125783e-17,True
beijing,168,1,,center_gru_default,2049,mae_scaled,0.1367210447788238,0.13672104477882385,5.551115123125783e-17,True
beijing,168,1,,center_gru_default,2049,rmse_ugm3,21.541290283203125,21.541290283203125,0.0,True
beijing,168,1,,center_gru_default,2049,mae_ugm3,10.162711143493652,10.162711143493652,0.0,True
beijing,168,1,,center_gru_default,2049,smape_percent,17.20444107055664,17.20444107055664,0.0,True
beijing,168,1,,center_lstm_default,2047,mse_scaled,0.0826202258467674,0.08262022584676743,2.7755575615628914e-17,True
beijing,168,1,,center_lstm_default,2047,rmse_scaled,0.2874373424709591,0.2874373424709591,0.0,True
beijing,168,1,,center_lstm_default,2047,mae_scaled,0.1370360106229782,0.1370360106229782,0.0,True
beijing,168,1,,center_lstm_default,2047,rmse_ugm3,21.36571311950684,21.365713119506836,3.552713678800501e-15,True
beijing,168,1,,center_lstm_default,2047,mae_ugm3,10.18612289428711,10.18612289428711,0.0,True
beijing,168,1,,center_lstm_default,2047,smape_percent,16.16904067993164,16.16904067993164,0.0,True
beijing,168,1,,center_lstm_default,2048,mse_scaled,0.0809225067496299,0.08092250674962997,6.938893903907228e-17,True
beijing,168,1,,center_lstm_default,2048,rmse_scaled,0.2844688150740428,0.2844688150740428,0.0,True
beijing,168,1,,center_lstm_default,2048,mae_scaled,0.1367327719926834,0.1367327719926834,0.0,True
beijing,168,1,,center_lstm_default,2048,rmse_ugm3,21.14505958557129,21.14505958557129,0.0,True
beijing,168,1,,center_lstm_default,2048,mae_ugm3,10.163583755493164,10.163583755493164,0.0,True
beijing,168,1,,center_lstm_default,2048,smape_percent,16.255977630615234,16.255977630615234,0.0,True
beijing,168,1,,center_lstm_default,2049,mse_scaled,0.08184215426445,0.08184215426445007,6.938893903907228e-17,True
beijing,168,1,,center_lstm_default,2049,rmse_scaled,0.2860806778942787,0.28608067789427877,5.551115123125783e-17,True
beijing,168,1,,center_lstm_default,2049,mae_scaled,0.1385190188884735,0.1385190188884735,0.0,True
beijing,168,1,,center_lstm_default,2049,rmse_ugm3,21.26487159729004,21.26487159729004,0.0,True
beijing,168,1,,center_lstm_default,2049,mae_ugm3,10.296358108520508,10.296358108520508,0.0,True
beijing,168,1,,center_lstm_default,2049,smape_percent,16.79112434387207,16.79112434387207,0.0,True
beijing,168,1,,center_tcn_default,2047,mse_scaled,0.3926385939121246,0.39263859391212463,5.551115123125783e-17,True
beijing,168,1,,center_tcn_default,2047,rmse_scaled,0.626608804528092,0.626608804528092,0.0,True
beijing,168,1,,center_tcn_default,2047,mae_scaled,0.4362645149230957,0.4362645149230957,0.0,True
beijing,168,1,,center_tcn_default,2047,rmse_ugm3,46.5769157409668,46.5769157409668,0.0,True
beijing,168,1,,center_tcn_default,2047,mae_ugm3,32.42829513549805,32.42829513549805,0.0,True
beijing,168,1,,center_tcn_default,2047,smape_percent,62.859962463378906,62.859962463378906,0.0,True
beijing,168,1,,center_tcn_default,2048,mse_scaled,0.3286575973033905,0.3286575973033905,0.0,True
beijing,168,1,,center_tcn_default,2048,rmse_scaled,0.5732866624154015,0.5732866624154015,0.0,True
beijing,168,1,,center_tcn_default,2048,mae_scaled,0.3929034471511841,0.3929034471511841,0.0,True
beijing,168,1,,center_tcn_default,2048,rmse_ugm3,42.61338424682617,42.61338424682617,0.0,True
beijing,168,1,,center_tcn_default,2048,mae_ugm3,29.205188751220703,29.205188751220703,0.0,True
beijing,168,1,,center_tcn_default,2048,smape_percent,45.4266242980957,45.4266242980957,0.0,True
beijing,168,1,,center_tcn_default,2049,mse_scaled,0.4538505971431732,0.4538505971431732,0.0,True
beijing,168,1,,center_tcn_default,2049,rmse_scaled,0.6736843453303433,0.6736843453303433,0.0,True
beijing,168,1,,center_tcn_default,2049,mae_scaled,0.4798338413238525,0.47983384132385254,5.551115123125783e-17,True
beijing,168,1,,center_tcn_default,2049,rmse_ugm3,50.07612228393555,50.07612228393555,0.0,True
beijing,168,1,,center_tcn_default,2049,mae_ugm3,35.666873931884766,35.666873931884766,0.0,True
beijing,168,1,,center_tcn_default,2049,smape_percent,52.31096267700195,52.31096267700195,0.0,True
beijing,168,1,,trad_ar,deterministic,mse_scaled,0.0894293040037155,0.08942930400371552,1.3877787807814457e-17,True
beijing,168,1,,trad_ar,deterministic,rmse_scaled,0.2990473273642744,0.2990473273642744,0.0,True
beijing,168,1,,trad_ar,deterministic,mae_scaled,0.1371395736932754,0.13713957369327545,5.551115123125783e-17,True
beijing,168,1,,trad_ar,deterministic,rmse_ugm3,22.22870445251465,22.22870445251465,0.0,True
beijing,168,1,,trad_ar,deterministic,mae_ugm3,10.193821907043455,10.193821907043457,1.7763568394002505e-15,True
beijing,168,1,,trad_ar,deterministic,smape_percent,16.8566837310791,16.8566837310791,0.0,True
beijing,168,1,,trad_climatology,deterministic,mse_scaled,0.9941700100898744,0.9941700100898743,1.1102230246251565e-16,True
beijing,168,1,,trad_climatology,deterministic,rmse_scaled,0.9970807440171906,0.9970807440171906,0.0,True
beijing,168,1,,trad_climatology,deterministic,mae_scaled,0.7563108801841736,0.7563108801841736,0.0,True
beijing,168,1,,trad_climatology,deterministic,rmse_ugm3,74.11473083496094,74.11473083496094,0.0,True
beijing,168,1,,trad_climatology,deterministic,mae_ugm3,56.217891693115234,56.217891693115234,0.0,True
beijing,168,1,,trad_climatology,deterministic,smape_percent,71.428955078125,71.428955078125,0.0,True
beijing,168,1,,trad_daily_naive,deterministic,mse_scaled,1.4992564916610718,1.4992564916610718,0.0,True
beijing,168,1,,trad_daily_naive,deterministic,rmse_scaled,1.224441297760359,1.224441297760359,0.0,True
beijing,168,1,,trad_daily_naive,deterministic,mae_scaled,0.8785592913627625,0.8785592913627625,0.0,True
beijing,168,1,,trad_daily_naive,deterministic,rmse_ugm3,91.01483154296876,91.01483154296875,1.4210854715202004e-14,True
beijing,168,1,,trad_daily_naive,deterministic,mae_ugm3,65.30482482910156,65.30482482910156,0.0,True
beijing,168,1,,trad_daily_naive,deterministic,smape_percent,77.23098754882812,77.23098754882812,0.0,True
beijing,168,1,,trad_persistence,deterministic,mse_scaled,0.0889563336968422,0.0889563336968422,0.0,True
beijing,168,1,,trad_persistence,deterministic,rmse_scaled,0.2982554839342308,0.2982554839342308,0.0,True
beijing,168,1,,trad_persistence,deterministic,mae_scaled,0.1382103562355041,0.13821035623550415,5.551115123125783e-17,True
beijing,168,1,,trad_persistence,deterministic,rmse_ugm3,22.169845581054688,22.169845581054688,0.0,True
beijing,168,1,,trad_persistence,deterministic,mae_ugm3,10.273414611816406,10.273414611816406,0.0,True
beijing,168,1,,trad_persistence,deterministic,smape_percent,15.37182331085205,15.37182331085205,0.0,True
beijing,168,1,,trad_ridge,deterministic,mse_scaled,0.0898090898990631,0.08980908989906311,1.3877787807814457e-17,True
beijing,168,1,,trad_ridge,deterministic,rmse_scaled,0.2996816475846712,0.29968164758467125,5.551115123125783e-17,True
beijing,168,1,,trad_ridge,deterministic,mae_scaled,0.1434952914714813,0.14349529147148132,2.7755575615628914e-17,True
beijing,168,1,,trad_ridge,deterministic,rmse_ugm3,22.27585220336914,22.27585220336914,0.0,True
beijing,168,1,,trad_ridge,deterministic,mae_ugm3,10.666253089904783,10.666253089904785,1.7763568394002505e-15,True
beijing,168,1,,trad_ridge,deterministic,smape_percent,18.94554710388184,18.945547103881836,3.552713678800501e-15,True
beijing,168,24,,center_gru_default,2047,mse_scaled,0.678965151309967,0.678965151309967,0.0,True
beijing,168,24,,center_gru_default,2047,rmse_scaled,0.823993417030723,0.823993417030723,0.0,True
beijing,168,24,,center_gru_default,2047,mae_scaled,0.5747660994529724,0.5747660994529724,0.0,True
beijing,168,24,,center_gru_default,2047,rmse_ugm3,61.28964614868164,61.28964614868164,0.0,True
beijing,168,24,,center_gru_default,2047,mae_ugm3,42.75180816650391,42.751808166503906,7.105427357601002e-15,True
beijing,168,24,,center_gru_default,2047,smape_percent,55.89792251586914,55.89792251586914,0.0,True
beijing,168,24,,center_tcn_default,2049,mse_scaled,0.955472767353058,0.9554727673530579,1.1102230246251565e-16,True
beijing,168,24,,center_tcn_default,2049,rmse_scaled,0.9774828731763324,0.9774828731763323,1.1102230246251565e-16,True
beijing,168,24,,center_tcn_default,2049,mae_scaled,0.7554699182510376,0.7554699182510376,0.0,True
beijing,168,24,,center_tcn_default,2049,rmse_ugm3,72.70638275146484,72.70638275146484,0.0,True
beijing,168,24,,center_tcn_default,2049,mae_ugm3,56.19278717041016,56.192787170410156,7.105427357601002e-15,True
beijing,168,24,,center_tcn_default,2049,smape_percent,69.61680603027344,69.61680603027344,0.0,True
beijing,168,24,,trad_ar,deterministic,mse_scaled,0.6691154837608337,0.6691154837608337,0.0,True
beijing,168,24,,trad_ar,deterministic,rmse_scaled,0.8179947944582738,0.8179947944582738,0.0,True
beijing,168,24,,trad_ar,deterministic,mae_scaled,0.5625580549240112,0.5625580549240112,0.0,True
beijing,168,24,,trad_ar,deterministic,rmse_ugm3,60.84346008300781,60.84346008300781,0.0,True
beijing,168,24,,trad_ar,deterministic,mae_ugm3,41.84376907348633,41.84376907348633,0.0,True
beijing,168,24,,trad_ar,deterministic,smape_percent,55.2396125793457,55.2396125793457,0.0,True
beijing,168,24,,trad_climatology,deterministic,mse_scaled,0.9951907992362976,0.9951907992362976,0.0,True
beijing,168,24,,trad_climatology,deterministic,rmse_scaled,0.997592501593861,0.997592501593861,0.0,True
beijing,168,24,,trad_climatology,deterministic,mae_scaled,0.7572650909423828,0.7572650909423828,0.0,True
beijing,168,24,,trad_climatology,deterministic,rmse_ugm3,74.20216369628906,74.20216369628906,0.0,True
beijing,168,24,,trad_climatology,deterministic,mae_ugm3,56.32632064819336,56.32632064819336,0.0,True
beijing,168,24,,trad_climatology,deterministic,smape_percent,71.70423126220703,71.70423126220703,0.0,True
beijing,168,24,,trad_daily_naive,deterministic,mse_scaled,1.50020432472229,1.50020432472229,0.0,True
beijing,168,24,,trad_daily_naive,deterministic,rmse_scaled,1.224828283769725,1.224828283769725,0.0,True
beijing,168,24,,trad_daily_naive,deterministic,mae_scaled,0.8784198760986328,0.8784198760986328,0.0,True
beijing,168,24,,trad_daily_naive,deterministic,rmse_ugm3,91.10424041748048,91.10424041748047,1.4210854715202004e-14,True
beijing,168,24,,trad_daily_naive,deterministic,mae_ugm3,65.33795166015625,65.33795166015625,0.0,True
beijing,168,24,,trad_daily_naive,deterministic,smape_percent,77.43546295166016,77.43546295166016,0.0,True
beijing,168,24,,trad_persistence,deterministic,mse_scaled,0.9087557792663574,0.9087557792663574,0.0,True
beijing,168,24,,trad_persistence,deterministic,rmse_scaled,0.9532868294833184,0.9532868294833184,0.0,True
beijing,168,24,,trad_persistence,deterministic,mae_scaled,0.6134812235832214,0.6134812235832214,0.0,True
beijing,168,24,,trad_persistence,deterministic,rmse_ugm3,70.90665435791016,70.90665435791016,0.0,True
beijing,168,24,,trad_persistence,deterministic,mae_ugm3,45.63148880004883,45.63148880004883,0.0,True
beijing,168,24,,trad_persistence,deterministic,smape_percent,56.80586242675781,56.80586242675781,0.0,True
beijing,168,24,,trad_ridge,deterministic,mse_scaled,0.6640041470527649,0.6640041470527649,0.0,True
beijing,168,24,,trad_ridge,deterministic,rmse_scaled,0.8148644961297338,0.8148644961297338,0.0,True
beijing,168,24,,trad_ridge,deterministic,mae_scaled,0.5563021302223206,0.5563021302223206,0.0,True
beijing,168,24,,trad_ridge,deterministic,rmse_ugm3,60.61063003540039,60.61063003540039,0.0,True
beijing,168,24,,trad_ridge,deterministic,mae_ugm3,41.3784408569336,41.378440856933594,7.105427357601002e-15,True
beijing,168,24,,trad_ridge,deterministic,smape_percent,56.118160247802734,56.118160247802734,0.0,True
beijing,168,3,,center_gru_default,2047,mse_scaled,0.1786138266324997,0.1786138266324997,0.0,True
beijing,168,3,,center_gru_default,2047,rmse_scaled,0.4226272904492795,0.42262729044927955,5.551115123125783e-17,True
beijing,168,3,,center_gru_default,2047,mae_scaled,0.2218013256788253,0.22180132567882538,8.326672684688674e-17,True
beijing,168,3,,center_gru_default,2047,rmse_ugm3,31.41415405273437,31.414154052734375,3.552713678800501e-15,True
beijing,168,3,,center_gru_default,2047,mae_ugm3,16.48663330078125,16.48663330078125,0.0,True
beijing,168,3,,center_gru_default,2047,smape_percent,24.91415977478028,24.914159774780273,7.105427357601002e-15,True
beijing,168,3,,center_lstm_default,2047,mse_scaled,0.1889385282993316,0.18893852829933167,5.551115123125783e-17,True
beijing,168,3,,center_lstm_default,2047,rmse_scaled,0.4346705974635639,0.43467059746356396,5.551115123125783e-17,True
beijing,168,3,,center_lstm_default,2047,mae_scaled,0.235860675573349,0.235860675573349,0.0,True
beijing,168,3,,center_lstm_default,2047,rmse_ugm3,32.30934143066406,32.30934143066406,0.0,True
beijing,168,3,,center_lstm_default,2047,mae_ugm3,17.531673431396484,17.531673431396484,0.0,True
beijing,168,3,,center_lstm_default,2047,smape_percent,25.72383499145508,25.723834991455078,3.552713678800501e-15,True
beijing,168,3,,center_lstm_default,2049,mse_scaled,0.1815103739500045,0.18151037395000458,8.326672684688674e-17,True
beijing,168,3,,center_lstm_default,2049,rmse_scaled,0.4260403431014539,0.42604034310145394,5.551115123125783e-17,True
beijing,168,3,,center_lstm_default,2049,mae_scaled,0.2273291498422622,0.22732914984226227,5.551115123125783e-17,True
beijing,168,3,,center_lstm_default,2049,rmse_ugm3,31.66785049438477,31.667850494384766,3.552713678800501e-15,True
beijing,168,3,,center_lstm_default,2049,mae_ugm3,16.897520065307617,16.897520065307617,0.0,True
beijing,168,3,,center_lstm_default,2049,smape_percent,24.711332321166992,24.711332321166992,0.0,True
beijing,168,3,,center_tcn_default,2047,mse_scaled,0.9282638430595398,0.9282638430595398,0.0,True
beijing,168,3,,center_tcn_default,2047,rmse_scaled,0.9634645001553196,0.9634645001553196,0.0,True
beijing,168,3,,center_tcn_default,2047,mae_scaled,0.7315542697906494,0.7315542697906494,0.0,True
beijing,168,3,,center_tcn_default,2047,rmse_ugm3,71.61492919921875,71.61492919921875,0.0,True
beijing,168,3,,center_tcn_default,2047,mae_ugm3,54.376895904541016,54.376895904541016,0.0,True
beijing,168,3,,center_tcn_default,2047,smape_percent,69.60089111328125,69.60089111328125,0.0,True
beijing,168,3,,center_tcn_default,2048,mse_scaled,0.4527123570442199,0.45271235704421997,5.551115123125783e-17,True
beijing,168,3,,center_tcn_default,2048,rmse_scaled,0.6728390275870002,0.6728390275870002,0.0,True
beijing,168,3,,center_tcn_default,2048,mae_scaled,0.4547746777534485,0.4547746777534485,0.0,True
beijing,168,3,,center_tcn_default,2048,rmse_ugm3,50.01255035400391,50.012550354003906,7.105427357601002e-15,True
beijing,168,3,,center_tcn_default,2048,mae_ugm3,33.803688049316406,33.803688049316406,0.0,True
beijing,168,3,,center_tcn_default,2048,smape_percent,54.154579162597656,54.154579162597656,0.0,True
beijing,168,3,,center_tcn_default,2049,mse_scaled,0.4976184666156769,0.4976184666156769,0.0,True
beijing,168,3,,center_tcn_default,2049,rmse_scaled,0.7054207727418274,0.7054207727418274,0.0,True
beijing,168,3,,center_tcn_default,2049,mae_scaled,0.5061237215995789,0.5061237215995789,0.0,True
beijing,168,3,,center_tcn_default,2049,rmse_ugm3,52.43437576293945,52.43437576293945,0.0,True
beijing,168,3,,center_tcn_default,2049,mae_ugm3,37.62049865722656,37.62049865722656,0.0,True
beijing,168,3,,center_tcn_default,2049,smape_percent,64.31319427490234,64.31319427490234,0.0,True
beijing,168,3,,trad_ar,deterministic,mse_scaled,0.1896399408578872,0.18963994085788727,5.551115123125783e-17,True
beijing,168,3,,trad_ar,deterministic,rmse_scaled,0.4354766823354464,0.4354766823354464,0.0,True
beijing,168,3,,trad_ar,deterministic,mae_scaled,0.2252916693687439,0.2252916693687439,0.0,True
beijing,168,3,,trad_ar,deterministic,rmse_ugm3,32.369258880615234,32.369258880615234,0.0,True
beijing,168,3,,trad_ar,deterministic,mae_ugm3,16.746070861816406,16.746070861816406,0.0,True
beijing,168,3,,trad_ar,deterministic,smape_percent,25.822227478027344,25.822227478027344,0.0,True
beijing,168,3,,trad_climatology,deterministic,mse_scaled,0.99405837059021,0.99405837059021,0.0,True
beijing,168,3,,trad_climatology,deterministic,rmse_scaled,0.9970247592663936,0.9970247592663936,0.0,True
beijing,168,3,,trad_climatology,deterministic,mae_scaled,0.7562122344970703,0.7562122344970703,0.0,True
beijing,168,3,,trad_climatology,deterministic,rmse_ugm3,74.10948181152344,74.10948181152344,0.0,True
beijing,168,3,,trad_climatology,deterministic,mae_ugm3,56.20973205566406,56.20973205566406,0.0,True
beijing,168,3,,trad_climatology,deterministic,smape_percent,71.44148254394531,71.44148254394531,0.0,True
beijing,168,3,,trad_daily_naive,deterministic,mse_scaled,1.4991904497146606,1.4991904497146606,0.0,True
beijing,168,3,,trad_daily_naive,deterministic,rmse_scaled,1.224414329267124,1.224414329267124,0.0,True
beijing,168,3,,trad_daily_naive,deterministic,mae_scaled,0.8783373832702637,0.8783373832702637,0.0,True
beijing,168,3,,trad_daily_naive,deterministic,rmse_ugm3,91.01148986816406,91.01148986816406,0.0,True
beijing,168,3,,trad_daily_naive,deterministic,mae_ugm3,65.2873764038086,65.2873764038086,0.0,True
beijing,168,3,,trad_daily_naive,deterministic,smape_percent,77.22041320800781,77.22041320800781,0.0,True
beijing,168,3,,trad_persistence,deterministic,mse_scaled,0.1931228637695312,0.19312286376953125,5.551115123125783e-17,True
beijing,168,3,,trad_persistence,deterministic,rmse_scaled,0.4394574652563445,0.4394574652563445,0.0,True
beijing,168,3,,trad_persistence,deterministic,mae_scaled,0.2229764014482498,0.22297640144824982,2.7755575615628914e-17,True
beijing,168,3,,trad_persistence,deterministic,rmse_ugm3,32.66515350341797,32.66515350341797,0.0,True
beijing,168,3,,trad_persistence,deterministic,mae_ugm3,16.573976516723633,16.573976516723633,0.0,True
beijing,168,3,,trad_persistence,deterministic,smape_percent,23.28849220275879,23.28849220275879,0.0,True
beijing,168,3,,trad_ridge,deterministic,mse_scaled,0.1894173771142959,0.18941737711429596,5.551115123125783e-17,True
beijing,168,3,,trad_ridge,deterministic,rmse_scaled,0.4352210669467827,0.43522106694678275,5.551115123125783e-17,True
beijing,168,3,,trad_ridge,deterministic,mae_scaled,0.2315834313631057,0.23158343136310577,8.326672684688674e-17,True
beijing,168,3,,trad_ridge,deterministic,rmse_ugm3,32.35025787353516,32.350257873535156,7.105427357601002e-15,True
beijing,168,3,,trad_ridge,deterministic,mae_ugm3,17.213741302490234,17.213741302490234,0.0,True
beijing,168,3,,trad_ridge,deterministic,smape_percent,28.125099182128903,28.125099182128906,3.552713678800501e-15,True
beijing,168,6,,center_gru_default,2047,mse_scaled,0.2935615181922912,0.29356151819229126,5.551115123125783e-17,True
beijing,168,6,,center_gru_default,2047,rmse_scaled,0.5418131764661056,0.5418131764661056,0.0,True
beijing,168,6,,center_gru_default,2047,mae_scaled,0.3103527426719665,0.31035274267196655,5.551115123125783e-17,True
beijing,168,6,,center_gru_default,2047,rmse_ugm3,40.273319244384766,40.273319244384766,0.0,True
beijing,168,6,,center_gru_default,2047,mae_ugm3,23.06871795654297,23.06871795654297,0.0,True
beijing,168,6,,center_gru_default,2047,smape_percent,32.717124938964844,32.717124938964844,0.0,True
beijing,168,6,,center_gru_matched,2047,mse_scaled,0.2920209765434265,0.2920209765434265,0.0,True
beijing,168,6,,center_gru_matched,2047,rmse_scaled,0.5403896525132827,0.5403896525132827,0.0,True
beijing,168,6,,center_gru_matched,2047,mae_scaled,0.3138896822929382,0.31388968229293823,5.551115123125783e-17,True
beijing,168,6,,center_gru_matched,2047,rmse_ugm3,40.1675033569336,40.167503356933594,7.105427357601002e-15,True
beijing,168,6,,center_gru_matched,2047,mae_ugm3,23.331621170043945,23.331621170043945,0.0,True
beijing,168,6,,center_gru_matched,2047,smape_percent,33.21086883544922,33.21086883544922,0.0,True
beijing,168,6,,center_gru_default,2048,mse_scaled,0.2939004898071289,0.2939004898071289,0.0,True
beijing,168,6,,center_gru_default,2048,rmse_scaled,0.5421258984840411,0.5421258984840411,0.0,True
beijing,168,6,,center_gru_default,2048,mae_scaled,0.3169084191322326,0.31690841913223267,5.551115123125783e-17,True
beijing,168,6,,center_gru_default,2048,rmse_ugm3,40.29656219482422,40.29656219482422,0.0,True
beijing,168,6,,center_gru_default,2048,mae_ugm3,23.55600357055664,23.55600357055664,0.0,True
beijing,168,6,,center_gru_default,2048,smape_percent,34.69087600708008,34.69087600708008,0.0,True
beijing,168,6,,center_gru_matched,2048,mse_scaled,0.2943314611911773,0.29433146119117737,5.551115123125783e-17,True
beijing,168,6,,center_gru_matched,2048,rmse_scaled,0.5425232356233025,0.5425232356233025,0.0,True
beijing,168,6,,center_gru_matched,2048,mae_scaled,0.3242408633232116,0.32424086332321167,5.551115123125783e-17,True
beijing,168,6,,center_gru_matched,2048,rmse_ugm3,40.32609558105469,40.32609558105469,0.0,True
beijing,168,6,,center_gru_matched,2048,mae_ugm3,24.10102844238281,24.101028442382812,3.552713678800501e-15,True
beijing,168,6,,center_gru_matched,2048,smape_percent,36.12224578857422,36.12224578857422,0.0,True
beijing,168,6,,center_gru_default,2049,mse_scaled,0.2919714748859405,0.29197147488594055,5.551115123125783e-17,True
beijing,168,6,,center_gru_default,2049,rmse_scaled,0.5403438487536807,0.5403438487536807,0.0,True
beijing,168,6,,center_gru_default,2049,mae_scaled,0.3155312836170196,0.31553128361701965,5.551115123125783e-17,True
beijing,168,6,,center_gru_default,2049,rmse_ugm3,40.164100646972656,40.164100646972656,0.0,True
beijing,168,6,,center_gru_default,2049,mae_ugm3,23.45363998413086,23.45363998413086,0.0,True
beijing,168,6,,center_gru_default,2049,smape_percent,34.191532135009766,34.191532135009766,0.0,True
beijing,168,6,,center_gru_matched,2049,mse_scaled,0.2916865050792694,0.2916865050792694,0.0,True
beijing,168,6,,center_gru_matched,2049,rmse_scaled,0.5400800913561519,0.5400800913561519,0.0,True
beijing,168,6,,center_gru_matched,2049,mae_scaled,0.3137023150920868,0.3137023150920868,0.0,True
beijing,168,6,,center_gru_matched,2049,rmse_ugm3,40.14449691772461,40.14449691772461,0.0,True
beijing,168,6,,center_gru_matched,2049,mae_ugm3,23.31769371032715,23.31769371032715,0.0,True
beijing,168,6,,center_gru_matched,2049,smape_percent,33.36572265625,33.36572265625,0.0,True
beijing,168,6,,center_gru_default,2050,mse_scaled,0.291514128446579,0.291514128446579,0.0,True
beijing,168,6,,center_gru_default,2050,rmse_scaled,0.5399204834478675,0.5399204834478675,0.0,True
beijing,168,6,,center_gru_default,2050,mae_scaled,0.3138680756092071,0.31386807560920715,5.551115123125783e-17,True
beijing,168,6,,center_gru_default,2050,rmse_ugm3,40.13263320922852,40.132633209228516,7.105427357601002e-15,True
beijing,168,6,,center_gru_default,2050,mae_ugm3,23.330013275146484,23.330013275146484,0.0,True
beijing,168,6,,center_gru_default,2050,smape_percent,33.69233703613281,33.69233703613281,0.0,True
beijing,168,6,,center_gru_matched,2050,mse_scaled,0.2904614806175232,0.2904614806175232,0.0,True
beijing,168,6,,center_gru_matched,2050,rmse_scaled,0.5389447843866041,0.5389447843866041,0.0,True
beijing,168,6,,center_gru_matched,2050,mae_scaled,0.3191103041172027,0.31911030411720276,5.551115123125783e-17,True
beijing,168,6,,center_gru_matched,2050,rmse_ugm3,40.06010818481445,40.06010818481445,0.0,True
beijing,168,6,,center_gru_matched,2050,mae_ugm3,23.71967506408692,23.719675064086914,7.105427357601002e-15,True
beijing,168,6,,center_gru_matched,2050,smape_percent,35.19844436645508,35.19844436645508,0.0,True
beijing,168,6,,center_gru_default,2051,mse_scaled,0.2912158370018005,0.29121583700180054,5.551115123125783e-17,True
beijing,168,6,,center_gru_default,2051,rmse_scaled,0.5396441762882284,0.5396441762882284,0.0,True
beijing,168,6,,center_gru_default,2051,mae_scaled,0.3113511502742767,0.31135115027427673,5.551115123125783e-17,True
beijing,168,6,,center_gru_default,2051,rmse_ugm3,40.11209487915039,40.11209487915039,0.0,True
beijing,168,6,,center_gru_default,2051,mae_ugm3,23.142927169799805,23.142927169799805,0.0,True
beijing,168,6,,center_gru_default,2051,smape_percent,32.74763107299805,32.74763107299805,0.0,True
beijing,168,6,,center_gru_matched,2051,mse_scaled,0.2911584377288818,0.29115843772888184,5.551115123125783e-17,True
beijing,168,6,,center_gru_matched,2051,rmse_scaled,0.5395909911487421,0.5395909911487421,0.0,True
beijing,168,6,,center_gru_matched,2051,mae_scaled,0.314527690410614,0.314527690410614,0.0,True
beijing,168,6,,center_gru_matched,2051,rmse_ugm3,40.1081428527832,40.1081428527832,0.0,True
beijing,168,6,,center_gru_matched,2051,mae_ugm3,23.37904357910156,23.379043579101562,3.552713678800501e-15,True
beijing,168,6,,center_gru_matched,2051,smape_percent,33.26200866699219,33.26200866699219,0.0,True
beijing,168,6,,center_lstm_default,2047,mse_scaled,0.327633798122406,0.327633798122406,0.0,True
beijing,168,6,,center_lstm_default,2047,rmse_scaled,0.5723930451380468,0.5723930451380468,0.0,True
beijing,168,6,,center_lstm_default,2047,mae_scaled,0.3468500673770904,0.34685006737709045,5.551115123125783e-17,True
beijing,168,6,,center_lstm_default,2047,rmse_ugm3,42.54634094238281,42.54634094238281,0.0,True
beijing,168,6,,center_lstm_default,2047,mae_ugm3,25.78158569335937,25.781585693359375,3.552713678800501e-15,True
beijing,168,6,,center_lstm_default,2047,smape_percent,36.22773361206055,36.22773361206055,0.0,True
beijing,168,6,,center_lstm_matched,2047,mse_scaled,0.3177164196968078,0.31771641969680786,5.551115123125783e-17,True
beijing,168,6,,center_lstm_matched,2047,rmse_scaled,0.5636633921914814,0.5636633921914814,0.0,True
beijing,168,6,,center_lstm_matched,2047,mae_scaled,0.3397729396820068,0.33977293968200684,5.551115123125783e-17,True
beijing,168,6,,center_lstm_matched,2047,rmse_ugm3,41.897457122802734,41.897457122802734,0.0,True
beijing,168,6,,center_lstm_matched,2047,mae_ugm3,25.255538940429688,25.255538940429688,0.0,True
beijing,168,6,,center_lstm_matched,2047,smape_percent,35.66545867919922,35.66545867919922,0.0,True
beijing,168,6,,center_lstm_default,2048,mse_scaled,0.3048860430717468,0.3048860430717468,0.0,True
beijing,168,6,,center_lstm_default,2048,rmse_scaled,0.5521648694654042,0.5521648694654042,0.0,True
beijing,168,6,,center_lstm_default,2048,mae_scaled,0.3290181457996368,0.32901814579963684,5.551115123125783e-17,True
beijing,168,6,,center_lstm_default,2048,rmse_ugm3,41.04276657104492,41.04276657104492,0.0,True
beijing,168,6,,center_lstm_default,2048,mae_ugm3,24.456127166748047,24.456127166748047,0.0,True
beijing,168,6,,center_lstm_default,2048,smape_percent,34.61867141723633,34.61867141723633,0.0,True
beijing,168,6,,center_lstm_default,2049,mse_scaled,0.3162012100219726,0.31620121002197266,5.551115123125783e-17,True
beijing,168,6,,center_lstm_default,2049,rmse_scaled,0.5623177127051687,0.5623177127051687,0.0,True
beijing,168,6,,center_lstm_default,2049,mae_scaled,0.3444316983222961,0.34443169832229614,5.551115123125783e-17,True
beijing,168,6,,center_lstm_default,2049,rmse_ugm3,41.79743576049805,41.79743576049805,0.0,True
beijing,168,6,,center_lstm_default,2049,mae_ugm3,25.6018295288086,25.601829528808594,7.105427357601002e-15,True
beijing,168,6,,center_lstm_default,2049,smape_percent,36.7072639465332,36.7072639465332,0.0,True
beijing,168,6,,center_lstm_default,2050,mse_scaled,0.3289608657360077,0.3289608657360077,0.0,True
beijing,168,6,,center_lstm_default,2050,rmse_scaled,0.5735511012420843,0.5735511012420843,0.0,True
beijing,168,6,,center_lstm_default,2050,mae_scaled,0.3441890776157379,0.3441890776157379,0.0,True
beijing,168,6,,center_lstm_default,2050,rmse_ugm3,42.63241958618164,42.63241958618164,0.0,True
beijing,168,6,,center_lstm_default,2050,mae_ugm3,25.58379364013672,25.58379364013672,0.0,True
beijing,168,6,,center_lstm_default,2050,smape_percent,35.37889862060547,35.37889862060547,0.0,True
beijing,168,6,,center_lstm_matched,2050,mse_scaled,0.451524019241333,0.451524019241333,0.0,True
beijing,168,6,,center_lstm_matched,2050,rmse_scaled,0.6719553699773021,0.6719553699773021,0.0,True
beijing,168,6,,center_lstm_matched,2050,mae_scaled,0.4640266895294189,0.46402668952941895,5.551115123125783e-17,True
beijing,168,6,,center_lstm_matched,2050,rmse_ugm3,49.946868896484375,49.946868896484375,0.0,True
beijing,168,6,,center_lstm_matched,2050,mae_ugm3,34.491397857666016,34.491397857666016,0.0,True
beijing,168,6,,center_lstm_matched,2050,smape_percent,48.95991516113281,48.95991516113281,0.0,True
beijing,168,6,,center_lstm_default,2051,mse_scaled,0.308280885219574,0.308280885219574,0.0,True
beijing,168,6,,center_lstm_default,2051,rmse_scaled,0.5552304793683196,0.5552304793683196,0.0,True
beijing,168,6,,center_lstm_default,2051,mae_scaled,0.331015408039093,0.331015408039093,0.0,True
beijing,168,6,,center_lstm_default,2051,rmse_ugm3,41.2706298828125,41.2706298828125,0.0,True
beijing,168,6,,center_lstm_default,2051,mae_ugm3,24.60458755493164,24.60458755493164,0.0,True
beijing,168,6,,center_lstm_default,2051,smape_percent,34.491424560546875,34.491424560546875,0.0,True
beijing,168,6,,center_mlp_default,2047,mse_scaled,0.3985496759414673,0.3985496759414673,0.0,True
beijing,168,6,,center_mlp_default,2047,rmse_scaled,0.6313079089806077,0.6313079089806077,0.0,True
beijing,168,6,,center_mlp_default,2047,mae_scaled,0.4190189242362976,0.4190189242362976,0.0,True
beijing,168,6,,center_mlp_default,2047,rmse_ugm3,46.92551803588867,46.92551803588867,0.0,True
beijing,168,6,,center_mlp_default,2047,mae_ugm3,31.14594268798828,31.14594268798828,0.0,True
beijing,168,6,,center_mlp_default,2047,smape_percent,44.12904357910156,44.12904357910156,0.0,True
beijing,168,6,,center_mlp_matched,2047,mse_scaled,0.3934663534164428,0.39346635341644287,5.551115123125783e-17,True
beijing,168,6,,center_mlp_matched,2047,rmse_scaled,0.6272689641744145,0.6272689641744145,0.0,True
beijing,168,6,,center_mlp_matched,2047,mae_scaled,0.4234033524990082,0.4234033524990082,0.0,True
beijing,168,6,,center_mlp_matched,2047,rmse_ugm3,46.62529754638672,46.62529754638672,0.0,True
beijing,168,6,,center_mlp_matched,2047,mae_ugm3,31.47184181213379,31.47184181213379,0.0,True
beijing,168,6,,center_mlp_matched,2047,smape_percent,49.0281867980957,49.0281867980957,0.0,True
beijing,168,6,,center_mlp_default,2048,mse_scaled,0.3926083445549011,0.3926083445549011,0.0,True
beijing,168,6,,center_mlp_default,2048,rmse_scaled,0.6265846667090579,0.6265846667090579,0.0,True
beijing,168,6,,center_mlp_default,2048,mae_scaled,0.4058452844619751,0.4058452844619751,0.0,True
beijing,168,6,,center_mlp_default,2048,rmse_ugm3,46.57443618774414,46.57443618774414,0.0,True
beijing,168,6,,center_mlp_default,2048,mae_ugm3,30.16673851013184,30.166738510131836,3.552713678800501e-15,True
beijing,168,6,,center_mlp_default,2048,smape_percent,43.053340911865234,43.053340911865234,0.0,True
beijing,168,6,,center_mlp_matched,2048,mse_scaled,0.39845010638237,0.39845010638237,0.0,True
beijing,168,6,,center_mlp_matched,2048,rmse_scaled,0.6312290443114686,0.6312290443114686,0.0,True
beijing,168,6,,center_mlp_matched,2048,mae_scaled,0.4292038679122925,0.4292038679122925,0.0,True
beijing,168,6,,center_mlp_matched,2048,rmse_ugm3,46.919654846191406,46.919654846191406,0.0,True
beijing,168,6,,center_mlp_matched,2048,mae_ugm3,31.902990341186523,31.902990341186523,0.0,True
beijing,168,6,,center_mlp_matched,2048,smape_percent,48.40520477294922,48.40520477294922,0.0,True
beijing,168,6,,center_mlp_default,2049,mse_scaled,0.3958435356616974,0.3958435356616974,0.0,True
beijing,168,6,,center_mlp_default,2049,rmse_scaled,0.6291609775420735,0.6291609775420735,0.0,True
beijing,168,6,,center_mlp_default,2049,mae_scaled,0.4142488837242126,0.41424888372421265,5.551115123125783e-17,True
beijing,168,6,,center_mlp_default,2049,rmse_ugm3,46.76593399047852,46.765933990478516,7.105427357601002e-15,True
beijing,168,6,,center_mlp_default,2049,mae_ugm3,30.7913818359375,30.7913818359375,0.0,True
beijing,168,6,,center_mlp_default,2049,smape_percent,43.8012924194336,43.801292419433594,7.105427357601002e-15,True
beijing,168,6,,center_mlp_matched,2049,mse_scaled,0.3846845626831054,0.38468456268310547,5.551115123125783e-17,True
beijing,168,6,,center_mlp_matched,2049,rmse_scaled,0.6202294435796365,0.6202294435796365,0.0,True
beijing,168,6,,center_mlp_matched,2049,mae_scaled,0.4181626737117767,0.41816267371177673,5.551115123125783e-17,True
beijing,168,6,,center_mlp_matched,2049,rmse_ugm3,46.10205078125,46.10205078125,0.0,True
beijing,168,6,,center_mlp_matched,2049,mae_ugm3,31.08229637145996,31.08229637145996,0.0,True
beijing,168,6,,center_mlp_matched,2049,smape_percent,47.90829086303711,47.90829086303711,0.0,True
beijing,168,6,,center_mlp_default,2050,mse_scaled,0.4274444878101349,0.4274444878101349,0.0,True
beijing,168,6,,center_mlp_default,2050,rmse_scaled,0.6537923889203169,0.6537923889203169,0.0,True
beijing,168,6,,center_mlp_default,2050,mae_scaled,0.4369495213031769,0.4369495213031769,0.0,True
beijing,168,6,,center_mlp_default,2050,rmse_ugm3,48.5968017578125,48.5968017578125,0.0,True
beijing,168,6,,center_mlp_default,2050,mae_ugm3,32.478736877441406,32.478736877441406,0.0,True
beijing,168,6,,center_mlp_default,2050,smape_percent,45.65159606933594,45.65159606933594,0.0,True
beijing,168,6,,center_mlp_matched,2050,mse_scaled,0.3802313208580017,0.3802313208580017,0.0,True
beijing,168,6,,center_mlp_matched,2050,rmse_scaled,0.6166289977433771,0.6166289977433771,0.0,True
beijing,168,6,,center_mlp_matched,2050,mae_scaled,0.4128930568695068,0.41289305686950684,5.551115123125783e-17,True
beijing,168,6,,center_mlp_matched,2050,rmse_ugm3,45.83442306518555,45.83442306518555,0.0,True
beijing,168,6,,center_mlp_matched,2050,mae_ugm3,30.69060134887696,30.690601348876953,7.105427357601002e-15,True
beijing,168,6,,center_mlp_matched,2050,smape_percent,48.63747787475586,48.63747787475586,0.0,True
beijing,168,6,,center_mlp_default,2051,mse_scaled,0.3854791522026062,0.3854791522026062,0.0,True
beijing,168,6,,center_mlp_default,2051,rmse_scaled,0.620869674088376,0.620869674088376,0.0,True
beijing,168,6,,center_mlp_default,2051,mae_scaled,0.403814285993576,0.40381428599357605,5.551115123125783e-17,True
beijing,168,6,,center_mlp_default,2051,rmse_ugm3,46.149635314941406,46.149635314941406,0.0,True
beijing,168,6,,center_mlp_default,2051,mae_ugm3,30.015769958496094,30.015769958496094,0.0,True
beijing,168,6,,center_mlp_default,2051,smape_percent,43.14962005615234,43.149620056152344,7.105427357601002e-15,True
beijing,168,6,,center_mlp_matched,2051,mse_scaled,0.3885314464569092,0.3885314464569092,0.0,True
beijing,168,6,,center_mlp_matched,2051,rmse_scaled,0.6233229070529248,0.6233229070529248,0.0,True
beijing,168,6,,center_mlp_matched,2051,mae_scaled,0.4210367202758789,0.4210367202758789,0.0,True
beijing,168,6,,center_mlp_matched,2051,rmse_ugm3,46.33198928833008,46.33198928833008,0.0,True
beijing,168,6,,center_mlp_matched,2051,mae_ugm3,31.29592704772949,31.295927047729492,3.552713678800501e-15,True
beijing,168,6,,center_mlp_matched,2051,smape_percent,48.90849304199219,48.90849304199219,0.0,True
beijing,168,6,,center_resnet_default,2047,mse_scaled,0.3104749321937561,0.3104749321937561,0.0,True
beijing,168,6,,center_resnet_default,2047,rmse_scaled,0.5572027747541788,0.5572027747541788,0.0,True
beijing,168,6,,center_resnet_default,2047,mae_scaled,0.3376815617084503,0.3376815617084503,0.0,True
beijing,168,6,,center_resnet_default,2047,rmse_ugm3,41.417240142822266,41.417240142822266,0.0,True
beijing,168,6,,center_resnet_default,2047,mae_ugm3,25.100086212158203,25.100086212158203,0.0,True
beijing,168,6,,center_resnet_default,2047,smape_percent,43.78495788574219,43.78495788574219,0.0,True
beijing,168,6,,center_resnet_matched,2047,mse_scaled,0.3828251361846924,0.3828251361846924,0.0,True
beijing,168,6,,center_resnet_matched,2047,rmse_scaled,0.6187286450332589,0.6187286450332589,0.0,True
beijing,168,6,,center_resnet_matched,2047,mae_scaled,0.4443735480308532,0.44437354803085327,5.551115123125783e-17,True
beijing,168,6,,center_resnet_matched,2047,rmse_ugm3,45.99049377441406,45.99049377441406,0.0,True
beijing,168,6,,center_resnet_matched,2047,mae_ugm3,33.03057098388672,33.03057098388672,0.0,True
beijing,168,6,,center_resnet_matched,2047,smape_percent,49.99549102783203,49.99549102783203,0.0,True
beijing,168,6,,center_resnet_default,2048,mse_scaled,0.3256920874118805,0.3256920874118805,0.0,True
beijing,168,6,,center_resnet_default,2048,rmse_scaled,0.5706943905558215,0.5706943905558215,0.0,True
beijing,168,6,,center_resnet_default,2048,mae_scaled,0.3461676239967346,0.3461676239967346,0.0,True
beijing,168,6,,center_resnet_default,2048,rmse_ugm3,42.42007064819336,42.42007064819336,0.0,True
beijing,168,6,,center_resnet_default,2048,mae_ugm3,25.730857849121094,25.730857849121094,0.0,True
beijing,168,6,,center_resnet_default,2048,smape_percent,40.977325439453125,40.977325439453125,0.0,True
beijing,168,6,,center_resnet_default,2049,mse_scaled,0.3303329348564148,0.3303329348564148,0.0,True
beijing,168,6,,center_resnet_default,2049,rmse_scaled,0.5747459741976578,0.5747459741976578,0.0,True
beijing,168,6,,center_resnet_default,2049,mae_scaled,0.3574878275394439,0.35748782753944397,5.551115123125783e-17,True
beijing,168,6,,center_resnet_default,2049,rmse_ugm3,42.72123336791992,42.72123336791992,0.0,True
beijing,168,6,,center_resnet_default,2049,mae_ugm3,26.57229804992676,26.572298049926758,3.552713678800501e-15,True
beijing,168,6,,center_resnet_default,2049,smape_percent,38.800907135009766,38.800907135009766,0.0,True
beijing,168,6,,center_resnet_default,2050,mse_scaled,0.3808880448341369,0.38088804483413696,5.551115123125783e-17,True
beijing,168,6,,center_resnet_default,2050,rmse_scaled,0.6171612794352356,0.6171612794352356,0.0,True
beijing,168,6,,center_resnet_default,2050,mae_scaled,0.4039254486560821,0.40392544865608215,5.551115123125783e-17,True
beijing,168,6,,center_resnet_default,2050,rmse_ugm3,45.87398910522461,45.87398910522461,0.0,True
beijing,168,6,,center_resnet_default,2050,mae_ugm3,30.02403450012207,30.02403450012207,0.0,True
beijing,168,6,,center_resnet_default,2050,smape_percent,42.39106369018555,42.39106369018555,0.0,True
beijing,168,6,,center_resnet_default,2051,mse_scaled,0.3664835691452026,0.36648356914520264,5.551115123125783e-17,True
beijing,168,6,,center_resnet_default,2051,rmse_scaled,0.6053788641381549,0.6053788641381549,0.0,True
beijing,168,6,,center_resnet_default,2051,mae_scaled,0.4091026782989502,0.4091026782989502,0.0,True
beijing,168,6,,center_resnet_default,2051,rmse_ugm3,44.99819564819336,44.99819564819336,0.0,True
beijing,168,6,,center_resnet_default,2051,mae_ugm3,30.40886306762696,30.408863067626953,7.105427357601002e-15,True
beijing,168,6,,center_resnet_default,2051,smape_percent,45.74440002441406,45.74440002441406,0.0,True
beijing,168,6,,center_tcn_default,2047,mse_scaled,0.6154992580413818,0.6154992580413818,0.0,True
beijing,168,6,,center_tcn_default,2047,rmse_scaled,0.7845376077928845,0.7845376077928845,0.0,True
beijing,168,6,,center_tcn_default,2047,mae_scaled,0.5722168684005737,0.5722168684005737,0.0,True
beijing,168,6,,center_tcn_default,2047,rmse_ugm3,58.31517791748047,58.31517791748047,0.0,True
beijing,168,6,,center_tcn_default,2047,mae_ugm3,42.53324508666992,42.53324508666992,0.0,True
beijing,168,6,,center_tcn_default,2047,smape_percent,63.13338470458984,63.133384704589844,7.105427357601002e-15,True
beijing,168,6,,center_tcn_matched,2047,mse_scaled,0.9894613027572632,0.9894613027572632,0.0,True
beijing,168,6,,center_tcn_matched,2047,rmse_scaled,0.9947166947212976,0.9947166947212976,0.0,True
beijing,168,6,,center_tcn_matched,2047,mae_scaled,0.7622030377388,0.7622030377388,0.0,True
beijing,168,6,,center_tcn_matched,2047,rmse_ugm3,73.93792724609375,73.93792724609375,0.0,True
beijing,168,6,,center_tcn_matched,2047,mae_ugm3,56.65503692626953,56.65503692626953,0.0,True
beijing,168,6,,center_tcn_matched,2047,smape_percent,71.6069107055664,71.6069107055664,0.0,True
beijing,168,6,,center_tcn_default,2048,mse_scaled,0.5818843841552734,0.5818843841552734,0.0,True
beijing,168,6,,center_tcn_default,2048,rmse_scaled,0.7628134661601573,0.7628134661601573,0.0,True
beijing,168,6,,center_tcn_default,2048,mae_scaled,0.5294010639190674,0.5294010639190674,0.0,True
beijing,168,6,,center_tcn_default,2048,rmse_ugm3,56.70040893554688,56.700408935546875,7.105427357601002e-15,True
beijing,168,6,,center_tcn_default,2048,mae_ugm3,39.35071563720703,39.35071563720703,0.0,True
beijing,168,6,,center_tcn_default,2048,smape_percent,57.72436141967773,57.724361419677734,7.105427357601002e-15,True
beijing,168,6,,center_tcn_matched,2048,mse_scaled,0.8690371513366699,0.8690371513366699,0.0,True
beijing,168,6,,center_tcn_matched,2048,rmse_scaled,0.932221621363005,0.932221621363005,0.0,True
beijing,168,6,,center_tcn_matched,2048,mae_scaled,0.711528480052948,0.711528480052948,0.0,True
beijing,168,6,,center_tcn_matched,2048,rmse_ugm3,69.2926254272461,69.2926254272461,0.0,True
beijing,168,6,,center_tcn_matched,2048,mae_ugm3,52.88836288452149,52.888362884521484,7.105427357601002e-15,True
beijing,168,6,,center_tcn_matched,2048,smape_percent,67.60128021240234,67.60128021240234,0.0,True
beijing,168,6,,center_tcn_default,2049,mse_scaled,0.5473135709762573,0.5473135709762573,0.0,True
beijing,168,6,,center_tcn_default,2049,rmse_scaled,0.7398064415617489,0.7398064415617489,0.0,True
beijing,168,6,,center_tcn_default,2049,mae_scaled,0.5309039950370789,0.5309039950370789,0.0,True
beijing,168,6,,center_tcn_default,2049,rmse_ugm3,54.99027633666992,54.99027633666992,0.0,True
beijing,168,6,,center_tcn_default,2049,mae_ugm3,39.462432861328125,39.462432861328125,0.0,True
beijing,168,6,,center_tcn_default,2049,smape_percent,61.85832595825195,61.85832595825195,0.0,True
beijing,168,6,,center_tcn_matched,2049,mse_scaled,0.5769315958023071,0.5769315958023071,0.0,True
beijing,168,6,,center_tcn_matched,2049,rmse_scaled,0.7595601331048827,0.7595601331048827,0.0,True
beijing,168,6,,center_tcn_matched,2049,mae_scaled,0.5437216758728027,0.5437216758728027,0.0,True
beijing,168,6,,center_tcn_matched,2049,rmse_ugm3,56.458587646484375,56.458587646484375,0.0,True
beijing,168,6,,center_tcn_matched,2049,mae_ugm3,40.41518020629883,40.41518020629883,0.0,True
beijing,168,6,,center_tcn_matched,2049,smape_percent,54.688720703125,54.688720703125,0.0,True
beijing,168,6,,center_tcn_default,2050,mse_scaled,0.6618412733078003,0.6618412733078003,0.0,True
beijing,168,6,,center_tcn_default,2050,rmse_scaled,0.8135362765776338,0.8135362765776338,0.0,True
beijing,168,6,,center_tcn_default,2050,mae_scaled,0.5840941667556763,0.5840941667556763,0.0,True
beijing,168,6,,center_tcn_default,2050,rmse_ugm3,60.47066879272461,60.47066879272461,0.0,True
beijing,168,6,,center_tcn_default,2050,mae_ugm3,43.41609191894531,43.41609191894531,0.0,True
beijing,168,6,,center_tcn_default,2050,smape_percent,61.7142333984375,61.7142333984375,0.0,True
beijing,168,6,,center_tcn_default,2051,mse_scaled,0.5781744122505188,0.5781744122505188,0.0,True
beijing,168,6,,center_tcn_default,2051,rmse_scaled,0.760377808888791,0.760377808888791,0.0,True
beijing,168,6,,center_tcn_default,2051,mae_scaled,0.550874650478363,0.550874650478363,0.0,True
beijing,168,6,,center_tcn_default,2051,rmse_ugm3,56.51936340332031,56.51936340332031,0.0,True
beijing,168,6,,center_tcn_default,2051,mae_ugm3,40.94686126708984,40.946861267089844,7.105427357601002e-15,True
beijing,168,6,,center_tcn_default,2051,smape_percent,60.41244125366211,60.41244125366211,0.0,True
beijing,168,6,,center_tst_default,2047,mse_scaled,0.3926625251770019,0.39266252517700195,5.551115123125783e-17,True
beijing,168,6,,center_tst_default,2047,rmse_scaled,0.6266279000946271,0.6266279000946271,0.0,True
beijing,168,6,,center_tst_default,2047,mae_scaled,0.4244711995124817,0.4244711995124817,0.0,True
beijing,168,6,,center_tst_default,2047,rmse_ugm3,46.5776481628418,46.5776481628418,0.0,True
beijing,168,6,,center_tst_default,2047,mae_ugm3,31.55121612548828,31.55121612548828,0.0,True
beijing,168,6,,center_tst_default,2047,smape_percent,51.69630813598633,51.69630813598633,0.0,True
beijing,168,6,,center_tst_matched,2047,mse_scaled,0.996252715587616,0.996252715587616,0.0,True
beijing,168,6,,center_tst_matched,2047,rmse_scaled,0.9981245992297836,0.9981245992297835,1.1102230246251565e-16,True
beijing,168,6,,center_tst_matched,2047,mae_scaled,0.7569734454154968,0.7569734454154968,0.0,True
beijing,168,6,,center_tst_matched,2047,rmse_ugm3,74.19123840332031,74.19123840332031,0.0,True
beijing,168,6,,center_tst_matched,2047,mae_ugm3,56.26631546020508,56.26631546020508,0.0,True
beijing,168,6,,center_tst_matched,2047,smape_percent,71.42223358154297,71.42223358154297,0.0,True
beijing,168,6,,center_tst_default,2048,mse_scaled,0.4252069592475891,0.4252069592475891,0.0,True
beijing,168,6,,center_tst_default,2048,rmse_scaled,0.6520789516980203,0.6520789516980203,0.0,True
beijing,168,6,,center_tst_default,2048,mae_scaled,0.4433422684669494,0.44334226846694946,5.551115123125783e-17,True
beijing,168,6,,center_tst_default,2048,rmse_ugm3,48.46944046020508,48.46944046020508,0.0,True
beijing,168,6,,center_tst_default,2048,mae_ugm3,32.953914642333984,32.953914642333984,0.0,True
beijing,168,6,,center_tst_default,2048,smape_percent,52.98976135253906,52.98976135253906,0.0,True
beijing,168,6,,center_tst_matched,2048,mse_scaled,0.3380502164363861,0.3380502164363861,0.0,True
beijing,168,6,,center_tst_matched,2048,rmse_scaled,0.5814208599941922,0.5814208599941922,0.0,True
beijing,168,6,,center_tst_matched,2048,mae_scaled,0.3827976882457733,0.3827976882457733,0.0,True
beijing,168,6,,center_tst_matched,2048,rmse_ugm3,43.21738052368164,43.21738052368164,0.0,True
beijing,168,6,,center_tst_matched,2048,mae_ugm3,28.453598022460938,28.453598022460938,0.0,True
beijing,168,6,,center_tst_matched,2048,smape_percent,44.14567184448242,44.14567184448242,0.0,True
beijing,168,6,,center_tst_default,2049,mse_scaled,0.4383643865585327,0.4383643865585327,0.0,True
beijing,168,6,,center_tst_default,2049,rmse_scaled,0.662090920160164,0.662090920160164,0.0,True
beijing,168,6,,center_tst_default,2049,mae_scaled,0.4579971134662628,0.4579971134662628,0.0,True
beijing,168,6,,center_tst_default,2049,rmse_ugm3,49.21363830566406,49.21363830566406,0.0,True
beijing,168,6,,center_tst_default,2049,mae_ugm3,34.043216705322266,34.043216705322266,0.0,True
beijing,168,6,,center_tst_default,2049,smape_percent,51.86699676513672,51.86699676513672,0.0,True
beijing,168,6,,center_tst_matched,2049,mse_scaled,0.3265531063079834,0.3265531063079834,0.0,True
beijing,168,6,,center_tst_matched,2049,rmse_scaled,0.5714482533948139,0.5714482533948139,0.0,True
beijing,168,6,,center_tst_matched,2049,mae_scaled,0.3728049099445343,0.3728049099445343,0.0,True
beijing,168,6,,center_tst_matched,2049,rmse_ugm3,42.476112365722656,42.476112365722656,0.0,True
beijing,168,6,,center_tst_matched,2049,mae_ugm3,27.71082878112793,27.71082878112793,0.0,True
beijing,168,6,,center_tst_matched,2049,smape_percent,41.88437271118164,41.88437271118164,0.0,True
beijing,168,6,,center_tst_default,2050,mse_scaled,0.5029873847961426,0.5029873847961426,0.0,True
beijing,168,6,,center_tst_default,2050,rmse_scaled,0.7092160353489919,0.7092160353489919,0.0,True
beijing,168,6,,center_tst_default,2050,mae_scaled,0.4708636105060577,0.47086361050605774,5.551115123125783e-17,True
beijing,168,6,,center_tst_default,2050,rmse_ugm3,52.71647644042969,52.71647644042969,0.0,True
beijing,168,6,,center_tst_default,2050,mae_ugm3,34.99958801269531,34.99958801269531,0.0,True
beijing,168,6,,center_tst_default,2050,smape_percent,54.14158630371094,54.14158630371094,0.0,True
beijing,168,6,,center_tst_matched,2050,mse_scaled,0.3128527402877807,0.31285274028778076,5.551115123125783e-17,True
beijing,168,6,,center_tst_matched,2050,rmse_scaled,0.5593324058981214,0.5593324058981214,0.0,True
beijing,168,6,,center_tst_matched,2050,mae_scaled,0.3553175032138824,0.35531750321388245,5.551115123125783e-17,True
beijing,168,6,,center_tst_matched,2050,rmse_ugm3,41.575531005859375,41.575531005859375,0.0,True
beijing,168,6,,center_tst_matched,2050,mae_ugm3,26.41097640991211,26.41097640991211,0.0,True
beijing,168,6,,center_tst_matched,2050,smape_percent,42.59621047973633,42.59621047973633,0.0,True
beijing,168,6,,center_tst_default,2051,mse_scaled,0.4148401021957397,0.41484010219573975,5.551115123125783e-17,True
beijing,168,6,,center_tst_default,2051,rmse_scaled,0.6440808196148522,0.6440808196148522,0.0,True
beijing,168,6,,center_tst_default,2051,mae_scaled,0.4342576861381531,0.4342576861381531,0.0,True
beijing,168,6,,center_tst_default,2051,rmse_ugm3,47.87493515014648,47.874935150146484,7.105427357601002e-15,True
beijing,168,6,,center_tst_default,2051,mae_ugm3,32.278648376464844,32.278648376464844,0.0,True
beijing,168,6,,center_tst_default,2051,smape_percent,50.79485321044922,50.79485321044922,0.0,True
beijing,168,6,,center_tst_matched,2051,mse_scaled,0.312886118888855,0.312886118888855,0.0,True
beijing,168,6,,center_tst_matched,2051,rmse_scaled,0.559362242995409,0.559362242995409,0.0,True
beijing,168,6,,center_tst_matched,2051,mae_scaled,0.3559108078479767,0.3559108078479767,0.0,True
beijing,168,6,,center_tst_matched,2051,rmse_ugm3,41.57775115966797,41.57775115966797,0.0,True
beijing,168,6,,center_tst_matched,2051,mae_ugm3,26.455078125,26.455078125,0.0,True
beijing,168,6,,center_tst_matched,2051,smape_percent,42.438568115234375,42.438568115234375,0.0,True
beijing,168,6,,trad_ar,deterministic,mse_scaled,0.3071689307689667,0.3071689307689667,0.0,True
beijing,168,6,,trad_ar,deterministic,rmse_scaled,0.5542282298556857,0.5542282298556857,0.0,True
beijing,168,6,,trad_ar,deterministic,mae_scaled,0.3193733990192413,0.31937339901924133,5.551115123125783e-17,True
beijing,168,6,,trad_ar,deterministic,rmse_ugm3,41.196136474609375,41.196136474609375,0.0,True
beijing,168,6,,trad_ar,deterministic,mae_ugm3,23.739229202270508,23.739229202270508,0.0,True
beijing,168,6,,trad_ar,deterministic,smape_percent,35.08377456665039,35.08377456665039,0.0,True
beijing,168,6,,trad_climatology,deterministic,mse_scaled,0.9946455955505372,0.9946455955505371,1.1102230246251565e-16,True
beijing,168,6,,trad_climatology,deterministic,rmse_scaled,0.9973192044428588,0.9973192044428589,1.1102230246251565e-16,True
beijing,168,6,,trad_climatology,deterministic,mae_scaled,0.7564966678619385,0.7564966678619385,0.0,True
beijing,168,6,,trad_climatology,deterministic,rmse_ugm3,74.13136291503906,74.13136291503906,0.0,True
beijing,168,6,,trad_climatology,deterministic,mae_ugm3,56.23088073730469,56.23088073730469,0.0,True
beijing,168,6,,trad_climatology,deterministic,smape_percent,71.48198699951172,71.48198699951172,0.0,True
beijing,168,6,,trad_daily_naive,deterministic,mse_scaled,1.4997470378875732,1.4997470378875732,0.0,True
beijing,168,6,,trad_daily_naive,deterministic,rmse_scaled,1.2246415956873151,1.2246415956873151,0.0,True
beijing,168,6,,trad_daily_naive,deterministic,mae_scaled,0.8784062266349792,0.8784062266349792,0.0,True
beijing,168,6,,trad_daily_naive,deterministic,rmse_ugm3,91.02838897705078,91.02838897705078,0.0,True
beijing,168,6,,trad_daily_naive,deterministic,mae_ugm3,65.29248809814453,65.29248809814453,0.0,True
beijing,168,6,,trad_daily_naive,deterministic,smape_percent,77.24920654296875,77.24920654296875,0.0,True
beijing,168,6,,trad_persistence,deterministic,mse_scaled,0.3288435935974121,0.3288435935974121,0.0,True
beijing,168,6,,trad_persistence,deterministic,rmse_scaled,0.5734488587462809,0.5734488587462809,0.0,True
beijing,168,6,,trad_persistence,deterministic,mae_scaled,0.3138252794742584,0.3138252794742584,0.0,True
beijing,168,6,,trad_persistence,deterministic,rmse_ugm3,42.62481689453125,42.62481689453125,0.0,True
beijing,168,6,,trad_persistence,deterministic,mae_ugm3,23.326833724975582,23.326833724975586,3.552713678800501e-15,True
beijing,168,6,,trad_persistence,deterministic,smape_percent,31.796127319335938,31.796127319335938,0.0,True
beijing,168,6,,trad_ridge,deterministic,mse_scaled,0.306108146905899,0.30610814690589905,5.551115123125783e-17,True
beijing,168,6,,trad_ridge,deterministic,rmse_scaled,0.5532704102931034,0.5532704102931034,0.0,True
beijing,168,6,,trad_ridge,deterministic,mae_scaled,0.3225967586040497,0.3225967586040497,0.0,True
beijing,168,6,,trad_ridge,deterministic,rmse_ugm3,41.12493896484375,41.12493896484375,0.0,True
beijing,168,6,,trad_ridge,deterministic,mae_ugm3,23.978822708129883,23.978822708129883,0.0,True
beijing,168,6,,trad_ridge,deterministic,smape_percent,36.89314270019531,36.89314270019531,0.0,True
beijing,24,12,,center_gru_default,2047,mse_scaled,0.4528622031211853,0.4528622031211853,0.0,True
beijing,24,12,,center_gru_default,2047,rmse_scaled,0.6729503719600616,0.6729503719600616,0.0,True
beijing,24,12,,center_gru_default,2047,mae_scaled,0.4282161295413971,0.4282161295413971,0.0,True
beijing,24,12,,center_gru_default,2047,rmse_ugm3,50.13657760620117,50.13657760620117,0.0,True
beijing,24,12,,center_gru_default,2047,mae_ugm3,31.903228759765625,31.903228759765625,0.0,True
beijing,24,12,,center_gru_default,2047,smape_percent,44.095703125,44.095703125,0.0,True
beijing,24,12,,center_gru_default,2048,mse_scaled,0.4523326456546783,0.45233264565467834,5.551115123125783e-17,True
beijing,24,12,,center_gru_default,2048,rmse_scaled,0.6725567973447881,0.6725567973447881,0.0,True
beijing,24,12,,center_gru_default,2048,mae_scaled,0.4238422513008117,0.42384225130081177,5.551115123125783e-17,True
beijing,24,12,,center_gru_default,2048,rmse_ugm3,50.10725021362305,50.10725021362305,0.0,True
beijing,24,12,,center_gru_default,2048,mae_ugm3,31.577363967895508,31.577363967895508,0.0,True
beijing,24,12,,center_gru_default,2048,smape_percent,43.15060806274414,43.15060806274414,0.0,True
beijing,24,12,,center_gru_default,2049,mse_scaled,0.4584380090236664,0.4584380090236664,0.0,True
beijing,24,12,,center_gru_default,2049,rmse_scaled,0.6770805040936169,0.6770805040936169,0.0,True
beijing,24,12,,center_gru_default,2049,mae_scaled,0.4282793402671814,0.4282793402671814,0.0,True
beijing,24,12,,center_gru_default,2049,rmse_ugm3,50.44428253173828,50.44428253173828,0.0,True
beijing,24,12,,center_gru_default,2049,mae_ugm3,31.90793800354004,31.90793800354004,0.0,True
beijing,24,12,,center_gru_default,2049,smape_percent,44.29035949707031,44.29035949707031,0.0,True
beijing,24,12,,center_lstm_default,2047,mse_scaled,0.4551722705364227,0.45517227053642273,5.551115123125783e-17,True
beijing,24,12,,center_lstm_default,2047,rmse_scaled,0.6746645614943938,0.6746645614943938,0.0,True
beijing,24,12,,center_lstm_default,2047,mae_scaled,0.4300987720489502,0.4300987720489502,0.0,True
beijing,24,12,,center_lstm_default,2047,rmse_ugm3,50.264286041259766,50.264286041259766,0.0,True
beijing,24,12,,center_lstm_default,2047,mae_ugm3,32.043495178222656,32.043495178222656,0.0,True
beijing,24,12,,center_lstm_default,2047,smape_percent,44.385990142822266,44.385990142822266,0.0,True
beijing,24,12,,center_lstm_default,2048,mse_scaled,0.4649678170681,0.4649678170681,0.0,True
beijing,24,12,,center_lstm_default,2048,rmse_scaled,0.6818854867703961,0.6818854867703961,0.0,True
beijing,24,12,,center_lstm_default,2048,mae_scaled,0.442331463098526,0.442331463098526,0.0,True
beijing,24,12,,center_lstm_default,2048,rmse_ugm3,50.80226516723633,50.80226516723633,0.0,True
beijing,24,12,,center_lstm_default,2048,mae_ugm3,32.95486068725586,32.95486068725586,0.0,True
beijing,24,12,,center_lstm_default,2048,smape_percent,45.33793640136719,45.33793640136719,0.0,True
beijing,24,12,,center_lstm_default,2049,mse_scaled,0.482304036617279,0.48230403661727905,5.551115123125783e-17,True
beijing,24,12,,center_lstm_default,2049,rmse_scaled,0.6944811276177913,0.6944811276177913,0.0,True
beijing,24,12,,center_lstm_default,2049,mae_scaled,0.4456472098827362,0.4456472098827362,0.0,True
beijing,24,12,,center_lstm_default,2049,rmse_ugm3,51.74067306518555,51.74067306518555,0.0,True
beijing,24,12,,center_lstm_default,2049,mae_ugm3,33.20188903808594,33.20188903808594,0.0,True
beijing,24,12,,center_lstm_default,2049,smape_percent,45.12818145751953,45.12818145751953,0.0,True
beijing,24,12,,center_tcn_default,2047,mse_scaled,0.496204674243927,0.496204674243927,0.0,True
beijing,24,12,,center_tcn_default,2047,rmse_scaled,0.7044179684277844,0.7044179684277844,0.0,True
beijing,24,12,,center_tcn_default,2047,mae_scaled,0.4601402580738067,0.46014025807380676,5.551115123125783e-17,True
beijing,24,12,,center_tcn_default,2047,rmse_ugm3,52.480995178222656,52.480995178222656,0.0,True
beijing,24,12,,center_tcn_default,2047,mae_ugm3,34.28166198730469,34.28166198730469,0.0,True
beijing,24,12,,center_tcn_default,2047,smape_percent,47.97034454345703,47.97034454345703,0.0,True
beijing,24,12,,center_tcn_default,2048,mse_scaled,0.5136619806289673,0.5136619806289673,0.0,True
beijing,24,12,,center_tcn_default,2048,rmse_scaled,0.7167021561492384,0.7167021561492384,0.0,True
beijing,24,12,,center_tcn_default,2048,mae_scaled,0.4651637673377991,0.4651637673377991,0.0,True
beijing,24,12,,center_tcn_default,2048,rmse_ugm3,53.39619445800781,53.39619445800781,0.0,True
beijing,24,12,,center_tcn_default,2048,mae_ugm3,34.65592956542969,34.65592956542969,0.0,True
beijing,24,12,,center_tcn_default,2048,smape_percent,46.84037399291992,46.84037399291992,0.0,True
beijing,24,12,,center_tcn_default,2049,mse_scaled,0.4982080161571502,0.49820801615715027,5.551115123125783e-17,True
beijing,24,12,,center_tcn_default,2049,rmse_scaled,0.7058385198876229,0.7058385198876229,0.0,True
beijing,24,12,,center_tcn_default,2049,mae_scaled,0.4802692532539367,0.48026925325393677,5.551115123125783e-17,True
beijing,24,12,,center_tcn_default,2049,rmse_ugm3,52.58683013916016,52.586830139160156,7.105427357601002e-15,True
beijing,24,12,,center_tcn_default,2049,mae_ugm3,35.78132247924805,35.78132247924805,0.0,True
beijing,24,12,,center_tcn_default,2049,smape_percent,50.13898086547852,50.138980865478516,7.105427357601002e-15,True
beijing,24,12,,trad_ar,deterministic,mse_scaled,0.4697190225124359,0.4697190225124359,0.0,True
beijing,24,12,,trad_ar,deterministic,rmse_scaled,0.6853605055096449,0.6853605055096449,0.0,True
beijing,24,12,,trad_ar,deterministic,mae_scaled,0.4353408515453338,0.43534085154533386,5.551115123125783e-17,True
beijing,24,12,,trad_ar,deterministic,rmse_ugm3,51.061161041259766,51.061161041259766,0.0,True
beijing,24,12,,trad_ar,deterministic,mae_ugm3,32.43404006958008,32.43404006958008,0.0,True
beijing,24,12,,trad_ar,deterministic,smape_percent,45.44076156616211,45.44076156616211,0.0,True
beijing,24,12,,trad_climatology,deterministic,mse_scaled,0.9838847517967224,0.9838847517967224,0.0,True
beijing,24,12,,trad_climatology,deterministic,rmse_scaled,0.9919096490087806,0.9919096490087806,0.0,True
beijing,24,12,,trad_climatology,deterministic,mae_scaled,0.7514640092849731,0.7514640092849731,0.0,True
beijing,24,12,,trad_climatology,deterministic,rmse_ugm3,73.8998794555664,73.8998794555664,0.0,True
beijing,24,12,,trad_climatology,deterministic,mae_ugm3,55.98604583740234,55.986045837402344,7.105427357601002e-15,True
beijing,24,12,,trad_climatology,deterministic,smape_percent,71.68170928955078,71.68170928955078,0.0,True
beijing,24,12,,trad_daily_naive,deterministic,mse_scaled,1.5300291776657104,1.5300291776657104,0.0,True
beijing,24,12,,trad_daily_naive,deterministic,rmse_scaled,1.236943482001385,1.236943482001385,0.0,True
beijing,24,12,,trad_daily_naive,deterministic,mae_scaled,0.8824692964553833,0.8824692964553833,0.0,True
beijing,24,12,,trad_daily_naive,deterministic,rmse_ugm3,92.15554809570312,92.15554809570312,0.0,True
beijing,24,12,,trad_daily_naive,deterministic,mae_ugm3,65.74627685546875,65.74627685546875,0.0,True
beijing,24,12,,trad_daily_naive,deterministic,smape_percent,77.49833679199219,77.49833679199219,0.0,True
beijing,24,12,,trad_persistence,deterministic,mse_scaled,0.5497267842292786,0.5497267842292786,0.0,True
beijing,24,12,,trad_persistence,deterministic,rmse_scaled,0.7414356237929755,0.7414356237929755,0.0,True
beijing,24,12,,trad_persistence,deterministic,mae_scaled,0.4375029802322387,0.43750298023223877,5.551115123125783e-17,True
beijing,24,12,,trad_persistence,deterministic,rmse_ugm3,55.23890686035156,55.23890686035156,0.0,True
beijing,24,12,,trad_persistence,deterministic,mae_ugm3,32.595123291015625,32.595123291015625,0.0,True
beijing,24,12,,trad_persistence,deterministic,smape_percent,42.81005859375,42.81005859375,0.0,True
beijing,24,12,,trad_ridge,deterministic,mse_scaled,0.4676249921321869,0.4676249921321869,0.0,True
beijing,24,12,,trad_ridge,deterministic,rmse_scaled,0.6838311137497232,0.6838311137497232,0.0,True
beijing,24,12,,trad_ridge,deterministic,mae_scaled,0.4351311326026916,0.43513113260269165,5.551115123125783e-17,True
beijing,24,12,,trad_ridge,deterministic,rmse_ugm3,50.94721984863281,50.94721984863281,0.0,True
beijing,24,12,,trad_ridge,deterministic,mae_ugm3,32.41841506958008,32.41841506958008,0.0,True
beijing,24,12,,trad_ridge,deterministic,smape_percent,45.38605499267578,45.38605499267578,0.0,True
beijing,24,1,,center_gru_default,2047,mse_scaled,0.0821188017725944,0.08211880177259445,5.551115123125783e-17,True
beijing,24,1,,center_gru_default,2047,rmse_scaled,0.2865637830790807,0.28656378307908076,5.551115123125783e-17,True
beijing,24,1,,center_gru_default,2047,mae_scaled,0.1331178694963455,0.13311786949634552,2.7755575615628914e-17,True
beijing,24,1,,center_gru_default,2047,rmse_ugm3,21.35465240478516,21.354652404785156,3.552713678800501e-15,True
beijing,24,1,,center_gru_default,2047,mae_ugm3,9.919904708862305,9.919904708862305,0.0,True
beijing,24,1,,center_gru_default,2047,smape_percent,16.35347557067871,16.35347557067871,0.0,True
beijing,24,1,,center_gru_matched,2047,mse_scaled,0.0828699916601181,0.0828699916601181,0.0,True
beijing,24,1,,center_gru_matched,2047,rmse_scaled,0.2878714846248549,0.28787148462485496,5.551115123125783e-17,True
beijing,24,1,,center_gru_matched,2047,mae_scaled,0.1350717693567276,0.1350717693567276,0.0,True
beijing,24,1,,center_gru_matched,2047,rmse_ugm3,21.45210266113281,21.452102661132812,3.552713678800501e-15,True
beijing,24,1,,center_gru_matched,2047,mae_ugm3,10.065509796142578,10.065509796142578,0.0,True
beijing,24,1,,center_gru_matched,2047,smape_percent,17.084930419921875,17.084930419921875,0.0,True
beijing,24,1,,center_gru_default,2048,mse_scaled,0.0825056657195091,0.08250566571950912,2.7755575615628914e-17,True
beijing,24,1,,center_gru_default,2048,rmse_scaled,0.2872379949092897,0.2872379949092897,0.0,True
beijing,24,1,,center_gru_default,2048,mae_scaled,0.1323799341917038,0.1323799341917038,0.0,True
beijing,24,1,,center_gru_default,2048,rmse_ugm3,21.40489387512207,21.40489387512207,0.0,True
beijing,24,1,,center_gru_default,2048,mae_ugm3,9.864914894104004,9.864914894104004,0.0,True
beijing,24,1,,center_gru_default,2048,smape_percent,16.176254272460938,16.176254272460938,0.0,True
beijing,24,1,,center_gru_matched,2048,mse_scaled,0.0818911865353584,0.08189118653535843,2.7755575615628914e-17,True
beijing,24,1,,center_gru_matched,2048,rmse_scaled,0.2861663616418925,0.2861663616418925,0.0,True
beijing,24,1,,center_gru_matched,2048,mae_scaled,0.1327516883611679,0.1327516883611679,0.0,True
beijing,24,1,,center_gru_matched,2048,rmse_ugm3,21.32503700256348,21.325037002563477,3.552713678800501e-15,True
beijing,24,1,,center_gru_matched,2048,mae_ugm3,9.892618179321287,9.892618179321289,1.7763568394002505e-15,True
beijing,24,1,,center_gru_matched,2048,smape_percent,16.28583526611328,16.28583526611328,0.0,True
beijing,24,1,,center_gru_default,2049,mse_scaled,0.0832385793328285,0.08323857933282852,2.7755575615628914e-17,True
beijing,24,1,,center_gru_default,2049,rmse_scaled,0.2885109691724536,0.28851096917245367,5.551115123125783e-17,True
beijing,24,1,,center_gru_default,2049,mae_scaled,0.1356287896633148,0.13562878966331482,2.7755575615628914e-17,True
beijing,24,1,,center_gru_default,2049,rmse_ugm3,21.499755859375,21.499755859375,0.0,True
beijing,24,1,,center_gru_default,2049,mae_ugm3,10.107019424438477,10.107019424438477,0.0,True
beijing,24,1,,center_gru_default,2049,smape_percent,17.26927375793457,17.26927375793457,0.0,True
beijing,24,1,,center_gru_matched,2049,mse_scaled,0.081193707883358,0.081193707883358,0.0,True
beijing,24,1,,center_gru_matched,2049,rmse_scaled,0.2849450962612938,0.28494509626129383,5.551115123125783e-17,True
beijing,24,1,,center_gru_matched,2049,mae_scaled,0.1352068483829498,0.13520684838294983,2.7755575615628914e-17,True
beijing,24,1,,center_gru_matched,2049,rmse_ugm3,21.234027862548828,21.234027862548828,0.0,True
beijing,24,1,,center_gru_matched,2049,mae_ugm3,10.075576782226562,10.075576782226562,0.0,True
beijing,24,1,,center_gru_matched,2049,smape_percent,17.166156768798828,17.166156768798828,0.0,True
beijing,24,1,,center_gru_default,2050,mse_scaled,0.0825839862227439,0.08258398622274399,8.326672684688674e-17,True
beijing,24,1,,center_gru_default,2050,rmse_scaled,0.2873742963849481,0.2873742963849481,0.0,True
beijing,24,1,,center_gru_default,2050,mae_scaled,0.132453516125679,0.13245351612567902,2.7755575615628914e-17,True
beijing,24,1,,center_gru_default,2050,rmse_ugm3,21.4150505065918,21.415050506591797,3.552713678800501e-15,True
beijing,24,1,,center_gru_default,2050,mae_ugm3,9.87039852142334,9.87039852142334,0.0,True
beijing,24,1,,center_gru_default,2050,smape_percent,16.13134765625,16.13134765625,0.0,True
beijing,24,1,,center_gru_matched,2050,mse_scaled,0.0812965780496597,0.08129657804965973,2.7755575615628914e-17,True
beijing,24,1,,center_gru_matched,2050,rmse_scaled,0.2851255478726165,0.2851255478726165,0.0,True
beijing,24,1,,center_gru_matched,2050,mae_scaled,0.1315626055002212,0.13156260550022125,5.551115123125783e-17,True
beijing,24,1,,center_gru_matched,2050,rmse_ugm3,21.24747467041016,21.247474670410156,3.552713678800501e-15,True
beijing,24,1,,center_gru_matched,2050,mae_ugm3,9.80400848388672,9.804008483886719,1.7763568394002505e-15,True
beijing,24,1,,center_gru_matched,2050,smape_percent,15.88568878173828,15.885688781738281,1.7763568394002505e-15,True
beijing,24,1,,center_gru_default,2051,mse_scaled,0.0830157920718193,0.0830157920718193,0.0,True
beijing,24,1,,center_gru_default,2051,rmse_scaled,0.2881246120549567,0.2881246120549567,0.0,True
beijing,24,1,,center_gru_default,2051,mae_scaled,0.1336921155452728,0.13369211554527283,2.7755575615628914e-17,True
beijing,24,1,,center_gru_default,2051,rmse_ugm3,21.47096443176269,21.470964431762695,3.552713678800501e-15,True
beijing,24,1,,center_gru_default,2051,mae_ugm3,9.962697982788086,9.962697982788086,0.0,True
beijing,24,1,,center_gru_default,2051,smape_percent,16.467662811279297,16.467662811279297,0.0,True
beijing,24,1,,center_gru_matched,2051,mse_scaled,0.0794583484530448,0.07945834845304489,9.71445146547012e-17,True
beijing,24,1,,center_gru_matched,2051,rmse_scaled,0.2818835725136264,0.28188357251362645,5.551115123125783e-17,True
beijing,24,1,,center_gru_matched,2051,mae_scaled,0.1344383805990219,0.1344383805990219,0.0,True
beijing,24,1,,center_gru_matched,2051,rmse_ugm3,21.0058822631836,21.005882263183594,7.105427357601002e-15,True
beijing,24,1,,center_gru_matched,2051,mae_ugm3,10.018309593200684,10.018309593200684,0.0,True
beijing,24,1,,center_gru_matched,2051,smape_percent,17.062700271606445,17.062700271606445,0.0,True
beijing,24,1,,center_lstm_default,2047,mse_scaled,0.0809853598475456,0.08098535984754562,2.7755575615628914e-17,True
beijing,24,1,,center_lstm_default,2047,rmse_scaled,0.2845792681267306,0.2845792681267306,0.0,True
beijing,24,1,,center_lstm_default,2047,mae_scaled,0.133904755115509,0.13390475511550903,2.7755575615628914e-17,True
beijing,24,1,,center_lstm_default,2047,rmse_ugm3,21.20676612854004,21.20676612854004,0.0,True
beijing,24,1,,center_lstm_default,2047,mae_ugm3,9.978544235229492,9.978544235229492,0.0,True
beijing,24,1,,center_lstm_default,2047,smape_percent,16.61643409729004,16.61643409729004,0.0,True
beijing,24,1,,center_lstm_matched,2047,mse_scaled,0.0780031010508537,0.07800310105085373,2.7755575615628914e-17,True
beijing,24,1,,center_lstm_matched,2047,rmse_scaled,0.2792903525918032,0.2792903525918032,0.0,True
beijing,24,1,,center_lstm_matched,2047,mae_scaled,0.1331538707017898,0.13315387070178986,5.551115123125783e-17,True
beijing,24,1,,center_lstm_matched,2047,rmse_ugm3,20.81263732910156,20.812637329101562,3.552713678800501e-15,True
beijing,24,1,,center_lstm_matched,2047,mae_ugm3,9.922589302062988,9.922589302062988,0.0,True
beijing,24,1,,center_lstm_matched,2047,smape_percent,16.309703826904297,16.309703826904297,0.0,True
beijing,24,1,,center_lstm_default,2048,mse_scaled,0.0793899223208427,0.07938992232084274,4.163336342344337e-17,True
beijing,24,1,,center_lstm_default,2048,rmse_scaled,0.2817621733321255,0.2817621733321255,0.0,True
beijing,24,1,,center_lstm_default,2048,mae_scaled,0.1340134292840957,0.13401342928409576,5.551115123125783e-17,True
beijing,24,1,,center_lstm_default,2048,rmse_ugm3,20.996835708618164,20.996835708618164,0.0,True
beijing,24,1,,center_lstm_default,2048,mae_ugm3,9.986642837524414,9.986642837524414,0.0,True
beijing,24,1,,center_lstm_default,2048,smape_percent,16.41778564453125,16.41778564453125,0.0,True
beijing,24,1,,center_lstm_matched,2048,mse_scaled,0.0772746726870536,0.07727467268705368,8.326672684688674e-17,True
beijing,24,1,,center_lstm_matched,2048,rmse_scaled,0.2779832237510992,0.2779832237510992,0.0,True
beijing,24,1,,center_lstm_matched,2048,mae_scaled,0.1334502846002578,0.13345028460025787,8.326672684688674e-17,True
beijing,24,1,,center_lstm_matched,2048,rmse_ugm3,20.71523094177246,20.71523094177246,0.0,True
beijing,24,1,,center_lstm_matched,2048,mae_ugm3,9.944676399230955,9.944676399230957,1.7763568394002505e-15,True
beijing,24,1,,center_lstm_matched,2048,smape_percent,16.576162338256836,16.576162338256836,0.0,True
beijing,24,1,,center_lstm_default,2049,mse_scaled,0.0799228474497795,0.07992284744977951,1.3877787807814457e-17,True
beijing,24,1,,center_lstm_default,2049,rmse_scaled,0.2827062918468203,0.2827062918468203,0.0,True
beijing,24,1,,center_lstm_default,2049,mae_scaled,0.1324838548898697,0.1324838548898697,0.0,True
beijing,24,1,,center_lstm_default,2049,rmse_ugm3,21.06719207763672,21.06719207763672,0.0,True
beijing,24,1,,center_lstm_default,2049,mae_ugm3,9.872658729553224,9.872658729553223,1.7763568394002505e-15,True
beijing,24,1,,center_lstm_default,2049,smape_percent,15.929770469665527,15.929770469665527,0.0,True
beijing,24,1,,center_lstm_matched,2049,mse_scaled,0.0778713449835777,0.07787134498357773,2.7755575615628914e-17,True
beijing,24,1,,center_lstm_matched,2049,rmse_scaled,0.2790543763920891,0.2790543763920891,0.0,True
beijing,24,1,,center_lstm_matched,2049,mae_scaled,0.1320874243974685,0.13208742439746857,5.551115123125783e-17,True
beijing,24,1,,center_lstm_matched,2049,rmse_ugm3,20.79505157470703,20.79505157470703,0.0,True
beijing,24,1,,center_lstm_matched,2049,mae_ugm3,9.843116760253906,9.843116760253906,0.0,True
beijing,24,1,,center_lstm_matched,2049,smape_percent,16.073707580566406,16.073707580566406,0.0,True
beijing,24,1,,center_lstm_default,2050,mse_scaled,0.0800780653953552,0.08007806539535522,2.7755575615628914e-17,True
beijing,24,1,,center_lstm_default,2050,rmse_scaled,0.2829806802510645,0.28298068025106454,5.551115123125783e-17,True
beijing,24,1,,center_lstm_default,2050,mae_scaled,0.1319767087697982,0.13197670876979828,8.326672684688674e-17,True
beijing,24,1,,center_lstm_default,2050,rmse_ugm3,21.0876407623291,21.0876407623291,0.0,True
beijing,24,1,,center_lstm_default,2050,mae_ugm3,9.834867477416992,9.834867477416992,0.0,True
beijing,24,1,,center_lstm_default,2050,smape_percent,15.775616645812988,15.775616645812988,0.0,True
beijing,24,1,,center_lstm_matched,2050,mse_scaled,0.0781055688858032,0.07810556888580322,2.7755575615628914e-17,True
beijing,24,1,,center_lstm_matched,2050,rmse_scaled,0.2794737355921003,0.27947373559210037,5.551115123125783e-17,True
beijing,24,1,,center_lstm_matched,2050,mae_scaled,0.1323796808719635,0.1323796808719635,0.0,True
beijing,24,1,,center_lstm_matched,2050,rmse_ugm3,20.826303482055664,20.826303482055664,0.0,True
beijing,24,1,,center_lstm_matched,2050,mae_ugm3,9.864896774291992,9.864896774291992,0.0,True
beijing,24,1,,center_lstm_matched,2050,smape_percent,16.187896728515625,16.187896728515625,0.0,True
beijing,24,1,,center_lstm_default,2051,mse_scaled,0.0789146274328231,0.07891462743282318,8.326672684688674e-17,True
beijing,24,1,,center_lstm_default,2051,rmse_scaled,0.2809174744169952,0.28091747441699527,5.551115123125783e-17,True
beijing,24,1,,center_lstm_default,2051,mae_scaled,0.1346787512302398,0.13467875123023987,5.551115123125783e-17,True
beijing,24,1,,center_lstm_default,2051,rmse_ugm3,20.93388938903809,20.933889389038086,3.552713678800501e-15,True
beijing,24,1,,center_lstm_default,2051,mae_ugm3,10.036222457885742,10.036222457885742,0.0,True
beijing,24,1,,center_lstm_default,2051,smape_percent,16.881492614746094,16.881492614746094,0.0,True
beijing,24,1,,center_lstm_matched,2051,mse_scaled,0.0794361904263496,0.07943619042634964,4.163336342344337e-17,True
beijing,24,1,,center_lstm_matched,2051,rmse_scaled,0.2818442662648109,0.2818442662648109,0.0,True
beijing,24,1,,center_lstm_matched,2051,mae_scaled,0.1326073408126831,0.1326073408126831,0.0,True
beijing,24,1,,center_lstm_matched,2051,rmse_ugm3,21.00295639038086,21.00295639038086,0.0,True
beijing,24,1,,center_lstm_matched,2051,mae_ugm3,9.881860733032228,9.881860733032227,1.7763568394002505e-15,True
beijing,24,1,,center_lstm_matched,2051,smape_percent,15.763577461242676,15.763577461242676,0.0,True
beijing,24,1,,center_mlp_default,2047,mse_scaled,0.1053257063031196,0.10532570630311966,5.551115123125783e-17,True
beijing,24,1,,center_mlp_default,2047,rmse_scaled,0.3245392215173994,0.32453922151739945,5.551115123125783e-17,True
beijing,24,1,,center_mlp_default,2047,mae_scaled,0.1807364970445633,0.1807364970445633,0.0,True
beijing,24,1,,center_mlp_default,2047,rmse_ugm3,24.1845703125,24.1845703125,0.0,True
beijing,24,1,,center_mlp_default,2047,mae_ugm3,13.468432426452637,13.468432426452637,0.0,True
beijing,24,1,,center_mlp_default,2047,smape_percent,24.73631477355957,24.73631477355957,0.0,True
beijing,24,1,,center_mlp_matched,2047,mse_scaled,0.1128943338990211,0.11289433389902115,5.551115123125783e-17,True
beijing,24,1,,center_mlp_matched,2047,rmse_scaled,0.3359975206739198,0.3359975206739198,0.0,True
beijing,24,1,,center_mlp_matched,2047,mae_scaled,0.1890369057655334,0.18903690576553345,5.551115123125783e-17,True
beijing,24,1,,center_mlp_matched,2047,rmse_ugm3,25.03843879699707,25.03843879699707,0.0,True
beijing,24,1,,center_mlp_matched,2047,mae_ugm3,14.086977005004885,14.086977005004883,1.7763568394002505e-15,True
beijing,24,1,,center_mlp_matched,2047,smape_percent,24.55370330810547,24.55370330810547,0.0,True
beijing,24,1,,center_mlp_default,2048,mse_scaled,0.0939623862504959,0.09396238625049591,1.3877787807814457e-17,True
beijing,24,1,,center_mlp_default,2048,rmse_scaled,0.3065328469356847,0.3065328469356847,0.0,True
beijing,24,1,,center_mlp_default,2048,mae_scaled,0.1699773222208023,0.1699773222208023,0.0,True
beijing,24,1,,center_mlp_default,2048,rmse_ugm3,22.84273910522461,22.84273910522461,0.0,True
beijing,24,1,,center_mlp_default,2048,mae_ugm3,12.666661262512209,12.666661262512207,1.7763568394002505e-15,True
beijing,24,1,,center_mlp_default,2048,smape_percent,22.500598907470703,22.500598907470703,0.0,True
beijing,24,1,,center_mlp_matched,2048,mse_scaled,0.1104492247104644,0.11044922471046448,8.326672684688674e-17,True
beijing,24,1,,center_mlp_matched,2048,rmse_scaled,0.3323390207460816,0.3323390207460816,0.0,True
beijing,24,1,,center_mlp_matched,2048,mae_scaled,0.1864804923534393,0.18648049235343933,2.7755575615628914e-17,True
beijing,24,1,,center_mlp_matched,2048,rmse_ugm3,24.765810012817383,24.765810012817383,0.0,True
beijing,24,1,,center_mlp_matched,2048,mae_ugm3,13.896472930908203,13.896472930908203,0.0,True
beijing,24,1,,center_mlp_matched,2048,smape_percent,22.797590255737305,22.797590255737305,0.0,True
beijing,24,1,,center_mlp_default,2049,mse_scaled,0.1045014038681984,0.1045014038681984,0.0,True
beijing,24,1,,center_mlp_default,2049,rmse_scaled,0.3232667688894087,0.32326676888940875,5.551115123125783e-17,True
beijing,24,1,,center_mlp_default,2049,mae_scaled,0.1881514191627502,0.18815141916275024,5.551115123125783e-17,True
beijing,24,1,,center_mlp_default,2049,rmse_ugm3,24.08974838256836,24.08974838256836,0.0,True
beijing,24,1,,center_mlp_default,2049,mae_ugm3,14.020989418029783,14.020989418029785,1.7763568394002505e-15,True
beijing,24,1,,center_mlp_default,2049,smape_percent,26.40497398376465,26.40497398376465,0.0,True
beijing,24,1,,center_mlp_matched,2049,mse_scaled,0.1066365987062454,0.10663659870624542,2.7755575615628914e-17,True
beijing,24,1,,center_mlp_matched,2049,rmse_scaled,0.3265525971512789,0.3265525971512789,0.0,True
beijing,24,1,,center_mlp_matched,2049,mae_scaled,0.1843527853488922,0.1843527853488922,0.0,True
beijing,24,1,,center_mlp_matched,2049,rmse_ugm3,24.33460807800293,24.33460807800293,0.0,True
beijing,24,1,,center_mlp_matched,2049,mae_ugm3,13.737915992736816,13.737915992736816,0.0,True
beijing,24,1,,center_mlp_matched,2049,smape_percent,23.68228340148925,23.682283401489258,7.105427357601002e-15,True
beijing,24,1,,center_mlp_default,2050,mse_scaled,0.1071609184145927,0.10716091841459274,4.163336342344337e-17,True
beijing,24,1,,center_mlp_default,2050,rmse_scaled,0.327354423239694,0.32735442323969405,5.551115123125783e-17,True
beijing,24,1,,center_mlp_default,2050,mae_scaled,0.1857568025588989,0.18575680255889893,2.7755575615628914e-17,True
beijing,24,1,,center_mlp_default,2050,rmse_ugm3,24.39435768127441,24.394357681274414,3.552713678800501e-15,True
beijing,24,1,,center_mlp_default,2050,mae_ugm3,13.842544555664062,13.842544555664062,0.0,True
beijing,24,1,,center_mlp_default,2050,smape_percent,26.5046501159668,26.504650115966797,3.552713678800501e-15,True
beijing,24,1,,center_mlp_matched,2050,mse_scaled,0.1145378798246383,0.11453787982463837,6.938893903907228e-17,True
beijing,24,1,,center_mlp_matched,2050,rmse_scaled,0.3384344542516886,0.33843445425168867,5.551115123125783e-17,True
beijing,24,1,,center_mlp_matched,2050,mae_scaled,0.1900862604379654,0.1900862604379654,0.0,True
beijing,24,1,,center_mlp_matched,2050,rmse_ugm3,25.22003936767578,25.22003936767578,0.0,True
beijing,24,1,,center_mlp_matched,2050,mae_ugm3,14.165173530578612,14.165173530578613,1.7763568394002505e-15,True
beijing,24,1,,center_mlp_matched,2050,smape_percent,23.016605377197266,23.016605377197266,0.0,True
beijing,24,1,,center_mlp_default,2051,mse_scaled,0.1029321402311325,0.10293214023113251,1.3877787807814457e-17,True
beijing,24,1,,center_mlp_default,2051,rmse_scaled,0.3208303916887122,0.32083039168871225,5.551115123125783e-17,True
beijing,24,1,,center_mlp_default,2051,mae_scaled,0.1897728592157364,0.1897728592157364,0.0,True
beijing,24,1,,center_mlp_default,2051,rmse_ugm3,23.90818977355957,23.90818977355957,0.0,True
beijing,24,1,,center_mlp_default,2051,mae_ugm3,14.141818046569824,14.141818046569824,0.0,True
beijing,24,1,,center_mlp_default,2051,smape_percent,26.42811584472656,26.428115844726562,3.552713678800501e-15,True
beijing,24,1,,center_mlp_matched,2051,mse_scaled,0.1102445274591445,0.11024452745914459,9.71445146547012e-17,True
beijing,24,1,,center_mlp_matched,2051,rmse_scaled,0.3320309134088942,0.3320309134088942,0.0,True
beijing,24,1,,center_mlp_matched,2051,mae_scaled,0.1850564777851104,0.18505647778511047,8.326672684688674e-17,True
beijing,24,1,,center_mlp_matched,2051,rmse_ugm3,24.742849349975582,24.742849349975586,3.552713678800501e-15,True
beijing,24,1,,center_mlp_matched,2051,mae_ugm3,13.790356636047363,13.790356636047363,0.0,True
beijing,24,1,,center_mlp_matched,2051,smape_percent,22.997270584106445,22.997270584106445,0.0,True
beijing,24,1,,center_resnet_default,2047,mse_scaled,0.0843694955110549,0.08436949551105499,9.71445146547012e-17,True
beijing,24,1,,center_resnet_default,2047,rmse_scaled,0.2904642757914559,0.29046427579145595,5.551115123125783e-17,True
beijing,24,1,,center_resnet_default,2047,mae_scaled,0.1511324048042297,0.15113240480422974,2.7755575615628914e-17,True
beijing,24,1,,center_resnet_default,2047,rmse_ugm3,21.645313262939453,21.645313262939453,0.0,True
beijing,24,1,,center_resnet_default,2047,mae_ugm3,11.262344360351562,11.262344360351562,0.0,True
beijing,24,1,,center_resnet_default,2047,smape_percent,18.4874210357666,18.4874210357666,0.0,True
beijing,24,1,,center_resnet_matched,2047,mse_scaled,0.0843694955110549,0.08436949551105499,9.71445146547012e-17,True
beijing,24,1,,center_resnet_matched,2047,rmse_scaled,0.2904642757914559,0.29046427579145595,5.551115123125783e-17,True
beijing,24,1,,center_resnet_matched,2047,mae_scaled,0.1511324048042297,0.15113240480422974,2.7755575615628914e-17,True
beijing,24,1,,center_resnet_matched,2047,rmse_ugm3,21.645313262939453,21.645313262939453,0.0,True
beijing,24,1,,center_resnet_matched,2047,mae_ugm3,11.262344360351562,11.262344360351562,0.0,True
beijing,24,1,,center_resnet_matched,2047,smape_percent,18.4874210357666,18.4874210357666,0.0,True
beijing,24,1,,center_resnet_default,2048,mse_scaled,0.0810814723372459,0.08108147233724594,4.163336342344337e-17,True
beijing,24,1,,center_resnet_default,2048,rmse_scaled,0.2847480857481678,0.28474808574816785,5.551115123125783e-17,True
beijing,24,1,,center_resnet_default,2048,mae_scaled,0.1437467187643051,0.14374671876430511,2.7755575615628914e-17,True
beijing,24,1,,center_resnet_default,2048,rmse_ugm3,21.21934509277344,21.219345092773438,3.552713678800501e-15,True
beijing,24,1,,center_resnet_default,2048,mae_ugm3,10.711965560913086,10.711965560913086,0.0,True
beijing,24,1,,center_resnet_default,2048,smape_percent,18.181699752807617,18.181699752807617,0.0,True
beijing,24,1,,center_resnet_matched,2048,mse_scaled,0.0810814723372459,0.08108147233724594,4.163336342344337e-17,True
beijing,24,1,,center_resnet_matched,2048,rmse_scaled,0.2847480857481678,0.28474808574816785,5.551115123125783e-17,True
beijing,24,1,,center_resnet_matched,2048,mae_scaled,0.1437467187643051,0.14374671876430511,2.7755575615628914e-17,True
beijing,24,1,,center_resnet_matched,2048,rmse_ugm3,21.21934509277344,21.219345092773438,3.552713678800501e-15,True
beijing,24,1,,center_resnet_matched,2048,mae_ugm3,10.711965560913086,10.711965560913086,0.0,True
beijing,24,1,,center_resnet_matched,2048,smape_percent,18.181699752807617,18.181699752807617,0.0,True
beijing,24,1,,center_resnet_default,2049,mse_scaled,0.0888886973261833,0.08888869732618332,1.3877787807814457e-17,True
beijing,24,1,,center_resnet_default,2049,rmse_scaled,0.2981420757393752,0.2981420757393752,0.0,True
beijing,24,1,,center_resnet_default,2049,mae_scaled,0.1535706520080566,0.15357065200805664,2.7755575615628914e-17,True
beijing,24,1,,center_resnet_default,2049,rmse_ugm3,22.21746253967285,22.21746253967285,0.0,True
beijing,24,1,,center_resnet_default,2049,mae_ugm3,11.44404125213623,11.44404125213623,0.0,True
beijing,24,1,,center_resnet_default,2049,smape_percent,19.21759033203125,19.21759033203125,0.0,True
beijing,24,1,,center_resnet_matched,2049,mse_scaled,0.0888886973261833,0.08888869732618332,1.3877787807814457e-17,True
beijing,24,1,,center_resnet_matched,2049,rmse_scaled,0.2981420757393752,0.2981420757393752,0.0,True
beijing,24,1,,center_resnet_matched,2049,mae_scaled,0.1535706520080566,0.15357065200805664,2.7755575615628914e-17,True
beijing,24,1,,center_resnet_matched,2049,rmse_ugm3,22.21746253967285,22.21746253967285,0.0,True
beijing,24,1,,center_resnet_matched,2049,mae_ugm3,11.44404125213623,11.44404125213623,0.0,True
beijing,24,1,,center_resnet_matched,2049,smape_percent,19.21759033203125,19.21759033203125,0.0,True
beijing,24,1,,center_resnet_default,2050,mse_scaled,0.0867974981665611,0.08679749816656113,2.7755575615628914e-17,True
beijing,24,1,,center_resnet_default,2050,rmse_scaled,0.2946141513345228,0.29461415133452284,5.551115123125783e-17,True
beijing,24,1,,center_resnet_default,2050,mae_scaled,0.1540815383195877,0.1540815383195877,0.0,True
beijing,24,1,,center_resnet_default,2050,rmse_ugm3,21.95456314086914,21.95456314086914,0.0,True
beijing,24,1,,center_resnet_default,2050,mae_ugm3,11.482111930847168,11.482111930847168,0.0,True
beijing,24,1,,center_resnet_default,2050,smape_percent,18.899089813232425,18.899089813232422,3.552713678800501e-15,True
beijing,24,1,,center_resnet_matched,2050,mse_scaled,0.0867974981665611,0.08679749816656113,2.7755575615628914e-17,True
beijing,24,1,,center_resnet_matched,2050,rmse_scaled,0.2946141513345228,0.29461415133452284,5.551115123125783e-17,True
beijing,24,1,,center_resnet_matched,2050,mae_scaled,0.1540815383195877,0.1540815383195877,0.0,True
beijing,24,1,,center_resnet_matched,2050,rmse_ugm3,21.95456314086914,21.95456314086914,0.0,True
beijing,24,1,,center_resnet_matched,2050,mae_ugm3,11.482111930847168,11.482111930847168,0.0,True
beijing,24,1,,center_resnet_matched,2050,smape_percent,18.899089813232425,18.899089813232422,3.552713678800501e-15,True
beijing,24,1,,center_resnet_default,2051,mse_scaled,0.083779327571392,0.08377932757139206,5.551115123125783e-17,True
beijing,24,1,,center_resnet_default,2051,rmse_scaled,0.2894465884604482,0.2894465884604482,0.0,True
beijing,24,1,,center_resnet_default,2051,mae_scaled,0.1448534280061721,0.14485342800617218,8.326672684688674e-17,True
beijing,24,1,,center_resnet_default,2051,rmse_ugm3,21.569477081298828,21.569477081298828,0.0,True
beijing,24,1,,center_resnet_default,2051,mae_ugm3,10.794435501098633,10.794435501098633,0.0,True
beijing,24,1,,center_resnet_default,2051,smape_percent,17.646751403808594,17.646751403808594,0.0,True
beijing,24,1,,center_resnet_matched,2051,mse_scaled,0.083779327571392,0.08377932757139206,5.551115123125783e-17,True
beijing,24,1,,center_resnet_matched,2051,rmse_scaled,0.2894465884604482,0.2894465884604482,0.0,True
beijing,24,1,,center_resnet_matched,2051,mae_scaled,0.1448534280061721,0.14485342800617218,8.326672684688674e-17,True
beijing,24,1,,center_resnet_matched,2051,rmse_ugm3,21.569477081298828,21.569477081298828,0.0,True
beijing,24,1,,center_resnet_matched,2051,mae_ugm3,10.794435501098633,10.794435501098633,0.0,True
beijing,24,1,,center_resnet_matched,2051,smape_percent,17.646751403808594,17.646751403808594,0.0,True
beijing,24,1,,center_tcn_default,2047,mse_scaled,0.1178850680589675,0.11788506805896759,9.71445146547012e-17,True
beijing,24,1,,center_tcn_default,2047,rmse_scaled,0.3433439500835388,0.3433439500835388,0.0,True
beijing,24,1,,center_tcn_default,2047,mae_scaled,0.180154487490654,0.180154487490654,0.0,True
beijing,24,1,,center_tcn_default,2047,rmse_ugm3,25.58589172363281,25.585891723632812,3.552713678800501e-15,True
beijing,24,1,,center_tcn_default,2047,mae_ugm3,13.425060272216797,13.425060272216797,0.0,True
beijing,24,1,,center_tcn_default,2047,smape_percent,20.96264266967773,20.962642669677734,3.552713678800501e-15,True
beijing,24,1,,center_tcn_matched,2047,mse_scaled,0.1123434901237487,0.11234349012374878,8.326672684688674e-17,True
beijing,24,1,,center_tcn_matched,2047,rmse_scaled,0.3351768042746227,0.33517680427462276,5.551115123125783e-17,True
beijing,24,1,,center_tcn_matched,2047,mae_scaled,0.1729464679956436,0.17294646799564362,2.7755575615628914e-17,True
beijing,24,1,,center_tcn_matched,2047,rmse_ugm3,24.97728157043457,24.97728157043457,0.0,True
beijing,24,1,,center_tcn_matched,2047,mae_ugm3,12.887921333312988,12.887921333312988,0.0,True
beijing,24,1,,center_tcn_matched,2047,smape_percent,20.63124084472656,20.631240844726562,3.552713678800501e-15,True
beijing,24,1,,center_tcn_default,2048,mse_scaled,0.1149794980883598,0.11497949808835983,2.7755575615628914e-17,True
beijing,24,1,,center_tcn_default,2048,rmse_scaled,0.3390862693893102,0.3390862693893102,0.0,True
beijing,24,1,,center_tcn_default,2048,mae_scaled,0.1931031495332718,0.1931031495332718,0.0,True
beijing,24,1,,center_tcn_default,2048,rmse_ugm3,25.268613815307617,25.268613815307617,0.0,True
beijing,24,1,,center_tcn_default,2048,mae_ugm3,14.38999080657959,14.38999080657959,0.0,True
beijing,24,1,,center_tcn_default,2048,smape_percent,24.571144104003903,24.571144104003906,3.552713678800501e-15,True
beijing,24,1,,center_tcn_matched,2048,mse_scaled,0.1058943048119545,0.1058943048119545,0.0,True
beijing,24,1,,center_tcn_matched,2048,rmse_scaled,0.3254140513437527,0.3254140513437527,0.0,True
beijing,24,1,,center_tcn_matched,2048,mae_scaled,0.1700380742549896,0.17003807425498962,2.7755575615628914e-17,True
beijing,24,1,,center_tcn_matched,2048,rmse_ugm3,24.2497615814209,24.2497615814209,0.0,True
beijing,24,1,,center_tcn_matched,2048,mae_ugm3,12.671189308166504,12.671189308166504,0.0,True
beijing,24,1,,center_tcn_matched,2048,smape_percent,21.162715911865234,21.162715911865234,0.0,True
beijing,24,1,,center_tcn_default,2049,mse_scaled,0.10093554854393,0.10093554854393005,5.551115123125783e-17,True
beijing,24,1,,center_tcn_default,2049,rmse_scaled,0.3177035545031406,0.31770355450314064,5.551115123125783e-17,True
beijing,24,1,,center_tcn_default,2049,mae_scaled,0.1708060801029205,0.17080608010292053,2.7755575615628914e-17,True
beijing,24,1,,center_tcn_default,2049,rmse_ugm3,23.67517852783203,23.67517852783203,0.0,True
beijing,24,1,,center_tcn_default,2049,mae_ugm3,12.728422164916992,12.728422164916992,0.0,True
beijing,24,1,,center_tcn_default,2049,smape_percent,21.904705047607425,21.904705047607422,3.552713678800501e-15,True
beijing,24,1,,center_tcn_matched,2049,mse_scaled,0.1099750846624374,0.10997508466243744,4.163336342344337e-17,True
beijing,24,1,,center_tcn_matched,2049,rmse_scaled,0.331624915623717,0.33162491562371704,5.551115123125783e-17,True
beijing,24,1,,center_tcn_matched,2049,mae_scaled,0.1771144419908523,0.17711444199085236,5.551115123125783e-17,True
beijing,24,1,,center_tcn_matched,2049,rmse_ugm3,24.71259498596192,24.712594985961914,7.105427357601002e-15,True
beijing,24,1,,center_tcn_matched,2049,mae_ugm3,13.198516845703123,13.198516845703125,1.7763568394002505e-15,True
beijing,24,1,,center_tcn_matched,2049,smape_percent,21.413475036621094,21.413475036621094,0.0,True
beijing,24,1,,center_tcn_default,2050,mse_scaled,0.1191358566284179,0.11913585662841797,6.938893903907228e-17,True
beijing,24,1,,center_tcn_default,2050,rmse_scaled,0.34516062438873,0.34516062438873,0.0,True
beijing,24,1,,center_tcn_default,2050,mae_scaled,0.1771908551454544,0.1771908551454544,0.0,True
beijing,24,1,,center_tcn_default,2050,rmse_ugm3,25.72127151489257,25.721271514892578,7.105427357601002e-15,True
beijing,24,1,,center_tcn_default,2050,mae_ugm3,13.204211235046388,13.204211235046387,1.7763568394002505e-15,True
beijing,24,1,,center_tcn_default,2050,smape_percent,20.08706855773925,20.087068557739258,7.105427357601002e-15,True
beijing,24,1,,center_tcn_matched,2050,mse_scaled,0.1258145868778228,0.12581458687782288,8.326672684688674e-17,True
beijing,24,1,,center_tcn_matched,2050,rmse_scaled,0.3547035196862625,0.35470351968626257,5.551115123125783e-17,True
beijing,24,1,,center_tcn_matched,2050,mae_scaled,0.1994483321905136,0.1994483321905136,0.0,True
beijing,24,1,,center_tcn_matched,2050,rmse_ugm3,26.432403564453125,26.432403564453125,0.0,True
beijing,24,1,,center_tcn_matched,2050,mae_ugm3,14.862833976745604,14.862833976745605,1.7763568394002505e-15,True
beijing,24,1,,center_tcn_matched,2050,smape_percent,25.527084350585938,25.527084350585938,0.0,True
beijing,24,1,,center_tcn_default,2051,mse_scaled,0.106373943388462,0.10637394338846207,6.938893903907228e-17,True
beijing,24,1,,center_tcn_default,2051,rmse_scaled,0.3261501853264261,0.3261501853264261,0.0,True
beijing,24,1,,center_tcn_default,2051,mae_scaled,0.1872279047966003,0.18722790479660034,5.551115123125783e-17,True
beijing,24,1,,center_tcn_default,2051,rmse_ugm3,24.30461883544922,24.30461883544922,0.0,True
beijing,24,1,,center_tcn_default,2051,mae_ugm3,13.95217227935791,13.95217227935791,0.0,True
beijing,24,1,,center_tcn_default,2051,smape_percent,25.573877334594727,25.573877334594727,0.0,True
beijing,24,1,,center_tcn_matched,2051,mse_scaled,0.1151078417897224,0.11510784178972244,4.163336342344337e-17,True
beijing,24,1,,center_tcn_matched,2051,rmse_scaled,0.3392754659413534,0.3392754659413534,0.0,True
beijing,24,1,,center_tcn_matched,2051,mae_scaled,0.1817618608474731,0.18176186084747314,5.551115123125783e-17,True
beijing,24,1,,center_tcn_matched,2051,rmse_ugm3,25.28271102905273,25.282711029052734,3.552713678800501e-15,True
beijing,24,1,,center_tcn_matched,2051,mae_ugm3,13.544841766357422,13.544841766357422,0.0,True
beijing,24,1,,center_tcn_matched,2051,smape_percent,22.84873390197754,22.84873390197754,0.0,True
beijing,24,1,,center_tst_default,2047,mse_scaled,0.0835321992635726,0.08353219926357269,9.71445146547012e-17,True
beijing,24,1,,center_tst_default,2047,rmse_scaled,0.2890193752390533,0.2890193752390533,0.0,True
beijing,24,1,,center_tst_default,2047,mae_scaled,0.1405050903558731,0.1405050903558731,0.0,True
beijing,24,1,,center_tst_default,2047,rmse_ugm3,21.537643432617188,21.537643432617188,0.0,True
beijing,24,1,,center_tst_default,2047,mae_ugm3,10.47039794921875,10.47039794921875,0.0,True
beijing,24,1,,center_tst_default,2047,smape_percent,17.676666259765625,17.676666259765625,0.0,True
beijing,24,1,,center_tst_matched,2047,mse_scaled,0.0830672904849052,0.08306729048490524,4.163336342344337e-17,True
beijing,24,1,,center_tst_matched,2047,rmse_scaled,0.2882139664986852,0.2882139664986852,0.0,True
beijing,24,1,,center_tst_matched,2047,mae_scaled,0.1560561507940292,0.15605615079402924,2.7755575615628914e-17,True
beijing,24,1,,center_tst_matched,2047,rmse_ugm3,21.477622985839844,21.477622985839844,0.0,True
beijing,24,1,,center_tst_matched,2047,mae_ugm3,11.62926197052002,11.62926197052002,0.0,True
beijing,24,1,,center_tst_matched,2047,smape_percent,21.93580818176269,21.935808181762695,3.552713678800501e-15,True
beijing,24,1,,center_tst_default,2048,mse_scaled,0.0841126292943954,0.08411262929439545,4.163336342344337e-17,True
beijing,24,1,,center_tst_default,2048,rmse_scaled,0.2900217738280963,0.2900217738280963,0.0,True
beijing,24,1,,center_tst_default,2048,mae_scaled,0.1445661634206771,0.14456616342067719,8.326672684688674e-17,True
beijing,24,1,,center_tst_default,2048,rmse_ugm3,21.612340927124023,21.612340927124023,0.0,True
beijing,24,1,,center_tst_default,2048,mae_ugm3,10.773029327392578,10.773029327392578,0.0,True
beijing,24,1,,center_tst_default,2048,smape_percent,17.29474449157715,17.29474449157715,0.0,True
beijing,24,1,,center_tst_matched,2048,mse_scaled,0.0884442329406738,0.08844423294067383,2.7755575615628914e-17,True
beijing,24,1,,center_tst_matched,2048,rmse_scaled,0.2973957513830247,0.2973957513830247,0.0,True
beijing,24,1,,center_tst_matched,2048,mae_scaled,0.1653278768062591,0.16532787680625916,5.551115123125783e-17,True
beijing,24,1,,center_tst_matched,2048,rmse_ugm3,22.161846160888672,22.161846160888672,0.0,True
beijing,24,1,,center_tst_matched,2048,mae_ugm3,12.320186614990234,12.320186614990234,0.0,True
beijing,24,1,,center_tst_matched,2048,smape_percent,23.74076461791992,23.740764617919922,3.552713678800501e-15,True
beijing,24,1,,center_tst_default,2049,mse_scaled,0.0858756378293037,0.08587563782930374,4.163336342344337e-17,True
beijing,24,1,,center_tst_default,2049,rmse_scaled,0.2930454535209576,0.2930454535209576,0.0,True
beijing,24,1,,center_tst_default,2049,mae_scaled,0.1526220589876175,0.1526220589876175,0.0,True
beijing,24,1,,center_tst_default,2049,rmse_ugm3,21.83766365051269,21.837663650512695,3.552713678800501e-15,True
beijing,24,1,,center_tst_default,2049,mae_ugm3,11.37335205078125,11.37335205078125,0.0,True
beijing,24,1,,center_tst_default,2049,smape_percent,22.86478805541992,22.864788055419922,3.552713678800501e-15,True
beijing,24,1,,center_tst_matched,2049,mse_scaled,0.087171584367752,0.08717158436775208,6.938893903907228e-17,True
beijing,24,1,,center_tst_matched,2049,rmse_scaled,0.2952483435478548,0.2952483435478548,0.0,True
beijing,24,1,,center_tst_matched,2049,mae_scaled,0.1530988961458206,0.15309889614582062,2.7755575615628914e-17,True
beijing,24,1,,center_tst_matched,2049,rmse_ugm3,22.001821517944336,22.001821517944336,0.0,True
beijing,24,1,,center_tst_matched,2049,mae_ugm3,11.408885955810549,11.408885955810547,1.7763568394002505e-15,True
beijing,24,1,,center_tst_matched,2049,smape_percent,18.2208251953125,18.2208251953125,0.0,True
beijing,24,1,,center_tst_default,2050,mse_scaled,0.0813986733555793,0.08139867335557938,6.938893903907228e-17,True
beijing,24,1,,center_tst_default,2050,rmse_scaled,0.2853045274011251,0.28530452740112516,5.551115123125783e-17,True
beijing,24,1,,center_tst_default,2050,mae_scaled,0.1402343660593032,0.14023436605930328,8.326672684688674e-17,True
beijing,24,1,,center_tst_default,2050,rmse_ugm3,21.26081275939941,21.260812759399414,3.552713678800501e-15,True
beijing,24,1,,center_tst_default,2050,mae_ugm3,10.45022678375244,10.450226783752441,1.7763568394002505e-15,True
beijing,24,1,,center_tst_default,2050,smape_percent,17.522911071777344,17.522911071777344,0.0,True
beijing,24,1,,center_tst_matched,2050,mse_scaled,0.0855643302202224,0.08556433022022247,6.938893903907228e-17,True
beijing,24,1,,center_tst_matched,2050,rmse_scaled,0.292513812016155,0.292513812016155,0.0,True
beijing,24,1,,center_tst_matched,2050,mae_scaled,0.1662058532238006,0.16620585322380066,5.551115123125783e-17,True
beijing,24,1,,center_tst_matched,2050,rmse_ugm3,21.798046112060547,21.798046112060547,0.0,True
beijing,24,1,,center_tst_matched,2050,mae_ugm3,12.385612487792969,12.385612487792969,0.0,True
beijing,24,1,,center_tst_matched,2050,smape_percent,23.894062042236328,23.894062042236328,0.0,True
beijing,24,1,,center_tst_default,2051,mse_scaled,0.0868302434682846,0.0868302434682846,0.0,True
beijing,24,1,,center_tst_default,2051,rmse_scaled,0.2946697192931174,0.2946697192931174,0.0,True
beijing,24,1,,center_tst_default,2051,mae_scaled,0.1460912823677063,0.1460912823677063,0.0,True
beijing,24,1,,center_tst_default,2051,rmse_ugm3,21.958702087402344,21.958702087402344,0.0,True
beijing,24,1,,center_tst_default,2051,mae_ugm3,10.886680603027344,10.886680603027344,0.0,True
beijing,24,1,,center_tst_default,2051,smape_percent,19.59395408630371,19.59395408630371,0.0,True
beijing,24,1,,center_tst_matched,2051,mse_scaled,0.0843753069639206,0.0843753069639206,0.0,True
beijing,24,1,,center_tst_matched,2051,rmse_scaled,0.2904742793500323,0.2904742793500323,0.0,True
beijing,24,1,,center_tst_matched,2051,mae_scaled,0.1461964696645736,0.14619646966457367,8.326672684688674e-17,True
beijing,24,1,,center_tst_matched,2051,rmse_ugm3,21.64606285095215,21.64606285095215,0.0,True
beijing,24,1,,center_tst_matched,2051,mae_ugm3,10.894519805908203,10.894519805908203,0.0,True
beijing,24,1,,center_tst_matched,2051,smape_percent,18.507713317871094,18.507713317871094,0.0,True
beijing,24,1,,trad_ar,deterministic,mse_scaled,0.087582990527153,0.08758299052715302,1.3877787807814457e-17,True
beijing,24,1,,trad_ar,deterministic,rmse_scaled,0.2959442355024896,0.2959442355024896,0.0,True
beijing,24,1,,trad_ar,deterministic,mae_scaled,0.1348938792943954,0.13489387929439545,5.551115123125783e-17,True
beijing,24,1,,trad_ar,deterministic,rmse_ugm3,22.053680419921875,22.053680419921875,0.0,True
beijing,24,1,,trad_ar,deterministic,mae_ugm3,10.052254676818848,10.052254676818848,0.0,True
beijing,24,1,,trad_ar,deterministic,smape_percent,16.66742706298828,16.66742706298828,0.0,True
beijing,24,1,,trad_climatology,deterministic,mse_scaled,0.9818383455276488,0.9818383455276489,1.1102230246251565e-16,True
beijing,24,1,,trad_climatology,deterministic,rmse_scaled,0.990877563338503,0.990877563338503,0.0,True
beijing,24,1,,trad_climatology,deterministic,mae_scaled,0.749829888343811,0.749829888343811,0.0,True
beijing,24,1,,trad_climatology,deterministic,rmse_ugm3,73.83991241455078,73.83991241455078,0.0,True
beijing,24,1,,trad_climatology,deterministic,mae_ugm3,55.87711334228516,55.877113342285156,7.105427357601002e-15,True
beijing,24,1,,trad_climatology,deterministic,smape_percent,71.48023986816406,71.48023986816406,0.0,True
beijing,24,1,,trad_daily_naive,deterministic,mse_scaled,1.5131192207336426,1.5131192207336426,0.0,True
beijing,24,1,,trad_daily_naive,deterministic,rmse_scaled,1.2300891108914194,1.2300891108914194,0.0,True
beijing,24,1,,trad_daily_naive,deterministic,mae_scaled,0.8775647878646851,0.8775647878646851,0.0,True
beijing,24,1,,trad_daily_naive,deterministic,rmse_ugm3,91.66588592529295,91.66588592529297,1.4210854715202004e-14,True
beijing,24,1,,trad_daily_naive,deterministic,mae_ugm3,65.39588165283203,65.39588165283203,0.0,True
beijing,24,1,,trad_daily_naive,deterministic,smape_percent,77.234130859375,77.234130859375,0.0,True
beijing,24,1,,trad_persistence,deterministic,mse_scaled,0.0870599970221519,0.08705999702215195,4.163336342344337e-17,True
beijing,24,1,,trad_persistence,deterministic,rmse_scaled,0.2950593110243293,0.29505931102432936,5.551115123125783e-17,True
beijing,24,1,,trad_persistence,deterministic,mae_scaled,0.1357817947864532,0.13578179478645325,5.551115123125783e-17,True
beijing,24,1,,trad_persistence,deterministic,rmse_ugm3,21.987735748291016,21.987735748291016,0.0,True
beijing,24,1,,trad_persistence,deterministic,mae_ugm3,10.118420600891112,10.118420600891113,1.7763568394002505e-15,True
beijing,24,1,,trad_persistence,deterministic,smape_percent,15.181366920471191,15.181366920471191,0.0,True
beijing,24,1,,trad_ridge,deterministic,mse_scaled,0.0874034985899925,0.08740349858999252,2.7755575615628914e-17,True
beijing,24,1,,trad_ridge,deterministic,rmse_scaled,0.295640827001266,0.29564082700126604,5.551115123125783e-17,True
beijing,24,1,,trad_ridge,deterministic,mae_scaled,0.1349035948514938,0.13490359485149384,2.7755575615628914e-17,True
beijing,24,1,,trad_ridge,deterministic,rmse_ugm3,22.031068801879883,22.031068801879883,0.0,True
beijing,24,1,,trad_ridge,deterministic,mae_ugm3,10.052977561950684,10.052977561950684,0.0,True
beijing,24,1,,trad_ridge,deterministic,smape_percent,16.652677536010742,16.652677536010742,0.0,True
beijing,24,24,,center_gru_default,2047,mse_scaled,0.6443799138069153,0.6443799138069153,0.0,True
beijing,24,24,,center_gru_default,2047,rmse_scaled,0.8027327785800922,0.8027327785800922,0.0,True
beijing,24,24,,center_gru_default,2047,mae_scaled,0.5584393739700317,0.5584393739700317,0.0,True
beijing,24,24,,center_gru_default,2047,rmse_ugm3,59.78802108764648,59.788021087646484,7.105427357601002e-15,True
beijing,24,24,,center_gru_default,2047,mae_ugm3,41.5929069519043,41.5929069519043,0.0,True
beijing,24,24,,center_gru_default,2047,smape_percent,55.356693267822266,55.356693267822266,0.0,True
beijing,24,24,,center_gru_default,2048,mse_scaled,0.6670607924461365,0.6670607924461365,0.0,True
beijing,24,24,,center_gru_default,2048,rmse_scaled,0.8167378970307038,0.8167378970307038,0.0,True
beijing,24,24,,center_gru_default,2048,mae_scaled,0.5582758188247681,0.5582758188247681,0.0,True
beijing,24,24,,center_gru_default,2048,rmse_ugm3,60.83113098144531,60.83113098144531,0.0,True
beijing,24,24,,center_gru_default,2048,mae_ugm3,41.58072280883789,41.58072280883789,0.0,True
beijing,24,24,,center_gru_default,2048,smape_percent,54.7769660949707,54.7769660949707,0.0,True
beijing,24,24,,center_gru_default,2049,mse_scaled,0.6483575105667114,0.6483575105667114,0.0,True
beijing,24,24,,center_gru_default,2049,rmse_scaled,0.8052065018159699,0.8052065018159699,0.0,True
beijing,24,24,,center_gru_default,2049,mae_scaled,0.5575196743011475,0.5575196743011475,0.0,True
beijing,24,24,,center_gru_default,2049,rmse_ugm3,59.97227096557617,59.97227096557617,0.0,True
beijing,24,24,,center_gru_default,2049,mae_ugm3,41.5244026184082,41.5244026184082,0.0,True
beijing,24,24,,center_gru_default,2049,smape_percent,54.54298782348633,54.54298782348633,0.0,True
beijing,24,24,,center_lstm_default,2047,mse_scaled,0.6656304597854614,0.6656304597854614,0.0,True
beijing,24,24,,center_lstm_default,2047,rmse_scaled,0.8158617896344095,0.8158617896344095,0.0,True
beijing,24,24,,center_lstm_default,2047,mae_scaled,0.5568150281906128,0.5568150281906128,0.0,True
beijing,24,24,,center_lstm_default,2047,rmse_ugm3,60.76588439941406,60.76588439941406,0.0,True
beijing,24,24,,center_lstm_default,2047,mae_ugm3,41.471927642822266,41.471927642822266,0.0,True
beijing,24,24,,center_lstm_default,2047,smape_percent,55.19599914550781,55.19599914550781,0.0,True
beijing,24,24,,center_lstm_default,2048,mse_scaled,0.6706386804580688,0.6706386804580688,0.0,True
beijing,24,24,,center_lstm_default,2048,rmse_scaled,0.8189253204401906,0.8189253204401906,0.0,True
beijing,24,24,,center_lstm_default,2048,mae_scaled,0.5650936365127563,0.5650936365127563,0.0,True
beijing,24,24,,center_lstm_default,2048,rmse_ugm3,60.99405288696289,60.99405288696289,0.0,True
beijing,24,24,,center_lstm_default,2048,mae_ugm3,42.08852005004883,42.08852005004883,0.0,True
beijing,24,24,,center_lstm_default,2048,smape_percent,55.04178237915039,55.04178237915039,0.0,True
beijing,24,24,,center_lstm_default,2049,mse_scaled,0.6661714911460876,0.6661714911460876,0.0,True
beijing,24,24,,center_lstm_default,2049,rmse_scaled,0.8161932927598019,0.8161932927598019,0.0,True
beijing,24,24,,center_lstm_default,2049,mae_scaled,0.5560994148254395,0.5560994148254395,0.0,True
beijing,24,24,,center_lstm_default,2049,rmse_ugm3,60.79056930541992,60.79056930541992,0.0,True
beijing,24,24,,center_lstm_default,2049,mae_ugm3,41.41862487792969,41.41862487792969,0.0,True
beijing,24,24,,center_lstm_default,2049,smape_percent,55.1435775756836,55.143577575683594,7.105427357601002e-15,True
beijing,24,24,,center_tcn_default,2047,mse_scaled,0.7133691310882568,0.7133691310882568,0.0,True
beijing,24,24,,center_tcn_default,2047,rmse_scaled,0.8446118227258347,0.8446118227258347,0.0,True
beijing,24,24,,center_tcn_default,2047,mae_scaled,0.5941315293312073,0.5941315293312073,0.0,True
beijing,24,24,,center_tcn_default,2047,rmse_ugm3,62.90719985961914,62.90719985961914,0.0,True
beijing,24,24,,center_tcn_default,2047,mae_ugm3,44.251277923583984,44.251277923583984,0.0,True
beijing,24,24,,center_tcn_default,2047,smape_percent,58.680267333984375,58.680267333984375,0.0,True
beijing,24,24,,center_tcn_default,2048,mse_scaled,0.7004382610321045,0.7004382610321045,0.0,True
beijing,24,24,,center_tcn_default,2048,rmse_scaled,0.8369218966140775,0.8369218966140775,0.0,True
beijing,24,24,,center_tcn_default,2048,mae_scaled,0.5940414667129517,0.5940414667129517,0.0,True
beijing,24,24,,center_tcn_default,2048,rmse_ugm3,62.334449768066406,62.334449768066406,0.0,True
beijing,24,24,,center_tcn_default,2048,mae_ugm3,44.24456787109375,44.24456787109375,0.0,True
beijing,24,24,,center_tcn_default,2048,smape_percent,58.1094856262207,58.1094856262207,0.0,True
beijing,24,24,,center_tcn_default,2049,mse_scaled,0.6934121251106262,0.6934121251106262,0.0,True
beijing,24,24,,center_tcn_default,2049,rmse_scaled,0.8327137113742191,0.8327137113742191,0.0,True
beijing,24,24,,center_tcn_default,2049,mae_scaled,0.5927314162254333,0.5927314162254333,0.0,True
beijing,24,24,,center_tcn_default,2049,rmse_ugm3,62.0210189819336,62.021018981933594,7.105427357601002e-15,True
beijing,24,24,,center_tcn_default,2049,mae_ugm3,44.14699935913086,44.14699935913086,0.0,True
beijing,24,24,,center_tcn_default,2049,smape_percent,58.039581298828125,58.039581298828125,0.0,True
beijing,24,24,,trad_ar,deterministic,mse_scaled,0.6616194248199463,0.6616194248199463,0.0,True
beijing,24,24,,trad_ar,deterministic,rmse_scaled,0.8133999169043148,0.8133999169043148,0.0,True
beijing,24,24,,trad_ar,deterministic,mae_scaled,0.556810736656189,0.556810736656189,0.0,True
beijing,24,24,,trad_ar,deterministic,rmse_ugm3,60.58251953125,60.58251953125,0.0,True
beijing,24,24,,trad_ar,deterministic,mae_ugm3,41.47159957885742,41.47159957885742,0.0,True
beijing,24,24,,trad_ar,deterministic,smape_percent,55.07723617553711,55.07723617553711,0.0,True
beijing,24,24,,trad_climatology,deterministic,mse_scaled,0.9850364923477172,0.9850364923477173,1.1102230246251565e-16,True
beijing,24,24,,trad_climatology,deterministic,rmse_scaled,0.9924900464728688,0.9924900464728688,0.0,True
beijing,24,24,,trad_climatology,deterministic,mae_scaled,0.7523180246353149,0.7523180246353149,0.0,True
beijing,24,24,,trad_climatology,deterministic,rmse_ugm3,73.92125701904297,73.92125701904297,0.0,True
beijing,24,24,,trad_climatology,deterministic,mae_ugm3,56.03309631347656,56.03309631347656,0.0,True
beijing,24,24,,trad_climatology,deterministic,smape_percent,71.84814453125,71.84814453125,0.0,True
beijing,24,24,,trad_daily_naive,deterministic,mse_scaled,1.5623300075531006,1.5623300075531006,0.0,True
beijing,24,24,,trad_daily_naive,deterministic,rmse_scaled,1.249932001171704,1.2499320011717039,2.220446049250313e-16,True
beijing,24,24,,trad_daily_naive,deterministic,mae_scaled,0.890012264251709,0.890012264251709,0.0,True
beijing,24,24,,trad_daily_naive,deterministic,rmse_ugm3,93.09569549560548,93.09569549560547,1.4210854715202004e-14,True
beijing,24,24,,trad_daily_naive,deterministic,mae_ugm3,66.28865814208984,66.28865814208984,0.0,True
beijing,24,24,,trad_daily_naive,deterministic,smape_percent,77.84979248046875,77.84979248046875,0.0,True
beijing,24,24,,trad_persistence,deterministic,mse_scaled,0.9005950093269348,0.9005950093269348,0.0,True
beijing,24,24,,trad_persistence,deterministic,rmse_scaled,0.9489968436864976,0.9489968436864976,0.0,True
beijing,24,24,,trad_persistence,deterministic,mae_scaled,0.6077926754951477,0.6077926754951477,0.0,True
beijing,24,24,,trad_persistence,deterministic,rmse_ugm3,70.6818618774414,70.6818618774414,0.0,True
beijing,24,24,,trad_persistence,deterministic,mae_ugm3,45.26876449584961,45.26876449584961,0.0,True
beijing,24,24,,trad_persistence,deterministic,smape_percent,56.63493728637695,56.63493728637695,0.0,True
beijing,24,24,,trad_ridge,deterministic,mse_scaled,0.66038578748703,0.66038578748703,0.0,True
beijing,24,24,,trad_ridge,deterministic,rmse_scaled,0.8126412415617547,0.8126412415617547,0.0,True
beijing,24,24,,trad_ridge,deterministic,mae_scaled,0.5567246675491333,0.5567246675491333,0.0,True
beijing,24,24,,trad_ridge,deterministic,rmse_ugm3,60.5260124206543,60.5260124206543,0.0,True
beijing,24,24,,trad_ridge,deterministic,mae_ugm3,41.46518707275391,41.465187072753906,7.105427357601002e-15,True
beijing,24,24,,trad_ridge,deterministic,smape_percent,55.05506896972656,55.05506896972656,0.0,True
beijing,24,3,,center_gru_default,2047,mse_scaled,0.1783952713012695,0.17839527130126953,2.7755575615628914e-17,True
beijing,24,3,,center_gru_default,2047,rmse_scaled,0.4223686438424016,0.42236864384240164,5.551115123125783e-17,True
beijing,24,3,,center_gru_default,2047,mae_scaled,0.2178816944360733,0.2178816944360733,0.0,True
beijing,24,3,,center_gru_default,2047,rmse_ugm3,31.47479057312012,31.474790573120117,3.552713678800501e-15,True
beijing,24,3,,center_gru_default,2047,mae_ugm3,16.236482620239258,16.236482620239258,0.0,True
beijing,24,3,,center_gru_default,2047,smape_percent,24.779869079589844,24.779869079589844,0.0,True
beijing,24,3,,center_gru_default,2048,mse_scaled,0.1786572784185409,0.17865727841854095,5.551115123125783e-17,True
beijing,24,3,,center_gru_default,2048,rmse_scaled,0.4226786940674216,0.4226786940674216,0.0,True
beijing,24,3,,center_gru_default,2048,mae_scaled,0.2203735113143921,0.2203735113143921,0.0,True
beijing,24,3,,center_gru_default,2048,rmse_ugm3,31.49789810180664,31.49789810180664,0.0,True
beijing,24,3,,center_gru_default,2048,mae_ugm3,16.422170639038086,16.422170639038086,0.0,True
beijing,24,3,,center_gru_default,2048,smape_percent,25.546594619750977,25.546594619750977,0.0,True
beijing,24,3,,center_gru_default,2049,mse_scaled,0.1795958131551742,0.17959581315517426,5.551115123125783e-17,True
beijing,24,3,,center_gru_default,2049,rmse_scaled,0.4237874622439581,0.42378746224395814,5.551115123125783e-17,True
beijing,24,3,,center_gru_default,2049,mae_scaled,0.2205399423837661,0.22053994238376617,8.326672684688674e-17,True
beijing,24,3,,center_gru_default,2049,rmse_ugm3,31.580522537231445,31.580522537231445,0.0,True
beijing,24,3,,center_gru_default,2049,mae_ugm3,16.434574127197266,16.434574127197266,0.0,True
beijing,24,3,,center_gru_default,2049,smape_percent,25.5982666015625,25.5982666015625,0.0,True
beijing,24,3,,center_lstm_default,2047,mse_scaled,0.1760231703519821,0.17602317035198212,2.7755575615628914e-17,True
beijing,24,3,,center_lstm_default,2047,rmse_scaled,0.4195511534389842,0.41955115343898425,5.551115123125783e-17,True
beijing,24,3,,center_lstm_default,2047,mae_scaled,0.2218237519264221,0.22182375192642212,2.7755575615628914e-17,True
beijing,24,3,,center_lstm_default,2047,rmse_ugm3,31.26483154296875,31.26483154296875,0.0,True
beijing,24,3,,center_lstm_default,2047,mae_ugm3,16.530242919921875,16.530242919921875,0.0,True
beijing,24,3,,center_lstm_default,2047,smape_percent,24.64196014404297,24.64196014404297,0.0,True
beijing,24,3,,center_lstm_default,2048,mse_scaled,0.1744401007890701,0.17444010078907013,2.7755575615628914e-17,True
beijing,24,3,,center_lstm_default,2048,rmse_scaled,0.4176602695841084,0.41766026958410846,5.551115123125783e-17,True
beijing,24,3,,center_lstm_default,2048,mae_scaled,0.2272252589464187,0.22722525894641876,5.551115123125783e-17,True
beijing,24,3,,center_lstm_default,2048,rmse_ugm3,31.123926162719727,31.123926162719727,0.0,True
beijing,24,3,,center_lstm_default,2048,mae_ugm3,16.932762145996094,16.932762145996094,0.0,True
beijing,24,3,,center_lstm_default,2048,smape_percent,27.51251220703125,27.51251220703125,0.0,True
beijing,24,3,,center_lstm_default,2049,mse_scaled,0.1760937720537185,0.17609377205371857,5.551115123125783e-17,True
beijing,24,3,,center_lstm_default,2049,rmse_scaled,0.419635284567109,0.419635284567109,0.0,True
beijing,24,3,,center_lstm_default,2049,mae_scaled,0.227755606174469,0.227755606174469,0.0,True
beijing,24,3,,center_lstm_default,2049,rmse_ugm3,31.271100997924805,31.271100997924805,0.0,True
beijing,24,3,,center_lstm_default,2049,mae_ugm3,16.97228240966797,16.97228240966797,0.0,True
beijing,24,3,,center_lstm_default,2049,smape_percent,27.42069625854492,27.420696258544922,3.552713678800501e-15,True
beijing,24,3,,center_tcn_default,2047,mse_scaled,0.2064322382211685,0.20643223822116852,2.7755575615628914e-17,True
beijing,24,3,,center_tcn_default,2047,rmse_scaled,0.4543481464924981,0.4543481464924981,0.0,True
beijing,24,3,,center_tcn_default,2047,mae_scaled,0.2530385851860046,0.25303858518600464,5.551115123125783e-17,True
beijing,24,3,,center_tcn_default,2047,rmse_ugm3,33.85789489746094,33.85789489746094,0.0,True
beijing,24,3,,center_tcn_default,2047,mae_ugm3,18.85636329650879,18.85636329650879,0.0,True
beijing,24,3,,center_tcn_default,2047,smape_percent,28.14396858215332,28.14396858215332,0.0,True
beijing,24,3,,center_tcn_default,2048,mse_scaled,0.2087652534246444,0.20876525342464447,8.326672684688674e-17,True
beijing,24,3,,center_tcn_default,2048,rmse_scaled,0.456908364362751,0.45690836436275106,5.551115123125783e-17,True
beijing,24,3,,center_tcn_default,2048,mae_scaled,0.2518492341041565,0.2518492341041565,0.0,True
beijing,24,3,,center_tcn_default,2048,rmse_ugm3,34.048683166503906,34.048683166503906,0.0,True
beijing,24,3,,center_tcn_default,2048,mae_ugm3,18.76773452758789,18.76773452758789,0.0,True
beijing,24,3,,center_tcn_default,2048,smape_percent,27.981922149658203,27.981922149658203,0.0,True
beijing,24,3,,center_tcn_default,2049,mse_scaled,0.2109436690807342,0.21094366908073425,5.551115123125783e-17,True
beijing,24,3,,center_tcn_default,2049,rmse_scaled,0.4592860427671782,0.4592860427671782,0.0,True
beijing,24,3,,center_tcn_default,2049,mae_scaled,0.2836386859416961,0.28363868594169617,5.551115123125783e-17,True
beijing,24,3,,center_tcn_default,2049,rmse_ugm3,34.22586441040039,34.22586441040039,0.0,True
beijing,24,3,,center_tcn_default,2049,mae_ugm3,21.13667106628418,21.13667106628418,0.0,True
beijing,24,3,,center_tcn_default,2049,smape_percent,34.31450653076172,34.31450653076172,0.0,True
beijing,24,3,,trad_ar,deterministic,mse_scaled,0.1860805600881576,0.18608056008815765,5.551115123125783e-17,True
beijing,24,3,,trad_ar,deterministic,rmse_scaled,0.4313705600619468,0.4313705600619468,0.0,True
beijing,24,3,,trad_ar,deterministic,mae_scaled,0.2219773083925247,0.22197730839252472,2.7755575615628914e-17,True
beijing,24,3,,trad_ar,deterministic,rmse_ugm3,32.14561080932617,32.14561080932617,0.0,True
beijing,24,3,,trad_ar,deterministic,mae_ugm3,16.541685104370117,16.541685104370117,0.0,True
beijing,24,3,,trad_ar,deterministic,smape_percent,25.56190490722656,25.561904907226562,3.552713678800501e-15,True
beijing,24,3,,trad_climatology,deterministic,mse_scaled,0.9820995330810548,0.9820995330810547,1.1102230246251565e-16,True
beijing,24,3,,trad_climatology,deterministic,rmse_scaled,0.991009350652684,0.9910093506526841,1.1102230246251565e-16,True
beijing,24,3,,trad_climatology,deterministic,mae_scaled,0.7498868703842163,0.7498868703842163,0.0,True
beijing,24,3,,trad_climatology,deterministic,rmse_ugm3,73.8497314453125,73.8497314453125,0.0,True
beijing,24,3,,trad_climatology,deterministic,mae_ugm3,55.88135528564453,55.88135528564453,0.0,True
beijing,24,3,,trad_climatology,deterministic,smape_percent,71.4947509765625,71.4947509765625,0.0,True
beijing,24,3,,trad_daily_naive,deterministic,mse_scaled,1.5136542320251465,1.5136542320251465,0.0,True
beijing,24,3,,trad_daily_naive,deterministic,rmse_scaled,1.2303065601813017,1.2303065601813015,2.220446049250313e-16,True
beijing,24,3,,trad_daily_naive,deterministic,mae_scaled,0.8777854442596436,0.8777854442596436,0.0,True
beijing,24,3,,trad_daily_naive,deterministic,rmse_ugm3,91.68209075927734,91.68209075927734,0.0,True
beijing,24,3,,trad_daily_naive,deterministic,mae_ugm3,65.41232299804688,65.41232299804688,0.0,True
beijing,24,3,,trad_daily_naive,deterministic,smape_percent,77.26240539550781,77.26240539550781,0.0,True
beijing,24,3,,trad_persistence,deterministic,mse_scaled,0.1891296952962875,0.18912969529628754,2.7755575615628914e-17,True
beijing,24,3,,trad_persistence,deterministic,rmse_scaled,0.4348904405666874,0.43489044056668746,5.551115123125783e-17,True
beijing,24,3,,trad_persistence,deterministic,mae_scaled,0.2192197889089584,0.21921978890895844,2.7755575615628914e-17,True
beijing,24,3,,trad_persistence,deterministic,rmse_ugm3,32.40791320800781,32.40791320800781,0.0,True
beijing,24,3,,trad_persistence,deterministic,mae_ugm3,16.33619499206543,16.33619499206543,0.0,True
beijing,24,3,,trad_persistence,deterministic,smape_percent,23.0255069732666,23.0255069732666,0.0,True
beijing,24,3,,trad_ridge,deterministic,mse_scaled,0.1838701069355011,0.1838701069355011,0.0,True
beijing,24,3,,trad_ridge,deterministic,rmse_scaled,0.4288007776759518,0.42880077767595187,5.551115123125783e-17,True
beijing,24,3,,trad_ridge,deterministic,mae_scaled,0.2219016849994659,0.22190168499946594,5.551115123125783e-17,True
beijing,24,3,,trad_ridge,deterministic,rmse_ugm3,31.954111099243164,31.954111099243164,0.0,True
beijing,24,3,,trad_ridge,deterministic,mae_ugm3,16.53605079650879,16.53605079650879,0.0,True
beijing,24,3,,trad_ridge,deterministic,smape_percent,25.465620040893555,25.465620040893555,0.0,True
beijing,24,6,,center_gru_default,2047,mse_scaled,0.2900440096855163,0.29004400968551636,5.551115123125783e-17,True
beijing,24,6,,center_gru_default,2047,rmse_scaled,0.5385573411304653,0.5385573411304653,0.0,True
beijing,24,6,,center_gru_default,2047,mae_scaled,0.3085241913795471,0.3085241913795471,0.0,True
beijing,24,6,,center_gru_default,2047,rmse_ugm3,40.1300163269043,40.1300163269043,0.0,True
beijing,24,6,,center_gru_default,2047,mae_ugm3,22.98934555053711,22.98934555053711,0.0,True
beijing,24,6,,center_gru_default,2047,smape_percent,33.45220947265625,33.45220947265625,0.0,True
beijing,24,6,,center_gru_default,2048,mse_scaled,0.2916789054870605,0.29167890548706055,5.551115123125783e-17,True
beijing,24,6,,center_gru_default,2048,rmse_scaled,0.540073055694376,0.540073055694376,0.0,True
beijing,24,6,,center_gru_default,2048,mae_scaled,0.3121867179870605,0.31218671798706055,5.551115123125783e-17,True
beijing,24,6,,center_gru_default,2048,rmse_ugm3,40.242958068847656,40.242958068847656,0.0,True
beijing,24,6,,center_gru_default,2048,mae_ugm3,23.26225471496582,23.26225471496582,0.0,True
beijing,24,6,,center_gru_default,2048,smape_percent,34.13778305053711,34.13778305053711,0.0,True
beijing,24,6,,center_gru_default,2049,mse_scaled,0.2882519960403442,0.28825199604034424,5.551115123125783e-17,True
beijing,24,6,,center_gru_default,2049,rmse_scaled,0.5368910467127798,0.5368910467127798,0.0,True
beijing,24,6,,center_gru_default,2049,mae_scaled,0.3063316345214844,0.3063316345214844,0.0,True
beijing,24,6,,center_gru_default,2049,rmse_ugm3,40.00585174560547,40.00585174560547,0.0,True
beijing,24,6,,center_gru_default,2049,mae_ugm3,22.825971603393555,22.825971603393555,0.0,True
beijing,24,6,,center_gru_default,2049,smape_percent,32.72267150878906,32.72267150878906,0.0,True
beijing,24,6,,center_lstm_default,2047,mse_scaled,0.2988228499889374,0.2988228499889374,0.0,True
beijing,24,6,,center_lstm_default,2047,rmse_scaled,0.5466469152834738,0.5466469152834738,0.0,True
beijing,24,6,,center_lstm_default,2047,mae_scaled,0.3191915452480316,0.3191915452480316,0.0,True
beijing,24,6,,center_lstm_default,2047,rmse_ugm3,40.73280334472656,40.73280334472656,0.0,True
beijing,24,6,,center_lstm_default,2047,mae_ugm3,23.78421211242676,23.784212112426758,3.552713678800501e-15,True
beijing,24,6,,center_lstm_default,2047,smape_percent,33.76536560058594,33.76536560058594,0.0,True
beijing,24,6,,center_lstm_default,2048,mse_scaled,0.30172860622406,0.30172860622406006,5.551115123125783e-17,True
beijing,24,6,,center_lstm_default,2048,rmse_scaled,0.5492982852913889,0.5492982852913889,0.0,True
beijing,24,6,,center_lstm_default,2048,mae_scaled,0.3188962936401367,0.3188962936401367,0.0,True
beijing,24,6,,center_lstm_default,2048,rmse_ugm3,40.93036651611328,40.93036651611328,0.0,True
beijing,24,6,,center_lstm_default,2048,mae_ugm3,23.762210845947266,23.762210845947266,0.0,True
beijing,24,6,,center_lstm_default,2048,smape_percent,34.081966400146484,34.081966400146484,0.0,True
beijing,24,6,,center_lstm_default,2049,mse_scaled,0.2990261912345886,0.2990261912345886,0.0,True
beijing,24,6,,center_lstm_default,2049,rmse_scaled,0.5468328732205011,0.5468328732205011,0.0,True
beijing,24,6,,center_lstm_default,2049,mae_scaled,0.317596435546875,0.317596435546875,0.0,True
beijing,24,6,,center_lstm_default,2049,rmse_ugm3,40.74665832519531,40.74665832519531,0.0,True
beijing,24,6,,center_lstm_default,2049,mae_ugm3,23.665355682373047,23.665355682373047,0.0,True
beijing,24,6,,center_lstm_default,2049,smape_percent,33.91516876220703,33.91516876220703,0.0,True
beijing,24,6,,center_tcn_default,2047,mse_scaled,0.3270852267742157,0.3270852267742157,0.0,True
beijing,24,6,,center_tcn_default,2047,rmse_scaled,0.5719136532503973,0.5719136532503973,0.0,True
beijing,24,6,,center_tcn_default,2047,mae_scaled,0.3418550193309784,0.3418550193309784,0.0,True
beijing,24,6,,center_tcn_default,2047,rmse_ugm3,42.61552429199219,42.61552429199219,0.0,True
beijing,24,6,,center_tcn_default,2047,mae_ugm3,25.47295570373535,25.47295570373535,0.0,True
beijing,24,6,,center_tcn_default,2047,smape_percent,36.36685943603516,36.366859436035156,7.105427357601002e-15,True
beijing,24,6,,center_tcn_default,2048,mse_scaled,0.3318224251270294,0.3318224251270294,0.0,True
beijing,24,6,,center_tcn_default,2048,rmse_scaled,0.5760402981797622,0.5760402981797622,0.0,True
beijing,24,6,,center_tcn_default,2048,mae_scaled,0.3516858518123626,0.35168585181236267,5.551115123125783e-17,True
beijing,24,6,,center_tcn_default,2048,rmse_ugm3,42.92301559448242,42.92301559448242,0.0,True
beijing,24,6,,center_tcn_default,2048,mae_ugm3,26.20549201965332,26.20549201965332,0.0,True
beijing,24,6,,center_tcn_default,2048,smape_percent,37.76958465576172,37.76958465576172,0.0,True
beijing,24,6,,center_tcn_default,2049,mse_scaled,0.3122238516807556,0.3122238516807556,0.0,True
beijing,24,6,,center_tcn_default,2049,rmse_scaled,0.5587699452196365,0.5587699452196365,0.0,True
beijing,24,6,,center_tcn_default,2049,mae_scaled,0.3508204221725464,0.3508204221725464,0.0,True
beijing,24,6,,center_tcn_default,2049,rmse_ugm3,41.636138916015625,41.636138916015625,0.0,True
beijing,24,6,,center_tcn_default,2049,mae_ugm3,26.14100456237793,26.14100456237793,0.0,True
beijing,24,6,,center_tcn_default,2049,smape_percent,39.27513122558594,39.27513122558594,0.0,True
beijing,24,6,,trad_ar,deterministic,mse_scaled,0.3017922043800354,0.3017922043800354,0.0,True
beijing,24,6,,trad_ar,deterministic,rmse_scaled,0.5493561726057471,0.5493561726057471,0.0,True
beijing,24,6,,trad_ar,deterministic,mae_scaled,0.3153999149799347,0.3153999149799347,0.0,True
beijing,24,6,,trad_ar,deterministic,rmse_ugm3,40.9346809387207,40.9346809387207,0.0,True
beijing,24,6,,trad_ar,deterministic,mae_ugm3,23.501684188842773,23.501684188842773,0.0,True
beijing,24,6,,trad_ar,deterministic,smape_percent,34.88465118408203,34.88465118408203,0.0,True
beijing,24,6,,trad_climatology,deterministic,mse_scaled,0.9826701879501344,0.9826701879501343,1.1102230246251565e-16,True
beijing,24,6,,trad_climatology,deterministic,rmse_scaled,0.991297224827213,0.991297224827213,0.0,True
beijing,24,6,,trad_climatology,deterministic,mae_scaled,0.7504114508628845,0.7504114508628845,0.0,True
beijing,24,6,,trad_climatology,deterministic,rmse_ugm3,73.86544036865234,73.86544036865234,0.0,True
beijing,24,6,,trad_climatology,deterministic,mae_ugm3,55.91609573364258,55.91609573364258,0.0,True
beijing,24,6,,trad_climatology,deterministic,smape_percent,71.5697021484375,71.5697021484375,0.0,True
beijing,24,6,,trad_daily_naive,deterministic,mse_scaled,1.5219453573226929,1.5219453573226929,0.0,True
beijing,24,6,,trad_daily_naive,deterministic,rmse_scaled,1.2336714948975245,1.2336714948975245,0.0,True
beijing,24,6,,trad_daily_naive,deterministic,mae_scaled,0.8799867630004883,0.8799867630004883,0.0,True
beijing,24,6,,trad_daily_naive,deterministic,rmse_ugm3,91.92569732666016,91.92569732666016,0.0,True
beijing,24,6,,trad_daily_naive,deterministic,mae_ugm3,65.5712661743164,65.5712661743164,0.0,True
beijing,24,6,,trad_daily_naive,deterministic,smape_percent,77.3640365600586,77.3640365600586,0.0,True
beijing,24,6,,trad_persistence,deterministic,mse_scaled,0.3220413327217102,0.3220413327217102,0.0,True
beijing,24,6,,trad_persistence,deterministic,rmse_scaled,0.5674868568713378,0.5674868568713378,0.0,True
beijing,24,6,,trad_persistence,deterministic,mae_scaled,0.3088182806968689,0.3088182806968689,0.0,True
beijing,24,6,,trad_persistence,deterministic,rmse_ugm3,42.2856674194336,42.285667419433594,7.105427357601002e-15,True
beijing,24,6,,trad_persistence,deterministic,mae_ugm3,23.01125717163086,23.01125717163086,0.0,True
beijing,24,6,,trad_persistence,deterministic,smape_percent,31.51802635192871,31.51802635192871,0.0,True
beijing,24,6,,trad_ridge,deterministic,mse_scaled,0.2992726564407348,0.29927265644073486,5.551115123125783e-17,True
beijing,24,6,,trad_ridge,deterministic,rmse_scaled,0.5470581837800572,0.5470581837800572,0.0,True
beijing,24,6,,trad_ridge,deterministic,mae_scaled,0.3151056170463562,0.3151056170463562,0.0,True
beijing,24,6,,trad_ridge,deterministic,rmse_ugm3,40.763450622558594,40.763450622558594,0.0,True
beijing,24,6,,trad_ridge,deterministic,mae_ugm3,23.47975349426269,23.479753494262695,3.552713678800501e-15,True
beijing,24,6,,trad_ridge,deterministic,smape_percent,34.80147933959961,34.80147933959961,0.0,True
beijing,48,12,,center_gru_default,2047,mse_scaled,0.4577136933803558,0.45771369338035583,5.551115123125783e-17,True
beijing,48,12,,center_gru_default,2047,rmse_scaled,0.6765454111738219,0.6765454111738219,0.0,True
beijing,48,12,,center_gru_default,2047,mae_scaled,0.4270477294921875,0.4270477294921875,0.0,True
beijing,48,12,,center_gru_default,2047,rmse_ugm3,50.37738800048828,50.37738800048828,0.0,True
beijing,48,12,,center_gru_default,2047,mae_ugm3,31.799116134643555,31.799116134643555,0.0,True
beijing,48,12,,center_gru_default,2047,smape_percent,43.73809814453125,43.73809814453125,0.0,True
beijing,48,12,,center_gru_default,2048,mse_scaled,0.4513481855392456,0.4513481855392456,0.0,True
beijing,48,12,,center_gru_default,2048,rmse_scaled,0.6718245199002829,0.6718245199002829,0.0,True
beijing,48,12,,center_gru_default,2048,mae_scaled,0.4261307120323181,0.4261307120323181,0.0,True
beijing,48,12,,center_gru_default,2048,rmse_ugm3,50.025856018066406,50.025856018066406,0.0,True
beijing,48,12,,center_gru_default,2048,mae_ugm3,31.730836868286133,31.730836868286133,0.0,True
beijing,48,12,,center_gru_default,2048,smape_percent,43.73929977416992,43.73929977416992,0.0,True
beijing,48,12,,center_gru_default,2049,mse_scaled,0.4534516036510467,0.45345160365104675,5.551115123125783e-17,True
beijing,48,12,,center_gru_default,2049,rmse_scaled,0.6733881522948312,0.6733881522948312,0.0,True
beijing,48,12,,center_gru_default,2049,mae_scaled,0.427504301071167,0.427504301071167,0.0,True
beijing,48,12,,center_gru_default,2049,rmse_ugm3,50.14228820800781,50.14228820800781,0.0,True
beijing,48,12,,center_gru_default,2049,mae_ugm3,31.833120346069336,31.833120346069336,0.0,True
beijing,48,12,,center_gru_default,2049,smape_percent,44.19293975830078,44.19293975830078,0.0,True
beijing,48,12,,center_lstm_default,2047,mse_scaled,0.5361416935920715,0.5361416935920715,0.0,True
beijing,48,12,,center_lstm_default,2047,rmse_scaled,0.7322169716635033,0.7322169716635033,0.0,True
beijing,48,12,,center_lstm_default,2047,mae_scaled,0.4815326333045959,0.48153263330459595,5.551115123125783e-17,True
beijing,48,12,,center_lstm_default,2047,rmse_ugm3,54.52284240722656,54.52284240722656,0.0,True
beijing,48,12,,center_lstm_default,2047,mae_ugm3,35.8562126159668,35.8562126159668,0.0,True
beijing,48,12,,center_lstm_default,2047,smape_percent,47.49600982666016,47.496009826660156,7.105427357601002e-15,True
beijing,48,12,,center_lstm_default,2048,mse_scaled,0.523346483707428,0.523346483707428,0.0,True
beijing,48,12,,center_lstm_default,2048,rmse_scaled,0.7234269028087275,0.7234269028087275,0.0,True
beijing,48,12,,center_lstm_default,2048,mae_scaled,0.4666420221328735,0.46664202213287354,5.551115123125783e-17,True
beijing,48,12,,center_lstm_default,2048,rmse_ugm3,53.868309020996094,53.868309020996094,0.0,True
beijing,48,12,,center_lstm_default,2048,mae_ugm3,34.747413635253906,34.747413635253906,0.0,True
beijing,48,12,,center_lstm_default,2048,smape_percent,46.29429244995117,46.29429244995117,0.0,True
beijing,48,12,,center_lstm_default,2049,mse_scaled,0.5070741176605225,0.5070741176605225,0.0,True
beijing,48,12,,center_lstm_default,2049,rmse_scaled,0.7120913688990497,0.7120913688990497,0.0,True
beijing,48,12,,center_lstm_default,2049,mae_scaled,0.4506687819957733,0.4506687819957733,0.0,True
beijing,48,12,,center_lstm_default,2049,rmse_ugm3,53.02423858642578,53.02423858642578,0.0,True
beijing,48,12,,center_lstm_default,2049,mae_ugm3,33.558006286621094,33.558006286621094,0.0,True
beijing,48,12,,center_lstm_default,2049,smape_percent,46.02477645874024,46.024776458740234,7.105427357601002e-15,True
beijing,48,12,,center_tcn_default,2047,mse_scaled,0.5653301477432251,0.5653301477432251,0.0,True
beijing,48,12,,center_tcn_default,2047,rmse_scaled,0.7518843978586237,0.7518843978586237,0.0,True
beijing,48,12,,center_tcn_default,2047,mae_scaled,0.5193583369255066,0.5193583369255066,0.0,True
beijing,48,12,,center_tcn_default,2047,rmse_ugm3,55.9873275756836,55.987327575683594,7.105427357601002e-15,True
beijing,48,12,,center_tcn_default,2047,mae_ugm3,38.67281723022461,38.67281723022461,0.0,True
beijing,48,12,,center_tcn_default,2047,smape_percent,53.25592041015625,53.25592041015625,0.0,True
beijing,48,12,,center_tcn_default,2048,mse_scaled,0.5547540783882141,0.5547540783882141,0.0,True
beijing,48,12,,center_tcn_default,2048,rmse_scaled,0.7448181512209635,0.7448181512209635,0.0,True
beijing,48,12,,center_tcn_default,2048,mae_scaled,0.500805675983429,0.500805675983429,0.0,True
beijing,48,12,,center_tcn_default,2048,rmse_ugm3,55.46115493774414,55.46115493774414,0.0,True
beijing,48,12,,center_tcn_default,2048,mae_ugm3,37.29133224487305,37.29133224487305,0.0,True
beijing,48,12,,center_tcn_default,2048,smape_percent,51.29322814941406,51.29322814941406,0.0,True
beijing,48,12,,center_tcn_default,2049,mse_scaled,0.5827644467353821,0.5827644467353821,0.0,True
beijing,48,12,,center_tcn_default,2049,rmse_scaled,0.7633901012820261,0.7633901012820261,0.0,True
beijing,48,12,,center_tcn_default,2049,mae_scaled,0.5257105231285095,0.5257105231285095,0.0,True
beijing,48,12,,center_tcn_default,2049,rmse_ugm3,56.84407424926758,56.84407424926758,0.0,True
beijing,48,12,,center_tcn_default,2049,mae_ugm3,39.14582061767578,39.14582061767578,0.0,True
beijing,48,12,,center_tcn_default,2049,smape_percent,53.72442626953125,53.72442626953125,0.0,True
beijing,48,12,,trad_ar,deterministic,mse_scaled,0.471225380897522,0.471225380897522,0.0,True
beijing,48,12,,trad_ar,deterministic,rmse_scaled,0.6864585791564717,0.6864585791564717,0.0,True
beijing,48,12,,trad_ar,deterministic,mae_scaled,0.4361900687217712,0.43619006872177124,5.551115123125783e-17,True
beijing,48,12,,trad_ar,deterministic,rmse_ugm3,51.11554718017578,51.11554718017578,0.0,True
beijing,48,12,,trad_ar,deterministic,mae_ugm3,32.47987747192383,32.47987747192383,0.0,True
beijing,48,12,,trad_ar,deterministic,smape_percent,45.43571090698242,45.43571090698242,0.0,True
beijing,48,12,,trad_climatology,deterministic,mse_scaled,0.9855158925056458,0.9855158925056458,0.0,True
beijing,48,12,,trad_climatology,deterministic,rmse_scaled,0.9927315309315232,0.9927315309315232,0.0,True
beijing,48,12,,trad_climatology,deterministic,mae_scaled,0.7522440552711487,0.7522440552711487,0.0,True
beijing,48,12,,trad_climatology,deterministic,rmse_ugm3,73.92146301269531,73.92146301269531,0.0,True
beijing,48,12,,trad_climatology,deterministic,mae_ugm3,56.01410675048828,56.01410675048828,0.0,True
beijing,48,12,,trad_climatology,deterministic,smape_percent,71.60319519042969,71.60319519042969,0.0,True
beijing,48,12,,trad_daily_naive,deterministic,mse_scaled,1.5081133842468262,1.5081133842468262,0.0,True
beijing,48,12,,trad_daily_naive,deterministic,rmse_scaled,1.2280526797523086,1.2280526797523086,0.0,True
beijing,48,12,,trad_daily_naive,deterministic,mae_scaled,0.87673419713974,0.87673419713974,0.0,True
beijing,48,12,,trad_daily_naive,deterministic,rmse_ugm3,91.44409942626952,91.44409942626953,1.4210854715202004e-14,True
beijing,48,12,,trad_daily_naive,deterministic,mae_ugm3,65.28398132324219,65.28398132324219,0.0,True
beijing,48,12,,trad_daily_naive,deterministic,smape_percent,77.26527404785156,77.26527404785156,0.0,True
beijing,48,12,,trad_persistence,deterministic,mse_scaled,0.5518298149108887,0.5518298149108887,0.0,True
beijing,48,12,,trad_persistence,deterministic,rmse_scaled,0.7428524852962993,0.7428524852962993,0.0,True
beijing,48,12,,trad_persistence,deterministic,mae_scaled,0.4386464357376098,0.43864643573760986,5.551115123125783e-17,True
beijing,48,12,,trad_persistence,deterministic,rmse_ugm3,55.31479263305664,55.31479263305664,0.0,True
beijing,48,12,,trad_persistence,deterministic,mae_ugm3,32.66278839111328,32.66278839111328,0.0,True
beijing,48,12,,trad_persistence,deterministic,smape_percent,42.835975646972656,42.835975646972656,0.0,True
beijing,48,12,,trad_ridge,deterministic,mse_scaled,0.4651435613632202,0.4651435613632202,0.0,True
beijing,48,12,,trad_ridge,deterministic,rmse_scaled,0.6820143410246006,0.6820143410246006,0.0,True
beijing,48,12,,trad_ridge,deterministic,mae_scaled,0.4307202994823456,0.4307202994823456,0.0,True
beijing,48,12,,trad_ridge,deterministic,rmse_ugm3,50.78461837768555,50.78461837768555,0.0,True
beijing,48,12,,trad_ridge,deterministic,mae_ugm3,32.07258987426758,32.07258987426758,0.0,True
beijing,48,12,,trad_ridge,deterministic,smape_percent,45.08074951171875,45.08074951171875,0.0,True
beijing,48,1,,center_gru_default,2047,mse_scaled,0.0819009840488433,0.08190098404884338,8.326672684688674e-17,True
beijing,48,1,,center_gru_default,2047,rmse_scaled,0.2861834796923879,0.2861834796923879,0.0,True
beijing,48,1,,center_gru_default,2047,mae_scaled,0.1335561573505401,0.13355615735054016,5.551115123125783e-17,True
beijing,48,1,,center_gru_default,2047,rmse_ugm3,21.315120697021484,21.315120697021484,0.0,True
beijing,48,1,,center_gru_default,2047,mae_ugm3,9.947344779968262,9.947344779968262,0.0,True
beijing,48,1,,center_gru_default,2047,smape_percent,16.5391845703125,16.5391845703125,0.0,True
beijing,48,1,,center_gru_default,2048,mse_scaled,0.0820567682385444,0.08205676823854446,6.938893903907228e-17,True
beijing,48,1,,center_gru_default,2048,rmse_scaled,0.2864555257601858,0.2864555257601858,0.0,True
beijing,48,1,,center_gru_default,2048,mae_scaled,0.1337555050849914,0.13375550508499146,5.551115123125783e-17,True
beijing,48,1,,center_gru_default,2048,rmse_ugm3,21.33538246154785,21.33538246154785,0.0,True
beijing,48,1,,center_gru_default,2048,mae_ugm3,9.962190628051758,9.962190628051758,0.0,True
beijing,48,1,,center_gru_default,2048,smape_percent,16.723705291748047,16.723705291748047,0.0,True
beijing,48,1,,center_gru_default,2049,mse_scaled,0.0832724347710609,0.08327243477106094,4.163336342344337e-17,True
beijing,48,1,,center_gru_default,2049,rmse_scaled,0.2885696359131725,0.28856963591317253,5.551115123125783e-17,True
beijing,48,1,,center_gru_default,2049,mae_scaled,0.1327957063913345,0.13279570639133453,2.7755575615628914e-17,True
beijing,48,1,,center_gru_default,2049,rmse_ugm3,21.49284172058105,21.492841720581055,3.552713678800501e-15,True
beijing,48,1,,center_gru_default,2049,mae_ugm3,9.890704154968262,9.890704154968262,0.0,True
beijing,48,1,,center_gru_default,2049,smape_percent,16.22667694091797,16.22667694091797,0.0,True
beijing,48,1,,center_lstm_default,2047,mse_scaled,0.0812861397862434,0.08128613978624344,4.163336342344337e-17,True
beijing,48,1,,center_lstm_default,2047,rmse_scaled,0.2851072426057315,0.2851072426057315,0.0,True
beijing,48,1,,center_lstm_default,2047,mae_scaled,0.1323014944791793,0.13230149447917938,8.326672684688674e-17,True
beijing,48,1,,center_lstm_default,2047,rmse_ugm3,21.23496055603028,21.234960556030273,7.105427357601002e-15,True
beijing,48,1,,center_lstm_default,2047,mae_ugm3,9.85389518737793,9.85389518737793,0.0,True
beijing,48,1,,center_lstm_default,2047,smape_percent,15.839402198791504,15.839402198791504,0.0,True
beijing,48,1,,center_lstm_default,2048,mse_scaled,0.079551875591278,0.07955187559127808,6.938893903907228e-17,True
beijing,48,1,,center_lstm_default,2048,rmse_scaled,0.2820494204767634,0.2820494204767634,0.0,True
beijing,48,1,,center_lstm_default,2048,mae_scaled,0.1335191279649734,0.13351912796497345,5.551115123125783e-17,True
beijing,48,1,,center_lstm_default,2048,rmse_ugm3,21.007211685180664,21.007211685180664,0.0,True
beijing,48,1,,center_lstm_default,2048,mae_ugm3,9.944586753845217,9.944586753845215,1.7763568394002505e-15,True
beijing,48,1,,center_lstm_default,2048,smape_percent,16.023588180541992,16.023588180541992,0.0,True
beijing,48,1,,center_lstm_default,2049,mse_scaled,0.0801818147301673,0.08018181473016739,8.326672684688674e-17,True
beijing,48,1,,center_lstm_default,2049,rmse_scaled,0.2831639361397693,0.28316393613976937,5.551115123125783e-17,True
beijing,48,1,,center_lstm_default,2049,mae_scaled,0.1319532096385955,0.13195320963859558,8.326672684688674e-17,True
beijing,48,1,,center_lstm_default,2049,rmse_ugm3,21.090219497680664,21.090219497680664,0.0,True
beijing,48,1,,center_lstm_default,2049,mae_ugm3,9.827954292297363,9.827954292297363,0.0,True
beijing,48,1,,center_lstm_default,2049,smape_percent,15.724949836730955,15.724949836730957,1.7763568394002505e-15,True
beijing,48,1,,center_tcn_default,2047,mse_scaled,0.2342633306980133,0.2342633306980133,0.0,True
beijing,48,1,,center_tcn_default,2047,rmse_scaled,0.4840075729758918,0.48400757297589186,5.551115123125783e-17,True
beijing,48,1,,center_tcn_default,2047,mae_scaled,0.3161170780658722,0.3161170780658722,0.0,True
beijing,48,1,,center_tcn_default,2047,rmse_ugm3,36.04917907714844,36.04917907714844,0.0,True
beijing,48,1,,center_tcn_default,2047,mae_ugm3,23.54459381103516,23.544593811035156,3.552713678800501e-15,True
beijing,48,1,,center_tcn_default,2047,smape_percent,42.44957733154297,42.44957733154297,0.0,True
beijing,48,1,,center_tcn_default,2048,mse_scaled,0.1585774421691894,0.15857744216918945,5.551115123125783e-17,True
beijing,48,1,,center_tcn_default,2048,rmse_scaled,0.3982178325605088,0.39821783256050886,5.551115123125783e-17,True
beijing,48,1,,center_tcn_default,2048,mae_scaled,0.238411545753479,0.238411545753479,0.0,True
beijing,48,1,,center_tcn_default,2048,rmse_ugm3,29.65950393676757,29.659503936767578,7.105427357601002e-15,True
beijing,48,1,,center_tcn_default,2048,mae_ugm3,17.757034301757812,17.757034301757812,0.0,True
beijing,48,1,,center_tcn_default,2048,smape_percent,29.93383979797364,29.933839797973633,7.105427357601002e-15,True
beijing,48,1,,center_tcn_default,2049,mse_scaled,0.1376497596502304,0.1376497596502304,0.0,True
beijing,48,1,,center_tcn_default,2049,rmse_scaled,0.3710118052707088,0.37101180527070887,5.551115123125783e-17,True
beijing,48,1,,center_tcn_default,2049,mae_scaled,0.2064315378665924,0.2064315378665924,0.0,True
beijing,48,1,,center_tcn_default,2049,rmse_ugm3,27.6331844329834,27.6331844329834,0.0,True
beijing,48,1,,center_tcn_default,2049,mae_ugm3,15.375147819519045,15.375147819519043,1.7763568394002505e-15,True
beijing,48,1,,center_tcn_default,2049,smape_percent,25.959800720214844,25.959800720214844,0.0,True
beijing,48,1,,trad_ar,deterministic,mse_scaled,0.0879116356372833,0.08791163563728333,2.7755575615628914e-17,True
beijing,48,1,,trad_ar,deterministic,rmse_scaled,0.2964989639733726,0.29649896397337266,5.551115123125783e-17,True
beijing,48,1,,trad_ar,deterministic,mae_scaled,0.1351435333490371,0.13514353334903717,8.326672684688674e-17,True
beijing,48,1,,trad_ar,deterministic,rmse_ugm3,22.08342170715332,22.08342170715332,0.0,True
beijing,48,1,,trad_ar,deterministic,mae_ugm3,10.06557273864746,10.065572738647461,1.7763568394002505e-15,True
beijing,48,1,,trad_ar,deterministic,smape_percent,16.65068244934082,16.65068244934082,0.0,True
beijing,48,1,,trad_climatology,deterministic,mse_scaled,0.9834097623825072,0.9834097623825073,1.1102230246251565e-16,True
beijing,48,1,,trad_climatology,deterministic,rmse_scaled,0.9916701883098572,0.9916701883098571,1.1102230246251565e-16,True
beijing,48,1,,trad_climatology,deterministic,mae_scaled,0.7507034540176392,0.7507034540176392,0.0,True
beijing,48,1,,trad_climatology,deterministic,rmse_ugm3,73.86019897460938,73.86019897460938,0.0,True
beijing,48,1,,trad_climatology,deterministic,mae_ugm3,55.91283798217773,55.912837982177734,7.105427357601002e-15,True
beijing,48,1,,trad_climatology,deterministic,smape_percent,71.38735961914062,71.38735961914062,0.0,True
beijing,48,1,,trad_daily_naive,deterministic,mse_scaled,1.481379747390747,1.481379747390747,0.0,True
beijing,48,1,,trad_daily_naive,deterministic,rmse_scaled,1.217119446640611,1.217119446640611,0.0,True
beijing,48,1,,trad_daily_naive,deterministic,mae_scaled,0.8701530694961548,0.8701530694961548,0.0,True
beijing,48,1,,trad_daily_naive,deterministic,rmse_ugm3,90.65179443359376,90.65179443359375,1.4210854715202004e-14,True
beijing,48,1,,trad_daily_naive,deterministic,mae_ugm3,64.80952453613281,64.80952453613281,0.0,True
beijing,48,1,,trad_daily_naive,deterministic,smape_percent,76.96830749511719,76.96830749511719,0.0,True
beijing,48,1,,trad_persistence,deterministic,mse_scaled,0.0873810797929763,0.08738107979297638,8.326672684688674e-17,True
beijing,48,1,,trad_persistence,deterministic,rmse_scaled,0.295602908972453,0.29560290897245306,5.551115123125783e-17,True
beijing,48,1,,trad_persistence,deterministic,mae_scaled,0.1360348165035247,0.13603481650352478,8.326672684688674e-17,True
beijing,48,1,,trad_persistence,deterministic,rmse_ugm3,22.01668357849121,22.01668357849121,0.0,True
beijing,48,1,,trad_persistence,deterministic,mae_ugm3,10.131956100463867,10.131956100463867,0.0,True
beijing,48,1,,trad_persistence,deterministic,smape_percent,15.160162925720217,15.160162925720215,1.7763568394002505e-15,True
beijing,48,1,,trad_ridge,deterministic,mse_scaled,0.0881717205047607,0.08817172050476074,4.163336342344337e-17,True
beijing,48,1,,trad_ridge,deterministic,rmse_scaled,0.2969372332745773,0.29693723327457733,5.551115123125783e-17,True
beijing,48,1,,trad_ridge,deterministic,mae_scaled,0.1365550756454467,0.13655507564544678,8.326672684688674e-17,True
beijing,48,1,,trad_ridge,deterministic,rmse_ugm3,22.11606407165528,22.116064071655273,7.105427357601002e-15,True
beijing,48,1,,trad_ridge,deterministic,mae_ugm3,10.170703887939451,10.170703887939453,1.7763568394002505e-15,True
beijing,48,1,,trad_ridge,deterministic,smape_percent,16.980867385864258,16.980867385864258,0.0,True
beijing,48,24,,center_gru_default,2047,mse_scaled,0.6404873728752136,0.6404873728752136,0.0,True
beijing,48,24,,center_gru_default,2047,rmse_scaled,0.8003045500777899,0.8003045500777899,0.0,True
beijing,48,24,,center_gru_default,2047,mae_scaled,0.5561234354972839,0.5561234354972839,0.0,True
beijing,48,24,,center_gru_default,2047,rmse_ugm3,59.5742301940918,59.5742301940918,0.0,True
beijing,48,24,,center_gru_default,2047,mae_ugm3,41.39751815795898,41.397518157958984,7.105427357601002e-15,True
beijing,48,24,,center_gru_default,2047,smape_percent,54.98084259033203,54.98084259033203,0.0,True
beijing,48,24,,center_gru_default,2048,mse_scaled,0.6668772101402283,0.6668772101402283,0.0,True
beijing,48,24,,center_gru_default,2048,rmse_scaled,0.8166255017694637,0.8166255017694637,0.0,True
beijing,48,24,,center_gru_default,2048,mae_scaled,0.5533339977264404,0.5533339977264404,0.0,True
beijing,48,24,,center_gru_default,2048,rmse_ugm3,60.78915786743164,60.78915786743164,0.0,True
beijing,48,24,,center_gru_default,2048,mae_ugm3,41.18988037109375,41.18988037109375,0.0,True
beijing,48,24,,center_gru_default,2048,smape_percent,54.61383438110352,54.613834381103516,7.105427357601002e-15,True
beijing,48,24,,center_gru_default,2049,mse_scaled,0.6636425852775574,0.6636425852775574,0.0,True
beijing,48,24,,center_gru_default,2049,rmse_scaled,0.8146426119947061,0.8146426119947061,0.0,True
beijing,48,24,,center_gru_default,2049,mae_scaled,0.55228590965271,0.55228590965271,0.0,True
beijing,48,24,,center_gru_default,2049,rmse_ugm3,60.64154815673828,60.64154815673828,0.0,True
beijing,48,24,,center_gru_default,2049,mae_ugm3,41.11185836791992,41.11185836791992,0.0,True
beijing,48,24,,center_gru_default,2049,smape_percent,53.29328918457031,53.29328918457031,0.0,True
beijing,48,24,,center_lstm_default,2047,mse_scaled,0.7093908190727234,0.7093908190727234,0.0,True
beijing,48,24,,center_lstm_default,2047,rmse_scaled,0.8422534173707599,0.8422534173707599,0.0,True
beijing,48,24,,center_lstm_default,2047,mae_scaled,0.5765403509140015,0.5765403509140015,0.0,True
beijing,48,24,,center_lstm_default,2047,rmse_ugm3,62.69688415527344,62.69688415527344,0.0,True
beijing,48,24,,center_lstm_default,2047,mae_ugm3,42.91735458374024,42.917354583740234,7.105427357601002e-15,True
beijing,48,24,,center_lstm_default,2047,smape_percent,56.24108123779297,56.24108123779297,0.0,True
beijing,48,24,,center_lstm_default,2048,mse_scaled,0.7776569724082947,0.7776569724082947,0.0,True
beijing,48,24,,center_lstm_default,2048,rmse_scaled,0.8818486108217751,0.8818486108217751,0.0,True
beijing,48,24,,center_lstm_default,2048,mae_scaled,0.6000686287879944,0.6000686287879944,0.0,True
beijing,48,24,,center_lstm_default,2048,rmse_ugm3,65.64432525634766,65.64432525634766,0.0,True
beijing,48,24,,center_lstm_default,2048,mae_ugm3,44.66878128051758,44.66878128051758,0.0,True
beijing,48,24,,center_lstm_default,2048,smape_percent,58.491302490234375,58.491302490234375,0.0,True
beijing,48,24,,center_lstm_default,2049,mse_scaled,0.7555742263793945,0.7555742263793945,0.0,True
beijing,48,24,,center_lstm_default,2049,rmse_scaled,0.8692377271951526,0.8692377271951526,0.0,True
beijing,48,24,,center_lstm_default,2049,mae_scaled,0.5981879234313965,0.5981879234313965,0.0,True
beijing,48,24,,center_lstm_default,2049,rmse_ugm3,64.70558166503906,64.70558166503906,0.0,True
beijing,48,24,,center_lstm_default,2049,mae_ugm3,44.52878189086914,44.52878189086914,0.0,True
beijing,48,24,,center_lstm_default,2049,smape_percent,57.58305358886719,57.58305358886719,0.0,True
beijing,48,24,,center_tcn_default,2047,mse_scaled,0.761353611946106,0.761353611946106,0.0,True
beijing,48,24,,center_tcn_default,2047,rmse_scaled,0.872555793027647,0.872555793027647,0.0,True
beijing,48,24,,center_tcn_default,2047,mae_scaled,0.6142815351486206,0.6142815351486206,0.0,True
beijing,48,24,,center_tcn_default,2047,rmse_ugm3,64.95257568359375,64.95257568359375,0.0,True
beijing,48,24,,center_tcn_default,2047,mae_ugm3,45.72678756713867,45.72678756713867,0.0,True
beijing,48,24,,center_tcn_default,2047,smape_percent,61.19269561767578,61.19269561767578,0.0,True
beijing,48,24,,center_tcn_default,2048,mse_scaled,0.7222276926040649,0.7222276926040649,0.0,True
beijing,48,24,,center_tcn_default,2048,rmse_scaled,0.8498398040831372,0.8498398040831372,0.0,True
beijing,48,24,,center_tcn_default,2048,mae_scaled,0.6077092885971069,0.6077092885971069,0.0,True
beijing,48,24,,center_tcn_default,2048,rmse_ugm3,63.26161193847656,63.26161193847656,0.0,True
beijing,48,24,,center_tcn_default,2048,mae_ugm3,45.237548828125,45.237548828125,0.0,True
beijing,48,24,,center_tcn_default,2048,smape_percent,60.17826843261719,60.17826843261719,0.0,True
beijing,48,24,,center_tcn_default,2049,mse_scaled,0.731538712978363,0.731538712978363,0.0,True
beijing,48,24,,center_tcn_default,2049,rmse_scaled,0.8553003641869698,0.8553003641869698,0.0,True
beijing,48,24,,center_tcn_default,2049,mae_scaled,0.6095735430717468,0.6095735430717468,0.0,True
beijing,48,24,,center_tcn_default,2049,rmse_ugm3,63.6680908203125,63.6680908203125,0.0,True
beijing,48,24,,center_tcn_default,2049,mae_ugm3,45.37631988525391,45.376319885253906,7.105427357601002e-15,True
beijing,48,24,,center_tcn_default,2049,smape_percent,60.09545135498047,60.09545135498047,0.0,True
beijing,48,24,,trad_ar,deterministic,mse_scaled,0.6608853936195374,0.6608853936195374,0.0,True
beijing,48,24,,trad_ar,deterministic,rmse_scaled,0.8129485799357407,0.8129485799357407,0.0,True
beijing,48,24,,trad_ar,deterministic,mae_scaled,0.5569765567779541,0.5569765567779541,0.0,True
beijing,48,24,,trad_ar,deterministic,rmse_ugm3,60.51544952392578,60.51544952392578,0.0,True
beijing,48,24,,trad_ar,deterministic,mae_ugm3,41.461029052734375,41.461029052734375,0.0,True
beijing,48,24,,trad_ar,deterministic,smape_percent,55.044246673583984,55.044246673583984,0.0,True
beijing,48,24,,trad_climatology,deterministic,mse_scaled,0.9871220588684082,0.9871220588684082,0.0,True
beijing,48,24,,trad_climatology,deterministic,rmse_scaled,0.9935401646981404,0.9935401646981405,1.1102230246251565e-16,True
beijing,48,24,,trad_climatology,deterministic,mae_scaled,0.7532533407211304,0.7532533407211304,0.0,True
beijing,48,24,,trad_climatology,deterministic,rmse_ugm3,73.95858001708984,73.95858001708984,0.0,True
beijing,48,24,,trad_climatology,deterministic,mae_ugm3,56.0717658996582,56.0717658996582,0.0,True
beijing,48,24,,trad_climatology,deterministic,smape_percent,71.77613067626953,71.77613067626953,0.0,True
beijing,48,24,,trad_daily_naive,deterministic,mse_scaled,1.5309377908706665,1.5309377908706665,0.0,True
beijing,48,24,,trad_daily_naive,deterministic,rmse_scaled,1.2373107091069189,1.2373107091069189,0.0,True
beijing,48,24,,trad_daily_naive,deterministic,mae_scaled,0.8832882046699524,0.8832882046699524,0.0,True
beijing,48,24,,trad_daily_naive,deterministic,rmse_ugm3,92.104736328125,92.104736328125,0.0,True
beijing,48,24,,trad_daily_naive,deterministic,mae_ugm3,65.7514877319336,65.7514877319336,0.0,True
beijing,48,24,,trad_daily_naive,deterministic,smape_percent,77.62144470214844,77.62144470214844,0.0,True
beijing,48,24,,trad_persistence,deterministic,mse_scaled,0.895257294178009,0.895257294178009,0.0,True
beijing,48,24,,trad_persistence,deterministic,rmse_scaled,0.9461803708479736,0.9461803708479737,1.1102230246251565e-16,True
beijing,48,24,,trad_persistence,deterministic,mae_scaled,0.6064170002937317,0.6064170002937317,0.0,True
beijing,48,24,,trad_persistence,deterministic,rmse_ugm3,70.43315124511719,70.43315124511719,0.0,True
beijing,48,24,,trad_persistence,deterministic,mae_ugm3,45.14134979248047,45.14134979248047,0.0,True
beijing,48,24,,trad_persistence,deterministic,smape_percent,56.5267333984375,56.5267333984375,0.0,True
beijing,48,24,,trad_ridge,deterministic,mse_scaled,0.6490575671195984,0.6490575671195984,0.0,True
beijing,48,24,,trad_ridge,deterministic,rmse_scaled,0.8056410907591534,0.8056410907591534,0.0,True
beijing,48,24,,trad_ridge,deterministic,mae_scaled,0.5495080947875977,0.5495080947875977,0.0,True
beijing,48,24,,trad_ridge,deterministic,rmse_ugm3,59.97148132324219,59.97148132324219,0.0,True
beijing,48,24,,trad_ridge,deterministic,mae_ugm3,40.90508270263672,40.90508270263672,0.0,True
beijing,48,24,,trad_ridge,deterministic,smape_percent,54.76167297363281,54.76167297363281,0.0,True
beijing,48,3,,center_gru_default,2047,mse_scaled,0.1770174950361251,0.17701749503612518,8.326672684688674e-17,True
beijing,48,3,,center_gru_default,2047,rmse_scaled,0.4207344709387682,0.4207344709387682,0.0,True
beijing,48,3,,center_gru_default,2047,mae_scaled,0.2193101197481155,0.21931011974811554,2.7755575615628914e-17,True
beijing,48,3,,center_gru_default,2047,rmse_ugm3,31.334152221679688,31.334152221679688,0.0,True
beijing,48,3,,center_gru_default,2047,mae_ugm3,16.33309555053711,16.33309555053711,0.0,True
beijing,48,3,,center_gru_default,2047,smape_percent,25.38721466064453,25.38721466064453,0.0,True
beijing,48,3,,center_gru_default,2048,mse_scaled,0.1770631670951843,0.17706316709518433,2.7755575615628914e-17,True
beijing,48,3,,center_gru_default,2048,rmse_scaled,0.4207887440214915,0.4207887440214915,0.0,True
beijing,48,3,,center_gru_default,2048,mae_scaled,0.2187928855419159,0.2187928855419159,0.0,True
beijing,48,3,,center_gru_default,2048,rmse_ugm3,31.338191986083984,31.338191986083984,0.0,True
beijing,48,3,,center_gru_default,2048,mae_ugm3,16.294574737548828,16.294574737548828,0.0,True
beijing,48,3,,center_gru_default,2048,smape_percent,25.34019660949707,25.34019660949707,0.0,True
beijing,48,3,,center_gru_default,2049,mse_scaled,0.179015964269638,0.17901596426963806,5.551115123125783e-17,True
beijing,48,3,,center_gru_default,2049,rmse_scaled,0.4231027821577613,0.42310278215776137,5.551115123125783e-17,True
beijing,48,3,,center_gru_default,2049,mae_scaled,0.217097669839859,0.217097669839859,0.0,True
beijing,48,3,,center_gru_default,2049,rmse_ugm3,31.51053047180176,31.510530471801758,3.552713678800501e-15,True
beijing,48,3,,center_gru_default,2049,mae_ugm3,16.168325424194336,16.168325424194336,0.0,True
beijing,48,3,,center_gru_default,2049,smape_percent,24.42679023742676,24.426790237426758,3.552713678800501e-15,True
beijing,48,3,,center_lstm_default,2047,mse_scaled,0.1751608997583389,0.17516089975833893,2.7755575615628914e-17,True
beijing,48,3,,center_lstm_default,2047,rmse_scaled,0.4185222810775298,0.41852228107752987,5.551115123125783e-17,True
beijing,48,3,,center_lstm_default,2047,mae_scaled,0.220182716846466,0.22018271684646606,5.551115123125783e-17,True
beijing,48,3,,center_lstm_default,2047,rmse_ugm3,31.169397354125977,31.169397354125977,0.0,True
beijing,48,3,,center_lstm_default,2047,mae_ugm3,16.398082733154297,16.398082733154297,0.0,True
beijing,48,3,,center_lstm_default,2047,smape_percent,24.10542106628418,24.10542106628418,0.0,True
beijing,48,3,,center_lstm_default,2048,mse_scaled,0.1766747534275055,0.1766747534275055,0.0,True
beijing,48,3,,center_lstm_default,2048,rmse_scaled,0.4203269601482939,0.42032696014829396,5.551115123125783e-17,True
beijing,48,3,,center_lstm_default,2048,mae_scaled,0.2268489599227905,0.22684895992279053,2.7755575615628914e-17,True
beijing,48,3,,center_lstm_default,2048,rmse_ugm3,31.303800582885746,31.303800582885742,3.552713678800501e-15,True
beijing,48,3,,center_lstm_default,2048,mae_ugm3,16.894550323486328,16.894550323486328,0.0,True
beijing,48,3,,center_lstm_default,2048,smape_percent,26.34166145324707,26.34166145324707,0.0,True
beijing,48,3,,center_lstm_default,2049,mse_scaled,0.1778189688920974,0.17781896889209747,8.326672684688674e-17,True
beijing,48,3,,center_lstm_default,2049,rmse_scaled,0.421685865179398,0.42168586517939805,5.551115123125783e-17,True
beijing,48,3,,center_lstm_default,2049,mae_scaled,0.2222359031438827,0.22223590314388275,5.551115123125783e-17,True
beijing,48,3,,center_lstm_default,2049,rmse_ugm3,31.405004501342773,31.405004501342773,0.0,True
beijing,48,3,,center_lstm_default,2049,mae_ugm3,16.550992965698242,16.550992965698242,0.0,True
beijing,48,3,,center_lstm_default,2049,smape_percent,24.831716537475582,24.831716537475586,3.552713678800501e-15,True
beijing,48,3,,center_tcn_default,2047,mse_scaled,0.254905641078949,0.254905641078949,0.0,True
beijing,48,3,,center_tcn_default,2047,rmse_scaled,0.5048818090196447,0.5048818090196447,0.0,True
beijing,48,3,,center_tcn_default,2047,mae_scaled,0.2891763150691986,0.2891763150691986,0.0,True
beijing,48,3,,center_tcn_default,2047,rmse_ugm3,37.60101318359375,37.60101318359375,0.0,True
beijing,48,3,,center_tcn_default,2047,mae_ugm3,21.53637313842773,21.536373138427734,3.552713678800501e-15,True
beijing,48,3,,center_tcn_default,2047,smape_percent,33.0386848449707,33.0386848449707,0.0,True
beijing,48,3,,center_tcn_default,2048,mse_scaled,0.2663422524929046,0.26634225249290466,5.551115123125783e-17,True
beijing,48,3,,center_tcn_default,2048,rmse_scaled,0.5160835712294131,0.5160835712294131,0.0,True
beijing,48,3,,center_tcn_default,2048,mae_scaled,0.3079602718353271,0.30796027183532715,5.551115123125783e-17,True
beijing,48,3,,center_tcn_default,2048,rmse_ugm3,38.43526077270508,38.43526077270508,0.0,True
beijing,48,3,,center_tcn_default,2048,mae_ugm3,22.935306549072266,22.935306549072266,0.0,True
beijing,48,3,,center_tcn_default,2048,smape_percent,33.67836380004883,33.67836380004883,0.0,True
beijing,48,3,,center_tcn_default,2049,mse_scaled,0.2454686611890792,0.24546866118907928,8.326672684688674e-17,True
beijing,48,3,,center_tcn_default,2049,rmse_scaled,0.4954479399382737,0.49544793993827374,5.551115123125783e-17,True
beijing,48,3,,center_tcn_default,2049,mae_scaled,0.2992612719535827,0.29926127195358276,5.551115123125783e-17,True
beijing,48,3,,center_tcn_default,2049,rmse_ugm3,36.89842987060547,36.89842987060547,0.0,True
beijing,48,3,,center_tcn_default,2049,mae_ugm3,22.28745079040528,22.287450790405273,7.105427357601002e-15,True
beijing,48,3,,center_tcn_default,2049,smape_percent,33.737876892089844,33.737876892089844,0.0,True
beijing,48,3,,trad_ar,deterministic,mse_scaled,0.1867002248764038,0.1867002248764038,0.0,True
beijing,48,3,,trad_ar,deterministic,rmse_scaled,0.432088214229923,0.432088214229923,0.0,True
beijing,48,3,,trad_ar,deterministic,mae_scaled,0.2224455624818802,0.2224455624818802,0.0,True
beijing,48,3,,trad_ar,deterministic,rmse_ugm3,32.179718017578125,32.179718017578125,0.0,True
beijing,48,3,,trad_ar,deterministic,mae_ugm3,16.566608428955078,16.566608428955078,0.0,True
beijing,48,3,,trad_ar,deterministic,smape_percent,25.576187133789062,25.576187133789062,0.0,True
beijing,48,3,,trad_climatology,deterministic,mse_scaled,0.9834282994270324,0.9834282994270325,1.1102230246251565e-16,True
beijing,48,3,,trad_climatology,deterministic,rmse_scaled,0.9916795346416264,0.9916795346416263,1.1102230246251565e-16,True
beijing,48,3,,trad_climatology,deterministic,mae_scaled,0.7506833672523499,0.7506833672523499,0.0,True
beijing,48,3,,trad_climatology,deterministic,rmse_ugm3,73.85521697998047,73.85521697998047,0.0,True
beijing,48,3,,trad_climatology,deterministic,mae_ugm3,55.90705490112305,55.90705490112305,0.0,True
beijing,48,3,,trad_climatology,deterministic,smape_percent,71.4032974243164,71.4032974243164,0.0,True
beijing,48,3,,trad_daily_naive,deterministic,mse_scaled,1.4885283708572388,1.4885283708572388,0.0,True
beijing,48,3,,trad_daily_naive,deterministic,rmse_scaled,1.2200526098727211,1.2200526098727213,2.220446049250313e-16,True
beijing,48,3,,trad_daily_naive,deterministic,mae_scaled,0.8719761967658997,0.8719761967658997,0.0,True
beijing,48,3,,trad_daily_naive,deterministic,rmse_ugm3,90.86326599121094,90.86326599121094,0.0,True
beijing,48,3,,trad_daily_naive,deterministic,mae_ugm3,64.9403305053711,64.9403305053711,0.0,True
beijing,48,3,,trad_daily_naive,deterministic,smape_percent,77.04368591308594,77.04368591308594,0.0,True
beijing,48,3,,trad_persistence,deterministic,mse_scaled,0.1897590160369873,0.1897590160369873,0.0,True
beijing,48,3,,trad_persistence,deterministic,rmse_scaled,0.4356133790840076,0.4356133790840076,0.0,True
beijing,48,3,,trad_persistence,deterministic,mae_scaled,0.2196599841117859,0.2196599841117859,0.0,True
beijing,48,3,,trad_persistence,deterministic,rmse_ugm3,32.44225311279297,32.44225311279297,0.0,True
beijing,48,3,,trad_persistence,deterministic,mae_ugm3,16.35915184020996,16.35915184020996,0.0,True
beijing,48,3,,trad_persistence,deterministic,smape_percent,23.01271247863769,23.012712478637695,3.552713678800501e-15,True
beijing,48,3,,trad_ridge,deterministic,mse_scaled,0.1849251389503479,0.1849251389503479,0.0,True
beijing,48,3,,trad_ridge,deterministic,rmse_scaled,0.4300292303441103,0.43002923034411034,5.551115123125783e-17,True
beijing,48,3,,trad_ridge,deterministic,mae_scaled,0.2234353870153427,0.2234353870153427,0.0,True
beijing,48,3,,trad_ridge,deterministic,rmse_ugm3,32.0263786315918,32.0263786315918,0.0,True
beijing,48,3,,trad_ridge,deterministic,mae_ugm3,16.64032554626465,16.64032554626465,0.0,True
beijing,48,3,,trad_ridge,deterministic,smape_percent,26.013458251953125,26.013458251953125,0.0,True
beijing,48,6,,center_gru_default,2047,mse_scaled,0.2921288311481476,0.2921288311481476,0.0,True
beijing,48,6,,center_gru_default,2047,rmse_scaled,0.5404894366665713,0.5404894366665713,0.0,True
beijing,48,6,,center_gru_default,2047,mae_scaled,0.3042431175708771,0.3042431175708771,0.0,True
beijing,48,6,,center_gru_default,2047,rmse_ugm3,40.25288772583008,40.25288772583008,0.0,True
beijing,48,6,,center_gru_default,2047,mae_ugm3,22.658472061157227,22.658472061157227,0.0,True
beijing,48,6,,center_gru_default,2047,smape_percent,32.297752380371094,32.297752380371094,0.0,True
beijing,48,6,,center_gru_default,2048,mse_scaled,0.2954256534576416,0.2954256534576416,0.0,True
beijing,48,6,,center_gru_default,2048,rmse_scaled,0.5435307290831325,0.5435307290831325,0.0,True
beijing,48,6,,center_gru_default,2048,mae_scaled,0.3050907552242279,0.3050907552242279,0.0,True
beijing,48,6,,center_gru_default,2048,rmse_ugm3,40.47938919067383,40.47938919067383,0.0,True
beijing,48,6,,center_gru_default,2048,mae_ugm3,22.72159767150879,22.72159767150879,0.0,True
beijing,48,6,,center_gru_default,2048,smape_percent,32.26414489746094,32.26414489746094,0.0,True
beijing,48,6,,center_gru_default,2049,mse_scaled,0.2928069829940796,0.2928069829940796,0.0,True
beijing,48,6,,center_gru_default,2049,rmse_scaled,0.5411164227724747,0.5411164227724747,0.0,True
beijing,48,6,,center_gru_default,2049,mae_scaled,0.3089902698993683,0.3089902698993683,0.0,True
beijing,48,6,,center_gru_default,2049,rmse_ugm3,40.299583435058594,40.299583435058594,0.0,True
beijing,48,6,,center_gru_default,2049,mae_ugm3,23.01201629638672,23.01201629638672,0.0,True
beijing,48,6,,center_gru_default,2049,smape_percent,33.484859466552734,33.484859466552734,0.0,True
beijing,48,6,,center_lstm_default,2047,mse_scaled,0.305401861667633,0.30540186166763306,5.551115123125783e-17,True
beijing,48,6,,center_lstm_default,2047,rmse_scaled,0.5526317595538941,0.5526317595538941,0.0,True
beijing,48,6,,center_lstm_default,2047,mae_scaled,0.3267779052257538,0.3267779052257538,0.0,True
beijing,48,6,,center_lstm_default,2047,rmse_ugm3,41.15718460083008,41.15718460083008,0.0,True
beijing,48,6,,center_lstm_default,2047,mae_ugm3,24.336748123168945,24.336748123168945,0.0,True
beijing,48,6,,center_lstm_default,2047,smape_percent,33.667354583740234,33.667354583740234,0.0,True
beijing,48,6,,center_lstm_default,2048,mse_scaled,0.3179791867733001,0.31797918677330017,5.551115123125783e-17,True
beijing,48,6,,center_lstm_default,2048,rmse_scaled,0.5638964326658754,0.5638964326658754,0.0,True
beijing,48,6,,center_lstm_default,2048,mae_scaled,0.3353896141052246,0.3353896141052246,0.0,True
beijing,48,6,,center_lstm_default,2048,rmse_ugm3,41.99612045288086,41.99612045288086,0.0,True
beijing,48,6,,center_lstm_default,2048,mae_ugm3,24.978099822998047,24.978099822998047,0.0,True
beijing,48,6,,center_lstm_default,2048,smape_percent,34.35860061645508,34.35860061645508,0.0,True
beijing,48,6,,center_lstm_default,2049,mse_scaled,0.3130352199077606,0.3130352199077606,0.0,True
beijing,48,6,,center_lstm_default,2049,rmse_scaled,0.5594955048146147,0.5594955048146147,0.0,True
beijing,48,6,,center_lstm_default,2049,mae_scaled,0.3325918018817901,0.33259180188179016,5.551115123125783e-17,True
beijing,48,6,,center_lstm_default,2049,rmse_ugm3,41.66836166381836,41.66836166381836,0.0,True
beijing,48,6,,center_lstm_default,2049,mae_ugm3,24.76973342895508,24.769733428955078,3.552713678800501e-15,True
beijing,48,6,,center_lstm_default,2049,smape_percent,34.19578552246094,34.19578552246094,0.0,True
beijing,48,6,,center_tcn_default,2047,mse_scaled,0.3775545060634613,0.3775545060634613,0.0,True
beijing,48,6,,center_tcn_default,2047,rmse_scaled,0.6144546411765976,0.6144546411765976,0.0,True
beijing,48,6,,center_tcn_default,2047,mae_scaled,0.39838507771492,0.39838507771492004,5.551115123125783e-17,True
beijing,48,6,,center_tcn_default,2047,rmse_ugm3,45.76144027709961,45.76144027709961,0.0,True
beijing,48,6,,center_tcn_default,2047,mae_ugm3,29.66967964172364,29.669679641723633,7.105427357601002e-15,True
beijing,48,6,,center_tcn_default,2047,smape_percent,43.09361267089844,43.09361267089844,0.0,True
beijing,48,6,,center_tcn_default,2048,mse_scaled,0.3697454333305359,0.3697454333305359,0.0,True
beijing,48,6,,center_tcn_default,2048,rmse_scaled,0.6080669645117517,0.6080669645117517,0.0,True
beijing,48,6,,center_tcn_default,2048,mae_scaled,0.3800180852413177,0.38001808524131775,5.551115123125783e-17,True
beijing,48,6,,center_tcn_default,2048,rmse_ugm3,45.28571319580078,45.28571319580078,0.0,True
beijing,48,6,,center_tcn_default,2048,mae_ugm3,28.301801681518555,28.301801681518555,0.0,True
beijing,48,6,,center_tcn_default,2048,smape_percent,42.40657806396485,42.406578063964844,7.105427357601002e-15,True
beijing,48,6,,center_tcn_default,2049,mse_scaled,0.3815948367118835,0.38159483671188354,5.551115123125783e-17,True
beijing,48,6,,center_tcn_default,2049,rmse_scaled,0.6177336292544575,0.6177336292544575,0.0,True
beijing,48,6,,center_tcn_default,2049,mae_scaled,0.409206360578537,0.409206360578537,0.0,True
beijing,48,6,,center_tcn_default,2049,rmse_ugm3,46.00564193725586,46.00564193725586,0.0,True
beijing,48,6,,center_tcn_default,2049,mae_ugm3,30.4755973815918,30.475597381591797,3.552713678800501e-15,True
beijing,48,6,,center_tcn_default,2049,smape_percent,45.00605010986328,45.00605010986328,0.0,True
beijing,48,6,,trad_ar,deterministic,mse_scaled,0.3025634884834289,0.30256348848342896,5.551115123125783e-17,True
beijing,48,6,,trad_ar,deterministic,rmse_scaled,0.5500577137750446,0.5500577137750446,0.0,True
beijing,48,6,,trad_ar,deterministic,mae_scaled,0.3157739043235779,0.3157739043235779,0.0,True
beijing,48,6,,trad_ar,deterministic,rmse_ugm3,40.96548080444336,40.96548080444336,0.0,True
beijing,48,6,,trad_ar,deterministic,mae_ugm3,23.517223358154297,23.517223358154297,0.0,True
beijing,48,6,,trad_ar,deterministic,smape_percent,34.865867614746094,34.865867614746094,0.0,True
beijing,48,6,,trad_climatology,deterministic,mse_scaled,0.9840158224105836,0.9840158224105835,1.1102230246251565e-16,True
beijing,48,6,,trad_climatology,deterministic,rmse_scaled,0.9919757166435998,0.9919757166435998,0.0,True
beijing,48,6,,trad_climatology,deterministic,mae_scaled,0.7510940432548523,0.7510940432548523,0.0,True
beijing,48,6,,trad_climatology,deterministic,rmse_ugm3,73.87727355957031,73.87727355957031,0.0,True
beijing,48,6,,trad_climatology,deterministic,mae_ugm3,55.937644958496094,55.937644958496094,0.0,True
beijing,48,6,,trad_climatology,deterministic,smape_percent,71.46060180664062,71.46060180664062,0.0,True
beijing,48,6,,trad_daily_naive,deterministic,mse_scaled,1.4932105541229248,1.4932105541229248,0.0,True
beijing,48,6,,trad_daily_naive,deterministic,rmse_scaled,1.221969948125945,1.221969948125945,0.0,True
beijing,48,6,,trad_daily_naive,deterministic,mae_scaled,0.8730511665344238,0.8730511665344238,0.0,True
beijing,48,6,,trad_daily_naive,deterministic,rmse_ugm3,91.00606536865234,91.00606536865234,0.0,True
beijing,48,6,,trad_daily_naive,deterministic,mae_ugm3,65.02037811279297,65.02037811279297,0.0,True
beijing,48,6,,trad_daily_naive,deterministic,smape_percent,77.10165405273438,77.10165405273438,0.0,True
beijing,48,6,,trad_persistence,deterministic,mse_scaled,0.3231572210788727,0.3231572210788727,0.0,True
beijing,48,6,,trad_persistence,deterministic,rmse_scaled,0.5684691909671734,0.5684691909671734,0.0,True
beijing,48,6,,trad_persistence,deterministic,mae_scaled,0.3093312680721283,0.3093312680721283,0.0,True
beijing,48,6,,trad_persistence,deterministic,rmse_ugm3,42.33667755126953,42.33667755126953,0.0,True
beijing,48,6,,trad_persistence,deterministic,mae_ugm3,23.03740882873535,23.03740882873535,0.0,True
beijing,48,6,,trad_persistence,deterministic,smape_percent,31.473567962646484,31.473567962646484,0.0,True
beijing,48,6,,trad_ridge,deterministic,mse_scaled,0.3003047406673431,0.30030474066734314,5.551115123125783e-17,True
beijing,48,6,,trad_ridge,deterministic,rmse_scaled,0.5480006757909548,0.5480006757909548,0.0,True
beijing,48,6,,trad_ridge,deterministic,mae_scaled,0.3148321509361267,0.3148321509361267,0.0,True
beijing,48,6,,trad_ridge,deterministic,rmse_ugm3,40.81229019165039,40.81229019165039,0.0,True
beijing,48,6,,trad_ridge,deterministic,mae_ugm3,23.44708633422852,23.447086334228516,3.552713678800501e-15,True
beijing,48,6,,trad_ridge,deterministic,smape_percent,34.92938995361328,34.92938995361328,0.0,True
beijing,72,12,,center_gru_default,2047,mse_scaled,0.4565553367137909,0.4565553367137909,0.0,True
beijing,72,12,,center_gru_default,2047,rmse_scaled,0.6756887868788344,0.6756887868788344,0.0,True
beijing,72,12,,center_gru_default,2047,mae_scaled,0.432308167219162,0.432308167219162,0.0,True
beijing,72,12,,center_gru_default,2047,rmse_ugm3,50.289676666259766,50.289676666259766,0.0,True
beijing,72,12,,center_gru_default,2047,mae_ugm3,32.17551803588867,32.17551803588867,0.0,True
beijing,72,12,,center_gru_default,2047,smape_percent,44.26776885986328,44.26776885986328,0.0,True
beijing,72,12,,center_gru_default,2048,mse_scaled,0.4513463675975799,0.45134636759757996,5.551115123125783e-17,True
beijing,72,12,,center_gru_default,2048,rmse_scaled,0.6718231669104452,0.6718231669104452,0.0,True
beijing,72,12,,center_gru_default,2048,mae_scaled,0.430697351694107,0.43069735169410706,5.551115123125783e-17,True
beijing,72,12,,center_gru_default,2048,rmse_ugm3,50.00196838378906,50.00196838378906,0.0,True
beijing,72,12,,center_gru_default,2048,mae_ugm3,32.05562973022461,32.05562973022461,0.0,True
beijing,72,12,,center_gru_default,2048,smape_percent,44.29312896728516,44.293128967285156,7.105427357601002e-15,True
beijing,72,12,,center_gru_default,2049,mse_scaled,0.4522714018821716,0.45227140188217163,5.551115123125783e-17,True
beijing,72,12,,center_gru_default,2049,rmse_scaled,0.6725112652455508,0.6725112652455508,0.0,True
beijing,72,12,,center_gru_default,2049,mae_scaled,0.4290133118629455,0.42901331186294556,5.551115123125783e-17,True
beijing,72,12,,center_gru_default,2049,rmse_ugm3,50.053184509277344,50.053184509277344,0.0,True
beijing,72,12,,center_gru_default,2049,mae_ugm3,31.93029022216797,31.93029022216797,0.0,True
beijing,72,12,,center_gru_default,2049,smape_percent,43.84986877441406,43.84986877441406,0.0,True
beijing,72,12,,center_lstm_default,2047,mse_scaled,0.5325151681900024,0.5325151681900024,0.0,True
beijing,72,12,,center_lstm_default,2047,rmse_scaled,0.7297363689648492,0.7297363689648492,0.0,True
beijing,72,12,,center_lstm_default,2047,mae_scaled,0.4715564846992492,0.47155648469924927,5.551115123125783e-17,True
beijing,72,12,,center_lstm_default,2047,rmse_ugm3,54.31229019165039,54.31229019165039,0.0,True
beijing,72,12,,center_lstm_default,2047,mae_ugm3,35.0966682434082,35.0966682434082,0.0,True
beijing,72,12,,center_lstm_default,2047,smape_percent,47.90594100952149,47.905941009521484,7.105427357601002e-15,True
beijing,72,12,,center_lstm_default,2048,mse_scaled,0.4884221255779266,0.48842212557792664,5.551115123125783e-17,True
beijing,72,12,,center_lstm_default,2048,rmse_scaled,0.6988720380569869,0.6988720380569869,0.0,True
beijing,72,12,,center_lstm_default,2048,mae_scaled,0.4596143662929535,0.4596143662929535,0.0,True
beijing,72,12,,center_lstm_default,2048,rmse_ugm3,52.01514053344727,52.015140533447266,7.105427357601002e-15,True
beijing,72,12,,center_lstm_default,2048,mae_ugm3,34.20784378051758,34.20784378051758,0.0,True
beijing,72,12,,center_lstm_default,2048,smape_percent,47.29442596435547,47.29442596435547,0.0,True
beijing,72,12,,center_lstm_default,2049,mse_scaled,0.4943258762359619,0.4943258762359619,0.0,True
beijing,72,12,,center_lstm_default,2049,rmse_scaled,0.7030831218539967,0.7030831218539967,0.0,True
beijing,72,12,,center_lstm_default,2049,mae_scaled,0.4634347259998321,0.46343472599983215,5.551115123125783e-17,True
beijing,72,12,,center_lstm_default,2049,rmse_ugm3,52.32856750488281,52.32856750488281,0.0,True
beijing,72,12,,center_lstm_default,2049,mae_ugm3,34.492183685302734,34.492183685302734,0.0,True
beijing,72,12,,center_lstm_default,2049,smape_percent,47.45772933959961,47.45772933959961,0.0,True
beijing,72,12,,center_tcn_default,2047,mse_scaled,0.6032536625862122,0.6032536625862122,0.0,True
beijing,72,12,,center_tcn_default,2047,rmse_scaled,0.7766940598370842,0.7766940598370842,0.0,True
beijing,72,12,,center_tcn_default,2047,mae_scaled,0.5202133059501648,0.5202133059501648,0.0,True
beijing,72,12,,center_tcn_default,2047,rmse_ugm3,57.80722427368164,57.80722427368164,0.0,True
beijing,72,12,,center_tcn_default,2047,mae_ugm3,38.71805953979492,38.71805953979492,0.0,True
beijing,72,12,,center_tcn_default,2047,smape_percent,53.87815856933594,53.87815856933594,0.0,True
beijing,72,12,,center_tcn_default,2048,mse_scaled,0.6076213121414185,0.6076213121414185,0.0,True
beijing,72,12,,center_tcn_default,2048,rmse_scaled,0.7795006812963144,0.7795006812963144,0.0,True
beijing,72,12,,center_tcn_default,2048,mae_scaled,0.5275858640670776,0.5275858640670776,0.0,True
beijing,72,12,,center_tcn_default,2048,rmse_ugm3,58.01611328125,58.01611328125,0.0,True
beijing,72,12,,center_tcn_default,2048,mae_ugm3,39.26677703857422,39.26677703857422,0.0,True
beijing,72,12,,center_tcn_default,2048,smape_percent,54.724700927734375,54.724700927734375,0.0,True
beijing,72,12,,center_tcn_default,2049,mse_scaled,0.5702412724494934,0.5702412724494934,0.0,True
beijing,72,12,,center_tcn_default,2049,rmse_scaled,0.7551432132049479,0.7551432132049479,0.0,True
beijing,72,12,,center_tcn_default,2049,mae_scaled,0.5154626369476318,0.5154626369476318,0.0,True
beijing,72,12,,center_tcn_default,2049,rmse_ugm3,56.20325469970703,56.20325469970703,0.0,True
beijing,72,12,,center_tcn_default,2049,mae_ugm3,38.36447525024414,38.36447525024414,0.0,True
beijing,72,12,,center_tcn_default,2049,smape_percent,53.32829284667969,53.32829284667969,0.0,True
beijing,72,12,,trad_ar,deterministic,mse_scaled,0.4725355803966522,0.4725355803966522,0.0,True
beijing,72,12,,trad_ar,deterministic,rmse_scaled,0.6874122346864742,0.6874122346864742,0.0,True
beijing,72,12,,trad_ar,deterministic,mae_scaled,0.4367698729038238,0.43676987290382385,5.551115123125783e-17,True
beijing,72,12,,trad_ar,deterministic,rmse_ugm3,51.16222381591797,51.16222381591797,0.0,True
beijing,72,12,,trad_ar,deterministic,mae_ugm3,32.507591247558594,32.507591247558594,0.0,True
beijing,72,12,,trad_ar,deterministic,smape_percent,45.39082336425781,45.39082336425781,0.0,True
beijing,72,12,,trad_climatology,deterministic,mse_scaled,0.9876380562782288,0.9876380562782288,0.0,True
beijing,72,12,,trad_climatology,deterministic,rmse_scaled,0.993799806942137,0.993799806942137,0.0,True
beijing,72,12,,trad_climatology,deterministic,mae_scaled,0.7532548308372498,0.7532548308372498,0.0,True
beijing,72,12,,trad_climatology,deterministic,rmse_ugm3,73.96581268310547,73.96581268310547,0.0,True
beijing,72,12,,trad_climatology,deterministic,mae_ugm3,56.06270217895508,56.06270217895508,0.0,True
beijing,72,12,,trad_climatology,deterministic,smape_percent,71.5619888305664,71.5619888305664,0.0,True
beijing,72,12,,trad_daily_naive,deterministic,mse_scaled,1.489940881729126,1.489940881729126,0.0,True
beijing,72,12,,trad_daily_naive,deterministic,rmse_scaled,1.220631345545872,1.220631345545872,0.0,True
beijing,72,12,,trad_daily_naive,deterministic,mae_scaled,0.8724715113639832,0.8724715113639832,0.0,True
beijing,72,12,,trad_daily_naive,deterministic,rmse_ugm3,90.8482666015625,90.8482666015625,0.0,True
beijing,72,12,,trad_daily_naive,deterministic,mae_ugm3,64.93567657470703,64.93567657470703,0.0,True
beijing,72,12,,trad_daily_naive,deterministic,smape_percent,77.1077651977539,77.1077651977539,0.0,True
beijing,72,12,,trad_persistence,deterministic,mse_scaled,0.553827166557312,0.553827166557312,0.0,True
beijing,72,12,,trad_persistence,deterministic,rmse_scaled,0.7441956507245336,0.7441956507245336,0.0,True
beijing,72,12,,trad_persistence,deterministic,mae_scaled,0.4396231174468994,0.4396231174468994,0.0,True
beijing,72,12,,trad_persistence,deterministic,rmse_ugm3,55.388458251953125,55.388458251953125,0.0,True
beijing,72,12,,trad_persistence,deterministic,mae_ugm3,32.71995162963867,32.71995162963867,0.0,True
beijing,72,12,,trad_persistence,deterministic,smape_percent,42.83939743041992,42.83939743041992,0.0,True
beijing,72,12,,trad_ridge,deterministic,mse_scaled,0.4623033404350281,0.4623033404350281,0.0,True
beijing,72,12,,trad_ridge,deterministic,rmse_scaled,0.679928923075808,0.679928923075808,0.0,True
beijing,72,12,,trad_ridge,deterministic,mae_scaled,0.4276635348796844,0.42766353487968445,5.551115123125783e-17,True
beijing,72,12,,trad_ridge,deterministic,rmse_ugm3,50.605262756347656,50.605262756347656,0.0,True
beijing,72,12,,trad_ridge,deterministic,mae_ugm3,31.8298282623291,31.8298282623291,0.0,True
beijing,72,12,,trad_ridge,deterministic,smape_percent,44.52983474731445,44.52983474731445,0.0,True
beijing,72,1,,center_gru_default,2047,mse_scaled,0.0815936550498008,0.08159365504980087,6.938893903907228e-17,True
beijing,72,1,,center_gru_default,2047,rmse_scaled,0.2856460310415687,0.28564603104156877,5.551115123125783e-17,True
beijing,72,1,,center_gru_default,2047,mae_scaled,0.1348239183425903,0.13482391834259033,2.7755575615628914e-17,True
beijing,72,1,,center_gru_default,2047,rmse_ugm3,21.263334274291992,21.263334274291992,0.0,True
beijing,72,1,,center_gru_default,2047,mae_ugm3,10.036219596862791,10.036219596862793,1.7763568394002505e-15,True
beijing,72,1,,center_gru_default,2047,smape_percent,16.11370277404785,16.11370277404785,0.0,True
beijing,72,1,,center_gru_default,2048,mse_scaled,0.0822847783565521,0.08228477835655212,2.7755575615628914e-17,True
beijing,72,1,,center_gru_default,2048,rmse_scaled,0.2868532348720372,0.2868532348720372,0.0,True
beijing,72,1,,center_gru_default,2048,mae_scaled,0.1341920793056488,0.1341920793056488,0.0,True
beijing,72,1,,center_gru_default,2048,rmse_ugm3,21.35319709777832,21.35319709777832,0.0,True
beijing,72,1,,center_gru_default,2048,mae_ugm3,9.989184379577637,9.989184379577637,0.0,True
beijing,72,1,,center_gru_default,2048,smape_percent,16.269393920898438,16.269393920898438,0.0,True
beijing,72,1,,center_gru_default,2049,mse_scaled,0.0830499902367591,0.08304999023675919,8.326672684688674e-17,True
beijing,72,1,,center_gru_default,2049,rmse_scaled,0.2881839520805404,0.2881839520805404,0.0,True
beijing,72,1,,center_gru_default,2049,mae_scaled,0.133929967880249,0.13392996788024902,2.7755575615628914e-17,True
beijing,72,1,,center_gru_default,2049,rmse_ugm3,21.45225715637207,21.45225715637207,0.0,True
beijing,72,1,,center_gru_default,2049,mae_ugm3,9.969674110412598,9.969674110412598,0.0,True
beijing,72,1,,center_gru_default,2049,smape_percent,16.51243019104004,16.51243019104004,0.0,True
beijing,72,1,,center_lstm_default,2047,mse_scaled,0.0817083567380905,0.08170835673809052,1.3877787807814457e-17,True
beijing,72,1,,center_lstm_default,2047,rmse_scaled,0.2858467364482066,0.28584673644820663,5.551115123125783e-17,True
beijing,72,1,,center_lstm_default,2047,mae_scaled,0.1345334500074386,0.13453345000743866,5.551115123125783e-17,True
beijing,72,1,,center_lstm_default,2047,rmse_ugm3,21.27827453613281,21.278274536132812,3.552713678800501e-15,True
beijing,72,1,,center_lstm_default,2047,mae_ugm3,10.014595985412598,10.014595985412598,0.0,True
beijing,72,1,,center_lstm_default,2047,smape_percent,15.43734073638916,15.43734073638916,0.0,True
beijing,72,1,,center_lstm_default,2048,mse_scaled,0.0803742259740829,0.08037422597408295,4.163336342344337e-17,True
beijing,72,1,,center_lstm_default,2048,rmse_scaled,0.2835034849416898,0.2835034849416898,0.0,True
beijing,72,1,,center_lstm_default,2048,mae_scaled,0.1363862603902816,0.13638626039028168,8.326672684688674e-17,True
beijing,72,1,,center_lstm_default,2048,rmse_ugm3,21.103843688964844,21.103843688964844,0.0,True
beijing,72,1,,center_lstm_default,2048,mae_ugm3,10.15251922607422,10.152519226074219,1.7763568394002505e-15,True
beijing,72,1,,center_lstm_default,2048,smape_percent,16.455055236816406,16.455055236816406,0.0,True
beijing,72,1,,center_lstm_default,2049,mse_scaled,0.0807625725865364,0.08076257258653641,1.3877787807814457e-17,True
beijing,72,1,,center_lstm_default,2049,rmse_scaled,0.2841875658549058,0.2841875658549058,0.0,True
beijing,72,1,,center_lstm_default,2049,mae_scaled,0.1356199383735656,0.13561993837356567,8.326672684688674e-17,True
beijing,72,1,,center_lstm_default,2049,rmse_ugm3,21.154767990112305,21.154767990112305,0.0,True
beijing,72,1,,center_lstm_default,2049,mae_ugm3,10.095474243164062,10.095474243164062,0.0,True
beijing,72,1,,center_lstm_default,2049,smape_percent,16.176410675048828,16.176410675048828,0.0,True
beijing,72,1,,center_tcn_default,2047,mse_scaled,0.2372829914093017,0.23728299140930176,5.551115123125783e-17,True
beijing,72,1,,center_tcn_default,2047,rmse_scaled,0.4871170202418529,0.48711702024185294,5.551115123125783e-17,True
beijing,72,1,,center_tcn_default,2047,mae_scaled,0.3014246225357055,0.30142462253570557,5.551115123125783e-17,True
beijing,72,1,,center_tcn_default,2047,rmse_ugm3,36.26072692871094,36.26072692871094,0.0,True
beijing,72,1,,center_tcn_default,2047,mae_ugm3,22.43788146972656,22.437881469726562,3.552713678800501e-15,True
beijing,72,1,,center_tcn_default,2047,smape_percent,38.94504165649414,38.94504165649414,0.0,True
beijing,72,1,,center_tcn_default,2048,mse_scaled,0.267846405506134,0.26784640550613403,5.551115123125783e-17,True
beijing,72,1,,center_tcn_default,2048,rmse_scaled,0.5175387961362259,0.5175387961362259,0.0,True
beijing,72,1,,center_tcn_default,2048,mae_scaled,0.3256406188011169,0.32564061880111694,5.551115123125783e-17,True
beijing,72,1,,center_tcn_default,2048,rmse_ugm3,38.52530670166016,38.525306701660156,7.105427357601002e-15,True
beijing,72,1,,center_tcn_default,2048,mae_ugm3,24.24051094055176,24.240510940551758,3.552713678800501e-15,True
beijing,72,1,,center_tcn_default,2048,smape_percent,39.75920104980469,39.75920104980469,0.0,True
beijing,72,1,,center_tcn_default,2049,mse_scaled,0.2031605392694473,0.20316053926944733,2.7755575615628914e-17,True
beijing,72,1,,center_tcn_default,2049,rmse_scaled,0.4507333349880473,0.45073333498804735,5.551115123125783e-17,True
beijing,72,1,,center_tcn_default,2049,mae_scaled,0.2910130321979522,0.29101303219795227,5.551115123125783e-17,True
beijing,72,1,,center_tcn_default,2049,rmse_ugm3,33.552345275878906,33.552345275878906,0.0,True
beijing,72,1,,center_tcn_default,2049,mae_ugm3,21.66284942626953,21.66284942626953,0.0,True
beijing,72,1,,center_tcn_default,2049,smape_percent,35.80976867675781,35.80976867675781,0.0,True
beijing,72,1,,trad_ar,deterministic,mse_scaled,0.0882790312170982,0.08827903121709824,4.163336342344337e-17,True
beijing,72,1,,trad_ar,deterministic,rmse_scaled,0.2971178742807275,0.29711787428072756,5.551115123125783e-17,True
beijing,72,1,,trad_ar,deterministic,mae_scaled,0.1355585157871246,0.13555851578712463,2.7755575615628914e-17,True
beijing,72,1,,trad_ar,deterministic,rmse_ugm3,22.11729049682617,22.117290496826172,3.552713678800501e-15,True
beijing,72,1,,trad_ar,deterministic,mae_ugm3,10.090902328491213,10.090902328491211,1.7763568394002505e-15,True
beijing,72,1,,trad_ar,deterministic,smape_percent,16.691402435302734,16.691402435302734,0.0,True
beijing,72,1,,trad_climatology,deterministic,mse_scaled,0.9863595366477966,0.9863595366477966,0.0,True
beijing,72,1,,trad_climatology,deterministic,rmse_scaled,0.9931563505550356,0.9931563505550355,1.1102230246251565e-16,True
beijing,72,1,,trad_climatology,deterministic,mae_scaled,0.7522835731506348,0.7522835731506348,0.0,True
beijing,72,1,,trad_climatology,deterministic,rmse_ugm3,73.93001556396484,73.93001556396484,0.0,True
beijing,72,1,,trad_climatology,deterministic,mae_ugm3,55.99958038330078,55.99958038330078,0.0,True
beijing,72,1,,trad_climatology,deterministic,smape_percent,71.42414093017578,71.42414093017578,0.0,True
beijing,72,1,,trad_daily_naive,deterministic,mse_scaled,1.4791384935379028,1.4791384935379028,0.0,True
beijing,72,1,,trad_daily_naive,deterministic,rmse_scaled,1.2161983775428673,1.2161983775428673,0.0,True
beijing,72,1,,trad_daily_naive,deterministic,mae_scaled,0.8699156045913696,0.8699156045913696,0.0,True
beijing,72,1,,trad_daily_naive,deterministic,rmse_ugm3,90.53314208984376,90.53314208984375,1.4210854715202004e-14,True
beijing,72,1,,trad_daily_naive,deterministic,mae_ugm3,64.75604248046875,64.75604248046875,0.0,True
beijing,72,1,,trad_daily_naive,deterministic,smape_percent,76.96451568603516,76.96451568603516,0.0,True
beijing,72,1,,trad_persistence,deterministic,mse_scaled,0.0877293869853019,0.08772938698530197,6.938893903907228e-17,True
beijing,72,1,,trad_persistence,deterministic,rmse_scaled,0.2961914701427136,0.2961914701427136,0.0,True
beijing,72,1,,trad_persistence,deterministic,mae_scaled,0.136501595377922,0.13650159537792206,5.551115123125783e-17,True
beijing,72,1,,trad_persistence,deterministic,rmse_ugm3,22.04833030700684,22.048330307006836,3.552713678800501e-15,True
beijing,72,1,,trad_persistence,deterministic,mae_ugm3,10.161105155944824,10.161105155944824,0.0,True
beijing,72,1,,trad_persistence,deterministic,smape_percent,15.203777313232422,15.203777313232422,0.0,True
beijing,72,1,,trad_ridge,deterministic,mse_scaled,0.0890779942274093,0.08907799422740936,6.938893903907228e-17,True
beijing,72,1,,trad_ridge,deterministic,rmse_scaled,0.2984593677997214,0.2984593677997214,0.0,True
beijing,72,1,,trad_ridge,deterministic,mae_scaled,0.1381546705961227,0.13815467059612274,5.551115123125783e-17,True
beijing,72,1,,trad_ridge,deterministic,rmse_ugm3,22.217151641845703,22.217151641845703,0.0,True
beijing,72,1,,trad_ridge,deterministic,mae_ugm3,10.28415870666504,10.284158706665039,1.7763568394002505e-15,True
beijing,72,1,,trad_ridge,deterministic,smape_percent,17.247148513793945,17.247148513793945,0.0,True
beijing,72,24,,center_gru_default,2047,mse_scaled,0.6405011415481567,0.6405011415481567,0.0,True
beijing,72,24,,center_gru_default,2047,rmse_scaled,0.800313152177419,0.800313152177419,0.0,True
beijing,72,24,,center_gru_default,2047,mae_scaled,0.5566432476043701,0.5566432476043701,0.0,True
beijing,72,24,,center_gru_default,2047,rmse_ugm3,59.55198287963867,59.55198287963867,0.0,True
beijing,72,24,,center_gru_default,2047,mae_ugm3,41.42029571533203,41.42029571533203,0.0,True
beijing,72,24,,center_gru_default,2047,smape_percent,55.04792785644531,55.04792785644531,0.0,True
beijing,72,24,,center_gru_default,2048,mse_scaled,0.6414898633956909,0.6414898633956909,0.0,True
beijing,72,24,,center_gru_default,2048,rmse_scaled,0.8009306233349371,0.8009306233349371,0.0,True
beijing,72,24,,center_gru_default,2048,mae_scaled,0.5568574070930481,0.5568574070930481,0.0,True
beijing,72,24,,center_gru_default,2048,rmse_ugm3,59.59792709350586,59.59792709350586,0.0,True
beijing,72,24,,center_gru_default,2048,mae_ugm3,41.43623733520508,41.43623733520508,0.0,True
beijing,72,24,,center_gru_default,2048,smape_percent,54.90645217895508,54.90645217895508,0.0,True
beijing,72,24,,center_gru_default,2049,mse_scaled,0.6435408592224121,0.6435408592224121,0.0,True
beijing,72,24,,center_gru_default,2049,rmse_scaled,0.8022099844943418,0.8022099844943418,0.0,True
beijing,72,24,,center_gru_default,2049,mae_scaled,0.558344841003418,0.558344841003418,0.0,True
beijing,72,24,,center_gru_default,2049,rmse_ugm3,59.6931266784668,59.6931266784668,0.0,True
beijing,72,24,,center_gru_default,2049,mae_ugm3,41.54690933227539,41.54690933227539,0.0,True
beijing,72,24,,center_gru_default,2049,smape_percent,55.03260040283203,55.03260040283203,0.0,True
beijing,72,24,,center_lstm_default,2047,mse_scaled,0.7241408228874207,0.7241408228874207,0.0,True
beijing,72,24,,center_lstm_default,2047,rmse_scaled,0.8509646425600894,0.8509646425600894,0.0,True
beijing,72,24,,center_lstm_default,2047,mae_scaled,0.5824794769287109,0.5824794769287109,0.0,True
beijing,72,24,,center_lstm_default,2047,rmse_ugm3,63.32100296020508,63.32100296020508,0.0,True
beijing,72,24,,center_lstm_default,2047,mae_ugm3,43.34279251098633,43.34279251098633,0.0,True
beijing,72,24,,center_lstm_default,2047,smape_percent,56.16065216064453,56.16065216064453,0.0,True
beijing,72,24,,center_lstm_default,2048,mse_scaled,0.6712936758995056,0.6712936758995056,0.0,True
beijing,72,24,,center_lstm_default,2048,rmse_scaled,0.8193251344243662,0.8193251344243662,0.0,True
beijing,72,24,,center_lstm_default,2048,mae_scaled,0.5627408623695374,0.5627408623695374,0.0,True
beijing,72,24,,center_lstm_default,2048,rmse_ugm3,60.96668243408203,60.96668243408203,0.0,True
beijing,72,24,,center_lstm_default,2048,mae_ugm3,41.87402725219727,41.874027252197266,7.105427357601002e-15,True
beijing,72,24,,center_lstm_default,2048,smape_percent,54.78413009643555,54.78413009643555,0.0,True
beijing,72,24,,center_lstm_default,2049,mse_scaled,0.6632041335105896,0.6632041335105896,0.0,True
beijing,72,24,,center_lstm_default,2049,rmse_scaled,0.8143734607111098,0.8143734607111098,0.0,True
beijing,72,24,,center_lstm_default,2049,mae_scaled,0.573573648929596,0.573573648929596,0.0,True
beijing,72,24,,center_lstm_default,2049,rmse_ugm3,60.59822082519531,60.59822082519531,0.0,True
beijing,72,24,,center_lstm_default,2049,mae_ugm3,42.68010330200195,42.68010330200195,0.0,True
beijing,72,24,,center_lstm_default,2049,smape_percent,56.34815216064453,56.34815216064453,0.0,True
beijing,72,24,,center_tcn_default,2047,mse_scaled,0.7809847593307495,0.7809847593307495,0.0,True
beijing,72,24,,center_tcn_default,2047,rmse_scaled,0.8837334209651401,0.8837334209651401,0.0,True
beijing,72,24,,center_tcn_default,2047,mae_scaled,0.6455027461051941,0.6455027461051941,0.0,True
beijing,72,24,,center_tcn_default,2047,rmse_ugm3,65.75934600830078,65.75934600830078,0.0,True
beijing,72,24,,center_tcn_default,2047,mae_ugm3,48.03240585327149,48.032405853271484,7.105427357601002e-15,True
beijing,72,24,,center_tcn_default,2047,smape_percent,62.16399002075195,62.16399002075195,0.0,True
beijing,72,24,,center_tcn_default,2048,mse_scaled,0.7581005692481995,0.7581005692481995,0.0,True
beijing,72,24,,center_tcn_default,2048,rmse_scaled,0.8706897089366564,0.8706897089366564,0.0,True
beijing,72,24,,center_tcn_default,2048,mae_scaled,0.6298556327819824,0.6298556327819824,0.0,True
beijing,72,24,,center_tcn_default,2048,rmse_ugm3,64.78876495361328,64.78876495361328,0.0,True
beijing,72,24,,center_tcn_default,2048,mae_ugm3,46.86809539794922,46.86809539794922,0.0,True
beijing,72,24,,center_tcn_default,2048,smape_percent,61.86909103393555,61.86909103393555,0.0,True
beijing,72,24,,center_tcn_default,2049,mse_scaled,0.7782880067825317,0.7782880067825317,0.0,True
beijing,72,24,,center_tcn_default,2049,rmse_scaled,0.8822063289177491,0.8822063289177491,0.0,True
beijing,72,24,,center_tcn_default,2049,mae_scaled,0.6263760328292847,0.6263760328292847,0.0,True
beijing,72,24,,center_tcn_default,2049,rmse_ugm3,65.64572143554688,65.64572143554688,0.0,True
beijing,72,24,,center_tcn_default,2049,mae_ugm3,46.60917282104492,46.60917282104492,0.0,True
beijing,72,24,,center_tcn_default,2049,smape_percent,61.910491943359375,61.910491943359375,0.0,True
beijing,72,24,,trad_ar,deterministic,mse_scaled,0.6624610424041748,0.6624610424041748,0.0,True
beijing,72,24,,trad_ar,deterministic,rmse_scaled,0.8139170979922801,0.8139170979922801,0.0,True
beijing,72,24,,trad_ar,deterministic,mae_scaled,0.5582587718963623,0.5582587718963623,0.0,True
beijing,72,24,,trad_ar,deterministic,rmse_ugm3,60.56426239013672,60.56426239013672,0.0,True
beijing,72,24,,trad_ar,deterministic,mae_ugm3,41.54051208496094,41.54051208496094,0.0,True
beijing,72,24,,trad_ar,deterministic,smape_percent,55.09796905517578,55.09796905517578,0.0,True
beijing,72,24,,trad_climatology,deterministic,mse_scaled,0.9886146783828736,0.9886146783828735,1.1102230246251565e-16,True
beijing,72,24,,trad_climatology,deterministic,rmse_scaled,0.9942910430969764,0.9942910430969765,1.1102230246251565e-16,True
beijing,72,24,,trad_climatology,deterministic,mae_scaled,0.7540781497955322,0.7540781497955322,0.0,True
beijing,72,24,,trad_climatology,deterministic,rmse_ugm3,73.98603820800781,73.98603820800781,0.0,True
beijing,72,24,,trad_climatology,deterministic,mae_ugm3,56.11159896850586,56.11159896850586,0.0,True
beijing,72,24,,trad_climatology,deterministic,smape_percent,71.73368072509766,71.73368072509766,0.0,True
beijing,72,24,,trad_daily_naive,deterministic,mse_scaled,1.5149948596954346,1.5149948596954346,0.0,True
beijing,72,24,,trad_daily_naive,deterministic,rmse_scaled,1.230851274401353,1.230851274401353,0.0,True
beijing,72,24,,trad_daily_naive,deterministic,mae_scaled,0.8797097206115723,0.8797097206115723,0.0,True
beijing,72,24,,trad_daily_naive,deterministic,rmse_ugm3,91.58869934082033,91.58869934082031,1.4210854715202004e-14,True
beijing,72,24,,trad_daily_naive,deterministic,mae_ugm3,65.45994567871094,65.45994567871094,0.0,True
beijing,72,24,,trad_daily_naive,deterministic,smape_percent,77.4831771850586,77.4831771850586,0.0,True
beijing,72,24,,trad_persistence,deterministic,mse_scaled,0.8978809118270874,0.8978809118270874,0.0,True
beijing,72,24,,trad_persistence,deterministic,rmse_scaled,0.9475657823217802,0.9475657823217802,0.0,True
beijing,72,24,,trad_persistence,deterministic,mae_scaled,0.6075857877731323,0.6075857877731323,0.0,True
beijing,72,24,,trad_persistence,deterministic,rmse_ugm3,70.5091781616211,70.5091781616211,0.0,True
beijing,72,24,,trad_persistence,deterministic,mae_ugm3,45.210975646972656,45.210975646972656,0.0,True
beijing,72,24,,trad_persistence,deterministic,smape_percent,56.512474060058594,56.512474060058594,0.0,True
beijing,72,24,,trad_ridge,deterministic,mse_scaled,0.6519591808319092,0.6519591808319092,0.0,True
beijing,72,24,,trad_ridge,deterministic,rmse_scaled,0.8074398930148975,0.8074398930148975,0.0,True
beijing,72,24,,trad_ridge,deterministic,mae_scaled,0.5485053062438965,0.5485053062438965,0.0,True
beijing,72,24,,trad_ridge,deterministic,rmse_ugm3,60.08229064941406,60.08229064941406,0.0,True
beijing,72,24,,trad_ridge,deterministic,mae_ugm3,40.814754486083984,40.814754486083984,0.0,True
beijing,72,24,,trad_ridge,deterministic,smape_percent,54.44484329223633,54.44484329223633,0.0,True
beijing,72,3,,center_gru_default,2047,mse_scaled,0.1763224750757217,0.17632247507572174,2.7755575615628914e-17,True
beijing,72,3,,center_gru_default,2047,rmse_scaled,0.4199076982810886,0.4199076982810886,0.0,True
beijing,72,3,,center_gru_default,2047,mae_scaled,0.2219228446483612,0.2219228446483612,0.0,True
beijing,72,3,,center_gru_default,2047,rmse_ugm3,31.255599975585938,31.255599975585938,0.0,True
beijing,72,3,,center_gru_default,2047,mae_ugm3,16.518705368041992,16.518705368041992,0.0,True
beijing,72,3,,center_gru_default,2047,smape_percent,25.165372848510746,25.165372848510742,3.552713678800501e-15,True
beijing,72,3,,center_gru_default,2048,mse_scaled,0.1758614182472229,0.1758614182472229,0.0,True
beijing,72,3,,center_gru_default,2048,rmse_scaled,0.4193583410965172,0.41935834109651726,5.551115123125783e-17,True
beijing,72,3,,center_gru_default,2048,mae_scaled,0.2177700251340866,0.2177700251340866,0.0,True
beijing,72,3,,center_gru_default,2048,rmse_ugm3,31.214710235595703,31.214710235595703,0.0,True
beijing,72,3,,center_gru_default,2048,mae_ugm3,16.209592819213867,16.209592819213867,0.0,True
beijing,72,3,,center_gru_default,2048,smape_percent,24.145381927490234,24.145381927490234,0.0,True
beijing,72,3,,center_gru_default,2049,mse_scaled,0.1784414201974868,0.17844142019748688,8.326672684688674e-17,True
beijing,72,3,,center_gru_default,2049,rmse_scaled,0.4224232713730232,0.42242327137302327,5.551115123125783e-17,True
beijing,72,3,,center_gru_default,2049,mae_scaled,0.2199492305517196,0.21994923055171967,5.551115123125783e-17,True
beijing,72,3,,center_gru_default,2049,rmse_ugm3,31.442846298217773,31.442846298217773,0.0,True
beijing,72,3,,center_gru_default,2049,mae_ugm3,16.371801376342773,16.371801376342773,0.0,True
beijing,72,3,,center_gru_default,2049,smape_percent,24.12991523742676,24.129915237426758,3.552713678800501e-15,True
beijing,72,3,,center_lstm_default,2047,mse_scaled,0.1846298724412918,0.1846298724412918,0.0,True
beijing,72,3,,center_lstm_default,2047,rmse_scaled,0.4296857833828015,0.4296857833828015,0.0,True
beijing,72,3,,center_lstm_default,2047,mae_scaled,0.2363642305135727,0.2363642305135727,0.0,True
beijing,72,3,,center_lstm_default,2047,rmse_ugm3,31.983428955078125,31.983428955078125,0.0,True
beijing,72,3,,center_lstm_default,2047,mae_ugm3,17.59364128112793,17.59364128112793,0.0,True
beijing,72,3,,center_lstm_default,2047,smape_percent,25.7015438079834,25.7015438079834,0.0,True
beijing,72,3,,center_lstm_default,2048,mse_scaled,0.1816008687019348,0.18160086870193481,2.7755575615628914e-17,True
beijing,72,3,,center_lstm_default,2048,rmse_scaled,0.4261465343070794,0.42614653430707944,5.551115123125783e-17,True
beijing,72,3,,center_lstm_default,2048,mae_scaled,0.2348740100860595,0.23487401008605957,8.326672684688674e-17,True
beijing,72,3,,center_lstm_default,2048,rmse_ugm3,31.719985961914062,31.719985961914062,0.0,True
beijing,72,3,,center_lstm_default,2048,mae_ugm3,17.482717514038086,17.482717514038086,0.0,True
beijing,72,3,,center_lstm_default,2048,smape_percent,26.384750366210938,26.384750366210938,0.0,True
beijing,72,3,,center_lstm_default,2049,mse_scaled,0.1839039474725723,0.18390394747257233,2.7755575615628914e-17,True
beijing,72,3,,center_lstm_default,2049,rmse_scaled,0.4288402353704376,0.4288402353704376,0.0,True
beijing,72,3,,center_lstm_default,2049,mae_scaled,0.2301519364118576,0.2301519364118576,0.0,True
beijing,72,3,,center_lstm_default,2049,rmse_ugm3,31.920488357543945,31.920488357543945,0.0,True
beijing,72,3,,center_lstm_default,2049,mae_ugm3,17.131235122680664,17.131235122680664,0.0,True
beijing,72,3,,center_lstm_default,2049,smape_percent,25.143150329589844,25.143150329589844,0.0,True
beijing,72,3,,center_tcn_default,2047,mse_scaled,0.319164514541626,0.319164514541626,0.0,True
beijing,72,3,,center_tcn_default,2047,rmse_scaled,0.564946470509929,0.564946470509929,0.0,True
beijing,72,3,,center_tcn_default,2047,mae_scaled,0.3702790141105652,0.3702790141105652,0.0,True
beijing,72,3,,center_tcn_default,2047,rmse_ugm3,42.05148315429688,42.051483154296875,7.105427357601002e-15,True
beijing,72,3,,center_tcn_default,2047,mae_ugm3,27.56151962280273,27.561519622802734,3.552713678800501e-15,True
beijing,72,3,,center_tcn_default,2047,smape_percent,42.08959197998047,42.08959197998047,0.0,True
beijing,72,3,,center_tcn_default,2048,mse_scaled,0.3038221001625061,0.3038221001625061,0.0,True
beijing,72,3,,center_tcn_default,2048,rmse_scaled,0.5512005988408449,0.5512005988408449,0.0,True
beijing,72,3,,center_tcn_default,2048,mae_scaled,0.3434202373027801,0.34342023730278015,5.551115123125783e-17,True
beijing,72,3,,center_tcn_default,2048,rmse_ugm3,41.028316497802734,41.028316497802734,0.0,True
beijing,72,3,,center_tcn_default,2048,mae_ugm3,25.56229591369629,25.56229591369629,0.0,True
beijing,72,3,,center_tcn_default,2048,smape_percent,37.9930534362793,37.9930534362793,0.0,True
beijing,72,3,,center_tcn_default,2049,mse_scaled,0.3268105089664459,0.3268105089664459,0.0,True
beijing,72,3,,center_tcn_default,2049,rmse_scaled,0.5716734285992711,0.5716734285992711,0.0,True
beijing,72,3,,center_tcn_default,2049,mae_scaled,0.3743117451667785,0.37431174516677856,5.551115123125783e-17,True
beijing,72,3,,center_tcn_default,2049,rmse_ugm3,42.55220031738281,42.55220031738281,0.0,True
beijing,72,3,,center_tcn_default,2049,mae_ugm3,27.8616886138916,27.8616886138916,0.0,True
beijing,72,3,,center_tcn_default,2049,smape_percent,51.08263397216797,51.08263397216797,0.0,True
beijing,72,3,,trad_ar,deterministic,mse_scaled,0.1874729990959167,0.18747299909591675,5.551115123125783e-17,True
beijing,72,3,,trad_ar,deterministic,rmse_scaled,0.4329815228112127,0.43298152281121277,5.551115123125783e-17,True
beijing,72,3,,trad_ar,deterministic,mae_scaled,0.2229742109775543,0.22297421097755432,2.7755575615628914e-17,True
beijing,72,3,,trad_ar,deterministic,rmse_ugm3,32.22874450683594,32.22874450683594,0.0,True
beijing,72,3,,trad_ar,deterministic,mae_ugm3,16.596961975097656,16.596961975097656,0.0,True
beijing,72,3,,trad_ar,deterministic,smape_percent,25.59577751159668,25.59577751159668,0.0,True
beijing,72,3,,trad_climatology,deterministic,mse_scaled,0.9863197207450868,0.9863197207450867,1.1102230246251565e-16,True
beijing,72,3,,trad_climatology,deterministic,rmse_scaled,0.9931363052195236,0.9931363052195236,0.0,True
beijing,72,3,,trad_climatology,deterministic,mae_scaled,0.7522140145301819,0.7522140145301819,0.0,True
beijing,72,3,,trad_climatology,deterministic,rmse_ugm3,73.9235610961914,73.9235610961914,0.0,True
beijing,72,3,,trad_climatology,deterministic,mae_ugm3,55.99064254760742,55.99064254760742,0.0,True
beijing,72,3,,trad_climatology,deterministic,smape_percent,71.43433380126953,71.43433380126953,0.0,True
beijing,72,3,,trad_daily_naive,deterministic,mse_scaled,1.4792513847351074,1.4792513847351074,0.0,True
beijing,72,3,,trad_daily_naive,deterministic,rmse_scaled,1.2162447881635947,1.2162447881635947,0.0,True
beijing,72,3,,trad_daily_naive,deterministic,mae_scaled,0.8698220252990723,0.8698220252990723,0.0,True
beijing,72,3,,trad_daily_naive,deterministic,rmse_ugm3,90.530517578125,90.530517578125,0.0,True
beijing,72,3,,trad_daily_naive,deterministic,mae_ugm3,64.7447280883789,64.7447280883789,0.0,True
beijing,72,3,,trad_daily_naive,deterministic,smape_percent,76.97564697265625,76.97564697265625,0.0,True
beijing,72,3,,trad_persistence,deterministic,mse_scaled,0.1904791593551635,0.19047915935516357,8.326672684688674e-17,True
beijing,72,3,,trad_persistence,deterministic,rmse_scaled,0.4364391817368871,0.4364391817368871,0.0,True
beijing,72,3,,trad_persistence,deterministic,mae_scaled,0.2202311903238296,0.22023119032382965,5.551115123125783e-17,True
beijing,72,3,,trad_persistence,deterministic,rmse_ugm3,32.486114501953125,32.486114501953125,0.0,True
beijing,72,3,,trad_persistence,deterministic,mae_ugm3,16.39278793334961,16.39278793334961,0.0,True
beijing,72,3,,trad_persistence,deterministic,smape_percent,23.03390121459961,23.03390121459961,0.0,True
beijing,72,3,,trad_ridge,deterministic,mse_scaled,0.1852189302444458,0.1852189302444458,0.0,True
beijing,72,3,,trad_ridge,deterministic,rmse_scaled,0.4303706893416951,0.4303706893416951,0.0,True
beijing,72,3,,trad_ridge,deterministic,mae_scaled,0.2237424552440643,0.22374245524406433,2.7755575615628914e-17,True
beijing,72,3,,trad_ridge,deterministic,rmse_ugm3,32.03440856933594,32.03440856933594,0.0,True
beijing,72,3,,trad_ridge,deterministic,mae_ugm3,16.654150009155273,16.654150009155273,0.0,True
beijing,72,3,,trad_ridge,deterministic,smape_percent,25.92875099182129,25.92875099182129,0.0,True
beijing,72,6,,center_gru_default,2047,mse_scaled,0.2884339094161987,0.28843390941619873,5.551115123125783e-17,True
beijing,72,6,,center_gru_default,2047,rmse_scaled,0.5370604336722253,0.5370604336722253,0.0,True
beijing,72,6,,center_gru_default,2047,mae_scaled,0.3131296634674072,0.3131296634674072,0.0,True
beijing,72,6,,center_gru_default,2047,rmse_ugm3,39.97315216064453,39.97315216064453,0.0,True
beijing,72,6,,center_gru_default,2047,mae_ugm3,23.306093215942383,23.306093215942383,0.0,True
beijing,72,6,,center_gru_default,2047,smape_percent,33.749412536621094,33.749412536621094,0.0,True
beijing,72,6,,center_gru_default,2048,mse_scaled,0.2894425392150879,0.2894425392150879,0.0,True
beijing,72,6,,center_gru_default,2048,rmse_scaled,0.5379986423914914,0.5379986423914914,0.0,True
beijing,72,6,,center_gru_default,2048,mae_scaled,0.3098078966140747,0.3098078966140747,0.0,True
beijing,72,6,,center_gru_default,2048,rmse_ugm3,40.04298400878906,40.04298400878906,0.0,True
beijing,72,6,,center_gru_default,2048,mae_ugm3,23.058853149414062,23.058853149414062,0.0,True
beijing,72,6,,center_gru_default,2048,smape_percent,32.83464431762695,32.83464431762695,0.0,True
beijing,72,6,,center_gru_default,2049,mse_scaled,0.2889064252376556,0.28890642523765564,5.551115123125783e-17,True
beijing,72,6,,center_gru_default,2049,rmse_scaled,0.537500163011748,0.537500163011748,0.0,True
beijing,72,6,,center_gru_default,2049,mae_scaled,0.3105687499046325,0.31056874990463257,5.551115123125783e-17,True
beijing,72,6,,center_gru_default,2049,rmse_ugm3,40.0058822631836,40.005882263183594,7.105427357601002e-15,True
beijing,72,6,,center_gru_default,2049,mae_ugm3,23.115482330322266,23.115482330322266,0.0,True
beijing,72,6,,center_gru_default,2049,smape_percent,33.04484176635742,33.04484176635742,0.0,True
beijing,72,6,,center_lstm_default,2047,mse_scaled,0.3145598173141479,0.31455981731414795,5.551115123125783e-17,True
beijing,72,6,,center_lstm_default,2047,rmse_scaled,0.560856325019294,0.560856325019294,0.0,True
beijing,72,6,,center_lstm_default,2047,mae_scaled,0.3305344879627228,0.3305344879627228,0.0,True
beijing,72,6,,center_lstm_default,2047,rmse_ugm3,41.744266510009766,41.744266510009766,0.0,True
beijing,72,6,,center_lstm_default,2047,mae_ugm3,24.601524353027344,24.601524353027344,0.0,True
beijing,72,6,,center_lstm_default,2047,smape_percent,34.06748962402344,34.06748962402344,0.0,True
beijing,72,6,,center_lstm_default,2048,mse_scaled,0.3258747458457947,0.3258747458457947,0.0,True
beijing,72,6,,center_lstm_default,2048,rmse_scaled,0.5708543998654952,0.5708543998654952,0.0,True
beijing,72,6,,center_lstm_default,2048,mae_scaled,0.3503579199314117,0.35035791993141174,5.551115123125783e-17,True
beijing,72,6,,center_lstm_default,2048,rmse_ugm3,42.48841857910156,42.48841857910156,0.0,True
beijing,72,6,,center_lstm_default,2048,mae_ugm3,26.07697105407715,26.07697105407715,0.0,True
beijing,72,6,,center_lstm_default,2048,smape_percent,37.86367034912109,37.863670349121094,7.105427357601002e-15,True
beijing,72,6,,center_lstm_default,2049,mse_scaled,0.3205863833427429,0.3205863833427429,0.0,True
beijing,72,6,,center_lstm_default,2049,rmse_scaled,0.5662034822771252,0.5662034822771252,0.0,True
beijing,72,6,,center_lstm_default,2049,mae_scaled,0.3397488594055176,0.3397488594055176,0.0,True
beijing,72,6,,center_lstm_default,2049,rmse_ugm3,42.14225769042969,42.14225769042969,0.0,True
beijing,72,6,,center_lstm_default,2049,mae_ugm3,25.287342071533203,25.287342071533203,0.0,True
beijing,72,6,,center_lstm_default,2049,smape_percent,35.44122695922852,35.441226959228516,7.105427357601002e-15,True
beijing,72,6,,center_tcn_default,2047,mse_scaled,0.4433039426803589,0.4433039426803589,0.0,True
beijing,72,6,,center_tcn_default,2047,rmse_scaled,0.6658107408868972,0.6658107408868972,0.0,True
beijing,72,6,,center_tcn_default,2047,mae_scaled,0.436446875333786,0.436446875333786,0.0,True
beijing,72,6,,center_tcn_default,2047,rmse_ugm3,49.55597305297852,49.555973052978516,7.105427357601002e-15,True
beijing,72,6,,center_tcn_default,2047,mae_ugm3,32.48453140258789,32.48453140258789,0.0,True
beijing,72,6,,center_tcn_default,2047,smape_percent,48.7110595703125,48.7110595703125,0.0,True
beijing,72,6,,center_tcn_default,2048,mse_scaled,0.4520818293094635,0.4520818293094635,0.0,True
beijing,72,6,,center_tcn_default,2048,rmse_scaled,0.6723703066833511,0.6723703066833511,0.0,True
beijing,72,6,,center_tcn_default,2048,mae_scaled,0.4443791210651397,0.44437912106513977,5.551115123125783e-17,True
beijing,72,6,,center_tcn_default,2048,rmse_ugm3,50.0442008972168,50.0442008972168,0.0,True
beijing,72,6,,center_tcn_default,2048,mae_ugm3,33.07492446899414,33.07492446899414,0.0,True
beijing,72,6,,center_tcn_default,2048,smape_percent,45.96698760986328,45.96698760986328,0.0,True
beijing,72,6,,center_tcn_default,2049,mse_scaled,0.3812411725521087,0.38124117255210876,5.551115123125783e-17,True
beijing,72,6,,center_tcn_default,2049,rmse_scaled,0.6174473034616872,0.6174473034616872,0.0,True
beijing,72,6,,center_tcn_default,2049,mae_scaled,0.4196963310241699,0.4196963310241699,0.0,True
beijing,72,6,,center_tcn_default,2049,rmse_ugm3,45.95630645751953,45.95630645751953,0.0,True
beijing,72,6,,center_tcn_default,2049,mae_ugm3,31.237796783447266,31.237796783447266,0.0,True
beijing,72,6,,center_tcn_default,2049,smape_percent,45.34882736206055,45.34882736206055,0.0,True
beijing,72,6,,trad_ar,deterministic,mse_scaled,0.303684800863266,0.303684800863266,0.0,True
beijing,72,6,,trad_ar,deterministic,rmse_scaled,0.5510760390937588,0.5510760390937588,0.0,True
beijing,72,6,,trad_ar,deterministic,mae_scaled,0.3163236975669861,0.3163236975669861,0.0,True
beijing,72,6,,trad_ar,deterministic,rmse_ugm3,41.01632308959961,41.01632308959961,0.0,True
beijing,72,6,,trad_ar,deterministic,mae_ugm3,23.5438232421875,23.5438232421875,0.0,True
beijing,72,6,,trad_ar,deterministic,smape_percent,34.81618118286133,34.81618118286133,0.0,True
beijing,72,6,,trad_climatology,deterministic,mse_scaled,0.9868986010551452,0.9868986010551453,1.1102230246251565e-16,True
beijing,72,6,,trad_climatology,deterministic,rmse_scaled,0.9934277029835364,0.9934277029835363,1.1102230246251565e-16,True
beijing,72,6,,trad_climatology,deterministic,mae_scaled,0.7525556087493896,0.7525556087493896,0.0,True
beijing,72,6,,trad_climatology,deterministic,rmse_ugm3,73.94034576416016,73.94034576416016,0.0,True
beijing,72,6,,trad_climatology,deterministic,mae_ugm3,56.012351989746094,56.012351989746094,0.0,True
beijing,72,6,,trad_climatology,deterministic,smape_percent,71.4715347290039,71.4715347290039,0.0,True
beijing,72,6,,trad_daily_naive,deterministic,mse_scaled,1.4802618026733398,1.4802618026733398,0.0,True
beijing,72,6,,trad_daily_naive,deterministic,rmse_scaled,1.2166601015375411,1.2166601015375411,0.0,True
beijing,72,6,,trad_daily_naive,deterministic,mae_scaled,0.8700516819953918,0.8700516819953918,0.0,True
beijing,72,6,,trad_daily_naive,deterministic,rmse_ugm3,90.55542755126952,90.55542755126953,1.4210854715202004e-14,True
beijing,72,6,,trad_daily_naive,deterministic,mae_ugm3,64.75753021240234,64.75753021240234,0.0,True
beijing,72,6,,trad_daily_naive,deterministic,smape_percent,76.99480438232422,76.99480438232422,0.0,True
beijing,72,6,,trad_persistence,deterministic,mse_scaled,0.3243829011917114,0.3243829011917114,0.0,True
beijing,72,6,,trad_persistence,deterministic,rmse_scaled,0.5695462239289375,0.5695462239289375,0.0,True
beijing,72,6,,trad_persistence,deterministic,mae_scaled,0.3099801540374756,0.3099801540374756,0.0,True
beijing,72,6,,trad_persistence,deterministic,rmse_ugm3,42.39105224609375,42.39105224609375,0.0,True
beijing,72,6,,trad_persistence,deterministic,mae_ugm3,23.07167625427246,23.07167625427246,0.0,True
beijing,72,6,,trad_persistence,deterministic,smape_percent,31.44832801818848,31.448328018188477,3.552713678800501e-15,True
beijing,72,6,,trad_ridge,deterministic,mse_scaled,0.298236221075058,0.298236221075058,0.0,True
beijing,72,6,,trad_ridge,deterministic,rmse_scaled,0.5461100814625729,0.5461100814625729,0.0,True
beijing,72,6,,trad_ridge,deterministic,mae_scaled,0.3133078515529632,0.31330785155296326,5.551115123125783e-17,True
beijing,72,6,,trad_ridge,deterministic,rmse_ugm3,40.64670944213867,40.64670944213867,0.0,True
beijing,72,6,,trad_ridge,deterministic,mae_ugm3,23.319351196289062,23.319351196289062,0.0,True
beijing,72,6,,trad_ridge,deterministic,smape_percent,34.60171890258789,34.60171890258789,0.0,True
guangzhou,168,6,9020.0,center_gru_default,7001,mse_scaled,0.2647117674350738,0.26471176743507385,5.551115123125783e-17,True
guangzhou,168,6,9020.0,center_gru_default,7001,rmse_scaled,0.5145014746675405,0.5145014746675405,0.0,True
guangzhou,168,6,9020.0,center_gru_default,7001,mae_scaled,0.3594326674938202,0.3594326674938202,0.0,True
guangzhou,168,6,9020.0,center_gru_default,7001,rmse_ugm3,11.92910861968994,11.929108619689941,1.7763568394002505e-15,True
guangzhou,168,6,9020.0,center_gru_default,7001,mae_ugm3,8.333720207214355,8.333720207214355,0.0,True
guangzhou,168,6,9020.0,center_gru_default,7001,smape_percent,32.737342834472656,32.737342834472656,0.0,True
guangzhou,168,6,9020.0,center_gru_matched,7001,mse_scaled,0.2655192017555237,0.2655192017555237,0.0,True
guangzhou,168,6,9020.0,center_gru_matched,7001,rmse_scaled,0.5152855536064674,0.5152855536064674,0.0,True
guangzhou,168,6,9020.0,center_gru_matched,7001,mae_scaled,0.3531869947910309,0.3531869947910309,0.0,True
guangzhou,168,6,9020.0,center_gru_matched,7001,rmse_ugm3,11.947287559509276,11.947287559509277,1.7763568394002505e-15,True
guangzhou,168,6,9020.0,center_gru_matched,7001,mae_ugm3,8.188909530639648,8.188909530639648,0.0,True
guangzhou,168,6,9020.0,center_gru_matched,7001,smape_percent,31.48968505859375,31.48968505859375,0.0,True
guangzhou,168,6,9020.0,center_gru_default,7002,mse_scaled,0.2658558487892151,0.2658558487892151,0.0,True
guangzhou,168,6,9020.0,center_gru_default,7002,rmse_scaled,0.5156121107860201,0.5156121107860201,0.0,True
guangzhou,168,6,9020.0,center_gru_default,7002,mae_scaled,0.3516321182250976,0.35163211822509766,5.551115123125783e-17,True
guangzhou,168,6,9020.0,center_gru_default,7002,rmse_ugm3,11.954858779907228,11.954858779907227,1.7763568394002505e-15,True
guangzhou,168,6,9020.0,center_gru_default,7002,mae_ugm3,8.15285873413086,8.15285873413086,0.0,True
guangzhou,168,6,9020.0,center_gru_default,7002,smape_percent,31.315261840820312,31.315261840820312,0.0,True
guangzhou,168,6,9020.0,center_gru_matched,7002,mse_scaled,0.2611970603466034,0.2611970603466034,0.0,True
guangzhou,168,6,9020.0,center_gru_matched,7002,rmse_scaled,0.51107441762096,0.51107441762096,0.0,True
guangzhou,168,6,9020.0,center_gru_matched,7002,mae_scaled,0.3538545370101928,0.35385453701019287,5.551115123125783e-17,True
guangzhou,168,6,9020.0,center_gru_matched,7002,rmse_ugm3,11.849649429321287,11.849649429321289,1.7763568394002505e-15,True
guangzhou,168,6,9020.0,center_gru_matched,7002,mae_ugm3,8.204388618469238,8.204388618469238,0.0,True
guangzhou,168,6,9020.0,center_gru_matched,7002,smape_percent,31.999265670776367,31.999265670776367,0.0,True
guangzhou,168,6,9020.0,center_gru_default,7003,mse_scaled,0.2635073065757751,0.26350730657577515,5.551115123125783e-17,True
guangzhou,168,6,9020.0,center_gru_default,7003,rmse_scaled,0.5133296276037213,0.5133296276037213,0.0,True
guangzhou,168,6,9020.0,center_gru_default,7003,mae_scaled,0.3571710586547851,0.35717105865478516,5.551115123125783e-17,True
guangzhou,168,6,9020.0,center_gru_default,7003,rmse_ugm3,11.901938438415527,11.901938438415527,0.0,True
guangzhou,168,6,9020.0,center_gru_default,7003,mae_ugm3,8.281283378601074,8.281283378601074,0.0,True
guangzhou,168,6,9020.0,center_gru_default,7003,smape_percent,32.181175231933594,32.181175231933594,0.0,True
guangzhou,168,6,9020.0,center_gru_matched,7003,mse_scaled,0.2627574205398559,0.26275742053985596,5.551115123125783e-17,True
guangzhou,168,6,9020.0,center_gru_matched,7003,rmse_scaled,0.5125986934628842,0.5125986934628842,0.0,True
guangzhou,168,6,9020.0,center_gru_matched,7003,mae_scaled,0.3533641397953033,0.35336413979530334,5.551115123125783e-17,True
guangzhou,168,6,9020.0,center_gru_matched,7003,rmse_ugm3,11.884990692138672,11.884990692138672,0.0,True
guangzhou,168,6,9020.0,center_gru_matched,7003,mae_ugm3,8.19301700592041,8.19301700592041,0.0,True
guangzhou,168,6,9020.0,center_gru_matched,7003,smape_percent,31.851438522338867,31.851438522338867,0.0,True
guangzhou,168,6,9020.0,trad_climatology,deterministic,mse_scaled,1.0157533884048462,1.0157533884048462,0.0,True
guangzhou,168,6,9020.0,trad_climatology,deterministic,rmse_scaled,1.007845915011241,1.0078459150112413,2.220446049250313e-16,True
guangzhou,168,6,9020.0,trad_climatology,deterministic,mae_scaled,0.8402069211006165,0.8402069211006165,0.0,True
guangzhou,168,6,9020.0,trad_climatology,deterministic,rmse_ugm3,23.367673873901367,23.367673873901367,0.0,True
guangzhou,168,6,9020.0,trad_climatology,deterministic,mae_ugm3,19.48083877563477,19.480838775634766,3.552713678800501e-15,True
guangzhou,168,6,9020.0,trad_climatology,deterministic,smape_percent,62.13992691040039,62.13992691040039,0.0,True
guangzhou,168,6,9020.0,trad_daily_naive,deterministic,mse_scaled,0.9909107685089112,0.9909107685089111,1.1102230246251565e-16,True
guangzhou,168,6,9020.0,trad_daily_naive,deterministic,rmse_scaled,0.995445010288821,0.995445010288821,0.0,True
guangzhou,168,6,9020.0,trad_daily_naive,deterministic,mae_scaled,0.7161232829093933,0.7161232829093933,0.0,True
guangzhou,168,6,9020.0,trad_daily_naive,deterministic,rmse_ugm3,23.080150604248047,23.080150604248047,0.0,True
guangzhou,168,6,9020.0,trad_daily_naive,deterministic,mae_ugm3,16.603862762451172,16.603862762451172,0.0,True
guangzhou,168,6,9020.0,trad_daily_naive,deterministic,smape_percent,57.6469841003418,57.6469841003418,0.0,True
guangzhou,168,6,9020.0,trad_persistence,deterministic,mse_scaled,0.2927156388759613,0.2927156388759613,0.0,True
guangzhou,168,6,9020.0,trad_persistence,deterministic,rmse_scaled,0.541032012801425,0.541032012801425,0.0,True
guangzhou,168,6,9020.0,trad_persistence,deterministic,mae_scaled,0.3540942072868347,0.3540942072868347,0.0,True
guangzhou,168,6,9020.0,trad_persistence,deterministic,rmse_ugm3,12.544239044189451,12.544239044189453,1.7763568394002505e-15,True
guangzhou,168,6,9020.0,trad_persistence,deterministic,mae_ugm3,8.209942817687988,8.209942817687988,0.0,True
guangzhou,168,6,9020.0,trad_persistence,deterministic,smape_percent,31.72526359558105,31.725263595581055,3.552713678800501e-15,True
guangzhou,168,6,9026.0,center_gru_default,7001,mse_scaled,0.4299306571483612,0.4299306571483612,0.0,True
guangzhou,168,6,9026.0,center_gru_default,7001,rmse_scaled,0.655690976869715,0.655690976869715,0.0,True
guangzhou,168,6,9026.0,center_gru_default,7001,mae_scaled,0.4815322458744049,0.4815322458744049,0.0,True
guangzhou,168,6,9026.0,center_gru_default,7001,rmse_ugm3,15.297079086303713,15.297079086303711,1.7763568394002505e-15,True
guangzhou,168,6,9026.0,center_gru_default,7001,mae_ugm3,11.234006881713867,11.234006881713867,0.0,True
guangzhou,168,6,9026.0,center_gru_default,7001,smape_percent,37.693992614746094,37.693992614746094,0.0,True
guangzhou,168,6,9026.0,center_gru_matched,7001,mse_scaled,0.3234850466251373,0.32348504662513733,5.551115123125783e-17,True
guangzhou,168,6,9026.0,center_gru_matched,7001,rmse_scaled,0.5687574585226441,0.5687574585226441,0.0,True
guangzhou,168,6,9026.0,center_gru_matched,7001,mae_scaled,0.3758538365364074,0.37585383653640747,5.551115123125783e-17,True
guangzhou,168,6,9026.0,center_gru_matched,7001,rmse_ugm3,13.268945693969728,13.268945693969727,1.7763568394002505e-15,True
guangzhou,168,6,9026.0,center_gru_matched,7001,mae_ugm3,8.768560409545898,8.768560409545898,0.0,True
guangzhou,168,6,9026.0,center_gru_matched,7001,smape_percent,29.44038200378418,29.44038200378418,0.0,True
guangzhou,168,6,9026.0,center_gru_matched,7002,mse_scaled,0.3229427337646484,0.32294273376464844,5.551115123125783e-17,True
guangzhou,168,6,9026.0,center_gru_matched,7002,rmse_scaled,0.568280506233188,0.568280506233188,0.0,True
guangzhou,168,6,9026.0,center_gru_matched,7002,mae_scaled,0.3701525032520294,0.3701525032520294,0.0,True
guangzhou,168,6,9026.0,center_gru_matched,7002,rmse_ugm3,13.257819175720217,13.257819175720215,1.7763568394002505e-15,True
guangzhou,168,6,9026.0,center_gru_matched,7002,mae_ugm3,8.63554859161377,8.63554859161377,0.0,True
guangzhou,168,6,9026.0,center_gru_matched,7002,smape_percent,28.781768798828125,28.781768798828125,0.0,True
guangzhou,168,6,9026.0,center_gru_default,7003,mse_scaled,0.5266339778900146,0.5266339778900146,0.0,True
guangzhou,168,6,9026.0,center_gru_default,7003,rmse_scaled,0.7256955132078567,0.7256955132078567,0.0,True
guangzhou,168,6,9026.0,center_gru_default,7003,mae_scaled,0.5310186147689819,0.5310186147689819,0.0,True
guangzhou,168,6,9026.0,center_gru_default,7003,rmse_ugm3,16.930265426635742,16.930265426635742,0.0,True
guangzhou,168,6,9026.0,center_gru_default,7003,mae_ugm3,12.388508796691896,12.388508796691895,1.7763568394002505e-15,True
guangzhou,168,6,9026.0,center_gru_default,7003,smape_percent,39.943092346191406,39.943092346191406,0.0,True
guangzhou,168,6,9026.0,center_gru_matched,7003,mse_scaled,0.3219631314277649,0.3219631314277649,0.0,True
guangzhou,168,6,9026.0,center_gru_matched,7003,rmse_scaled,0.5674179512738075,0.5674179512738075,0.0,True
guangzhou,168,6,9026.0,center_gru_matched,7003,mae_scaled,0.3726986944675445,0.37269869446754456,5.551115123125783e-17,True
guangzhou,168,6,9026.0,center_gru_matched,7003,rmse_ugm3,13.237695693969728,13.237695693969727,1.7763568394002505e-15,True
guangzhou,168,6,9026.0,center_gru_matched,7003,mae_ugm3,8.694952964782715,8.694952964782715,0.0,True
guangzhou,168,6,9026.0,center_gru_matched,7003,smape_percent,29.125219345092773,29.125219345092773,0.0,True
guangzhou,168,6,9026.0,trad_climatology,deterministic,mse_scaled,0.9451444745063782,0.9451444745063782,0.0,True
guangzhou,168,6,9026.0,trad_climatology,deterministic,rmse_scaled,0.9721854115889512,0.9721854115889511,1.1102230246251565e-16,True
guangzhou,168,6,9026.0,trad_climatology,deterministic,mae_scaled,0.8039668798446655,0.8039668798446655,0.0,True
guangzhou,168,6,9026.0,trad_climatology,deterministic,rmse_ugm3,22.68080139160156,22.680801391601562,3.552713678800501e-15,True
guangzhou,168,6,9026.0,trad_climatology,deterministic,mae_ugm3,18.756311416625977,18.756311416625977,0.0,True
guangzhou,168,6,9026.0,trad_climatology,deterministic,smape_percent,54.93832778930664,54.93832778930664,0.0,True
guangzhou,168,6,9026.0,trad_daily_naive,deterministic,mse_scaled,0.958717405796051,0.958717405796051,0.0,True
guangzhou,168,6,9026.0,trad_daily_naive,deterministic,rmse_scaled,0.9791411572373264,0.9791411572373265,1.1102230246251565e-16,True
guangzhou,168,6,9026.0,trad_daily_naive,deterministic,mae_scaled,0.7148310542106628,0.7148310542106628,0.0,True
guangzhou,168,6,9026.0,trad_daily_naive,deterministic,rmse_ugm3,22.84307861328125,22.84307861328125,0.0,True
guangzhou,168,6,9026.0,trad_daily_naive,deterministic,mae_ugm3,16.676799774169922,16.676799774169922,0.0,True
guangzhou,168,6,9026.0,trad_daily_naive,deterministic,smape_percent,53.04697799682617,53.04697799682617,0.0,True
guangzhou,168,6,9026.0,trad_persistence,deterministic,mse_scaled,0.368049293756485,0.368049293756485,0.0,True
guangzhou,168,6,9026.0,trad_persistence,deterministic,rmse_scaled,0.6066706633392495,0.6066706633392495,0.0,True
guangzhou,168,6,9026.0,trad_persistence,deterministic,mae_scaled,0.3742415904998779,0.37424159049987793,5.551115123125783e-17,True
guangzhou,168,6,9026.0,trad_persistence,deterministic,rmse_ugm3,14.153450012207031,14.153450012207031,0.0,True
guangzhou,168,6,9026.0,trad_persistence,deterministic,mae_ugm3,8.730947494506836,8.730947494506836,0.0,True
guangzhou,168,6,9026.0,trad_persistence,deterministic,smape_percent,28.41620826721192,28.416208267211914,7.105427357601002e-15,True
guangzhou,168,6,9032.0,center_gru_default,7001,mse_scaled,0.2560632526874542,0.2560632526874542,0.0,True
guangzhou,168,6,9032.0,center_gru_default,7001,rmse_scaled,0.5060269288164951,0.5060269288164951,0.0,True
guangzhou,168,6,9032.0,center_gru_default,7001,mae_scaled,0.314653605222702,0.314653605222702,0.0,True
guangzhou,168,6,9032.0,center_gru_default,7001,rmse_ugm3,14.572467803955078,14.572467803955078,0.0,True
guangzhou,168,6,9032.0,center_gru_default,7001,mae_ugm3,9.061335563659668,9.061335563659668,0.0,True
guangzhou,168,6,9032.0,center_gru_default,7001,smape_percent,23.69441604614257,23.694416046142578,7.105427357601002e-15,True
guangzhou,168,6,9032.0,center_gru_matched,7001,mse_scaled,0.2405954897403717,0.2405954897403717,0.0,True
guangzhou,168,6,9032.0,center_gru_matched,7001,rmse_scaled,0.4905053411945396,0.4905053411945396,0.0,True
guangzhou,168,6,9032.0,center_gru_matched,7001,mae_scaled,0.298077791929245,0.298077791929245,0.0,True
guangzhou,168,6,9032.0,center_gru_matched,7001,rmse_ugm3,14.125478744506836,14.125478744506836,0.0,True
guangzhou,168,6,9032.0,center_gru_matched,7001,mae_ugm3,8.58398723602295,8.58398723602295,0.0,True
guangzhou,168,6,9032.0,center_gru_matched,7001,smape_percent,22.29323959350586,22.29323959350586,0.0,True
guangzhou,168,6,9032.0,center_gru_default,7002,mse_scaled,0.2379975318908691,0.23799753189086914,2.7755575615628914e-17,True
guangzhou,168,6,9032.0,center_gru_default,7002,rmse_scaled,0.4878499071342221,0.4878499071342221,0.0,True
guangzhou,168,6,9032.0,center_gru_default,7002,mae_scaled,0.2943319976329803,0.29433199763298035,5.551115123125783e-17,True
guangzhou,168,6,9032.0,center_gru_default,7002,rmse_ugm3,14.0490083694458,14.0490083694458,0.0,True
guangzhou,168,6,9032.0,center_gru_default,7002,mae_ugm3,8.476115226745605,8.476115226745605,0.0,True
guangzhou,168,6,9032.0,center_gru_default,7002,smape_percent,21.863540649414062,21.863540649414062,0.0,True
guangzhou,168,6,9032.0,center_gru_matched,7002,mse_scaled,0.2400433123111724,0.24004331231117249,8.326672684688674e-17,True
guangzhou,168,6,9032.0,center_gru_matched,7002,rmse_scaled,0.4899421520048795,0.48994215200487956,5.551115123125783e-17,True
guangzhou,168,6,9032.0,center_gru_matched,7002,mae_scaled,0.2962002754211426,0.2962002754211426,0.0,True
guangzhou,168,6,9032.0,center_gru_matched,7002,rmse_ugm3,14.109260559082031,14.109260559082031,0.0,True
guangzhou,168,6,9032.0,center_gru_matched,7002,mae_ugm3,8.529919624328613,8.529919624328613,0.0,True
guangzhou,168,6,9032.0,center_gru_matched,7002,smape_percent,22.053844451904297,22.053844451904297,0.0,True
guangzhou,168,6,9032.0,center_gru_default,7003,mse_scaled,0.2394629865884781,0.2394629865884781,0.0,True
guangzhou,168,6,9032.0,center_gru_default,7003,rmse_scaled,0.4893495546012871,0.48934955460128715,5.551115123125783e-17,True
guangzhou,168,6,9032.0,center_gru_default,7003,mae_scaled,0.2934451699256897,0.2934451699256897,0.0,True
guangzhou,168,6,9032.0,center_gru_default,7003,rmse_ugm3,14.092195510864258,14.092195510864258,0.0,True
guangzhou,168,6,9032.0,center_gru_default,7003,mae_ugm3,8.450576782226562,8.450576782226562,0.0,True
guangzhou,168,6,9032.0,center_gru_default,7003,smape_percent,21.711090087890625,21.711090087890625,0.0,True
guangzhou,168,6,9032.0,center_gru_matched,7003,mse_scaled,0.2407611608505249,0.2407611608505249,0.0,True
guangzhou,168,6,9032.0,center_gru_matched,7003,rmse_scaled,0.4906741901206185,0.4906741901206185,0.0,True
guangzhou,168,6,9032.0,center_gru_matched,7003,mae_scaled,0.2962100803852081,0.29621008038520813,5.551115123125783e-17,True
guangzhou,168,6,9032.0,center_gru_matched,7003,rmse_ugm3,14.130342483520508,14.130342483520508,0.0,True
guangzhou,168,6,9032.0,center_gru_matched,7003,mae_ugm3,8.53020191192627,8.53020191192627,0.0,True
guangzhou,168,6,9032.0,center_gru_matched,7003,smape_percent,21.98283195495605,21.982831954956055,3.552713678800501e-15,True
guangzhou,168,6,9032.0,trad_climatology,deterministic,mse_scaled,0.9278292059898376,0.9278292059898376,0.0,True
guangzhou,168,6,9032.0,trad_climatology,deterministic,rmse_scaled,0.9632389142833868,0.9632389142833867,1.1102230246251565e-16,True
guangzhou,168,6,9032.0,trad_climatology,deterministic,mae_scaled,0.7255542278289795,0.7255542278289795,0.0,True
guangzhou,168,6,9032.0,trad_climatology,deterministic,rmse_ugm3,27.73916816711425,27.739168167114258,7.105427357601002e-15,True
guangzhou,168,6,9032.0,trad_climatology,deterministic,mae_ugm3,20.89437484741211,20.89437484741211,0.0,True
guangzhou,168,6,9032.0,trad_climatology,deterministic,smape_percent,53.01351547241211,53.01351547241211,0.0,True
guangzhou,168,6,9032.0,trad_daily_naive,deterministic,mse_scaled,1.1287776231765747,1.1287776231765747,0.0,True
guangzhou,168,6,9032.0,trad_daily_naive,deterministic,rmse_scaled,1.06243946800586,1.06243946800586,0.0,True
guangzhou,168,6,9032.0,trad_daily_naive,deterministic,mae_scaled,0.6734402179718018,0.6734402179718018,0.0,True
guangzhou,168,6,9032.0,trad_daily_naive,deterministic,rmse_ugm3,30.595930099487305,30.595930099487305,0.0,True
guangzhou,168,6,9032.0,trad_daily_naive,deterministic,mae_ugm3,19.393604278564453,19.393604278564453,0.0,True
guangzhou,168,6,9032.0,trad_daily_naive,deterministic,smape_percent,46.730804443359375,46.730804443359375,0.0,True
guangzhou,168,6,9032.0,trad_persistence,deterministic,mse_scaled,0.2384677678346634,0.2384677678346634,0.0,True
guangzhou,168,6,9032.0,trad_persistence,deterministic,rmse_scaled,0.4883316166650111,0.4883316166650111,0.0,True
guangzhou,168,6,9032.0,trad_persistence,deterministic,mae_scaled,0.2821972370147705,0.2821972370147705,0.0,True
guangzhou,168,6,9032.0,trad_persistence,deterministic,rmse_ugm3,14.062880516052246,14.062880516052246,0.0,True
guangzhou,168,6,9032.0,trad_persistence,deterministic,mae_ugm3,8.126662254333496,8.126662254333496,0.0,True
guangzhou,168,6,9032.0,trad_persistence,deterministic,smape_percent,21.14472770690918,21.14472770690918,0.0,True
guangzhou,168,6,9033.0,center_gru_default,7001,mse_scaled,0.2876791357994079,0.28767913579940796,5.551115123125783e-17,True
guangzhou,168,6,9033.0,center_gru_default,7001,rmse_scaled,0.5363572837199174,0.5363572837199174,0.0,True
guangzhou,168,6,9033.0,center_gru_default,7001,mae_scaled,0.329610675573349,0.329610675573349,0.0,True
guangzhou,168,6,9033.0,center_gru_default,7001,rmse_ugm3,16.143190383911133,16.143190383911133,0.0,True
guangzhou,168,6,9033.0,center_gru_default,7001,mae_ugm3,9.920565605163574,9.920565605163574,0.0,True
guangzhou,168,6,9033.0,center_gru_default,7001,smape_percent,26.64637565612793,26.64637565612793,0.0,True
guangzhou,168,6,9033.0,center_gru_matched,7001,mse_scaled,0.2881542146205902,0.2881542146205902,0.0,True
guangzhou,168,6,9033.0,center_gru_matched,7001,rmse_scaled,0.5367999763604598,0.5367999763604598,0.0,True
guangzhou,168,6,9033.0,center_gru_matched,7001,mae_scaled,0.3279076814651489,0.3279076814651489,0.0,True
guangzhou,168,6,9033.0,center_gru_matched,7001,rmse_ugm3,16.156513214111328,16.156513214111328,0.0,True
guangzhou,168,6,9033.0,center_gru_matched,7001,mae_ugm3,9.869308471679688,9.869308471679688,0.0,True
guangzhou,168,6,9033.0,center_gru_matched,7001,smape_percent,26.6385555267334,26.6385555267334,0.0,True
guangzhou,168,6,9033.0,center_gru_default,7002,mse_scaled,0.2870262265205383,0.28702622652053833,5.551115123125783e-17,True
guangzhou,168,6,9033.0,center_gru_default,7002,rmse_scaled,0.5357482865306602,0.5357482865306602,0.0,True
guangzhou,168,6,9033.0,center_gru_default,7002,mae_scaled,0.3252057433128357,0.3252057433128357,0.0,True
guangzhou,168,6,9033.0,center_gru_default,7002,rmse_ugm3,16.124858856201172,16.124858856201172,0.0,True
guangzhou,168,6,9033.0,center_gru_default,7002,mae_ugm3,9.787986755371094,9.787986755371094,0.0,True
guangzhou,168,6,9033.0,center_gru_default,7002,smape_percent,26.30457878112793,26.30457878112793,0.0,True
guangzhou,168,6,9033.0,center_gru_matched,7002,mse_scaled,0.2838090658187866,0.2838090658187866,0.0,True
guangzhou,168,6,9033.0,center_gru_matched,7002,rmse_scaled,0.532737332856246,0.532737332856246,0.0,True
guangzhou,168,6,9033.0,center_gru_matched,7002,mae_scaled,0.3248912692070007,0.32489126920700073,5.551115123125783e-17,True
guangzhou,168,6,9033.0,center_gru_matched,7002,rmse_ugm3,16.034236907958984,16.034236907958984,0.0,True
guangzhou,168,6,9033.0,center_gru_matched,7002,mae_ugm3,9.778522491455078,9.778522491455078,0.0,True
guangzhou,168,6,9033.0,center_gru_matched,7002,smape_percent,26.322864532470703,26.322864532470703,0.0,True
guangzhou,168,6,9033.0,center_gru_default,7003,mse_scaled,0.2906029820442199,0.29060298204421997,5.551115123125783e-17,True
guangzhou,168,6,9033.0,center_gru_default,7003,rmse_scaled,0.5390760447693999,0.5390760447693999,0.0,True
guangzhou,168,6,9033.0,center_gru_default,7003,mae_scaled,0.3334773480892181,0.33347734808921814,5.551115123125783e-17,True
guangzhou,168,6,9033.0,center_gru_default,7003,rmse_ugm3,16.225017547607422,16.225017547607422,0.0,True
guangzhou,168,6,9033.0,center_gru_default,7003,mae_ugm3,10.036944389343262,10.036944389343262,0.0,True
guangzhou,168,6,9033.0,center_gru_default,7003,smape_percent,27.10686683654785,27.10686683654785,0.0,True
guangzhou,168,6,9033.0,center_gru_matched,7003,mse_scaled,0.2837015390396118,0.2837015390396118,0.0,True
guangzhou,168,6,9033.0,center_gru_matched,7003,rmse_scaled,0.532636404162926,0.532636404162926,0.0,True
guangzhou,168,6,9033.0,center_gru_matched,7003,mae_scaled,0.3229415714740753,0.3229415714740753,0.0,True
guangzhou,168,6,9033.0,center_gru_matched,7003,rmse_ugm3,16.031198501586914,16.031198501586914,0.0,True
guangzhou,168,6,9033.0,center_gru_matched,7003,mae_ugm3,9.719839096069336,9.719839096069336,0.0,True
guangzhou,168,6,9033.0,center_gru_matched,7003,smape_percent,26.07662582397461,26.07662582397461,0.0,True
guangzhou,168,6,9033.0,trad_climatology,deterministic,mse_scaled,0.7631024718284607,0.7631024718284607,0.0,True
guangzhou,168,6,9033.0,trad_climatology,deterministic,rmse_scaled,0.8735573660776152,0.8735573660776152,0.0,True
guangzhou,168,6,9033.0,trad_climatology,deterministic,mae_scaled,0.643538773059845,0.643538773059845,0.0,True
guangzhou,168,6,9033.0,trad_climatology,deterministic,rmse_ugm3,26.29218101501465,26.29218101501465,0.0,True
guangzhou,168,6,9033.0,trad_climatology,deterministic,mae_ugm3,19.36911964416504,19.36911964416504,0.0,True
guangzhou,168,6,9033.0,trad_climatology,deterministic,smape_percent,50.16291809082031,50.16291809082031,0.0,True
guangzhou,168,6,9033.0,trad_daily_naive,deterministic,mse_scaled,1.025798201560974,1.0257982015609741,2.220446049250313e-16,True
guangzhou,168,6,9033.0,trad_daily_naive,deterministic,rmse_scaled,1.0128169635037587,1.0128169635037587,0.0,True
guangzhou,168,6,9033.0,trad_daily_naive,deterministic,mae_scaled,0.6691710352897644,0.6691710352897644,0.0,True
guangzhou,168,6,9033.0,trad_daily_naive,deterministic,rmse_ugm3,30.48359107971192,30.483591079711914,7.105427357601002e-15,True
guangzhou,168,6,9033.0,trad_daily_naive,deterministic,mae_ugm3,20.140594482421875,20.140594482421875,0.0,True
guangzhou,168,6,9033.0,trad_daily_naive,deterministic,smape_percent,50.89557266235352,50.895572662353516,7.105427357601002e-15,True
guangzhou,168,6,9033.0,trad_persistence,deterministic,mse_scaled,0.3088336288928985,0.30883362889289856,5.551115123125783e-17,True
guangzhou,168,6,9033.0,trad_persistence,deterministic,rmse_scaled,0.5557280170127277,0.5557280170127277,0.0,True
guangzhou,168,6,9033.0,trad_persistence,deterministic,mae_scaled,0.3148518204689026,0.3148518204689026,0.0,True
guangzhou,168,6,9033.0,trad_persistence,deterministic,rmse_ugm3,16.726205825805664,16.726205825805664,0.0,True
guangzhou,168,6,9033.0,trad_persistence,deterministic,mae_ugm3,9.476356506347656,9.476356506347656,0.0,True
guangzhou,168,6,9033.0,trad_persistence,deterministic,smape_percent,25.65839576721192,25.658395767211914,7.105427357601002e-15,True
guangzhou,168,6,9038.0,center_gru_default,7001,mse_scaled,0.2363149374723434,0.23631493747234344,5.551115123125783e-17,True
guangzhou,168,6,9038.0,center_gru_default,7001,rmse_scaled,0.4861223482543704,0.48612234825437045,5.551115123125783e-17,True
guangzhou,168,6,9038.0,center_gru_default,7001,mae_scaled,0.3484900593757629,0.34849005937576294,5.551115123125783e-17,True
guangzhou,168,6,9038.0,center_gru_default,7001,rmse_ugm3,11.472061157226562,11.472061157226562,0.0,True
guangzhou,168,6,9038.0,center_gru_default,7001,mae_ugm3,8.224061012268066,8.224061012268066,0.0,True
guangzhou,168,6,9038.0,center_gru_default,7001,smape_percent,26.975080490112305,26.975080490112305,0.0,True
guangzhou,168,6,9038.0,center_gru_matched,7001,mse_scaled,0.2227509766817093,0.2227509766817093,0.0,True
guangzhou,168,6,9038.0,center_gru_matched,7001,rmse_scaled,0.4719650163748466,0.47196501637484667,5.551115123125783e-17,True
guangzhou,168,6,9038.0,center_gru_matched,7001,mae_scaled,0.3340947329998016,0.33409473299980164,5.551115123125783e-17,True
guangzhou,168,6,9038.0,center_gru_matched,7001,rmse_ugm3,11.137961387634276,11.137961387634277,1.7763568394002505e-15,True
guangzhou,168,6,9038.0,center_gru_matched,7001,mae_ugm3,7.88434362411499,7.88434362411499,0.0,True
guangzhou,168,6,9038.0,center_gru_matched,7001,smape_percent,25.823598861694336,25.823598861694336,0.0,True
guangzhou,168,6,9038.0,center_gru_default,7002,mse_scaled,0.2333340644836425,0.23333406448364258,8.326672684688674e-17,True
guangzhou,168,6,9038.0,center_gru_default,7002,rmse_scaled,0.4830466483515258,0.4830466483515258,0.0,True
guangzhou,168,6,9038.0,center_gru_default,7002,mae_scaled,0.3460307717323303,0.3460307717323303,0.0,True
guangzhou,168,6,9038.0,center_gru_default,7002,rmse_ugm3,11.3994779586792,11.3994779586792,0.0,True
guangzhou,168,6,9038.0,center_gru_default,7002,mae_ugm3,8.166023254394531,8.166023254394531,0.0,True
guangzhou,168,6,9038.0,center_gru_default,7002,smape_percent,26.682796478271484,26.682796478271484,0.0,True
guangzhou,168,6,9038.0,center_gru_matched,7002,mse_scaled,0.2225373983383178,0.22253739833831787,8.326672684688674e-17,True
guangzhou,168,6,9038.0,center_gru_matched,7002,rmse_scaled,0.4717386970965153,0.47173869709651534,5.551115123125783e-17,True
guangzhou,168,6,9038.0,center_gru_matched,7002,mae_scaled,0.3343280553817749,0.3343280553817749,0.0,True
guangzhou,168,6,9038.0,center_gru_matched,7002,rmse_ugm3,11.132620811462402,11.132620811462402,0.0,True
guangzhou,168,6,9038.0,center_gru_matched,7002,mae_ugm3,7.889849662780762,7.889849662780762,0.0,True
guangzhou,168,6,9038.0,center_gru_matched,7002,smape_percent,25.88554000854492,25.885540008544922,3.552713678800501e-15,True
guangzhou,168,6,9038.0,center_gru_default,7003,mse_scaled,0.2394545674324035,0.23945456743240356,5.551115123125783e-17,True
guangzhou,168,6,9038.0,center_gru_default,7003,rmse_scaled,0.4893409521309284,0.48934095213092843,5.551115123125783e-17,True
guangzhou,168,6,9038.0,center_gru_default,7003,mae_scaled,0.3517695963382721,0.3517695963382721,0.0,True
guangzhou,168,6,9038.0,center_gru_default,7003,rmse_ugm3,11.548018455505373,11.548018455505371,1.7763568394002505e-15,True
guangzhou,168,6,9038.0,center_gru_default,7003,mae_ugm3,8.301454544067383,8.301454544067383,0.0,True
guangzhou,168,6,9038.0,center_gru_default,7003,smape_percent,27.059722900390625,27.059722900390625,0.0,True
guangzhou,168,6,9038.0,center_gru_matched,7003,mse_scaled,0.227354347705841,0.22735434770584106,5.551115123125783e-17,True
guangzhou,168,6,9038.0,center_gru_matched,7003,rmse_scaled,0.4768168911708572,0.4768168911708572,0.0,True
guangzhou,168,6,9038.0,center_gru_matched,7003,mae_scaled,0.3422499597072601,0.34224995970726013,5.551115123125783e-17,True
guangzhou,168,6,9038.0,center_gru_matched,7003,rmse_ugm3,11.25246238708496,11.252462387084961,1.7763568394002505e-15,True
guangzhou,168,6,9038.0,center_gru_matched,7003,mae_ugm3,8.076799392700195,8.076799392700195,0.0,True
guangzhou,168,6,9038.0,center_gru_matched,7003,smape_percent,26.545143127441406,26.545143127441406,0.0,True
guangzhou,168,6,9038.0,trad_climatology,deterministic,mse_scaled,0.7167396545410156,0.7167396545410156,0.0,True
guangzhou,168,6,9038.0,trad_climatology,deterministic,rmse_scaled,0.8466047806036862,0.8466047806036862,0.0,True
guangzhou,168,6,9038.0,trad_climatology,deterministic,mae_scaled,0.7061784863471985,0.7061784863471985,0.0,True
guangzhou,168,6,9038.0,trad_climatology,deterministic,rmse_ugm3,19.9791316986084,19.9791316986084,0.0,True
guangzhou,168,6,9038.0,trad_climatology,deterministic,mae_ugm3,16.665193557739258,16.665193557739258,0.0,True
guangzhou,168,6,9038.0,trad_climatology,deterministic,smape_percent,49.65192794799805,49.65192794799805,0.0,True
guangzhou,168,6,9038.0,trad_daily_naive,deterministic,mse_scaled,0.7367849946022034,0.7367849946022034,0.0,True
guangzhou,168,6,9038.0,trad_daily_naive,deterministic,rmse_scaled,0.8583618086810499,0.8583618086810499,0.0,True
guangzhou,168,6,9038.0,trad_daily_naive,deterministic,mae_scaled,0.6561465263366699,0.6561465263366699,0.0,True
guangzhou,168,6,9038.0,trad_daily_naive,deterministic,rmse_ugm3,20.2565860748291,20.2565860748291,0.0,True
guangzhou,168,6,9038.0,trad_daily_naive,deterministic,mae_ugm3,15.48448371887207,15.48448371887207,0.0,True
guangzhou,168,6,9038.0,trad_daily_naive,deterministic,smape_percent,49.30525588989258,49.30525588989258,0.0,True
guangzhou,168,6,9038.0,trad_persistence,deterministic,mse_scaled,0.253663957118988,0.25366395711898804,5.551115123125783e-17,True
guangzhou,168,6,9038.0,trad_persistence,deterministic,rmse_scaled,0.5036506300194491,0.5036506300194491,0.0,True
guangzhou,168,6,9038.0,trad_persistence,deterministic,mae_scaled,0.3482720255851745,0.34827202558517456,5.551115123125783e-17,True
guangzhou,168,6,9038.0,trad_persistence,deterministic,rmse_ugm3,11.885714530944824,11.885714530944824,0.0,True
guangzhou,168,6,9038.0,trad_persistence,deterministic,mae_ugm3,8.218914985656738,8.218914985656738,0.0,True
guangzhou,168,6,9038.0,trad_persistence,deterministic,smape_percent,27.469221115112305,27.469221115112305,0.0,True
guangzhou,168,6,9039.0,center_gru_matched,7001,mse_scaled,0.3029763102531433,0.3029763102531433,0.0,True
guangzhou,168,6,9039.0,center_gru_matched,7001,rmse_scaled,0.5504328390032187,0.5504328390032187,0.0,True
guangzhou,168,6,9039.0,center_gru_matched,7001,mae_scaled,0.341815322637558,0.341815322637558,0.0,True
guangzhou,168,6,9039.0,center_gru_matched,7001,rmse_ugm3,11.41543960571289,11.41543960571289,0.0,True
guangzhou,168,6,9039.0,center_gru_matched,7001,mae_ugm3,7.088915824890137,7.088915824890137,0.0,True
guangzhou,168,6,9039.0,center_gru_matched,7001,smape_percent,19.2139949798584,19.2139949798584,0.0,True
guangzhou,168,6,9039.0,center_gru_matched,7002,mse_scaled,0.3051607012748718,0.3051607012748718,0.0,True
guangzhou,168,6,9039.0,center_gru_matched,7002,rmse_scaled,0.5524135237979532,0.5524135237979532,0.0,True
guangzhou,168,6,9039.0,center_gru_matched,7002,mae_scaled,0.3470368087291717,0.34703680872917175,5.551115123125783e-17,True
guangzhou,168,6,9039.0,center_gru_matched,7002,rmse_ugm3,11.456517219543455,11.456517219543457,1.7763568394002505e-15,True
guangzhou,168,6,9039.0,center_gru_matched,7002,mae_ugm3,7.197204113006592,7.197204113006592,0.0,True
guangzhou,168,6,9039.0,center_gru_matched,7002,smape_percent,19.49485206604004,19.49485206604004,0.0,True
guangzhou,168,6,9039.0,center_gru_matched,7003,mse_scaled,0.3103795349597931,0.3103795349597931,0.0,True
guangzhou,168,6,9039.0,center_gru_matched,7003,rmse_scaled,0.557117164481398,0.557117164481398,0.0,True
guangzhou,168,6,9039.0,center_gru_matched,7003,mae_scaled,0.3489457368850708,0.3489457368850708,0.0,True
guangzhou,168,6,9039.0,center_gru_matched,7003,rmse_ugm3,11.554065704345703,11.554065704345703,0.0,True
guangzhou,168,6,9039.0,center_gru_matched,7003,mae_ugm3,7.236794471740723,7.236794471740723,0.0,True
guangzhou,168,6,9039.0,center_gru_matched,7003,smape_percent,19.57470321655273,19.574703216552734,3.552713678800501e-15,True
guangzhou,168,6,9039.0,trad_climatology,deterministic,mse_scaled,1.0512439012527466,1.0512439012527466,0.0,True
guangzhou,168,6,9039.0,trad_climatology,deterministic,rmse_scaled,1.025301858602015,1.025301858602015,0.0,True
guangzhou,168,6,9039.0,trad_climatology,deterministic,mae_scaled,0.7727339863777161,0.7727339863777161,0.0,True
guangzhou,168,6,9039.0,trad_climatology,deterministic,rmse_ugm3,21.26375770568848,21.263757705688477,3.552713678800501e-15,True
guangzhou,168,6,9039.0,trad_climatology,deterministic,mae_ugm3,16.025747299194336,16.025747299194336,0.0,True
guangzhou,168,6,9039.0,trad_climatology,deterministic,smape_percent,43.62422561645508,43.62422561645508,0.0,True
guangzhou,168,6,9039.0,trad_daily_naive,deterministic,mse_scaled,1.3387681245803833,1.3387681245803833,0.0,True
guangzhou,168,6,9039.0,trad_daily_naive,deterministic,rmse_scaled,1.1570514787944326,1.1570514787944326,0.0,True
guangzhou,168,6,9039.0,trad_daily_naive,deterministic,mae_scaled,0.8340327143669128,0.8340327143669128,0.0,True
guangzhou,168,6,9039.0,trad_daily_naive,deterministic,rmse_ugm3,23.9961166381836,23.996116638183594,7.105427357601002e-15,True
guangzhou,168,6,9039.0,trad_daily_naive,deterministic,mae_ugm3,17.29702377319336,17.29702377319336,0.0,True
guangzhou,168,6,9039.0,trad_daily_naive,deterministic,smape_percent,46.61090469360352,46.610904693603516,7.105427357601002e-15,True
guangzhou,168,6,9039.0,trad_persistence,deterministic,mse_scaled,0.3233199119567871,0.3233199119567871,0.0,True
guangzhou,168,6,9039.0,trad_persistence,deterministic,rmse_scaled,0.5686122685598571,0.5686122685598571,0.0,True
guangzhou,168,6,9039.0,trad_persistence,deterministic,mae_scaled,0.3263767957687378,0.3263767957687378,0.0,True
guangzhou,168,6,9039.0,trad_persistence,deterministic,rmse_ugm3,11.792462348937988,11.792462348937988,0.0,True
guangzhou,168,6,9039.0,trad_persistence,deterministic,mae_ugm3,6.768735408782959,6.768735408782959,0.0,True
guangzhou,168,6,9039.0,trad_persistence,deterministic,smape_percent,17.44298553466797,17.44298553466797,0.0,True
guangzhou,168,6,9045.0,center_gru_default,7001,mse_scaled,0.5427056550979614,0.5427056550979614,0.0,True
guangzhou,168,6,9045.0,center_gru_default,7001,rmse_scaled,0.7366855876817202,0.7366855876817202,0.0,True
guangzhou,168,6,9045.0,center_gru_default,7001,mae_scaled,0.5066269040107727,0.5066269040107727,0.0,True
guangzhou,168,6,9045.0,center_gru_default,7001,rmse_ugm3,18.429027557373047,18.429027557373047,0.0,True
guangzhou,168,6,9045.0,center_gru_default,7001,mae_ugm3,12.673847198486328,12.673847198486328,0.0,True
guangzhou,168,6,9045.0,center_gru_default,7001,smape_percent,34.94377517700195,34.94377517700195,0.0,True
guangzhou,168,6,9045.0,center_gru_matched,7001,mse_scaled,0.5546784400939941,0.5546784400939941,0.0,True
guangzhou,168,6,9045.0,center_gru_matched,7001,rmse_scaled,0.7447673731400928,0.7447673731400928,0.0,True
guangzhou,168,6,9045.0,center_gru_matched,7001,mae_scaled,0.5083355903625488,0.5083355903625488,0.0,True
guangzhou,168,6,9045.0,center_gru_matched,7001,rmse_ugm3,18.63120079040528,18.631200790405273,7.105427357601002e-15,True
guangzhou,168,6,9045.0,center_gru_matched,7001,mae_ugm3,12.716591835021973,12.716591835021973,0.0,True
guangzhou,168,6,9045.0,center_gru_matched,7001,smape_percent,35.14990997314453,35.14990997314453,0.0,True
guangzhou,168,6,9045.0,center_gru_default,7002,mse_scaled,0.557641327381134,0.557641327381134,0.0,True
guangzhou,168,6,9045.0,center_gru_default,7002,rmse_scaled,0.7467538599706961,0.7467538599706961,0.0,True
guangzhou,168,6,9045.0,center_gru_default,7002,mae_scaled,0.5114749670028687,0.5114749670028687,0.0,True
guangzhou,168,6,9045.0,center_gru_default,7002,rmse_ugm3,18.680896759033203,18.680896759033203,0.0,True
guangzhou,168,6,9045.0,center_gru_default,7002,mae_ugm3,12.79512882232666,12.79512882232666,0.0,True
guangzhou,168,6,9045.0,center_gru_default,7002,smape_percent,35.351016998291016,35.351016998291016,0.0,True
guangzhou,168,6,9045.0,center_gru_matched,7002,mse_scaled,0.5634443759918213,0.5634443759918213,0.0,True
guangzhou,168,6,9045.0,center_gru_matched,7002,rmse_scaled,0.7506293199654682,0.7506293199654682,0.0,True
guangzhou,168,6,9045.0,center_gru_matched,7002,mae_scaled,0.5102413892745972,0.5102413892745972,0.0,True
guangzhou,168,6,9045.0,center_gru_matched,7002,rmse_ugm3,18.777847290039062,18.777847290039062,0.0,True
guangzhou,168,6,9045.0,center_gru_matched,7002,mae_ugm3,12.764267921447754,12.764267921447754,0.0,True
guangzhou,168,6,9045.0,center_gru_matched,7002,smape_percent,35.14668273925781,35.14668273925781,0.0,True
guangzhou,168,6,9045.0,center_gru_default,7003,mse_scaled,0.5763441920280457,0.5763441920280457,0.0,True
guangzhou,168,6,9045.0,center_gru_default,7003,rmse_scaled,0.7591733609841995,0.7591733609841995,0.0,True
guangzhou,168,6,9045.0,center_gru_default,7003,mae_scaled,0.5166866779327393,0.5166866779327393,0.0,True
guangzhou,168,6,9045.0,center_gru_default,7003,rmse_ugm3,18.99158477783203,18.99158477783203,0.0,True
guangzhou,168,6,9045.0,center_gru_default,7003,mae_ugm3,12.92550563812256,12.925505638122559,1.7763568394002505e-15,True
guangzhou,168,6,9045.0,center_gru_default,7003,smape_percent,35.62227249145508,35.62227249145508,0.0,True
guangzhou,168,6,9045.0,center_gru_matched,7003,mse_scaled,0.583042323589325,0.583042323589325,0.0,True
guangzhou,168,6,9045.0,center_gru_matched,7003,rmse_scaled,0.7635720814627294,0.7635720814627294,0.0,True
guangzhou,168,6,9045.0,center_gru_matched,7003,mae_scaled,0.5235859155654907,0.5235859155654907,0.0,True
guangzhou,168,6,9045.0,center_gru_matched,7003,rmse_ugm3,19.101621627807617,19.101621627807617,0.0,True
guangzhou,168,6,9045.0,center_gru_matched,7003,mae_ugm3,13.098097801208496,13.098097801208496,0.0,True
guangzhou,168,6,9045.0,center_gru_matched,7003,smape_percent,36.18647766113281,36.18647766113281,0.0,True
guangzhou,168,6,9045.0,trad_climatology,deterministic,mse_scaled,1.0032230615615845,1.0032230615615845,0.0,True
guangzhou,168,6,9045.0,trad_climatology,deterministic,rmse_scaled,1.0016102343534556,1.0016102343534556,0.0,True
guangzhou,168,6,9045.0,trad_climatology,deterministic,mae_scaled,0.7804322838783264,0.7804322838783264,0.0,True
guangzhou,168,6,9045.0,trad_climatology,deterministic,rmse_ugm3,25.05641746520996,25.05641746520996,0.0,True
guangzhou,168,6,9045.0,trad_climatology,deterministic,mae_ugm3,19.523399353027344,19.523399353027344,0.0,True
guangzhou,168,6,9045.0,trad_climatology,deterministic,smape_percent,52.16326141357422,52.16326141357422,0.0,True
guangzhou,168,6,9045.0,trad_daily_naive,deterministic,mse_scaled,1.1875005960464478,1.1875005960464478,0.0,True
guangzhou,168,6,9045.0,trad_daily_naive,deterministic,rmse_scaled,1.0897250093700006,1.0897250093700006,0.0,True
guangzhou,168,6,9045.0,trad_daily_naive,deterministic,mae_scaled,0.7844967842102051,0.7844967842102051,0.0,True
guangzhou,168,6,9045.0,trad_daily_naive,deterministic,rmse_ugm3,27.26070976257324,27.260709762573242,3.552713678800501e-15,True
guangzhou,168,6,9045.0,trad_daily_naive,deterministic,mae_ugm3,19.62508010864257,19.625080108642578,7.105427357601002e-15,True
guangzhou,168,6,9045.0,trad_daily_naive,deterministic,smape_percent,53.24840545654297,53.24840545654297,0.0,True
guangzhou,168,6,9045.0,trad_persistence,deterministic,mse_scaled,0.6851467490196228,0.6851467490196228,0.0,True
guangzhou,168,6,9045.0,trad_persistence,deterministic,rmse_scaled,0.827735917439628,0.827735917439628,0.0,True
guangzhou,168,6,9045.0,trad_persistence,deterministic,mae_scaled,0.5567949414253235,0.5567949414253235,0.0,True
guangzhou,168,6,9045.0,trad_persistence,deterministic,rmse_ugm3,20.70675468444824,20.706754684448242,3.552713678800501e-15,True
guangzhou,168,6,9045.0,trad_persistence,deterministic,mae_ugm3,13.928857803344728,13.928857803344727,1.7763568394002505e-15,True
guangzhou,168,6,9045.0,trad_persistence,deterministic,smape_percent,38.17280960083008,38.17280960083008,0.0,True
guangzhou,168,6,9046.0,center_gru_default,7001,mse_scaled,0.3226196765899658,0.3226196765899658,0.0,True
guangzhou,168,6,9046.0,center_gru_default,7001,rmse_scaled,0.5679961941685576,0.5679961941685576,0.0,True
guangzhou,168,6,9046.0,center_gru_default,7001,mae_scaled,0.3854657709598541,0.3854657709598541,0.0,True
guangzhou,168,6,9046.0,center_gru_default,7001,rmse_ugm3,16.42925262451172,16.42925262451172,0.0,True
guangzhou,168,6,9046.0,center_gru_default,7001,mae_ugm3,11.149571418762209,11.149571418762207,1.7763568394002505e-15,True
guangzhou,168,6,9046.0,center_gru_default,7001,smape_percent,33.215301513671875,33.215301513671875,0.0,True
guangzhou,168,6,9046.0,center_gru_matched,7001,mse_scaled,0.3116726875305176,0.3116726875305176,0.0,True
guangzhou,168,6,9046.0,center_gru_matched,7001,rmse_scaled,0.558276533207798,0.558276533207798,0.0,True
guangzhou,168,6,9046.0,center_gru_matched,7001,mae_scaled,0.3679144978523254,0.36791449785232544,5.551115123125783e-17,True
guangzhou,168,6,9046.0,center_gru_matched,7001,rmse_ugm3,16.148113250732422,16.148113250732422,0.0,True
guangzhou,168,6,9046.0,center_gru_matched,7001,mae_ugm3,10.641902923583984,10.641902923583984,0.0,True
guangzhou,168,6,9046.0,center_gru_matched,7001,smape_percent,31.24326705932617,31.243267059326172,3.552713678800501e-15,True
guangzhou,168,6,9046.0,center_gru_default,7002,mse_scaled,0.3150844871997833,0.3150844871997833,0.0,True
guangzhou,168,6,9046.0,center_gru_default,7002,rmse_scaled,0.5613238701496519,0.5613238701496519,0.0,True
guangzhou,168,6,9046.0,center_gru_default,7002,mae_scaled,0.3701069951057434,0.3701069951057434,0.0,True
guangzhou,168,6,9046.0,center_gru_default,7002,rmse_ugm3,16.236255645751953,16.236255645751953,0.0,True
guangzhou,168,6,9046.0,center_gru_default,7002,mae_ugm3,10.705321311950684,10.705321311950684,0.0,True
guangzhou,168,6,9046.0,center_gru_default,7002,smape_percent,31.24399185180664,31.24399185180664,0.0,True
guangzhou,168,6,9046.0,center_gru_matched,7002,mse_scaled,0.3146059811115265,0.3146059811115265,0.0,True
guangzhou,168,6,9046.0,center_gru_matched,7002,rmse_scaled,0.5608974782538485,0.5608974782538485,0.0,True
guangzhou,168,6,9046.0,center_gru_matched,7002,mae_scaled,0.371315598487854,0.371315598487854,0.0,True
guangzhou,168,6,9046.0,center_gru_matched,7002,rmse_ugm3,16.223922729492188,16.223922729492188,0.0,True
guangzhou,168,6,9046.0,center_gru_matched,7002,mae_ugm3,10.740279197692873,10.740279197692871,1.7763568394002505e-15,True
guangzhou,168,6,9046.0,center_gru_matched,7002,smape_percent,31.51593589782715,31.51593589782715,0.0,True
guangzhou,168,6,9046.0,center_gru_default,7003,mse_scaled,0.31488898396492,0.31488898396492004,5.551115123125783e-17,True
guangzhou,168,6,9046.0,center_gru_default,7003,rmse_scaled,0.5611496983559022,0.5611496983559022,0.0,True
guangzhou,168,6,9046.0,center_gru_default,7003,mae_scaled,0.3707399368286133,0.3707399368286133,0.0,True
guangzhou,168,6,9046.0,center_gru_default,7003,rmse_ugm3,16.231220245361328,16.231220245361328,0.0,True
guangzhou,168,6,9046.0,center_gru_default,7003,mae_ugm3,10.723628044128418,10.723628044128418,0.0,True
guangzhou,168,6,9046.0,center_gru_default,7003,smape_percent,31.38473129272461,31.38473129272461,0.0,True
guangzhou,168,6,9046.0,center_gru_matched,7003,mse_scaled,0.3114079535007477,0.3114079535007477,0.0,True
guangzhou,168,6,9046.0,center_gru_matched,7003,rmse_scaled,0.5580393834674643,0.5580393834674643,0.0,True
guangzhou,168,6,9046.0,center_gru_matched,7003,mae_scaled,0.3715885877609253,0.3715885877609253,0.0,True
guangzhou,168,6,9046.0,center_gru_matched,7003,rmse_ugm3,16.141254425048828,16.141254425048828,0.0,True
guangzhou,168,6,9046.0,center_gru_matched,7003,mae_ugm3,10.748175621032717,10.748175621032715,1.7763568394002505e-15,True
guangzhou,168,6,9046.0,center_gru_matched,7003,smape_percent,31.69245719909668,31.69245719909668,0.0,True
guangzhou,168,6,9046.0,trad_climatology,deterministic,mse_scaled,0.9368306994438172,0.9368306994438171,1.1102230246251565e-16,True
guangzhou,168,6,9046.0,trad_climatology,deterministic,rmse_scaled,0.9679001495215388,0.9679001495215388,0.0,True
guangzhou,168,6,9046.0,trad_climatology,deterministic,mae_scaled,0.807838499546051,0.807838499546051,0.0,True
guangzhou,168,6,9046.0,trad_climatology,deterministic,rmse_ugm3,27.996448516845703,27.996448516845703,0.0,True
guangzhou,168,6,9046.0,trad_climatology,deterministic,mae_ugm3,23.366674423217773,23.366674423217773,0.0,True
guangzhou,168,6,9046.0,trad_climatology,deterministic,smape_percent,60.69829940795898,60.698299407958984,7.105427357601002e-15,True
guangzhou,168,6,9046.0,trad_daily_naive,deterministic,mse_scaled,1.0955880880355835,1.0955880880355835,0.0,True
guangzhou,168,6,9046.0,trad_daily_naive,deterministic,rmse_scaled,1.046703438436878,1.046703438436878,0.0,True
guangzhou,168,6,9046.0,trad_daily_naive,deterministic,mae_scaled,0.7458505034446716,0.7458505034446716,0.0,True
guangzhou,168,6,9046.0,trad_daily_naive,deterministic,rmse_ugm3,30.275829315185547,30.275829315185547,0.0,True
guangzhou,168,6,9046.0,trad_daily_naive,deterministic,mae_ugm3,21.57367515563965,21.57367515563965,0.0,True
guangzhou,168,6,9046.0,trad_daily_naive,deterministic,smape_percent,58.96876907348633,58.96876907348633,0.0,True
guangzhou,168,6,9046.0,trad_persistence,deterministic,mse_scaled,0.3563648164272308,0.35636481642723083,5.551115123125783e-17,True
guangzhou,168,6,9046.0,trad_persistence,deterministic,rmse_scaled,0.5969629941857626,0.5969629941857626,0.0,True
guangzhou,168,6,9046.0,trad_persistence,deterministic,mae_scaled,0.369522362947464,0.369522362947464,0.0,True
guangzhou,168,6,9046.0,trad_persistence,deterministic,rmse_ugm3,17.267114639282227,17.267114639282227,0.0,True
guangzhou,168,6,9046.0,trad_persistence,deterministic,mae_ugm3,10.688410758972168,10.688410758972168,0.0,True
guangzhou,168,6,9046.0,trad_persistence,deterministic,smape_percent,29.28239631652832,29.28239631652832,0.0,True
guangzhou,24,1,9020.0,center_gru_default,7001,mse_scaled,0.0715501382946968,0.07155013829469681,1.3877787807814457e-17,True
guangzhou,24,1,9020.0,center_gru_default,7001,rmse_scaled,0.2674885760078303,0.2674885760078303,0.0,True
guangzhou,24,1,9020.0,center_gru_default,7001,mae_scaled,0.1901587098836898,0.19015870988368988,8.326672684688674e-17,True
guangzhou,24,1,9020.0,center_gru_default,7001,rmse_ugm3,6.201926708221436,6.2019267082214355,8.881784197001252e-16,True
guangzhou,24,1,9020.0,center_gru_default,7001,mae_ugm3,4.408974170684815,4.4089741706848145,8.881784197001252e-16,True
guangzhou,24,1,9020.0,center_gru_default,7001,smape_percent,19.13247299194336,19.13247299194336,0.0,True
guangzhou,24,1,9020.0,center_gru_matched,7001,mse_scaled,0.0703940317034721,0.07039403170347214,4.163336342344337e-17,True
guangzhou,24,1,9020.0,center_gru_matched,7001,rmse_scaled,0.2653187360581083,0.2653187360581083,0.0,True
guangzhou,24,1,9020.0,center_gru_matched,7001,mae_scaled,0.1901226341724395,0.19012263417243958,8.326672684688674e-17,True
guangzhou,24,1,9020.0,center_gru_matched,7001,rmse_ugm3,6.151617050170898,6.151617050170898,0.0,True
guangzhou,24,1,9020.0,center_gru_matched,7001,mae_ugm3,4.408138275146484,4.408138275146484,0.0,True
guangzhou,24,1,9020.0,center_gru_matched,7001,smape_percent,19.57358741760254,19.57358741760254,0.0,True
guangzhou,24,1,9020.0,center_gru_default,7002,mse_scaled,0.0695207267999649,0.0695207267999649,0.0,True
guangzhou,24,1,9020.0,center_gru_default,7002,rmse_scaled,0.2636678342156375,0.2636678342156375,0.0,True
guangzhou,24,1,9020.0,center_gru_default,7002,mae_scaled,0.1853567063808441,0.18535670638084412,2.7755575615628914e-17,True
guangzhou,24,1,9020.0,center_gru_default,7002,rmse_ugm3,6.113339424133301,6.113339424133301,0.0,True
guangzhou,24,1,9020.0,center_gru_default,7002,mae_ugm3,4.297636032104492,4.297636032104492,0.0,True
guangzhou,24,1,9020.0,center_gru_default,7002,smape_percent,18.479915618896484,18.479915618896484,0.0,True
guangzhou,24,1,9020.0,center_gru_matched,7002,mse_scaled,0.0693911090493202,0.06939110904932022,2.7755575615628914e-17,True
guangzhou,24,1,9020.0,center_gru_matched,7002,rmse_scaled,0.263421922112265,0.263421922112265,0.0,True
guangzhou,24,1,9020.0,center_gru_matched,7002,mae_scaled,0.1863736808300018,0.18637368083000183,2.7755575615628914e-17,True
guangzhou,24,1,9020.0,center_gru_matched,7002,rmse_ugm3,6.107637882232666,6.107637882232666,0.0,True
guangzhou,24,1,9020.0,center_gru_matched,7002,mae_ugm3,4.321216106414795,4.321216106414795,0.0,True
guangzhou,24,1,9020.0,center_gru_matched,7002,smape_percent,18.78751945495605,18.787519454956055,3.552713678800501e-15,True
guangzhou,24,1,9020.0,center_gru_default,7003,mse_scaled,0.069206990301609,0.06920699030160904,4.163336342344337e-17,True
guangzhou,24,1,9020.0,center_gru_default,7003,rmse_scaled,0.2630722149935432,0.2630722149935432,0.0,True
guangzhou,24,1,9020.0,center_gru_default,7003,mae_scaled,0.1851208955049514,0.18512089550495148,8.326672684688674e-17,True
guangzhou,24,1,9020.0,center_gru_default,7003,rmse_ugm3,6.09952974319458,6.09952974319458,0.0,True
guangzhou,24,1,9020.0,center_gru_default,7003,mae_ugm3,4.292168617248535,4.292168617248535,0.0,True
guangzhou,24,1,9020.0,center_gru_default,7003,smape_percent,18.385055541992188,18.385055541992188,0.0,True
guangzhou,24,1,9020.0,center_gru_matched,7003,mse_scaled,0.0703103020787239,0.07031030207872391,1.3877787807814457e-17,True
guangzhou,24,1,9020.0,center_gru_matched,7003,rmse_scaled,0.2651608984724631,0.26516089847246316,5.551115123125783e-17,True
guangzhou,24,1,9020.0,center_gru_matched,7003,mae_scaled,0.1868000924587249,0.18680009245872498,8.326672684688674e-17,True
guangzhou,24,1,9020.0,center_gru_matched,7003,rmse_ugm3,6.1479573249816895,6.1479573249816895,0.0,True
guangzhou,24,1,9020.0,center_gru_matched,7003,mae_ugm3,4.3311028480529785,4.3311028480529785,0.0,True
guangzhou,24,1,9020.0,center_gru_matched,7003,smape_percent,18.460174560546875,18.460174560546875,0.0,True
guangzhou,24,1,9020.0,trad_climatology,deterministic,mse_scaled,1.0041288137435913,1.0041288137435913,0.0,True
guangzhou,24,1,9020.0,trad_climatology,deterministic,rmse_scaled,1.00206228037163,1.0020622803716301,2.220446049250313e-16,True
guangzhou,24,1,9020.0,trad_climatology,deterministic,mae_scaled,0.8287321925163269,0.8287321925163269,0.0,True
guangzhou,24,1,9020.0,trad_climatology,deterministic,rmse_ugm3,23.233577728271484,23.233577728271484,0.0,True
guangzhou,24,1,9020.0,trad_climatology,deterministic,mae_ugm3,19.214786529541016,19.214786529541016,0.0,True
guangzhou,24,1,9020.0,trad_climatology,deterministic,smape_percent,60.41189956665039,60.41189956665039,0.0,True
guangzhou,24,1,9020.0,trad_daily_naive,deterministic,mse_scaled,1.0188909769058228,1.0188909769058228,0.0,True
guangzhou,24,1,9020.0,trad_daily_naive,deterministic,rmse_scaled,1.00940129626716,1.00940129626716,0.0,True
guangzhou,24,1,9020.0,trad_daily_naive,deterministic,mae_scaled,0.7322602272033691,0.7322602272033691,0.0,True
guangzhou,24,1,9020.0,trad_daily_naive,deterministic,rmse_ugm3,23.403738021850582,23.403738021850586,3.552713678800501e-15,True
guangzhou,24,1,9020.0,trad_daily_naive,deterministic,mae_ugm3,16.978010177612305,16.978010177612305,0.0,True
guangzhou,24,1,9020.0,trad_daily_naive,deterministic,smape_percent,56.8948860168457,56.8948860168457,0.0,True
guangzhou,24,1,9020.0,trad_persistence,deterministic,mse_scaled,0.0713955461978912,0.07139554619789124,4.163336342344337e-17,True
guangzhou,24,1,9020.0,trad_persistence,deterministic,rmse_scaled,0.2671994502200392,0.26719945022003927,5.551115123125783e-17,True
guangzhou,24,1,9020.0,trad_persistence,deterministic,mae_scaled,0.1848496347665786,0.18484963476657867,8.326672684688674e-17,True
guangzhou,24,1,9020.0,trad_persistence,deterministic,rmse_ugm3,6.195222854614258,6.195222854614258,0.0,True
guangzhou,24,1,9020.0,trad_persistence,deterministic,mae_ugm3,4.285879611968994,4.285879611968994,0.0,True
guangzhou,24,1,9020.0,trad_persistence,deterministic,smape_percent,17.782411575317383,17.782411575317383,0.0,True
guangzhou,24,1,9026.0,center_gru_default,7001,mse_scaled,0.1130446717143058,0.11304467171430588,8.326672684688674e-17,True
guangzhou,24,1,9026.0,center_gru_default,7001,rmse_scaled,0.3362211648815492,0.3362211648815492,0.0,True
guangzhou,24,1,9026.0,center_gru_default,7001,mae_scaled,0.2032649219036102,0.20326492190361023,2.7755575615628914e-17,True
guangzhou,24,1,9026.0,center_gru_default,7001,rmse_ugm3,7.843941211700439,7.8439412117004395,8.881784197001252e-16,True
guangzhou,24,1,9026.0,center_gru_default,7001,mae_ugm3,4.742111206054688,4.7421112060546875,8.881784197001252e-16,True
guangzhou,24,1,9026.0,center_gru_default,7001,smape_percent,16.5854549407959,16.5854549407959,0.0,True
guangzhou,24,1,9026.0,center_gru_matched,7001,mse_scaled,0.1139915287494659,0.11399152874946594,4.163336342344337e-17,True
guangzhou,24,1,9026.0,center_gru_matched,7001,rmse_scaled,0.337626315250257,0.33762631525025705,5.551115123125783e-17,True
guangzhou,24,1,9026.0,center_gru_matched,7001,mae_scaled,0.2054513692855835,0.2054513692855835,0.0,True
guangzhou,24,1,9026.0,center_gru_matched,7001,rmse_ugm3,7.876723289489746,7.876723289489746,0.0,True
guangzhou,24,1,9026.0,center_gru_matched,7001,mae_ugm3,4.793120384216309,4.793120384216309,0.0,True
guangzhou,24,1,9026.0,center_gru_matched,7001,smape_percent,16.94826889038086,16.94826889038086,0.0,True
guangzhou,24,1,9026.0,center_gru_default,7002,mse_scaled,0.1099500283598899,0.10995002835988998,8.326672684688674e-17,True
guangzhou,24,1,9026.0,center_gru_default,7002,rmse_scaled,0.3315871353956452,0.33158713539564527,5.551115123125783e-17,True
guangzhou,24,1,9026.0,center_gru_default,7002,mae_scaled,0.195730984210968,0.19573098421096802,2.7755575615628914e-17,True
guangzhou,24,1,9026.0,center_gru_default,7002,rmse_ugm3,7.735831260681152,7.735831260681152,0.0,True
guangzhou,24,1,9026.0,center_gru_default,7002,mae_ugm3,4.566347122192383,4.566347122192383,0.0,True
guangzhou,24,1,9026.0,center_gru_default,7002,smape_percent,15.775506019592283,15.775506019592285,1.7763568394002505e-15,True
guangzhou,24,1,9026.0,center_gru_matched,7002,mse_scaled,0.1146200150251388,0.11462001502513885,5.551115123125783e-17,True
guangzhou,24,1,9026.0,center_gru_matched,7002,rmse_scaled,0.3385557783071186,0.33855577830711864,5.551115123125783e-17,True
guangzhou,24,1,9026.0,center_gru_matched,7002,mae_scaled,0.2071985006332397,0.20719850063323975,5.551115123125783e-17,True
guangzhou,24,1,9026.0,center_gru_matched,7002,rmse_ugm3,7.898407459259033,7.898407459259033,0.0,True
guangzhou,24,1,9026.0,center_gru_matched,7002,mae_ugm3,4.833880424499512,4.833880424499512,0.0,True
guangzhou,24,1,9026.0,center_gru_matched,7002,smape_percent,17.089229583740234,17.089229583740234,0.0,True
guangzhou,24,1,9026.0,center_gru_default,7003,mse_scaled,0.1102289333939552,0.11022893339395523,2.7755575615628914e-17,True
guangzhou,24,1,9026.0,center_gru_default,7003,rmse_scaled,0.3320074297270397,0.3320074297270397,0.0,True
guangzhou,24,1,9026.0,center_gru_default,7003,mae_scaled,0.1939013451337814,0.19390134513378143,2.7755575615628914e-17,True
guangzhou,24,1,9026.0,center_gru_default,7003,rmse_ugm3,7.745636463165283,7.745636463165283,0.0,True
guangzhou,24,1,9026.0,center_gru_default,7003,mae_ugm3,4.523662090301514,4.523662090301514,0.0,True
guangzhou,24,1,9026.0,center_gru_default,7003,smape_percent,15.559212684631348,15.559212684631348,0.0,True
guangzhou,24,1,9026.0,center_gru_matched,7003,mse_scaled,0.1116928681731224,0.1116928681731224,0.0,True
guangzhou,24,1,9026.0,center_gru_matched,7003,rmse_scaled,0.3342048296675594,0.33420482966755943,5.551115123125783e-17,True
guangzhou,24,1,9026.0,center_gru_matched,7003,mae_scaled,0.194912314414978,0.19491231441497803,2.7755575615628914e-17,True
guangzhou,24,1,9026.0,center_gru_matched,7003,rmse_ugm3,7.796901226043701,7.796901226043701,0.0,True
guangzhou,24,1,9026.0,center_gru_matched,7003,mae_ugm3,4.547247409820557,4.547247409820557,0.0,True
guangzhou,24,1,9026.0,center_gru_matched,7003,smape_percent,15.524885177612305,15.524885177612305,0.0,True
guangzhou,24,1,9026.0,trad_climatology,deterministic,mse_scaled,1.0302568674087524,1.0302568674087524,0.0,True
guangzhou,24,1,9026.0,trad_climatology,deterministic,rmse_scaled,1.0150156981095182,1.0150156981095182,0.0,True
guangzhou,24,1,9026.0,trad_climatology,deterministic,mae_scaled,0.8052375316619873,0.8052375316619873,0.0,True
guangzhou,24,1,9026.0,trad_climatology,deterministic,rmse_ugm3,23.680021286010746,23.680021286010742,3.552713678800501e-15,True
guangzhou,24,1,9026.0,trad_climatology,deterministic,mae_ugm3,18.78595733642578,18.78595733642578,0.0,True
guangzhou,24,1,9026.0,trad_climatology,deterministic,smape_percent,53.66375350952149,53.663753509521484,7.105427357601002e-15,True
guangzhou,24,1,9026.0,trad_daily_naive,deterministic,mse_scaled,1.1942336559295654,1.1942336559295654,0.0,True
guangzhou,24,1,9026.0,trad_daily_naive,deterministic,rmse_scaled,1.0928099816205767,1.0928099816205767,0.0,True
guangzhou,24,1,9026.0,trad_daily_naive,deterministic,mae_scaled,0.7576077580451965,0.7576077580451965,0.0,True
guangzhou,24,1,9026.0,trad_daily_naive,deterministic,rmse_ugm3,25.49493789672852,25.494937896728516,3.552713678800501e-15,True
guangzhou,24,1,9026.0,trad_daily_naive,deterministic,mae_ugm3,17.674768447875977,17.674768447875977,0.0,True
guangzhou,24,1,9026.0,trad_daily_naive,deterministic,smape_percent,52.95940017700195,52.95940017700195,0.0,True
guangzhou,24,1,9026.0,trad_persistence,deterministic,mse_scaled,0.1127444207668304,0.11274442076683044,4.163336342344337e-17,True
guangzhou,24,1,9026.0,trad_persistence,deterministic,rmse_scaled,0.3357743599008573,0.3357743599008573,0.0,True
guangzhou,24,1,9026.0,trad_persistence,deterministic,mae_scaled,0.1922173649072647,0.1922173649072647,0.0,True
guangzhou,24,1,9026.0,trad_persistence,deterministic,rmse_ugm3,7.833518028259277,7.833518028259277,0.0,True
guangzhou,24,1,9026.0,trad_persistence,deterministic,mae_ugm3,4.484375,4.484375,0.0,True
guangzhou,24,1,9026.0,trad_persistence,deterministic,smape_percent,14.631364822387695,14.631364822387695,0.0,True
guangzhou,24,1,9032.0,center_gru_matched,7001,mse_scaled,0.0506254658102989,0.05062546581029892,2.0816681711721685e-17,True
guangzhou,24,1,9032.0,center_gru_matched,7001,rmse_scaled,0.2250010351316164,0.22500103513161648,8.326672684688674e-17,True
guangzhou,24,1,9032.0,center_gru_matched,7001,mae_scaled,0.1328956931829452,0.13289569318294525,5.551115123125783e-17,True
guangzhou,24,1,9032.0,center_gru_matched,7001,rmse_ugm3,6.479537010192871,6.479537010192871,0.0,True
guangzhou,24,1,9032.0,center_gru_matched,7001,mae_ugm3,3.827104806900024,3.8271048069000244,4.440892098500626e-16,True
guangzhou,24,1,9032.0,center_gru_matched,7001,smape_percent,10.236024856567385,10.236024856567383,1.7763568394002505e-15,True
guangzhou,24,1,9032.0,center_gru_default,7002,mse_scaled,0.0940385460853576,0.09403854608535767,6.938893903907228e-17,True
guangzhou,24,1,9032.0,center_gru_default,7002,rmse_scaled,0.3066570496260565,0.3066570496260565,0.0,True
guangzhou,24,1,9032.0,center_gru_default,7002,mae_scaled,0.198600023984909,0.19860002398490906,5.551115123125783e-17,True
guangzhou,24,1,9032.0,center_gru_default,7002,rmse_ugm3,8.831050872802734,8.831050872802734,0.0,True
guangzhou,24,1,9032.0,center_gru_default,7002,mae_ugm3,5.719245433807373,5.719245433807373,0.0,True
guangzhou,24,1,9032.0,center_gru_default,7002,smape_percent,16.035552978515625,16.035552978515625,0.0,True
guangzhou,24,1,9032.0,center_gru_matched,7002,mse_scaled,0.049659926444292,0.04965992644429207,6.938893903907228e-17,True
guangzhou,24,1,9032.0,center_gru_matched,7002,rmse_scaled,0.2228450727395426,0.22284507273954268,8.326672684688674e-17,True
guangzhou,24,1,9032.0,center_gru_matched,7002,mae_scaled,0.1307865530252456,0.13078655302524567,5.551115123125783e-17,True
guangzhou,24,1,9032.0,center_gru_matched,7002,rmse_ugm3,6.417449951171875,6.417449951171875,0.0,True
guangzhou,24,1,9032.0,center_gru_matched,7002,mae_ugm3,3.7663662433624254,3.7663662433624268,1.3322676295501878e-15,True
guangzhou,24,1,9032.0,center_gru_matched,7002,smape_percent,9.953137397766112,9.953137397766113,1.7763568394002505e-15,True
guangzhou,24,1,9032.0,center_gru_default,7003,mse_scaled,0.0502611100673675,0.050261110067367554,5.551115123125783e-17,True
guangzhou,24,1,9032.0,center_gru_default,7003,rmse_scaled,0.2241898973356461,0.22418989733564612,2.7755575615628914e-17,True
guangzhou,24,1,9032.0,center_gru_default,7003,mae_scaled,0.1317368745803833,0.1317368745803833,0.0,True
guangzhou,24,1,9032.0,center_gru_default,7003,rmse_ugm3,6.456178188323975,6.456178188323975,0.0,True
guangzhou,24,1,9032.0,center_gru_default,7003,mae_ugm3,3.7937333583831774,3.7937333583831787,1.3322676295501878e-15,True
guangzhou,24,1,9032.0,center_gru_default,7003,smape_percent,10.059971809387209,10.059971809387207,1.7763568394002505e-15,True
guangzhou,24,1,9032.0,center_gru_matched,7003,mse_scaled,0.0497957207262516,0.0497957207262516,0.0,True
guangzhou,24,1,9032.0,center_gru_matched,7003,rmse_scaled,0.2231495478961398,0.22314954789613983,2.7755575615628914e-17,True
guangzhou,24,1,9032.0,center_gru_matched,7003,mae_scaled,0.1303006559610366,0.13030065596103668,8.326672684688674e-17,True
guangzhou,24,1,9032.0,center_gru_matched,7003,rmse_ugm3,6.426218032836914,6.426218032836914,0.0,True
guangzhou,24,1,9032.0,center_gru_matched,7003,mae_ugm3,3.752373695373535,3.752373695373535,0.0,True
guangzhou,24,1,9032.0,center_gru_matched,7003,smape_percent,9.8704252243042,9.8704252243042,0.0,True
guangzhou,24,1,9032.0,trad_climatology,deterministic,mse_scaled,0.8732081055641174,0.8732081055641174,0.0,True
guangzhou,24,1,9032.0,trad_climatology,deterministic,rmse_scaled,0.9344560479573758,0.9344560479573758,0.0,True
guangzhou,24,1,9032.0,trad_climatology,deterministic,mae_scaled,0.7006328701972961,0.7006328701972961,0.0,True
guangzhou,24,1,9032.0,trad_climatology,deterministic,rmse_ugm3,26.91028594970703,26.91028594970703,0.0,True
guangzhou,24,1,9032.0,trad_climatology,deterministic,mae_ugm3,20.176692962646484,20.176692962646484,0.0,True
guangzhou,24,1,9032.0,trad_climatology,deterministic,smape_percent,51.33407211303711,51.33407211303711,0.0,True
guangzhou,24,1,9032.0,trad_daily_naive,deterministic,mse_scaled,1.0624425411224363,1.0624425411224365,2.220446049250313e-16,True
guangzhou,24,1,9032.0,trad_daily_naive,deterministic,rmse_scaled,1.03074853437802,1.03074853437802,0.0,True
guangzhou,24,1,9032.0,trad_daily_naive,deterministic,mae_scaled,0.6571197509765625,0.6571197509765625,0.0,True
guangzhou,24,1,9032.0,trad_daily_naive,deterministic,rmse_ugm3,29.68330192565918,29.68330192565918,0.0,True
guangzhou,24,1,9032.0,trad_daily_naive,deterministic,mae_ugm3,18.92361068725586,18.92361068725586,0.0,True
guangzhou,24,1,9032.0,trad_daily_naive,deterministic,smape_percent,45.68177032470703,45.68177032470703,0.0,True
guangzhou,24,1,9032.0,trad_persistence,deterministic,mse_scaled,0.050422366708517,0.050422366708517075,7.632783294297951e-17,True
guangzhou,24,1,9032.0,trad_persistence,deterministic,rmse_scaled,0.2245492523000624,0.2245492523000624,0.0,True
guangzhou,24,1,9032.0,trad_persistence,deterministic,mae_scaled,0.1299369037151336,0.12993690371513367,5.551115123125783e-17,True
guangzhou,24,1,9032.0,trad_persistence,deterministic,rmse_ugm3,6.466526985168457,6.466526985168457,0.0,True
guangzhou,24,1,9032.0,trad_persistence,deterministic,mae_ugm3,3.74189805984497,3.7418980598449707,8.881784197001252e-16,True
guangzhou,24,1,9032.0,trad_persistence,deterministic,smape_percent,9.908601760864258,9.908601760864258,0.0,True
guangzhou,24,1,9033.0,center_gru_default,7001,mse_scaled,0.1209124997258186,0.12091249972581863,2.7755575615628914e-17,True
guangzhou,24,1,9033.0,center_gru_default,7001,rmse_scaled,0.3477247470713274,0.34772474707132744,5.551115123125783e-17,True
guangzhou,24,1,9033.0,center_gru_default,7001,mae_scaled,0.1855492442846298,0.18554924428462982,2.7755575615628914e-17,True
guangzhou,24,1,9033.0,center_gru_default,7001,rmse_ugm3,10.465760231018066,10.465760231018066,0.0,True
guangzhou,24,1,9033.0,center_gru_default,7001,mae_ugm3,5.584629058837891,5.584629058837891,0.0,True
guangzhou,24,1,9033.0,center_gru_default,7001,smape_percent,16.100435256958008,16.100435256958008,0.0,True
guangzhou,24,1,9033.0,center_gru_matched,7001,mse_scaled,0.1234394833445549,0.1234394833445549,0.0,True
guangzhou,24,1,9033.0,center_gru_matched,7001,rmse_scaled,0.3513395556218441,0.3513395556218441,0.0,True
guangzhou,24,1,9033.0,center_gru_matched,7001,mae_scaled,0.1851781904697418,0.18517819046974182,2.7755575615628914e-17,True
guangzhou,24,1,9033.0,center_gru_matched,7001,rmse_ugm3,10.574557304382324,10.574557304382324,0.0,True
guangzhou,24,1,9033.0,center_gru_matched,7001,mae_ugm3,5.573461532592773,5.573461532592773,0.0,True
guangzhou,24,1,9033.0,center_gru_matched,7001,smape_percent,16.233022689819336,16.233022689819336,0.0,True
guangzhou,24,1,9033.0,center_gru_default,7002,mse_scaled,0.1270916759967804,0.1270916759967804,0.0,True
guangzhou,24,1,9033.0,center_gru_default,7002,rmse_scaled,0.3564991949454871,0.3564991949454871,0.0,True
guangzhou,24,1,9033.0,center_gru_default,7002,mae_scaled,0.1897013783454895,0.1897013783454895,0.0,True
guangzhou,24,1,9033.0,center_gru_default,7002,rmse_ugm3,10.729851722717283,10.729851722717285,1.7763568394002505e-15,True
guangzhou,24,1,9033.0,center_gru_default,7002,mae_ugm3,5.709599018096924,5.709599018096924,0.0,True
guangzhou,24,1,9033.0,center_gru_default,7002,smape_percent,16.810659408569336,16.810659408569336,0.0,True
guangzhou,24,1,9033.0,center_gru_matched,7002,mse_scaled,0.1216412484645843,0.12164124846458435,5.551115123125783e-17,True
guangzhou,24,1,9033.0,center_gru_matched,7002,rmse_scaled,0.3487710545108128,0.3487710545108128,0.0,True
guangzhou,24,1,9033.0,center_gru_matched,7002,mae_scaled,0.1806595176458358,0.18065951764583588,8.326672684688674e-17,True
guangzhou,24,1,9033.0,center_gru_matched,7002,rmse_ugm3,10.4972505569458,10.4972505569458,0.0,True
guangzhou,24,1,9033.0,center_gru_matched,7002,mae_ugm3,5.437459468841553,5.437459468841553,0.0,True
guangzhou,24,1,9033.0,center_gru_matched,7002,smape_percent,15.621869087219238,15.621869087219238,0.0,True
guangzhou,24,1,9033.0,center_gru_default,7003,mse_scaled,0.1286413520574569,0.12864135205745697,8.326672684688674e-17,True
guangzhou,24,1,9033.0,center_gru_default,7003,rmse_scaled,0.358666073189892,0.358666073189892,0.0,True
guangzhou,24,1,9033.0,center_gru_default,7003,mae_scaled,0.187273234128952,0.18727323412895203,2.7755575615628914e-17,True
guangzhou,24,1,9033.0,center_gru_default,7003,rmse_ugm3,10.795069694519045,10.795069694519043,1.7763568394002505e-15,True
guangzhou,24,1,9033.0,center_gru_default,7003,mae_ugm3,5.636517524719238,5.636517524719238,0.0,True
guangzhou,24,1,9033.0,center_gru_default,7003,smape_percent,16.522241592407227,16.522241592407227,0.0,True
guangzhou,24,1,9033.0,center_gru_matched,7003,mse_scaled,0.1243212148547172,0.12432121485471725,5.551115123125783e-17,True
guangzhou,24,1,9033.0,center_gru_matched,7003,rmse_scaled,0.3525921366887203,0.35259213668872036,5.551115123125783e-17,True
guangzhou,24,1,9033.0,center_gru_matched,7003,mae_scaled,0.1868133246898651,0.1868133246898651,0.0,True
guangzhou,24,1,9033.0,center_gru_matched,7003,rmse_ugm3,10.612257957458496,10.612257957458496,0.0,True
guangzhou,24,1,9033.0,center_gru_matched,7003,mae_ugm3,5.622674942016602,5.622674942016602,0.0,True
guangzhou,24,1,9033.0,center_gru_matched,7003,smape_percent,16.296955108642578,16.296955108642578,0.0,True
guangzhou,24,1,9033.0,trad_climatology,deterministic,mse_scaled,0.733343243598938,0.733343243598938,0.0,True
guangzhou,24,1,9033.0,trad_climatology,deterministic,rmse_scaled,0.8563546249066084,0.8563546249066084,0.0,True
guangzhou,24,1,9033.0,trad_climatology,deterministic,mae_scaled,0.6319951415061951,0.6319951415061951,0.0,True
guangzhou,24,1,9033.0,trad_climatology,deterministic,rmse_ugm3,25.7744140625,25.7744140625,0.0,True
guangzhou,24,1,9033.0,trad_climatology,deterministic,mae_ugm3,19.02168273925781,19.021682739257812,3.552713678800501e-15,True
guangzhou,24,1,9033.0,trad_climatology,deterministic,smape_percent,49.36126708984375,49.36126708984375,0.0,True
guangzhou,24,1,9033.0,trad_daily_naive,deterministic,mse_scaled,0.9749760031700134,0.9749760031700134,0.0,True
guangzhou,24,1,9033.0,trad_daily_naive,deterministic,rmse_scaled,0.9874087315646004,0.9874087315646005,1.1102230246251565e-16,True
guangzhou,24,1,9033.0,trad_daily_naive,deterministic,mae_scaled,0.6573471426963806,0.6573471426963806,0.0,True
guangzhou,24,1,9033.0,trad_daily_naive,deterministic,rmse_ugm3,29.718860626220703,29.718860626220703,0.0,True
guangzhou,24,1,9033.0,trad_daily_naive,deterministic,mae_ugm3,19.78472137451172,19.78472137451172,0.0,True
guangzhou,24,1,9033.0,trad_daily_naive,deterministic,smape_percent,49.996360778808594,49.996360778808594,0.0,True
guangzhou,24,1,9033.0,trad_persistence,deterministic,mse_scaled,0.1252715736627578,0.12527157366275787,8.326672684688674e-17,True
guangzhou,24,1,9033.0,trad_persistence,deterministic,rmse_scaled,0.3539372453737496,0.35393724537374965,5.551115123125783e-17,True
guangzhou,24,1,9033.0,trad_persistence,deterministic,mae_scaled,0.1752195060253143,0.17521950602531433,2.7755575615628914e-17,True
guangzhou,24,1,9033.0,trad_persistence,deterministic,rmse_ugm3,10.65274143218994,10.652741432189941,1.7763568394002505e-15,True
guangzhou,24,1,9033.0,trad_persistence,deterministic,mae_ugm3,5.273726940155029,5.273726940155029,0.0,True
guangzhou,24,1,9033.0,trad_persistence,deterministic,smape_percent,15.332452774047852,15.332452774047852,0.0,True
guangzhou,24,1,9038.0,center_gru_default,7001,mse_scaled,0.0986168980598449,0.09861689805984497,6.938893903907228e-17,True
guangzhou,24,1,9038.0,center_gru_default,7001,rmse_scaled,0.3140332754022175,0.3140332754022175,0.0,True
guangzhou,24,1,9038.0,center_gru_default,7001,mae_scaled,0.2173726111650467,0.2173726111650467,0.0,True
guangzhou,24,1,9038.0,center_gru_default,7001,rmse_ugm3,7.410910606384277,7.410910606384277,0.0,True
guangzhou,24,1,9038.0,center_gru_default,7001,mae_ugm3,5.12980318069458,5.12980318069458,0.0,True
guangzhou,24,1,9038.0,center_gru_default,7001,smape_percent,17.847549438476562,17.847549438476562,0.0,True
guangzhou,24,1,9038.0,center_gru_matched,7001,mse_scaled,0.0986622348427772,0.09866223484277725,5.551115123125783e-17,True
guangzhou,24,1,9038.0,center_gru_matched,7001,rmse_scaled,0.3141054517877352,0.3141054517877352,0.0,True
guangzhou,24,1,9038.0,center_gru_matched,7001,mae_scaled,0.2179756909608841,0.2179756909608841,0.0,True
guangzhou,24,1,9038.0,center_gru_matched,7001,rmse_ugm3,7.412614345550537,7.412614345550537,0.0,True
guangzhou,24,1,9038.0,center_gru_matched,7001,mae_ugm3,5.144035816192627,5.144035816192627,0.0,True
guangzhou,24,1,9038.0,center_gru_matched,7001,smape_percent,17.89200782775879,17.89200782775879,0.0,True
guangzhou,24,1,9038.0,center_gru_default,7002,mse_scaled,0.0979375466704368,0.09793754667043686,5.551115123125783e-17,True
guangzhou,24,1,9038.0,center_gru_default,7002,rmse_scaled,0.312949751031115,0.312949751031115,0.0,True
guangzhou,24,1,9038.0,center_gru_default,7002,mae_scaled,0.2157972306013107,0.21579723060131073,2.7755575615628914e-17,True
guangzhou,24,1,9038.0,center_gru_default,7002,rmse_ugm3,7.385340213775635,7.385340213775635,0.0,True
guangzhou,24,1,9038.0,center_gru_default,7002,mae_ugm3,5.092626571655273,5.092626571655273,0.0,True
guangzhou,24,1,9038.0,center_gru_default,7002,smape_percent,17.616540908813477,17.616540908813477,0.0,True
guangzhou,24,1,9038.0,center_gru_matched,7002,mse_scaled,0.0969958677887916,0.09699586778879166,5.551115123125783e-17,True
guangzhou,24,1,9038.0,center_gru_matched,7002,rmse_scaled,0.3114415961120024,0.31144159611200245,5.551115123125783e-17,True
guangzhou,24,1,9038.0,center_gru_matched,7002,mae_scaled,0.2136283814907074,0.2136283814907074,0.0,True
guangzhou,24,1,9038.0,center_gru_matched,7002,rmse_ugm3,7.349748611450195,7.349748611450195,0.0,True
guangzhou,24,1,9038.0,center_gru_matched,7002,mae_ugm3,5.041442394256592,5.041442394256592,0.0,True
guangzhou,24,1,9038.0,center_gru_matched,7002,smape_percent,17.486915588378906,17.486915588378906,0.0,True
guangzhou,24,1,9038.0,center_gru_default,7003,mse_scaled,0.0972497090697288,0.09724970906972885,5.551115123125783e-17,True
guangzhou,24,1,9038.0,center_gru_default,7003,rmse_scaled,0.3118488561302235,0.3118488561302235,0.0,True
guangzhou,24,1,9038.0,center_gru_default,7003,mae_scaled,0.2134922593832016,0.2134922593832016,0.0,True
guangzhou,24,1,9038.0,center_gru_default,7003,rmse_ugm3,7.359360694885254,7.359360694885254,0.0,True
guangzhou,24,1,9038.0,center_gru_default,7003,mae_ugm3,5.038229942321777,5.038229942321777,0.0,True
guangzhou,24,1,9038.0,center_gru_default,7003,smape_percent,17.448322296142578,17.448322296142578,0.0,True
guangzhou,24,1,9038.0,center_gru_matched,7003,mse_scaled,0.0977027714252471,0.09770277142524719,9.71445146547012e-17,True
guangzhou,24,1,9038.0,center_gru_matched,7003,rmse_scaled,0.312574425417767,0.31257442541776703,5.551115123125783e-17,True
guangzhou,24,1,9038.0,center_gru_matched,7003,mae_scaled,0.2144847065210342,0.21448470652103424,2.7755575615628914e-17,True
guangzhou,24,1,9038.0,center_gru_matched,7003,rmse_ugm3,7.376482963562012,7.376482963562012,0.0,True
guangzhou,24,1,9038.0,center_gru_matched,7003,mae_ugm3,5.061651229858398,5.061651229858398,0.0,True
guangzhou,24,1,9038.0,center_gru_matched,7003,smape_percent,17.560237884521484,17.560237884521484,0.0,True
guangzhou,24,1,9038.0,trad_climatology,deterministic,mse_scaled,0.7615246176719666,0.7615246176719666,0.0,True
guangzhou,24,1,9038.0,trad_climatology,deterministic,rmse_scaled,0.8726537788103405,0.8726537788103405,0.0,True
guangzhou,24,1,9038.0,trad_climatology,deterministic,mae_scaled,0.7059109807014465,0.7059109807014465,0.0,True
guangzhou,24,1,9038.0,trad_climatology,deterministic,rmse_ugm3,20.59386444091797,20.59386444091797,0.0,True
guangzhou,24,1,9038.0,trad_climatology,deterministic,mae_ugm3,16.65888214111328,16.65888214111328,0.0,True
guangzhou,24,1,9038.0,trad_climatology,deterministic,smape_percent,48.685394287109375,48.685394287109375,0.0,True
guangzhou,24,1,9038.0,trad_daily_naive,deterministic,mse_scaled,0.8231937289237976,0.8231937289237976,0.0,True
guangzhou,24,1,9038.0,trad_daily_naive,deterministic,rmse_scaled,0.9073002418845691,0.9073002418845691,0.0,True
guangzhou,24,1,9038.0,trad_daily_naive,deterministic,mae_scaled,0.6768386960029602,0.6768386960029602,0.0,True
guangzhou,24,1,9038.0,trad_daily_naive,deterministic,rmse_ugm3,21.41149139404297,21.41149139404297,0.0,True
guangzhou,24,1,9038.0,trad_daily_naive,deterministic,mae_ugm3,15.972801208496094,15.972801208496094,0.0,True
guangzhou,24,1,9038.0,trad_daily_naive,deterministic,smape_percent,48.7796516418457,48.7796516418457,0.0,True
guangzhou,24,1,9038.0,trad_persistence,deterministic,mse_scaled,0.1021358519792556,0.10213585197925568,6.938893903907228e-17,True
guangzhou,24,1,9038.0,trad_persistence,deterministic,rmse_scaled,0.3195870022063721,0.3195870022063721,0.0,True
guangzhou,24,1,9038.0,trad_persistence,deterministic,mae_scaled,0.2155260890722274,0.21552608907222748,8.326672684688674e-17,True
guangzhou,24,1,9038.0,trad_persistence,deterministic,rmse_ugm3,7.54197359085083,7.54197359085083,0.0,True
guangzhou,24,1,9038.0,trad_persistence,deterministic,mae_ugm3,5.086226940155029,5.086226940155029,0.0,True
guangzhou,24,1,9038.0,trad_persistence,deterministic,smape_percent,17.785888671875,17.785888671875,0.0,True
guangzhou,24,1,9039.0,center_gru_default,7001,mse_scaled,0.0713752433657646,0.07137524336576462,1.3877787807814457e-17,True
guangzhou,24,1,9039.0,center_gru_default,7001,rmse_scaled,0.2671614556139501,0.2671614556139501,0.0,True
guangzhou,24,1,9039.0,center_gru_default,7001,mae_scaled,0.1630153954029083,0.16301539540290833,2.7755575615628914e-17,True
guangzhou,24,1,9039.0,center_gru_default,7001,rmse_ugm3,5.54066801071167,5.54066801071167,0.0,True
guangzhou,24,1,9039.0,center_gru_default,7001,mae_ugm3,3.3807802200317383,3.3807802200317383,0.0,True
guangzhou,24,1,9039.0,center_gru_default,7001,smape_percent,9.185799598693848,9.185799598693848,0.0,True
guangzhou,24,1,9039.0,center_gru_matched,7001,mse_scaled,0.0712689682841301,0.0712689682841301,0.0,True
guangzhou,24,1,9039.0,center_gru_matched,7001,rmse_scaled,0.2669624847879007,0.2669624847879007,0.0,True
guangzhou,24,1,9039.0,center_gru_matched,7001,mae_scaled,0.1630971878767013,0.16309718787670135,5.551115123125783e-17,True
guangzhou,24,1,9039.0,center_gru_matched,7001,rmse_ugm3,5.536540985107422,5.536540985107422,0.0,True
guangzhou,24,1,9039.0,center_gru_matched,7001,mae_ugm3,3.382476329803467,3.382476329803467,0.0,True
guangzhou,24,1,9039.0,center_gru_matched,7001,smape_percent,9.266571998596191,9.266571998596191,0.0,True
guangzhou,24,1,9039.0,center_gru_default,7002,mse_scaled,0.071294791996479,0.07129479199647903,2.7755575615628914e-17,True
guangzhou,24,1,9039.0,center_gru_default,7002,rmse_scaled,0.2670108462150536,0.26701084621505367,5.551115123125783e-17,True
guangzhou,24,1,9039.0,center_gru_default,7002,mae_scaled,0.1614676266908645,0.16146762669086456,5.551115123125783e-17,True
guangzhou,24,1,9039.0,center_gru_default,7002,rmse_ugm3,5.537544250488281,5.537544250488281,0.0,True
guangzhou,24,1,9039.0,center_gru_default,7002,mae_ugm3,3.3486807346343994,3.3486807346343994,0.0,True
guangzhou,24,1,9039.0,center_gru_default,7002,smape_percent,8.949271202087402,8.949271202087402,0.0,True
guangzhou,24,1,9039.0,center_gru_matched,7002,mse_scaled,0.0712739005684852,0.07127390056848526,5.551115123125783e-17,True
guangzhou,24,1,9039.0,center_gru_matched,7002,rmse_scaled,0.2669717224136018,0.2669717224136018,0.0,True
guangzhou,24,1,9039.0,center_gru_matched,7002,mae_scaled,0.1623975187540054,0.16239751875400543,2.7755575615628914e-17,True
guangzhou,24,1,9039.0,center_gru_matched,7002,rmse_ugm3,5.53673267364502,5.5367326736450195,8.881784197001252e-16,True
guangzhou,24,1,9039.0,center_gru_matched,7002,mae_ugm3,3.3679661750793457,3.3679661750793457,0.0,True
guangzhou,24,1,9039.0,center_gru_matched,7002,smape_percent,9.12208080291748,9.12208080291748,0.0,True
guangzhou,24,1,9039.0,center_gru_default,7003,mse_scaled,0.0709870457649231,0.0709870457649231,0.0,True
guangzhou,24,1,9039.0,center_gru_default,7003,rmse_scaled,0.2664339425916358,0.26643394259163583,5.551115123125783e-17,True
guangzhou,24,1,9039.0,center_gru_default,7003,mae_scaled,0.157902255654335,0.15790225565433502,2.7755575615628914e-17,True
guangzhou,24,1,9039.0,center_gru_default,7003,rmse_ugm3,5.525579929351807,5.525579929351807,0.0,True
guangzhou,24,1,9039.0,center_gru_default,7003,mae_ugm3,3.2747387886047363,3.2747387886047363,0.0,True
guangzhou,24,1,9039.0,center_gru_default,7003,smape_percent,8.461828231811523,8.461828231811523,0.0,True
guangzhou,24,1,9039.0,center_gru_matched,7003,mse_scaled,0.070848636329174,0.07084863632917404,4.163336342344337e-17,True
guangzhou,24,1,9039.0,center_gru_matched,7003,rmse_scaled,0.2661740714817543,0.2661740714817543,0.0,True
guangzhou,24,1,9039.0,center_gru_matched,7003,mae_scaled,0.1579498052597046,0.1579498052597046,0.0,True
guangzhou,24,1,9039.0,center_gru_matched,7003,rmse_ugm3,5.520190238952637,5.520190238952637,0.0,True
guangzhou,24,1,9039.0,center_gru_matched,7003,mae_ugm3,3.2757246494293213,3.2757246494293213,0.0,True
guangzhou,24,1,9039.0,center_gru_matched,7003,smape_percent,8.548662185668945,8.548662185668945,0.0,True
guangzhou,24,1,9039.0,trad_climatology,deterministic,mse_scaled,1.107972264289856,1.107972264289856,0.0,True
guangzhou,24,1,9039.0,trad_climatology,deterministic,rmse_scaled,1.0526026146128729,1.0526026146128729,0.0,True
guangzhou,24,1,9039.0,trad_climatology,deterministic,mae_scaled,0.7814332246780396,0.7814332246780396,0.0,True
guangzhou,24,1,9039.0,trad_climatology,deterministic,rmse_ugm3,21.8299503326416,21.8299503326416,0.0,True
guangzhou,24,1,9039.0,trad_climatology,deterministic,mae_ugm3,16.20616340637207,16.20616340637207,0.0,True
guangzhou,24,1,9039.0,trad_climatology,deterministic,smape_percent,43.105018615722656,43.105018615722656,0.0,True
guangzhou,24,1,9039.0,trad_daily_naive,deterministic,mse_scaled,1.3751568794250488,1.3751568794250488,0.0,True
guangzhou,24,1,9039.0,trad_daily_naive,deterministic,rmse_scaled,1.172670831659528,1.172670831659528,0.0,True
guangzhou,24,1,9039.0,trad_daily_naive,deterministic,mae_scaled,0.846303403377533,0.846303403377533,0.0,True
guangzhou,24,1,9039.0,trad_daily_naive,deterministic,rmse_ugm3,24.32004737854004,24.32004737854004,0.0,True
guangzhou,24,1,9039.0,trad_daily_naive,deterministic,mae_ugm3,17.551504135131836,17.551504135131836,0.0,True
guangzhou,24,1,9039.0,trad_daily_naive,deterministic,smape_percent,45.93446731567383,45.93446731567383,0.0,True
guangzhou,24,1,9039.0,trad_persistence,deterministic,mse_scaled,0.0779333263635635,0.07793332636356354,4.163336342344337e-17,True
guangzhou,24,1,9039.0,trad_persistence,deterministic,rmse_scaled,0.2791654103995757,0.2791654103995757,0.0,True
guangzhou,24,1,9039.0,trad_persistence,deterministic,mae_scaled,0.1548119336366653,0.15481193363666534,5.551115123125783e-17,True
guangzhou,24,1,9039.0,trad_persistence,deterministic,rmse_ugm3,5.789618015289307,5.789618015289307,0.0,True
guangzhou,24,1,9039.0,trad_persistence,deterministic,mae_ugm3,3.2106480598449707,3.2106480598449707,0.0,True
guangzhou,24,1,9039.0,trad_persistence,deterministic,smape_percent,8.001128196716309,8.001128196716309,0.0,True
guangzhou,24,1,9045.0,center_gru_default,7001,mse_scaled,0.4060707688331604,0.4060707688331604,0.0,True
guangzhou,24,1,9045.0,center_gru_default,7001,rmse_scaled,0.6372368231930421,0.6372368231930421,0.0,True
guangzhou,24,1,9045.0,center_gru_default,7001,mae_scaled,0.4133567810058594,0.4133567810058594,0.0,True
guangzhou,24,1,9045.0,center_gru_default,7001,rmse_ugm3,15.941203117370604,15.941203117370605,1.7763568394002505e-15,True
guangzhou,24,1,9045.0,center_gru_default,7001,mae_ugm3,10.34058952331543,10.34058952331543,0.0,True
guangzhou,24,1,9045.0,center_gru_default,7001,smape_percent,29.254323959350582,29.254323959350586,3.552713678800501e-15,True
guangzhou,24,1,9045.0,center_gru_matched,7001,mse_scaled,0.3893665075302124,0.3893665075302124,0.0,True
guangzhou,24,1,9045.0,center_gru_matched,7001,rmse_scaled,0.6239923938079793,0.6239923938079793,0.0,True
guangzhou,24,1,9045.0,center_gru_matched,7001,mae_scaled,0.4050511121749878,0.4050511121749878,0.0,True
guangzhou,24,1,9045.0,center_gru_matched,7001,rmse_ugm3,15.60987949371338,15.609879493713379,1.7763568394002505e-15,True
guangzhou,24,1,9045.0,center_gru_matched,7001,mae_ugm3,10.132813453674316,10.132813453674316,0.0,True
guangzhou,24,1,9045.0,center_gru_matched,7001,smape_percent,28.791805267333984,28.791805267333984,0.0,True
guangzhou,24,1,9045.0,center_gru_default,7002,mse_scaled,0.3726049959659576,0.37260499596595764,5.551115123125783e-17,True
guangzhou,24,1,9045.0,center_gru_default,7002,rmse_scaled,0.6104137907730769,0.6104137907730769,0.0,True
guangzhou,24,1,9045.0,center_gru_default,7002,mae_scaled,0.3929786086082458,0.39297860860824585,5.551115123125783e-17,True
guangzhou,24,1,9045.0,center_gru_default,7002,rmse_ugm3,15.270194053649902,15.270194053649902,0.0,True
guangzhou,24,1,9045.0,center_gru_default,7002,mae_ugm3,9.830806732177734,9.830806732177734,0.0,True
guangzhou,24,1,9045.0,center_gru_default,7002,smape_percent,27.54429244995117,27.544292449951172,3.552713678800501e-15,True
guangzhou,24,1,9045.0,center_gru_matched,7002,mse_scaled,0.3990533053874969,0.39905330538749695,5.551115123125783e-17,True
guangzhou,24,1,9045.0,center_gru_matched,7002,rmse_scaled,0.6317066608699776,0.6317066608699776,0.0,True
guangzhou,24,1,9045.0,center_gru_matched,7002,mae_scaled,0.4109776318073272,0.41097763180732727,5.551115123125783e-17,True
guangzhou,24,1,9045.0,center_gru_matched,7002,rmse_ugm3,15.80285930633545,15.80285930633545,0.0,True
guangzhou,24,1,9045.0,center_gru_matched,7002,mae_ugm3,10.281073570251465,10.281073570251465,0.0,True
guangzhou,24,1,9045.0,center_gru_matched,7002,smape_percent,29.091176986694336,29.091176986694336,0.0,True
guangzhou,24,1,9045.0,center_gru_default,7003,mse_scaled,0.381999522447586,0.38199952244758606,5.551115123125783e-17,True
guangzhou,24,1,9045.0,center_gru_default,7003,rmse_scaled,0.6180610992835466,0.6180610992835466,0.0,True
guangzhou,24,1,9045.0,center_gru_default,7003,mae_scaled,0.4004221260547638,0.4004221260547638,0.0,True
guangzhou,24,1,9045.0,center_gru_default,7003,rmse_ugm3,15.461501121520996,15.461501121520996,0.0,True
guangzhou,24,1,9045.0,center_gru_default,7003,mae_ugm3,10.01701545715332,10.01701545715332,0.0,True
guangzhou,24,1,9045.0,center_gru_default,7003,smape_percent,28.25177001953125,28.25177001953125,0.0,True
guangzhou,24,1,9045.0,center_gru_matched,7003,mse_scaled,0.365374743938446,0.36537474393844604,5.551115123125783e-17,True
guangzhou,24,1,9045.0,center_gru_matched,7003,rmse_scaled,0.6044623594058162,0.6044623594058162,0.0,True
guangzhou,24,1,9045.0,center_gru_matched,7003,mae_scaled,0.3922406733036041,0.3922406733036041,0.0,True
guangzhou,24,1,9045.0,center_gru_matched,7003,rmse_ugm3,15.121312141418455,15.121312141418457,1.7763568394002505e-15,True
guangzhou,24,1,9045.0,center_gru_matched,7003,mae_ugm3,9.81234645843506,9.812346458435059,1.7763568394002505e-15,True
guangzhou,24,1,9045.0,center_gru_matched,7003,smape_percent,27.61823272705078,27.61823272705078,0.0,True
guangzhou,24,1,9045.0,trad_climatology,deterministic,mse_scaled,0.9778038263320924,0.9778038263320923,1.1102230246251565e-16,True
guangzhou,24,1,9045.0,trad_climatology,deterministic,rmse_scaled,0.988839636307168,0.988839636307168,0.0,True
guangzhou,24,1,9045.0,trad_climatology,deterministic,mae_scaled,0.7673014998435974,0.7673014998435974,0.0,True
guangzhou,24,1,9045.0,trad_climatology,deterministic,rmse_ugm3,24.73694610595703,24.73694610595703,0.0,True
guangzhou,24,1,9045.0,trad_climatology,deterministic,mae_ugm3,19.194917678833008,19.194917678833008,0.0,True
guangzhou,24,1,9045.0,trad_climatology,deterministic,smape_percent,51.04433822631836,51.04433822631836,0.0,True
guangzhou,24,1,9045.0,trad_daily_naive,deterministic,mse_scaled,1.1850215196609497,1.1850215196609497,0.0,True
guangzhou,24,1,9045.0,trad_daily_naive,deterministic,rmse_scaled,1.0885869371166226,1.0885869371166226,0.0,True
guangzhou,24,1,9045.0,trad_daily_naive,deterministic,mae_scaled,0.7861592173576355,0.7861592173576355,0.0,True
guangzhou,24,1,9045.0,trad_daily_naive,deterministic,rmse_ugm3,27.232240676879883,27.232240676879883,0.0,True
guangzhou,24,1,9045.0,trad_daily_naive,deterministic,mae_ugm3,19.66666603088379,19.66666603088379,0.0,True
guangzhou,24,1,9045.0,trad_daily_naive,deterministic,smape_percent,52.77476501464844,52.77476501464844,0.0,True
guangzhou,24,1,9045.0,trad_persistence,deterministic,mse_scaled,0.3792177140712738,0.3792177140712738,0.0,True
guangzhou,24,1,9045.0,trad_persistence,deterministic,rmse_scaled,0.6158065557228778,0.6158065557228778,0.0,True
guangzhou,24,1,9045.0,trad_persistence,deterministic,mae_scaled,0.3893783092498779,0.38937830924987793,5.551115123125783e-17,True
guangzhou,24,1,9045.0,trad_persistence,deterministic,rmse_ugm3,15.40510082244873,15.40510082244873,0.0,True
guangzhou,24,1,9045.0,trad_persistence,deterministic,mae_ugm3,9.740740776062012,9.740740776062012,0.0,True
guangzhou,24,1,9045.0,trad_persistence,deterministic,smape_percent,27.309993743896484,27.309993743896484,0.0,True
guangzhou,24,1,9046.0,center_gru_default,7001,mse_scaled,0.1157108321785926,0.11571083217859268,8.326672684688674e-17,True
guangzhou,24,1,9046.0,center_gru_default,7001,rmse_scaled,0.340162949450102,0.34016294945010206,5.551115123125783e-17,True
guangzhou,24,1,9046.0,center_gru_default,7001,mae_scaled,0.1891630887985229,0.18916308879852295,5.551115123125783e-17,True
guangzhou,24,1,9046.0,center_gru_default,7001,rmse_ugm3,9.839190483093262,9.839190483093262,0.0,True
guangzhou,24,1,9046.0,center_gru_default,7001,mae_ugm3,5.471529960632324,5.471529960632324,0.0,True
guangzhou,24,1,9046.0,center_gru_default,7001,smape_percent,16.25899887084961,16.25899887084961,0.0,True
guangzhou,24,1,9046.0,center_gru_matched,7001,mse_scaled,0.1151980087161064,0.11519800871610641,1.3877787807814457e-17,True
guangzhou,24,1,9046.0,center_gru_matched,7001,rmse_scaled,0.3394083215186487,0.3394083215186487,0.0,True
guangzhou,24,1,9046.0,center_gru_matched,7001,mae_scaled,0.1878137588500976,0.18781375885009766,5.551115123125783e-17,True
guangzhou,24,1,9046.0,center_gru_matched,7001,rmse_ugm3,9.817363739013672,9.817363739013672,0.0,True
guangzhou,24,1,9046.0,center_gru_matched,7001,mae_ugm3,5.432500839233398,5.432500839233398,0.0,True
guangzhou,24,1,9046.0,center_gru_matched,7001,smape_percent,16.118471145629883,16.118471145629883,0.0,True
guangzhou,24,1,9046.0,center_gru_default,7002,mse_scaled,0.1152917891740799,0.1152917891740799,0.0,True
guangzhou,24,1,9046.0,center_gru_default,7002,rmse_scaled,0.3395464462692547,0.33954644626925473,5.551115123125783e-17,True
guangzhou,24,1,9046.0,center_gru_default,7002,mae_scaled,0.1895199120044708,0.18951991200447083,2.7755575615628914e-17,True
guangzhou,24,1,9046.0,center_gru_default,7002,rmse_ugm3,9.821358680725098,9.821358680725098,0.0,True
guangzhou,24,1,9046.0,center_gru_default,7002,mae_ugm3,5.481851577758789,5.481851577758789,0.0,True
guangzhou,24,1,9046.0,center_gru_default,7002,smape_percent,16.522485733032227,16.522485733032227,0.0,True
guangzhou,24,1,9046.0,center_gru_matched,7002,mse_scaled,0.1156196296215057,0.11561962962150574,4.163336342344337e-17,True
guangzhou,24,1,9046.0,center_gru_matched,7002,rmse_scaled,0.3400288658650993,0.34002886586509934,5.551115123125783e-17,True
guangzhou,24,1,9046.0,center_gru_matched,7002,mae_scaled,0.1866154819726944,0.1866154819726944,0.0,True
guangzhou,24,1,9046.0,center_gru_matched,7002,rmse_ugm3,9.835312843322754,9.835312843322754,0.0,True
guangzhou,24,1,9046.0,center_gru_matched,7002,mae_ugm3,5.397840023040772,5.3978400230407715,8.881784197001252e-16,True
guangzhou,24,1,9046.0,center_gru_matched,7002,smape_percent,15.820477485656738,15.820477485656738,0.0,True
guangzhou,24,1,9046.0,center_gru_default,7003,mse_scaled,0.1156653687357902,0.11566536873579025,5.551115123125783e-17,True
guangzhou,24,1,9046.0,center_gru_default,7003,rmse_scaled,0.3400961169078386,0.34009611690783864,5.551115123125783e-17,True
guangzhou,24,1,9046.0,center_gru_default,7003,mae_scaled,0.1887944191694259,0.18879441916942596,5.551115123125783e-17,True
guangzhou,24,1,9046.0,center_gru_default,7003,rmse_ugm3,9.837258338928224,9.837258338928223,1.7763568394002505e-15,True
guangzhou,24,1,9046.0,center_gru_default,7003,mae_ugm3,5.460866451263428,5.460866451263428,0.0,True
guangzhou,24,1,9046.0,center_gru_default,7003,smape_percent,16.25006675720215,16.25006675720215,0.0,True
guangzhou,24,1,9046.0,center_gru_matched,7003,mse_scaled,0.1144207641482353,0.11442076414823532,2.7755575615628914e-17,True
guangzhou,24,1,9046.0,center_gru_matched,7003,rmse_scaled,0.3382613843586574,0.3382613843586574,0.0,True
guangzhou,24,1,9046.0,center_gru_matched,7003,mae_scaled,0.1856071650981903,0.1856071650981903,0.0,True
guangzhou,24,1,9046.0,center_gru_matched,7003,rmse_ugm3,9.784188270568848,9.784188270568848,0.0,True
guangzhou,24,1,9046.0,center_gru_matched,7003,mae_ugm3,5.368675708770752,5.368675708770752,0.0,True
guangzhou,24,1,9046.0,center_gru_matched,7003,smape_percent,15.719388008117676,15.719388008117676,0.0,True
guangzhou,24,1,9046.0,trad_climatology,deterministic,mse_scaled,1.025764226913452,1.0257642269134521,2.220446049250313e-16,True
guangzhou,24,1,9046.0,trad_climatology,deterministic,rmse_scaled,1.0128001910117574,1.0128001910117574,0.0,True
guangzhou,24,1,9046.0,trad_climatology,deterministic,mae_scaled,0.8051350712776184,0.8051350712776184,0.0,True
guangzhou,24,1,9046.0,trad_climatology,deterministic,rmse_ugm3,29.29517936706543,29.29517936706543,0.0,True
guangzhou,24,1,9046.0,trad_climatology,deterministic,mae_ugm3,23.28847885131836,23.28847885131836,0.0,True
guangzhou,24,1,9046.0,trad_climatology,deterministic,smape_percent,58.90510559082031,58.90510559082031,0.0,True
guangzhou,24,1,9046.0,trad_daily_naive,deterministic,mse_scaled,1.3106474876403809,1.3106474876403809,0.0,True
guangzhou,24,1,9046.0,trad_daily_naive,deterministic,rmse_scaled,1.1448351355720967,1.1448351355720967,0.0,True
guangzhou,24,1,9046.0,trad_daily_naive,deterministic,mae_scaled,0.7859184741973877,0.7859184741973877,0.0,True
guangzhou,24,1,9046.0,trad_daily_naive,deterministic,rmse_ugm3,33.114280700683594,33.114280700683594,0.0,True
guangzhou,24,1,9046.0,trad_daily_naive,deterministic,mae_ugm3,22.73263931274414,22.73263931274414,0.0,True
guangzhou,24,1,9046.0,trad_daily_naive,deterministic,smape_percent,58.5787239074707,58.5787239074707,0.0,True
guangzhou,24,1,9046.0,trad_persistence,deterministic,mse_scaled,0.1165518388152122,0.11655183881521225,5.551115123125783e-17,True
guangzhou,24,1,9046.0,trad_persistence,deterministic,rmse_scaled,0.3413968933883439,0.3413968933883439,0.0,True
guangzhou,24,1,9046.0,trad_persistence,deterministic,mae_scaled,0.1830048412084579,0.18300484120845795,5.551115123125783e-17,True
guangzhou,24,1,9046.0,trad_persistence,deterministic,rmse_ugm3,9.874882698059082,9.874882698059082,0.0,True
guangzhou,24,1,9046.0,trad_persistence,deterministic,mae_ugm3,5.293402671813965,5.293402671813965,0.0,True
guangzhou,24,1,9046.0,trad_persistence,deterministic,smape_percent,14.15377712249756,14.153777122497559,1.7763568394002505e-15,True
