city,history,horizon,station_id,seed,arm,capacity,variant,best_valid_loss,checkpoint_path,metric_source,hyperparameters,candidate_status,selected
beijing,24,1,1013,2047,center_gru,default,center_gru_default,0.0990957394242286,/home/hansel/Documents/ITProject/Python/PatchTST/experiments/results/baselines/beijing/24h_1h/checkpoints/center_gru_default_seed2047.pt,/home/hansel/Documents/ITProject/Python/PatchTST/experiments/results/baselines/beijing/24h_1h/raw_metrics.csv,"{""hidden_size"": 100}",eligible,False
beijing,24,1,1013,2047,center_gru,matched,center_gru_matched,0.0996033698320388,/home/hansel/Documents/ITProject/Python/PatchTST/experiments/results/baselines/beijing/24h_1h/checkpoints/center_gru_matched_seed2047.pt,/home/hansel/Documents/ITProject/Python/PatchTST/experiments/results/baselines/beijing/24h_1h/raw_metrics.csv,"{""hidden_size"": 82}",eligible,False
beijing,24,1,1013,2047,center_lstm,default,center_lstm_default,0.0981150642037391,/home/hansel/Documents/ITProject/Python/PatchTST/experiments/results/baselines/beijing/24h_1h/checkpoints/center_lstm_default_seed2047.pt,/home/hansel/Documents/ITProject/Python/PatchTST/experiments/results/baselines/beijing/24h_1h/raw_metrics.csv,"{""hidden_size"": 100}",eligible,False
beijing,24,1,1013,2047,center_lstm,matched,center_lstm_matched,0.0975752398371696,/home/hansel/Documents/ITProject/Python/PatchTST/experiments/results/baselines/beijing/24h_1h/checkpoints/center_lstm_matched_seed2047.pt,/home/hansel/Documents/ITProject/Python/PatchTST/experiments/results/baselines/beijing/24h_1h/raw_metrics.csv,"{""hidden_size"": 71}",eligible,True
beijing,24,1,1013,2047,center_tcn,default,center_tcn_default,0.1509811580181121,/home/hansel/Documents/ITProject/Python/PatchTST/experiments/results/baselines/beijing/24h_1h/checkpoints/center_tcn_default_seed2047.pt,/home/hansel/Documents/ITProject/Python/PatchTST/experiments/results/baselines/beijing/24h_1h/raw_metrics.csv,"{""ks"": 7, ""layers"": [25, 25, 25, 25, 25, 25, 25, 25]}",eligible,False
beijing,24,1,1013,2047,center_tcn,matched,center_tcn_matched,0.132259652018547,/home/hansel/Documents/ITProject/Python/PatchTST/experiments/results/baselines/beijing/24h_1h/checkpoints/center_tcn_matched_seed2047.pt,/home/hansel/Documents/ITProject/Python/PatchTST/experiments/results/baselines/beijing/24h_1h/raw_metrics.csv,"{""ks"": 5, ""layers"": [24, 24, 24, 24]}",eligible,False
beijing,24,1,1013,2047,center_mlp,default,center_mlp_default,0.1430484056472778,/home/hansel/Documents/ITProject/Python/PatchTST/experiments/results/baselines/beijing/24h_1h/checkpoints/center_mlp_default_seed2047.pt,/home/hansel/Documents/ITProject/Python/PatchTST/experiments/results/baselines/beijing/24h_1h/raw_metrics.csv,"{""layers"": [500, 500, 500]}",eligible,False
beijing,24,1,1013,2047,center_mlp,matched,center_mlp_matched,0.163958340883255,/home/hansel/Documents/ITProject/Python/PatchTST/experiments/results/baselines/beijing/24h_1h/checkpoints/center_mlp_matched_seed2047.pt,/home/hansel/Documents/ITProject/Python/PatchTST/experiments/results/baselines/beijing/24h_1h/raw_metrics.csv,"{""layers"": [816], ""ps"": [0.1]}",eligible,False
beijing,24,1,1013,2047,center_resnet,default,center_resnet_default,0.0999814122915268,/home/hansel/Documents/ITProject/Python/PatchTST/experiments/results/baselines/beijing/24h_1h/checkpoints/center_resnet_default_seed2047.pt,/home/hansel/Documents/ITProject/Python/PatchTST/experiments/results/baselines/beijing/24h_1h/raw_metrics.csv,"{""library_fixed"": true}",eligible,False
beijing,24,1,1013,2047,center_resnet,matched,center_resnet_matched,0.0999814122915268,/home/hansel/Documents/ITProject/Python/PatchTST/experiments/results/baselines/beijing/24h_1h/checkpoints/center_resnet_matched_seed2047.pt,/home/hansel/Documents/ITProject/Python/PatchTST/experiments/results/baselines/beijing/24h_1h/raw_metrics.csv,"{""library_fixed"": true}",eligible,False
beijing,24,1,1013,2047,center_tst,default,center_tst_default,0.1042617484927177,/home/hansel/Documents/ITProject/Python/PatchTST/experiments/results/baselines/beijing/24h_1h/checkpoints/center_tst_default_seed2047.pt,/home/hansel/Documents/ITProject/Python/PatchTST/experiments/results/baselines/beijing/24h_1h/raw_metrics.csv,"{""d_ff"": 256, ""d_model"": 128, ""n_heads"": 16, ""n_layers"": 3}",eligible,False
beijing,24,1,1013,2047,center_tst,matched,center_tst_matched,0.1076241731643676,/home/hansel/Documents/ITProject/Python/PatchTST/experiments/results/baselines/beijing/24h_1h/checkpoints/center_tst_matched_seed2047.pt,/home/hansel/Documents/ITProject/Python/PatchTST/experiments/results/baselines/beijing/24h_1h/raw_metrics.csv,"{""d_ff"": 32, ""d_model"": 32, ""n_heads"": 1, ""n_layers"": 3}",eligible,False
beijing,24,1,1013,2047,degraded_patchtst,protocol,degraded_patchtst,0.1029316484928131,/home/hansel/.herdr/worktrees/PatchTST/experiment-beijing-leakfree-coverage-ablation/experiments/results/beijing_leakfree_coverage/24h_1h/checkpoints/degraded_patchtst_seed2047.pt,experiments/results/beijing_leakfree_coverage/24h_1h/raw_metrics.csv,{},eligible,False
beijing,24,1,1013,2048,center_gru,default,center_gru_default,0.0990931540727615,/home/hansel/Documents/ITProject/Python/PatchTST/experiments/results/baselines/beijing/24h_1h/checkpoints/center_gru_default_seed2048.pt,/home/hansel/Documents/ITProject/Python/PatchTST/experiments/results/baselines/beijing/24h_1h/raw_metrics.csv,"{""hidden_size"": 100}",eligible,False
beijing,24,1,1013,2048,center_gru,matched,center_gru_matched,0.0985217913985252,/home/hansel/Documents/ITProject/Python/PatchTST/experiments/results/baselines/beijing/24h_1h/checkpoints/center_gru_matched_seed2048.pt,/home/hansel/Documents/ITProject/Python/PatchTST/experiments/results/baselines/beijing/24h_1h/raw_metrics.csv,"{""hidden_size"": 82}",eligible,False
beijing,24,1,1013,2048,center_lstm,default,center_lstm_default,0.0977735519409179,/home/hansel/Documents/ITProject/Python/PatchTST/experiments/results/baselines/beijing/24h_1h/checkpoints/center_lstm_default_seed2048.pt,/home/hansel/Documents/ITProject/Python/PatchTST/experiments/results/baselines/beijing/24h_1h/raw_metrics.csv,"{""hidden_size"": 100}",eligible,False
beijing,24,1,1013,2048,center_lstm,matched,center_lstm_matched,0.0974127873778343,/home/hansel/Documents/ITProject/Python/PatchTST/experiments/results/baselines/beijing/24h_1h/checkpoints/center_lstm_matched_seed2048.pt,/home/hansel/Documents/ITProject/Python/PatchTST/experiments/results/baselines/beijing/24h_1h/raw_metrics.csv,"{""hidden_size"": 71}",eligible,True
beijing,24,1,1013,2048,center_tcn,default,center_tcn_default,0.1446620821952819,/home/hansel/Documents/ITProject/Python/PatchTST/experiments/results/baselines/beijing/24h_1h/checkpoints/center_tcn_default_seed2048.pt,/home/hansel/Documents/ITProject/Python/PatchTST/experiments/results/baselines/beijing/24h_1h/raw_metrics.csv,"{""ks"": 7, ""layers"": [25, 25, 25, 25, 25, 25, 25, 25]}",eligible,False
beijing,24,1,1013,2048,center_tcn,matched,center_tcn_matched,0.1370640248060226,/home/hansel/Documents/ITProject/Python/PatchTST/experiments/results/baselines/beijing/24h_1h/checkpoints/center_tcn_matched_seed2048.pt,/home/hansel/Documents/ITProject/Python/PatchTST/experiments/results/baselines/beijing/24h_1h/raw_metrics.csv,"{""ks"": 5, ""layers"": [24, 24, 24, 24]}",eligible,False
beijing,24,1,1013,2048,center_mlp,default,center_mlp_default,0.1249933615326881,/home/hansel/Documents/ITProject/Python/PatchTST/experiments/results/baselines/beijing/24h_1h/checkpoints/center_mlp_default_seed2048.pt,/home/hansel/Documents/ITProject/Python/PatchTST/experiments/results/baselines/beijing/24h_1h/raw_metrics.csv,"{""layers"": [500, 500, 500]}",eligible,False
beijing,24,1,1013,2048,center_mlp,matched,center_mlp_matched,0.1643875986337661,/home/hansel/Documents/ITProject/Python/PatchTST/experiments/results/baselines/beijing/24h_1h/checkpoints/center_mlp_matched_seed2048.pt,/home/hansel/Documents/ITProject/Python/PatchTST/experiments/results/baselines/beijing/24h_1h/raw_metrics.csv,"{""layers"": [816], ""ps"": [0.1]}",eligible,False
beijing,24,1,1013,2048,center_resnet,default,center_resnet_default,0.102938637137413,/home/hansel/Documents/ITProject/Python/PatchTST/experiments/results/baselines/beijing/24h_1h/checkpoints/center_resnet_default_seed2048.pt,/home/hansel/Documents/ITProject/Python/PatchTST/experiments/results/baselines/beijing/24h_1h/raw_metrics.csv,"{""library_fixed"": true}",eligible,False
beijing,24,1,1013,2048,center_resnet,matched,center_resnet_matched,0.102938637137413,/home/hansel/Documents/ITProject/Python/PatchTST/experiments/results/baselines/beijing/24h_1h/checkpoints/center_resnet_matched_seed2048.pt,/home/hansel/Documents/ITProject/Python/PatchTST/experiments/results/baselines/beijing/24h_1h/raw_metrics.csv,"{""library_fixed"": true}",eligible,False
beijing,24,1,1013,2048,center_tst,default,center_tst_default,0.1090079471468925,/home/hansel/Documents/ITProject/Python/PatchTST/experiments/results/baselines/beijing/24h_1h/checkpoints/center_tst_default_seed2048.pt,/home/hansel/Documents/ITProject/Python/PatchTST/experiments/results/baselines/beijing/24h_1h/raw_metrics.csv,"{""d_ff"": 256, ""d_model"": 128, ""n_heads"": 16, ""n_layers"": 3}",eligible,False
beijing,24,1,1013,2048,center_tst,matched,center_tst_matched,0.1167548298835754,/home/hansel/Documents/ITProject/Python/PatchTST/experiments/results/baselines/beijing/24h_1h/checkpoints/center_tst_matched_seed2048.pt,/home/hansel/Documents/ITProject/Python/PatchTST/experiments/results/baselines/beijing/24h_1h/raw_metrics.csv,"{""d_ff"": 32, ""d_model"": 32, ""n_heads"": 1, ""n_layers"": 3}",eligible,False
beijing,24,1,1013,2048,degraded_patchtst,protocol,degraded_patchtst,0.1042619869112968,/home/hansel/.herdr/worktrees/PatchTST/experiment-beijing-leakfree-coverage-ablation/experiments/results/beijing_leakfree_coverage/24h_1h/checkpoints/degraded_patchtst_seed2048.pt,experiments/results/beijing_leakfree_coverage/24h_1h/raw_metrics.csv,{},eligible,False
beijing,24,1,1013,2049,center_gru,default,center_gru_default,0.0988436043262481,/home/hansel/Documents/ITProject/Python/PatchTST/experiments/results/baselines/beijing/24h_1h/checkpoints/center_gru_default_seed2049.pt,/home/hansel/Documents/ITProject/Python/PatchTST/experiments/results/baselines/beijing/24h_1h/raw_metrics.csv,"{""hidden_size"": 100}",eligible,False
beijing,24,1,1013,2049,center_gru,matched,center_gru_matched,0.0986286848783493,/home/hansel/Documents/ITProject/Python/PatchTST/experiments/results/baselines/beijing/24h_1h/checkpoints/center_gru_matched_seed2049.pt,/home/hansel/Documents/ITProject/Python/PatchTST/experiments/results/baselines/beijing/24h_1h/raw_metrics.csv,"{""hidden_size"": 82}",eligible,False
beijing,24,1,1013,2049,center_lstm,default,center_lstm_default,0.0972211062908172,/home/hansel/Documents/ITProject/Python/PatchTST/experiments/results/baselines/beijing/24h_1h/checkpoints/center_lstm_default_seed2049.pt,/home/hansel/Documents/ITProject/Python/PatchTST/experiments/results/baselines/beijing/24h_1h/raw_metrics.csv,"{""hidden_size"": 100}",eligible,True
beijing,24,1,1013,2049,center_lstm,matched,center_lstm_matched,0.0972573086619377,/home/hansel/Documents/ITProject/Python/PatchTST/experiments/results/baselines/beijing/24h_1h/checkpoints/center_lstm_matched_seed2049.pt,/home/hansel/Documents/ITProject/Python/PatchTST/experiments/results/baselines/beijing/24h_1h/raw_metrics.csv,"{""hidden_size"": 71}",eligible,False
beijing,24,1,1013,2049,center_tcn,default,center_tcn_default,0.1351624876260757,/home/hansel/Documents/ITProject/Python/PatchTST/experiments/results/baselines/beijing/24h_1h/checkpoints/center_tcn_default_seed2049.pt,/home/hansel/Documents/ITProject/Python/PatchTST/experiments/results/baselines/beijing/24h_1h/raw_metrics.csv,"{""ks"": 7, ""layers"": [25, 25, 25, 25, 25, 25, 25, 25]}",eligible,False
beijing,24,1,1013,2049,center_tcn,matched,center_tcn_matched,0.1459426134824752,/home/hansel/Documents/ITProject/Python/PatchTST/experiments/results/baselines/beijing/24h_1h/checkpoints/center_tcn_matched_seed2049.pt,/home/hansel/Documents/ITProject/Python/PatchTST/experiments/results/baselines/beijing/24h_1h/raw_metrics.csv,"{""ks"": 5, ""layers"": [24, 24, 24, 24]}",eligible,False
beijing,24,1,1013,2049,center_mlp,default,center_mlp_default,0.1403817385435104,/home/hansel/Documents/ITProject/Python/PatchTST/experiments/results/baselines/beijing/24h_1h/checkpoints/center_mlp_default_seed2049.pt,/home/hansel/Documents/ITProject/Python/PatchTST/experiments/results/baselines/beijing/24h_1h/raw_metrics.csv,"{""layers"": [500, 500, 500]}",eligible,False
beijing,24,1,1013,2049,center_mlp,matched,center_mlp_matched,0.1531077772378921,/home/hansel/Documents/ITProject/Python/PatchTST/experiments/results/baselines/beijing/24h_1h/checkpoints/center_mlp_matched_seed2049.pt,/home/hansel/Documents/ITProject/Python/PatchTST/experiments/results/baselines/beijing/24h_1h/raw_metrics.csv,"{""layers"": [816], ""ps"": [0.1]}",eligible,False
beijing,24,1,1013,2049,center_resnet,default,center_resnet_default,0.1030559465289115,/home/hansel/Documents/ITProject/Python/PatchTST/experiments/results/baselines/beijing/24h_1h/checkpoints/center_resnet_default_seed2049.pt,/home/hansel/Documents/ITProject/Python/PatchTST/experiments/results/baselines/beijing/24h_1h/raw_metrics.csv,"{""library_fixed"": true}",eligible,False
beijing,24,1,1013,2049,center_resnet,matched,center_resnet_matched,0.1030559465289115,/home/hansel/Documents/ITProject/Python/PatchTST/experiments/results/baselines/beijing/24h_1h/checkpoints/center_resnet_matched_seed2049.pt,/home/hansel/Documents/ITProject/Python/PatchTST/experiments/results/baselines/beijing/24h_1h/raw_metrics.csv,"{""library_fixed"": true}",eligible,False
beijing,24,1,1013,2049,center_tst,default,center_tst_default,0.1079686731100082,/home/hansel/Documents/ITProject/Python/PatchTST/experiments/results/baselines/beijing/24h_1h/checkpoints/center_tst_default_seed2049.pt,/home/hansel/Documents/ITProject/Python/PatchTST/experiments/results/baselines/beijing/24h_1h/raw_metrics.csv,"{""d_ff"": 256, ""d_model"": 128, ""n_heads"": 16, ""n_layers"": 3}",eligible,False
beijing,24,1,1013,2049,center_tst,matched,center_tst_matched,0.1116931140422821,/home/hansel/Documents/ITProject/Python/PatchTST/experiments/results/baselines/beijing/24h_1h/checkpoints/center_tst_matched_seed2049.pt,/home/hansel/Documents/ITProject/Python/PatchTST/experiments/results/baselines/beijing/24h_1h/raw_metrics.csv,"{""d_ff"": 32, ""d_model"": 32, ""n_heads"": 1, ""n_layers"": 3}",eligible,False
beijing,24,1,1013,2049,degraded_patchtst,protocol,degraded_patchtst,0.1010799333453178,/home/hansel/.herdr/worktrees/PatchTST/experiment-beijing-leakfree-coverage-ablation/experiments/results/beijing_leakfree_coverage/24h_1h/checkpoints/degraded_patchtst_seed2049.pt,experiments/results/beijing_leakfree_coverage/24h_1h/raw_metrics.csv,{},eligible,False
beijing,24,1,1013,2050,center_gru,default,center_gru_default,0.0987535715103149,/home/hansel/Documents/ITProject/Python/PatchTST/experiments/results/baselines/beijing/24h_1h/checkpoints/center_gru_default_seed2050.pt,/home/hansel/Documents/ITProject/Python/PatchTST/experiments/results/baselines/beijing/24h_1h/raw_metrics.csv,"{""hidden_size"": 100}",eligible,False
beijing,24,1,1013,2050,center_gru,matched,center_gru_matched,0.0984107032418251,/home/hansel/Documents/ITProject/Python/PatchTST/experiments/results/baselines/beijing/24h_1h/checkpoints/center_gru_matched_seed2050.pt,/home/hansel/Documents/ITProject/Python/PatchTST/experiments/results/baselines/beijing/24h_1h/raw_metrics.csv,"{""hidden_size"": 82}",eligible,False
beijing,24,1,1013,2050,center_lstm,default,center_lstm_default,0.0975387766957283,/home/hansel/Documents/ITProject/Python/PatchTST/experiments/results/baselines/beijing/24h_1h/checkpoints/center_lstm_default_seed2050.pt,/home/hansel/Documents/ITProject/Python/PatchTST/experiments/results/baselines/beijing/24h_1h/raw_metrics.csv,"{""hidden_size"": 100}",eligible,True
beijing,24,1,1013,2050,center_lstm,matched,center_lstm_matched,0.0978988632559776,/home/hansel/Documents/ITProject/Python/PatchTST/experiments/results/baselines/beijing/24h_1h/checkpoints/center_lstm_matched_seed2050.pt,/home/hansel/Documents/ITProject/Python/PatchTST/experiments/results/baselines/beijing/24h_1h/raw_metrics.csv,"{""hidden_size"": 71}",eligible,False
beijing,24,1,1013,2050,center_tcn,default,center_tcn_default,0.1522207558155059,/home/hansel/Documents/ITProject/Python/PatchTST/experiments/results/baselines/beijing/24h_1h/checkpoints/center_tcn_default_seed2050.pt,/home/hansel/Documents/ITProject/Python/PatchTST/experiments/results/baselines/beijing/24h_1h/raw_metrics.csv,"{""ks"": 7, ""layers"": [25, 25, 25, 25, 25, 25, 25, 25]}",eligible,False
beijing,24,1,1013,2050,center_tcn,matched,center_tcn_matched,0.1597358137369156,/home/hansel/Documents/ITProject/Python/PatchTST/experiments/results/baselines/beijing/24h_1h/checkpoints/center_tcn_matched_seed2050.pt,/home/hansel/Documents/ITProject/Python/PatchTST/experiments/results/baselines/beijing/24h_1h/raw_metrics.csv,"{""ks"": 5, ""layers"": [24, 24, 24, 24]}",eligible,False
beijing,24,1,1013,2050,center_mlp,default,center_mlp_default,0.1463034749031067,/home/hansel/Documents/ITProject/Python/PatchTST/experiments/results/baselines/beijing/24h_1h/checkpoints/center_mlp_default_seed2050.pt,/home/hansel/Documents/ITProject/Python/PatchTST/experiments/results/baselines/beijing/24h_1h/raw_metrics.csv,"{""layers"": [500, 500, 500]}",eligible,False
beijing,24,1,1013,2050,center_mlp,matched,center_mlp_matched,0.1634560674428939,/home/hansel/Documents/ITProject/Python/PatchTST/experiments/results/baselines/beijing/24h_1h/checkpoints/center_mlp_matched_seed2050.pt,/home/hansel/Documents/ITProject/Python/PatchTST/experiments/results/baselines/beijing/24h_1h/raw_metrics.csv,"{""layers"": [816], ""ps"": [0.1]}",eligible,False
beijing,24,1,1013,2050,center_resnet,default,center_resnet_default,0.1026022508740425,/home/hansel/Documents/ITProject/Python/PatchTST/experiments/results/baselines/beijing/24h_1h/checkpoints/center_resnet_default_seed2050.pt,/home/hansel/Documents/ITProject/Python/PatchTST/experiments/results/baselines/beijing/24h_1h/raw_metrics.csv,"{""library_fixed"": true}",eligible,False
beijing,24,1,1013,2050,center_resnet,matched,center_resnet_matched,0.1026022508740425,/home/hansel/Documents/ITProject/Python/PatchTST/experiments/results/baselines/beijing/24h_1h/checkpoints/center_resnet_matched_seed2050.pt,/home/hansel/Documents/ITProject/Python/PatchTST/experiments/results/baselines/beijing/24h_1h/raw_metrics.csv,"{""library_fixed"": true}",eligible,False
beijing,24,1,1013,2050,center_tst,default,center_tst_default,0.1055358126759529,/home/hansel/Documents/ITProject/Python/PatchTST/experiments/results/baselines/beijing/24h_1h/checkpoints/center_tst_default_seed2050.pt,/home/hansel/Documents/ITProject/Python/PatchTST/experiments/results/baselines/beijing/24h_1h/raw_metrics.csv,"{""d_ff"": 256, ""d_model"": 128, ""n_heads"": 16, ""n_layers"": 3}",eligible,False
beijing,24,1,1013,2050,center_tst,matched,center_tst_matched,0.1127520874142646,/home/hansel/Documents/ITProject/Python/PatchTST/experiments/results/baselines/beijing/24h_1h/checkpoints/center_tst_matched_seed2050.pt,/home/hansel/Documents/ITProject/Python/PatchTST/experiments/results/baselines/beijing/24h_1h/raw_metrics.csv,"{""d_ff"": 32, ""d_model"": 32, ""n_heads"": 1, ""n_layers"": 3}",eligible,False
beijing,24,1,1013,2050,degraded_patchtst,protocol,degraded_patchtst,0.102288119494915,/home/hansel/.herdr/worktrees/PatchTST/experiment-beijing-leakfree-coverage-ablation/experiments/results/beijing_leakfree_coverage/24h_1h/checkpoints/degraded_patchtst_seed2050.pt,experiments/results/beijing_leakfree_coverage/24h_1h/raw_metrics.csv,{},eligible,False
beijing,24,1,1013,2051,center_gru,default,center_gru_default,0.0996114537119865,/home/hansel/Documents/ITProject/Python/PatchTST/experiments/results/baselines/beijing/24h_1h/checkpoints/center_gru_default_seed2051.pt,/home/hansel/Documents/ITProject/Python/PatchTST/experiments/results/baselines/beijing/24h_1h/raw_metrics.csv,"{""hidden_size"": 100}",eligible,False
beijing,24,1,1013,2051,center_gru,matched,center_gru_matched,0.0982079580426216,/home/hansel/Documents/ITProject/Python/PatchTST/experiments/results/baselines/beijing/24h_1h/checkpoints/center_gru_matched_seed2051.pt,/home/hansel/Documents/ITProject/Python/PatchTST/experiments/results/baselines/beijing/24h_1h/raw_metrics.csv,"{""hidden_size"": 82}",eligible,False
beijing,24,1,1013,2051,center_lstm,default,center_lstm_default,0.0972807928919792,/home/hansel/Documents/ITProject/Python/PatchTST/experiments/results/baselines/beijing/24h_1h/checkpoints/center_lstm_default_seed2051.pt,/home/hansel/Documents/ITProject/Python/PatchTST/experiments/results/baselines/beijing/24h_1h/raw_metrics.csv,"{""hidden_size"": 100}",eligible,True
beijing,24,1,1013,2051,center_lstm,matched,center_lstm_matched,0.0976743847131729,/home/hansel/Documents/ITProject/Python/PatchTST/experiments/results/baselines/beijing/24h_1h/checkpoints/center_lstm_matched_seed2051.pt,/home/hansel/Documents/ITProject/Python/PatchTST/experiments/results/baselines/beijing/24h_1h/raw_metrics.csv,"{""hidden_size"": 71}",eligible,False
beijing,24,1,1013,2051,center_tcn,default,center_tcn_default,0.1394752413034439,/home/hansel/Documents/ITProject/Python/PatchTST/experiments/results/baselines/beijing/24h_1h/checkpoints/center_tcn_default_seed2051.pt,/home/hansel/Documents/ITProject/Python/PatchTST/experiments/results/baselines/beijing/24h_1h/raw_metrics.csv,"{""ks"": 7, ""layers"": [25, 25, 25, 25, 25, 25, 25, 25]}",eligible,False
beijing,24,1,1013,2051,center_tcn,matched,center_tcn_matched,0.1378711462020874,/home/hansel/Documents/ITProject/Python/PatchTST/experiments/results/baselines/beijing/24h_1h/checkpoints/center_tcn_matched_seed2051.pt,/home/hansel/Documents/ITProject/Python/PatchTST/experiments/results/baselines/beijing/24h_1h/raw_metrics.csv,"{""ks"": 5, ""layers"": [24, 24, 24, 24]}",eligible,False
beijing,24,1,1013,2051,center_mlp,default,center_mlp_default,0.141284629702568,/home/hansel/Documents/ITProject/Python/PatchTST/experiments/results/baselines/beijing/24h_1h/checkpoints/center_mlp_default_seed2051.pt,/home/hansel/Documents/ITProject/Python/PatchTST/experiments/results/baselines/beijing/24h_1h/raw_metrics.csv,"{""layers"": [500, 500, 500]}",eligible,False
beijing,24,1,1013,2051,center_mlp,matched,center_mlp_matched,0.1577431261539459,/home/hansel/Documents/ITProject/Python/PatchTST/experiments/results/baselines/beijing/24h_1h/checkpoints/center_mlp_matched_seed2051.pt,/home/hansel/Documents/ITProject/Python/PatchTST/experiments/results/baselines/beijing/24h_1h/raw_metrics.csv,"{""layers"": [816], ""ps"": [0.1]}",eligible,False
beijing,24,1,1013,2051,center_resnet,default,center_resnet_default,0.1014448702335357,/home/hansel/Documents/ITProject/Python/PatchTST/experiments/results/baselines/beijing/24h_1h/checkpoints/center_resnet_default_seed2051.pt,/home/hansel/Documents/ITProject/Python/PatchTST/experiments/results/baselines/beijing/24h_1h/raw_metrics.csv,"{""library_fixed"": true}",eligible,False
beijing,24,1,1013,2051,center_resnet,matched,center_resnet_matched,0.1014448702335357,/home/hansel/Documents/ITProject/Python/PatchTST/experiments/results/baselines/beijing/24h_1h/checkpoints/center_resnet_matched_seed2051.pt,/home/hansel/Documents/ITProject/Python/PatchTST/experiments/results/baselines/beijing/24h_1h/raw_metrics.csv,"{""library_fixed"": true}",eligible,False
beijing,24,1,1013,2051,center_tst,default,center_tst_default,0.1063596159219741,/home/hansel/Documents/ITProject/Python/PatchTST/experiments/results/baselines/beijing/24h_1h/checkpoints/center_tst_default_seed2051.pt,/home/hansel/Documents/ITProject/Python/PatchTST/experiments/results/baselines/beijing/24h_1h/raw_metrics.csv,"{""d_ff"": 256, ""d_model"": 128, ""n_heads"": 16, ""n_layers"": 3}",eligible,False
beijing,24,1,1013,2051,center_tst,matched,center_tst_matched,0.1075528040528297,/home/hansel/Documents/ITProject/Python/PatchTST/experiments/results/baselines/beijing/24h_1h/checkpoints/center_tst_matched_seed2051.pt,/home/hansel/Documents/ITProject/Python/PatchTST/experiments/results/baselines/beijing/24h_1h/raw_metrics.csv,"{""d_ff"": 32, ""d_model"": 32, ""n_heads"": 1, ""n_layers"": 3}",eligible,False
beijing,24,1,1013,2051,degraded_patchtst,protocol,degraded_patchtst,0.1001051887869834,/home/hansel/.herdr/worktrees/PatchTST/experiment-beijing-leakfree-coverage-ablation/experiments/results/beijing_leakfree_coverage/24h_1h/checkpoints/degraded_patchtst_seed2051.pt,experiments/results/beijing_leakfree_coverage/24h_1h/raw_metrics.csv,{},eligible,False
beijing,24,3,1013,2047,center_gru,default,center_gru_default,0.2577930986881256,/home/hansel/Documents/ITProject/Python/PatchTST/experiments/results/baselines/beijing/24h_3h/checkpoints/center_gru_default_seed2047.pt,/home/hansel/Documents/ITProject/Python/PatchTST/experiments/results/baselines/beijing/24h_3h/raw_metrics.csv,"{""hidden_size"": 100}",eligible,False
beijing,24,3,1013,2047,center_gru,matched,center_gru_matched,,,,{},not_in_protocol_coverage,False
beijing,24,3,1013,2047,center_lstm,default,center_lstm_default,0.2521102726459503,/home/hansel/Documents/ITProject/Python/PatchTST/experiments/results/baselines/beijing/24h_3h/checkpoints/center_lstm_default_seed2047.pt,/home/hansel/Documents/ITProject/Python/PatchTST/experiments/results/baselines/beijing/24h_3h/raw_metrics.csv,"{""hidden_size"": 100}",eligible,True
beijing,24,3,1013,2047,center_lstm,matched,center_lstm_matched,,,,{},not_in_protocol_coverage,False
beijing,24,3,1013,2047,center_tcn,default,center_tcn_default,0.293571412563324,/home/hansel/Documents/ITProject/Python/PatchTST/experiments/results/baselines/beijing/24h_3h/checkpoints/center_tcn_default_seed2047.pt,/home/hansel/Documents/ITProject/Python/PatchTST/experiments/results/baselines/beijing/24h_3h/raw_metrics.csv,"{""ks"": 7, ""layers"": [25, 25, 25, 25, 25, 25, 25, 25]}",eligible,False
beijing,24,3,1013,2047,center_tcn,matched,center_tcn_matched,,,,{},not_in_protocol_coverage,False
beijing,24,3,1013,2047,center_mlp,default,center_mlp_default,,,,{},not_in_protocol_coverage,False
beijing,24,3,1013,2047,center_mlp,matched,center_mlp_matched,,,,{},not_in_protocol_coverage,False
beijing,24,3,1013,2047,center_resnet,default,center_resnet_default,,,,{},not_in_protocol_coverage,False
beijing,24,3,1013,2047,center_resnet,matched,center_resnet_matched,,,,{},not_in_protocol_coverage,False
beijing,24,3,1013,2047,center_tst,default,center_tst_default,,,,{},not_in_protocol_coverage,False
beijing,24,3,1013,2047,center_tst,matched,center_tst_matched,,,,{},not_in_protocol_coverage,False
beijing,24,3,1013,2047,degraded_patchtst,protocol,degraded_patchtst,0.2666592001914978,/home/hansel/.herdr/worktrees/PatchTST/experiment-beijing-leakfree-coverage-ablation/experiments/results/beijing_leakfree_coverage/24h_3h/checkpoints/degraded_patchtst_seed2047.pt,experiments/results/beijing_leakfree_coverage/24h_3h/raw_metrics.csv,{},eligible,False
beijing,24,3,1013,2048,center_gru,default,center_gru_default,0.2563555836677551,/home/hansel/Documents/ITProject/Python/PatchTST/experiments/results/baselines/beijing/24h_3h/checkpoints/center_gru_default_seed2048.pt,/home/hansel/Documents/ITProject/Python/PatchTST/experiments/results/baselines/beijing/24h_3h/raw_metrics.csv,"{""hidden_size"": 100}",eligible,False
beijing,24,3,1013,2048,center_gru,matched,center_gru_matched,,,,{},not_in_protocol_coverage,False
beijing,24,3,1013,2048,center_lstm,default,center_lstm_default,0.2500928044319153,/home/hansel/Documents/ITProject/Python/PatchTST/experiments/results/baselines/beijing/24h_3h/checkpoints/center_lstm_default_seed2048.pt,/home/hansel/Documents/ITProject/Python/PatchTST/experiments/results/baselines/beijing/24h_3h/raw_metrics.csv,"{""hidden_size"": 100}",eligible,True
beijing,24,3,1013,2048,center_lstm,matched,center_lstm_matched,,,,{},not_in_protocol_coverage,False
beijing,24,3,1013,2048,center_tcn,default,center_tcn_default,0.3063265979290008,/home/hansel/Documents/ITProject/Python/PatchTST/experiments/results/baselines/beijing/24h_3h/checkpoints/center_tcn_default_seed2048.pt,/home/hansel/Documents/ITProject/Python/PatchTST/experiments/results/baselines/beijing/24h_3h/raw_metrics.csv,"{""ks"": 7, ""layers"": [25, 25, 25, 25, 25, 25, 25, 25]}",eligible,False
beijing,24,3,1013,2048,center_tcn,matched,center_tcn_matched,,,,{},not_in_protocol_coverage,False
beijing,24,3,1013,2048,center_mlp,default,center_mlp_default,,,,{},not_in_protocol_coverage,False
beijing,24,3,1013,2048,center_mlp,matched,center_mlp_matched,,,,{},not_in_protocol_coverage,False
beijing,24,3,1013,2048,center_resnet,default,center_resnet_default,,,,{},not_in_protocol_coverage,False
beijing,24,3,1013,2048,center_resnet,matched,center_resnet_matched,,,,{},not_in_protocol_coverage,False
beijing,24,3,1013,2048,center_tst,default,center_tst_default,,,,{},not_in_protocol_coverage,False
beijing,24,3,1013,2048,center_tst,matched,center_tst_matched,,,,{},not_in_protocol_coverage,False
beijing,24,3,1013,2048,degraded_patchtst,protocol,degraded_patchtst,0.2707981467247009,/home/hansel/.herdr/worktrees/PatchTST/experiment-beijing-leakfree-coverage-ablation/experiments/results/beijing_leakfree_coverage/24h_3h/checkpoints/degraded_patchtst_seed2048.pt,experiments/results/beijing_leakfree_coverage/24h_3h/raw_metrics.csv,{},eligible,False
beijing,24,3,1013,2049,center_gru,default,center_gru_default,0.2564225196838379,/home/hansel/Documents/ITProject/Python/PatchTST/experiments/results/baselines/beijing/24h_3h/checkpoints/center_gru_default_seed2049.pt,/home/hansel/Documents/ITProject/Python/PatchTST/experiments/results/baselines/beijing/24h_3h/raw_metrics.csv,"{""hidden_size"": 100}",eligible,False
beijing,24,3,1013,2049,center_gru,matched,center_gru_matched,,,,{},not_in_protocol_coverage,False
beijing,24,3,1013,2049,center_lstm,default,center_lstm_default,0.251554012298584,/home/hansel/Documents/ITProject/Python/PatchTST/experiments/results/baselines/beijing/24h_3h/checkpoints/center_lstm_default_seed2049.pt,/home/hansel/Documents/ITProject/Python/PatchTST/experiments/results/baselines/beijing/24h_3h/raw_metrics.csv,"{""hidden_size"": 100}",eligible,True
beijing,24,3,1013,2049,center_lstm,matched,center_lstm_matched,,,,{},not_in_protocol_coverage,False
beijing,24,3,1013,2049,center_tcn,default,center_tcn_default,0.2957633733749389,/home/hansel/Documents/ITProject/Python/PatchTST/experiments/results/baselines/beijing/24h_3h/checkpoints/center_tcn_default_seed2049.pt,/home/hansel/Documents/ITProject/Python/PatchTST/experiments/results/baselines/beijing/24h_3h/raw_metrics.csv,"{""ks"": 7, ""layers"": [25, 25, 25, 25, 25, 25, 25, 25]}",eligible,False
beijing,24,3,1013,2049,center_tcn,matched,center_tcn_matched,,,,{},not_in_protocol_coverage,False
beijing,24,3,1013,2049,center_mlp,default,center_mlp_default,,,,{},not_in_protocol_coverage,False
beijing,24,3,1013,2049,center_mlp,matched,center_mlp_matched,,,,{},not_in_protocol_coverage,False
beijing,24,3,1013,2049,center_resnet,default,center_resnet_default,,,,{},not_in_protocol_coverage,False
beijing,24,3,1013,2049,center_resnet,matched,center_resnet_matched,,,,{},not_in_protocol_coverage,False
beijing,24,3,1013,2049,center_tst,default,center_tst_default,,,,{},not_in_protocol_coverage,False
beijing,24,3,1013,2049,center_tst,matched,center_tst_matched,,,,{},not_in_protocol_coverage,False
beijing,24,3,1013,2049,degraded_patchtst,protocol,degraded_patchtst,0.2706598043441772,/home/hansel/.herdr/worktrees/PatchTST/experiment-beijing-leakfree-coverage-ablation/experiments/results/beijing_leakfree_coverage/24h_3h/checkpoints/degraded_patchtst_seed2049.pt,experiments/results/beijing_leakfree_coverage/24h_3h/raw_metrics.csv,{},eligible,False
beijing,24,6,1013,2047,center_gru,default,center_gru_default,0.4675217568874359,/home/hansel/Documents/ITProject/Python/PatchTST/experiments/results/baselines/beijing/24h_6h/checkpoints/center_gru_default_seed2047.pt,/home/hansel/Documents/ITProject/Python/PatchTST/experiments/results/baselines/beijing/24h_6h/raw_metrics.csv,"{""hidden_size"": 100}",eligible,False
beijing,24,6,1013,2047,center_gru,matched,center_gru_matched,,,,{},not_in_protocol_coverage,False
beijing,24,6,1013,2047,center_lstm,default,center_lstm_default,0.4622842371463775,/home/hansel/Documents/ITProject/Python/PatchTST/experiments/results/baselines/beijing/24h_6h/checkpoints/center_lstm_default_seed2047.pt,/home/hansel/Documents/ITProject/Python/PatchTST/experiments/results/baselines/beijing/24h_6h/raw_metrics.csv,"{""hidden_size"": 100}",eligible,True
beijing,24,6,1013,2047,center_lstm,matched,center_lstm_matched,,,,{},not_in_protocol_coverage,False
beijing,24,6,1013,2047,center_tcn,default,center_tcn_default,0.5242348313331604,/home/hansel/Documents/ITProject/Python/PatchTST/experiments/results/baselines/beijing/24h_6h/checkpoints/center_tcn_default_seed2047.pt,/home/hansel/Documents/ITProject/Python/PatchTST/experiments/results/baselines/beijing/24h_6h/raw_metrics.csv,"{""ks"": 7, ""layers"": [25, 25, 25, 25, 25, 25, 25, 25]}",eligible,False
beijing,24,6,1013,2047,center_tcn,matched,center_tcn_matched,,,,{},not_in_protocol_coverage,False
beijing,24,6,1013,2047,center_mlp,default,center_mlp_default,,,,{},not_in_protocol_coverage,False
beijing,24,6,1013,2047,center_mlp,matched,center_mlp_matched,,,,{},not_in_protocol_coverage,False
beijing,24,6,1013,2047,center_resnet,default,center_resnet_default,,,,{},not_in_protocol_coverage,False
beijing,24,6,1013,2047,center_resnet,matched,center_resnet_matched,,,,{},not_in_protocol_coverage,False
beijing,24,6,1013,2047,center_tst,default,center_tst_default,,,,{},not_in_protocol_coverage,False
beijing,24,6,1013,2047,center_tst,matched,center_tst_matched,,,,{},not_in_protocol_coverage,False
beijing,24,6,1013,2047,degraded_patchtst,protocol,degraded_patchtst,0.5071319341659546,/home/hansel/.herdr/worktrees/PatchTST/experiment-beijing-leakfree-coverage-ablation/experiments/results/beijing_leakfree_coverage/24h_6h/checkpoints/degraded_patchtst_seed2047.pt,experiments/results/beijing_leakfree_coverage/24h_6h/raw_metrics.csv,{},eligible,False
beijing,24,6,1013,2048,center_gru,default,center_gru_default,0.4659743010997772,/home/hansel/Documents/ITProject/Python/PatchTST/experiments/results/baselines/beijing/24h_6h/checkpoints/center_gru_default_seed2048.pt,/home/hansel/Documents/ITProject/Python/PatchTST/experiments/results/baselines/beijing/24h_6h/raw_metrics.csv,"{""hidden_size"": 100}",eligible,False
beijing,24,6,1013,2048,center_gru,matched,center_gru_matched,,,,{},not_in_protocol_coverage,False
beijing,24,6,1013,2048,center_lstm,default,center_lstm_default,0.4583235085010528,/home/hansel/Documents/ITProject/Python/PatchTST/experiments/results/baselines/beijing/24h_6h/checkpoints/center_lstm_default_seed2048.pt,/home/hansel/Documents/ITProject/Python/PatchTST/experiments/results/baselines/beijing/24h_6h/raw_metrics.csv,"{""hidden_size"": 100}",eligible,True
beijing,24,6,1013,2048,center_lstm,matched,center_lstm_matched,,,,{},not_in_protocol_coverage,False
beijing,24,6,1013,2048,center_tcn,default,center_tcn_default,0.5148864984512329,/home/hansel/Documents/ITProject/Python/PatchTST/experiments/results/baselines/beijing/24h_6h/checkpoints/center_tcn_default_seed2048.pt,/home/hansel/Documents/ITProject/Python/PatchTST/experiments/results/baselines/beijing/24h_6h/raw_metrics.csv,"{""ks"": 7, ""layers"": [25, 25, 25, 25, 25, 25, 25, 25]}",eligible,False
beijing,24,6,1013,2048,center_tcn,matched,center_tcn_matched,,,,{},not_in_protocol_coverage,False
beijing,24,6,1013,2048,center_mlp,default,center_mlp_default,,,,{},not_in_protocol_coverage,False
beijing,24,6,1013,2048,center_mlp,matched,center_mlp_matched,,,,{},not_in_protocol_coverage,False
beijing,24,6,1013,2048,center_resnet,default,center_resnet_default,,,,{},not_in_protocol_coverage,False
beijing,24,6,1013,2048,center_resnet,matched,center_resnet_matched,,,,{},not_in_protocol_coverage,False
beijing,24,6,1013,2048,center_tst,default,center_tst_default,,,,{},not_in_protocol_coverage,False
beijing,24,6,1013,2048,center_tst,matched,center_tst_matched,,,,{},not_in_protocol_coverage,False
beijing,24,6,1013,2048,degraded_patchtst,protocol,degraded_patchtst,0.5048338770866394,/home/hansel/.herdr/worktrees/PatchTST/experiment-beijing-leakfree-coverage-ablation/experiments/results/beijing_leakfree_coverage/24h_6h/checkpoints/degraded_patchtst_seed2048.pt,experiments/results/beijing_leakfree_coverage/24h_6h/raw_metrics.csv,{},eligible,False
beijing,24,6,1013,2049,center_gru,default,center_gru_default,0.4708218872547149,/home/hansel/Documents/ITProject/Python/PatchTST/experiments/results/baselines/beijing/24h_6h/checkpoints/center_gru_default_seed2049.pt,/home/hansel/Documents/ITProject/Python/PatchTST/experiments/results/baselines/beijing/24h_6h/raw_metrics.csv,"{""hidden_size"": 100}",eligible,False
beijing,24,6,1013,2049,center_gru,matched,center_gru_matched,,,,{},not_in_protocol_coverage,False
beijing,24,6,1013,2049,center_lstm,default,center_lstm_default,0.4591034650802612,/home/hansel/Documents/ITProject/Python/PatchTST/experiments/results/baselines/beijing/24h_6h/checkpoints/center_lstm_default_seed2049.pt,/home/hansel/Documents/ITProject/Python/PatchTST/experiments/results/baselines/beijing/24h_6h/raw_metrics.csv,"{""hidden_size"": 100}",eligible,True
beijing,24,6,1013,2049,center_lstm,matched,center_lstm_matched,,,,{},not_in_protocol_coverage,False
beijing,24,6,1013,2049,center_tcn,default,center_tcn_default,0.5078169107437134,/home/hansel/Documents/ITProject/Python/PatchTST/experiments/results/baselines/beijing/24h_6h/checkpoints/center_tcn_default_seed2049.pt,/home/hansel/Documents/ITProject/Python/PatchTST/experiments/results/baselines/beijing/24h_6h/raw_metrics.csv,"{""ks"": 7, ""layers"": [25, 25, 25, 25, 25, 25, 25, 25]}",eligible,False
beijing,24,6,1013,2049,center_tcn,matched,center_tcn_matched,,,,{},not_in_protocol_coverage,False
beijing,24,6,1013,2049,center_mlp,default,center_mlp_default,,,,{},not_in_protocol_coverage,False
beijing,24,6,1013,2049,center_mlp,matched,center_mlp_matched,,,,{},not_in_protocol_coverage,False
beijing,24,6,1013,2049,center_resnet,default,center_resnet_default,,,,{},not_in_protocol_coverage,False
beijing,24,6,1013,2049,center_resnet,matched,center_resnet_matched,,,,{},not_in_protocol_coverage,False
beijing,24,6,1013,2049,center_tst,default,center_tst_default,,,,{},not_in_protocol_coverage,False
beijing,24,6,1013,2049,center_tst,matched,center_tst_matched,,,,{},not_in_protocol_coverage,False
beijing,24,6,1013,2049,degraded_patchtst,protocol,degraded_patchtst,0.5036670565605164,/home/hansel/.herdr/worktrees/PatchTST/experiment-beijing-leakfree-coverage-ablation/experiments/results/beijing_leakfree_coverage/24h_6h/checkpoints/degraded_patchtst_seed2049.pt,experiments/results/beijing_leakfree_coverage/24h_6h/raw_metrics.csv,{},eligible,False
beijing,24,12,1013,2047,center_gru,default,center_gru_default,0.7968712449073792,/home/hansel/Documents/ITProject/Python/PatchTST/experiments/results/baselines/beijing/24h_12h/checkpoints/center_gru_default_seed2047.pt,/home/hansel/Documents/ITProject/Python/PatchTST/experiments/results/baselines/beijing/24h_12h/raw_metrics.csv,"{""hidden_size"": 100}",eligible,False
beijing,24,12,1013,2047,center_gru,matched,center_gru_matched,,,,{},not_in_protocol_coverage,False
beijing,24,12,1013,2047,center_lstm,default,center_lstm_default,0.7743937373161316,/home/hansel/Documents/ITProject/Python/PatchTST/experiments/results/baselines/beijing/24h_12h/checkpoints/center_lstm_default_seed2047.pt,/home/hansel/Documents/ITProject/Python/PatchTST/experiments/results/baselines/beijing/24h_12h/raw_metrics.csv,"{""hidden_size"": 100}",eligible,True
beijing,24,12,1013,2047,center_lstm,matched,center_lstm_matched,,,,{},not_in_protocol_coverage,False
beijing,24,12,1013,2047,center_tcn,default,center_tcn_default,0.8451679944992065,/home/hansel/Documents/ITProject/Python/PatchTST/experiments/results/baselines/beijing/24h_12h/checkpoints/center_tcn_default_seed2047.pt,/home/hansel/Documents/ITProject/Python/PatchTST/experiments/results/baselines/beijing/24h_12h/raw_metrics.csv,"{""ks"": 7, ""layers"": [25, 25, 25, 25, 25, 25, 25, 25]}",eligible,False
beijing,24,12,1013,2047,center_tcn,matched,center_tcn_matched,,,,{},not_in_protocol_coverage,False
beijing,24,12,1013,2047,center_mlp,default,center_mlp_default,,,,{},not_in_protocol_coverage,False
beijing,24,12,1013,2047,center_mlp,matched,center_mlp_matched,,,,{},not_in_protocol_coverage,False
beijing,24,12,1013,2047,center_resnet,default,center_resnet_default,,,,{},not_in_protocol_coverage,False
beijing,24,12,1013,2047,center_resnet,matched,center_resnet_matched,,,,{},not_in_protocol_coverage,False
beijing,24,12,1013,2047,center_tst,default,center_tst_default,,,,{},not_in_protocol_coverage,False
beijing,24,12,1013,2047,center_tst,matched,center_tst_matched,,,,{},not_in_protocol_coverage,False
beijing,24,12,1013,2047,degraded_patchtst,protocol,degraded_patchtst,0.8785899877548218,/home/hansel/.herdr/worktrees/PatchTST/experiment-beijing-leakfree-coverage-ablation/experiments/results/beijing_leakfree_coverage/24h_12h/checkpoints/degraded_patchtst_seed2047.pt,experiments/results/beijing_leakfree_coverage/24h_12h/raw_metrics.csv,{},eligible,False
beijing,24,12,1013,2048,center_gru,default,center_gru_default,0.7917330861091614,/home/hansel/Documents/ITProject/Python/PatchTST/experiments/results/baselines/beijing/24h_12h/checkpoints/center_gru_default_seed2048.pt,/home/hansel/Documents/ITProject/Python/PatchTST/experiments/results/baselines/beijing/24h_12h/raw_metrics.csv,"{""hidden_size"": 100}",eligible,False
beijing,24,12,1013,2048,center_gru,matched,center_gru_matched,,,,{},not_in_protocol_coverage,False
beijing,24,12,1013,2048,center_lstm,default,center_lstm_default,0.78911292552948,/home/hansel/Documents/ITProject/Python/PatchTST/experiments/results/baselines/beijing/24h_12h/checkpoints/center_lstm_default_seed2048.pt,/home/hansel/Documents/ITProject/Python/PatchTST/experiments/results/baselines/beijing/24h_12h/raw_metrics.csv,"{""hidden_size"": 100}",eligible,True
beijing,24,12,1013,2048,center_lstm,matched,center_lstm_matched,,,,{},not_in_protocol_coverage,False
beijing,24,12,1013,2048,center_tcn,default,center_tcn_default,0.8217445611953735,/home/hansel/Documents/ITProject/Python/PatchTST/experiments/results/baselines/beijing/24h_12h/checkpoints/center_tcn_default_seed2048.pt,/home/hansel/Documents/ITProject/Python/PatchTST/experiments/results/baselines/beijing/24h_12h/raw_metrics.csv,"{""ks"": 7, ""layers"": [25, 25, 25, 25, 25, 25, 25, 25]}",eligible,False
beijing,24,12,1013,2048,center_tcn,matched,center_tcn_matched,,,,{},not_in_protocol_coverage,False
beijing,24,12,1013,2048,center_mlp,default,center_mlp_default,,,,{},not_in_protocol_coverage,False
beijing,24,12,1013,2048,center_mlp,matched,center_mlp_matched,,,,{},not_in_protocol_coverage,False
beijing,24,12,1013,2048,center_resnet,default,center_resnet_default,,,,{},not_in_protocol_coverage,False
beijing,24,12,1013,2048,center_resnet,matched,center_resnet_matched,,,,{},not_in_protocol_coverage,False
beijing,24,12,1013,2048,center_tst,default,center_tst_default,,,,{},not_in_protocol_coverage,False
beijing,24,12,1013,2048,center_tst,matched,center_tst_matched,,,,{},not_in_protocol_coverage,False
beijing,24,12,1013,2048,degraded_patchtst,protocol,degraded_patchtst,0.8785368800163269,/home/hansel/.herdr/worktrees/PatchTST/experiment-beijing-leakfree-coverage-ablation/experiments/results/beijing_leakfree_coverage/24h_12h/checkpoints/degraded_patchtst_seed2048.pt,experiments/results/beijing_leakfree_coverage/24h_12h/raw_metrics.csv,{},eligible,False
beijing,24,12,1013,2049,center_gru,default,center_gru_default,0.7825608849525452,/home/hansel/Documents/ITProject/Python/PatchTST/experiments/results/baselines/beijing/24h_12h/checkpoints/center_gru_default_seed2049.pt,/home/hansel/Documents/ITProject/Python/PatchTST/experiments/results/baselines/beijing/24h_12h/raw_metrics.csv,"{""hidden_size"": 100}",eligible,True
beijing,24,12,1013,2049,center_gru,matched,center_gru_matched,,,,{},not_in_protocol_coverage,False
beijing,24,12,1013,2049,center_lstm,default,center_lstm_default,0.7894130349159241,/home/hansel/Documents/ITProject/Python/PatchTST/experiments/results/baselines/beijing/24h_12h/checkpoints/center_lstm_default_seed2049.pt,/home/hansel/Documents/ITProject/Python/PatchTST/experiments/results/baselines/beijing/24h_12h/raw_metrics.csv,"{""hidden_size"": 100}",eligible,False
beijing,24,12,1013,2049,center_lstm,matched,center_lstm_matched,,,,{},not_in_protocol_coverage,False
beijing,24,12,1013,2049,center_tcn,default,center_tcn_default,0.828137993812561,/home/hansel/Documents/ITProject/Python/PatchTST/experiments/results/baselines/beijing/24h_12h/checkpoints/center_tcn_default_seed2049.pt,/home/hansel/Documents/ITProject/Python/PatchTST/experiments/results/baselines/beijing/24h_12h/raw_metrics.csv,"{""ks"": 7, ""layers"": [25, 25, 25, 25, 25, 25, 25, 25]}",eligible,False
beijing,24,12,1013,2049,center_tcn,matched,center_tcn_matched,,,,{},not_in_protocol_coverage,False
beijing,24,12,1013,2049,center_mlp,default,center_mlp_default,,,,{},not_in_protocol_coverage,False
beijing,24,12,1013,2049,center_mlp,matched,center_mlp_matched,,,,{},not_in_protocol_coverage,False
beijing,24,12,1013,2049,center_resnet,default,center_resnet_default,,,,{},not_in_protocol_coverage,False
beijing,24,12,1013,2049,center_resnet,matched,center_resnet_matched,,,,{},not_in_protocol_coverage,False
beijing,24,12,1013,2049,center_tst,default,center_tst_default,,,,{},not_in_protocol_coverage,False
beijing,24,12,1013,2049,center_tst,matched,center_tst_matched,,,,{},not_in_protocol_coverage,False
beijing,24,12,1013,2049,degraded_patchtst,protocol,degraded_patchtst,0.8672106266021729,/home/hansel/.herdr/worktrees/PatchTST/experiment-beijing-leakfree-coverage-ablation/experiments/results/beijing_leakfree_coverage/24h_12h/checkpoints/degraded_patchtst_seed2049.pt,experiments/results/beijing_leakfree_coverage/24h_12h/raw_metrics.csv,{},eligible,False
beijing,24,24,1013,2047,center_gru,default,center_gru_default,1.205498456954956,/home/hansel/Documents/ITProject/Python/PatchTST/experiments/results/baselines/beijing/24h_24h/checkpoints/center_gru_default_seed2047.pt,/home/hansel/Documents/ITProject/Python/PatchTST/experiments/results/baselines/beijing/24h_24h/raw_metrics.csv,"{""hidden_size"": 100}",eligible,False
beijing,24,24,1013,2047,center_gru,matched,center_gru_matched,,,,{},not_in_protocol_coverage,False
beijing,24,24,1013,2047,center_lstm,default,center_lstm_default,1.0952608585357666,/home/hansel/Documents/ITProject/Python/PatchTST/experiments/results/baselines/beijing/24h_24h/checkpoints/center_lstm_default_seed2047.pt,/home/hansel/Documents/ITProject/Python/PatchTST/experiments/results/baselines/beijing/24h_24h/raw_metrics.csv,"{""hidden_size"": 100}",eligible,True
beijing,24,24,1013,2047,center_lstm,matched,center_lstm_matched,,,,{},not_in_protocol_coverage,False
beijing,24,24,1013,2047,center_tcn,default,center_tcn_default,1.164625883102417,/home/hansel/Documents/ITProject/Python/PatchTST/experiments/results/baselines/beijing/24h_24h/checkpoints/center_tcn_default_seed2047.pt,/home/hansel/Documents/ITProject/Python/PatchTST/experiments/results/baselines/beijing/24h_24h/raw_metrics.csv,"{""ks"": 7, ""layers"": [25, 25, 25, 25, 25, 25, 25, 25]}",eligible,False
beijing,24,24,1013,2047,center_tcn,matched,center_tcn_matched,,,,{},not_in_protocol_coverage,False
beijing,24,24,1013,2047,center_mlp,default,center_mlp_default,,,,{},not_in_protocol_coverage,False
beijing,24,24,1013,2047,center_mlp,matched,center_mlp_matched,,,,{},not_in_protocol_coverage,False
beijing,24,24,1013,2047,center_resnet,default,center_resnet_default,,,,{},not_in_protocol_coverage,False
beijing,24,24,1013,2047,center_resnet,matched,center_resnet_matched,,,,{},not_in_protocol_coverage,False
beijing,24,24,1013,2047,center_tst,default,center_tst_default,,,,{},not_in_protocol_coverage,False
beijing,24,24,1013,2047,center_tst,matched,center_tst_matched,,,,{},not_in_protocol_coverage,False
beijing,24,24,1013,2047,degraded_patchtst,protocol,degraded_patchtst,1.3515881299972534,/home/hansel/.herdr/worktrees/PatchTST/experiment-beijing-leakfree-coverage-ablation/experiments/results/beijing_leakfree_coverage/24h_24h/checkpoints/degraded_patchtst_seed2047.pt,experiments/results/beijing_leakfree_coverage/24h_24h/raw_metrics.csv,{},eligible,False
beijing,24,24,1013,2048,center_gru,default,center_gru_default,1.1524977684020996,/home/hansel/Documents/ITProject/Python/PatchTST/experiments/results/baselines/beijing/24h_24h/checkpoints/center_gru_default_seed2048.pt,/home/hansel/Documents/ITProject/Python/PatchTST/experiments/results/baselines/beijing/24h_24h/raw_metrics.csv,"{""hidden_size"": 100}",eligible,True
beijing,24,24,1013,2048,center_gru,matched,center_gru_matched,,,,{},not_in_protocol_coverage,False
beijing,24,24,1013,2048,center_lstm,default,center_lstm_default,1.1543034315109253,/home/hansel/Documents/ITProject/Python/PatchTST/experiments/results/baselines/beijing/24h_24h/checkpoints/center_lstm_default_seed2048.pt,/home/hansel/Documents/ITProject/Python/PatchTST/experiments/results/baselines/beijing/24h_24h/raw_metrics.csv,"{""hidden_size"": 100}",eligible,False
beijing,24,24,1013,2048,center_lstm,matched,center_lstm_matched,,,,{},not_in_protocol_coverage,False
beijing,24,24,1013,2048,center_tcn,default,center_tcn_default,1.198692798614502,/home/hansel/Documents/ITProject/Python/PatchTST/experiments/results/baselines/beijing/24h_24h/checkpoints/center_tcn_default_seed2048.pt,/home/hansel/Documents/ITProject/Python/PatchTST/experiments/results/baselines/beijing/24h_24h/raw_metrics.csv,"{""ks"": 7, ""layers"": [25, 25, 25, 25, 25, 25, 25, 25]}",eligible,False
beijing,24,24,1013,2048,center_tcn,matched,center_tcn_matched,,,,{},not_in_protocol_coverage,False
beijing,24,24,1013,2048,center_mlp,default,center_mlp_default,,,,{},not_in_protocol_coverage,False
beijing,24,24,1013,2048,center_mlp,matched,center_mlp_matched,,,,{},not_in_protocol_coverage,False
beijing,24,24,1013,2048,center_resnet,default,center_resnet_default,,,,{},not_in_protocol_coverage,False
beijing,24,24,1013,2048,center_resnet,matched,center_resnet_matched,,,,{},not_in_protocol_coverage,False
beijing,24,24,1013,2048,center_tst,default,center_tst_default,,,,{},not_in_protocol_coverage,False
beijing,24,24,1013,2048,center_tst,matched,center_tst_matched,,,,{},not_in_protocol_coverage,False
beijing,24,24,1013,2048,degraded_patchtst,protocol,degraded_patchtst,1.363330602645874,/home/hansel/.herdr/worktrees/PatchTST/experiment-beijing-leakfree-coverage-ablation/experiments/results/beijing_leakfree_coverage/24h_24h/checkpoints/degraded_patchtst_seed2048.pt,experiments/results/beijing_leakfree_coverage/24h_24h/raw_metrics.csv,{},eligible,False
beijing,24,24,1013,2049,center_gru,default,center_gru_default,1.1976032257080078,/home/hansel/Documents/ITProject/Python/PatchTST/experiments/results/baselines/beijing/24h_24h/checkpoints/center_gru_default_seed2049.pt,/home/hansel/Documents/ITProject/Python/PatchTST/experiments/results/baselines/beijing/24h_24h/raw_metrics.csv,"{""hidden_size"": 100}",eligible,False
beijing,24,24,1013,2049,center_gru,matched,center_gru_matched,,,,{},not_in_protocol_coverage,False
beijing,24,24,1013,2049,center_lstm,default,center_lstm_default,1.1488240957260132,/home/hansel/Documents/ITProject/Python/PatchTST/experiments/results/baselines/beijing/24h_24h/checkpoints/center_lstm_default_seed2049.pt,/home/hansel/Documents/ITProject/Python/PatchTST/experiments/results/baselines/beijing/24h_24h/raw_metrics.csv,"{""hidden_size"": 100}",eligible,True
beijing,24,24,1013,2049,center_lstm,matched,center_lstm_matched,,,,{},not_in_protocol_coverage,False
beijing,24,24,1013,2049,center_tcn,default,center_tcn_default,1.158290147781372,/home/hansel/Documents/ITProject/Python/PatchTST/experiments/results/baselines/beijing/24h_24h/checkpoints/center_tcn_default_seed2049.pt,/home/hansel/Documents/ITProject/Python/PatchTST/experiments/results/baselines/beijing/24h_24h/raw_metrics.csv,"{""ks"": 7, ""layers"": [25, 25, 25, 25, 25, 25, 25, 25]}",eligible,False
beijing,24,24,1013,2049,center_tcn,matched,center_tcn_matched,,,,{},not_in_protocol_coverage,False
beijing,24,24,1013,2049,center_mlp,default,center_mlp_default,,,,{},not_in_protocol_coverage,False
beijing,24,24,1013,2049,center_mlp,matched,center_mlp_matched,,,,{},not_in_protocol_coverage,False
beijing,24,24,1013,2049,center_resnet,default,center_resnet_default,,,,{},not_in_protocol_coverage,False
beijing,24,24,1013,2049,center_resnet,matched,center_resnet_matched,,,,{},not_in_protocol_coverage,False
beijing,24,24,1013,2049,center_tst,default,center_tst_default,,,,{},not_in_protocol_coverage,False
beijing,24,24,1013,2049,center_tst,matched,center_tst_matched,,,,{},not_in_protocol_coverage,False
beijing,24,24,1013,2049,degraded_patchtst,protocol,degraded_patchtst,1.3654121160507202,/home/hansel/.herdr/worktrees/PatchTST/experiment-beijing-leakfree-coverage-ablation/experiments/results/beijing_leakfree_coverage/24h_24h/checkpoints/degraded_patchtst_seed2049.pt,experiments/results/beijing_leakfree_coverage/24h_24h/raw_metrics.csv,{},eligible,False
beijing,48,1,1013,2047,center_gru,default,center_gru_default,0.099111683666706,/home/hansel/Documents/ITProject/Python/PatchTST/experiments/results/baselines/beijing/48h_1h/checkpoints/center_gru_default_seed2047.pt,/home/hansel/Documents/ITProject/Python/PatchTST/experiments/results/baselines/beijing/48h_1h/raw_metrics.csv,"{""hidden_size"": 100}",eligible,False
beijing,48,1,1013,2047,center_gru,matched,center_gru_matched,,,,{},not_in_protocol_coverage,False
beijing,48,1,1013,2047,center_lstm,default,center_lstm_default,0.0989585891366005,/home/hansel/Documents/ITProject/Python/PatchTST/experiments/results/baselines/beijing/48h_1h/checkpoints/center_lstm_default_seed2047.pt,/home/hansel/Documents/ITProject/Python/PatchTST/experiments/results/baselines/beijing/48h_1h/raw_metrics.csv,"{""hidden_size"": 100}",eligible,True
beijing,48,1,1013,2047,center_lstm,matched,center_lstm_matched,,,,{},not_in_protocol_coverage,False
beijing,48,1,1013,2047,center_tcn,default,center_tcn_default,0.3327538669109344,/home/hansel/Documents/ITProject/Python/PatchTST/experiments/results/baselines/beijing/48h_1h/checkpoints/center_tcn_default_seed2047.pt,/home/hansel/Documents/ITProject/Python/PatchTST/experiments/results/baselines/beijing/48h_1h/raw_metrics.csv,"{""ks"": 7, ""layers"": [25, 25, 25, 25, 25, 25, 25, 25]}",eligible,False
beijing,48,1,1013,2047,center_tcn,matched,center_tcn_matched,,,,{},not_in_protocol_coverage,False
beijing,48,1,1013,2047,center_mlp,default,center_mlp_default,,,,{},not_in_protocol_coverage,False
beijing,48,1,1013,2047,center_mlp,matched,center_mlp_matched,,,,{},not_in_protocol_coverage,False
beijing,48,1,1013,2047,center_resnet,default,center_resnet_default,,,,{},not_in_protocol_coverage,False
beijing,48,1,1013,2047,center_resnet,matched,center_resnet_matched,,,,{},not_in_protocol_coverage,False
beijing,48,1,1013,2047,center_tst,default,center_tst_default,,,,{},not_in_protocol_coverage,False
beijing,48,1,1013,2047,center_tst,matched,center_tst_matched,,,,{},not_in_protocol_coverage,False
beijing,48,1,1013,2047,degraded_patchtst,protocol,degraded_patchtst,0.1029423251748085,/home/hansel/.herdr/worktrees/PatchTST/experiment-beijing-leakfree-coverage-ablation/experiments/results/beijing_leakfree_coverage/48h_1h/checkpoints/degraded_patchtst_seed2047.pt,experiments/results/beijing_leakfree_coverage/48h_1h/raw_metrics.csv,{},eligible,False
beijing,48,1,1013,2048,center_gru,default,center_gru_default,0.0990528091788292,/home/hansel/Documents/ITProject/Python/PatchTST/experiments/results/baselines/beijing/48h_1h/checkpoints/center_gru_default_seed2048.pt,/home/hansel/Documents/ITProject/Python/PatchTST/experiments/results/baselines/beijing/48h_1h/raw_metrics.csv,"{""hidden_size"": 100}",eligible,False
beijing,48,1,1013,2048,center_gru,matched,center_gru_matched,,,,{},not_in_protocol_coverage,False
beijing,48,1,1013,2048,center_lstm,default,center_lstm_default,0.0976847037672996,/home/hansel/Documents/ITProject/Python/PatchTST/experiments/results/baselines/beijing/48h_1h/checkpoints/center_lstm_default_seed2048.pt,/home/hansel/Documents/ITProject/Python/PatchTST/experiments/results/baselines/beijing/48h_1h/raw_metrics.csv,"{""hidden_size"": 100}",eligible,True
beijing,48,1,1013,2048,center_lstm,matched,center_lstm_matched,,,,{},not_in_protocol_coverage,False
beijing,48,1,1013,2048,center_tcn,default,center_tcn_default,0.2142119854688644,/home/hansel/Documents/ITProject/Python/PatchTST/experiments/results/baselines/beijing/48h_1h/checkpoints/center_tcn_default_seed2048.pt,/home/hansel/Documents/ITProject/Python/PatchTST/experiments/results/baselines/beijing/48h_1h/raw_metrics.csv,"{""ks"": 7, ""layers"": [25, 25, 25, 25, 25, 25, 25, 25]}",eligible,False
beijing,48,1,1013,2048,center_tcn,matched,center_tcn_matched,,,,{},not_in_protocol_coverage,False
beijing,48,1,1013,2048,center_mlp,default,center_mlp_default,,,,{},not_in_protocol_coverage,False
beijing,48,1,1013,2048,center_mlp,matched,center_mlp_matched,,,,{},not_in_protocol_coverage,False
beijing,48,1,1013,2048,center_resnet,default,center_resnet_default,,,,{},not_in_protocol_coverage,False
beijing,48,1,1013,2048,center_resnet,matched,center_resnet_matched,,,,{},not_in_protocol_coverage,False
beijing,48,1,1013,2048,center_tst,default,center_tst_default,,,,{},not_in_protocol_coverage,False
beijing,48,1,1013,2048,center_tst,matched,center_tst_matched,,,,{},not_in_protocol_coverage,False
beijing,48,1,1013,2048,degraded_patchtst,protocol,degraded_patchtst,0.1006532460451126,/home/hansel/.herdr/worktrees/PatchTST/experiment-beijing-leakfree-coverage-ablation/experiments/results/beijing_leakfree_coverage/48h_1h/checkpoints/degraded_patchtst_seed2048.pt,experiments/results/beijing_leakfree_coverage/48h_1h/raw_metrics.csv,{},eligible,False
beijing,48,1,1013,2049,center_gru,default,center_gru_default,0.0989038199186325,/home/hansel/Documents/ITProject/Python/PatchTST/experiments/results/baselines/beijing/48h_1h/checkpoints/center_gru_default_seed2049.pt,/home/hansel/Documents/ITProject/Python/PatchTST/experiments/results/baselines/beijing/48h_1h/raw_metrics.csv,"{""hidden_size"": 100}",eligible,False
beijing,48,1,1013,2049,center_gru,matched,center_gru_matched,,,,{},not_in_protocol_coverage,False
beijing,48,1,1013,2049,center_lstm,default,center_lstm_default,0.0972773432731628,/home/hansel/Documents/ITProject/Python/PatchTST/experiments/results/baselines/beijing/48h_1h/checkpoints/center_lstm_default_seed2049.pt,/home/hansel/Documents/ITProject/Python/PatchTST/experiments/results/baselines/beijing/48h_1h/raw_metrics.csv,"{""hidden_size"": 100}",eligible,True
beijing,48,1,1013,2049,center_lstm,matched,center_lstm_matched,,,,{},not_in_protocol_coverage,False
beijing,48,1,1013,2049,center_tcn,default,center_tcn_default,0.1775597482919693,/home/hansel/Documents/ITProject/Python/PatchTST/experiments/results/baselines/beijing/48h_1h/checkpoints/center_tcn_default_seed2049.pt,/home/hansel/Documents/ITProject/Python/PatchTST/experiments/results/baselines/beijing/48h_1h/raw_metrics.csv,"{""ks"": 7, ""layers"": [25, 25, 25, 25, 25, 25, 25, 25]}",eligible,False
beijing,48,1,1013,2049,center_tcn,matched,center_tcn_matched,,,,{},not_in_protocol_coverage,False
beijing,48,1,1013,2049,center_mlp,default,center_mlp_default,,,,{},not_in_protocol_coverage,False
beijing,48,1,1013,2049,center_mlp,matched,center_mlp_matched,,,,{},not_in_protocol_coverage,False
beijing,48,1,1013,2049,center_resnet,default,center_resnet_default,,,,{},not_in_protocol_coverage,False
beijing,48,1,1013,2049,center_resnet,matched,center_resnet_matched,,,,{},not_in_protocol_coverage,False
beijing,48,1,1013,2049,center_tst,default,center_tst_default,,,,{},not_in_protocol_coverage,False
beijing,48,1,1013,2049,center_tst,matched,center_tst_matched,,,,{},not_in_protocol_coverage,False
beijing,48,1,1013,2049,degraded_patchtst,protocol,degraded_patchtst,0.1021612212061882,/home/hansel/.herdr/worktrees/PatchTST/experiment-beijing-leakfree-coverage-ablation/experiments/results/beijing_leakfree_coverage/48h_1h/checkpoints/degraded_patchtst_seed2049.pt,experiments/results/beijing_leakfree_coverage/48h_1h/raw_metrics.csv,{},eligible,False
beijing,48,3,1013,2047,center_gru,default,center_gru_default,0.2576232850551605,/home/hansel/Documents/ITProject/Python/PatchTST/experiments/results/baselines/beijing/48h_3h/checkpoints/center_gru_default_seed2047.pt,/home/hansel/Documents/ITProject/Python/PatchTST/experiments/results/baselines/beijing/48h_3h/raw_metrics.csv,"{""hidden_size"": 100}",eligible,False
beijing,48,3,1013,2047,center_gru,matched,center_gru_matched,,,,{},not_in_protocol_coverage,False
beijing,48,3,1013,2047,center_lstm,default,center_lstm_default,0.2553854882717132,/home/hansel/Documents/ITProject/Python/PatchTST/experiments/results/baselines/beijing/48h_3h/checkpoints/center_lstm_default_seed2047.pt,/home/hansel/Documents/ITProject/Python/PatchTST/experiments/results/baselines/beijing/48h_3h/raw_metrics.csv,"{""hidden_size"": 100}",eligible,True
beijing,48,3,1013,2047,center_lstm,matched,center_lstm_matched,,,,{},not_in_protocol_coverage,False
beijing,48,3,1013,2047,center_tcn,default,center_tcn_default,0.3405738472938537,/home/hansel/Documents/ITProject/Python/PatchTST/experiments/results/baselines/beijing/48h_3h/checkpoints/center_tcn_default_seed2047.pt,/home/hansel/Documents/ITProject/Python/PatchTST/experiments/results/baselines/beijing/48h_3h/raw_metrics.csv,"{""ks"": 7, ""layers"": [25, 25, 25, 25, 25, 25, 25, 25]}",eligible,False
beijing,48,3,1013,2047,center_tcn,matched,center_tcn_matched,,,,{},not_in_protocol_coverage,False
beijing,48,3,1013,2047,center_mlp,default,center_mlp_default,,,,{},not_in_protocol_coverage,False
beijing,48,3,1013,2047,center_mlp,matched,center_mlp_matched,,,,{},not_in_protocol_coverage,False
beijing,48,3,1013,2047,center_resnet,default,center_resnet_default,,,,{},not_in_protocol_coverage,False
beijing,48,3,1013,2047,center_resnet,matched,center_resnet_matched,,,,{},not_in_protocol_coverage,False
beijing,48,3,1013,2047,center_tst,default,center_tst_default,,,,{},not_in_protocol_coverage,False
beijing,48,3,1013,2047,center_tst,matched,center_tst_matched,,,,{},not_in_protocol_coverage,False
beijing,48,3,1013,2047,degraded_patchtst,protocol,degraded_patchtst,0.2640970051288605,/home/hansel/.herdr/worktrees/PatchTST/experiment-beijing-leakfree-coverage-ablation/experiments/results/beijing_leakfree_coverage/48h_3h/checkpoints/degraded_patchtst_seed2047.pt,experiments/results/beijing_leakfree_coverage/48h_3h/raw_metrics.csv,{},eligible,False
beijing,48,3,1013,2048,center_gru,default,center_gru_default,0.2565425336360931,/home/hansel/Documents/ITProject/Python/PatchTST/experiments/results/baselines/beijing/48h_3h/checkpoints/center_gru_default_seed2048.pt,/home/hansel/Documents/ITProject/Python/PatchTST/experiments/results/baselines/beijing/48h_3h/raw_metrics.csv,"{""hidden_size"": 100}",eligible,False
beijing,48,3,1013,2048,center_gru,matched,center_gru_matched,,,,{},not_in_protocol_coverage,False
beijing,48,3,1013,2048,center_lstm,default,center_lstm_default,0.2492524236440658,/home/hansel/Documents/ITProject/Python/PatchTST/experiments/results/baselines/beijing/48h_3h/checkpoints/center_lstm_default_seed2048.pt,/home/hansel/Documents/ITProject/Python/PatchTST/experiments/results/baselines/beijing/48h_3h/raw_metrics.csv,"{""hidden_size"": 100}",eligible,True
beijing,48,3,1013,2048,center_lstm,matched,center_lstm_matched,,,,{},not_in_protocol_coverage,False
beijing,48,3,1013,2048,center_tcn,default,center_tcn_default,0.3682582974433899,/home/hansel/Documents/ITProject/Python/PatchTST/experiments/results/baselines/beijing/48h_3h/checkpoints/center_tcn_default_seed2048.pt,/home/hansel/Documents/ITProject/Python/PatchTST/experiments/results/baselines/beijing/48h_3h/raw_metrics.csv,"{""ks"": 7, ""layers"": [25, 25, 25, 25, 25, 25, 25, 25]}",eligible,False
beijing,48,3,1013,2048,center_tcn,matched,center_tcn_matched,,,,{},not_in_protocol_coverage,False
beijing,48,3,1013,2048,center_mlp,default,center_mlp_default,,,,{},not_in_protocol_coverage,False
beijing,48,3,1013,2048,center_mlp,matched,center_mlp_matched,,,,{},not_in_protocol_coverage,False
beijing,48,3,1013,2048,center_resnet,default,center_resnet_default,,,,{},not_in_protocol_coverage,False
beijing,48,3,1013,2048,center_resnet,matched,center_resnet_matched,,,,{},not_in_protocol_coverage,False
beijing,48,3,1013,2048,center_tst,default,center_tst_default,,,,{},not_in_protocol_coverage,False
beijing,48,3,1013,2048,center_tst,matched,center_tst_matched,,,,{},not_in_protocol_coverage,False
beijing,48,3,1013,2048,degraded_patchtst,protocol,degraded_patchtst,0.2688646018505096,/home/hansel/.herdr/worktrees/PatchTST/experiment-beijing-leakfree-coverage-ablation/experiments/results/beijing_leakfree_coverage/48h_3h/checkpoints/degraded_patchtst_seed2048.pt,experiments/results/beijing_leakfree_coverage/48h_3h/raw_metrics.csv,{},eligible,False
beijing,48,3,1013,2049,center_gru,default,center_gru_default,0.2572188079357147,/home/hansel/Documents/ITProject/Python/PatchTST/experiments/results/baselines/beijing/48h_3h/checkpoints/center_gru_default_seed2049.pt,/home/hansel/Documents/ITProject/Python/PatchTST/experiments/results/baselines/beijing/48h_3h/raw_metrics.csv,"{""hidden_size"": 100}",eligible,False
beijing,48,3,1013,2049,center_gru,matched,center_gru_matched,,,,{},not_in_protocol_coverage,False
beijing,48,3,1013,2049,center_lstm,default,center_lstm_default,0.253434419631958,/home/hansel/Documents/ITProject/Python/PatchTST/experiments/results/baselines/beijing/48h_3h/checkpoints/center_lstm_default_seed2049.pt,/home/hansel/Documents/ITProject/Python/PatchTST/experiments/results/baselines/beijing/48h_3h/raw_metrics.csv,"{""hidden_size"": 100}",eligible,True
beijing,48,3,1013,2049,center_lstm,matched,center_lstm_matched,,,,{},not_in_protocol_coverage,False
beijing,48,3,1013,2049,center_tcn,default,center_tcn_default,0.3235576450824737,/home/hansel/Documents/ITProject/Python/PatchTST/experiments/results/baselines/beijing/48h_3h/checkpoints/center_tcn_default_seed2049.pt,/home/hansel/Documents/ITProject/Python/PatchTST/experiments/results/baselines/beijing/48h_3h/raw_metrics.csv,"{""ks"": 7, ""layers"": [25, 25, 25, 25, 25, 25, 25, 25]}",eligible,False
beijing,48,3,1013,2049,center_tcn,matched,center_tcn_matched,,,,{},not_in_protocol_coverage,False
beijing,48,3,1013,2049,center_mlp,default,center_mlp_default,,,,{},not_in_protocol_coverage,False
beijing,48,3,1013,2049,center_mlp,matched,center_mlp_matched,,,,{},not_in_protocol_coverage,False
beijing,48,3,1013,2049,center_resnet,default,center_resnet_default,,,,{},not_in_protocol_coverage,False
beijing,48,3,1013,2049,center_resnet,matched,center_resnet_matched,,,,{},not_in_protocol_coverage,False
beijing,48,3,1013,2049,center_tst,default,center_tst_default,,,,{},not_in_protocol_coverage,False
beijing,48,3,1013,2049,center_tst,matched,center_tst_matched,,,,{},not_in_protocol_coverage,False
beijing,48,3,1013,2049,degraded_patchtst,protocol,degraded_patchtst,0.2652781307697296,/home/hansel/.herdr/worktrees/PatchTST/experiment-beijing-leakfree-coverage-ablation/experiments/results/beijing_leakfree_coverage/48h_3h/checkpoints/degraded_patchtst_seed2049.pt,experiments/results/beijing_leakfree_coverage/48h_3h/raw_metrics.csv,{},eligible,False
beijing,48,6,1013,2047,center_gru,default,center_gru_default,0.4679188132286072,/home/hansel/Documents/ITProject/Python/PatchTST/experiments/results/baselines/beijing/48h_6h/checkpoints/center_gru_default_seed2047.pt,/home/hansel/Documents/ITProject/Python/PatchTST/experiments/results/baselines/beijing/48h_6h/raw_metrics.csv,"{""hidden_size"": 100}",eligible,False
beijing,48,6,1013,2047,center_gru,matched,center_gru_matched,,,,{},not_in_protocol_coverage,False
beijing,48,6,1013,2047,center_lstm,default,center_lstm_default,0.4494147598743438,/home/hansel/Documents/ITProject/Python/PatchTST/experiments/results/baselines/beijing/48h_6h/checkpoints/center_lstm_default_seed2047.pt,/home/hansel/Documents/ITProject/Python/PatchTST/experiments/results/baselines/beijing/48h_6h/raw_metrics.csv,"{""hidden_size"": 100}",eligible,True
beijing,48,6,1013,2047,center_lstm,matched,center_lstm_matched,,,,{},not_in_protocol_coverage,False
beijing,48,6,1013,2047,center_tcn,default,center_tcn_default,0.550361156463623,/home/hansel/Documents/ITProject/Python/PatchTST/experiments/results/baselines/beijing/48h_6h/checkpoints/center_tcn_default_seed2047.pt,/home/hansel/Documents/ITProject/Python/PatchTST/experiments/results/baselines/beijing/48h_6h/raw_metrics.csv,"{""ks"": 7, ""layers"": [25, 25, 25, 25, 25, 25, 25, 25]}",eligible,False
beijing,48,6,1013,2047,center_tcn,matched,center_tcn_matched,,,,{},not_in_protocol_coverage,False
beijing,48,6,1013,2047,center_mlp,default,center_mlp_default,,,,{},not_in_protocol_coverage,False
beijing,48,6,1013,2047,center_mlp,matched,center_mlp_matched,,,,{},not_in_protocol_coverage,False
beijing,48,6,1013,2047,center_resnet,default,center_resnet_default,,,,{},not_in_protocol_coverage,False
beijing,48,6,1013,2047,center_resnet,matched,center_resnet_matched,,,,{},not_in_protocol_coverage,False
beijing,48,6,1013,2047,center_tst,default,center_tst_default,,,,{},not_in_protocol_coverage,False
beijing,48,6,1013,2047,center_tst,matched,center_tst_matched,,,,{},not_in_protocol_coverage,False
beijing,48,6,1013,2047,degraded_patchtst,protocol,degraded_patchtst,0.5016307234764099,/home/hansel/.herdr/worktrees/PatchTST/experiment-beijing-leakfree-coverage-ablation/experiments/results/beijing_leakfree_coverage/48h_6h/checkpoints/degraded_patchtst_seed2047.pt,experiments/results/beijing_leakfree_coverage/48h_6h/raw_metrics.csv,{},eligible,False
beijing,48,6,1013,2048,center_gru,default,center_gru_default,0.4616747796535492,/home/hansel/Documents/ITProject/Python/PatchTST/experiments/results/baselines/beijing/48h_6h/checkpoints/center_gru_default_seed2048.pt,/home/hansel/Documents/ITProject/Python/PatchTST/experiments/results/baselines/beijing/48h_6h/raw_metrics.csv,"{""hidden_size"": 100}",eligible,True
beijing,48,6,1013,2048,center_gru,matched,center_gru_matched,,,,{},not_in_protocol_coverage,False
beijing,48,6,1013,2048,center_lstm,default,center_lstm_default,0.472257524728775,/home/hansel/Documents/ITProject/Python/PatchTST/experiments/results/baselines/beijing/48h_6h/checkpoints/center_lstm_default_seed2048.pt,/home/hansel/Documents/ITProject/Python/PatchTST/experiments/results/baselines/beijing/48h_6h/raw_metrics.csv,"{""hidden_size"": 100}",eligible,False
beijing,48,6,1013,2048,center_lstm,matched,center_lstm_matched,,,,{},not_in_protocol_coverage,False
beijing,48,6,1013,2048,center_tcn,default,center_tcn_default,0.5670309662818909,/home/hansel/Documents/ITProject/Python/PatchTST/experiments/results/baselines/beijing/48h_6h/checkpoints/center_tcn_default_seed2048.pt,/home/hansel/Documents/ITProject/Python/PatchTST/experiments/results/baselines/beijing/48h_6h/raw_metrics.csv,"{""ks"": 7, ""layers"": [25, 25, 25, 25, 25, 25, 25, 25]}",eligible,False
beijing,48,6,1013,2048,center_tcn,matched,center_tcn_matched,,,,{},not_in_protocol_coverage,False
beijing,48,6,1013,2048,center_mlp,default,center_mlp_default,,,,{},not_in_protocol_coverage,False
beijing,48,6,1013,2048,center_mlp,matched,center_mlp_matched,,,,{},not_in_protocol_coverage,False
beijing,48,6,1013,2048,center_resnet,default,center_resnet_default,,,,{},not_in_protocol_coverage,False
beijing,48,6,1013,2048,center_resnet,matched,center_resnet_matched,,,,{},not_in_protocol_coverage,False
beijing,48,6,1013,2048,center_tst,default,center_tst_default,,,,{},not_in_protocol_coverage,False
beijing,48,6,1013,2048,center_tst,matched,center_tst_matched,,,,{},not_in_protocol_coverage,False
beijing,48,6,1013,2048,degraded_patchtst,protocol,degraded_patchtst,0.4850651323795318,/home/hansel/.herdr/worktrees/PatchTST/experiment-beijing-leakfree-coverage-ablation/experiments/results/beijing_leakfree_coverage/48h_6h/checkpoints/degraded_patchtst_seed2048.pt,experiments/results/beijing_leakfree_coverage/48h_6h/raw_metrics.csv,{},eligible,False
beijing,48,6,1013,2049,center_gru,default,center_gru_default,0.4640422761440277,/home/hansel/Documents/ITProject/Python/PatchTST/experiments/results/baselines/beijing/48h_6h/checkpoints/center_gru_default_seed2049.pt,/home/hansel/Documents/ITProject/Python/PatchTST/experiments/results/baselines/beijing/48h_6h/raw_metrics.csv,"{""hidden_size"": 100}",eligible,True
beijing,48,6,1013,2049,center_gru,matched,center_gru_matched,,,,{},not_in_protocol_coverage,False
beijing,48,6,1013,2049,center_lstm,default,center_lstm_default,0.4702668488025665,/home/hansel/Documents/ITProject/Python/PatchTST/experiments/results/baselines/beijing/48h_6h/checkpoints/center_lstm_default_seed2049.pt,/home/hansel/Documents/ITProject/Python/PatchTST/experiments/results/baselines/beijing/48h_6h/raw_metrics.csv,"{""hidden_size"": 100}",eligible,False
beijing,48,6,1013,2049,center_lstm,matched,center_lstm_matched,,,,{},not_in_protocol_coverage,False
beijing,48,6,1013,2049,center_tcn,default,center_tcn_default,0.5507584810256958,/home/hansel/Documents/ITProject/Python/PatchTST/experiments/results/baselines/beijing/48h_6h/checkpoints/center_tcn_default_seed2049.pt,/home/hansel/Documents/ITProject/Python/PatchTST/experiments/results/baselines/beijing/48h_6h/raw_metrics.csv,"{""ks"": 7, ""layers"": [25, 25, 25, 25, 25, 25, 25, 25]}",eligible,False
beijing,48,6,1013,2049,center_tcn,matched,center_tcn_matched,,,,{},not_in_protocol_coverage,False
beijing,48,6,1013,2049,center_mlp,default,center_mlp_default,,,,{},not_in_protocol_coverage,False
beijing,48,6,1013,2049,center_mlp,matched,center_mlp_matched,,,,{},not_in_protocol_coverage,False
beijing,48,6,1013,2049,center_resnet,default,center_resnet_default,,,,{},not_in_protocol_coverage,False
beijing,48,6,1013,2049,center_resnet,matched,center_resnet_matched,,,,{},not_in_protocol_coverage,False
beijing,48,6,1013,2049,center_tst,default,center_tst_default,,,,{},not_in_protocol_coverage,False
beijing,48,6,1013,2049,center_tst,matched,center_tst_matched,,,,{},not_in_protocol_coverage,False
beijing,48,6,1013,2049,degraded_patchtst,protocol,degraded_patchtst,0.4877612888813019,/home/hansel/.herdr/worktrees/PatchTST/experiment-beijing-leakfree-coverage-ablation/experiments/results/beijing_leakfree_coverage/48h_6h/checkpoints/degraded_patchtst_seed2049.pt,experiments/results/beijing_leakfree_coverage/48h_6h/raw_metrics.csv,{},eligible,False
beijing,48,12,1013,2047,center_gru,default,center_gru_default,0.791337788105011,/home/hansel/Documents/ITProject/Python/PatchTST/experiments/results/baselines/beijing/48h_12h/checkpoints/center_gru_default_seed2047.pt,/home/hansel/Documents/ITProject/Python/PatchTST/experiments/results/baselines/beijing/48h_12h/raw_metrics.csv,"{""hidden_size"": 100}",eligible,False
beijing,48,12,1013,2047,center_gru,matched,center_gru_matched,,,,{},not_in_protocol_coverage,False
beijing,48,12,1013,2047,center_lstm,default,center_lstm_default,0.7325414419174194,/home/hansel/Documents/ITProject/Python/PatchTST/experiments/results/baselines/beijing/48h_12h/checkpoints/center_lstm_default_seed2047.pt,/home/hansel/Documents/ITProject/Python/PatchTST/experiments/results/baselines/beijing/48h_12h/raw_metrics.csv,"{""hidden_size"": 100}",eligible,True
beijing,48,12,1013,2047,center_lstm,matched,center_lstm_matched,,,,{},not_in_protocol_coverage,False
beijing,48,12,1013,2047,center_tcn,default,center_tcn_default,0.879599392414093,/home/hansel/Documents/ITProject/Python/PatchTST/experiments/results/baselines/beijing/48h_12h/checkpoints/center_tcn_default_seed2047.pt,/home/hansel/Documents/ITProject/Python/PatchTST/experiments/results/baselines/beijing/48h_12h/raw_metrics.csv,"{""ks"": 7, ""layers"": [25, 25, 25, 25, 25, 25, 25, 25]}",eligible,False
beijing,48,12,1013,2047,center_tcn,matched,center_tcn_matched,,,,{},not_in_protocol_coverage,False
beijing,48,12,1013,2047,center_mlp,default,center_mlp_default,,,,{},not_in_protocol_coverage,False
beijing,48,12,1013,2047,center_mlp,matched,center_mlp_matched,,,,{},not_in_protocol_coverage,False
beijing,48,12,1013,2047,center_resnet,default,center_resnet_default,,,,{},not_in_protocol_coverage,False
beijing,48,12,1013,2047,center_resnet,matched,center_resnet_matched,,,,{},not_in_protocol_coverage,False
beijing,48,12,1013,2047,center_tst,default,center_tst_default,,,,{},not_in_protocol_coverage,False
beijing,48,12,1013,2047,center_tst,matched,center_tst_matched,,,,{},not_in_protocol_coverage,False
beijing,48,12,1013,2047,degraded_patchtst,protocol,degraded_patchtst,0.820453941822052,/home/hansel/.herdr/worktrees/PatchTST/experiment-beijing-leakfree-coverage-ablation/experiments/results/beijing_leakfree_coverage/48h_12h/checkpoints/degraded_patchtst_seed2047.pt,experiments/results/beijing_leakfree_coverage/48h_12h/raw_metrics.csv,{},eligible,False
beijing,48,12,1013,2048,center_gru,default,center_gru_default,0.7929512858390808,/home/hansel/Documents/ITProject/Python/PatchTST/experiments/results/baselines/beijing/48h_12h/checkpoints/center_gru_default_seed2048.pt,/home/hansel/Documents/ITProject/Python/PatchTST/experiments/results/baselines/beijing/48h_12h/raw_metrics.csv,"{""hidden_size"": 100}",eligible,False
beijing,48,12,1013,2048,center_gru,matched,center_gru_matched,,,,{},not_in_protocol_coverage,False
beijing,48,12,1013,2048,center_lstm,default,center_lstm_default,0.7782832980155945,/home/hansel/Documents/ITProject/Python/PatchTST/experiments/results/baselines/beijing/48h_12h/checkpoints/center_lstm_default_seed2048.pt,/home/hansel/Documents/ITProject/Python/PatchTST/experiments/results/baselines/beijing/48h_12h/raw_metrics.csv,"{""hidden_size"": 100}",eligible,True
beijing,48,12,1013,2048,center_lstm,matched,center_lstm_matched,,,,{},not_in_protocol_coverage,False
beijing,48,12,1013,2048,center_tcn,default,center_tcn_default,0.8711857795715332,/home/hansel/Documents/ITProject/Python/PatchTST/experiments/results/baselines/beijing/48h_12h/checkpoints/center_tcn_default_seed2048.pt,/home/hansel/Documents/ITProject/Python/PatchTST/experiments/results/baselines/beijing/48h_12h/raw_metrics.csv,"{""ks"": 7, ""layers"": [25, 25, 25, 25, 25, 25, 25, 25]}",eligible,False
beijing,48,12,1013,2048,center_tcn,matched,center_tcn_matched,,,,{},not_in_protocol_coverage,False
beijing,48,12,1013,2048,center_mlp,default,center_mlp_default,,,,{},not_in_protocol_coverage,False
beijing,48,12,1013,2048,center_mlp,matched,center_mlp_matched,,,,{},not_in_protocol_coverage,False
beijing,48,12,1013,2048,center_resnet,default,center_resnet_default,,,,{},not_in_protocol_coverage,False
beijing,48,12,1013,2048,center_resnet,matched,center_resnet_matched,,,,{},not_in_protocol_coverage,False
beijing,48,12,1013,2048,center_tst,default,center_tst_default,,,,{},not_in_protocol_coverage,False
beijing,48,12,1013,2048,center_tst,matched,center_tst_matched,,,,{},not_in_protocol_coverage,False
beijing,48,12,1013,2048,degraded_patchtst,protocol,degraded_patchtst,0.8376038074493408,/home/hansel/.herdr/worktrees/PatchTST/experiment-beijing-leakfree-coverage-ablation/experiments/results/beijing_leakfree_coverage/48h_12h/checkpoints/degraded_patchtst_seed2048.pt,experiments/results/beijing_leakfree_coverage/48h_12h/raw_metrics.csv,{},eligible,False
beijing,48,12,1013,2049,center_gru,default,center_gru_default,0.7720959186553955,/home/hansel/Documents/ITProject/Python/PatchTST/experiments/results/baselines/beijing/48h_12h/checkpoints/center_gru_default_seed2049.pt,/home/hansel/Documents/ITProject/Python/PatchTST/experiments/results/baselines/beijing/48h_12h/raw_metrics.csv,"{""hidden_size"": 100}",eligible,True
beijing,48,12,1013,2049,center_gru,matched,center_gru_matched,,,,{},not_in_protocol_coverage,False
beijing,48,12,1013,2049,center_lstm,default,center_lstm_default,0.780738115310669,/home/hansel/Documents/ITProject/Python/PatchTST/experiments/results/baselines/beijing/48h_12h/checkpoints/center_lstm_default_seed2049.pt,/home/hansel/Documents/ITProject/Python/PatchTST/experiments/results/baselines/beijing/48h_12h/raw_metrics.csv,"{""hidden_size"": 100}",eligible,False
beijing,48,12,1013,2049,center_lstm,matched,center_lstm_matched,,,,{},not_in_protocol_coverage,False
beijing,48,12,1013,2049,center_tcn,default,center_tcn_default,0.814018189907074,/home/hansel/Documents/ITProject/Python/PatchTST/experiments/results/baselines/beijing/48h_12h/checkpoints/center_tcn_default_seed2049.pt,/home/hansel/Documents/ITProject/Python/PatchTST/experiments/results/baselines/beijing/48h_12h/raw_metrics.csv,"{""ks"": 7, ""layers"": [25, 25, 25, 25, 25, 25, 25, 25]}",eligible,False
beijing,48,12,1013,2049,center_tcn,matched,center_tcn_matched,,,,{},not_in_protocol_coverage,False
beijing,48,12,1013,2049,center_mlp,default,center_mlp_default,,,,{},not_in_protocol_coverage,False
beijing,48,12,1013,2049,center_mlp,matched,center_mlp_matched,,,,{},not_in_protocol_coverage,False
beijing,48,12,1013,2049,center_resnet,default,center_resnet_default,,,,{},not_in_protocol_coverage,False
beijing,48,12,1013,2049,center_resnet,matched,center_resnet_matched,,,,{},not_in_protocol_coverage,False
beijing,48,12,1013,2049,center_tst,default,center_tst_default,,,,{},not_in_protocol_coverage,False
beijing,48,12,1013,2049,center_tst,matched,center_tst_matched,,,,{},not_in_protocol_coverage,False
beijing,48,12,1013,2049,degraded_patchtst,protocol,degraded_patchtst,0.8236369490623474,/home/hansel/.herdr/worktrees/PatchTST/experiment-beijing-leakfree-coverage-ablation/experiments/results/beijing_leakfree_coverage/48h_12h/checkpoints/degraded_patchtst_seed2049.pt,experiments/results/beijing_leakfree_coverage/48h_12h/raw_metrics.csv,{},eligible,False
beijing,48,24,1013,2047,center_gru,default,center_gru_default,1.200364589691162,/home/hansel/Documents/ITProject/Python/PatchTST/experiments/results/baselines/beijing/48h_24h/checkpoints/center_gru_default_seed2047.pt,/home/hansel/Documents/ITProject/Python/PatchTST/experiments/results/baselines/beijing/48h_24h/raw_metrics.csv,"{""hidden_size"": 100}",eligible,False
beijing,48,24,1013,2047,center_gru,matched,center_gru_matched,,,,{},not_in_protocol_coverage,False
beijing,48,24,1013,2047,center_lstm,default,center_lstm_default,1.164642333984375,/home/hansel/Documents/ITProject/Python/PatchTST/experiments/results/baselines/beijing/48h_24h/checkpoints/center_lstm_default_seed2047.pt,/home/hansel/Documents/ITProject/Python/PatchTST/experiments/results/baselines/beijing/48h_24h/raw_metrics.csv,"{""hidden_size"": 100}",eligible,True
beijing,48,24,1013,2047,center_lstm,matched,center_lstm_matched,,,,{},not_in_protocol_coverage,False
beijing,48,24,1013,2047,center_tcn,default,center_tcn_default,1.2911372184753418,/home/hansel/Documents/ITProject/Python/PatchTST/experiments/results/baselines/beijing/48h_24h/checkpoints/center_tcn_default_seed2047.pt,/home/hansel/Documents/ITProject/Python/PatchTST/experiments/results/baselines/beijing/48h_24h/raw_metrics.csv,"{""ks"": 7, ""layers"": [25, 25, 25, 25, 25, 25, 25, 25]}",eligible,False
beijing,48,24,1013,2047,center_tcn,matched,center_tcn_matched,,,,{},not_in_protocol_coverage,False
beijing,48,24,1013,2047,center_mlp,default,center_mlp_default,,,,{},not_in_protocol_coverage,False
beijing,48,24,1013,2047,center_mlp,matched,center_mlp_matched,,,,{},not_in_protocol_coverage,False
beijing,48,24,1013,2047,center_resnet,default,center_resnet_default,,,,{},not_in_protocol_coverage,False
beijing,48,24,1013,2047,center_resnet,matched,center_resnet_matched,,,,{},not_in_protocol_coverage,False
beijing,48,24,1013,2047,center_tst,default,center_tst_default,,,,{},not_in_protocol_coverage,False
beijing,48,24,1013,2047,center_tst,matched,center_tst_matched,,,,{},not_in_protocol_coverage,False
beijing,48,24,1013,2047,degraded_patchtst,protocol,degraded_patchtst,1.2990822792053225,/home/hansel/.herdr/worktrees/PatchTST/experiment-beijing-leakfree-coverage-ablation/experiments/results/beijing_leakfree_coverage/48h_24h/checkpoints/degraded_patchtst_seed2047.pt,experiments/results/beijing_leakfree_coverage/48h_24h/raw_metrics.csv,{},eligible,False
beijing,48,24,1013,2048,center_gru,default,center_gru_default,1.1554253101348877,/home/hansel/Documents/ITProject/Python/PatchTST/experiments/results/baselines/beijing/48h_24h/checkpoints/center_gru_default_seed2048.pt,/home/hansel/Documents/ITProject/Python/PatchTST/experiments/results/baselines/beijing/48h_24h/raw_metrics.csv,"{""hidden_size"": 100}",eligible,False
beijing,48,24,1013,2048,center_gru,matched,center_gru_matched,,,,{},not_in_protocol_coverage,False
beijing,48,24,1013,2048,center_lstm,default,center_lstm_default,1.1202434301376345,/home/hansel/Documents/ITProject/Python/PatchTST/experiments/results/baselines/beijing/48h_24h/checkpoints/center_lstm_default_seed2048.pt,/home/hansel/Documents/ITProject/Python/PatchTST/experiments/results/baselines/beijing/48h_24h/raw_metrics.csv,"{""hidden_size"": 100}",eligible,True
beijing,48,24,1013,2048,center_lstm,matched,center_lstm_matched,,,,{},not_in_protocol_coverage,False
beijing,48,24,1013,2048,center_tcn,default,center_tcn_default,1.2183585166931152,/home/hansel/Documents/ITProject/Python/PatchTST/experiments/results/baselines/beijing/48h_24h/checkpoints/center_tcn_default_seed2048.pt,/home/hansel/Documents/ITProject/Python/PatchTST/experiments/results/baselines/beijing/48h_24h/raw_metrics.csv,"{""ks"": 7, ""layers"": [25, 25, 25, 25, 25, 25, 25, 25]}",eligible,False
beijing,48,24,1013,2048,center_tcn,matched,center_tcn_matched,,,,{},not_in_protocol_coverage,False
beijing,48,24,1013,2048,center_mlp,default,center_mlp_default,,,,{},not_in_protocol_coverage,False
beijing,48,24,1013,2048,center_mlp,matched,center_mlp_matched,,,,{},not_in_protocol_coverage,False
beijing,48,24,1013,2048,center_resnet,default,center_resnet_default,,,,{},not_in_protocol_coverage,False
beijing,48,24,1013,2048,center_resnet,matched,center_resnet_matched,,,,{},not_in_protocol_coverage,False
beijing,48,24,1013,2048,center_tst,default,center_tst_default,,,,{},not_in_protocol_coverage,False
beijing,48,24,1013,2048,center_tst,matched,center_tst_matched,,,,{},not_in_protocol_coverage,False
beijing,48,24,1013,2048,degraded_patchtst,protocol,degraded_patchtst,1.3062435388565063,/home/hansel/.herdr/worktrees/PatchTST/experiment-beijing-leakfree-coverage-ablation/experiments/results/beijing_leakfree_coverage/48h_24h/checkpoints/degraded_patchtst_seed2048.pt,experiments/results/beijing_leakfree_coverage/48h_24h/raw_metrics.csv,{},eligible,False
beijing,48,24,1013,2049,center_gru,default,center_gru_default,1.1691123247146606,/home/hansel/Documents/ITProject/Python/PatchTST/experiments/results/baselines/beijing/48h_24h/checkpoints/center_gru_default_seed2049.pt,/home/hansel/Documents/ITProject/Python/PatchTST/experiments/results/baselines/beijing/48h_24h/raw_metrics.csv,"{""hidden_size"": 100}",eligible,True
beijing,48,24,1013,2049,center_gru,matched,center_gru_matched,,,,{},not_in_protocol_coverage,False
beijing,48,24,1013,2049,center_lstm,default,center_lstm_default,1.20826518535614,/home/hansel/Documents/ITProject/Python/PatchTST/experiments/results/baselines/beijing/48h_24h/checkpoints/center_lstm_default_seed2049.pt,/home/hansel/Documents/ITProject/Python/PatchTST/experiments/results/baselines/beijing/48h_24h/raw_metrics.csv,"{""hidden_size"": 100}",eligible,False
beijing,48,24,1013,2049,center_lstm,matched,center_lstm_matched,,,,{},not_in_protocol_coverage,False
beijing,48,24,1013,2049,center_tcn,default,center_tcn_default,1.191221833229065,/home/hansel/Documents/ITProject/Python/PatchTST/experiments/results/baselines/beijing/48h_24h/checkpoints/center_tcn_default_seed2049.pt,/home/hansel/Documents/ITProject/Python/PatchTST/experiments/results/baselines/beijing/48h_24h/raw_metrics.csv,"{""ks"": 7, ""layers"": [25, 25, 25, 25, 25, 25, 25, 25]}",eligible,False
beijing,48,24,1013,2049,center_tcn,matched,center_tcn_matched,,,,{},not_in_protocol_coverage,False
beijing,48,24,1013,2049,center_mlp,default,center_mlp_default,,,,{},not_in_protocol_coverage,False
beijing,48,24,1013,2049,center_mlp,matched,center_mlp_matched,,,,{},not_in_protocol_coverage,False
beijing,48,24,1013,2049,center_resnet,default,center_resnet_default,,,,{},not_in_protocol_coverage,False
beijing,48,24,1013,2049,center_resnet,matched,center_resnet_matched,,,,{},not_in_protocol_coverage,False
beijing,48,24,1013,2049,center_tst,default,center_tst_default,,,,{},not_in_protocol_coverage,False
beijing,48,24,1013,2049,center_tst,matched,center_tst_matched,,,,{},not_in_protocol_coverage,False
beijing,48,24,1013,2049,degraded_patchtst,protocol,degraded_patchtst,1.3334288597106934,/home/hansel/.herdr/worktrees/PatchTST/experiment-beijing-leakfree-coverage-ablation/experiments/results/beijing_leakfree_coverage/48h_24h/checkpoints/degraded_patchtst_seed2049.pt,experiments/results/beijing_leakfree_coverage/48h_24h/raw_metrics.csv,{},eligible,False
beijing,72,1,1013,2047,center_gru,default,center_gru_default,0.1012260541319847,/home/hansel/Documents/ITProject/Python/PatchTST/experiments/results/baselines/beijing/72h_1h/checkpoints/center_gru_default_seed2047.pt,/home/hansel/Documents/ITProject/Python/PatchTST/experiments/results/baselines/beijing/72h_1h/raw_metrics.csv,"{""hidden_size"": 100}",eligible,True
beijing,72,1,1013,2047,center_gru,matched,center_gru_matched,,,,{},not_in_protocol_coverage,False
beijing,72,1,1013,2047,center_lstm,default,center_lstm_default,0.1023735776543617,/home/hansel/Documents/ITProject/Python/PatchTST/experiments/results/baselines/beijing/72h_1h/checkpoints/center_lstm_default_seed2047.pt,/home/hansel/Documents/ITProject/Python/PatchTST/experiments/results/baselines/beijing/72h_1h/raw_metrics.csv,"{""hidden_size"": 100}",eligible,False
beijing,72,1,1013,2047,center_lstm,matched,center_lstm_matched,,,,{},not_in_protocol_coverage,False
beijing,72,1,1013,2047,center_tcn,default,center_tcn_default,0.3781868815422058,/home/hansel/Documents/ITProject/Python/PatchTST/experiments/results/baselines/beijing/72h_1h/checkpoints/center_tcn_default_seed2047.pt,/home/hansel/Documents/ITProject/Python/PatchTST/experiments/results/baselines/beijing/72h_1h/raw_metrics.csv,"{""ks"": 7, ""layers"": [25, 25, 25, 25, 25, 25, 25, 25]}",eligible,False
beijing,72,1,1013,2047,center_tcn,matched,center_tcn_matched,,,,{},not_in_protocol_coverage,False
beijing,72,1,1013,2047,center_mlp,default,center_mlp_default,,,,{},not_in_protocol_coverage,False
beijing,72,1,1013,2047,center_mlp,matched,center_mlp_matched,,,,{},not_in_protocol_coverage,False
beijing,72,1,1013,2047,center_resnet,default,center_resnet_default,,,,{},not_in_protocol_coverage,False
beijing,72,1,1013,2047,center_resnet,matched,center_resnet_matched,,,,{},not_in_protocol_coverage,False
beijing,72,1,1013,2047,center_tst,default,center_tst_default,,,,{},not_in_protocol_coverage,False
beijing,72,1,1013,2047,center_tst,matched,center_tst_matched,,,,{},not_in_protocol_coverage,False
beijing,72,1,1013,2047,degraded_patchtst,protocol,degraded_patchtst,0.1067505478858947,/home/hansel/.herdr/worktrees/PatchTST/experiment-beijing-leakfree-coverage-ablation/experiments/results/beijing_leakfree_coverage/72h_1h/checkpoints/degraded_patchtst_seed2047.pt,experiments/results/beijing_leakfree_coverage/72h_1h/raw_metrics.csv,{},eligible,False
beijing,72,1,1013,2048,center_gru,default,center_gru_default,0.1007942259311676,/home/hansel/Documents/ITProject/Python/PatchTST/experiments/results/baselines/beijing/72h_1h/checkpoints/center_gru_default_seed2048.pt,/home/hansel/Documents/ITProject/Python/PatchTST/experiments/results/baselines/beijing/72h_1h/raw_metrics.csv,"{""hidden_size"": 100}",eligible,True
beijing,72,1,1013,2048,center_gru,matched,center_gru_matched,,,,{},not_in_protocol_coverage,False
beijing,72,1,1013,2048,center_lstm,default,center_lstm_default,0.1014889106154441,/home/hansel/Documents/ITProject/Python/PatchTST/experiments/results/baselines/beijing/72h_1h/checkpoints/center_lstm_default_seed2048.pt,/home/hansel/Documents/ITProject/Python/PatchTST/experiments/results/baselines/beijing/72h_1h/raw_metrics.csv,"{""hidden_size"": 100}",eligible,False
beijing,72,1,1013,2048,center_lstm,matched,center_lstm_matched,,,,{},not_in_protocol_coverage,False
beijing,72,1,1013,2048,center_tcn,default,center_tcn_default,0.4100989997386932,/home/hansel/Documents/ITProject/Python/PatchTST/experiments/results/baselines/beijing/72h_1h/checkpoints/center_tcn_default_seed2048.pt,/home/hansel/Documents/ITProject/Python/PatchTST/experiments/results/baselines/beijing/72h_1h/raw_metrics.csv,"{""ks"": 7, ""layers"": [25, 25, 25, 25, 25, 25, 25, 25]}",eligible,False
beijing,72,1,1013,2048,center_tcn,matched,center_tcn_matched,,,,{},not_in_protocol_coverage,False
beijing,72,1,1013,2048,center_mlp,default,center_mlp_default,,,,{},not_in_protocol_coverage,False
beijing,72,1,1013,2048,center_mlp,matched,center_mlp_matched,,,,{},not_in_protocol_coverage,False
beijing,72,1,1013,2048,center_resnet,default,center_resnet_default,,,,{},not_in_protocol_coverage,False
beijing,72,1,1013,2048,center_resnet,matched,center_resnet_matched,,,,{},not_in_protocol_coverage,False
beijing,72,1,1013,2048,center_tst,default,center_tst_default,,,,{},not_in_protocol_coverage,False
beijing,72,1,1013,2048,center_tst,matched,center_tst_matched,,,,{},not_in_protocol_coverage,False
beijing,72,1,1013,2048,degraded_patchtst,protocol,degraded_patchtst,0.105360709130764,/home/hansel/.herdr/worktrees/PatchTST/experiment-beijing-leakfree-coverage-ablation/experiments/results/beijing_leakfree_coverage/72h_1h/checkpoints/degraded_patchtst_seed2048.pt,experiments/results/beijing_leakfree_coverage/72h_1h/raw_metrics.csv,{},eligible,False
beijing,72,1,1013,2049,center_gru,default,center_gru_default,0.0996385440230369,/home/hansel/Documents/ITProject/Python/PatchTST/experiments/results/baselines/beijing/72h_1h/checkpoints/center_gru_default_seed2049.pt,/home/hansel/Documents/ITProject/Python/PatchTST/experiments/results/baselines/beijing/72h_1h/raw_metrics.csv,"{""hidden_size"": 100}",eligible,True
beijing,72,1,1013,2049,center_gru,matched,center_gru_matched,,,,{},not_in_protocol_coverage,False
beijing,72,1,1013,2049,center_lstm,default,center_lstm_default,0.1014612466096878,/home/hansel/Documents/ITProject/Python/PatchTST/experiments/results/baselines/beijing/72h_1h/checkpoints/center_lstm_default_seed2049.pt,/home/hansel/Documents/ITProject/Python/PatchTST/experiments/results/baselines/beijing/72h_1h/raw_metrics.csv,"{""hidden_size"": 100}",eligible,False
beijing,72,1,1013,2049,center_lstm,matched,center_lstm_matched,,,,{},not_in_protocol_coverage,False
beijing,72,1,1013,2049,center_tcn,default,center_tcn_default,0.3196804523468017,/home/hansel/Documents/ITProject/Python/PatchTST/experiments/results/baselines/beijing/72h_1h/checkpoints/center_tcn_default_seed2049.pt,/home/hansel/Documents/ITProject/Python/PatchTST/experiments/results/baselines/beijing/72h_1h/raw_metrics.csv,"{""ks"": 7, ""layers"": [25, 25, 25, 25, 25, 25, 25, 25]}",eligible,False
beijing,72,1,1013,2049,center_tcn,matched,center_tcn_matched,,,,{},not_in_protocol_coverage,False
beijing,72,1,1013,2049,center_mlp,default,center_mlp_default,,,,{},not_in_protocol_coverage,False
beijing,72,1,1013,2049,center_mlp,matched,center_mlp_matched,,,,{},not_in_protocol_coverage,False
beijing,72,1,1013,2049,center_resnet,default,center_resnet_default,,,,{},not_in_protocol_coverage,False
beijing,72,1,1013,2049,center_resnet,matched,center_resnet_matched,,,,{},not_in_protocol_coverage,False
beijing,72,1,1013,2049,center_tst,default,center_tst_default,,,,{},not_in_protocol_coverage,False
beijing,72,1,1013,2049,center_tst,matched,center_tst_matched,,,,{},not_in_protocol_coverage,False
beijing,72,1,1013,2049,degraded_patchtst,protocol,degraded_patchtst,0.1068029925227165,/home/hansel/.herdr/worktrees/PatchTST/experiment-beijing-leakfree-coverage-ablation/experiments/results/beijing_leakfree_coverage/72h_1h/checkpoints/degraded_patchtst_seed2049.pt,experiments/results/beijing_leakfree_coverage/72h_1h/raw_metrics.csv,{},eligible,False
beijing,72,3,1013,2047,center_gru,default,center_gru_default,0.2624275088310241,/home/hansel/Documents/ITProject/Python/PatchTST/experiments/results/baselines/beijing/72h_3h/checkpoints/center_gru_default_seed2047.pt,/home/hansel/Documents/ITProject/Python/PatchTST/experiments/results/baselines/beijing/72h_3h/raw_metrics.csv,"{""hidden_size"": 100}",eligible,True
beijing,72,3,1013,2047,center_gru,matched,center_gru_matched,,,,{},not_in_protocol_coverage,False
beijing,72,3,1013,2047,center_lstm,default,center_lstm_default,0.266728937625885,/home/hansel/Documents/ITProject/Python/PatchTST/experiments/results/baselines/beijing/72h_3h/checkpoints/center_lstm_default_seed2047.pt,/home/hansel/Documents/ITProject/Python/PatchTST/experiments/results/baselines/beijing/72h_3h/raw_metrics.csv,"{""hidden_size"": 100}",eligible,False
beijing,72,3,1013,2047,center_lstm,matched,center_lstm_matched,,,,{},not_in_protocol_coverage,False
beijing,72,3,1013,2047,center_tcn,default,center_tcn_default,0.5260291695594788,/home/hansel/Documents/ITProject/Python/PatchTST/experiments/results/baselines/beijing/72h_3h/checkpoints/center_tcn_default_seed2047.pt,/home/hansel/Documents/ITProject/Python/PatchTST/experiments/results/baselines/beijing/72h_3h/raw_metrics.csv,"{""ks"": 7, ""layers"": [25, 25, 25, 25, 25, 25, 25, 25]}",eligible,False
beijing,72,3,1013,2047,center_tcn,matched,center_tcn_matched,,,,{},not_in_protocol_coverage,False
beijing,72,3,1013,2047,center_mlp,default,center_mlp_default,,,,{},not_in_protocol_coverage,False
beijing,72,3,1013,2047,center_mlp,matched,center_mlp_matched,,,,{},not_in_protocol_coverage,False
beijing,72,3,1013,2047,center_resnet,default,center_resnet_default,,,,{},not_in_protocol_coverage,False
beijing,72,3,1013,2047,center_resnet,matched,center_resnet_matched,,,,{},not_in_protocol_coverage,False
beijing,72,3,1013,2047,center_tst,default,center_tst_default,,,,{},not_in_protocol_coverage,False
beijing,72,3,1013,2047,center_tst,matched,center_tst_matched,,,,{},not_in_protocol_coverage,False
beijing,72,3,1013,2047,degraded_patchtst,protocol,degraded_patchtst,0.2647954225540161,/home/hansel/.herdr/worktrees/PatchTST/experiment-beijing-leakfree-coverage-ablation/experiments/results/beijing_leakfree_coverage/72h_3h/checkpoints/degraded_patchtst_seed2047.pt,experiments/results/beijing_leakfree_coverage/72h_3h/raw_metrics.csv,{},eligible,False
beijing,72,3,1013,2048,center_gru,default,center_gru_default,0.2585726380348205,/home/hansel/Documents/ITProject/Python/PatchTST/experiments/results/baselines/beijing/72h_3h/checkpoints/center_gru_default_seed2048.pt,/home/hansel/Documents/ITProject/Python/PatchTST/experiments/results/baselines/beijing/72h_3h/raw_metrics.csv,"{""hidden_size"": 100}",eligible,True
beijing,72,3,1013,2048,center_gru,matched,center_gru_matched,,,,{},not_in_protocol_coverage,False
beijing,72,3,1013,2048,center_lstm,default,center_lstm_default,0.2632640898227691,/home/hansel/Documents/ITProject/Python/PatchTST/experiments/results/baselines/beijing/72h_3h/checkpoints/center_lstm_default_seed2048.pt,/home/hansel/Documents/ITProject/Python/PatchTST/experiments/results/baselines/beijing/72h_3h/raw_metrics.csv,"{""hidden_size"": 100}",eligible,False
beijing,72,3,1013,2048,center_lstm,matched,center_lstm_matched,,,,{},not_in_protocol_coverage,False
beijing,72,3,1013,2048,center_tcn,default,center_tcn_default,0.4985813796520233,/home/hansel/Documents/ITProject/Python/PatchTST/experiments/results/baselines/beijing/72h_3h/checkpoints/center_tcn_default_seed2048.pt,/home/hansel/Documents/ITProject/Python/PatchTST/experiments/results/baselines/beijing/72h_3h/raw_metrics.csv,"{""ks"": 7, ""layers"": [25, 25, 25, 25, 25, 25, 25, 25]}",eligible,False
beijing,72,3,1013,2048,center_tcn,matched,center_tcn_matched,,,,{},not_in_protocol_coverage,False
beijing,72,3,1013,2048,center_mlp,default,center_mlp_default,,,,{},not_in_protocol_coverage,False
beijing,72,3,1013,2048,center_mlp,matched,center_mlp_matched,,,,{},not_in_protocol_coverage,False
beijing,72,3,1013,2048,center_resnet,default,center_resnet_default,,,,{},not_in_protocol_coverage,False
beijing,72,3,1013,2048,center_resnet,matched,center_resnet_matched,,,,{},not_in_protocol_coverage,False
beijing,72,3,1013,2048,center_tst,default,center_tst_default,,,,{},not_in_protocol_coverage,False
beijing,72,3,1013,2048,center_tst,matched,center_tst_matched,,,,{},not_in_protocol_coverage,False
beijing,72,3,1013,2048,degraded_patchtst,protocol,degraded_patchtst,0.2658057510852813,/home/hansel/.herdr/worktrees/PatchTST/experiment-beijing-leakfree-coverage-ablation/experiments/results/beijing_leakfree_coverage/72h_3h/checkpoints/degraded_patchtst_seed2048.pt,experiments/results/beijing_leakfree_coverage/72h_3h/raw_metrics.csv,{},eligible,False
beijing,72,3,1013,2049,center_gru,default,center_gru_default,0.2622466385364532,/home/hansel/Documents/ITProject/Python/PatchTST/experiments/results/baselines/beijing/72h_3h/checkpoints/center_gru_default_seed2049.pt,/home/hansel/Documents/ITProject/Python/PatchTST/experiments/results/baselines/beijing/72h_3h/raw_metrics.csv,"{""hidden_size"": 100}",eligible,True
beijing,72,3,1013,2049,center_gru,matched,center_gru_matched,,,,{},not_in_protocol_coverage,False
beijing,72,3,1013,2049,center_lstm,default,center_lstm_default,0.2660762965679168,/home/hansel/Documents/ITProject/Python/PatchTST/experiments/results/baselines/beijing/72h_3h/checkpoints/center_lstm_default_seed2049.pt,/home/hansel/Documents/ITProject/Python/PatchTST/experiments/results/baselines/beijing/72h_3h/raw_metrics.csv,"{""hidden_size"": 100}",eligible,False
beijing,72,3,1013,2049,center_lstm,matched,center_lstm_matched,,,,{},not_in_protocol_coverage,False
beijing,72,3,1013,2049,center_tcn,default,center_tcn_default,0.4767270386219024,/home/hansel/Documents/ITProject/Python/PatchTST/experiments/results/baselines/beijing/72h_3h/checkpoints/center_tcn_default_seed2049.pt,/home/hansel/Documents/ITProject/Python/PatchTST/experiments/results/baselines/beijing/72h_3h/raw_metrics.csv,"{""ks"": 7, ""layers"": [25, 25, 25, 25, 25, 25, 25, 25]}",eligible,False
beijing,72,3,1013,2049,center_tcn,matched,center_tcn_matched,,,,{},not_in_protocol_coverage,False
beijing,72,3,1013,2049,center_mlp,default,center_mlp_default,,,,{},not_in_protocol_coverage,False
beijing,72,3,1013,2049,center_mlp,matched,center_mlp_matched,,,,{},not_in_protocol_coverage,False
beijing,72,3,1013,2049,center_resnet,default,center_resnet_default,,,,{},not_in_protocol_coverage,False
beijing,72,3,1013,2049,center_resnet,matched,center_resnet_matched,,,,{},not_in_protocol_coverage,False
beijing,72,3,1013,2049,center_tst,default,center_tst_default,,,,{},not_in_protocol_coverage,False
beijing,72,3,1013,2049,center_tst,matched,center_tst_matched,,,,{},not_in_protocol_coverage,False
beijing,72,3,1013,2049,degraded_patchtst,protocol,degraded_patchtst,0.2693315148353576,/home/hansel/.herdr/worktrees/PatchTST/experiment-beijing-leakfree-coverage-ablation/experiments/results/beijing_leakfree_coverage/72h_3h/checkpoints/degraded_patchtst_seed2049.pt,experiments/results/beijing_leakfree_coverage/72h_3h/raw_metrics.csv,{},eligible,False
beijing,72,6,1013,2047,center_gru,default,center_gru_default,0.4754718244075775,/home/hansel/Documents/ITProject/Python/PatchTST/experiments/results/baselines/beijing/72h_6h/checkpoints/center_gru_default_seed2047.pt,/home/hansel/Documents/ITProject/Python/PatchTST/experiments/results/baselines/beijing/72h_6h/raw_metrics.csv,"{""hidden_size"": 100}",eligible,True
beijing,72,6,1013,2047,center_gru,matched,center_gru_matched,,,,{},not_in_protocol_coverage,False
beijing,72,6,1013,2047,center_lstm,default,center_lstm_default,0.4921936988830566,/home/hansel/Documents/ITProject/Python/PatchTST/experiments/results/baselines/beijing/72h_6h/checkpoints/center_lstm_default_seed2047.pt,/home/hansel/Documents/ITProject/Python/PatchTST/experiments/results/baselines/beijing/72h_6h/raw_metrics.csv,"{""hidden_size"": 100}",eligible,False
beijing,72,6,1013,2047,center_lstm,matched,center_lstm_matched,,,,{},not_in_protocol_coverage,False
beijing,72,6,1013,2047,center_tcn,default,center_tcn_default,0.705801784992218,/home/hansel/Documents/ITProject/Python/PatchTST/experiments/results/baselines/beijing/72h_6h/checkpoints/center_tcn_default_seed2047.pt,/home/hansel/Documents/ITProject/Python/PatchTST/experiments/results/baselines/beijing/72h_6h/raw_metrics.csv,"{""ks"": 7, ""layers"": [25, 25, 25, 25, 25, 25, 25, 25]}",eligible,False
beijing,72,6,1013,2047,center_tcn,matched,center_tcn_matched,,,,{},not_in_protocol_coverage,False
beijing,72,6,1013,2047,center_mlp,default,center_mlp_default,,,,{},not_in_protocol_coverage,False
beijing,72,6,1013,2047,center_mlp,matched,center_mlp_matched,,,,{},not_in_protocol_coverage,False
beijing,72,6,1013,2047,center_resnet,default,center_resnet_default,,,,{},not_in_protocol_coverage,False
beijing,72,6,1013,2047,center_resnet,matched,center_resnet_matched,,,,{},not_in_protocol_coverage,False
beijing,72,6,1013,2047,center_tst,default,center_tst_default,,,,{},not_in_protocol_coverage,False
beijing,72,6,1013,2047,center_tst,matched,center_tst_matched,,,,{},not_in_protocol_coverage,False
beijing,72,6,1013,2047,degraded_patchtst,protocol,degraded_patchtst,0.4969567656517029,/home/hansel/.herdr/worktrees/PatchTST/experiment-beijing-leakfree-coverage-ablation/experiments/results/beijing_leakfree_coverage/72h_6h/checkpoints/degraded_patchtst_seed2047.pt,experiments/results/beijing_leakfree_coverage/72h_6h/raw_metrics.csv,{},eligible,False
beijing,72,6,1013,2048,center_gru,default,center_gru_default,0.474697083234787,/home/hansel/Documents/ITProject/Python/PatchTST/experiments/results/baselines/beijing/72h_6h/checkpoints/center_gru_default_seed2048.pt,/home/hansel/Documents/ITProject/Python/PatchTST/experiments/results/baselines/beijing/72h_6h/raw_metrics.csv,"{""hidden_size"": 100}",eligible,True
beijing,72,6,1013,2048,center_gru,matched,center_gru_matched,,,,{},not_in_protocol_coverage,False
beijing,72,6,1013,2048,center_lstm,default,center_lstm_default,0.510245680809021,/home/hansel/Documents/ITProject/Python/PatchTST/experiments/results/baselines/beijing/72h_6h/checkpoints/center_lstm_default_seed2048.pt,/home/hansel/Documents/ITProject/Python/PatchTST/experiments/results/baselines/beijing/72h_6h/raw_metrics.csv,"{""hidden_size"": 100}",eligible,False
beijing,72,6,1013,2048,center_lstm,matched,center_lstm_matched,,,,{},not_in_protocol_coverage,False
beijing,72,6,1013,2048,center_tcn,default,center_tcn_default,0.712528645992279,/home/hansel/Documents/ITProject/Python/PatchTST/experiments/results/baselines/beijing/72h_6h/checkpoints/center_tcn_default_seed2048.pt,/home/hansel/Documents/ITProject/Python/PatchTST/experiments/results/baselines/beijing/72h_6h/raw_metrics.csv,"{""ks"": 7, ""layers"": [25, 25, 25, 25, 25, 25, 25, 25]}",eligible,False
beijing,72,6,1013,2048,center_tcn,matched,center_tcn_matched,,,,{},not_in_protocol_coverage,False
beijing,72,6,1013,2048,center_mlp,default,center_mlp_default,,,,{},not_in_protocol_coverage,False
beijing,72,6,1013,2048,center_mlp,matched,center_mlp_matched,,,,{},not_in_protocol_coverage,False
beijing,72,6,1013,2048,center_resnet,default,center_resnet_default,,,,{},not_in_protocol_coverage,False
beijing,72,6,1013,2048,center_resnet,matched,center_resnet_matched,,,,{},not_in_protocol_coverage,False
beijing,72,6,1013,2048,center_tst,default,center_tst_default,,,,{},not_in_protocol_coverage,False
beijing,72,6,1013,2048,center_tst,matched,center_tst_matched,,,,{},not_in_protocol_coverage,False
beijing,72,6,1013,2048,degraded_patchtst,protocol,degraded_patchtst,0.4851665496826172,/home/hansel/.herdr/worktrees/PatchTST/experiment-beijing-leakfree-coverage-ablation/experiments/results/beijing_leakfree_coverage/72h_6h/checkpoints/degraded_patchtst_seed2048.pt,experiments/results/beijing_leakfree_coverage/72h_6h/raw_metrics.csv,{},eligible,False
beijing,72,6,1013,2049,center_gru,default,center_gru_default,0.4769614934921264,/home/hansel/Documents/ITProject/Python/PatchTST/experiments/results/baselines/beijing/72h_6h/checkpoints/center_gru_default_seed2049.pt,/home/hansel/Documents/ITProject/Python/PatchTST/experiments/results/baselines/beijing/72h_6h/raw_metrics.csv,"{""hidden_size"": 100}",eligible,True
beijing,72,6,1013,2049,center_gru,matched,center_gru_matched,,,,{},not_in_protocol_coverage,False
beijing,72,6,1013,2049,center_lstm,default,center_lstm_default,0.4864014089107513,/home/hansel/Documents/ITProject/Python/PatchTST/experiments/results/baselines/beijing/72h_6h/checkpoints/center_lstm_default_seed2049.pt,/home/hansel/Documents/ITProject/Python/PatchTST/experiments/results/baselines/beijing/72h_6h/raw_metrics.csv,"{""hidden_size"": 100}",eligible,False
beijing,72,6,1013,2049,center_lstm,matched,center_lstm_matched,,,,{},not_in_protocol_coverage,False
beijing,72,6,1013,2049,center_tcn,default,center_tcn_default,0.6146247982978821,/home/hansel/Documents/ITProject/Python/PatchTST/experiments/results/baselines/beijing/72h_6h/checkpoints/center_tcn_default_seed2049.pt,/home/hansel/Documents/ITProject/Python/PatchTST/experiments/results/baselines/beijing/72h_6h/raw_metrics.csv,"{""ks"": 7, ""layers"": [25, 25, 25, 25, 25, 25, 25, 25]}",eligible,False
beijing,72,6,1013,2049,center_tcn,matched,center_tcn_matched,,,,{},not_in_protocol_coverage,False
beijing,72,6,1013,2049,center_mlp,default,center_mlp_default,,,,{},not_in_protocol_coverage,False
beijing,72,6,1013,2049,center_mlp,matched,center_mlp_matched,,,,{},not_in_protocol_coverage,False
beijing,72,6,1013,2049,center_resnet,default,center_resnet_default,,,,{},not_in_protocol_coverage,False
beijing,72,6,1013,2049,center_resnet,matched,center_resnet_matched,,,,{},not_in_protocol_coverage,False
beijing,72,6,1013,2049,center_tst,default,center_tst_default,,,,{},not_in_protocol_coverage,False
beijing,72,6,1013,2049,center_tst,matched,center_tst_matched,,,,{},not_in_protocol_coverage,False
beijing,72,6,1013,2049,degraded_patchtst,protocol,degraded_patchtst,0.4836980700492859,/home/hansel/.herdr/worktrees/PatchTST/experiment-beijing-leakfree-coverage-ablation/experiments/results/beijing_leakfree_coverage/72h_6h/checkpoints/degraded_patchtst_seed2049.pt,experiments/results/beijing_leakfree_coverage/72h_6h/raw_metrics.csv,{},eligible,False
beijing,72,12,1013,2047,center_gru,default,center_gru_default,0.8083783984184265,/home/hansel/Documents/ITProject/Python/PatchTST/experiments/results/baselines/beijing/72h_12h/checkpoints/center_gru_default_seed2047.pt,/home/hansel/Documents/ITProject/Python/PatchTST/experiments/results/baselines/beijing/72h_12h/raw_metrics.csv,"{""hidden_size"": 100}",eligible,False
beijing,72,12,1013,2047,center_gru,matched,center_gru_matched,,,,{},not_in_protocol_coverage,False
beijing,72,12,1013,2047,center_lstm,default,center_lstm_default,0.7401872873306274,/home/hansel/Documents/ITProject/Python/PatchTST/experiments/results/baselines/beijing/72h_12h/checkpoints/center_lstm_default_seed2047.pt,/home/hansel/Documents/ITProject/Python/PatchTST/experiments/results/baselines/beijing/72h_12h/raw_metrics.csv,"{""hidden_size"": 100}",eligible,True
beijing,72,12,1013,2047,center_lstm,matched,center_lstm_matched,,,,{},not_in_protocol_coverage,False
beijing,72,12,1013,2047,center_tcn,default,center_tcn_default,0.9043001532554626,/home/hansel/Documents/ITProject/Python/PatchTST/experiments/results/baselines/beijing/72h_12h/checkpoints/center_tcn_default_seed2047.pt,/home/hansel/Documents/ITProject/Python/PatchTST/experiments/results/baselines/beijing/72h_12h/raw_metrics.csv,"{""ks"": 7, ""layers"": [25, 25, 25, 25, 25, 25, 25, 25]}",eligible,False
beijing,72,12,1013,2047,center_tcn,matched,center_tcn_matched,,,,{},not_in_protocol_coverage,False
beijing,72,12,1013,2047,center_mlp,default,center_mlp_default,,,,{},not_in_protocol_coverage,False
beijing,72,12,1013,2047,center_mlp,matched,center_mlp_matched,,,,{},not_in_protocol_coverage,False
beijing,72,12,1013,2047,center_resnet,default,center_resnet_default,,,,{},not_in_protocol_coverage,False
beijing,72,12,1013,2047,center_resnet,matched,center_resnet_matched,,,,{},not_in_protocol_coverage,False
beijing,72,12,1013,2047,center_tst,default,center_tst_default,,,,{},not_in_protocol_coverage,False
beijing,72,12,1013,2047,center_tst,matched,center_tst_matched,,,,{},not_in_protocol_coverage,False
beijing,72,12,1013,2047,degraded_patchtst,protocol,degraded_patchtst,0.787799596786499,/home/hansel/.herdr/worktrees/PatchTST/experiment-beijing-leakfree-coverage-ablation/experiments/results/beijing_leakfree_coverage/72h_12h/checkpoints/degraded_patchtst_seed2047.pt,experiments/results/beijing_leakfree_coverage/72h_12h/raw_metrics.csv,{},eligible,False
beijing,72,12,1013,2048,center_gru,default,center_gru_default,0.7949079871177673,/home/hansel/Documents/ITProject/Python/PatchTST/experiments/results/baselines/beijing/72h_12h/checkpoints/center_gru_default_seed2048.pt,/home/hansel/Documents/ITProject/Python/PatchTST/experiments/results/baselines/beijing/72h_12h/raw_metrics.csv,"{""hidden_size"": 100}",eligible,True
beijing,72,12,1013,2048,center_gru,matched,center_gru_matched,,,,{},not_in_protocol_coverage,False
beijing,72,12,1013,2048,center_lstm,default,center_lstm_default,0.8316313028335571,/home/hansel/Documents/ITProject/Python/PatchTST/experiments/results/baselines/beijing/72h_12h/checkpoints/center_lstm_default_seed2048.pt,/home/hansel/Documents/ITProject/Python/PatchTST/experiments/results/baselines/beijing/72h_12h/raw_metrics.csv,"{""hidden_size"": 100}",eligible,False
beijing,72,12,1013,2048,center_lstm,matched,center_lstm_matched,,,,{},not_in_protocol_coverage,False
beijing,72,12,1013,2048,center_tcn,default,center_tcn_default,0.9438945055007936,/home/hansel/Documents/ITProject/Python/PatchTST/experiments/results/baselines/beijing/72h_12h/checkpoints/center_tcn_default_seed2048.pt,/home/hansel/Documents/ITProject/Python/PatchTST/experiments/results/baselines/beijing/72h_12h/raw_metrics.csv,"{""ks"": 7, ""layers"": [25, 25, 25, 25, 25, 25, 25, 25]}",eligible,False
beijing,72,12,1013,2048,center_tcn,matched,center_tcn_matched,,,,{},not_in_protocol_coverage,False
beijing,72,12,1013,2048,center_mlp,default,center_mlp_default,,,,{},not_in_protocol_coverage,False
beijing,72,12,1013,2048,center_mlp,matched,center_mlp_matched,,,,{},not_in_protocol_coverage,False
beijing,72,12,1013,2048,center_resnet,default,center_resnet_default,,,,{},not_in_protocol_coverage,False
beijing,72,12,1013,2048,center_resnet,matched,center_resnet_matched,,,,{},not_in_protocol_coverage,False
beijing,72,12,1013,2048,center_tst,default,center_tst_default,,,,{},not_in_protocol_coverage,False
beijing,72,12,1013,2048,center_tst,matched,center_tst_matched,,,,{},not_in_protocol_coverage,False
beijing,72,12,1013,2048,degraded_patchtst,protocol,degraded_patchtst,0.8015595078468323,/home/hansel/.herdr/worktrees/PatchTST/experiment-beijing-leakfree-coverage-ablation/experiments/results/beijing_leakfree_coverage/72h_12h/checkpoints/degraded_patchtst_seed2048.pt,experiments/results/beijing_leakfree_coverage/72h_12h/raw_metrics.csv,{},eligible,False
beijing,72,12,1013,2049,center_gru,default,center_gru_default,0.8023869395256042,/home/hansel/Documents/ITProject/Python/PatchTST/experiments/results/baselines/beijing/72h_12h/checkpoints/center_gru_default_seed2049.pt,/home/hansel/Documents/ITProject/Python/PatchTST/experiments/results/baselines/beijing/72h_12h/raw_metrics.csv,"{""hidden_size"": 100}",eligible,True
beijing,72,12,1013,2049,center_gru,matched,center_gru_matched,,,,{},not_in_protocol_coverage,False
beijing,72,12,1013,2049,center_lstm,default,center_lstm_default,0.8156651854515076,/home/hansel/Documents/ITProject/Python/PatchTST/experiments/results/baselines/beijing/72h_12h/checkpoints/center_lstm_default_seed2049.pt,/home/hansel/Documents/ITProject/Python/PatchTST/experiments/results/baselines/beijing/72h_12h/raw_metrics.csv,"{""hidden_size"": 100}",eligible,False
beijing,72,12,1013,2049,center_lstm,matched,center_lstm_matched,,,,{},not_in_protocol_coverage,False
beijing,72,12,1013,2049,center_tcn,default,center_tcn_default,0.9174270033836364,/home/hansel/Documents/ITProject/Python/PatchTST/experiments/results/baselines/beijing/72h_12h/checkpoints/center_tcn_default_seed2049.pt,/home/hansel/Documents/ITProject/Python/PatchTST/experiments/results/baselines/beijing/72h_12h/raw_metrics.csv,"{""ks"": 7, ""layers"": [25, 25, 25, 25, 25, 25, 25, 25]}",eligible,False
beijing,72,12,1013,2049,center_tcn,matched,center_tcn_matched,,,,{},not_in_protocol_coverage,False
beijing,72,12,1013,2049,center_mlp,default,center_mlp_default,,,,{},not_in_protocol_coverage,False
beijing,72,12,1013,2049,center_mlp,matched,center_mlp_matched,,,,{},not_in_protocol_coverage,False
beijing,72,12,1013,2049,center_resnet,default,center_resnet_default,,,,{},not_in_protocol_coverage,False
beijing,72,12,1013,2049,center_resnet,matched,center_resnet_matched,,,,{},not_in_protocol_coverage,False
beijing,72,12,1013,2049,center_tst,default,center_tst_default,,,,{},not_in_protocol_coverage,False
beijing,72,12,1013,2049,center_tst,matched,center_tst_matched,,,,{},not_in_protocol_coverage,False
beijing,72,12,1013,2049,degraded_patchtst,protocol,degraded_patchtst,0.8069441914558411,/home/hansel/.herdr/worktrees/PatchTST/experiment-beijing-leakfree-coverage-ablation/experiments/results/beijing_leakfree_coverage/72h_12h/checkpoints/degraded_patchtst_seed2049.pt,experiments/results/beijing_leakfree_coverage/72h_12h/raw_metrics.csv,{},eligible,False
beijing,72,24,1013,2047,center_gru,default,center_gru_default,1.21384859085083,/home/hansel/Documents/ITProject/Python/PatchTST/experiments/results/baselines/beijing/72h_24h/checkpoints/center_gru_default_seed2047.pt,/home/hansel/Documents/ITProject/Python/PatchTST/experiments/results/baselines/beijing/72h_24h/raw_metrics.csv,"{""hidden_size"": 100}",eligible,False
beijing,72,24,1013,2047,center_gru,matched,center_gru_matched,,,,{},not_in_protocol_coverage,False
beijing,72,24,1013,2047,center_lstm,default,center_lstm_default,1.116934299468994,/home/hansel/Documents/ITProject/Python/PatchTST/experiments/results/baselines/beijing/72h_24h/checkpoints/center_lstm_default_seed2047.pt,/home/hansel/Documents/ITProject/Python/PatchTST/experiments/results/baselines/beijing/72h_24h/raw_metrics.csv,"{""hidden_size"": 100}",eligible,True
beijing,72,24,1013,2047,center_lstm,matched,center_lstm_matched,,,,{},not_in_protocol_coverage,False
beijing,72,24,1013,2047,center_tcn,default,center_tcn_default,1.3697036504745483,/home/hansel/Documents/ITProject/Python/PatchTST/experiments/results/baselines/beijing/72h_24h/checkpoints/center_tcn_default_seed2047.pt,/home/hansel/Documents/ITProject/Python/PatchTST/experiments/results/baselines/beijing/72h_24h/raw_metrics.csv,"{""ks"": 7, ""layers"": [25, 25, 25, 25, 25, 25, 25, 25]}",eligible,False
beijing,72,24,1013,2047,center_tcn,matched,center_tcn_matched,,,,{},not_in_protocol_coverage,False
beijing,72,24,1013,2047,center_mlp,default,center_mlp_default,,,,{},not_in_protocol_coverage,False
beijing,72,24,1013,2047,center_mlp,matched,center_mlp_matched,,,,{},not_in_protocol_coverage,False
beijing,72,24,1013,2047,center_resnet,default,center_resnet_default,,,,{},not_in_protocol_coverage,False
beijing,72,24,1013,2047,center_resnet,matched,center_resnet_matched,,,,{},not_in_protocol_coverage,False
beijing,72,24,1013,2047,center_tst,default,center_tst_default,,,,{},not_in_protocol_coverage,False
beijing,72,24,1013,2047,center_tst,matched,center_tst_matched,,,,{},not_in_protocol_coverage,False
beijing,72,24,1013,2047,degraded_patchtst,protocol,degraded_patchtst,1.162625432014465,/home/hansel/.herdr/worktrees/PatchTST/experiment-beijing-leakfree-coverage-ablation/experiments/results/beijing_leakfree_coverage/72h_24h/checkpoints/degraded_patchtst_seed2047.pt,experiments/results/beijing_leakfree_coverage/72h_24h/raw_metrics.csv,{},eligible,False
beijing,72,24,1013,2048,center_gru,default,center_gru_default,1.2090919017791748,/home/hansel/Documents/ITProject/Python/PatchTST/experiments/results/baselines/beijing/72h_24h/checkpoints/center_gru_default_seed2048.pt,/home/hansel/Documents/ITProject/Python/PatchTST/experiments/results/baselines/beijing/72h_24h/raw_metrics.csv,"{""hidden_size"": 100}",eligible,False
beijing,72,24,1013,2048,center_gru,matched,center_gru_matched,,,,{},not_in_protocol_coverage,False
beijing,72,24,1013,2048,center_lstm,default,center_lstm_default,1.2107912302017212,/home/hansel/Documents/ITProject/Python/PatchTST/experiments/results/baselines/beijing/72h_24h/checkpoints/center_lstm_default_seed2048.pt,/home/hansel/Documents/ITProject/Python/PatchTST/experiments/results/baselines/beijing/72h_24h/raw_metrics.csv,"{""hidden_size"": 100}",eligible,False
beijing,72,24,1013,2048,center_lstm,matched,center_lstm_matched,,,,{},not_in_protocol_coverage,False
beijing,72,24,1013,2048,center_tcn,default,center_tcn_default,1.2523235082626345,/home/hansel/Documents/ITProject/Python/PatchTST/experiments/results/baselines/beijing/72h_24h/checkpoints/center_tcn_default_seed2048.pt,/home/hansel/Documents/ITProject/Python/PatchTST/experiments/results/baselines/beijing/72h_24h/raw_metrics.csv,"{""ks"": 7, ""layers"": [25, 25, 25, 25, 25, 25, 25, 25]}",eligible,False
beijing,72,24,1013,2048,center_tcn,matched,center_tcn_matched,,,,{},not_in_protocol_coverage,False
beijing,72,24,1013,2048,center_mlp,default,center_mlp_default,,,,{},not_in_protocol_coverage,False
beijing,72,24,1013,2048,center_mlp,matched,center_mlp_matched,,,,{},not_in_protocol_coverage,False
beijing,72,24,1013,2048,center_resnet,default,center_resnet_default,,,,{},not_in_protocol_coverage,False
beijing,72,24,1013,2048,center_resnet,matched,center_resnet_matched,,,,{},not_in_protocol_coverage,False
beijing,72,24,1013,2048,center_tst,default,center_tst_default,,,,{},not_in_protocol_coverage,False
beijing,72,24,1013,2048,center_tst,matched,center_tst_matched,,,,{},not_in_protocol_coverage,False
beijing,72,24,1013,2048,degraded_patchtst,protocol,degraded_patchtst,1.152961015701294,/home/hansel/.herdr/worktrees/PatchTST/experiment-beijing-leakfree-coverage-ablation/experiments/results/beijing_leakfree_coverage/72h_24h/checkpoints/degraded_patchtst_seed2048.pt,experiments/results/beijing_leakfree_coverage/72h_24h/raw_metrics.csv,{},eligible,True
beijing,72,24,1013,2049,center_gru,default,center_gru_default,1.219942569732666,/home/hansel/Documents/ITProject/Python/PatchTST/experiments/results/baselines/beijing/72h_24h/checkpoints/center_gru_default_seed2049.pt,/home/hansel/Documents/ITProject/Python/PatchTST/experiments/results/baselines/beijing/72h_24h/raw_metrics.csv,"{""hidden_size"": 100}",eligible,False
beijing,72,24,1013,2049,center_gru,matched,center_gru_matched,,,,{},not_in_protocol_coverage,False
beijing,72,24,1013,2049,center_lstm,default,center_lstm_default,1.1916329860687256,/home/hansel/Documents/ITProject/Python/PatchTST/experiments/results/baselines/beijing/72h_24h/checkpoints/center_lstm_default_seed2049.pt,/home/hansel/Documents/ITProject/Python/PatchTST/experiments/results/baselines/beijing/72h_24h/raw_metrics.csv,"{""hidden_size"": 100}",eligible,True
beijing,72,24,1013,2049,center_lstm,matched,center_lstm_matched,,,,{},not_in_protocol_coverage,False
beijing,72,24,1013,2049,center_tcn,default,center_tcn_default,1.3421730995178225,/home/hansel/Documents/ITProject/Python/PatchTST/experiments/results/baselines/beijing/72h_24h/checkpoints/center_tcn_default_seed2049.pt,/home/hansel/Documents/ITProject/Python/PatchTST/experiments/results/baselines/beijing/72h_24h/raw_metrics.csv,"{""ks"": 7, ""layers"": [25, 25, 25, 25, 25, 25, 25, 25]}",eligible,False
beijing,72,24,1013,2049,center_tcn,matched,center_tcn_matched,,,,{},not_in_protocol_coverage,False
beijing,72,24,1013,2049,center_mlp,default,center_mlp_default,,,,{},not_in_protocol_coverage,False
beijing,72,24,1013,2049,center_mlp,matched,center_mlp_matched,,,,{},not_in_protocol_coverage,False
beijing,72,24,1013,2049,center_resnet,default,center_resnet_default,,,,{},not_in_protocol_coverage,False
beijing,72,24,1013,2049,center_resnet,matched,center_resnet_matched,,,,{},not_in_protocol_coverage,False
beijing,72,24,1013,2049,center_tst,default,center_tst_default,,,,{},not_in_protocol_coverage,False
beijing,72,24,1013,2049,center_tst,matched,center_tst_matched,,,,{},not_in_protocol_coverage,False
beijing,72,24,1013,2049,degraded_patchtst,protocol,degraded_patchtst,1.1953920125961304,/home/hansel/.herdr/worktrees/PatchTST/experiment-beijing-leakfree-coverage-ablation/experiments/results/beijing_leakfree_coverage/72h_24h/checkpoints/degraded_patchtst_seed2049.pt,experiments/results/beijing_leakfree_coverage/72h_24h/raw_metrics.csv,{},eligible,False
beijing,168,1,1013,2047,center_gru,default,center_gru_default,0.0977085828781127,/home/hansel/Documents/ITProject/Python/PatchTST/experiments/results/baselines/beijing/168h_1h/checkpoints/center_gru_default_seed2047.pt,/home/hansel/Documents/ITProject/Python/PatchTST/experiments/results/baselines/beijing/168h_1h/raw_metrics.csv,"{""hidden_size"": 100}",eligible,False
beijing,168,1,1013,2047,center_gru,matched,center_gru_matched,,,,{},not_in_protocol_coverage,False
beijing,168,1,1013,2047,center_lstm,default,center_lstm_default,0.098983846604824,/home/hansel/Documents/ITProject/Python/PatchTST/experiments/results/baselines/beijing/168h_1h/checkpoints/center_lstm_default_seed2047.pt,/home/hansel/Documents/ITProject/Python/PatchTST/experiments/results/baselines/beijing/168h_1h/raw_metrics.csv,"{""hidden_size"": 100}",eligible,False
beijing,168,1,1013,2047,center_lstm,matched,center_lstm_matched,,,,{},not_in_protocol_coverage,False
beijing,168,1,1013,2047,center_tcn,default,center_tcn_default,0.6041356325149536,/home/hansel/Documents/ITProject/Python/PatchTST/experiments/results/baselines/beijing/168h_1h/checkpoints/center_tcn_default_seed2047.pt,/home/hansel/Documents/ITProject/Python/PatchTST/experiments/results/baselines/beijing/168h_1h/raw_metrics.csv,"{""ks"": 7, ""layers"": [25, 25, 25, 25, 25, 25, 25, 25]}",eligible,False
beijing,168,1,1013,2047,center_tcn,matched,center_tcn_matched,,,,{},not_in_protocol_coverage,False
beijing,168,1,1013,2047,center_mlp,default,center_mlp_default,,,,{},not_in_protocol_coverage,False
beijing,168,1,1013,2047,center_mlp,matched,center_mlp_matched,,,,{},not_in_protocol_coverage,False
beijing,168,1,1013,2047,center_resnet,default,center_resnet_default,,,,{},not_in_protocol_coverage,False
beijing,168,1,1013,2047,center_resnet,matched,center_resnet_matched,,,,{},not_in_protocol_coverage,False
beijing,168,1,1013,2047,center_tst,default,center_tst_default,,,,{},not_in_protocol_coverage,False
beijing,168,1,1013,2047,center_tst,matched,center_tst_matched,,,,{},not_in_protocol_coverage,False
beijing,168,1,1013,2047,degraded_patchtst,protocol,degraded_patchtst,0.0969726517796516,/home/hansel/.herdr/worktrees/PatchTST/experiment-beijing-leakfree-coverage-ablation/experiments/results/beijing_leakfree_coverage/168h_1h/checkpoints/degraded_patchtst_seed2047.pt,experiments/results/beijing_leakfree_coverage/168h_1h/raw_metrics.csv,{},eligible,True
beijing,168,1,1013,2048,center_gru,default,center_gru_default,0.0982891991734504,/home/hansel/Documents/ITProject/Python/PatchTST/experiments/results/baselines/beijing/168h_1h/checkpoints/center_gru_default_seed2048.pt,/home/hansel/Documents/ITProject/Python/PatchTST/experiments/results/baselines/beijing/168h_1h/raw_metrics.csv,"{""hidden_size"": 100}",eligible,False
beijing,168,1,1013,2048,center_gru,matched,center_gru_matched,,,,{},not_in_protocol_coverage,False
beijing,168,1,1013,2048,center_lstm,default,center_lstm_default,0.098222903907299,/home/hansel/Documents/ITProject/Python/PatchTST/experiments/results/baselines/beijing/168h_1h/checkpoints/center_lstm_default_seed2048.pt,/home/hansel/Documents/ITProject/Python/PatchTST/experiments/results/baselines/beijing/168h_1h/raw_metrics.csv,"{""hidden_size"": 100}",eligible,True
beijing,168,1,1013,2048,center_lstm,matched,center_lstm_matched,,,,{},not_in_protocol_coverage,False
beijing,168,1,1013,2048,center_tcn,default,center_tcn_default,0.5489029288291931,/home/hansel/Documents/ITProject/Python/PatchTST/experiments/results/baselines/beijing/168h_1h/checkpoints/center_tcn_default_seed2048.pt,/home/hansel/Documents/ITProject/Python/PatchTST/experiments/results/baselines/beijing/168h_1h/raw_metrics.csv,"{""ks"": 7, ""layers"": [25, 25, 25, 25, 25, 25, 25, 25]}",eligible,False
beijing,168,1,1013,2048,center_tcn,matched,center_tcn_matched,,,,{},not_in_protocol_coverage,False
beijing,168,1,1013,2048,center_mlp,default,center_mlp_default,,,,{},not_in_protocol_coverage,False
beijing,168,1,1013,2048,center_mlp,matched,center_mlp_matched,,,,{},not_in_protocol_coverage,False
beijing,168,1,1013,2048,center_resnet,default,center_resnet_default,,,,{},not_in_protocol_coverage,False
beijing,168,1,1013,2048,center_resnet,matched,center_resnet_matched,,,,{},not_in_protocol_coverage,False
beijing,168,1,1013,2048,center_tst,default,center_tst_default,,,,{},not_in_protocol_coverage,False
beijing,168,1,1013,2048,center_tst,matched,center_tst_matched,,,,{},not_in_protocol_coverage,False
beijing,168,1,1013,2048,degraded_patchtst,protocol,degraded_patchtst,0.105335347354412,/home/hansel/.herdr/worktrees/PatchTST/experiment-beijing-leakfree-coverage-ablation/experiments/results/beijing_leakfree_coverage/168h_1h/checkpoints/degraded_patchtst_seed2048.pt,experiments/results/beijing_leakfree_coverage/168h_1h/raw_metrics.csv,{},eligible,False
beijing,168,1,1013,2049,center_gru,default,center_gru_default,0.0967254564166069,/home/hansel/Documents/ITProject/Python/PatchTST/experiments/results/baselines/beijing/168h_1h/checkpoints/center_gru_default_seed2049.pt,/home/hansel/Documents/ITProject/Python/PatchTST/experiments/results/baselines/beijing/168h_1h/raw_metrics.csv,"{""hidden_size"": 100}",eligible,True
beijing,168,1,1013,2049,center_gru,matched,center_gru_matched,,,,{},not_in_protocol_coverage,False
beijing,168,1,1013,2049,center_lstm,default,center_lstm_default,0.098891444504261,/home/hansel/Documents/ITProject/Python/PatchTST/experiments/results/baselines/beijing/168h_1h/checkpoints/center_lstm_default_seed2049.pt,/home/hansel/Documents/ITProject/Python/PatchTST/experiments/results/baselines/beijing/168h_1h/raw_metrics.csv,"{""hidden_size"": 100}",eligible,False
beijing,168,1,1013,2049,center_lstm,matched,center_lstm_matched,,,,{},not_in_protocol_coverage,False
beijing,168,1,1013,2049,center_tcn,default,center_tcn_default,0.6432880759239197,/home/hansel/Documents/ITProject/Python/PatchTST/experiments/results/baselines/beijing/168h_1h/checkpoints/center_tcn_default_seed2049.pt,/home/hansel/Documents/ITProject/Python/PatchTST/experiments/results/baselines/beijing/168h_1h/raw_metrics.csv,"{""ks"": 7, ""layers"": [25, 25, 25, 25, 25, 25, 25, 25]}",eligible,False
beijing,168,1,1013,2049,center_tcn,matched,center_tcn_matched,,,,{},not_in_protocol_coverage,False
beijing,168,1,1013,2049,center_mlp,default,center_mlp_default,,,,{},not_in_protocol_coverage,False
beijing,168,1,1013,2049,center_mlp,matched,center_mlp_matched,,,,{},not_in_protocol_coverage,False
beijing,168,1,1013,2049,center_resnet,default,center_resnet_default,,,,{},not_in_protocol_coverage,False
beijing,168,1,1013,2049,center_resnet,matched,center_resnet_matched,,,,{},not_in_protocol_coverage,False
beijing,168,1,1013,2049,center_tst,default,center_tst_default,,,,{},not_in_protocol_coverage,False
beijing,168,1,1013,2049,center_tst,matched,center_tst_matched,,,,{},not_in_protocol_coverage,False
beijing,168,1,1013,2049,degraded_patchtst,protocol,degraded_patchtst,0.1073384061455726,/home/hansel/.herdr/worktrees/PatchTST/experiment-beijing-leakfree-coverage-ablation/experiments/results/beijing_leakfree_coverage/168h_1h/checkpoints/degraded_patchtst_seed2049.pt,experiments/results/beijing_leakfree_coverage/168h_1h/raw_metrics.csv,{},eligible,False
beijing,168,3,1013,2047,center_gru,default,center_gru_default,0.2559309601783752,/home/hansel/Documents/ITProject/Python/PatchTST/experiments/results/baselines/beijing/168h_3h/checkpoints/center_gru_default_seed2047.pt,/home/hansel/Documents/ITProject/Python/PatchTST/experiments/results/baselines/beijing/168h_3h/raw_metrics.csv,"{""hidden_size"": 100}",eligible,False
beijing,168,3,1013,2047,center_gru,matched,center_gru_matched,,,,{},not_in_protocol_coverage,False
beijing,168,3,1013,2047,center_lstm,default,center_lstm_default,0.2679181396961212,/home/hansel/Documents/ITProject/Python/PatchTST/experiments/results/baselines/beijing/168h_3h/checkpoints/center_lstm_default_seed2047.pt,/home/hansel/Documents/ITProject/Python/PatchTST/experiments/results/baselines/beijing/168h_3h/raw_metrics.csv,"{""hidden_size"": 100}",eligible,False
beijing,168,3,1013,2047,center_lstm,matched,center_lstm_matched,,,,{},not_in_protocol_coverage,False
beijing,168,3,1013,2047,center_tcn,default,center_tcn_default,2.0030980110168457,/home/hansel/Documents/ITProject/Python/PatchTST/experiments/results/baselines/beijing/168h_3h/checkpoints/center_tcn_default_seed2047.pt,/home/hansel/Documents/ITProject/Python/PatchTST/experiments/results/baselines/beijing/168h_3h/raw_metrics.csv,"{""ks"": 7, ""layers"": [25, 25, 25, 25, 25, 25, 25, 25]}",eligible,False
beijing,168,3,1013,2047,center_tcn,matched,center_tcn_matched,,,,{},not_in_protocol_coverage,False
beijing,168,3,1013,2047,center_mlp,default,center_mlp_default,,,,{},not_in_protocol_coverage,False
beijing,168,3,1013,2047,center_mlp,matched,center_mlp_matched,,,,{},not_in_protocol_coverage,False
beijing,168,3,1013,2047,center_resnet,default,center_resnet_default,,,,{},not_in_protocol_coverage,False
beijing,168,3,1013,2047,center_resnet,matched,center_resnet_matched,,,,{},not_in_protocol_coverage,False
beijing,168,3,1013,2047,center_tst,default,center_tst_default,,,,{},not_in_protocol_coverage,False
beijing,168,3,1013,2047,center_tst,matched,center_tst_matched,,,,{},not_in_protocol_coverage,False
beijing,168,3,1013,2047,degraded_patchtst,protocol,degraded_patchtst,0.2527061700820923,/home/hansel/.herdr/worktrees/PatchTST/experiment-beijing-leakfree-coverage-ablation/experiments/results/beijing_leakfree_coverage/168h_3h/checkpoints/degraded_patchtst_seed2047.pt,experiments/results/beijing_leakfree_coverage/168h_3h/raw_metrics.csv,{},eligible,True
beijing,168,3,1013,2048,center_gru,default,center_gru_default,,/home/hansel/Documents/ITProject/Python/PatchTST/experiments/results/baselines/beijing/168h_3h/checkpoints/center_gru_default_seed2048.pt,/home/hansel/Documents/ITProject/Python/PatchTST/experiments/results/baselines/beijing/168h_3h/raw_metrics.csv,"{""hidden_size"": 100}",source_nonfinite,False
beijing,168,3,1013,2048,center_gru,matched,center_gru_matched,,,,{},not_in_protocol_coverage,False
beijing,168,3,1013,2048,center_lstm,default,center_lstm_default,,/home/hansel/Documents/ITProject/Python/PatchTST/experiments/results/baselines/beijing/168h_3h/checkpoints/center_lstm_default_seed2048.pt,/home/hansel/Documents/ITProject/Python/PatchTST/experiments/results/baselines/beijing/168h_3h/raw_metrics.csv,"{""hidden_size"": 100}",source_nonfinite,False
beijing,168,3,1013,2048,center_lstm,matched,center_lstm_matched,,,,{},not_in_protocol_coverage,False
beijing,168,3,1013,2048,center_tcn,default,center_tcn_default,0.701069176197052,/home/hansel/Documents/ITProject/Python/PatchTST/experiments/results/baselines/beijing/168h_3h/checkpoints/center_tcn_default_seed2048.pt,/home/hansel/Documents/ITProject/Python/PatchTST/experiments/results/baselines/beijing/168h_3h/raw_metrics.csv,"{""ks"": 7, ""layers"": [25, 25, 25, 25, 25, 25, 25, 25]}",eligible,False
beijing,168,3,1013,2048,center_tcn,matched,center_tcn_matched,,,,{},not_in_protocol_coverage,False
beijing,168,3,1013,2048,center_mlp,default,center_mlp_default,,,,{},not_in_protocol_coverage,False
beijing,168,3,1013,2048,center_mlp,matched,center_mlp_matched,,,,{},not_in_protocol_coverage,False
beijing,168,3,1013,2048,center_resnet,default,center_resnet_default,,,,{},not_in_protocol_coverage,False
beijing,168,3,1013,2048,center_resnet,matched,center_resnet_matched,,,,{},not_in_protocol_coverage,False
beijing,168,3,1013,2048,center_tst,default,center_tst_default,,,,{},not_in_protocol_coverage,False
beijing,168,3,1013,2048,center_tst,matched,center_tst_matched,,,,{},not_in_protocol_coverage,False
beijing,168,3,1013,2048,degraded_patchtst,protocol,degraded_patchtst,0.2526836991310119,/home/hansel/.herdr/worktrees/PatchTST/experiment-beijing-leakfree-coverage-ablation/experiments/results/beijing_leakfree_coverage/168h_3h/checkpoints/degraded_patchtst_seed2048.pt,experiments/results/beijing_leakfree_coverage/168h_3h/raw_metrics.csv,{},eligible,True
beijing,168,3,1013,2049,center_gru,default,center_gru_default,,/home/hansel/Documents/ITProject/Python/PatchTST/experiments/results/baselines/beijing/168h_3h/checkpoints/center_gru_default_seed2049.pt,/home/hansel/Documents/ITProject/Python/PatchTST/experiments/results/baselines/beijing/168h_3h/raw_metrics.csv,"{""hidden_size"": 100}",source_nonfinite,False
beijing,168,3,1013,2049,center_gru,matched,center_gru_matched,,,,{},not_in_protocol_coverage,False
beijing,168,3,1013,2049,center_lstm,default,center_lstm_default,0.2605681419372558,/home/hansel/Documents/ITProject/Python/PatchTST/experiments/results/baselines/beijing/168h_3h/checkpoints/center_lstm_default_seed2049.pt,/home/hansel/Documents/ITProject/Python/PatchTST/experiments/results/baselines/beijing/168h_3h/raw_metrics.csv,"{""hidden_size"": 100}",eligible,False
beijing,168,3,1013,2049,center_lstm,matched,center_lstm_matched,,,,{},not_in_protocol_coverage,False
beijing,168,3,1013,2049,center_tcn,default,center_tcn_default,0.7498369812965393,/home/hansel/Documents/ITProject/Python/PatchTST/experiments/results/baselines/beijing/168h_3h/checkpoints/center_tcn_default_seed2049.pt,/home/hansel/Documents/ITProject/Python/PatchTST/experiments/results/baselines/beijing/168h_3h/raw_metrics.csv,"{""ks"": 7, ""layers"": [25, 25, 25, 25, 25, 25, 25, 25]}",eligible,False
beijing,168,3,1013,2049,center_tcn,matched,center_tcn_matched,,,,{},not_in_protocol_coverage,False
beijing,168,3,1013,2049,center_mlp,default,center_mlp_default,,,,{},not_in_protocol_coverage,False
beijing,168,3,1013,2049,center_mlp,matched,center_mlp_matched,,,,{},not_in_protocol_coverage,False
beijing,168,3,1013,2049,center_resnet,default,center_resnet_default,,,,{},not_in_protocol_coverage,False
beijing,168,3,1013,2049,center_resnet,matched,center_resnet_matched,,,,{},not_in_protocol_coverage,False
beijing,168,3,1013,2049,center_tst,default,center_tst_default,,,,{},not_in_protocol_coverage,False
beijing,168,3,1013,2049,center_tst,matched,center_tst_matched,,,,{},not_in_protocol_coverage,False
beijing,168,3,1013,2049,degraded_patchtst,protocol,degraded_patchtst,0.2583062946796417,/home/hansel/.herdr/worktrees/PatchTST/experiment-beijing-leakfree-coverage-ablation/experiments/results/beijing_leakfree_coverage/168h_3h/checkpoints/degraded_patchtst_seed2049.pt,experiments/results/beijing_leakfree_coverage/168h_3h/raw_metrics.csv,{},eligible,True
guangzhou,24,1,9026,7001,center_gru,default,center_gru_default,0.1215729489922523,/home/hansel/Documents/ITProject/Python/PatchTST/experiments/results/baselines/guangzhou/24h_1h/station_9026/checkpoints/center_gru_default_seed7001.pt,/home/hansel/Documents/ITProject/Python/PatchTST/experiments/results/baselines/guangzhou/24h_1h/station_9026/raw_metrics.csv,"{""hidden_size"": 100}",eligible,True
guangzhou,24,1,9026,7001,center_gru,matched,center_gru_matched,0.1256780326366424,/home/hansel/Documents/ITProject/Python/PatchTST/experiments/results/baselines/guangzhou/24h_1h/station_9026/checkpoints/center_gru_matched_seed7001.pt,/home/hansel/Documents/ITProject/Python/PatchTST/experiments/results/baselines/guangzhou/24h_1h/station_9026/raw_metrics.csv,"{""hidden_size"": 82}",eligible,False
guangzhou,24,1,9026,7001,center_lstm,default,center_lstm_default,,,,{},not_in_protocol_coverage,False
guangzhou,24,1,9026,7001,center_lstm,matched,center_lstm_matched,,,,{},not_in_protocol_coverage,False
guangzhou,24,1,9026,7001,center_tcn,default,center_tcn_default,,,,{},not_in_protocol_coverage,False
guangzhou,24,1,9026,7001,center_tcn,matched,center_tcn_matched,,,,{},not_in_protocol_coverage,False
guangzhou,24,1,9026,7001,center_mlp,default,center_mlp_default,,,,{},not_in_protocol_coverage,False
guangzhou,24,1,9026,7001,center_mlp,matched,center_mlp_matched,,,,{},not_in_protocol_coverage,False
guangzhou,24,1,9026,7001,center_resnet,default,center_resnet_default,,,,{},not_in_protocol_coverage,False
guangzhou,24,1,9026,7001,center_resnet,matched,center_resnet_matched,,,,{},not_in_protocol_coverage,False
guangzhou,24,1,9026,7001,center_tst,default,center_tst_default,,,,{},not_in_protocol_coverage,False
guangzhou,24,1,9026,7001,center_tst,matched,center_tst_matched,,,,{},not_in_protocol_coverage,False
guangzhou,24,1,9026,7001,degraded_patchtst,protocol,degraded_patchtst,0.1178668588399887,,experiments/results/guangzhou_horizon_coverage/24h_1h/station_9026/run_manifest.csv,{},checkpoint_missing,False
guangzhou,24,1,9026,7002,center_gru,default,center_gru_default,0.1214690431952476,/home/hansel/Documents/ITProject/Python/PatchTST/experiments/results/baselines/guangzhou/24h_1h/station_9026/checkpoints/center_gru_default_seed7002.pt,/home/hansel/Documents/ITProject/Python/PatchTST/experiments/results/baselines/guangzhou/24h_1h/station_9026/raw_metrics.csv,"{""hidden_size"": 100}",eligible,True
guangzhou,24,1,9026,7002,center_gru,matched,center_gru_matched,0.1253992021083831,/home/hansel/Documents/ITProject/Python/PatchTST/experiments/results/baselines/guangzhou/24h_1h/station_9026/checkpoints/center_gru_matched_seed7002.pt,/home/hansel/Documents/ITProject/Python/PatchTST/experiments/results/baselines/guangzhou/24h_1h/station_9026/raw_metrics.csv,"{""hidden_size"": 82}",eligible,False
guangzhou,24,1,9026,7002,center_lstm,default,center_lstm_default,,,,{},not_in_protocol_coverage,False
guangzhou,24,1,9026,7002,center_lstm,matched,center_lstm_matched,,,,{},not_in_protocol_coverage,False
guangzhou,24,1,9026,7002,center_tcn,default,center_tcn_default,,,,{},not_in_protocol_coverage,False
guangzhou,24,1,9026,7002,center_tcn,matched,center_tcn_matched,,,,{},not_in_protocol_coverage,False
guangzhou,24,1,9026,7002,center_mlp,default,center_mlp_default,,,,{},not_in_protocol_coverage,False
guangzhou,24,1,9026,7002,center_mlp,matched,center_mlp_matched,,,,{},not_in_protocol_coverage,False
guangzhou,24,1,9026,7002,center_resnet,default,center_resnet_default,,,,{},not_in_protocol_coverage,False
guangzhou,24,1,9026,7002,center_resnet,matched,center_resnet_matched,,,,{},not_in_protocol_coverage,False
guangzhou,24,1,9026,7002,center_tst,default,center_tst_default,,,,{},not_in_protocol_coverage,False
guangzhou,24,1,9026,7002,center_tst,matched,center_tst_matched,,,,{},not_in_protocol_coverage,False
guangzhou,24,1,9026,7002,degraded_patchtst,protocol,degraded_patchtst,0.1162971779704094,,experiments/results/guangzhou_horizon_coverage/24h_1h/station_9026/run_manifest.csv,{},checkpoint_missing,False
guangzhou,24,1,9026,7003,center_gru,default,center_gru_default,0.1231219097971916,/home/hansel/Documents/ITProject/Python/PatchTST/experiments/results/baselines/guangzhou/24h_1h/station_9026/checkpoints/center_gru_default_seed7003.pt,/home/hansel/Documents/ITProject/Python/PatchTST/experiments/results/baselines/guangzhou/24h_1h/station_9026/raw_metrics.csv,"{""hidden_size"": 100}",eligible,True
guangzhou,24,1,9026,7003,center_gru,matched,center_gru_matched,0.1253942549228668,/home/hansel/Documents/ITProject/Python/PatchTST/experiments/results/baselines/guangzhou/24h_1h/station_9026/checkpoints/center_gru_matched_seed7003.pt,/home/hansel/Documents/ITProject/Python/PatchTST/experiments/results/baselines/guangzhou/24h_1h/station_9026/raw_metrics.csv,"{""hidden_size"": 82}",eligible,False
guangzhou,24,1,9026,7003,center_lstm,default,center_lstm_default,,,,{},not_in_protocol_coverage,False
guangzhou,24,1,9026,7003,center_lstm,matched,center_lstm_matched,,,,{},not_in_protocol_coverage,False
guangzhou,24,1,9026,7003,center_tcn,default,center_tcn_default,,,,{},not_in_protocol_coverage,False
guangzhou,24,1,9026,7003,center_tcn,matched,center_tcn_matched,,,,{},not_in_protocol_coverage,False
guangzhou,24,1,9026,7003,center_mlp,default,center_mlp_default,,,,{},not_in_protocol_coverage,False
guangzhou,24,1,9026,7003,center_mlp,matched,center_mlp_matched,,,,{},not_in_protocol_coverage,False
guangzhou,24,1,9026,7003,center_resnet,default,center_resnet_default,,,,{},not_in_protocol_coverage,False
guangzhou,24,1,9026,7003,center_resnet,matched,center_resnet_matched,,,,{},not_in_protocol_coverage,False
guangzhou,24,1,9026,7003,center_tst,default,center_tst_default,,,,{},not_in_protocol_coverage,False
guangzhou,24,1,9026,7003,center_tst,matched,center_tst_matched,,,,{},not_in_protocol_coverage,False
guangzhou,24,1,9026,7003,degraded_patchtst,protocol,degraded_patchtst,0.113644078373909,,experiments/results/guangzhou_horizon_coverage/24h_1h/station_9026/run_manifest.csv,{},checkpoint_missing,False
guangzhou,24,1,9039,7001,center_gru,default,center_gru_default,0.0907658860087394,/home/hansel/Documents/ITProject/Python/PatchTST/experiments/results/baselines/guangzhou/24h_1h/station_9039/checkpoints/center_gru_default_seed7001.pt,/home/hansel/Documents/ITProject/Python/PatchTST/experiments/results/baselines/guangzhou/24h_1h/station_9039/raw_metrics.csv,"{""hidden_size"": 100}",eligible,True
guangzhou,24,1,9039,7001,center_gru,matched,center_gru_matched,0.0951735824346542,/home/hansel/Documents/ITProject/Python/PatchTST/experiments/results/baselines/guangzhou/24h_1h/station_9039/checkpoints/center_gru_matched_seed7001.pt,/home/hansel/Documents/ITProject/Python/PatchTST/experiments/results/baselines/guangzhou/24h_1h/station_9039/raw_metrics.csv,"{""hidden_size"": 82}",eligible,False
guangzhou,24,1,9039,7001,center_lstm,default,center_lstm_default,,,,{},not_in_protocol_coverage,False
guangzhou,24,1,9039,7001,center_lstm,matched,center_lstm_matched,,,,{},not_in_protocol_coverage,False
guangzhou,24,1,9039,7001,center_tcn,default,center_tcn_default,,,,{},not_in_protocol_coverage,False
guangzhou,24,1,9039,7001,center_tcn,matched,center_tcn_matched,,,,{},not_in_protocol_coverage,False
guangzhou,24,1,9039,7001,center_mlp,default,center_mlp_default,,,,{},not_in_protocol_coverage,False
guangzhou,24,1,9039,7001,center_mlp,matched,center_mlp_matched,,,,{},not_in_protocol_coverage,False
guangzhou,24,1,9039,7001,center_resnet,default,center_resnet_default,,,,{},not_in_protocol_coverage,False
guangzhou,24,1,9039,7001,center_resnet,matched,center_resnet_matched,,,,{},not_in_protocol_coverage,False
guangzhou,24,1,9039,7001,center_tst,default,center_tst_default,,,,{},not_in_protocol_coverage,False
guangzhou,24,1,9039,7001,center_tst,matched,center_tst_matched,,,,{},not_in_protocol_coverage,False
guangzhou,24,1,9039,7001,degraded_patchtst,protocol,degraded_patchtst,0.0878459736704826,,experiments/results/guangzhou_horizon_coverage/24h_1h/station_9039/run_manifest.csv,{},checkpoint_missing,False
guangzhou,24,1,9039,7002,center_gru,default,center_gru_default,0.0908199697732925,/home/hansel/Documents/ITProject/Python/PatchTST/experiments/results/baselines/guangzhou/24h_1h/station_9039/checkpoints/center_gru_default_seed7002.pt,/home/hansel/Documents/ITProject/Python/PatchTST/experiments/results/baselines/guangzhou/24h_1h/station_9039/raw_metrics.csv,"{""hidden_size"": 100}",eligible,True
guangzhou,24,1,9039,7002,center_gru,matched,center_gru_matched,0.0937845110893249,/home/hansel/Documents/ITProject/Python/PatchTST/experiments/results/baselines/guangzhou/24h_1h/station_9039/checkpoints/center_gru_matched_seed7002.pt,/home/hansel/Documents/ITProject/Python/PatchTST/experiments/results/baselines/guangzhou/24h_1h/station_9039/raw_metrics.csv,"{""hidden_size"": 82}",eligible,False
guangzhou,24,1,9039,7002,center_lstm,default,center_lstm_default,,,,{},not_in_protocol_coverage,False
guangzhou,24,1,9039,7002,center_lstm,matched,center_lstm_matched,,,,{},not_in_protocol_coverage,False
guangzhou,24,1,9039,7002,center_tcn,default,center_tcn_default,,,,{},not_in_protocol_coverage,False
guangzhou,24,1,9039,7002,center_tcn,matched,center_tcn_matched,,,,{},not_in_protocol_coverage,False
guangzhou,24,1,9039,7002,center_mlp,default,center_mlp_default,,,,{},not_in_protocol_coverage,False
guangzhou,24,1,9039,7002,center_mlp,matched,center_mlp_matched,,,,{},not_in_protocol_coverage,False
guangzhou,24,1,9039,7002,center_resnet,default,center_resnet_default,,,,{},not_in_protocol_coverage,False
guangzhou,24,1,9039,7002,center_resnet,matched,center_resnet_matched,,,,{},not_in_protocol_coverage,False
guangzhou,24,1,9039,7002,center_tst,default,center_tst_default,,,,{},not_in_protocol_coverage,False
guangzhou,24,1,9039,7002,center_tst,matched,center_tst_matched,,,,{},not_in_protocol_coverage,False
guangzhou,24,1,9039,7002,degraded_patchtst,protocol,degraded_patchtst,0.084147997200489,,experiments/results/guangzhou_horizon_coverage/24h_1h/station_9039/run_manifest.csv,{},checkpoint_missing,False
guangzhou,24,1,9039,7003,center_gru,default,center_gru_default,0.0906453728675842,/home/hansel/Documents/ITProject/Python/PatchTST/experiments/results/baselines/guangzhou/24h_1h/station_9039/checkpoints/center_gru_default_seed7003.pt,/home/hansel/Documents/ITProject/Python/PatchTST/experiments/results/baselines/guangzhou/24h_1h/station_9039/raw_metrics.csv,"{""hidden_size"": 100}",eligible,True
guangzhou,24,1,9039,7003,center_gru,matched,center_gru_matched,0.0948653221130371,/home/hansel/Documents/ITProject/Python/PatchTST/experiments/results/baselines/guangzhou/24h_1h/station_9039/checkpoints/center_gru_matched_seed7003.pt,/home/hansel/Documents/ITProject/Python/PatchTST/experiments/results/baselines/guangzhou/24h_1h/station_9039/raw_metrics.csv,"{""hidden_size"": 82}",eligible,False
guangzhou,24,1,9039,7003,center_lstm,default,center_lstm_default,,,,{},not_in_protocol_coverage,False
guangzhou,24,1,9039,7003,center_lstm,matched,center_lstm_matched,,,,{},not_in_protocol_coverage,False
guangzhou,24,1,9039,7003,center_tcn,default,center_tcn_default,,,,{},not_in_protocol_coverage,False
guangzhou,24,1,9039,7003,center_tcn,matched,center_tcn_matched,,,,{},not_in_protocol_coverage,False
guangzhou,24,1,9039,7003,center_mlp,default,center_mlp_default,,,,{},not_in_protocol_coverage,False
guangzhou,24,1,9039,7003,center_mlp,matched,center_mlp_matched,,,,{},not_in_protocol_coverage,False
guangzhou,24,1,9039,7003,center_resnet,default,center_resnet_default,,,,{},not_in_protocol_coverage,False
guangzhou,24,1,9039,7003,center_resnet,matched,center_resnet_matched,,,,{},not_in_protocol_coverage,False
guangzhou,24,1,9039,7003,center_tst,default,center_tst_default,,,,{},not_in_protocol_coverage,False
guangzhou,24,1,9039,7003,center_tst,matched,center_tst_matched,,,,{},not_in_protocol_coverage,False
guangzhou,24,1,9039,7003,degraded_patchtst,protocol,degraded_patchtst,0.0826933085918426,,experiments/results/guangzhou_horizon_coverage/24h_1h/station_9039/run_manifest.csv,{},checkpoint_missing,False
guangzhou,24,1,9033,7001,center_gru,default,center_gru_default,0.3359410464763641,/home/hansel/Documents/ITProject/Python/PatchTST/experiments/results/baselines/guangzhou/24h_1h/station_9033/checkpoints/center_gru_default_seed7001.pt,/home/hansel/Documents/ITProject/Python/PatchTST/experiments/results/baselines/guangzhou/24h_1h/station_9033/raw_metrics.csv,"{""hidden_size"": 100}",eligible,True
guangzhou,24,1,9033,7001,center_gru,matched,center_gru_matched,0.3424437940120697,/home/hansel/Documents/ITProject/Python/PatchTST/experiments/results/baselines/guangzhou/24h_1h/station_9033/checkpoints/center_gru_matched_seed7001.pt,/home/hansel/Documents/ITProject/Python/PatchTST/experiments/results/baselines/guangzhou/24h_1h/station_9033/raw_metrics.csv,"{""hidden_size"": 82}",eligible,False
guangzhou,24,1,9033,7001,center_lstm,default,center_lstm_default,,,,{},not_in_protocol_coverage,False
guangzhou,24,1,9033,7001,center_lstm,matched,center_lstm_matched,,,,{},not_in_protocol_coverage,False
guangzhou,24,1,9033,7001,center_tcn,default,center_tcn_default,,,,{},not_in_protocol_coverage,False
guangzhou,24,1,9033,7001,center_tcn,matched,center_tcn_matched,,,,{},not_in_protocol_coverage,False
guangzhou,24,1,9033,7001,center_mlp,default,center_mlp_default,,,,{},not_in_protocol_coverage,False
guangzhou,24,1,9033,7001,center_mlp,matched,center_mlp_matched,,,,{},not_in_protocol_coverage,False
guangzhou,24,1,9033,7001,center_resnet,default,center_resnet_default,,,,{},not_in_protocol_coverage,False
guangzhou,24,1,9033,7001,center_resnet,matched,center_resnet_matched,,,,{},not_in_protocol_coverage,False
guangzhou,24,1,9033,7001,center_tst,default,center_tst_default,,,,{},not_in_protocol_coverage,False
guangzhou,24,1,9033,7001,center_tst,matched,center_tst_matched,,,,{},not_in_protocol_coverage,False
guangzhou,24,1,9033,7001,degraded_patchtst,protocol,degraded_patchtst,0.3291431069374084,,experiments/results/guangzhou_horizon_coverage/24h_1h/station_9033/run_manifest.csv,{},checkpoint_missing,False
guangzhou,24,1,9033,7002,center_gru,default,center_gru_default,0.3466278314590454,/home/hansel/Documents/ITProject/Python/PatchTST/experiments/results/baselines/guangzhou/24h_1h/station_9033/checkpoints/center_gru_default_seed7002.pt,/home/hansel/Documents/ITProject/Python/PatchTST/experiments/results/baselines/guangzhou/24h_1h/station_9033/raw_metrics.csv,"{""hidden_size"": 100}",eligible,False
guangzhou,24,1,9033,7002,center_gru,matched,center_gru_matched,0.3378528356552124,/home/hansel/Documents/ITProject/Python/PatchTST/experiments/results/baselines/guangzhou/24h_1h/station_9033/checkpoints/center_gru_matched_seed7002.pt,/home/hansel/Documents/ITProject/Python/PatchTST/experiments/results/baselines/guangzhou/24h_1h/station_9033/raw_metrics.csv,"{""hidden_size"": 82}",eligible,True
guangzhou,24,1,9033,7002,center_lstm,default,center_lstm_default,,,,{},not_in_protocol_coverage,False
guangzhou,24,1,9033,7002,center_lstm,matched,center_lstm_matched,,,,{},not_in_protocol_coverage,False
guangzhou,24,1,9033,7002,center_tcn,default,center_tcn_default,,,,{},not_in_protocol_coverage,False
guangzhou,24,1,9033,7002,center_tcn,matched,center_tcn_matched,,,,{},not_in_protocol_coverage,False
guangzhou,24,1,9033,7002,center_mlp,default,center_mlp_default,,,,{},not_in_protocol_coverage,False
guangzhou,24,1,9033,7002,center_mlp,matched,center_mlp_matched,,,,{},not_in_protocol_coverage,False
guangzhou,24,1,9033,7002,center_resnet,default,center_resnet_default,,,,{},not_in_protocol_coverage,False
guangzhou,24,1,9033,7002,center_resnet,matched,center_resnet_matched,,,,{},not_in_protocol_coverage,False
guangzhou,24,1,9033,7002,center_tst,default,center_tst_default,,,,{},not_in_protocol_coverage,False
guangzhou,24,1,9033,7002,center_tst,matched,center_tst_matched,,,,{},not_in_protocol_coverage,False
guangzhou,24,1,9033,7002,degraded_patchtst,protocol,degraded_patchtst,0.3298900425434112,,experiments/results/guangzhou_horizon_coverage/24h_1h/station_9033/run_manifest.csv,{},checkpoint_missing,False
guangzhou,24,1,9033,7003,center_gru,default,center_gru_default,0.3497467637062073,/home/hansel/Documents/ITProject/Python/PatchTST/experiments/results/baselines/guangzhou/24h_1h/station_9033/checkpoints/center_gru_default_seed7003.pt,/home/hansel/Documents/ITProject/Python/PatchTST/experiments/results/baselines/guangzhou/24h_1h/station_9033/raw_metrics.csv,"{""hidden_size"": 100}",eligible,False
guangzhou,24,1,9033,7003,center_gru,matched,center_gru_matched,0.3414414227008819,/home/hansel/Documents/ITProject/Python/PatchTST/experiments/results/baselines/guangzhou/24h_1h/station_9033/checkpoints/center_gru_matched_seed7003.pt,/home/hansel/Documents/ITProject/Python/PatchTST/experiments/results/baselines/guangzhou/24h_1h/station_9033/raw_metrics.csv,"{""hidden_size"": 82}",eligible,True
guangzhou,24,1,9033,7003,center_lstm,default,center_lstm_default,,,,{},not_in_protocol_coverage,False
guangzhou,24,1,9033,7003,center_lstm,matched,center_lstm_matched,,,,{},not_in_protocol_coverage,False
guangzhou,24,1,9033,7003,center_tcn,default,center_tcn_default,,,,{},not_in_protocol_coverage,False
guangzhou,24,1,9033,7003,center_tcn,matched,center_tcn_matched,,,,{},not_in_protocol_coverage,False
guangzhou,24,1,9033,7003,center_mlp,default,center_mlp_default,,,,{},not_in_protocol_coverage,False
guangzhou,24,1,9033,7003,center_mlp,matched,center_mlp_matched,,,,{},not_in_protocol_coverage,False
guangzhou,24,1,9033,7003,center_resnet,default,center_resnet_default,,,,{},not_in_protocol_coverage,False
guangzhou,24,1,9033,7003,center_resnet,matched,center_resnet_matched,,,,{},not_in_protocol_coverage,False
guangzhou,24,1,9033,7003,center_tst,default,center_tst_default,,,,{},not_in_protocol_coverage,False
guangzhou,24,1,9033,7003,center_tst,matched,center_tst_matched,,,,{},not_in_protocol_coverage,False
guangzhou,24,1,9033,7003,degraded_patchtst,protocol,degraded_patchtst,0.3422611653804779,,experiments/results/guangzhou_horizon_coverage/24h_1h/station_9033/run_manifest.csv,{},checkpoint_missing,False
guangzhou,24,1,9046,7001,center_gru,default,center_gru_default,0.1767921298742294,/home/hansel/Documents/ITProject/Python/PatchTST/experiments/results/baselines/guangzhou/24h_1h/station_9046/checkpoints/center_gru_default_seed7001.pt,/home/hansel/Documents/ITProject/Python/PatchTST/experiments/results/baselines/guangzhou/24h_1h/station_9046/raw_metrics.csv,"{""hidden_size"": 100}",eligible,True
guangzhou,24,1,9046,7001,center_gru,matched,center_gru_matched,0.1769920289516449,/home/hansel/Documents/ITProject/Python/PatchTST/experiments/results/baselines/guangzhou/24h_1h/station_9046/checkpoints/center_gru_matched_seed7001.pt,/home/hansel/Documents/ITProject/Python/PatchTST/experiments/results/baselines/guangzhou/24h_1h/station_9046/raw_metrics.csv,"{""hidden_size"": 82}",eligible,False
guangzhou,24,1,9046,7001,center_lstm,default,center_lstm_default,,,,{},not_in_protocol_coverage,False
guangzhou,24,1,9046,7001,center_lstm,matched,center_lstm_matched,,,,{},not_in_protocol_coverage,False
guangzhou,24,1,9046,7001,center_tcn,default,center_tcn_default,,,,{},not_in_protocol_coverage,False
guangzhou,24,1,9046,7001,center_tcn,matched,center_tcn_matched,,,,{},not_in_protocol_coverage,False
guangzhou,24,1,9046,7001,center_mlp,default,center_mlp_default,,,,{},not_in_protocol_coverage,False
guangzhou,24,1,9046,7001,center_mlp,matched,center_mlp_matched,,,,{},not_in_protocol_coverage,False
guangzhou,24,1,9046,7001,center_resnet,default,center_resnet_default,,,,{},not_in_protocol_coverage,False
guangzhou,24,1,9046,7001,center_resnet,matched,center_resnet_matched,,,,{},not_in_protocol_coverage,False
guangzhou,24,1,9046,7001,center_tst,default,center_tst_default,,,,{},not_in_protocol_coverage,False
guangzhou,24,1,9046,7001,center_tst,matched,center_tst_matched,,,,{},not_in_protocol_coverage,False
guangzhou,24,1,9046,7001,degraded_patchtst,protocol,degraded_patchtst,0.1803902238607406,,experiments/results/guangzhou_horizon_coverage/24h_1h/station_9046/run_manifest.csv,{},checkpoint_missing,False
guangzhou,24,1,9046,7002,center_gru,default,center_gru_default,0.1766092032194137,/home/hansel/Documents/ITProject/Python/PatchTST/experiments/results/baselines/guangzhou/24h_1h/station_9046/checkpoints/center_gru_default_seed7002.pt,/home/hansel/Documents/ITProject/Python/PatchTST/experiments/results/baselines/guangzhou/24h_1h/station_9046/raw_metrics.csv,"{""hidden_size"": 100}",eligible,False
guangzhou,24,1,9046,7002,center_gru,matched,center_gru_matched,0.1761159151792526,/home/hansel/Documents/ITProject/Python/PatchTST/experiments/results/baselines/guangzhou/24h_1h/station_9046/checkpoints/center_gru_matched_seed7002.pt,/home/hansel/Documents/ITProject/Python/PatchTST/experiments/results/baselines/guangzhou/24h_1h/station_9046/raw_metrics.csv,"{""hidden_size"": 82}",eligible,True
guangzhou,24,1,9046,7002,center_lstm,default,center_lstm_default,,,,{},not_in_protocol_coverage,False
guangzhou,24,1,9046,7002,center_lstm,matched,center_lstm_matched,,,,{},not_in_protocol_coverage,False
guangzhou,24,1,9046,7002,center_tcn,default,center_tcn_default,,,,{},not_in_protocol_coverage,False
guangzhou,24,1,9046,7002,center_tcn,matched,center_tcn_matched,,,,{},not_in_protocol_coverage,False
guangzhou,24,1,9046,7002,center_mlp,default,center_mlp_default,,,,{},not_in_protocol_coverage,False
guangzhou,24,1,9046,7002,center_mlp,matched,center_mlp_matched,,,,{},not_in_protocol_coverage,False
guangzhou,24,1,9046,7002,center_resnet,default,center_resnet_default,,,,{},not_in_protocol_coverage,False
guangzhou,24,1,9046,7002,center_resnet,matched,center_resnet_matched,,,,{},not_in_protocol_coverage,False
guangzhou,24,1,9046,7002,center_tst,default,center_tst_default,,,,{},not_in_protocol_coverage,False
guangzhou,24,1,9046,7002,center_tst,matched,center_tst_matched,,,,{},not_in_protocol_coverage,False
guangzhou,24,1,9046,7002,degraded_patchtst,protocol,degraded_patchtst,0.1764184534549713,,experiments/results/guangzhou_horizon_coverage/24h_1h/station_9046/run_manifest.csv,{},checkpoint_missing,False
guangzhou,24,1,9046,7003,center_gru,default,center_gru_default,0.1775671392679214,/home/hansel/Documents/ITProject/Python/PatchTST/experiments/results/baselines/guangzhou/24h_1h/station_9046/checkpoints/center_gru_default_seed7003.pt,/home/hansel/Documents/ITProject/Python/PatchTST/experiments/results/baselines/guangzhou/24h_1h/station_9046/raw_metrics.csv,"{""hidden_size"": 100}",eligible,False
guangzhou,24,1,9046,7003,center_gru,matched,center_gru_matched,0.1760842651128769,/home/hansel/Documents/ITProject/Python/PatchTST/experiments/results/baselines/guangzhou/24h_1h/station_9046/checkpoints/center_gru_matched_seed7003.pt,/home/hansel/Documents/ITProject/Python/PatchTST/experiments/results/baselines/guangzhou/24h_1h/station_9046/raw_metrics.csv,"{""hidden_size"": 82}",eligible,True
guangzhou,24,1,9046,7003,center_lstm,default,center_lstm_default,,,,{},not_in_protocol_coverage,False
guangzhou,24,1,9046,7003,center_lstm,matched,center_lstm_matched,,,,{},not_in_protocol_coverage,False
guangzhou,24,1,9046,7003,center_tcn,default,center_tcn_default,,,,{},not_in_protocol_coverage,False
guangzhou,24,1,9046,7003,center_tcn,matched,center_tcn_matched,,,,{},not_in_protocol_coverage,False
guangzhou,24,1,9046,7003,center_mlp,default,center_mlp_default,,,,{},not_in_protocol_coverage,False
guangzhou,24,1,9046,7003,center_mlp,matched,center_mlp_matched,,,,{},not_in_protocol_coverage,False
guangzhou,24,1,9046,7003,center_resnet,default,center_resnet_default,,,,{},not_in_protocol_coverage,False
guangzhou,24,1,9046,7003,center_resnet,matched,center_resnet_matched,,,,{},not_in_protocol_coverage,False
guangzhou,24,1,9046,7003,center_tst,default,center_tst_default,,,,{},not_in_protocol_coverage,False
guangzhou,24,1,9046,7003,center_tst,matched,center_tst_matched,,,,{},not_in_protocol_coverage,False
guangzhou,24,1,9046,7003,degraded_patchtst,protocol,degraded_patchtst,0.1765661537647247,,experiments/results/guangzhou_horizon_coverage/24h_1h/station_9046/run_manifest.csv,{},checkpoint_missing,False
guangzhou,24,1,9020,7001,center_gru,default,center_gru_default,0.1133530214428901,/home/hansel/Documents/ITProject/Python/PatchTST/experiments/results/baselines/guangzhou/24h_1h/station_9020/checkpoints/center_gru_default_seed7001.pt,/home/hansel/Documents/ITProject/Python/PatchTST/experiments/results/baselines/guangzhou/24h_1h/station_9020/raw_metrics.csv,"{""hidden_size"": 100}",eligible,True
guangzhou,24,1,9020,7001,center_gru,matched,center_gru_matched,0.1149692013859748,/home/hansel/Documents/ITProject/Python/PatchTST/experiments/results/baselines/guangzhou/24h_1h/station_9020/checkpoints/center_gru_matched_seed7001.pt,/home/hansel/Documents/ITProject/Python/PatchTST/experiments/results/baselines/guangzhou/24h_1h/station_9020/raw_metrics.csv,"{""hidden_size"": 82}",eligible,False
guangzhou,24,1,9020,7001,center_lstm,default,center_lstm_default,,,,{},not_in_protocol_coverage,False
guangzhou,24,1,9020,7001,center_lstm,matched,center_lstm_matched,,,,{},not_in_protocol_coverage,False
guangzhou,24,1,9020,7001,center_tcn,default,center_tcn_default,,,,{},not_in_protocol_coverage,False
guangzhou,24,1,9020,7001,center_tcn,matched,center_tcn_matched,,,,{},not_in_protocol_coverage,False
guangzhou,24,1,9020,7001,center_mlp,default,center_mlp_default,,,,{},not_in_protocol_coverage,False
guangzhou,24,1,9020,7001,center_mlp,matched,center_mlp_matched,,,,{},not_in_protocol_coverage,False
guangzhou,24,1,9020,7001,center_resnet,default,center_resnet_default,,,,{},not_in_protocol_coverage,False
guangzhou,24,1,9020,7001,center_resnet,matched,center_resnet_matched,,,,{},not_in_protocol_coverage,False
guangzhou,24,1,9020,7001,center_tst,default,center_tst_default,,,,{},not_in_protocol_coverage,False
guangzhou,24,1,9020,7001,center_tst,matched,center_tst_matched,,,,{},not_in_protocol_coverage,False
guangzhou,24,1,9020,7001,degraded_patchtst,protocol,degraded_patchtst,0.1049083545804023,,experiments/results/guangzhou_horizon_coverage/24h_1h/station_9020/run_manifest.csv,{},checkpoint_missing,False
guangzhou,24,1,9020,7002,center_gru,default,center_gru_default,0.1109988093376159,/home/hansel/Documents/ITProject/Python/PatchTST/experiments/results/baselines/guangzhou/24h_1h/station_9020/checkpoints/center_gru_default_seed7002.pt,/home/hansel/Documents/ITProject/Python/PatchTST/experiments/results/baselines/guangzhou/24h_1h/station_9020/raw_metrics.csv,"{""hidden_size"": 100}",eligible,True
guangzhou,24,1,9020,7002,center_gru,matched,center_gru_matched,0.1126136034727096,/home/hansel/Documents/ITProject/Python/PatchTST/experiments/results/baselines/guangzhou/24h_1h/station_9020/checkpoints/center_gru_matched_seed7002.pt,/home/hansel/Documents/ITProject/Python/PatchTST/experiments/results/baselines/guangzhou/24h_1h/station_9020/raw_metrics.csv,"{""hidden_size"": 82}",eligible,False
guangzhou,24,1,9020,7002,center_lstm,default,center_lstm_default,,,,{},not_in_protocol_coverage,False
guangzhou,24,1,9020,7002,center_lstm,matched,center_lstm_matched,,,,{},not_in_protocol_coverage,False
guangzhou,24,1,9020,7002,center_tcn,default,center_tcn_default,,,,{},not_in_protocol_coverage,False
guangzhou,24,1,9020,7002,center_tcn,matched,center_tcn_matched,,,,{},not_in_protocol_coverage,False
guangzhou,24,1,9020,7002,center_mlp,default,center_mlp_default,,,,{},not_in_protocol_coverage,False
guangzhou,24,1,9020,7002,center_mlp,matched,center_mlp_matched,,,,{},not_in_protocol_coverage,False
guangzhou,24,1,9020,7002,center_resnet,default,center_resnet_default,,,,{},not_in_protocol_coverage,False
guangzhou,24,1,9020,7002,center_resnet,matched,center_resnet_matched,,,,{},not_in_protocol_coverage,False
guangzhou,24,1,9020,7002,center_tst,default,center_tst_default,,,,{},not_in_protocol_coverage,False
guangzhou,24,1,9020,7002,center_tst,matched,center_tst_matched,,,,{},not_in_protocol_coverage,False
guangzhou,24,1,9020,7002,degraded_patchtst,protocol,degraded_patchtst,0.1056669875979423,,experiments/results/guangzhou_horizon_coverage/24h_1h/station_9020/run_manifest.csv,{},checkpoint_missing,False
guangzhou,24,1,9020,7003,center_gru,default,center_gru_default,0.1067766547203064,/home/hansel/Documents/ITProject/Python/PatchTST/experiments/results/baselines/guangzhou/24h_1h/station_9020/checkpoints/center_gru_default_seed7003.pt,/home/hansel/Documents/ITProject/Python/PatchTST/experiments/results/baselines/guangzhou/24h_1h/station_9020/raw_metrics.csv,"{""hidden_size"": 100}",eligible,True
guangzhou,24,1,9020,7003,center_gru,matched,center_gru_matched,0.1091704592108726,/home/hansel/Documents/ITProject/Python/PatchTST/experiments/results/baselines/guangzhou/24h_1h/station_9020/checkpoints/center_gru_matched_seed7003.pt,/home/hansel/Documents/ITProject/Python/PatchTST/experiments/results/baselines/guangzhou/24h_1h/station_9020/raw_metrics.csv,"{""hidden_size"": 82}",eligible,False
guangzhou,24,1,9020,7003,center_lstm,default,center_lstm_default,,,,{},not_in_protocol_coverage,False
guangzhou,24,1,9020,7003,center_lstm,matched,center_lstm_matched,,,,{},not_in_protocol_coverage,False
guangzhou,24,1,9020,7003,center_tcn,default,center_tcn_default,,,,{},not_in_protocol_coverage,False
guangzhou,24,1,9020,7003,center_tcn,matched,center_tcn_matched,,,,{},not_in_protocol_coverage,False
guangzhou,24,1,9020,7003,center_mlp,default,center_mlp_default,,,,{},not_in_protocol_coverage,False
guangzhou,24,1,9020,7003,center_mlp,matched,center_mlp_matched,,,,{},not_in_protocol_coverage,False
guangzhou,24,1,9020,7003,center_resnet,default,center_resnet_default,,,,{},not_in_protocol_coverage,False
guangzhou,24,1,9020,7003,center_resnet,matched,center_resnet_matched,,,,{},not_in_protocol_coverage,False
guangzhou,24,1,9020,7003,center_tst,default,center_tst_default,,,,{},not_in_protocol_coverage,False
guangzhou,24,1,9020,7003,center_tst,matched,center_tst_matched,,,,{},not_in_protocol_coverage,False
guangzhou,24,1,9020,7003,degraded_patchtst,protocol,degraded_patchtst,0.1080544143915176,,experiments/results/guangzhou_horizon_coverage/24h_1h/station_9020/run_manifest.csv,{},checkpoint_missing,False
guangzhou,24,1,9038,7001,center_gru,default,center_gru_default,0.1158734336495399,/home/hansel/Documents/ITProject/Python/PatchTST/experiments/results/baselines/guangzhou/24h_1h/station_9038/checkpoints/center_gru_default_seed7001.pt,/home/hansel/Documents/ITProject/Python/PatchTST/experiments/results/baselines/guangzhou/24h_1h/station_9038/raw_metrics.csv,"{""hidden_size"": 100}",eligible,True
guangzhou,24,1,9038,7001,center_gru,matched,center_gru_matched,0.1185569912195205,/home/hansel/Documents/ITProject/Python/PatchTST/experiments/results/baselines/guangzhou/24h_1h/station_9038/checkpoints/center_gru_matched_seed7001.pt,/home/hansel/Documents/ITProject/Python/PatchTST/experiments/results/baselines/guangzhou/24h_1h/station_9038/raw_metrics.csv,"{""hidden_size"": 82}",eligible,False
guangzhou,24,1,9038,7001,center_lstm,default,center_lstm_default,,,,{},not_in_protocol_coverage,False
guangzhou,24,1,9038,7001,center_lstm,matched,center_lstm_matched,,,,{},not_in_protocol_coverage,False
guangzhou,24,1,9038,7001,center_tcn,default,center_tcn_default,,,,{},not_in_protocol_coverage,False
guangzhou,24,1,9038,7001,center_tcn,matched,center_tcn_matched,,,,{},not_in_protocol_coverage,False
guangzhou,24,1,9038,7001,center_mlp,default,center_mlp_default,,,,{},not_in_protocol_coverage,False
guangzhou,24,1,9038,7001,center_mlp,matched,center_mlp_matched,,,,{},not_in_protocol_coverage,False
guangzhou,24,1,9038,7001,center_resnet,default,center_resnet_default,,,,{},not_in_protocol_coverage,False
guangzhou,24,1,9038,7001,center_resnet,matched,center_resnet_matched,,,,{},not_in_protocol_coverage,False
guangzhou,24,1,9038,7001,center_tst,default,center_tst_default,,,,{},not_in_protocol_coverage,False
guangzhou,24,1,9038,7001,center_tst,matched,center_tst_matched,,,,{},not_in_protocol_coverage,False
guangzhou,24,1,9038,7001,degraded_patchtst,protocol,degraded_patchtst,0.1107699498534202,,experiments/results/guangzhou_horizon_coverage/24h_1h/station_9038/run_manifest.csv,{},checkpoint_missing,False
guangzhou,24,1,9038,7002,center_gru,default,center_gru_default,0.1150690913200378,/home/hansel/Documents/ITProject/Python/PatchTST/experiments/results/baselines/guangzhou/24h_1h/station_9038/checkpoints/center_gru_default_seed7002.pt,/home/hansel/Documents/ITProject/Python/PatchTST/experiments/results/baselines/guangzhou/24h_1h/station_9038/raw_metrics.csv,"{""hidden_size"": 100}",eligible,True
guangzhou,24,1,9038,7002,center_gru,matched,center_gru_matched,0.1194156929850578,/home/hansel/Documents/ITProject/Python/PatchTST/experiments/results/baselines/guangzhou/24h_1h/station_9038/checkpoints/center_gru_matched_seed7002.pt,/home/hansel/Documents/ITProject/Python/PatchTST/experiments/results/baselines/guangzhou/24h_1h/station_9038/raw_metrics.csv,"{""hidden_size"": 82}",eligible,False
guangzhou,24,1,9038,7002,center_lstm,default,center_lstm_default,,,,{},not_in_protocol_coverage,False
guangzhou,24,1,9038,7002,center_lstm,matched,center_lstm_matched,,,,{},not_in_protocol_coverage,False
guangzhou,24,1,9038,7002,center_tcn,default,center_tcn_default,,,,{},not_in_protocol_coverage,False
guangzhou,24,1,9038,7002,center_tcn,matched,center_tcn_matched,,,,{},not_in_protocol_coverage,False
guangzhou,24,1,9038,7002,center_mlp,default,center_mlp_default,,,,{},not_in_protocol_coverage,False
guangzhou,24,1,9038,7002,center_mlp,matched,center_mlp_matched,,,,{},not_in_protocol_coverage,False
guangzhou,24,1,9038,7002,center_resnet,default,center_resnet_default,,,,{},not_in_protocol_coverage,False
guangzhou,24,1,9038,7002,center_resnet,matched,center_resnet_matched,,,,{},not_in_protocol_coverage,False
guangzhou,24,1,9038,7002,center_tst,default,center_tst_default,,,,{},not_in_protocol_coverage,False
guangzhou,24,1,9038,7002,center_tst,matched,center_tst_matched,,,,{},not_in_protocol_coverage,False
guangzhou,24,1,9038,7002,degraded_patchtst,protocol,degraded_patchtst,0.1117372140288353,,experiments/results/guangzhou_horizon_coverage/24h_1h/station_9038/run_manifest.csv,{},checkpoint_missing,False
guangzhou,24,1,9038,7003,center_gru,default,center_gru_default,0.1159128621220588,/home/hansel/Documents/ITProject/Python/PatchTST/experiments/results/baselines/guangzhou/24h_1h/station_9038/checkpoints/center_gru_default_seed7003.pt,/home/hansel/Documents/ITProject/Python/PatchTST/experiments/results/baselines/guangzhou/24h_1h/station_9038/raw_metrics.csv,"{""hidden_size"": 100}",eligible,True
guangzhou,24,1,9038,7003,center_gru,matched,center_gru_matched,0.116636574268341,/home/hansel/Documents/ITProject/Python/PatchTST/experiments/results/baselines/guangzhou/24h_1h/station_9038/checkpoints/center_gru_matched_seed7003.pt,/home/hansel/Documents/ITProject/Python/PatchTST/experiments/results/baselines/guangzhou/24h_1h/station_9038/raw_metrics.csv,"{""hidden_size"": 82}",eligible,False
guangzhou,24,1,9038,7003,center_lstm,default,center_lstm_default,,,,{},not_in_protocol_coverage,False
guangzhou,24,1,9038,7003,center_lstm,matched,center_lstm_matched,,,,{},not_in_protocol_coverage,False
guangzhou,24,1,9038,7003,center_tcn,default,center_tcn_default,,,,{},not_in_protocol_coverage,False
guangzhou,24,1,9038,7003,center_tcn,matched,center_tcn_matched,,,,{},not_in_protocol_coverage,False
guangzhou,24,1,9038,7003,center_mlp,default,center_mlp_default,,,,{},not_in_protocol_coverage,False
guangzhou,24,1,9038,7003,center_mlp,matched,center_mlp_matched,,,,{},not_in_protocol_coverage,False
guangzhou,24,1,9038,7003,center_resnet,default,center_resnet_default,,,,{},not_in_protocol_coverage,False
guangzhou,24,1,9038,7003,center_resnet,matched,center_resnet_matched,,,,{},not_in_protocol_coverage,False
guangzhou,24,1,9038,7003,center_tst,default,center_tst_default,,,,{},not_in_protocol_coverage,False
guangzhou,24,1,9038,7003,center_tst,matched,center_tst_matched,,,,{},not_in_protocol_coverage,False
guangzhou,24,1,9038,7003,degraded_patchtst,protocol,degraded_patchtst,0.1105239391326904,,experiments/results/guangzhou_horizon_coverage/24h_1h/station_9038/run_manifest.csv,{},checkpoint_missing,False
guangzhou,24,1,9032,7001,center_gru,default,center_gru_default,,/home/hansel/Documents/ITProject/Python/PatchTST/experiments/results/baselines/guangzhou/24h_1h/station_9032/checkpoints/center_gru_default_seed7001.pt,/home/hansel/Documents/ITProject/Python/PatchTST/experiments/results/baselines/guangzhou/24h_1h/station_9032/raw_metrics.csv,"{""hidden_size"": 100}",source_nonfinite,False
guangzhou,24,1,9032,7001,center_gru,matched,center_gru_matched,0.1237156316637992,/home/hansel/Documents/ITProject/Python/PatchTST/experiments/results/baselines/guangzhou/24h_1h/station_9032/checkpoints/center_gru_matched_seed7001.pt,/home/hansel/Documents/ITProject/Python/PatchTST/experiments/results/baselines/guangzhou/24h_1h/station_9032/raw_metrics.csv,"{""hidden_size"": 82}",eligible,True
guangzhou,24,1,9032,7001,center_lstm,default,center_lstm_default,,,,{},not_in_protocol_coverage,False
guangzhou,24,1,9032,7001,center_lstm,matched,center_lstm_matched,,,,{},not_in_protocol_coverage,False
guangzhou,24,1,9032,7001,center_tcn,default,center_tcn_default,,,,{},not_in_protocol_coverage,False
guangzhou,24,1,9032,7001,center_tcn,matched,center_tcn_matched,,,,{},not_in_protocol_coverage,False
guangzhou,24,1,9032,7001,center_mlp,default,center_mlp_default,,,,{},not_in_protocol_coverage,False
guangzhou,24,1,9032,7001,center_mlp,matched,center_mlp_matched,,,,{},not_in_protocol_coverage,False
guangzhou,24,1,9032,7001,center_resnet,default,center_resnet_default,,,,{},not_in_protocol_coverage,False
guangzhou,24,1,9032,7001,center_resnet,matched,center_resnet_matched,,,,{},not_in_protocol_coverage,False
guangzhou,24,1,9032,7001,center_tst,default,center_tst_default,,,,{},not_in_protocol_coverage,False
guangzhou,24,1,9032,7001,center_tst,matched,center_tst_matched,,,,{},not_in_protocol_coverage,False
guangzhou,24,1,9032,7001,degraded_patchtst,protocol,degraded_patchtst,0.134647324681282,,experiments/results/guangzhou_horizon_coverage/24h_1h/station_9032/run_manifest.csv,{},checkpoint_missing,False
guangzhou,24,1,9032,7002,center_gru,default,center_gru_default,0.2226514518260955,/home/hansel/Documents/ITProject/Python/PatchTST/experiments/results/baselines/guangzhou/24h_1h/station_9032/checkpoints/center_gru_default_seed7002.pt,/home/hansel/Documents/ITProject/Python/PatchTST/experiments/results/baselines/guangzhou/24h_1h/station_9032/raw_metrics.csv,"{""hidden_size"": 100}",eligible,False
guangzhou,24,1,9032,7002,center_gru,matched,center_gru_matched,0.1232400462031364,/home/hansel/Documents/ITProject/Python/PatchTST/experiments/results/baselines/guangzhou/24h_1h/station_9032/checkpoints/center_gru_matched_seed7002.pt,/home/hansel/Documents/ITProject/Python/PatchTST/experiments/results/baselines/guangzhou/24h_1h/station_9032/raw_metrics.csv,"{""hidden_size"": 82}",eligible,True
guangzhou,24,1,9032,7002,center_lstm,default,center_lstm_default,,,,{},not_in_protocol_coverage,False
guangzhou,24,1,9032,7002,center_lstm,matched,center_lstm_matched,,,,{},not_in_protocol_coverage,False
guangzhou,24,1,9032,7002,center_tcn,default,center_tcn_default,,,,{},not_in_protocol_coverage,False
guangzhou,24,1,9032,7002,center_tcn,matched,center_tcn_matched,,,,{},not_in_protocol_coverage,False
guangzhou,24,1,9032,7002,center_mlp,default,center_mlp_default,,,,{},not_in_protocol_coverage,False
guangzhou,24,1,9032,7002,center_mlp,matched,center_mlp_matched,,,,{},not_in_protocol_coverage,False
guangzhou,24,1,9032,7002,center_resnet,default,center_resnet_default,,,,{},not_in_protocol_coverage,False
guangzhou,24,1,9032,7002,center_resnet,matched,center_resnet_matched,,,,{},not_in_protocol_coverage,False
guangzhou,24,1,9032,7002,center_tst,default,center_tst_default,,,,{},not_in_protocol_coverage,False
guangzhou,24,1,9032,7002,center_tst,matched,center_tst_matched,,,,{},not_in_protocol_coverage,False
guangzhou,24,1,9032,7002,degraded_patchtst,protocol,degraded_patchtst,0.1273465454578399,,experiments/results/guangzhou_horizon_coverage/24h_1h/station_9032/run_manifest.csv,{},checkpoint_missing,False
guangzhou,24,1,9032,7003,center_gru,default,center_gru_default,0.1227863952517509,/home/hansel/Documents/ITProject/Python/PatchTST/experiments/results/baselines/guangzhou/24h_1h/station_9032/checkpoints/center_gru_default_seed7003.pt,/home/hansel/Documents/ITProject/Python/PatchTST/experiments/results/baselines/guangzhou/24h_1h/station_9032/raw_metrics.csv,"{""hidden_size"": 100}",eligible,True
guangzhou,24,1,9032,7003,center_gru,matched,center_gru_matched,0.1229718178510665,/home/hansel/Documents/ITProject/Python/PatchTST/experiments/results/baselines/guangzhou/24h_1h/station_9032/checkpoints/center_gru_matched_seed7003.pt,/home/hansel/Documents/ITProject/Python/PatchTST/experiments/results/baselines/guangzhou/24h_1h/station_9032/raw_metrics.csv,"{""hidden_size"": 82}",eligible,False
guangzhou,24,1,9032,7003,center_lstm,default,center_lstm_default,,,,{},not_in_protocol_coverage,False
guangzhou,24,1,9032,7003,center_lstm,matched,center_lstm_matched,,,,{},not_in_protocol_coverage,False
guangzhou,24,1,9032,7003,center_tcn,default,center_tcn_default,,,,{},not_in_protocol_coverage,False
guangzhou,24,1,9032,7003,center_tcn,matched,center_tcn_matched,,,,{},not_in_protocol_coverage,False
guangzhou,24,1,9032,7003,center_mlp,default,center_mlp_default,,,,{},not_in_protocol_coverage,False
guangzhou,24,1,9032,7003,center_mlp,matched,center_mlp_matched,,,,{},not_in_protocol_coverage,False
guangzhou,24,1,9032,7003,center_resnet,default,center_resnet_default,,,,{},not_in_protocol_coverage,False
guangzhou,24,1,9032,7003,center_resnet,matched,center_resnet_matched,,,,{},not_in_protocol_coverage,False
guangzhou,24,1,9032,7003,center_tst,default,center_tst_default,,,,{},not_in_protocol_coverage,False
guangzhou,24,1,9032,7003,center_tst,matched,center_tst_matched,,,,{},not_in_protocol_coverage,False
guangzhou,24,1,9032,7003,degraded_patchtst,protocol,degraded_patchtst,0.1273307502269745,,experiments/results/guangzhou_horizon_coverage/24h_1h/station_9032/run_manifest.csv,{},checkpoint_missing,False
guangzhou,24,1,9045,7001,center_gru,default,center_gru_default,0.1265025287866592,/home/hansel/Documents/ITProject/Python/PatchTST/experiments/results/baselines/guangzhou/24h_1h/station_9045/checkpoints/center_gru_default_seed7001.pt,/home/hansel/Documents/ITProject/Python/PatchTST/experiments/results/baselines/guangzhou/24h_1h/station_9045/raw_metrics.csv,"{""hidden_size"": 100}",eligible,True
guangzhou,24,1,9045,7001,center_gru,matched,center_gru_matched,0.1277587562799453,/home/hansel/Documents/ITProject/Python/PatchTST/experiments/results/baselines/guangzhou/24h_1h/station_9045/checkpoints/center_gru_matched_seed7001.pt,/home/hansel/Documents/ITProject/Python/PatchTST/experiments/results/baselines/guangzhou/24h_1h/station_9045/raw_metrics.csv,"{""hidden_size"": 82}",eligible,False
guangzhou,24,1,9045,7001,center_lstm,default,center_lstm_default,,,,{},not_in_protocol_coverage,False
guangzhou,24,1,9045,7001,center_lstm,matched,center_lstm_matched,,,,{},not_in_protocol_coverage,False
guangzhou,24,1,9045,7001,center_tcn,default,center_tcn_default,,,,{},not_in_protocol_coverage,False
guangzhou,24,1,9045,7001,center_tcn,matched,center_tcn_matched,,,,{},not_in_protocol_coverage,False
guangzhou,24,1,9045,7001,center_mlp,default,center_mlp_default,,,,{},not_in_protocol_coverage,False
guangzhou,24,1,9045,7001,center_mlp,matched,center_mlp_matched,,,,{},not_in_protocol_coverage,False
guangzhou,24,1,9045,7001,center_resnet,default,center_resnet_default,,,,{},not_in_protocol_coverage,False
guangzhou,24,1,9045,7001,center_resnet,matched,center_resnet_matched,,,,{},not_in_protocol_coverage,False
guangzhou,24,1,9045,7001,center_tst,default,center_tst_default,,,,{},not_in_protocol_coverage,False
guangzhou,24,1,9045,7001,center_tst,matched,center_tst_matched,,,,{},not_in_protocol_coverage,False
guangzhou,24,1,9045,7001,degraded_patchtst,protocol,degraded_patchtst,0.1232946813106536,,experiments/results/guangzhou_horizon_coverage/24h_1h/station_9045/run_manifest.csv,{},checkpoint_missing,False
guangzhou,24,1,9045,7002,center_gru,default,center_gru_default,0.1243701800704002,/home/hansel/Documents/ITProject/Python/PatchTST/experiments/results/baselines/guangzhou/24h_1h/station_9045/checkpoints/center_gru_default_seed7002.pt,/home/hansel/Documents/ITProject/Python/PatchTST/experiments/results/baselines/guangzhou/24h_1h/station_9045/raw_metrics.csv,"{""hidden_size"": 100}",eligible,True
guangzhou,24,1,9045,7002,center_gru,matched,center_gru_matched,0.1267482489347458,/home/hansel/Documents/ITProject/Python/PatchTST/experiments/results/baselines/guangzhou/24h_1h/station_9045/checkpoints/center_gru_matched_seed7002.pt,/home/hansel/Documents/ITProject/Python/PatchTST/experiments/results/baselines/guangzhou/24h_1h/station_9045/raw_metrics.csv,"{""hidden_size"": 82}",eligible,False
guangzhou,24,1,9045,7002,center_lstm,default,center_lstm_default,,,,{},not_in_protocol_coverage,False
guangzhou,24,1,9045,7002,center_lstm,matched,center_lstm_matched,,,,{},not_in_protocol_coverage,False
guangzhou,24,1,9045,7002,center_tcn,default,center_tcn_default,,,,{},not_in_protocol_coverage,False
guangzhou,24,1,9045,7002,center_tcn,matched,center_tcn_matched,,,,{},not_in_protocol_coverage,False
guangzhou,24,1,9045,7002,center_mlp,default,center_mlp_default,,,,{},not_in_protocol_coverage,False
guangzhou,24,1,9045,7002,center_mlp,matched,center_mlp_matched,,,,{},not_in_protocol_coverage,False
guangzhou,24,1,9045,7002,center_resnet,default,center_resnet_default,,,,{},not_in_protocol_coverage,False
guangzhou,24,1,9045,7002,center_resnet,matched,center_resnet_matched,,,,{},not_in_protocol_coverage,False
guangzhou,24,1,9045,7002,center_tst,default,center_tst_default,,,,{},not_in_protocol_coverage,False
guangzhou,24,1,9045,7002,center_tst,matched,center_tst_matched,,,,{},not_in_protocol_coverage,False
guangzhou,24,1,9045,7002,degraded_patchtst,protocol,degraded_patchtst,0.1252874135971069,,experiments/results/guangzhou_horizon_coverage/24h_1h/station_9045/run_manifest.csv,{},checkpoint_missing,False
guangzhou,24,1,9045,7003,center_gru,default,center_gru_default,0.1252006888389587,/home/hansel/Documents/ITProject/Python/PatchTST/experiments/results/baselines/guangzhou/24h_1h/station_9045/checkpoints/center_gru_default_seed7003.pt,/home/hansel/Documents/ITProject/Python/PatchTST/experiments/results/baselines/guangzhou/24h_1h/station_9045/raw_metrics.csv,"{""hidden_size"": 100}",eligible,True
guangzhou,24,1,9045,7003,center_gru,matched,center_gru_matched,0.1257527321577072,/home/hansel/Documents/ITProject/Python/PatchTST/experiments/results/baselines/guangzhou/24h_1h/station_9045/checkpoints/center_gru_matched_seed7003.pt,/home/hansel/Documents/ITProject/Python/PatchTST/experiments/results/baselines/guangzhou/24h_1h/station_9045/raw_metrics.csv,"{""hidden_size"": 82}",eligible,False
guangzhou,24,1,9045,7003,center_lstm,default,center_lstm_default,,,,{},not_in_protocol_coverage,False
guangzhou,24,1,9045,7003,center_lstm,matched,center_lstm_matched,,,,{},not_in_protocol_coverage,False
guangzhou,24,1,9045,7003,center_tcn,default,center_tcn_default,,,,{},not_in_protocol_coverage,False
guangzhou,24,1,9045,7003,center_tcn,matched,center_tcn_matched,,,,{},not_in_protocol_coverage,False
guangzhou,24,1,9045,7003,center_mlp,default,center_mlp_default,,,,{},not_in_protocol_coverage,False
guangzhou,24,1,9045,7003,center_mlp,matched,center_mlp_matched,,,,{},not_in_protocol_coverage,False
guangzhou,24,1,9045,7003,center_resnet,default,center_resnet_default,,,,{},not_in_protocol_coverage,False
guangzhou,24,1,9045,7003,center_resnet,matched,center_resnet_matched,,,,{},not_in_protocol_coverage,False
guangzhou,24,1,9045,7003,center_tst,default,center_tst_default,,,,{},not_in_protocol_coverage,False
guangzhou,24,1,9045,7003,center_tst,matched,center_tst_matched,,,,{},not_in_protocol_coverage,False
guangzhou,24,1,9045,7003,degraded_patchtst,protocol,degraded_patchtst,0.1277035772800445,,experiments/results/guangzhou_horizon_coverage/24h_1h/station_9045/run_manifest.csv,{},checkpoint_missing,False
guangzhou,168,6,9026,7001,center_gru,default,center_gru_default,1.379056692123413,/home/hansel/Documents/ITProject/Python/PatchTST/experiments/results/baselines/guangzhou/168h_6h/station_9026/checkpoints/center_gru_default_seed7001.pt,/home/hansel/Documents/ITProject/Python/PatchTST/experiments/results/baselines/guangzhou/168h_6h/station_9026/raw_metrics.csv,"{""hidden_size"": 100}",eligible,False
guangzhou,168,6,9026,7001,center_gru,matched,center_gru_matched,0.80890953540802,/home/hansel/Documents/ITProject/Python/PatchTST/experiments/results/baselines/guangzhou/168h_6h/station_9026/checkpoints/center_gru_matched_seed7001.pt,/home/hansel/Documents/ITProject/Python/PatchTST/experiments/results/baselines/guangzhou/168h_6h/station_9026/raw_metrics.csv,"{""hidden_size"": 82}",eligible,True
guangzhou,168,6,9026,7001,center_lstm,default,center_lstm_default,,,,{},not_in_protocol_coverage,False
guangzhou,168,6,9026,7001,center_lstm,matched,center_lstm_matched,,,,{},not_in_protocol_coverage,False
guangzhou,168,6,9026,7001,center_tcn,default,center_tcn_default,,,,{},not_in_protocol_coverage,False
guangzhou,168,6,9026,7001,center_tcn,matched,center_tcn_matched,,,,{},not_in_protocol_coverage,False
guangzhou,168,6,9026,7001,center_mlp,default,center_mlp_default,,,,{},not_in_protocol_coverage,False
guangzhou,168,6,9026,7001,center_mlp,matched,center_mlp_matched,,,,{},not_in_protocol_coverage,False
guangzhou,168,6,9026,7001,center_resnet,default,center_resnet_default,,,,{},not_in_protocol_coverage,False
guangzhou,168,6,9026,7001,center_resnet,matched,center_resnet_matched,,,,{},not_in_protocol_coverage,False
guangzhou,168,6,9026,7001,center_tst,default,center_tst_default,,,,{},not_in_protocol_coverage,False
guangzhou,168,6,9026,7001,center_tst,matched,center_tst_matched,,,,{},not_in_protocol_coverage,False
guangzhou,168,6,9026,7001,degraded_patchtst,protocol,degraded_patchtst,0.610658586025238,,experiments/results/guangzhou_horizon_coverage/168h_6h/station_9026/run_manifest.csv,{},checkpoint_missing,False
guangzhou,168,6,9026,7002,center_gru,default,center_gru_default,,/home/hansel/Documents/ITProject/Python/PatchTST/experiments/results/baselines/guangzhou/168h_6h/station_9026/checkpoints/center_gru_default_seed7002.pt,/home/hansel/Documents/ITProject/Python/PatchTST/experiments/results/baselines/guangzhou/168h_6h/station_9026/raw_metrics.csv,"{""hidden_size"": 100}",source_nonfinite,False
guangzhou,168,6,9026,7002,center_gru,matched,center_gru_matched,0.6862233281135559,/home/hansel/Documents/ITProject/Python/PatchTST/experiments/results/baselines/guangzhou/168h_6h/station_9026/checkpoints/center_gru_matched_seed7002.pt,/home/hansel/Documents/ITProject/Python/PatchTST/experiments/results/baselines/guangzhou/168h_6h/station_9026/raw_metrics.csv,"{""hidden_size"": 82}",eligible,True
guangzhou,168,6,9026,7002,center_lstm,default,center_lstm_default,,,,{},not_in_protocol_coverage,False
guangzhou,168,6,9026,7002,center_lstm,matched,center_lstm_matched,,,,{},not_in_protocol_coverage,False
guangzhou,168,6,9026,7002,center_tcn,default,center_tcn_default,,,,{},not_in_protocol_coverage,False
guangzhou,168,6,9026,7002,center_tcn,matched,center_tcn_matched,,,,{},not_in_protocol_coverage,False
guangzhou,168,6,9026,7002,center_mlp,default,center_mlp_default,,,,{},not_in_protocol_coverage,False
guangzhou,168,6,9026,7002,center_mlp,matched,center_mlp_matched,,,,{},not_in_protocol_coverage,False
guangzhou,168,6,9026,7002,center_resnet,default,center_resnet_default,,,,{},not_in_protocol_coverage,False
guangzhou,168,6,9026,7002,center_resnet,matched,center_resnet_matched,,,,{},not_in_protocol_coverage,False
guangzhou,168,6,9026,7002,center_tst,default,center_tst_default,,,,{},not_in_protocol_coverage,False
guangzhou,168,6,9026,7002,center_tst,matched,center_tst_matched,,,,{},not_in_protocol_coverage,False
guangzhou,168,6,9026,7002,degraded_patchtst,protocol,degraded_patchtst,0.6192465424537659,,experiments/results/guangzhou_horizon_coverage/168h_6h/station_9026/run_manifest.csv,{},checkpoint_missing,False
guangzhou,168,6,9026,7003,center_gru,default,center_gru_default,1.140791893005371,/home/hansel/Documents/ITProject/Python/PatchTST/experiments/results/baselines/guangzhou/168h_6h/station_9026/checkpoints/center_gru_default_seed7003.pt,/home/hansel/Documents/ITProject/Python/PatchTST/experiments/results/baselines/guangzhou/168h_6h/station_9026/raw_metrics.csv,"{""hidden_size"": 100}",eligible,False
guangzhou,168,6,9026,7003,center_gru,matched,center_gru_matched,0.7840021252632141,/home/hansel/Documents/ITProject/Python/PatchTST/experiments/results/baselines/guangzhou/168h_6h/station_9026/checkpoints/center_gru_matched_seed7003.pt,/home/hansel/Documents/ITProject/Python/PatchTST/experiments/results/baselines/guangzhou/168h_6h/station_9026/raw_metrics.csv,"{""hidden_size"": 82}",eligible,True
guangzhou,168,6,9026,7003,center_lstm,default,center_lstm_default,,,,{},not_in_protocol_coverage,False
guangzhou,168,6,9026,7003,center_lstm,matched,center_lstm_matched,,,,{},not_in_protocol_coverage,False
guangzhou,168,6,9026,7003,center_tcn,default,center_tcn_default,,,,{},not_in_protocol_coverage,False
guangzhou,168,6,9026,7003,center_tcn,matched,center_tcn_matched,,,,{},not_in_protocol_coverage,False
guangzhou,168,6,9026,7003,center_mlp,default,center_mlp_default,,,,{},not_in_protocol_coverage,False
guangzhou,168,6,9026,7003,center_mlp,matched,center_mlp_matched,,,,{},not_in_protocol_coverage,False
guangzhou,168,6,9026,7003,center_resnet,default,center_resnet_default,,,,{},not_in_protocol_coverage,False
guangzhou,168,6,9026,7003,center_resnet,matched,center_resnet_matched,,,,{},not_in_protocol_coverage,False
guangzhou,168,6,9026,7003,center_tst,default,center_tst_default,,,,{},not_in_protocol_coverage,False
guangzhou,168,6,9026,7003,center_tst,matched,center_tst_matched,,,,{},not_in_protocol_coverage,False
guangzhou,168,6,9026,7003,degraded_patchtst,protocol,degraded_patchtst,0.6345465183258057,,experiments/results/guangzhou_horizon_coverage/168h_6h/station_9026/run_manifest.csv,{},checkpoint_missing,False
guangzhou,168,6,9039,7001,center_gru,default,center_gru_default,,/home/hansel/Documents/ITProject/Python/PatchTST/experiments/results/baselines/guangzhou/168h_6h/station_9039/checkpoints/center_gru_default_seed7001.pt,/home/hansel/Documents/ITProject/Python/PatchTST/experiments/results/baselines/guangzhou/168h_6h/station_9039/raw_metrics.csv,"{""hidden_size"": 100}",source_nonfinite,False
guangzhou,168,6,9039,7001,center_gru,matched,center_gru_matched,0.6085700988769531,/home/hansel/Documents/ITProject/Python/PatchTST/experiments/results/baselines/guangzhou/168h_6h/station_9039/checkpoints/center_gru_matched_seed7001.pt,/home/hansel/Documents/ITProject/Python/PatchTST/experiments/results/baselines/guangzhou/168h_6h/station_9039/raw_metrics.csv,"{""hidden_size"": 82}",eligible,True
guangzhou,168,6,9039,7001,center_lstm,default,center_lstm_default,,,,{},not_in_protocol_coverage,False
guangzhou,168,6,9039,7001,center_lstm,matched,center_lstm_matched,,,,{},not_in_protocol_coverage,False
guangzhou,168,6,9039,7001,center_tcn,default,center_tcn_default,,,,{},not_in_protocol_coverage,False
guangzhou,168,6,9039,7001,center_tcn,matched,center_tcn_matched,,,,{},not_in_protocol_coverage,False
guangzhou,168,6,9039,7001,center_mlp,default,center_mlp_default,,,,{},not_in_protocol_coverage,False
guangzhou,168,6,9039,7001,center_mlp,matched,center_mlp_matched,,,,{},not_in_protocol_coverage,False
guangzhou,168,6,9039,7001,center_resnet,default,center_resnet_default,,,,{},not_in_protocol_coverage,False
guangzhou,168,6,9039,7001,center_resnet,matched,center_resnet_matched,,,,{},not_in_protocol_coverage,False
guangzhou,168,6,9039,7001,center_tst,default,center_tst_default,,,,{},not_in_protocol_coverage,False
guangzhou,168,6,9039,7001,center_tst,matched,center_tst_matched,,,,{},not_in_protocol_coverage,False
guangzhou,168,6,9039,7001,degraded_patchtst,protocol,degraded_patchtst,0.4796664416790008,,experiments/results/guangzhou_horizon_coverage/168h_6h/station_9039/run_manifest.csv,{},checkpoint_missing,False
guangzhou,168,6,9039,7002,center_gru,default,center_gru_default,,/home/hansel/Documents/ITProject/Python/PatchTST/experiments/results/baselines/guangzhou/168h_6h/station_9039/checkpoints/center_gru_default_seed7002.pt,/home/hansel/Documents/ITProject/Python/PatchTST/experiments/results/baselines/guangzhou/168h_6h/station_9039/raw_metrics.csv,"{""hidden_size"": 100}",source_nonfinite,False
guangzhou,168,6,9039,7002,center_gru,matched,center_gru_matched,0.6013967394828796,/home/hansel/Documents/ITProject/Python/PatchTST/experiments/results/baselines/guangzhou/168h_6h/station_9039/checkpoints/center_gru_matched_seed7002.pt,/home/hansel/Documents/ITProject/Python/PatchTST/experiments/results/baselines/guangzhou/168h_6h/station_9039/raw_metrics.csv,"{""hidden_size"": 82}",eligible,True
guangzhou,168,6,9039,7002,center_lstm,default,center_lstm_default,,,,{},not_in_protocol_coverage,False
guangzhou,168,6,9039,7002,center_lstm,matched,center_lstm_matched,,,,{},not_in_protocol_coverage,False
guangzhou,168,6,9039,7002,center_tcn,default,center_tcn_default,,,,{},not_in_protocol_coverage,False
guangzhou,168,6,9039,7002,center_tcn,matched,center_tcn_matched,,,,{},not_in_protocol_coverage,False
guangzhou,168,6,9039,7002,center_mlp,default,center_mlp_default,,,,{},not_in_protocol_coverage,False
guangzhou,168,6,9039,7002,center_mlp,matched,center_mlp_matched,,,,{},not_in_protocol_coverage,False
guangzhou,168,6,9039,7002,center_resnet,default,center_resnet_default,,,,{},not_in_protocol_coverage,False
guangzhou,168,6,9039,7002,center_resnet,matched,center_resnet_matched,,,,{},not_in_protocol_coverage,False
guangzhou,168,6,9039,7002,center_tst,default,center_tst_default,,,,{},not_in_protocol_coverage,False
guangzhou,168,6,9039,7002,center_tst,matched,center_tst_matched,,,,{},not_in_protocol_coverage,False
guangzhou,168,6,9039,7002,degraded_patchtst,protocol,degraded_patchtst,0.4418780207633972,,experiments/results/guangzhou_horizon_coverage/168h_6h/station_9039/run_manifest.csv,{},checkpoint_missing,False
guangzhou,168,6,9039,7003,center_gru,default,center_gru_default,,/home/hansel/Documents/ITProject/Python/PatchTST/experiments/results/baselines/guangzhou/168h_6h/station_9039/checkpoints/center_gru_default_seed7003.pt,/home/hansel/Documents/ITProject/Python/PatchTST/experiments/results/baselines/guangzhou/168h_6h/station_9039/raw_metrics.csv,"{""hidden_size"": 100}",source_nonfinite,False
guangzhou,168,6,9039,7003,center_gru,matched,center_gru_matched,0.6217791438102722,/home/hansel/Documents/ITProject/Python/PatchTST/experiments/results/baselines/guangzhou/168h_6h/station_9039/checkpoints/center_gru_matched_seed7003.pt,/home/hansel/Documents/ITProject/Python/PatchTST/experiments/results/baselines/guangzhou/168h_6h/station_9039/raw_metrics.csv,"{""hidden_size"": 82}",eligible,True
guangzhou,168,6,9039,7003,center_lstm,default,center_lstm_default,,,,{},not_in_protocol_coverage,False
guangzhou,168,6,9039,7003,center_lstm,matched,center_lstm_matched,,,,{},not_in_protocol_coverage,False
guangzhou,168,6,9039,7003,center_tcn,default,center_tcn_default,,,,{},not_in_protocol_coverage,False
guangzhou,168,6,9039,7003,center_tcn,matched,center_tcn_matched,,,,{},not_in_protocol_coverage,False
guangzhou,168,6,9039,7003,center_mlp,default,center_mlp_default,,,,{},not_in_protocol_coverage,False
guangzhou,168,6,9039,7003,center_mlp,matched,center_mlp_matched,,,,{},not_in_protocol_coverage,False
guangzhou,168,6,9039,7003,center_resnet,default,center_resnet_default,,,,{},not_in_protocol_coverage,False
guangzhou,168,6,9039,7003,center_resnet,matched,center_resnet_matched,,,,{},not_in_protocol_coverage,False
guangzhou,168,6,9039,7003,center_tst,default,center_tst_default,,,,{},not_in_protocol_coverage,False
guangzhou,168,6,9039,7003,center_tst,matched,center_tst_matched,,,,{},not_in_protocol_coverage,False
guangzhou,168,6,9039,7003,degraded_patchtst,protocol,degraded_patchtst,0.4801676571369171,,experiments/results/guangzhou_horizon_coverage/168h_6h/station_9039/run_manifest.csv,{},checkpoint_missing,False
guangzhou,168,6,9033,7001,center_gru,default,center_gru_default,0.796789288520813,/home/hansel/Documents/ITProject/Python/PatchTST/experiments/results/baselines/guangzhou/168h_6h/station_9033/checkpoints/center_gru_default_seed7001.pt,/home/hansel/Documents/ITProject/Python/PatchTST/experiments/results/baselines/guangzhou/168h_6h/station_9033/raw_metrics.csv,"{""hidden_size"": 100}",eligible,True
guangzhou,168,6,9033,7001,center_gru,matched,center_gru_matched,0.820876955986023,/home/hansel/Documents/ITProject/Python/PatchTST/experiments/results/baselines/guangzhou/168h_6h/station_9033/checkpoints/center_gru_matched_seed7001.pt,/home/hansel/Documents/ITProject/Python/PatchTST/experiments/results/baselines/guangzhou/168h_6h/station_9033/raw_metrics.csv,"{""hidden_size"": 82}",eligible,False
guangzhou,168,6,9033,7001,center_lstm,default,center_lstm_default,,,,{},not_in_protocol_coverage,False
guangzhou,168,6,9033,7001,center_lstm,matched,center_lstm_matched,,,,{},not_in_protocol_coverage,False
guangzhou,168,6,9033,7001,center_tcn,default,center_tcn_default,,,,{},not_in_protocol_coverage,False
guangzhou,168,6,9033,7001,center_tcn,matched,center_tcn_matched,,,,{},not_in_protocol_coverage,False
guangzhou,168,6,9033,7001,center_mlp,default,center_mlp_default,,,,{},not_in_protocol_coverage,False
guangzhou,168,6,9033,7001,center_mlp,matched,center_mlp_matched,,,,{},not_in_protocol_coverage,False
guangzhou,168,6,9033,7001,center_resnet,default,center_resnet_default,,,,{},not_in_protocol_coverage,False
guangzhou,168,6,9033,7001,center_resnet,matched,center_resnet_matched,,,,{},not_in_protocol_coverage,False
guangzhou,168,6,9033,7001,center_tst,default,center_tst_default,,,,{},not_in_protocol_coverage,False
guangzhou,168,6,9033,7001,center_tst,matched,center_tst_matched,,,,{},not_in_protocol_coverage,False
guangzhou,168,6,9033,7001,degraded_patchtst,protocol,degraded_patchtst,0.6918907761573792,,experiments/results/guangzhou_horizon_coverage/168h_6h/station_9033/run_manifest.csv,{},checkpoint_missing,False
guangzhou,168,6,9033,7002,center_gru,default,center_gru_default,0.8033683896064758,/home/hansel/Documents/ITProject/Python/PatchTST/experiments/results/baselines/guangzhou/168h_6h/station_9033/checkpoints/center_gru_default_seed7002.pt,/home/hansel/Documents/ITProject/Python/PatchTST/experiments/results/baselines/guangzhou/168h_6h/station_9033/raw_metrics.csv,"{""hidden_size"": 100}",eligible,True
guangzhou,168,6,9033,7002,center_gru,matched,center_gru_matched,0.8054580092430115,/home/hansel/Documents/ITProject/Python/PatchTST/experiments/results/baselines/guangzhou/168h_6h/station_9033/checkpoints/center_gru_matched_seed7002.pt,/home/hansel/Documents/ITProject/Python/PatchTST/experiments/results/baselines/guangzhou/168h_6h/station_9033/raw_metrics.csv,"{""hidden_size"": 82}",eligible,False
guangzhou,168,6,9033,7002,center_lstm,default,center_lstm_default,,,,{},not_in_protocol_coverage,False
guangzhou,168,6,9033,7002,center_lstm,matched,center_lstm_matched,,,,{},not_in_protocol_coverage,False
guangzhou,168,6,9033,7002,center_tcn,default,center_tcn_default,,,,{},not_in_protocol_coverage,False
guangzhou,168,6,9033,7002,center_tcn,matched,center_tcn_matched,,,,{},not_in_protocol_coverage,False
guangzhou,168,6,9033,7002,center_mlp,default,center_mlp_default,,,,{},not_in_protocol_coverage,False
guangzhou,168,6,9033,7002,center_mlp,matched,center_mlp_matched,,,,{},not_in_protocol_coverage,False
guangzhou,168,6,9033,7002,center_resnet,default,center_resnet_default,,,,{},not_in_protocol_coverage,False
guangzhou,168,6,9033,7002,center_resnet,matched,center_resnet_matched,,,,{},not_in_protocol_coverage,False
guangzhou,168,6,9033,7002,center_tst,default,center_tst_default,,,,{},not_in_protocol_coverage,False
guangzhou,168,6,9033,7002,center_tst,matched,center_tst_matched,,,,{},not_in_protocol_coverage,False
guangzhou,168,6,9033,7002,degraded_patchtst,protocol,degraded_patchtst,0.7150888442993164,,experiments/results/guangzhou_horizon_coverage/168h_6h/station_9033/run_manifest.csv,{},checkpoint_missing,False
guangzhou,168,6,9033,7003,center_gru,default,center_gru_default,0.8057778477668762,/home/hansel/Documents/ITProject/Python/PatchTST/experiments/results/baselines/guangzhou/168h_6h/station_9033/checkpoints/center_gru_default_seed7003.pt,/home/hansel/Documents/ITProject/Python/PatchTST/experiments/results/baselines/guangzhou/168h_6h/station_9033/raw_metrics.csv,"{""hidden_size"": 100}",eligible,False
guangzhou,168,6,9033,7003,center_gru,matched,center_gru_matched,0.7958148121833801,/home/hansel/Documents/ITProject/Python/PatchTST/experiments/results/baselines/guangzhou/168h_6h/station_9033/checkpoints/center_gru_matched_seed7003.pt,/home/hansel/Documents/ITProject/Python/PatchTST/experiments/results/baselines/guangzhou/168h_6h/station_9033/raw_metrics.csv,"{""hidden_size"": 82}",eligible,True
guangzhou,168,6,9033,7003,center_lstm,default,center_lstm_default,,,,{},not_in_protocol_coverage,False
guangzhou,168,6,9033,7003,center_lstm,matched,center_lstm_matched,,,,{},not_in_protocol_coverage,False
guangzhou,168,6,9033,7003,center_tcn,default,center_tcn_default,,,,{},not_in_protocol_coverage,False
guangzhou,168,6,9033,7003,center_tcn,matched,center_tcn_matched,,,,{},not_in_protocol_coverage,False
guangzhou,168,6,9033,7003,center_mlp,default,center_mlp_default,,,,{},not_in_protocol_coverage,False
guangzhou,168,6,9033,7003,center_mlp,matched,center_mlp_matched,,,,{},not_in_protocol_coverage,False
guangzhou,168,6,9033,7003,center_resnet,default,center_resnet_default,,,,{},not_in_protocol_coverage,False
guangzhou,168,6,9033,7003,center_resnet,matched,center_resnet_matched,,,,{},not_in_protocol_coverage,False
guangzhou,168,6,9033,7003,center_tst,default,center_tst_default,,,,{},not_in_protocol_coverage,False
guangzhou,168,6,9033,7003,center_tst,matched,center_tst_matched,,,,{},not_in_protocol_coverage,False
guangzhou,168,6,9033,7003,degraded_patchtst,protocol,degraded_patchtst,0.6917067766189575,,experiments/results/guangzhou_horizon_coverage/168h_6h/station_9033/run_manifest.csv,{},checkpoint_missing,False
guangzhou,168,6,9046,7001,center_gru,default,center_gru_default,0.7007985711097717,/home/hansel/Documents/ITProject/Python/PatchTST/experiments/results/baselines/guangzhou/168h_6h/station_9046/checkpoints/center_gru_default_seed7001.pt,/home/hansel/Documents/ITProject/Python/PatchTST/experiments/results/baselines/guangzhou/168h_6h/station_9046/raw_metrics.csv,"{""hidden_size"": 100}",eligible,False
guangzhou,168,6,9046,7001,center_gru,matched,center_gru_matched,0.6913596987724304,/home/hansel/Documents/ITProject/Python/PatchTST/experiments/results/baselines/guangzhou/168h_6h/station_9046/checkpoints/center_gru_matched_seed7001.pt,/home/hansel/Documents/ITProject/Python/PatchTST/experiments/results/baselines/guangzhou/168h_6h/station_9046/raw_metrics.csv,"{""hidden_size"": 82}",eligible,True
guangzhou,168,6,9046,7001,center_lstm,default,center_lstm_default,,,,{},not_in_protocol_coverage,False
guangzhou,168,6,9046,7001,center_lstm,matched,center_lstm_matched,,,,{},not_in_protocol_coverage,False
guangzhou,168,6,9046,7001,center_tcn,default,center_tcn_default,,,,{},not_in_protocol_coverage,False
guangzhou,168,6,9046,7001,center_tcn,matched,center_tcn_matched,,,,{},not_in_protocol_coverage,False
guangzhou,168,6,9046,7001,center_mlp,default,center_mlp_default,,,,{},not_in_protocol_coverage,False
guangzhou,168,6,9046,7001,center_mlp,matched,center_mlp_matched,,,,{},not_in_protocol_coverage,False
guangzhou,168,6,9046,7001,center_resnet,default,center_resnet_default,,,,{},not_in_protocol_coverage,False
guangzhou,168,6,9046,7001,center_resnet,matched,center_resnet_matched,,,,{},not_in_protocol_coverage,False
guangzhou,168,6,9046,7001,center_tst,default,center_tst_default,,,,{},not_in_protocol_coverage,False
guangzhou,168,6,9046,7001,center_tst,matched,center_tst_matched,,,,{},not_in_protocol_coverage,False
guangzhou,168,6,9046,7001,degraded_patchtst,protocol,degraded_patchtst,0.6010454893112183,,experiments/results/guangzhou_horizon_coverage/168h_6h/station_9046/run_manifest.csv,{},checkpoint_missing,False
guangzhou,168,6,9046,7002,center_gru,default,center_gru_default,0.6795685887336731,/home/hansel/Documents/ITProject/Python/PatchTST/experiments/results/baselines/guangzhou/168h_6h/station_9046/checkpoints/center_gru_default_seed7002.pt,/home/hansel/Documents/ITProject/Python/PatchTST/experiments/results/baselines/guangzhou/168h_6h/station_9046/raw_metrics.csv,"{""hidden_size"": 100}",eligible,True
guangzhou,168,6,9046,7002,center_gru,matched,center_gru_matched,0.6853460073471069,/home/hansel/Documents/ITProject/Python/PatchTST/experiments/results/baselines/guangzhou/168h_6h/station_9046/checkpoints/center_gru_matched_seed7002.pt,/home/hansel/Documents/ITProject/Python/PatchTST/experiments/results/baselines/guangzhou/168h_6h/station_9046/raw_metrics.csv,"{""hidden_size"": 82}",eligible,False
guangzhou,168,6,9046,7002,center_lstm,default,center_lstm_default,,,,{},not_in_protocol_coverage,False
guangzhou,168,6,9046,7002,center_lstm,matched,center_lstm_matched,,,,{},not_in_protocol_coverage,False
guangzhou,168,6,9046,7002,center_tcn,default,center_tcn_default,,,,{},not_in_protocol_coverage,False
guangzhou,168,6,9046,7002,center_tcn,matched,center_tcn_matched,,,,{},not_in_protocol_coverage,False
guangzhou,168,6,9046,7002,center_mlp,default,center_mlp_default,,,,{},not_in_protocol_coverage,False
guangzhou,168,6,9046,7002,center_mlp,matched,center_mlp_matched,,,,{},not_in_protocol_coverage,False
guangzhou,168,6,9046,7002,center_resnet,default,center_resnet_default,,,,{},not_in_protocol_coverage,False
guangzhou,168,6,9046,7002,center_resnet,matched,center_resnet_matched,,,,{},not_in_protocol_coverage,False
guangzhou,168,6,9046,7002,center_tst,default,center_tst_default,,,,{},not_in_protocol_coverage,False
guangzhou,168,6,9046,7002,center_tst,matched,center_tst_matched,,,,{},not_in_protocol_coverage,False
guangzhou,168,6,9046,7002,degraded_patchtst,protocol,degraded_patchtst,0.6080310940742493,,experiments/results/guangzhou_horizon_coverage/168h_6h/station_9046/run_manifest.csv,{},checkpoint_missing,False
guangzhou,168,6,9046,7003,center_gru,default,center_gru_default,0.6827791333198547,/home/hansel/Documents/ITProject/Python/PatchTST/experiments/results/baselines/guangzhou/168h_6h/station_9046/checkpoints/center_gru_default_seed7003.pt,/home/hansel/Documents/ITProject/Python/PatchTST/experiments/results/baselines/guangzhou/168h_6h/station_9046/raw_metrics.csv,"{""hidden_size"": 100}",eligible,True
guangzhou,168,6,9046,7003,center_gru,matched,center_gru_matched,0.6835442185401917,/home/hansel/Documents/ITProject/Python/PatchTST/experiments/results/baselines/guangzhou/168h_6h/station_9046/checkpoints/center_gru_matched_seed7003.pt,/home/hansel/Documents/ITProject/Python/PatchTST/experiments/results/baselines/guangzhou/168h_6h/station_9046/raw_metrics.csv,"{""hidden_size"": 82}",eligible,False
guangzhou,168,6,9046,7003,center_lstm,default,center_lstm_default,,,,{},not_in_protocol_coverage,False
guangzhou,168,6,9046,7003,center_lstm,matched,center_lstm_matched,,,,{},not_in_protocol_coverage,False
guangzhou,168,6,9046,7003,center_tcn,default,center_tcn_default,,,,{},not_in_protocol_coverage,False
guangzhou,168,6,9046,7003,center_tcn,matched,center_tcn_matched,,,,{},not_in_protocol_coverage,False
guangzhou,168,6,9046,7003,center_mlp,default,center_mlp_default,,,,{},not_in_protocol_coverage,False
guangzhou,168,6,9046,7003,center_mlp,matched,center_mlp_matched,,,,{},not_in_protocol_coverage,False
guangzhou,168,6,9046,7003,center_resnet,default,center_resnet_default,,,,{},not_in_protocol_coverage,False
guangzhou,168,6,9046,7003,center_resnet,matched,center_resnet_matched,,,,{},not_in_protocol_coverage,False
guangzhou,168,6,9046,7003,center_tst,default,center_tst_default,,,,{},not_in_protocol_coverage,False
guangzhou,168,6,9046,7003,center_tst,matched,center_tst_matched,,,,{},not_in_protocol_coverage,False
guangzhou,168,6,9046,7003,degraded_patchtst,protocol,degraded_patchtst,0.595938503742218,,experiments/results/guangzhou_horizon_coverage/168h_6h/station_9046/run_manifest.csv,{},checkpoint_missing,False
guangzhou,168,6,9020,7001,center_gru,default,center_gru_default,0.5871967077255249,/home/hansel/Documents/ITProject/Python/PatchTST/experiments/results/baselines/guangzhou/168h_6h/station_9020/checkpoints/center_gru_default_seed7001.pt,/home/hansel/Documents/ITProject/Python/PatchTST/experiments/results/baselines/guangzhou/168h_6h/station_9020/raw_metrics.csv,"{""hidden_size"": 100}",eligible,False
guangzhou,168,6,9020,7001,center_gru,matched,center_gru_matched,0.5667321085929871,/home/hansel/Documents/ITProject/Python/PatchTST/experiments/results/baselines/guangzhou/168h_6h/station_9020/checkpoints/center_gru_matched_seed7001.pt,/home/hansel/Documents/ITProject/Python/PatchTST/experiments/results/baselines/guangzhou/168h_6h/station_9020/raw_metrics.csv,"{""hidden_size"": 82}",eligible,True
guangzhou,168,6,9020,7001,center_lstm,default,center_lstm_default,,,,{},not_in_protocol_coverage,False
guangzhou,168,6,9020,7001,center_lstm,matched,center_lstm_matched,,,,{},not_in_protocol_coverage,False
guangzhou,168,6,9020,7001,center_tcn,default,center_tcn_default,,,,{},not_in_protocol_coverage,False
guangzhou,168,6,9020,7001,center_tcn,matched,center_tcn_matched,,,,{},not_in_protocol_coverage,False
guangzhou,168,6,9020,7001,center_mlp,default,center_mlp_default,,,,{},not_in_protocol_coverage,False
guangzhou,168,6,9020,7001,center_mlp,matched,center_mlp_matched,,,,{},not_in_protocol_coverage,False
guangzhou,168,6,9020,7001,center_resnet,default,center_resnet_default,,,,{},not_in_protocol_coverage,False
guangzhou,168,6,9020,7001,center_resnet,matched,center_resnet_matched,,,,{},not_in_protocol_coverage,False
guangzhou,168,6,9020,7001,center_tst,default,center_tst_default,,,,{},not_in_protocol_coverage,False
guangzhou,168,6,9020,7001,center_tst,matched,center_tst_matched,,,,{},not_in_protocol_coverage,False
guangzhou,168,6,9020,7001,degraded_patchtst,protocol,degraded_patchtst,0.5007679462432861,,experiments/results/guangzhou_horizon_coverage/168h_6h/station_9020/run_manifest.csv,{},checkpoint_missing,False
guangzhou,168,6,9020,7002,center_gru,default,center_gru_default,0.5815617442131042,/home/hansel/Documents/ITProject/Python/PatchTST/experiments/results/baselines/guangzhou/168h_6h/station_9020/checkpoints/center_gru_default_seed7002.pt,/home/hansel/Documents/ITProject/Python/PatchTST/experiments/results/baselines/guangzhou/168h_6h/station_9020/raw_metrics.csv,"{""hidden_size"": 100}",eligible,False
guangzhou,168,6,9020,7002,center_gru,matched,center_gru_matched,0.5670552253723145,/home/hansel/Documents/ITProject/Python/PatchTST/experiments/results/baselines/guangzhou/168h_6h/station_9020/checkpoints/center_gru_matched_seed7002.pt,/home/hansel/Documents/ITProject/Python/PatchTST/experiments/results/baselines/guangzhou/168h_6h/station_9020/raw_metrics.csv,"{""hidden_size"": 82}",eligible,True
guangzhou,168,6,9020,7002,center_lstm,default,center_lstm_default,,,,{},not_in_protocol_coverage,False
guangzhou,168,6,9020,7002,center_lstm,matched,center_lstm_matched,,,,{},not_in_protocol_coverage,False
guangzhou,168,6,9020,7002,center_tcn,default,center_tcn_default,,,,{},not_in_protocol_coverage,False
guangzhou,168,6,9020,7002,center_tcn,matched,center_tcn_matched,,,,{},not_in_protocol_coverage,False
guangzhou,168,6,9020,7002,center_mlp,default,center_mlp_default,,,,{},not_in_protocol_coverage,False
guangzhou,168,6,9020,7002,center_mlp,matched,center_mlp_matched,,,,{},not_in_protocol_coverage,False
guangzhou,168,6,9020,7002,center_resnet,default,center_resnet_default,,,,{},not_in_protocol_coverage,False
guangzhou,168,6,9020,7002,center_resnet,matched,center_resnet_matched,,,,{},not_in_protocol_coverage,False
guangzhou,168,6,9020,7002,center_tst,default,center_tst_default,,,,{},not_in_protocol_coverage,False
guangzhou,168,6,9020,7002,center_tst,matched,center_tst_matched,,,,{},not_in_protocol_coverage,False
guangzhou,168,6,9020,7002,degraded_patchtst,protocol,degraded_patchtst,0.4989277124404907,,experiments/results/guangzhou_horizon_coverage/168h_6h/station_9020/run_manifest.csv,{},checkpoint_missing,False
guangzhou,168,6,9020,7003,center_gru,default,center_gru_default,0.5324802398681641,/home/hansel/Documents/ITProject/Python/PatchTST/experiments/results/baselines/guangzhou/168h_6h/station_9020/checkpoints/center_gru_default_seed7003.pt,/home/hansel/Documents/ITProject/Python/PatchTST/experiments/results/baselines/guangzhou/168h_6h/station_9020/raw_metrics.csv,"{""hidden_size"": 100}",eligible,True
guangzhou,168,6,9020,7003,center_gru,matched,center_gru_matched,0.5753684043884277,/home/hansel/Documents/ITProject/Python/PatchTST/experiments/results/baselines/guangzhou/168h_6h/station_9020/checkpoints/center_gru_matched_seed7003.pt,/home/hansel/Documents/ITProject/Python/PatchTST/experiments/results/baselines/guangzhou/168h_6h/station_9020/raw_metrics.csv,"{""hidden_size"": 82}",eligible,False
guangzhou,168,6,9020,7003,center_lstm,default,center_lstm_default,,,,{},not_in_protocol_coverage,False
guangzhou,168,6,9020,7003,center_lstm,matched,center_lstm_matched,,,,{},not_in_protocol_coverage,False
guangzhou,168,6,9020,7003,center_tcn,default,center_tcn_default,,,,{},not_in_protocol_coverage,False
guangzhou,168,6,9020,7003,center_tcn,matched,center_tcn_matched,,,,{},not_in_protocol_coverage,False
guangzhou,168,6,9020,7003,center_mlp,default,center_mlp_default,,,,{},not_in_protocol_coverage,False
guangzhou,168,6,9020,7003,center_mlp,matched,center_mlp_matched,,,,{},not_in_protocol_coverage,False
guangzhou,168,6,9020,7003,center_resnet,default,center_resnet_default,,,,{},not_in_protocol_coverage,False
guangzhou,168,6,9020,7003,center_resnet,matched,center_resnet_matched,,,,{},not_in_protocol_coverage,False
guangzhou,168,6,9020,7003,center_tst,default,center_tst_default,,,,{},not_in_protocol_coverage,False
guangzhou,168,6,9020,7003,center_tst,matched,center_tst_matched,,,,{},not_in_protocol_coverage,False
guangzhou,168,6,9020,7003,degraded_patchtst,protocol,degraded_patchtst,0.503456175327301,,experiments/results/guangzhou_horizon_coverage/168h_6h/station_9020/run_manifest.csv,{},checkpoint_missing,False
guangzhou,168,6,9038,7001,center_gru,default,center_gru_default,0.5301867127418518,/home/hansel/Documents/ITProject/Python/PatchTST/experiments/results/baselines/guangzhou/168h_6h/station_9038/checkpoints/center_gru_default_seed7001.pt,/home/hansel/Documents/ITProject/Python/PatchTST/experiments/results/baselines/guangzhou/168h_6h/station_9038/raw_metrics.csv,"{""hidden_size"": 100}",eligible,False
guangzhou,168,6,9038,7001,center_gru,matched,center_gru_matched,0.4904715716838836,/home/hansel/Documents/ITProject/Python/PatchTST/experiments/results/baselines/guangzhou/168h_6h/station_9038/checkpoints/center_gru_matched_seed7001.pt,/home/hansel/Documents/ITProject/Python/PatchTST/experiments/results/baselines/guangzhou/168h_6h/station_9038/raw_metrics.csv,"{""hidden_size"": 82}",eligible,True
guangzhou,168,6,9038,7001,center_lstm,default,center_lstm_default,,,,{},not_in_protocol_coverage,False
guangzhou,168,6,9038,7001,center_lstm,matched,center_lstm_matched,,,,{},not_in_protocol_coverage,False
guangzhou,168,6,9038,7001,center_tcn,default,center_tcn_default,,,,{},not_in_protocol_coverage,False
guangzhou,168,6,9038,7001,center_tcn,matched,center_tcn_matched,,,,{},not_in_protocol_coverage,False
guangzhou,168,6,9038,7001,center_mlp,default,center_mlp_default,,,,{},not_in_protocol_coverage,False
guangzhou,168,6,9038,7001,center_mlp,matched,center_mlp_matched,,,,{},not_in_protocol_coverage,False
guangzhou,168,6,9038,7001,center_resnet,default,center_resnet_default,,,,{},not_in_protocol_coverage,False
guangzhou,168,6,9038,7001,center_resnet,matched,center_resnet_matched,,,,{},not_in_protocol_coverage,False
guangzhou,168,6,9038,7001,center_tst,default,center_tst_default,,,,{},not_in_protocol_coverage,False
guangzhou,168,6,9038,7001,center_tst,matched,center_tst_matched,,,,{},not_in_protocol_coverage,False
guangzhou,168,6,9038,7001,degraded_patchtst,protocol,degraded_patchtst,0.441983014345169,,experiments/results/guangzhou_horizon_coverage/168h_6h/station_9038/run_manifest.csv,{},checkpoint_missing,False
guangzhou,168,6,9038,7002,center_gru,default,center_gru_default,0.5111457109451294,/home/hansel/Documents/ITProject/Python/PatchTST/experiments/results/baselines/guangzhou/168h_6h/station_9038/checkpoints/center_gru_default_seed7002.pt,/home/hansel/Documents/ITProject/Python/PatchTST/experiments/results/baselines/guangzhou/168h_6h/station_9038/raw_metrics.csv,"{""hidden_size"": 100}",eligible,False
guangzhou,168,6,9038,7002,center_gru,matched,center_gru_matched,0.4889577627182007,/home/hansel/Documents/ITProject/Python/PatchTST/experiments/results/baselines/guangzhou/168h_6h/station_9038/checkpoints/center_gru_matched_seed7002.pt,/home/hansel/Documents/ITProject/Python/PatchTST/experiments/results/baselines/guangzhou/168h_6h/station_9038/raw_metrics.csv,"{""hidden_size"": 82}",eligible,True
guangzhou,168,6,9038,7002,center_lstm,default,center_lstm_default,,,,{},not_in_protocol_coverage,False
guangzhou,168,6,9038,7002,center_lstm,matched,center_lstm_matched,,,,{},not_in_protocol_coverage,False
guangzhou,168,6,9038,7002,center_tcn,default,center_tcn_default,,,,{},not_in_protocol_coverage,False
guangzhou,168,6,9038,7002,center_tcn,matched,center_tcn_matched,,,,{},not_in_protocol_coverage,False
guangzhou,168,6,9038,7002,center_mlp,default,center_mlp_default,,,,{},not_in_protocol_coverage,False
guangzhou,168,6,9038,7002,center_mlp,matched,center_mlp_matched,,,,{},not_in_protocol_coverage,False
guangzhou,168,6,9038,7002,center_resnet,default,center_resnet_default,,,,{},not_in_protocol_coverage,False
guangzhou,168,6,9038,7002,center_resnet,matched,center_resnet_matched,,,,{},not_in_protocol_coverage,False
guangzhou,168,6,9038,7002,center_tst,default,center_tst_default,,,,{},not_in_protocol_coverage,False
guangzhou,168,6,9038,7002,center_tst,matched,center_tst_matched,,,,{},not_in_protocol_coverage,False
guangzhou,168,6,9038,7002,degraded_patchtst,protocol,degraded_patchtst,0.4675403535366058,,experiments/results/guangzhou_horizon_coverage/168h_6h/station_9038/run_manifest.csv,{},checkpoint_missing,False
guangzhou,168,6,9038,7003,center_gru,default,center_gru_default,0.49213707447052,/home/hansel/Documents/ITProject/Python/PatchTST/experiments/results/baselines/guangzhou/168h_6h/station_9038/checkpoints/center_gru_default_seed7003.pt,/home/hansel/Documents/ITProject/Python/PatchTST/experiments/results/baselines/guangzhou/168h_6h/station_9038/raw_metrics.csv,"{""hidden_size"": 100}",eligible,False
guangzhou,168,6,9038,7003,center_gru,matched,center_gru_matched,0.4891364872455597,/home/hansel/Documents/ITProject/Python/PatchTST/experiments/results/baselines/guangzhou/168h_6h/station_9038/checkpoints/center_gru_matched_seed7003.pt,/home/hansel/Documents/ITProject/Python/PatchTST/experiments/results/baselines/guangzhou/168h_6h/station_9038/raw_metrics.csv,"{""hidden_size"": 82}",eligible,True
guangzhou,168,6,9038,7003,center_lstm,default,center_lstm_default,,,,{},not_in_protocol_coverage,False
guangzhou,168,6,9038,7003,center_lstm,matched,center_lstm_matched,,,,{},not_in_protocol_coverage,False
guangzhou,168,6,9038,7003,center_tcn,default,center_tcn_default,,,,{},not_in_protocol_coverage,False
guangzhou,168,6,9038,7003,center_tcn,matched,center_tcn_matched,,,,{},not_in_protocol_coverage,False
guangzhou,168,6,9038,7003,center_mlp,default,center_mlp_default,,,,{},not_in_protocol_coverage,False
guangzhou,168,6,9038,7003,center_mlp,matched,center_mlp_matched,,,,{},not_in_protocol_coverage,False
guangzhou,168,6,9038,7003,center_resnet,default,center_resnet_default,,,,{},not_in_protocol_coverage,False
guangzhou,168,6,9038,7003,center_resnet,matched,center_resnet_matched,,,,{},not_in_protocol_coverage,False
guangzhou,168,6,9038,7003,center_tst,default,center_tst_default,,,,{},not_in_protocol_coverage,False
guangzhou,168,6,9038,7003,center_tst,matched,center_tst_matched,,,,{},not_in_protocol_coverage,False
guangzhou,168,6,9038,7003,degraded_patchtst,protocol,degraded_patchtst,0.4620879292488098,,experiments/results/guangzhou_horizon_coverage/168h_6h/station_9038/run_manifest.csv,{},checkpoint_missing,False
guangzhou,168,6,9032,7001,center_gru,default,center_gru_default,0.6139289140701294,/home/hansel/Documents/ITProject/Python/PatchTST/experiments/results/baselines/guangzhou/168h_6h/station_9032/checkpoints/center_gru_default_seed7001.pt,/home/hansel/Documents/ITProject/Python/PatchTST/experiments/results/baselines/guangzhou/168h_6h/station_9032/raw_metrics.csv,"{""hidden_size"": 100}",eligible,False
guangzhou,168,6,9032,7001,center_gru,matched,center_gru_matched,0.6073213815689087,/home/hansel/Documents/ITProject/Python/PatchTST/experiments/results/baselines/guangzhou/168h_6h/station_9032/checkpoints/center_gru_matched_seed7001.pt,/home/hansel/Documents/ITProject/Python/PatchTST/experiments/results/baselines/guangzhou/168h_6h/station_9032/raw_metrics.csv,"{""hidden_size"": 82}",eligible,True
guangzhou,168,6,9032,7001,center_lstm,default,center_lstm_default,,,,{},not_in_protocol_coverage,False
guangzhou,168,6,9032,7001,center_lstm,matched,center_lstm_matched,,,,{},not_in_protocol_coverage,False
guangzhou,168,6,9032,7001,center_tcn,default,center_tcn_default,,,,{},not_in_protocol_coverage,False
guangzhou,168,6,9032,7001,center_tcn,matched,center_tcn_matched,,,,{},not_in_protocol_coverage,False
guangzhou,168,6,9032,7001,center_mlp,default,center_mlp_default,,,,{},not_in_protocol_coverage,False
guangzhou,168,6,9032,7001,center_mlp,matched,center_mlp_matched,,,,{},not_in_protocol_coverage,False
guangzhou,168,6,9032,7001,center_resnet,default,center_resnet_default,,,,{},not_in_protocol_coverage,False
guangzhou,168,6,9032,7001,center_resnet,matched,center_resnet_matched,,,,{},not_in_protocol_coverage,False
guangzhou,168,6,9032,7001,center_tst,default,center_tst_default,,,,{},not_in_protocol_coverage,False
guangzhou,168,6,9032,7001,center_tst,matched,center_tst_matched,,,,{},not_in_protocol_coverage,False
guangzhou,168,6,9032,7001,degraded_patchtst,protocol,degraded_patchtst,0.5615989565849304,,experiments/results/guangzhou_horizon_coverage/168h_6h/station_9032/run_manifest.csv,{},checkpoint_missing,False
guangzhou,168,6,9032,7002,center_gru,default,center_gru_default,0.599532961845398,/home/hansel/Documents/ITProject/Python/PatchTST/experiments/results/baselines/guangzhou/168h_6h/station_9032/checkpoints/center_gru_default_seed7002.pt,/home/hansel/Documents/ITProject/Python/PatchTST/experiments/results/baselines/guangzhou/168h_6h/station_9032/raw_metrics.csv,"{""hidden_size"": 100}",eligible,True
guangzhou,168,6,9032,7002,center_gru,matched,center_gru_matched,0.6039035320281982,/home/hansel/Documents/ITProject/Python/PatchTST/experiments/results/baselines/guangzhou/168h_6h/station_9032/checkpoints/center_gru_matched_seed7002.pt,/home/hansel/Documents/ITProject/Python/PatchTST/experiments/results/baselines/guangzhou/168h_6h/station_9032/raw_metrics.csv,"{""hidden_size"": 82}",eligible,False
guangzhou,168,6,9032,7002,center_lstm,default,center_lstm_default,,,,{},not_in_protocol_coverage,False
guangzhou,168,6,9032,7002,center_lstm,matched,center_lstm_matched,,,,{},not_in_protocol_coverage,False
guangzhou,168,6,9032,7002,center_tcn,default,center_tcn_default,,,,{},not_in_protocol_coverage,False
guangzhou,168,6,9032,7002,center_tcn,matched,center_tcn_matched,,,,{},not_in_protocol_coverage,False
guangzhou,168,6,9032,7002,center_mlp,default,center_mlp_default,,,,{},not_in_protocol_coverage,False
guangzhou,168,6,9032,7002,center_mlp,matched,center_mlp_matched,,,,{},not_in_protocol_coverage,False
guangzhou,168,6,9032,7002,center_resnet,default,center_resnet_default,,,,{},not_in_protocol_coverage,False
guangzhou,168,6,9032,7002,center_resnet,matched,center_resnet_matched,,,,{},not_in_protocol_coverage,False
guangzhou,168,6,9032,7002,center_tst,default,center_tst_default,,,,{},not_in_protocol_coverage,False
guangzhou,168,6,9032,7002,center_tst,matched,center_tst_matched,,,,{},not_in_protocol_coverage,False
guangzhou,168,6,9032,7002,degraded_patchtst,protocol,degraded_patchtst,0.5569954514503479,,experiments/results/guangzhou_horizon_coverage/168h_6h/station_9032/run_manifest.csv,{},checkpoint_missing,False
guangzhou,168,6,9032,7003,center_gru,default,center_gru_default,0.5954847931861877,/home/hansel/Documents/ITProject/Python/PatchTST/experiments/results/baselines/guangzhou/168h_6h/station_9032/checkpoints/center_gru_default_seed7003.pt,/home/hansel/Documents/ITProject/Python/PatchTST/experiments/results/baselines/guangzhou/168h_6h/station_9032/raw_metrics.csv,"{""hidden_size"": 100}",eligible,True
guangzhou,168,6,9032,7003,center_gru,matched,center_gru_matched,0.601078987121582,/home/hansel/Documents/ITProject/Python/PatchTST/experiments/results/baselines/guangzhou/168h_6h/station_9032/checkpoints/center_gru_matched_seed7003.pt,/home/hansel/Documents/ITProject/Python/PatchTST/experiments/results/baselines/guangzhou/168h_6h/station_9032/raw_metrics.csv,"{""hidden_size"": 82}",eligible,False
guangzhou,168,6,9032,7003,center_lstm,default,center_lstm_default,,,,{},not_in_protocol_coverage,False
guangzhou,168,6,9032,7003,center_lstm,matched,center_lstm_matched,,,,{},not_in_protocol_coverage,False
guangzhou,168,6,9032,7003,center_tcn,default,center_tcn_default,,,,{},not_in_protocol_coverage,False
guangzhou,168,6,9032,7003,center_tcn,matched,center_tcn_matched,,,,{},not_in_protocol_coverage,False
guangzhou,168,6,9032,7003,center_mlp,default,center_mlp_default,,,,{},not_in_protocol_coverage,False
guangzhou,168,6,9032,7003,center_mlp,matched,center_mlp_matched,,,,{},not_in_protocol_coverage,False
guangzhou,168,6,9032,7003,center_resnet,default,center_resnet_default,,,,{},not_in_protocol_coverage,False
guangzhou,168,6,9032,7003,center_resnet,matched,center_resnet_matched,,,,{},not_in_protocol_coverage,False
guangzhou,168,6,9032,7003,center_tst,default,center_tst_default,,,,{},not_in_protocol_coverage,False
guangzhou,168,6,9032,7003,center_tst,matched,center_tst_matched,,,,{},not_in_protocol_coverage,False
guangzhou,168,6,9032,7003,degraded_patchtst,protocol,degraded_patchtst,0.565449059009552,,experiments/results/guangzhou_horizon_coverage/168h_6h/station_9032/run_manifest.csv,{},checkpoint_missing,False
guangzhou,168,6,9045,7001,center_gru,default,center_gru_default,0.485049307346344,/home/hansel/Documents/ITProject/Python/PatchTST/experiments/results/baselines/guangzhou/168h_6h/station_9045/checkpoints/center_gru_default_seed7001.pt,/home/hansel/Documents/ITProject/Python/PatchTST/experiments/results/baselines/guangzhou/168h_6h/station_9045/raw_metrics.csv,"{""hidden_size"": 100}",eligible,False
guangzhou,168,6,9045,7001,center_gru,matched,center_gru_matched,0.4831831753253937,/home/hansel/Documents/ITProject/Python/PatchTST/experiments/results/baselines/guangzhou/168h_6h/station_9045/checkpoints/center_gru_matched_seed7001.pt,/home/hansel/Documents/ITProject/Python/PatchTST/experiments/results/baselines/guangzhou/168h_6h/station_9045/raw_metrics.csv,"{""hidden_size"": 82}",eligible,True
guangzhou,168,6,9045,7001,center_lstm,default,center_lstm_default,,,,{},not_in_protocol_coverage,False
guangzhou,168,6,9045,7001,center_lstm,matched,center_lstm_matched,,,,{},not_in_protocol_coverage,False
guangzhou,168,6,9045,7001,center_tcn,default,center_tcn_default,,,,{},not_in_protocol_coverage,False
guangzhou,168,6,9045,7001,center_tcn,matched,center_tcn_matched,,,,{},not_in_protocol_coverage,False
guangzhou,168,6,9045,7001,center_mlp,default,center_mlp_default,,,,{},not_in_protocol_coverage,False
guangzhou,168,6,9045,7001,center_mlp,matched,center_mlp_matched,,,,{},not_in_protocol_coverage,False
guangzhou,168,6,9045,7001,center_resnet,default,center_resnet_default,,,,{},not_in_protocol_coverage,False
guangzhou,168,6,9045,7001,center_resnet,matched,center_resnet_matched,,,,{},not_in_protocol_coverage,False
guangzhou,168,6,9045,7001,center_tst,default,center_tst_default,,,,{},not_in_protocol_coverage,False
guangzhou,168,6,9045,7001,center_tst,matched,center_tst_matched,,,,{},not_in_protocol_coverage,False
guangzhou,168,6,9045,7001,degraded_patchtst,protocol,degraded_patchtst,0.4975515902042389,,experiments/results/guangzhou_horizon_coverage/168h_6h/station_9045/run_manifest.csv,{},checkpoint_missing,False
guangzhou,168,6,9045,7002,center_gru,default,center_gru_default,0.4805710315704345,/home/hansel/Documents/ITProject/Python/PatchTST/experiments/results/baselines/guangzhou/168h_6h/station_9045/checkpoints/center_gru_default_seed7002.pt,/home/hansel/Documents/ITProject/Python/PatchTST/experiments/results/baselines/guangzhou/168h_6h/station_9045/raw_metrics.csv,"{""hidden_size"": 100}",eligible,False
guangzhou,168,6,9045,7002,center_gru,matched,center_gru_matched,0.4750839471817016,/home/hansel/Documents/ITProject/Python/PatchTST/experiments/results/baselines/guangzhou/168h_6h/station_9045/checkpoints/center_gru_matched_seed7002.pt,/home/hansel/Documents/ITProject/Python/PatchTST/experiments/results/baselines/guangzhou/168h_6h/station_9045/raw_metrics.csv,"{""hidden_size"": 82}",eligible,True
guangzhou,168,6,9045,7002,center_lstm,default,center_lstm_default,,,,{},not_in_protocol_coverage,False
guangzhou,168,6,9045,7002,center_lstm,matched,center_lstm_matched,,,,{},not_in_protocol_coverage,False
guangzhou,168,6,9045,7002,center_tcn,default,center_tcn_default,,,,{},not_in_protocol_coverage,False
guangzhou,168,6,9045,7002,center_tcn,matched,center_tcn_matched,,,,{},not_in_protocol_coverage,False
guangzhou,168,6,9045,7002,center_mlp,default,center_mlp_default,,,,{},not_in_protocol_coverage,False
guangzhou,168,6,9045,7002,center_mlp,matched,center_mlp_matched,,,,{},not_in_protocol_coverage,False
guangzhou,168,6,9045,7002,center_resnet,default,center_resnet_default,,,,{},not_in_protocol_coverage,False
guangzhou,168,6,9045,7002,center_resnet,matched,center_resnet_matched,,,,{},not_in_protocol_coverage,False
guangzhou,168,6,9045,7002,center_tst,default,center_tst_default,,,,{},not_in_protocol_coverage,False
guangzhou,168,6,9045,7002,center_tst,matched,center_tst_matched,,,,{},not_in_protocol_coverage,False
guangzhou,168,6,9045,7002,degraded_patchtst,protocol,degraded_patchtst,0.4922351837158203,,experiments/results/guangzhou_horizon_coverage/168h_6h/station_9045/run_manifest.csv,{},checkpoint_missing,False
guangzhou,168,6,9045,7003,center_gru,default,center_gru_default,0.4699999988079071,/home/hansel/Documents/ITProject/Python/PatchTST/experiments/results/baselines/guangzhou/168h_6h/station_9045/checkpoints/center_gru_default_seed7003.pt,/home/hansel/Documents/ITProject/Python/PatchTST/experiments/results/baselines/guangzhou/168h_6h/station_9045/raw_metrics.csv,"{""hidden_size"": 100}",eligible,True
guangzhou,168,6,9045,7003,center_gru,matched,center_gru_matched,0.4770111739635467,/home/hansel/Documents/ITProject/Python/PatchTST/experiments/results/baselines/guangzhou/168h_6h/station_9045/checkpoints/center_gru_matched_seed7003.pt,/home/hansel/Documents/ITProject/Python/PatchTST/experiments/results/baselines/guangzhou/168h_6h/station_9045/raw_metrics.csv,"{""hidden_size"": 82}",eligible,False
guangzhou,168,6,9045,7003,center_lstm,default,center_lstm_default,,,,{},not_in_protocol_coverage,False
guangzhou,168,6,9045,7003,center_lstm,matched,center_lstm_matched,,,,{},not_in_protocol_coverage,False
guangzhou,168,6,9045,7003,center_tcn,default,center_tcn_default,,,,{},not_in_protocol_coverage,False
guangzhou,168,6,9045,7003,center_tcn,matched,center_tcn_matched,,,,{},not_in_protocol_coverage,False
guangzhou,168,6,9045,7003,center_mlp,default,center_mlp_default,,,,{},not_in_protocol_coverage,False
guangzhou,168,6,9045,7003,center_mlp,matched,center_mlp_matched,,,,{},not_in_protocol_coverage,False
guangzhou,168,6,9045,7003,center_resnet,default,center_resnet_default,,,,{},not_in_protocol_coverage,False
guangzhou,168,6,9045,7003,center_resnet,matched,center_resnet_matched,,,,{},not_in_protocol_coverage,False
guangzhou,168,6,9045,7003,center_tst,default,center_tst_default,,,,{},not_in_protocol_coverage,False
guangzhou,168,6,9045,7003,center_tst,matched,center_tst_matched,,,,{},not_in_protocol_coverage,False
guangzhou,168,6,9045,7003,degraded_patchtst,protocol,degraded_patchtst,0.4942385554313659,,experiments/results/guangzhou_horizon_coverage/168h_6h/station_9045/run_manifest.csv,{},checkpoint_missing,False
beijing,168,6,1013,2047,center_gru,default,center_gru_default,0.468434602022171,/home/hansel/Documents/ITProject/Python/PatchTST/experiments/results/baselines/beijing/168h_6h/checkpoints/center_gru_default_seed2047.pt,/home/hansel/Documents/ITProject/Python/PatchTST/experiments/results/baselines/beijing/168h_6h/raw_metrics.csv,"{""hidden_size"": 100}",eligible,False
beijing,168,6,1013,2047,center_gru,matched,center_gru_matched,0.4735037684440613,/home/hansel/Documents/ITProject/Python/PatchTST/experiments/results/baselines/beijing/168h_6h/checkpoints/center_gru_matched_seed2047.pt,/home/hansel/Documents/ITProject/Python/PatchTST/experiments/results/baselines/beijing/168h_6h/raw_metrics.csv,"{""hidden_size"": 82}",eligible,False
beijing,168,6,1013,2047,center_lstm,default,center_lstm_default,0.5139235854148865,/home/hansel/Documents/ITProject/Python/PatchTST/experiments/results/baselines/beijing/168h_6h/checkpoints/center_lstm_default_seed2047.pt,/home/hansel/Documents/ITProject/Python/PatchTST/experiments/results/baselines/beijing/168h_6h/raw_metrics.csv,"{""hidden_size"": 100}",eligible,False
beijing,168,6,1013,2047,center_lstm,matched,center_lstm_matched,0.488135814666748,/home/hansel/Documents/ITProject/Python/PatchTST/experiments/results/baselines/beijing/168h_6h/checkpoints/center_lstm_matched_seed2047.pt,/home/hansel/Documents/ITProject/Python/PatchTST/experiments/results/baselines/beijing/168h_6h/raw_metrics.csv,"{""hidden_size"": 71}",eligible,False
beijing,168,6,1013,2047,center_tcn,default,center_tcn_default,0.7868420481681824,/home/hansel/Documents/ITProject/Python/PatchTST/experiments/results/baselines/beijing/168h_6h/checkpoints/center_tcn_default_seed2047.pt,/home/hansel/Documents/ITProject/Python/PatchTST/experiments/results/baselines/beijing/168h_6h/raw_metrics.csv,"{""ks"": 7, ""layers"": [25, 25, 25, 25, 25, 25, 25, 25]}",eligible,False
beijing,168,6,1013,2047,center_tcn,matched,center_tcn_matched,2.0847036838531494,/home/hansel/Documents/ITProject/Python/PatchTST/experiments/results/baselines/beijing/168h_6h/checkpoints/center_tcn_matched_seed2047.pt,/home/hansel/Documents/ITProject/Python/PatchTST/experiments/results/baselines/beijing/168h_6h/raw_metrics.csv,"{""ks"": 5, ""layers"": [24, 24, 24, 24]}",eligible,False
beijing,168,6,1013,2047,center_mlp,default,center_mlp_default,0.555905282497406,/home/hansel/Documents/ITProject/Python/PatchTST/experiments/results/baselines/beijing/168h_6h/checkpoints/center_mlp_default_seed2047.pt,/home/hansel/Documents/ITProject/Python/PatchTST/experiments/results/baselines/beijing/168h_6h/raw_metrics.csv,"{""layers"": [500, 500, 500]}",eligible,False
beijing,168,6,1013,2047,center_mlp,matched,center_mlp_matched,0.5620055794715881,/home/hansel/Documents/ITProject/Python/PatchTST/experiments/results/baselines/beijing/168h_6h/checkpoints/center_mlp_matched_seed2047.pt,/home/hansel/Documents/ITProject/Python/PatchTST/experiments/results/baselines/beijing/168h_6h/raw_metrics.csv,"{""layers"": [120], ""ps"": [0.1]}",eligible,False
beijing,168,6,1013,2047,center_resnet,default,center_resnet_default,0.468321681022644,/home/hansel/Documents/ITProject/Python/PatchTST/experiments/results/baselines/beijing/168h_6h/checkpoints/center_resnet_default_seed2047.pt,/home/hansel/Documents/ITProject/Python/PatchTST/experiments/results/baselines/beijing/168h_6h/raw_metrics.csv,"{""library_fixed"": true}",eligible,True
beijing,168,6,1013,2047,center_resnet,matched,center_resnet_matched,0.6978698968887329,/home/hansel/Documents/ITProject/Python/PatchTST/experiments/results/baselines/beijing/168h_6h/checkpoints/center_resnet_matched_seed2047.pt,/home/hansel/Documents/ITProject/Python/PatchTST/experiments/results/baselines/beijing/168h_6h/raw_metrics.csv,"{""library_fixed"": true}",eligible,False
beijing,168,6,1013,2047,center_tst,default,center_tst_default,0.5170581340789795,/home/hansel/Documents/ITProject/Python/PatchTST/experiments/results/baselines/beijing/168h_6h/checkpoints/center_tst_default_seed2047.pt,/home/hansel/Documents/ITProject/Python/PatchTST/experiments/results/baselines/beijing/168h_6h/raw_metrics.csv,"{""d_ff"": 256, ""d_model"": 128, ""n_heads"": 16, ""n_layers"": 3}",eligible,False
beijing,168,6,1013,2047,center_tst,matched,center_tst_matched,2.124077320098877,/home/hansel/Documents/ITProject/Python/PatchTST/experiments/results/baselines/beijing/168h_6h/checkpoints/center_tst_matched_seed2047.pt,/home/hansel/Documents/ITProject/Python/PatchTST/experiments/results/baselines/beijing/168h_6h/raw_metrics.csv,"{""d_ff"": 32, ""d_model"": 16, ""n_heads"": 1, ""n_layers"": 1}",eligible,False
beijing,168,6,1013,2047,degraded_patchtst,protocol,degraded_patchtst,0.4806559383869171,/home/hansel/.herdr/worktrees/PatchTST/experiment-beijing-leakfree-coverage-ablation/experiments/results/beijing_leakfree_coverage/168h_6h/checkpoints/degraded_patchtst_seed2047.pt,experiments/results/beijing_leakfree_coverage/168h_6h/raw_metrics.csv,{},eligible,False
beijing,168,6,1013,2048,center_gru,default,center_gru_default,0.4664943218231201,/home/hansel/Documents/ITProject/Python/PatchTST/experiments/results/baselines/beijing/168h_6h/checkpoints/center_gru_default_seed2048.pt,/home/hansel/Documents/ITProject/Python/PatchTST/experiments/results/baselines/beijing/168h_6h/raw_metrics.csv,"{""hidden_size"": 100}",eligible,True
beijing,168,6,1013,2048,center_gru,matched,center_gru_matched,0.4719665944576263,/home/hansel/Documents/ITProject/Python/PatchTST/experiments/results/baselines/beijing/168h_6h/checkpoints/center_gru_matched_seed2048.pt,/home/hansel/Documents/ITProject/Python/PatchTST/experiments/results/baselines/beijing/168h_6h/raw_metrics.csv,"{""hidden_size"": 82}",eligible,False
beijing,168,6,1013,2048,center_lstm,default,center_lstm_default,0.4743438363075256,/home/hansel/Documents/ITProject/Python/PatchTST/experiments/results/baselines/beijing/168h_6h/checkpoints/center_lstm_default_seed2048.pt,/home/hansel/Documents/ITProject/Python/PatchTST/experiments/results/baselines/beijing/168h_6h/raw_metrics.csv,"{""hidden_size"": 100}",eligible,False
beijing,168,6,1013,2048,center_lstm,matched,center_lstm_matched,,/home/hansel/Documents/ITProject/Python/PatchTST/experiments/results/baselines/beijing/168h_6h/checkpoints/center_lstm_matched_seed2048.pt,/home/hansel/Documents/ITProject/Python/PatchTST/experiments/results/baselines/beijing/168h_6h/raw_metrics.csv,"{""hidden_size"": 71}",source_nonfinite,False
beijing,168,6,1013,2048,center_tcn,default,center_tcn_default,0.8366820216178894,/home/hansel/Documents/ITProject/Python/PatchTST/experiments/results/baselines/beijing/168h_6h/checkpoints/center_tcn_default_seed2048.pt,/home/hansel/Documents/ITProject/Python/PatchTST/experiments/results/baselines/beijing/168h_6h/raw_metrics.csv,"{""ks"": 7, ""layers"": [25, 25, 25, 25, 25, 25, 25, 25]}",eligible,False
beijing,168,6,1013,2048,center_tcn,matched,center_tcn_matched,1.7016292810440063,/home/hansel/Documents/ITProject/Python/PatchTST/experiments/results/baselines/beijing/168h_6h/checkpoints/center_tcn_matched_seed2048.pt,/home/hansel/Documents/ITProject/Python/PatchTST/experiments/results/baselines/beijing/168h_6h/raw_metrics.csv,"{""ks"": 5, ""layers"": [24, 24, 24, 24]}",eligible,False
beijing,168,6,1013,2048,center_mlp,default,center_mlp_default,0.5427742600440979,/home/hansel/Documents/ITProject/Python/PatchTST/experiments/results/baselines/beijing/168h_6h/checkpoints/center_mlp_default_seed2048.pt,/home/hansel/Documents/ITProject/Python/PatchTST/experiments/results/baselines/beijing/168h_6h/raw_metrics.csv,"{""layers"": [500, 500, 500]}",eligible,False
beijing,168,6,1013,2048,center_mlp,matched,center_mlp_matched,0.5669692754745483,/home/hansel/Documents/ITProject/Python/PatchTST/experiments/results/baselines/beijing/168h_6h/checkpoints/center_mlp_matched_seed2048.pt,/home/hansel/Documents/ITProject/Python/PatchTST/experiments/results/baselines/beijing/168h_6h/raw_metrics.csv,"{""layers"": [120], ""ps"": [0.1]}",eligible,False
beijing,168,6,1013,2048,center_resnet,default,center_resnet_default,0.5101704597473145,/home/hansel/Documents/ITProject/Python/PatchTST/experiments/results/baselines/beijing/168h_6h/checkpoints/center_resnet_default_seed2048.pt,/home/hansel/Documents/ITProject/Python/PatchTST/experiments/results/baselines/beijing/168h_6h/raw_metrics.csv,"{""library_fixed"": true}",eligible,False
beijing,168,6,1013,2048,center_resnet,matched,center_resnet_matched,,/home/hansel/Documents/ITProject/Python/PatchTST/experiments/results/baselines/beijing/168h_6h/checkpoints/center_resnet_matched_seed2048.pt,/home/hansel/Documents/ITProject/Python/PatchTST/experiments/results/baselines/beijing/168h_6h/raw_metrics.csv,"{""library_fixed"": true}",source_nonfinite,False
beijing,168,6,1013,2048,center_tst,default,center_tst_default,0.510158896446228,/home/hansel/Documents/ITProject/Python/PatchTST/experiments/results/baselines/beijing/168h_6h/checkpoints/center_tst_default_seed2048.pt,/home/hansel/Documents/ITProject/Python/PatchTST/experiments/results/baselines/beijing/168h_6h/raw_metrics.csv,"{""d_ff"": 256, ""d_model"": 128, ""n_heads"": 16, ""n_layers"": 3}",eligible,False
beijing,168,6,1013,2048,center_tst,matched,center_tst_matched,0.5125047564506531,/home/hansel/Documents/ITProject/Python/PatchTST/experiments/results/baselines/beijing/168h_6h/checkpoints/center_tst_matched_seed2048.pt,/home/hansel/Documents/ITProject/Python/PatchTST/experiments/results/baselines/beijing/168h_6h/raw_metrics.csv,"{""d_ff"": 32, ""d_model"": 16, ""n_heads"": 1, ""n_layers"": 1}",eligible,False
beijing,168,6,1013,2048,degraded_patchtst,protocol,degraded_patchtst,0.4665237367153168,/home/hansel/.herdr/worktrees/PatchTST/experiment-beijing-leakfree-coverage-ablation/experiments/results/beijing_leakfree_coverage/168h_6h/checkpoints/degraded_patchtst_seed2048.pt,experiments/results/beijing_leakfree_coverage/168h_6h/raw_metrics.csv,{},eligible,False
beijing,168,6,1013,2049,center_gru,default,center_gru_default,0.4683749675750732,/home/hansel/Documents/ITProject/Python/PatchTST/experiments/results/baselines/beijing/168h_6h/checkpoints/center_gru_default_seed2049.pt,/home/hansel/Documents/ITProject/Python/PatchTST/experiments/results/baselines/beijing/168h_6h/raw_metrics.csv,"{""hidden_size"": 100}",eligible,True
beijing,168,6,1013,2049,center_gru,matched,center_gru_matched,0.4705816805362701,/home/hansel/Documents/ITProject/Python/PatchTST/experiments/results/baselines/beijing/168h_6h/checkpoints/center_gru_matched_seed2049.pt,/home/hansel/Documents/ITProject/Python/PatchTST/experiments/results/baselines/beijing/168h_6h/raw_metrics.csv,"{""hidden_size"": 82}",eligible,False
beijing,168,6,1013,2049,center_lstm,default,center_lstm_default,0.4855871200561523,/home/hansel/Documents/ITProject/Python/PatchTST/experiments/results/baselines/beijing/168h_6h/checkpoints/center_lstm_default_seed2049.pt,/home/hansel/Documents/ITProject/Python/PatchTST/experiments/results/baselines/beijing/168h_6h/raw_metrics.csv,"{""hidden_size"": 100}",eligible,False
beijing,168,6,1013,2049,center_lstm,matched,center_lstm_matched,,/home/hansel/Documents/ITProject/Python/PatchTST/experiments/results/baselines/beijing/168h_6h/checkpoints/center_lstm_matched_seed2049.pt,/home/hansel/Documents/ITProject/Python/PatchTST/experiments/results/baselines/beijing/168h_6h/raw_metrics.csv,"{""hidden_size"": 71}",source_nonfinite,False
beijing,168,6,1013,2049,center_tcn,default,center_tcn_default,0.8752384781837463,/home/hansel/Documents/ITProject/Python/PatchTST/experiments/results/baselines/beijing/168h_6h/checkpoints/center_tcn_default_seed2049.pt,/home/hansel/Documents/ITProject/Python/PatchTST/experiments/results/baselines/beijing/168h_6h/raw_metrics.csv,"{""ks"": 7, ""layers"": [25, 25, 25, 25, 25, 25, 25, 25]}",eligible,False
beijing,168,6,1013,2049,center_tcn,matched,center_tcn_matched,0.9434559941291808,/home/hansel/Documents/ITProject/Python/PatchTST/experiments/results/baselines/beijing/168h_6h/checkpoints/center_tcn_matched_seed2049.pt,/home/hansel/Documents/ITProject/Python/PatchTST/experiments/results/baselines/beijing/168h_6h/raw_metrics.csv,"{""ks"": 5, ""layers"": [24, 24, 24, 24]}",eligible,False
beijing,168,6,1013,2049,center_mlp,default,center_mlp_default,0.563042402267456,/home/hansel/Documents/ITProject/Python/PatchTST/experiments/results/baselines/beijing/168h_6h/checkpoints/center_mlp_default_seed2049.pt,/home/hansel/Documents/ITProject/Python/PatchTST/experiments/results/baselines/beijing/168h_6h/raw_metrics.csv,"{""layers"": [500, 500, 500]}",eligible,False
beijing,168,6,1013,2049,center_mlp,matched,center_mlp_matched,0.5617079138755798,/home/hansel/Documents/ITProject/Python/PatchTST/experiments/results/baselines/beijing/168h_6h/checkpoints/center_mlp_matched_seed2049.pt,/home/hansel/Documents/ITProject/Python/PatchTST/experiments/results/baselines/beijing/168h_6h/raw_metrics.csv,"{""layers"": [120], ""ps"": [0.1]}",eligible,False
beijing,168,6,1013,2049,center_resnet,default,center_resnet_default,0.4875234365463257,/home/hansel/Documents/ITProject/Python/PatchTST/experiments/results/baselines/beijing/168h_6h/checkpoints/center_resnet_default_seed2049.pt,/home/hansel/Documents/ITProject/Python/PatchTST/experiments/results/baselines/beijing/168h_6h/raw_metrics.csv,"{""library_fixed"": true}",eligible,False
beijing,168,6,1013,2049,center_resnet,matched,center_resnet_matched,,/home/hansel/Documents/ITProject/Python/PatchTST/experiments/results/baselines/beijing/168h_6h/checkpoints/center_resnet_matched_seed2049.pt,/home/hansel/Documents/ITProject/Python/PatchTST/experiments/results/baselines/beijing/168h_6h/raw_metrics.csv,"{""library_fixed"": true}",source_nonfinite,False
beijing,168,6,1013,2049,center_tst,default,center_tst_default,0.5660486817359924,/home/hansel/Documents/ITProject/Python/PatchTST/experiments/results/baselines/beijing/168h_6h/checkpoints/center_tst_default_seed2049.pt,/home/hansel/Documents/ITProject/Python/PatchTST/experiments/results/baselines/beijing/168h_6h/raw_metrics.csv,"{""d_ff"": 256, ""d_model"": 128, ""n_heads"": 16, ""n_layers"": 3}",eligible,False
beijing,168,6,1013,2049,center_tst,matched,center_tst_matched,0.5376367568969727,/home/hansel/Documents/ITProject/Python/PatchTST/experiments/results/baselines/beijing/168h_6h/checkpoints/center_tst_matched_seed2049.pt,/home/hansel/Documents/ITProject/Python/PatchTST/experiments/results/baselines/beijing/168h_6h/raw_metrics.csv,"{""d_ff"": 32, ""d_model"": 16, ""n_heads"": 1, ""n_layers"": 1}",eligible,False
beijing,168,6,1013,2049,degraded_patchtst,protocol,degraded_patchtst,0.4717574119567871,/home/hansel/.herdr/worktrees/PatchTST/experiment-beijing-leakfree-coverage-ablation/experiments/results/beijing_leakfree_coverage/168h_6h/checkpoints/degraded_patchtst_seed2049.pt,experiments/results/beijing_leakfree_coverage/168h_6h/raw_metrics.csv,{},eligible,False
beijing,168,6,1013,2050,center_gru,default,center_gru_default,0.4695740342140198,/home/hansel/Documents/ITProject/Python/PatchTST/experiments/results/baselines/beijing/168h_6h/checkpoints/center_gru_default_seed2050.pt,/home/hansel/Documents/ITProject/Python/PatchTST/experiments/results/baselines/beijing/168h_6h/raw_metrics.csv,"{""hidden_size"": 100}",eligible,True
beijing,168,6,1013,2050,center_gru,matched,center_gru_matched,0.4696323871612549,/home/hansel/Documents/ITProject/Python/PatchTST/experiments/results/baselines/beijing/168h_6h/checkpoints/center_gru_matched_seed2050.pt,/home/hansel/Documents/ITProject/Python/PatchTST/experiments/results/baselines/beijing/168h_6h/raw_metrics.csv,"{""hidden_size"": 82}",eligible,False
beijing,168,6,1013,2050,center_lstm,default,center_lstm_default,0.4986703395843506,/home/hansel/Documents/ITProject/Python/PatchTST/experiments/results/baselines/beijing/168h_6h/checkpoints/center_lstm_default_seed2050.pt,/home/hansel/Documents/ITProject/Python/PatchTST/experiments/results/baselines/beijing/168h_6h/raw_metrics.csv,"{""hidden_size"": 100}",eligible,False
beijing,168,6,1013,2050,center_lstm,matched,center_lstm_matched,0.8621006011962891,/home/hansel/Documents/ITProject/Python/PatchTST/experiments/results/baselines/beijing/168h_6h/checkpoints/center_lstm_matched_seed2050.pt,/home/hansel/Documents/ITProject/Python/PatchTST/experiments/results/baselines/beijing/168h_6h/raw_metrics.csv,"{""hidden_size"": 71}",eligible,False
beijing,168,6,1013,2050,center_tcn,default,center_tcn_default,0.7879941463470459,/home/hansel/Documents/ITProject/Python/PatchTST/experiments/results/baselines/beijing/168h_6h/checkpoints/center_tcn_default_seed2050.pt,/home/hansel/Documents/ITProject/Python/PatchTST/experiments/results/baselines/beijing/168h_6h/raw_metrics.csv,"{""ks"": 7, ""layers"": [25, 25, 25, 25, 25, 25, 25, 25]}",eligible,False
beijing,168,6,1013,2050,center_tcn,matched,center_tcn_matched,,/home/hansel/Documents/ITProject/Python/PatchTST/experiments/results/baselines/beijing/168h_6h/checkpoints/center_tcn_matched_seed2050.pt,/home/hansel/Documents/ITProject/Python/PatchTST/experiments/results/baselines/beijing/168h_6h/raw_metrics.csv,"{""ks"": 5, ""layers"": [24, 24, 24, 24]}",source_nonfinite,False
beijing,168,6,1013,2050,center_mlp,default,center_mlp_default,0.5619842410087585,/home/hansel/Documents/ITProject/Python/PatchTST/experiments/results/baselines/beijing/168h_6h/checkpoints/center_mlp_default_seed2050.pt,/home/hansel/Documents/ITProject/Python/PatchTST/experiments/results/baselines/beijing/168h_6h/raw_metrics.csv,"{""layers"": [500, 500, 500]}",eligible,False
beijing,168,6,1013,2050,center_mlp,matched,center_mlp_matched,0.5724132657051086,/home/hansel/Documents/ITProject/Python/PatchTST/experiments/results/baselines/beijing/168h_6h/checkpoints/center_mlp_matched_seed2050.pt,/home/hansel/Documents/ITProject/Python/PatchTST/experiments/results/baselines/beijing/168h_6h/raw_metrics.csv,"{""layers"": [120], ""ps"": [0.1]}",eligible,False
beijing,168,6,1013,2050,center_resnet,default,center_resnet_default,0.5042015910148621,/home/hansel/Documents/ITProject/Python/PatchTST/experiments/results/baselines/beijing/168h_6h/checkpoints/center_resnet_default_seed2050.pt,/home/hansel/Documents/ITProject/Python/PatchTST/experiments/results/baselines/beijing/168h_6h/raw_metrics.csv,"{""library_fixed"": true}",eligible,False
beijing,168,6,1013,2050,center_resnet,matched,center_resnet_matched,,/home/hansel/Documents/ITProject/Python/PatchTST/experiments/results/baselines/beijing/168h_6h/checkpoints/center_resnet_matched_seed2050.pt,/home/hansel/Documents/ITProject/Python/PatchTST/experiments/results/baselines/beijing/168h_6h/raw_metrics.csv,"{""library_fixed"": true}",source_nonfinite,False
beijing,168,6,1013,2050,center_tst,default,center_tst_default,0.5367933511734009,/home/hansel/Documents/ITProject/Python/PatchTST/experiments/results/baselines/beijing/168h_6h/checkpoints/center_tst_default_seed2050.pt,/home/hansel/Documents/ITProject/Python/PatchTST/experiments/results/baselines/beijing/168h_6h/raw_metrics.csv,"{""d_ff"": 256, ""d_model"": 128, ""n_heads"": 16, ""n_layers"": 3}",eligible,False
beijing,168,6,1013,2050,center_tst,matched,center_tst_matched,0.5014490485191345,/home/hansel/Documents/ITProject/Python/PatchTST/experiments/results/baselines/beijing/168h_6h/checkpoints/center_tst_matched_seed2050.pt,/home/hansel/Documents/ITProject/Python/PatchTST/experiments/results/baselines/beijing/168h_6h/raw_metrics.csv,"{""d_ff"": 32, ""d_model"": 16, ""n_heads"": 1, ""n_layers"": 1}",eligible,False
beijing,168,6,1013,2050,degraded_patchtst,protocol,degraded_patchtst,0.472111314535141,/home/hansel/.herdr/worktrees/PatchTST/experiment-beijing-leakfree-coverage-ablation/experiments/results/beijing_leakfree_coverage/168h_6h/checkpoints/degraded_patchtst_seed2050.pt,experiments/results/beijing_leakfree_coverage/168h_6h/raw_metrics.csv,{},eligible,False
beijing,168,6,1013,2051,center_gru,default,center_gru_default,0.4700537025928497,/home/hansel/Documents/ITProject/Python/PatchTST/experiments/results/baselines/beijing/168h_6h/checkpoints/center_gru_default_seed2051.pt,/home/hansel/Documents/ITProject/Python/PatchTST/experiments/results/baselines/beijing/168h_6h/raw_metrics.csv,"{""hidden_size"": 100}",eligible,False
beijing,168,6,1013,2051,center_gru,matched,center_gru_matched,0.4723028838634491,/home/hansel/Documents/ITProject/Python/PatchTST/experiments/results/baselines/beijing/168h_6h/checkpoints/center_gru_matched_seed2051.pt,/home/hansel/Documents/ITProject/Python/PatchTST/experiments/results/baselines/beijing/168h_6h/raw_metrics.csv,"{""hidden_size"": 82}",eligible,False
beijing,168,6,1013,2051,center_lstm,default,center_lstm_default,0.4838849604129791,/home/hansel/Documents/ITProject/Python/PatchTST/experiments/results/baselines/beijing/168h_6h/checkpoints/center_lstm_default_seed2051.pt,/home/hansel/Documents/ITProject/Python/PatchTST/experiments/results/baselines/beijing/168h_6h/raw_metrics.csv,"{""hidden_size"": 100}",eligible,False
beijing,168,6,1013,2051,center_lstm,matched,center_lstm_matched,,/home/hansel/Documents/ITProject/Python/PatchTST/experiments/results/baselines/beijing/168h_6h/checkpoints/center_lstm_matched_seed2051.pt,/home/hansel/Documents/ITProject/Python/PatchTST/experiments/results/baselines/beijing/168h_6h/raw_metrics.csv,"{""hidden_size"": 71}",source_nonfinite,False
beijing,168,6,1013,2051,center_tcn,default,center_tcn_default,0.8138480186462402,/home/hansel/Documents/ITProject/Python/PatchTST/experiments/results/baselines/beijing/168h_6h/checkpoints/center_tcn_default_seed2051.pt,/home/hansel/Documents/ITProject/Python/PatchTST/experiments/results/baselines/beijing/168h_6h/raw_metrics.csv,"{""ks"": 7, ""layers"": [25, 25, 25, 25, 25, 25, 25, 25]}",eligible,False
beijing,168,6,1013,2051,center_tcn,matched,center_tcn_matched,,/home/hansel/Documents/ITProject/Python/PatchTST/experiments/results/baselines/beijing/168h_6h/checkpoints/center_tcn_matched_seed2051.pt,/home/hansel/Documents/ITProject/Python/PatchTST/experiments/results/baselines/beijing/168h_6h/raw_metrics.csv,"{""ks"": 5, ""layers"": [24, 24, 24, 24]}",source_nonfinite,False
beijing,168,6,1013,2051,center_mlp,default,center_mlp_default,0.5361536741256714,/home/hansel/Documents/ITProject/Python/PatchTST/experiments/results/baselines/beijing/168h_6h/checkpoints/center_mlp_default_seed2051.pt,/home/hansel/Documents/ITProject/Python/PatchTST/experiments/results/baselines/beijing/168h_6h/raw_metrics.csv,"{""layers"": [500, 500, 500]}",eligible,False
beijing,168,6,1013,2051,center_mlp,matched,center_mlp_matched,0.5659748315811157,/home/hansel/Documents/ITProject/Python/PatchTST/experiments/results/baselines/beijing/168h_6h/checkpoints/center_mlp_matched_seed2051.pt,/home/hansel/Documents/ITProject/Python/PatchTST/experiments/results/baselines/beijing/168h_6h/raw_metrics.csv,"{""layers"": [120], ""ps"": [0.1]}",eligible,False
beijing,168,6,1013,2051,center_resnet,default,center_resnet_default,0.5239121317863464,/home/hansel/Documents/ITProject/Python/PatchTST/experiments/results/baselines/beijing/168h_6h/checkpoints/center_resnet_default_seed2051.pt,/home/hansel/Documents/ITProject/Python/PatchTST/experiments/results/baselines/beijing/168h_6h/raw_metrics.csv,"{""library_fixed"": true}",eligible,False
beijing,168,6,1013,2051,center_resnet,matched,center_resnet_matched,,/home/hansel/Documents/ITProject/Python/PatchTST/experiments/results/baselines/beijing/168h_6h/checkpoints/center_resnet_matched_seed2051.pt,/home/hansel/Documents/ITProject/Python/PatchTST/experiments/results/baselines/beijing/168h_6h/raw_metrics.csv,"{""library_fixed"": true}",source_nonfinite,False
beijing,168,6,1013,2051,center_tst,default,center_tst_default,0.5474473834037781,/home/hansel/Documents/ITProject/Python/PatchTST/experiments/results/baselines/beijing/168h_6h/checkpoints/center_tst_default_seed2051.pt,/home/hansel/Documents/ITProject/Python/PatchTST/experiments/results/baselines/beijing/168h_6h/raw_metrics.csv,"{""d_ff"": 256, ""d_model"": 128, ""n_heads"": 16, ""n_layers"": 3}",eligible,False
beijing,168,6,1013,2051,center_tst,matched,center_tst_matched,0.4992091357707977,/home/hansel/Documents/ITProject/Python/PatchTST/experiments/results/baselines/beijing/168h_6h/checkpoints/center_tst_matched_seed2051.pt,/home/hansel/Documents/ITProject/Python/PatchTST/experiments/results/baselines/beijing/168h_6h/raw_metrics.csv,"{""d_ff"": 32, ""d_model"": 16, ""n_heads"": 1, ""n_layers"": 1}",eligible,False
beijing,168,6,1013,2051,degraded_patchtst,protocol,degraded_patchtst,0.4625703692436218,/home/hansel/.herdr/worktrees/PatchTST/experiment-beijing-leakfree-coverage-ablation/experiments/results/beijing_leakfree_coverage/168h_6h/checkpoints/degraded_patchtst_seed2051.pt,experiments/results/beijing_leakfree_coverage/168h_6h/raw_metrics.csv,{},eligible,True
beijing,168,12,1013,2047,center_gru,default,center_gru_default,0.8054205179214478,/home/hansel/Documents/ITProject/Python/PatchTST/experiments/results/baselines/beijing/168h_12h/checkpoints/center_gru_default_seed2047.pt,/home/hansel/Documents/ITProject/Python/PatchTST/experiments/results/baselines/beijing/168h_12h/raw_metrics.csv,"{""hidden_size"": 100}",eligible,False
beijing,168,12,1013,2047,center_gru,matched,center_gru_matched,,,,{},not_in_protocol_coverage,False
beijing,168,12,1013,2047,center_lstm,default,center_lstm_default,2.1259093284606934,/home/hansel/Documents/ITProject/Python/PatchTST/experiments/results/baselines/beijing/168h_12h/checkpoints/center_lstm_default_seed2047.pt,/home/hansel/Documents/ITProject/Python/PatchTST/experiments/results/baselines/beijing/168h_12h/raw_metrics.csv,"{""hidden_size"": 100}",eligible,False
beijing,168,12,1013,2047,center_lstm,matched,center_lstm_matched,,,,{},not_in_protocol_coverage,False
beijing,168,12,1013,2047,center_tcn,default,center_tcn_default,1.1151814460754397,/home/hansel/Documents/ITProject/Python/PatchTST/experiments/results/baselines/beijing/168h_12h/checkpoints/center_tcn_default_seed2047.pt,/home/hansel/Documents/ITProject/Python/PatchTST/experiments/results/baselines/beijing/168h_12h/raw_metrics.csv,"{""ks"": 7, ""layers"": [25, 25, 25, 25, 25, 25, 25, 25]}",eligible,False
beijing,168,12,1013,2047,center_tcn,matched,center_tcn_matched,,,,{},not_in_protocol_coverage,False
beijing,168,12,1013,2047,center_mlp,default,center_mlp_default,,,,{},not_in_protocol_coverage,False
beijing,168,12,1013,2047,center_mlp,matched,center_mlp_matched,,,,{},not_in_protocol_coverage,False
beijing,168,12,1013,2047,center_resnet,default,center_resnet_default,,,,{},not_in_protocol_coverage,False
beijing,168,12,1013,2047,center_resnet,matched,center_resnet_matched,,,,{},not_in_protocol_coverage,False
beijing,168,12,1013,2047,center_tst,default,center_tst_default,,,,{},not_in_protocol_coverage,False
beijing,168,12,1013,2047,center_tst,matched,center_tst_matched,,,,{},not_in_protocol_coverage,False
beijing,168,12,1013,2047,degraded_patchtst,protocol,degraded_patchtst,0.784105658531189,/home/hansel/.herdr/worktrees/PatchTST/experiment-beijing-leakfree-coverage-ablation/experiments/results/beijing_leakfree_coverage/168h_12h/checkpoints/degraded_patchtst_seed2047.pt,experiments/results/beijing_leakfree_coverage/168h_12h/raw_metrics.csv,{},eligible,True
beijing,168,12,1013,2048,center_gru,default,center_gru_default,0.9903948307037354,/home/hansel/Documents/ITProject/Python/PatchTST/experiments/results/baselines/beijing/168h_12h/checkpoints/center_gru_default_seed2048.pt,/home/hansel/Documents/ITProject/Python/PatchTST/experiments/results/baselines/beijing/168h_12h/raw_metrics.csv,"{""hidden_size"": 100}",eligible,False
beijing,168,12,1013,2048,center_gru,matched,center_gru_matched,,,,{},not_in_protocol_coverage,False
beijing,168,12,1013,2048,center_lstm,default,center_lstm_default,,/home/hansel/Documents/ITProject/Python/PatchTST/experiments/results/baselines/beijing/168h_12h/checkpoints/center_lstm_default_seed2048.pt,/home/hansel/Documents/ITProject/Python/PatchTST/experiments/results/baselines/beijing/168h_12h/raw_metrics.csv,"{""hidden_size"": 100}",source_nonfinite,False
beijing,168,12,1013,2048,center_lstm,matched,center_lstm_matched,,,,{},not_in_protocol_coverage,False
beijing,168,12,1013,2048,center_tcn,default,center_tcn_default,1.0669572353363037,/home/hansel/Documents/ITProject/Python/PatchTST/experiments/results/baselines/beijing/168h_12h/checkpoints/center_tcn_default_seed2048.pt,/home/hansel/Documents/ITProject/Python/PatchTST/experiments/results/baselines/beijing/168h_12h/raw_metrics.csv,"{""ks"": 7, ""layers"": [25, 25, 25, 25, 25, 25, 25, 25]}",eligible,False
beijing,168,12,1013,2048,center_tcn,matched,center_tcn_matched,,,,{},not_in_protocol_coverage,False
beijing,168,12,1013,2048,center_mlp,default,center_mlp_default,,,,{},not_in_protocol_coverage,False
beijing,168,12,1013,2048,center_mlp,matched,center_mlp_matched,,,,{},not_in_protocol_coverage,False
beijing,168,12,1013,2048,center_resnet,default,center_resnet_default,,,,{},not_in_protocol_coverage,False
beijing,168,12,1013,2048,center_resnet,matched,center_resnet_matched,,,,{},not_in_protocol_coverage,False
beijing,168,12,1013,2048,center_tst,default,center_tst_default,,,,{},not_in_protocol_coverage,False
beijing,168,12,1013,2048,center_tst,matched,center_tst_matched,,,,{},not_in_protocol_coverage,False
beijing,168,12,1013,2048,degraded_patchtst,protocol,degraded_patchtst,0.760421872138977,/home/hansel/.herdr/worktrees/PatchTST/experiment-beijing-leakfree-coverage-ablation/experiments/results/beijing_leakfree_coverage/168h_12h/checkpoints/degraded_patchtst_seed2048.pt,experiments/results/beijing_leakfree_coverage/168h_12h/raw_metrics.csv,{},eligible,True
beijing,168,12,1013,2049,center_gru,default,center_gru_default,,/home/hansel/Documents/ITProject/Python/PatchTST/experiments/results/baselines/beijing/168h_12h/checkpoints/center_gru_default_seed2049.pt,/home/hansel/Documents/ITProject/Python/PatchTST/experiments/results/baselines/beijing/168h_12h/raw_metrics.csv,"{""hidden_size"": 100}",source_nonfinite,False
beijing,168,12,1013,2049,center_gru,matched,center_gru_matched,,,,{},not_in_protocol_coverage,False
beijing,168,12,1013,2049,center_lstm,default,center_lstm_default,,/home/hansel/Documents/ITProject/Python/PatchTST/experiments/results/baselines/beijing/168h_12h/checkpoints/center_lstm_default_seed2049.pt,/home/hansel/Documents/ITProject/Python/PatchTST/experiments/results/baselines/beijing/168h_12h/raw_metrics.csv,"{""hidden_size"": 100}",source_nonfinite,False
beijing,168,12,1013,2049,center_lstm,matched,center_lstm_matched,,,,{},not_in_protocol_coverage,False
beijing,168,12,1013,2049,center_tcn,default,center_tcn_default,1.05241060256958,/home/hansel/Documents/ITProject/Python/PatchTST/experiments/results/baselines/beijing/168h_12h/checkpoints/center_tcn_default_seed2049.pt,/home/hansel/Documents/ITProject/Python/PatchTST/experiments/results/baselines/beijing/168h_12h/raw_metrics.csv,"{""ks"": 7, ""layers"": [25, 25, 25, 25, 25, 25, 25, 25]}",eligible,False
beijing,168,12,1013,2049,center_tcn,matched,center_tcn_matched,,,,{},not_in_protocol_coverage,False
beijing,168,12,1013,2049,center_mlp,default,center_mlp_default,,,,{},not_in_protocol_coverage,False
beijing,168,12,1013,2049,center_mlp,matched,center_mlp_matched,,,,{},not_in_protocol_coverage,False
beijing,168,12,1013,2049,center_resnet,default,center_resnet_default,,,,{},not_in_protocol_coverage,False
beijing,168,12,1013,2049,center_resnet,matched,center_resnet_matched,,,,{},not_in_protocol_coverage,False
beijing,168,12,1013,2049,center_tst,default,center_tst_default,,,,{},not_in_protocol_coverage,False
beijing,168,12,1013,2049,center_tst,matched,center_tst_matched,,,,{},not_in_protocol_coverage,False
beijing,168,12,1013,2049,degraded_patchtst,protocol,degraded_patchtst,0.7636581063270569,/home/hansel/.herdr/worktrees/PatchTST/experiment-beijing-leakfree-coverage-ablation/experiments/results/beijing_leakfree_coverage/168h_12h/checkpoints/degraded_patchtst_seed2049.pt,experiments/results/beijing_leakfree_coverage/168h_12h/raw_metrics.csv,{},eligible,True
beijing,168,24,1013,2047,center_gru,default,center_gru_default,1.2095681428909302,/home/hansel/Documents/ITProject/Python/PatchTST/experiments/results/baselines/beijing/168h_24h/checkpoints/center_gru_default_seed2047.pt,/home/hansel/Documents/ITProject/Python/PatchTST/experiments/results/baselines/beijing/168h_24h/raw_metrics.csv,"{""hidden_size"": 100}",eligible,False
beijing,168,24,1013,2047,center_gru,matched,center_gru_matched,,,,{},not_in_protocol_coverage,False
beijing,168,24,1013,2047,center_lstm,default,center_lstm_default,,/home/hansel/Documents/ITProject/Python/PatchTST/experiments/results/baselines/beijing/168h_24h/checkpoints/center_lstm_default_seed2047.pt,/home/hansel/Documents/ITProject/Python/PatchTST/experiments/results/baselines/beijing/168h_24h/raw_metrics.csv,"{""hidden_size"": 100}",source_nonfinite,False
beijing,168,24,1013,2047,center_lstm,matched,center_lstm_matched,,,,{},not_in_protocol_coverage,False
beijing,168,24,1013,2047,center_tcn,default,center_tcn_default,,/home/hansel/Documents/ITProject/Python/PatchTST/experiments/results/baselines/beijing/168h_24h/checkpoints/center_tcn_default_seed2047.pt,/home/hansel/Documents/ITProject/Python/PatchTST/experiments/results/baselines/beijing/168h_24h/raw_metrics.csv,"{""ks"": 7, ""layers"": [25, 25, 25, 25, 25, 25, 25, 25]}",source_nonfinite,False
beijing,168,24,1013,2047,center_tcn,matched,center_tcn_matched,,,,{},not_in_protocol_coverage,False
beijing,168,24,1013,2047,center_mlp,default,center_mlp_default,,,,{},not_in_protocol_coverage,False
beijing,168,24,1013,2047,center_mlp,matched,center_mlp_matched,,,,{},not_in_protocol_coverage,False
beijing,168,24,1013,2047,center_resnet,default,center_resnet_default,,,,{},not_in_protocol_coverage,False
beijing,168,24,1013,2047,center_resnet,matched,center_resnet_matched,,,,{},not_in_protocol_coverage,False
beijing,168,24,1013,2047,center_tst,default,center_tst_default,,,,{},not_in_protocol_coverage,False
beijing,168,24,1013,2047,center_tst,matched,center_tst_matched,,,,{},not_in_protocol_coverage,False
beijing,168,24,1013,2047,degraded_patchtst,protocol,degraded_patchtst,1.095758080482483,/home/hansel/.herdr/worktrees/PatchTST/experiment-beijing-leakfree-coverage-ablation/experiments/results/beijing_leakfree_coverage/168h_24h/checkpoints/degraded_patchtst_seed2047.pt,experiments/results/beijing_leakfree_coverage/168h_24h/raw_metrics.csv,{},eligible,True
beijing,168,24,1013,2048,center_gru,default,center_gru_default,,/home/hansel/Documents/ITProject/Python/PatchTST/experiments/results/baselines/beijing/168h_24h/checkpoints/center_gru_default_seed2048.pt,/home/hansel/Documents/ITProject/Python/PatchTST/experiments/results/baselines/beijing/168h_24h/raw_metrics.csv,"{""hidden_size"": 100}",source_nonfinite,False
beijing,168,24,1013,2048,center_gru,matched,center_gru_matched,,,,{},not_in_protocol_coverage,False
beijing,168,24,1013,2048,center_lstm,default,center_lstm_default,,/home/hansel/Documents/ITProject/Python/PatchTST/experiments/results/baselines/beijing/168h_24h/checkpoints/center_lstm_default_seed2048.pt,/home/hansel/Documents/ITProject/Python/PatchTST/experiments/results/baselines/beijing/168h_24h/raw_metrics.csv,"{""hidden_size"": 100}",source_nonfinite,False
beijing,168,24,1013,2048,center_lstm,matched,center_lstm_matched,,,,{},not_in_protocol_coverage,False
beijing,168,24,1013,2048,center_tcn,default,center_tcn_default,,/home/hansel/Documents/ITProject/Python/PatchTST/experiments/results/baselines/beijing/168h_24h/checkpoints/center_tcn_default_seed2048.pt,/home/hansel/Documents/ITProject/Python/PatchTST/experiments/results/baselines/beijing/168h_24h/raw_metrics.csv,"{""ks"": 7, ""layers"": [25, 25, 25, 25, 25, 25, 25, 25]}",source_nonfinite,False
beijing,168,24,1013,2048,center_tcn,matched,center_tcn_matched,,,,{},not_in_protocol_coverage,False
beijing,168,24,1013,2048,center_mlp,default,center_mlp_default,,,,{},not_in_protocol_coverage,False
beijing,168,24,1013,2048,center_mlp,matched,center_mlp_matched,,,,{},not_in_protocol_coverage,False
beijing,168,24,1013,2048,center_resnet,default,center_resnet_default,,,,{},not_in_protocol_coverage,False
beijing,168,24,1013,2048,center_resnet,matched,center_resnet_matched,,,,{},not_in_protocol_coverage,False
beijing,168,24,1013,2048,center_tst,default,center_tst_default,,,,{},not_in_protocol_coverage,False
beijing,168,24,1013,2048,center_tst,matched,center_tst_matched,,,,{},not_in_protocol_coverage,False
beijing,168,24,1013,2048,degraded_patchtst,protocol,degraded_patchtst,1.1353428363800049,/home/hansel/.herdr/worktrees/PatchTST/experiment-beijing-leakfree-coverage-ablation/experiments/results/beijing_leakfree_coverage/168h_24h/checkpoints/degraded_patchtst_seed2048.pt,experiments/results/beijing_leakfree_coverage/168h_24h/raw_metrics.csv,{},eligible,True
beijing,168,24,1013,2049,center_gru,default,center_gru_default,,/home/hansel/Documents/ITProject/Python/PatchTST/experiments/results/baselines/beijing/168h_24h/checkpoints/center_gru_default_seed2049.pt,/home/hansel/Documents/ITProject/Python/PatchTST/experiments/results/baselines/beijing/168h_24h/raw_metrics.csv,"{""hidden_size"": 100}",source_nonfinite,False
beijing,168,24,1013,2049,center_gru,matched,center_gru_matched,,,,{},not_in_protocol_coverage,False
beijing,168,24,1013,2049,center_lstm,default,center_lstm_default,,/home/hansel/Documents/ITProject/Python/PatchTST/experiments/results/baselines/beijing/168h_24h/checkpoints/center_lstm_default_seed2049.pt,/home/hansel/Documents/ITProject/Python/PatchTST/experiments/results/baselines/beijing/168h_24h/raw_metrics.csv,"{""hidden_size"": 100}",source_nonfinite,False
beijing,168,24,1013,2049,center_lstm,matched,center_lstm_matched,,,,{},not_in_protocol_coverage,False
beijing,168,24,1013,2049,center_tcn,default,center_tcn_default,1.5630260705947876,/home/hansel/Documents/ITProject/Python/PatchTST/experiments/results/baselines/beijing/168h_24h/checkpoints/center_tcn_default_seed2049.pt,/home/hansel/Documents/ITProject/Python/PatchTST/experiments/results/baselines/beijing/168h_24h/raw_metrics.csv,"{""ks"": 7, ""layers"": [25, 25, 25, 25, 25, 25, 25, 25]}",eligible,False
beijing,168,24,1013,2049,center_tcn,matched,center_tcn_matched,,,,{},not_in_protocol_coverage,False
beijing,168,24,1013,2049,center_mlp,default,center_mlp_default,,,,{},not_in_protocol_coverage,False
beijing,168,24,1013,2049,center_mlp,matched,center_mlp_matched,,,,{},not_in_protocol_coverage,False
beijing,168,24,1013,2049,center_resnet,default,center_resnet_default,,,,{},not_in_protocol_coverage,False
beijing,168,24,1013,2049,center_resnet,matched,center_resnet_matched,,,,{},not_in_protocol_coverage,False
beijing,168,24,1013,2049,center_tst,default,center_tst_default,,,,{},not_in_protocol_coverage,False
beijing,168,24,1013,2049,center_tst,matched,center_tst_matched,,,,{},not_in_protocol_coverage,False
beijing,168,24,1013,2049,degraded_patchtst,protocol,degraded_patchtst,1.1379828453063965,/home/hansel/.herdr/worktrees/PatchTST/experiment-beijing-leakfree-coverage-ablation/experiments/results/beijing_leakfree_coverage/168h_24h/checkpoints/degraded_patchtst_seed2049.pt,experiments/results/beijing_leakfree_coverage/168h_24h/raw_metrics.csv,{},eligible,True
